.model_row_id,site,participant_key,local_date,value,response_value,photoperiod_hours,photoperiod_centered_hours,latitude_deg,absolute_latitude_10deg_centered,metric_support_available,metric_support_valid_minutes,metric_support_expected_minutes,metric_any_censored
BAUA::BAUA_S001::2025-06-11,BAUA,BAUA::BAUA_S001,2025-06-11,42664.99249999999,4.630072691541282,18.13485554655393,3.990864910961955,51.498204,1.3409768196470289,FALSE,,,
BAUA::BAUA_S001::2025-06-12,BAUA,BAUA::BAUA_S001,2025-06-12,7532.853055555554,3.876965260970789,18.15373947189914,4.009748836307166,51.498204,1.3409768196470289,FALSE,,,
BAUA::BAUA_S001::2025-06-13,BAUA,BAUA::BAUA_S001,2025-06-13,43145.95752777784,4.634941118193647,18.170627665254806,4.026637029662831,51.498204,1.3409768196470289,FALSE,,,
BAUA::BAUA_S001::2025-06-14,BAUA,BAUA::BAUA_S001,2025-06-14,19486.81038888889,4.2897429880441935,18.18549463795291,4.041504002360936,51.498204,1.3409768196470289,FALSE,,,
BAUA::BAUA_S001::2025-06-15,BAUA,BAUA::BAUA_S001,2025-06-15,16.878611111111116,1.2299021610875116,18.198317792680527,4.054327157088553,51.498204,1.3409768196470289,FALSE,,,
BAUA::BAUA_S001::2025-06-16,BAUA,BAUA::BAUA_S001,2025-06-16,11423.137694444453,4.057789213677327,18.20907755719291,4.065086921600935,51.498204,1.3409768196470289,FALSE,,,
BAUA::BAUA_S002::2025-06-11,BAUA,BAUA::BAUA_S002,2025-06-11,39870.0431666667,4.60064779514024,18.13485554655393,3.990864910961955,51.498204,1.3409768196470289,FALSE,,,
BAUA::BAUA_S002::2025-06-12,BAUA,BAUA::BAUA_S002,2025-06-12,47745.018833333226,4.678928978598177,18.15373947189914,4.009748836307166,51.498204,1.3409768196470289,FALSE,,,
BAUA::BAUA_S002::2025-06-13,BAUA,BAUA::BAUA_S002,2025-06-13,35265.76269444444,4.5473545122797026,18.170627665254806,4.026637029662831,51.498204,1.3409768196470289,FALSE,,,
BAUA::BAUA_S002::2025-06-14,BAUA,BAUA::BAUA_S002,2025-06-14,50417.778222222216,4.702584564946733,18.18549463795291,4.041504002360936,51.498204,1.3409768196470289,FALSE,,,
BAUA::BAUA_S002::2025-06-15,BAUA,BAUA::BAUA_S002,2025-06-15,13234.14619444444,4.121699209489545,18.198317792680527,4.054327157088553,51.498204,1.3409768196470289,FALSE,,,
BAUA::BAUA_S002::2025-06-16,BAUA,BAUA::BAUA_S002,2025-06-16,11053.152416666644,4.043490087865106,18.20907755719291,4.065086921600935,51.498204,1.3409768196470289,FALSE,,,
BAUA::BAUA_S003::2025-06-11,BAUA,BAUA::BAUA_S003,2025-06-11,15547.695722222203,4.191668825933085,18.13485554655393,3.990864910961955,51.498204,1.3409768196470289,FALSE,,,
BAUA::BAUA_S003::2025-06-12,BAUA,BAUA::BAUA_S003,2025-06-12,16795.57191666666,4.225197382626244,18.15373947189914,4.009748836307166,51.498204,1.3409768196470289,FALSE,,,
BAUA::BAUA_S003::2025-06-13,BAUA,BAUA::BAUA_S003,2025-06-13,18115.600055555537,4.258055121389618,18.170627665254806,4.026637029662831,51.498204,1.3409768196470289,FALSE,,,
BAUA::BAUA_S003::2025-06-14,BAUA,BAUA::BAUA_S003,2025-06-14,1447.1596666666671,3.160546459027213,18.18549463795291,4.041504002360936,51.498204,1.3409768196470289,FALSE,,,
BAUA::BAUA_S003::2025-06-15,BAUA,BAUA::BAUA_S003,2025-06-15,5281.823083333331,3.7227920726135935,18.198317792680527,4.054327157088553,51.498204,1.3409768196470289,FALSE,,,
BAUA::BAUA_S003::2025-06-16,BAUA,BAUA::BAUA_S003,2025-06-16,211.15688888888903,2.3248108797881226,18.20907755719291,4.065086921600935,51.498204,1.3409768196470289,FALSE,,,
BAUA::BAUA_S004::2025-06-11,BAUA,BAUA::BAUA_S004,2025-06-11,26661.318638888904,4.4258832542544955,18.13485554655393,3.990864910961955,51.498204,1.3409768196470289,FALSE,,,
BAUA::BAUA_S004::2025-06-12,BAUA,BAUA::BAUA_S004,2025-06-12,16323.037805555557,4.212803647104751,18.15373947189914,4.009748836307166,51.498204,1.3409768196470289,FALSE,,,
BAUA::BAUA_S004::2025-06-13,BAUA,BAUA::BAUA_S004,2025-06-13,9267.352555555535,3.966960371349762,18.170627665254806,4.026637029662831,51.498204,1.3409768196470289,FALSE,,,
BAUA::BAUA_S004::2025-06-14,BAUA,BAUA::BAUA_S004,2025-06-14,37816.75422222226,4.577685399423043,18.18549463795291,4.041504002360936,51.498204,1.3409768196470289,FALSE,,,
BAUA::BAUA_S004::2025-06-15,BAUA,BAUA::BAUA_S004,2025-06-15,2106.601138888889,3.323602930037439,18.198317792680527,4.054327157088553,51.498204,1.3409768196470289,FALSE,,,
BAUA::BAUA_S004::2025-06-16,BAUA,BAUA::BAUA_S004,2025-06-16,16978.425999999996,4.22989998403202,18.20907755719291,4.065086921600935,51.498204,1.3409768196470289,FALSE,,,
BAUA::BAUA_S005::2025-06-11,BAUA,BAUA::BAUA_S005,2025-06-11,4561.128138888892,3.659081794885684,18.13485554655393,3.990864910961955,51.498204,1.3409768196470289,FALSE,,,
BAUA::BAUA_S005::2025-06-12,BAUA,BAUA::BAUA_S005,2025-06-12,33217.314666666665,4.521365828004196,18.15373947189914,4.009748836307166,51.498204,1.3409768196470289,FALSE,,,
BAUA::BAUA_S005::2025-06-13,BAUA,BAUA::BAUA_S005,2025-06-13,4111.333888888894,3.613993311274838,18.170627665254806,4.026637029662831,51.498204,1.3409768196470289,FALSE,,,
BAUA::BAUA_S005::2025-06-14,BAUA,BAUA::BAUA_S005,2025-06-14,14346.063888888899,4.156735787856838,18.18549463795291,4.041504002360936,51.498204,1.3409768196470289,FALSE,,,
BAUA::BAUA_S005::2025-06-15,BAUA,BAUA::BAUA_S005,2025-06-15,308.68224999999984,2.489652327451868,18.198317792680527,4.054327157088553,51.498204,1.3409768196470289,FALSE,,,
BAUA::BAUA_S006::2025-06-11,BAUA,BAUA::BAUA_S006,2025-06-11,48389.279111111115,4.684750049669106,18.13485554655393,3.990864910961955,51.498204,1.3409768196470289,FALSE,,,
BAUA::BAUA_S006::2025-06-12,BAUA,BAUA::BAUA_S006,2025-06-12,14792.789083333355,4.170053000935187,18.15373947189914,4.009748836307166,51.498204,1.3409768196470289,FALSE,,,
BAUA::BAUA_S006::2025-06-13,BAUA,BAUA::BAUA_S006,2025-06-13,74317.85258333337,4.871093736588269,18.170627665254806,4.026637029662831,51.498204,1.3409768196470289,FALSE,,,
BAUA::BAUA_S006::2025-06-15,BAUA,BAUA::BAUA_S006,2025-06-15,6.572777777777777,0.8243066618668248,18.198317792680527,4.054327157088553,51.498204,1.3409768196470289,FALSE,,,
BAUA::BAUA_S006::2025-06-16,BAUA,BAUA::BAUA_S006,2025-06-16,10952.733055555567,4.039526468149299,18.20907755719291,4.065086921600935,51.498204,1.3409768196470289,FALSE,,,
BAUA::BAUA_S009::2025-06-25,BAUA,BAUA::BAUA_S009,2025-06-25,111759.01566666679,5.0482829566117955,18.211450270281897,4.067459634689923,51.498204,1.3409768196470289,FALSE,,,
BAUA::BAUA_S009::2025-06-26,BAUA,BAUA::BAUA_S009,2025-06-26,22292.969388888916,4.348169867802162,18.201224926577673,4.057234290985699,51.498204,1.3409768196470289,FALSE,,,
BAUA::BAUA_S009::2025-06-27,BAUA,BAUA::BAUA_S009,2025-06-27,25888.543333333324,4.413109292293317,18.188940423462125,4.04494978787015,51.498204,1.3409768196470289,FALSE,,,
BAUA::BAUA_S009::2025-06-28,BAUA,BAUA::BAUA_S009,2025-06-28,31946.41663888891,4.50442351078919,18.174617048899332,4.030626413307358,51.498204,1.3409768196470289,FALSE,,,
BAUA::BAUA_S009::2025-06-29,BAUA,BAUA::BAUA_S009,2025-06-29,135635.774638889,5.132374572253114,18.15827808989419,4.014287454302215,51.498204,1.3409768196470289,FALSE,,,
BAUA::BAUA_S009::2025-06-30,BAUA,BAUA::BAUA_S009,2025-06-30,53574.22575000004,4.728956714013502,18.13994969639513,3.995959060803157,51.498204,1.3409768196470289,FALSE,,,
BAUA::BAUA_S012::2025-07-16,BAUA,BAUA::BAUA_S012,2025-07-16,1169.3250277777765,3.0679723842759095,17.605919546220036,3.461928910628062,51.498204,1.3409768196470289,FALSE,,,
BAUA::BAUA_S012::2025-07-17,BAUA,BAUA::BAUA_S012,2025-07-17,4396.0422499999995,3.6430717368430203,17.559705352187155,3.415714716595181,51.498204,1.3409768196470289,FALSE,,,
BAUA::BAUA_S012::2025-07-18,BAUA,BAUA::BAUA_S012,2025-07-18,9457.643500000007,3.975787531497428,17.51226164135668,3.368271005764706,51.498204,1.3409768196470289,FALSE,,,
BAUA::BAUA_S012::2025-07-19,BAUA,BAUA::BAUA_S012,2025-07-19,1016.0046388888893,3.006938434081789,17.463635578751564,3.31964494315959,51.498204,1.3409768196470289,FALSE,,,
BAUA::BAUA_S012::2025-07-20,BAUA,BAUA::BAUA_S012,2025-07-20,53309.814388888895,4.726807985086153,17.413873874545096,3.2698832389531223,51.498204,1.3409768196470289,FALSE,,,
BAUA::BAUA_S012::2025-07-21,BAUA,BAUA::BAUA_S012,2025-07-21,12024.195722222217,4.080059648629249,17.36302268412378,3.2190320485318065,51.498204,1.3409768196470289,FALSE,,,
BAUA::BAUA_S013::2025-07-16,BAUA,BAUA::BAUA_S013,2025-07-16,1896.2942777777776,3.2779286361990785,17.605919546220036,3.461928910628062,51.498204,1.3409768196470289,FALSE,,,
BAUA::BAUA_S013::2025-07-17,BAUA,BAUA::BAUA_S013,2025-07-17,6107.426972222217,3.7858653935924917,17.559705352187155,3.415714716595181,51.498204,1.3409768196470289,FALSE,,,
BAUA::BAUA_S013::2025-07-18,BAUA,BAUA::BAUA_S013,2025-07-18,25547.776277777786,4.407354804307284,17.51226164135668,3.368271005764706,51.498204,1.3409768196470289,FALSE,,,
BAUA::BAUA_S013::2025-07-19,BAUA,BAUA::BAUA_S013,2025-07-19,33270.65058333335,4.522062598600199,17.463635578751564,3.31964494315959,51.498204,1.3409768196470289,FALSE,,,
BAUA::BAUA_S013::2025-07-20,BAUA,BAUA::BAUA_S013,2025-07-20,11045.431416666674,4.0431866152526315,17.413873874545096,3.2698832389531223,51.498204,1.3409768196470289,FALSE,,,
BAUA::BAUA_S013::2025-07-21,BAUA,BAUA::BAUA_S013,2025-07-21,10951.072388888882,4.0394606155021355,17.36302268412378,3.2190320485318065,51.498204,1.3409768196470289,FALSE,,,
BAUA::BAUA_S014::2025-07-16,BAUA,BAUA::BAUA_S014,2025-07-16,10073.39277777776,4.003180079402573,17.605919546220036,3.461928910628062,51.498204,1.3409768196470289,FALSE,,,
BAUA::BAUA_S014::2025-07-17,BAUA,BAUA::BAUA_S014,2025-07-17,12011.523305555547,4.0796017039062455,17.559705352187155,3.415714716595181,51.498204,1.3409768196470289,FALSE,,,
BAUA::BAUA_S014::2025-07-18,BAUA,BAUA::BAUA_S014,2025-07-18,19539.323138888914,4.290911737924438,17.51226164135668,3.368271005764706,51.498204,1.3409768196470289,FALSE,,,
BAUA::BAUA_S014::2025-07-19,BAUA,BAUA::BAUA_S014,2025-07-19,15878.716138888889,4.200818120036059,17.463635578751564,3.31964494315959,51.498204,1.3409768196470289,FALSE,,,
BAUA::BAUA_S014::2025-07-20,BAUA,BAUA::BAUA_S014,2025-07-20,37988.68638888892,4.579655419560838,17.413873874545096,3.2698832389531223,51.498204,1.3409768196470289,FALSE,,,
BAUA::BAUA_S014::2025-07-21,BAUA,BAUA::BAUA_S014,2025-07-21,10864.077638888886,4.0359968580924,17.36302268412378,3.2190320485318065,51.498204,1.3409768196470289,FALSE,,,
BAUA::BAUA_S015::2025-07-23,BAUA,BAUA::BAUA_S015,2025-07-23,35704.67555555559,4.552726307392861,17.25823315329022,3.114242517698246,51.498204,1.3409768196470289,FALSE,,,
BAUA::BAUA_S015::2025-07-24,BAUA,BAUA::BAUA_S015,2025-07-24,2151.932916666666,3.3328489098462875,17.20438357512156,3.060392939529587,51.498204,1.3409768196470289,FALSE,,,
BAUA::BAUA_S015::2025-07-26,BAUA,BAUA::BAUA_S015,2025-07-26,5504.577666666667,3.7407318933919678,17.093990320430862,2.949999684838888,51.498204,1.3409768196470289,FALSE,,,
BAUA::BAUA_S015::2025-07-27,BAUA,BAUA::BAUA_S015,2025-07-27,2672.2341944444415,3.426890768821249,17.037530069549877,2.893539433957903,51.498204,1.3409768196470289,FALSE,,,
BAUA::BAUA_S015::2025-07-28,BAUA,BAUA::BAUA_S015,2025-07-28,1784.7554166666664,3.2516030415759345,16.98028136703703,2.8362907314450556,51.498204,1.3409768196470289,FALSE,,,
BAUA::BAUA_S016::2025-07-23,BAUA,BAUA::BAUA_S016,2025-07-23,3619.69652777778,3.5586841591113765,17.25823315329022,3.114242517698246,51.498204,1.3409768196470289,FALSE,,,
BAUA::BAUA_S016::2025-07-24,BAUA,BAUA::BAUA_S016,2025-07-24,1458.2143611111119,3.1638511526375153,17.20438357512156,3.060392939529587,51.498204,1.3409768196470289,FALSE,,,
BAUA::BAUA_S016::2025-07-25,BAUA,BAUA::BAUA_S016,2025-07-25,3527.4087500000014,3.547468099696975,17.14962189859814,3.0056312630061672,51.498204,1.3409768196470289,FALSE,,,
BAUA::BAUA_S016::2025-07-26,BAUA,BAUA::BAUA_S016,2025-07-26,732.9030000000002,2.8651057521046743,17.093990320430862,2.949999684838888,51.498204,1.3409768196470289,FALSE,,,
BAUA::BAUA_S016::2025-07-27,BAUA,BAUA::BAUA_S016,2025-07-27,2025.8872777777788,3.3066367138730985,17.037530069549877,2.893539433957903,51.498204,1.3409768196470289,FALSE,,,
BAUA::BAUA_S016::2025-07-28,BAUA,BAUA::BAUA_S016,2025-07-28,912.4015555555561,2.9602336134776834,16.98028136703703,2.8362907314450556,51.498204,1.3409768196470289,FALSE,,,
BAUA::BAUA_S018::2025-09-09,BAUA,BAUA::BAUA_S018,2025-09-09,2156.63963888889,3.333797720337279,14.173865788976352,0.02987515338437774,51.498204,1.3409768196470289,FALSE,,,
BAUA::BAUA_S018::2025-09-10,BAUA,BAUA::BAUA_S018,2025-09-10,2561.4934166666667,3.408510198433355,14.106545170876714,-0.03744546471526,51.498204,1.3409768196470289,FALSE,,,
BAUA::BAUA_S018::2025-09-11,BAUA,BAUA::BAUA_S018,2025-09-11,5387.362083333323,3.731384226638476,14.039288122190369,-0.1047025134016053,51.498204,1.3409768196470289,FALSE,,,
BAUA::BAUA_S018::2025-09-12,BAUA,BAUA::BAUA_S018,2025-09-12,1263.4960000000017,3.101608242446251,13.972100253105163,-0.17189038248681143,51.498204,1.3409768196470289,FALSE,,,
BAUA::BAUA_S018::2025-09-13,BAUA,BAUA::BAUA_S018,2025-09-13,1638.2608055555552,3.2144095498093175,13.904986972941293,-0.2390036626506813,51.498204,1.3409768196470289,FALSE,,,
BAUA::BAUA_S018::2025-09-14,BAUA,BAUA::BAUA_S018,2025-09-14,85.61869444444454,1.9330755478120285,13.837953510483105,-0.30603712510886893,51.498204,1.3409768196470289,FALSE,,,
BAUA::BAUA_S022::2025-09-24,BAUA,BAUA::BAUA_S022,2025-09-24,6711.349055555553,3.8268162979468743,13.17307060652309,-0.9709200290688837,51.498204,1.3409768196470289,FALSE,,,
BAUA::BAUA_S022::2025-09-25,BAUA,BAUA::BAUA_S022,2025-09-25,1884.5426944444432,3.2752290253429064,13.107228702041837,-1.036761933550137,51.498204,1.3409768196470289,FALSE,,,
BAUA::BAUA_S022::2025-09-26,BAUA,BAUA::BAUA_S022,2025-09-26,18103.94572222223,4.25777563776968,13.041522514886326,-1.1024681207056481,51.498204,1.3409768196470289,FALSE,,,
BAUA::BAUA_S022::2025-09-27,BAUA,BAUA::BAUA_S022,2025-09-27,10875.451472222201,4.036451288180299,12.975956710047193,-1.1680339255447816,51.498204,1.3409768196470289,FALSE,,,
BAUA::BAUA_S022::2025-09-28,BAUA,BAUA::BAUA_S022,2025-09-28,70424.52463888898,4.847724540887578,12.910536039935218,-1.233454595656756,51.498204,1.3409768196470289,FALSE,,,
BAUA::BAUA_S022::2025-09-29,BAUA,BAUA::BAUA_S022,2025-09-29,27578.359527777808,4.440570003780722,12.845265362262726,-1.2987252733292483,51.498204,1.3409768196470289,FALSE,,,
BAUA::BAUA_S024::2025-10-14,BAUA,BAUA::BAUA_S024,2025-10-14,412.1868888888882,2.6151995240476715,11.888039366337988,-2.255951269253986,51.498204,1.3409768196470289,FALSE,,,
BAUA::BAUA_S024::2025-10-15,BAUA,BAUA::BAUA_S024,2025-10-15,402.17941666666667,2.604527811699331,11.825984905560812,-2.318005730031162,51.498204,1.3409768196470289,FALSE,,,
BAUA::BAUA_S024::2025-10-16,BAUA,BAUA::BAUA_S024,2025-10-16,615.5994444444451,2.789368761720732,11.764196532567341,-2.379794103024633,51.498204,1.3409768196470289,FALSE,,,
BAUA::BAUA_S024::2025-10-17,BAUA,BAUA::BAUA_S024,2025-10-17,357.8576388888891,2.553831634785404,11.702684059407975,-2.441306576183999,51.498204,1.3409768196470289,FALSE,,,
BAUA::BAUA_S024::2025-10-18,BAUA,BAUA::BAUA_S024,2025-10-18,7691.463916666666,3.88601465336753,11.641457739075024,-2.50253289651695,51.498204,1.3409768196470289,FALSE,,,
BAUA::BAUA_S024::2025-10-19,BAUA,BAUA::BAUA_S024,2025-10-19,11060.389638888908,4.043774353258068,11.580528282059564,-2.56346235353241,51.498204,1.3409768196470289,FALSE,,,
BAUA::BAUA_S025::2025-10-14,BAUA,BAUA::BAUA_S025,2025-10-14,1855.2058888888876,3.268415523064059,11.888039366337988,-2.255951269253986,51.498204,1.3409768196470289,FALSE,,,
BAUA::BAUA_S025::2025-10-15,BAUA,BAUA::BAUA_S025,2025-10-15,2690.2126944444435,3.429802760886925,11.825984905560812,-2.318005730031162,51.498204,1.3409768196470289,FALSE,,,
BAUA::BAUA_S025::2025-10-16,BAUA,BAUA::BAUA_S025,2025-10-16,404.87791666666686,2.6074313419028363,11.764196532567341,-2.379794103024633,51.498204,1.3409768196470289,FALSE,,,
BAUA::BAUA_S025::2025-10-17,BAUA,BAUA::BAUA_S025,2025-10-17,4558.212166666664,3.6588040636303303,11.702684059407975,-2.441306576183999,51.498204,1.3409768196470289,FALSE,,,
BAUA::BAUA_S025::2025-10-18,BAUA,BAUA::BAUA_S025,2025-10-18,4841.291138888891,3.684970170969539,11.641457739075024,-2.50253289651695,51.498204,1.3409768196470289,FALSE,,,
BAUA::BAUA_S025::2025-10-19,BAUA,BAUA::BAUA_S025,2025-10-19,7061.516916666667,3.8489041539676054,11.580528282059564,-2.56346235353241,51.498204,1.3409768196470289,FALSE,,,
FUSPCEU::FUSPCEU_S003::2024-10-08,FUSPCEU,FUSPCEU::FUSPCEU_S003,2024-10-08,2723.2549166666686,3.4351042437290658,12.348446626994345,-1.7955440085976289,40.4165,0.2328064196470283,FALSE,,,
FUSPCEU::FUSPCEU_S003::2024-10-09,FUSPCEU,FUSPCEU::FUSPCEU_S003,2024-10-09,4259.0483611111085,3.6293227683408693,12.305623547832171,-1.8383670877598028,40.4165,0.2328064196470283,FALSE,,,
FUSPCEU::FUSPCEU_S003::2024-10-10,FUSPCEU,FUSPCEU::FUSPCEU_S003,2024-10-10,10244.141361111098,4.010479802182555,12.26295735961861,-1.8810332759733637,40.4165,0.2328064196470283,FALSE,,,
FUSPCEU::FUSPCEU_S003::2024-10-11,FUSPCEU,FUSPCEU::FUSPCEU_S003,2024-10-11,6675.827500000005,3.8245116116319986,12.220454689529207,-1.923535946062767,40.4165,0.2328064196470283,FALSE,,,
FUSPCEU::FUSPCEU_S003::2024-10-12,FUSPCEU,FUSPCEU::FUSPCEU_S003,2024-10-12,2491.606166666666,3.396496827024388,12.178122354679637,-1.9658682809123373,40.4165,0.2328064196470283,FALSE,,,
FUSPCEU::FUSPCEU_S003::2024-10-13,FUSPCEU,FUSPCEU::FUSPCEU_S003,2024-10-13,8984.26863888888,3.9534875632167488,12.13596737186114,-2.008023263730834,40.4165,0.2328064196470283,FALSE,,,
FUSPCEU::FUSPCEU_S004::2024-10-08,FUSPCEU,FUSPCEU::FUSPCEU_S004,2024-10-08,1951.9140833333338,3.290482946676928,12.348446626994345,-1.7955440085976289,40.4165,0.2328064196470283,FALSE,,,
FUSPCEU::FUSPCEU_S004::2024-10-09,FUSPCEU,FUSPCEU::FUSPCEU_S004,2024-10-09,1589.6623888888876,3.201332218090384,12.305623547832171,-1.8383670877598028,40.4165,0.2328064196470283,FALSE,,,
FUSPCEU::FUSPCEU_S004::2024-10-11,FUSPCEU,FUSPCEU::FUSPCEU_S004,2024-10-11,14325.342555555564,4.156108047495755,12.220454689529207,-1.923535946062767,40.4165,0.2328064196470283,FALSE,,,
FUSPCEU::FUSPCEU_S004::2024-10-12,FUSPCEU,FUSPCEU::FUSPCEU_S004,2024-10-12,281.5504722222221,2.4497104837209642,12.178122354679637,-1.9658682809123373,40.4165,0.2328064196470283,FALSE,,,
FUSPCEU::FUSPCEU_S004::2024-10-13,FUSPCEU,FUSPCEU::FUSPCEU_S004,2024-10-13,35947.43666666668,4.5556691353662515,12.13596737186114,-2.008023263730834,40.4165,0.2328064196470283,FALSE,,,
FUSPCEU::FUSPCEU_S005::2024-10-15,FUSPCEU,FUSPCEU::FUSPCEU_S005,2024-10-15,4426.915888888893,3.646111080696803,12.052218589584033,-2.091772046007941,40.4165,0.2328064196470283,FALSE,,,
FUSPCEU::FUSPCEU_S005::2024-10-16,FUSPCEU,FUSPCEU::FUSPCEU_S005,2024-10-16,946.382361111111,2.9761125247514877,12.010639912883441,-2.133350722708533,40.4165,0.2328064196470283,FALSE,,,
FUSPCEU::FUSPCEU_S005::2024-10-17,FUSPCEU,FUSPCEU::FUSPCEU_S005,2024-10-17,757.9430555555556,2.8796938735201185,11.969268852670988,-2.1747217829209866,40.4165,0.2328064196470283,FALSE,,,
FUSPCEU::FUSPCEU_S005::2024-10-18,FUSPCEU,FUSPCEU::FUSPCEU_S005,2024-10-18,22888.59227777777,4.359620980408535,11.928113571604094,-2.2158770639878806,40.4165,0.2328064196470283,FALSE,,,
FUSPCEU::FUSPCEU_S005::2024-10-19,FUSPCEU,FUSPCEU::FUSPCEU_S005,2024-10-19,7275.055222222221,3.8618422638346357,11.88718248864015,-2.2568081469518244,40.4165,0.2328064196470283,FALSE,,,
FUSPCEU::FUSPCEU_S005::2024-10-20,FUSPCEU,FUSPCEU::FUSPCEU_S005,2024-10-20,11.481222222222225,1.0637543950007968,11.846484287579854,-2.2975063480121207,40.4165,0.2328064196470283,FALSE,,,
FUSPCEU::FUSPCEU_S006::2024-10-15,FUSPCEU,FUSPCEU::FUSPCEU_S006,2024-10-15,2249.07036111111,3.3520223518733308,12.052218589584033,-2.091772046007941,40.4165,0.2328064196470283,FALSE,,,
FUSPCEU::FUSPCEU_S006::2024-10-16,FUSPCEU,FUSPCEU::FUSPCEU_S006,2024-10-16,18752.667944444464,4.273065379491883,12.010639912883441,-2.133350722708533,40.4165,0.2328064196470283,FALSE,,,
FUSPCEU::FUSPCEU_S006::2024-10-17,FUSPCEU,FUSPCEU::FUSPCEU_S006,2024-10-17,4866.936833333334,3.687264632960763,11.969268852670988,-2.1747217829209866,40.4165,0.2328064196470283,FALSE,,,
FUSPCEU::FUSPCEU_S006::2024-10-18,FUSPCEU,FUSPCEU::FUSPCEU_S006,2024-10-18,24425.700277777796,4.387848801685763,11.928113571604094,-2.2158770639878806,40.4165,0.2328064196470283,FALSE,,,
FUSPCEU::FUSPCEU_S006::2024-10-19,FUSPCEU,FUSPCEU::FUSPCEU_S006,2024-10-19,30717.91966666664,4.487393214108131,11.88718248864015,-2.2568081469518244,40.4165,0.2328064196470283,FALSE,,,
FUSPCEU::FUSPCEU_S007::2024-10-22,FUSPCEU,FUSPCEU::FUSPCEU_S007,2024-10-22,3347.5995555555537,3.5247464746440147,11.765822637412283,-2.3781679981796913,40.4165,0.2328064196470283,FALSE,,,
FUSPCEU::FUSPCEU_S007::2024-10-23,FUSPCEU,FUSPCEU::FUSPCEU_S007,2024-10-23,1733.5376666666675,3.2389583343107087,11.725877948668268,-2.418112686923706,40.4165,0.2328064196470283,FALSE,,,
FUSPCEU::FUSPCEU_S007::2024-10-24,FUSPCEU,FUSPCEU::FUSPCEU_S007,2024-10-24,5334.719527777778,3.7271197322111047,11.68620367626349,-2.457786959328484,40.4165,0.2328064196470283,FALSE,,,
FUSPCEU::FUSPCEU_S007::2024-10-25,FUSPCEU,FUSPCEU::FUSPCEU_S007,2024-10-25,3621.511305555554,3.5589018372229835,11.646809936960539,-2.4971806986314355,40.4165,0.2328064196470283,FALSE,,,
FUSPCEU::FUSPCEU_S007::2024-10-26,FUSPCEU,FUSPCEU::FUSPCEU_S007,2024-10-26,10070.056749999994,4.003036230745297,11.607707152366638,-2.5362834832253363,40.4165,0.2328064196470283,FALSE,,,
FUSPCEU::FUSPCEU_S007::2024-10-27,FUSPCEU,FUSPCEU::FUSPCEU_S007,2024-10-27,3833.5844166666643,3.583616359522424,11.568906053569581,-2.5750845820223933,40.4165,0.2328064196470283,FALSE,,,
FUSPCEU::FUSPCEU_S008::2024-10-22,FUSPCEU,FUSPCEU::FUSPCEU_S008,2024-10-22,4770.227722222226,3.67854821616037,11.765822637412283,-2.3781679981796913,40.4165,0.2328064196470283,FALSE,,,
FUSPCEU::FUSPCEU_S008::2024-10-23,FUSPCEU,FUSPCEU::FUSPCEU_S008,2024-10-23,3271.929888888889,3.5148172621509444,11.725877948668268,-2.418112686923706,40.4165,0.2328064196470283,FALSE,,,
FUSPCEU::FUSPCEU_S008::2024-10-24,FUSPCEU,FUSPCEU::FUSPCEU_S008,2024-10-24,2926.9790277777856,3.466434448045164,11.68620367626349,-2.457786959328484,40.4165,0.2328064196470283,FALSE,,,
FUSPCEU::FUSPCEU_S008::2024-10-25,FUSPCEU,FUSPCEU::FUSPCEU_S008,2024-10-25,1450.276972222222,3.161480895806005,11.646809936960539,-2.4971806986314355,40.4165,0.2328064196470283,FALSE,,,
FUSPCEU::FUSPCEU_S008::2024-10-26,FUSPCEU,FUSPCEU::FUSPCEU_S008,2024-10-26,319.67750000000007,2.5048479029073785,11.607707152366638,-2.5362834832253363,40.4165,0.2328064196470283,FALSE,,,
FUSPCEU::FUSPCEU_S008::2024-10-27,FUSPCEU,FUSPCEU::FUSPCEU_S008,2024-10-27,174.7375555555557,2.2426347258881094,11.568906053569581,-2.5750845820223933,40.4165,0.2328064196470283,FALSE,,,
FUSPCEU::FUSPCEU_S009::2024-11-04,FUSPCEU,FUSPCEU::FUSPCEU_S009,2024-11-04,2697.90466666667,3.4310426965241105,11.270750055644248,-2.8732405799477263,40.4165,0.2328064196470283,FALSE,,,
FUSPCEU::FUSPCEU_S009::2024-11-05,FUSPCEU,FUSPCEU::FUSPCEU_S009,2024-11-05,2919.81652777778,3.465370436364972,11.235199311110708,-2.9087913244812658,40.4165,0.2328064196470283,FALSE,,,
FUSPCEU::FUSPCEU_S009::2024-11-06,FUSPCEU,FUSPCEU::FUSPCEU_S009,2024-11-06,2379.3767222222214,3.376481460569998,11.200074996153514,-2.94391563943846,40.4165,0.2328064196470283,FALSE,,,
FUSPCEU::FUSPCEU_S009::2024-11-07,FUSPCEU,FUSPCEU::FUSPCEU_S009,2024-11-07,3612.7391111111174,3.5578486217638616,11.165391299592125,-2.9785993359998493,40.4165,0.2328064196470283,FALSE,,,
FUSPCEU::FUSPCEU_S009::2024-11-08,FUSPCEU,FUSPCEU::FUSPCEU_S009,2024-11-08,8140.750861111115,3.9106697986206362,11.131162701845168,-3.012827933746806,40.4165,0.2328064196470283,FALSE,,,
FUSPCEU::FUSPCEU_S009::2024-11-09,FUSPCEU,FUSPCEU::FUSPCEU_S009,2024-11-09,2298.2756944444445,3.36142102030008,11.097403965526157,-3.0465866700658175,40.4165,0.2328064196470283,FALSE,,,
FUSPCEU::FUSPCEU_S009::2024-11-10,FUSPCEU,FUSPCEU::FUSPCEU_S009,2024-11-10,8798.494694444445,3.9444133124700285,11.06413012444973,-3.079860511142245,40.4165,0.2328064196470283,FALSE,,,
FUSPCEU::FUSPCEU_S010::2024-11-04,FUSPCEU,FUSPCEU::FUSPCEU_S010,2024-11-04,678.4405555555554,2.831575810032045,11.270750055644248,-2.8732405799477263,40.4165,0.2328064196470283,FALSE,,,
FUSPCEU::FUSPCEU_S010::2024-11-05,FUSPCEU,FUSPCEU::FUSPCEU_S010,2024-11-05,8975.538249999994,3.9530653406595513,11.235199311110708,-2.9087913244812658,40.4165,0.2328064196470283,FALSE,,,
FUSPCEU::FUSPCEU_S010::2024-11-06,FUSPCEU,FUSPCEU::FUSPCEU_S010,2024-11-06,4939.909722222219,3.6937278036409156,11.200074996153514,-2.94391563943846,40.4165,0.2328064196470283,FALSE,,,
FUSPCEU::FUSPCEU_S010::2024-11-07,FUSPCEU,FUSPCEU::FUSPCEU_S010,2024-11-07,7695.591027777777,3.8862476230078213,11.165391299592125,-2.9785993359998493,40.4165,0.2328064196470283,FALSE,,,
FUSPCEU::FUSPCEU_S011::2024-11-12,FUSPCEU,FUSPCEU::FUSPCEU_S011,2024-11-12,49970.63969444446,4.698715778156573,10.999098544253243,-3.144892091338731,40.4165,0.2328064196470283,FALSE,,,
FUSPCEU::FUSPCEU_S011::2024-11-13,FUSPCEU,FUSPCEU::FUSPCEU_S011,2024-11-13,3481.6871944444406,3.5418022236731024,10.967372110684712,-3.176618524907262,40.4165,0.2328064196470283,FALSE,,,
FUSPCEU::FUSPCEU_S011::2024-11-14,FUSPCEU,FUSPCEU::FUSPCEU_S011,2024-11-14,2297.154388888892,3.3612090899157203,10.936193150546815,-3.207797485045159,40.4165,0.2328064196470283,FALSE,,,
FUSPCEU::FUSPCEU_S011::2024-11-16,FUSPCEU,FUSPCEU::FUSPCEU_S011,2024-11-16,43667.114944444525,4.640155493894543,10.875542518695196,-3.268448116896778,40.4165,0.2328064196470283,FALSE,,,
FUSPCEU::FUSPCEU_S011::2024-11-17,FUSPCEU,FUSPCEU::FUSPCEU_S011,2024-11-17,43154.60072222216,4.63502810912494,10.84610369225343,-3.2978869433385434,40.4165,0.2328064196470283,FALSE,,,
FUSPCEU::FUSPCEU_S012::2024-12-03,FUSPCEU,FUSPCEU::FUSPCEU_S012,2024-12-03,9250.122944444436,3.966152200022836,10.469824230074883,-3.6741664055170915,40.4165,0.2328064196470283,FALSE,,,
FUSPCEU::FUSPCEU_S012::2024-12-04,FUSPCEU,FUSPCEU::FUSPCEU_S012,2024-12-04,20897.454222222244,4.3200954607546995,10.453057371642855,-3.6909332639491197,40.4165,0.2328064196470283,FALSE,,,
FUSPCEU::FUSPCEU_S012::2024-12-05,FUSPCEU,FUSPCEU::FUSPCEU_S012,2024-12-05,14030.66077777777,4.147081220039988,10.437175499664413,-3.7068151359275614,40.4165,0.2328064196470283,FALSE,,,
FUSPCEU::FUSPCEU_S012::2024-12-06,FUSPCEU,FUSPCEU::FUSPCEU_S012,2024-12-06,1992.3529166666665,3.299388067446591,10.42219187537829,-3.7217987602136837,40.4165,0.2328064196470283,FALSE,,,
FUSPCEU::FUSPCEU_S012::2024-12-07,FUSPCEU,FUSPCEU::FUSPCEU_S012,2024-12-07,1210.3120833333348,3.082933250523059,10.408119205898709,-3.7358714296932654,40.4165,0.2328064196470283,FALSE,,,
FUSPCEU::FUSPCEU_S012::2024-12-08,FUSPCEU,FUSPCEU::FUSPCEU_S012,2024-12-08,247.95594444444455,2.3945496389855347,10.394969606002173,-3.7490210295898017,40.4165,0.2328064196470283,FALSE,,,
FUSPCEU::FUSPCEU_S013::2024-11-19,FUSPCEU,FUSPCEU::FUSPCEU_S013,2024-11-19,11693.988861111118,4.067966389633264,10.789082120656968,-3.3549085149350066,40.4165,0.2328064196470283,FALSE,,,
FUSPCEU::FUSPCEU_S013::2024-11-20,FUSPCEU,FUSPCEU::FUSPCEU_S013,2024-11-20,2707.2758888888916,3.432548556892507,10.761532905565367,-3.3824577300266068,40.4165,0.2328064196470283,FALSE,,,
FUSPCEU::FUSPCEU_S013::2024-11-21,FUSPCEU,FUSPCEU::FUSPCEU_S013,2024-11-21,3099.345472222223,3.4912840003193697,10.73464718706078,-3.409343448531194,40.4165,0.2328064196470283,FALSE,,,
FUSPCEU::FUSPCEU_S013::2024-11-22,FUSPCEU,FUSPCEU::FUSPCEU_S013,2024-11-22,4816.343277777773,3.682726450059084,10.708441830012534,-3.4355488055794403,40.4165,0.2328064196470283,FALSE,,,
FUSPCEU::FUSPCEU_S013::2024-11-23,FUSPCEU,FUSPCEU::FUSPCEU_S013,2024-11-23,1947.1872499999977,3.2894300202864803,10.682933683130477,-3.4610569524614974,40.4165,0.2328064196470283,FALSE,,,
FUSPCEU::FUSPCEU_S013::2024-11-24,FUSPCEU,FUSPCEU::FUSPCEU_S013,2024-11-24,2396.7856944444493,3.379647323372115,10.65813954671224,-3.485851088879734,40.4165,0.2328064196470283,FALSE,,,
FUSPCEU::FUSPCEU_S014::2024-11-20,FUSPCEU,FUSPCEU::FUSPCEU_S014,2024-11-20,3235.7013333333325,3.5099818496257553,10.761532905565367,-3.3824577300266068,40.4165,0.2328064196470283,FALSE,,,
FUSPCEU::FUSPCEU_S014::2024-11-21,FUSPCEU,FUSPCEU::FUSPCEU_S014,2024-11-21,4318.656583333337,3.635358726739266,10.73464718706078,-3.409343448531194,40.4165,0.2328064196470283,FALSE,,,
FUSPCEU::FUSPCEU_S014::2024-11-22,FUSPCEU,FUSPCEU::FUSPCEU_S014,2024-11-22,9218.569750000015,3.964668257071533,10.708441830012534,-3.4355488055794403,40.4165,0.2328064196470283,FALSE,,,
FUSPCEU::FUSPCEU_S014::2024-11-23,FUSPCEU,FUSPCEU::FUSPCEU_S014,2024-11-23,4915.483138888897,3.691575045866871,10.682933683130477,-3.4610569524614974,40.4165,0.2328064196470283,FALSE,,,
FUSPCEU::FUSPCEU_S014::2024-11-24,FUSPCEU,FUSPCEU::FUSPCEU_S014,2024-11-24,3055.8472222222263,3.485145849479705,10.65813954671224,-3.485851088879734,40.4165,0.2328064196470283,FALSE,,,
FUSPCEU::FUSPCEU_S015::2024-11-26,FUSPCEU,FUSPCEU::FUSPCEU_S015,2024-11-26,1383.5037777777777,3.141011739137209,10.61076005200545,-3.5332305835865245,40.4165,0.2328064196470283,FALSE,,,
FUSPCEU::FUSPCEU_S015::2024-11-27,FUSPCEU,FUSPCEU::FUSPCEU_S015,2024-11-27,9880.307722222216,3.994774866435575,10.588207732571496,-3.5557829030204786,40.4165,0.2328064196470283,FALSE,,,
FUSPCEU::FUSPCEU_S015::2024-11-28,FUSPCEU,FUSPCEU::FUSPCEU_S015,2024-11-28,7000.2057777777745,3.845117010685856,10.566435426274936,-3.5775552093170386,40.4165,0.2328064196470283,FALSE,,,
FUSPCEU::FUSPCEU_S015::2024-11-29,FUSPCEU,FUSPCEU::FUSPCEU_S015,2024-11-29,1595.732111111111,3.202987199637965,10.545459147691727,-3.5985314879002477,40.4165,0.2328064196470283,FALSE,,,
FUSPCEU::FUSPCEU_S015::2024-11-30,FUSPCEU,FUSPCEU::FUSPCEU_S015,2024-11-30,13468.180611111116,4.129312156319226,10.525294639203283,-3.6186959963886913,40.4165,0.2328064196470283,FALSE,,,
FUSPCEU::FUSPCEU_S015::2024-12-01,FUSPCEU,FUSPCEU::FUSPCEU_S015,2024-12-01,2828.1969444444508,3.4515250043340413,10.505957330796454,-3.6380333047955205,40.4165,0.2328064196470283,FALSE,,,
FUSPCEU::FUSPCEU_S016::2024-11-26,FUSPCEU,FUSPCEU::FUSPCEU_S016,2024-11-26,1764.3341944444473,3.2466054657435466,10.61076005200545,-3.5332305835865245,40.4165,0.2328064196470283,FALSE,,,
FUSPCEU::FUSPCEU_S016::2024-11-27,FUSPCEU,FUSPCEU::FUSPCEU_S016,2024-11-27,3821.4947222222254,3.582244628497365,10.588207732571496,-3.5557829030204786,40.4165,0.2328064196470283,FALSE,,,
FUSPCEU::FUSPCEU_S016::2024-11-29,FUSPCEU,FUSPCEU::FUSPCEU_S016,2024-11-29,1124.1120833333334,3.0508482488957087,10.545459147691727,-3.5985314879002477,40.4165,0.2328064196470283,FALSE,,,
FUSPCEU::FUSPCEU_S016::2024-11-30,FUSPCEU,FUSPCEU::FUSPCEU_S016,2024-11-30,661.7452777777772,2.820756474544005,10.525294639203283,-3.6186959963886913,40.4165,0.2328064196470283,FALSE,,,
FUSPCEU::FUSPCEU_S016::2024-12-01,FUSPCEU,FUSPCEU::FUSPCEU_S016,2024-12-01,303.5199999999991,2.4823303759308004,10.505957330796454,-3.6380333047955205,40.4165,0.2328064196470283,FALSE,,,
FUSPCEU::FUSPCEU_S017::2024-12-03,FUSPCEU,FUSPCEU::FUSPCEU_S017,2024-12-03,5589.334666666663,3.747367884172097,10.469824230074883,-3.6741664055170915,40.4165,0.2328064196470283,FALSE,,,
FUSPCEU::FUSPCEU_S017::2024-12-04,FUSPCEU,FUSPCEU::FUSPCEU_S017,2024-12-04,6238.812499999997,3.795108894745022,10.453057371642855,-3.6909332639491197,40.4165,0.2328064196470283,FALSE,,,
FUSPCEU::FUSPCEU_S017::2024-12-05,FUSPCEU,FUSPCEU::FUSPCEU_S017,2024-12-05,23721.738944444445,4.375148353008754,10.437175499664413,-3.7068151359275614,40.4165,0.2328064196470283,FALSE,,,
FUSPCEU::FUSPCEU_S017::2024-12-06,FUSPCEU,FUSPCEU::FUSPCEU_S017,2024-12-06,281.9001944444445,2.450249407773688,10.42219187537829,-3.7217987602136837,40.4165,0.2328064196470283,FALSE,,,
FUSPCEU::FUSPCEU_S017::2024-12-07,FUSPCEU,FUSPCEU::FUSPCEU_S017,2024-12-07,5579.1153333333405,3.7465731236031856,10.408119205898709,-3.7358714296932654,40.4165,0.2328064196470283,FALSE,,,
FUSPCEU::FUSPCEU_S017::2024-12-08,FUSPCEU,FUSPCEU::FUSPCEU_S017,2024-12-08,1882.007888888887,3.274644515056231,10.394969606002173,-3.7490210295898017,40.4165,0.2328064196470283,FALSE,,,
FUSPCEU::FUSPCEU_S018::2024-12-10,FUSPCEU,FUSPCEU::FUSPCEU_S018,2024-12-10,453.68733333333336,2.6568523691597306,10.371484889454312,-3.7725057461376625,40.4165,0.2328064196470283,FALSE,,,
FUSPCEU::FUSPCEU_S018::2024-12-11,FUSPCEU,FUSPCEU::FUSPCEU_S018,2024-12-11,1505.8782499999975,3.177818699638126,10.361170710656378,-3.7828199249355965,40.4165,0.2328064196470283,FALSE,,,
FUSPCEU::FUSPCEU_S018::2024-12-12,FUSPCEU,FUSPCEU::FUSPCEU_S018,2024-12-12,666.4123333333333,2.8238081901325525,10.351821409728792,-3.792169225863182,40.4165,0.2328064196470283,FALSE,,,
FUSPCEU::FUSPCEU_S018::2024-12-13,FUSPCEU,FUSPCEU::FUSPCEU_S018,2024-12-13,526.5021944444444,2.721482664555707,10.343445607622465,-3.800545027969509,40.4165,0.2328064196470283,FALSE,,,
FUSPCEU::FUSPCEU_S018::2024-12-14,FUSPCEU,FUSPCEU::FUSPCEU_S018,2024-12-14,233.3553055555557,2.368203748248913,10.336051132281622,-3.8079395033103527,40.4165,0.2328064196470283,FALSE,,,
FUSPCEU::FUSPCEU_S018::2024-12-15,FUSPCEU,FUSPCEU::FUSPCEU_S018,2024-12-15,266.85005555555546,2.4264300155759044,10.329644992086623,-3.8143456435053515,40.4165,0.2328064196470283,FALSE,,,
FUSPCEU::FUSPCEU_S019::2024-12-10,FUSPCEU,FUSPCEU::FUSPCEU_S019,2024-12-10,5720.514444444444,3.7574426783559844,10.371484889454312,-3.7725057461376625,40.4165,0.2328064196470283,FALSE,,,
FUSPCEU::FUSPCEU_S019::2024-12-11,FUSPCEU,FUSPCEU::FUSPCEU_S019,2024-12-11,1722.0583333333316,3.2360730775077986,10.361170710656378,-3.7828199249355965,40.4165,0.2328064196470283,FALSE,,,
FUSPCEU::FUSPCEU_S019::2024-12-12,FUSPCEU,FUSPCEU::FUSPCEU_S019,2024-12-12,193.3585277777778,2.2865878784625506,10.351821409728792,-3.792169225863182,40.4165,0.2328064196470283,FALSE,,,
FUSPCEU::FUSPCEU_S019::2024-12-13,FUSPCEU,FUSPCEU::FUSPCEU_S019,2024-12-13,1688.127111111111,3.227430870291804,10.343445607622465,-3.800545027969509,40.4165,0.2328064196470283,FALSE,,,
FUSPCEU::FUSPCEU_S019::2024-12-14,FUSPCEU,FUSPCEU::FUSPCEU_S019,2024-12-14,3447.362666666666,3.5374995718026523,10.336051132281622,-3.8079395033103527,40.4165,0.2328064196470283,FALSE,,,
FUSPCEU::FUSPCEU_S019::2024-12-15,FUSPCEU,FUSPCEU::FUSPCEU_S019,2024-12-15,4166.825638888893,3.61981575029928,10.329644992086623,-3.8143456435053515,40.4165,0.2328064196470283,FALSE,,,
FUSPCEU::FUSPCEU_S020::2025-01-21,FUSPCEU,FUSPCEU::FUSPCEU_S020,2025-01-21,1707.975111111111,3.232506964493413,10.77204123781787,-3.371949397774104,40.4165,0.2328064196470283,FALSE,,,
FUSPCEU::FUSPCEU_S020::2025-01-22,FUSPCEU,FUSPCEU::FUSPCEU_S020,2025-01-22,3599.6485,3.556272159412379,10.800073096619712,-3.3439175389722617,40.4165,0.2328064196470283,FALSE,,,
FUSPCEU::FUSPCEU_S020::2025-01-23,FUSPCEU,FUSPCEU::FUSPCEU_S020,2025-01-23,3770.6170277777805,3.5764239421415605,10.828762292199665,-3.3152283433923095,40.4165,0.2328064196470283,FALSE,,,
FUSPCEU::FUSPCEU_S020::2025-01-24,FUSPCEU,FUSPCEU::FUSPCEU_S020,2025-01-24,1599.3446944444454,3.2039692276568537,10.858091982603073,-3.2858986529889016,40.4165,0.2328064196470283,FALSE,,,
FUSPCEU::FUSPCEU_S020::2025-01-25,FUSPCEU,FUSPCEU::FUSPCEU_S020,2025-01-25,1853.1814444444437,3.2679413774881576,10.888045382764604,-3.2559452528273702,40.4165,0.2328064196470283,FALSE,,,
FUSPCEU::FUSPCEU_S020::2025-01-26,FUSPCEU,FUSPCEU::FUSPCEU_S020,2025-01-26,305.981972222222,2.4858377510446577,10.91860579205884,-3.225384843533135,40.4165,0.2328064196470283,FALSE,,,
FUSPCEU::FUSPCEU_S022::2025-01-28,FUSPCEU,FUSPCEU::FUSPCEU_S022,2025-01-28,4205.499722222224,3.623827935325435,10.981481417152617,-3.1625092184393573,40.4165,0.2328064196470283,FALSE,,,
FUSPCEU::FUSPCEU_S022::2025-01-29,FUSPCEU,FUSPCEU::FUSPCEU_S022,2025-01-29,2138.172361111111,3.330063022385428,11.013763885233137,-3.130226750358837,40.4165,0.2328064196470283,FALSE,,,
FUSPCEU::FUSPCEU_S022::2025-01-30,FUSPCEU,FUSPCEU::FUSPCEU_S022,2025-01-30,390.9882777777773,2.5922747988907098,11.046587911711798,-3.097402723880176,40.4165,0.2328064196470283,FALSE,,,
FUSPCEU::FUSPCEU_S022::2025-01-31,FUSPCEU,FUSPCEU::FUSPCEU_S022,2025-01-31,8046.108027777786,3.905591256690135,11.079937583009402,-3.0640530525825724,40.4165,0.2328064196470283,FALSE,,,
FUSPCEU::FUSPCEU_S022::2025-02-01,FUSPCEU,FUSPCEU::FUSPCEU_S022,2025-02-01,3857.8505555555575,3.5863566573184964,11.113797203765975,-3.0301934318259995,40.4165,0.2328064196470283,FALSE,,,
FUSPCEU::FUSPCEU_S022::2025-02-02,FUSPCEU,FUSPCEU::FUSPCEU_S022,2025-02-02,927.3190277777774,2.967276002034358,11.148151313198937,-2.995839322393037,40.4165,0.2328064196470283,FALSE,,,
FUSPCEU::FUSPCEU_S023::2025-01-28,FUSPCEU,FUSPCEU::FUSPCEU_S023,2025-01-28,2973.5804999999973,3.4732943049589973,10.981481417152617,-3.1625092184393573,40.4165,0.2328064196470283,FALSE,,,
FUSPCEU::FUSPCEU_S023::2025-01-29,FUSPCEU,FUSPCEU::FUSPCEU_S023,2025-01-29,1777.5359722222222,3.249842830064132,11.013763885233137,-3.130226750358837,40.4165,0.2328064196470283,FALSE,,,
FUSPCEU::FUSPCEU_S023::2025-01-30,FUSPCEU,FUSPCEU::FUSPCEU_S023,2025-01-30,3481.74202777778,3.5418090631567494,11.046587911711798,-3.097402723880176,40.4165,0.2328064196470283,FALSE,,,
FUSPCEU::FUSPCEU_S023::2025-01-31,FUSPCEU,FUSPCEU::FUSPCEU_S023,2025-01-31,1760.4120555555548,3.2456390033586753,11.079937583009402,-3.0640530525825724,40.4165,0.2328064196470283,FALSE,,,
FUSPCEU::FUSPCEU_S023::2025-02-01,FUSPCEU,FUSPCEU::FUSPCEU_S023,2025-02-01,197.05902777777783,2.294816667913467,11.113797203765975,-3.0301934318259995,40.4165,0.2328064196470283,FALSE,,,
FUSPCEU::FUSPCEU_S023::2025-02-02,FUSPCEU,FUSPCEU::FUSPCEU_S023,2025-02-02,153.76083333333315,2.1871280803121023,11.148151313198937,-2.995839322393037,40.4165,0.2328064196470283,FALSE,,,
FUSPCEU::FUSPCEU_S024::2025-02-04,FUSPCEU,FUSPCEU::FUSPCEU_S024,2025-02-04,9008.436055555545,3.95465422109553,11.218282416065534,-2.92570821952644,40.4165,0.2328064196470283,FALSE,,,
FUSPCEU::FUSPCEU_S024::2025-02-05,FUSPCEU,FUSPCEU::FUSPCEU_S024,2025-02-05,8319.819305555555,3.920119114112612,11.254029786454307,-2.889960849137667,40.4165,0.2328064196470283,FALSE,,,
FUSPCEU::FUSPCEU_S024::2025-02-06,FUSPCEU,FUSPCEU::FUSPCEU_S024,2025-02-06,5927.7256944444425,3.7728954248879556,11.290212421417236,-2.8537782141747385,40.4165,0.2328064196470283,FALSE,,,
FUSPCEU::FUSPCEU_S024::2025-02-08,FUSPCEU,FUSPCEU::FUSPCEU_S024,2025-02-08,468.7738611111104,2.671056022264061,11.36382739689615,-2.780163238695824,40.4165,0.2328064196470283,FALSE,,,
FUSPCEU::FUSPCEU_S024::2025-02-09,FUSPCEU,FUSPCEU::FUSPCEU_S024,2025-02-09,409.4432500000004,2.612299772383376,11.401232449942166,-2.7427581856498087,40.4165,0.2328064196470283,FALSE,,,
FUSPCEU::FUSPCEU_S025::2025-02-04,FUSPCEU,FUSPCEU::FUSPCEU_S025,2025-02-04,71351.34936111105,4.853402799358721,11.218282416065534,-2.92570821952644,40.4165,0.2328064196470283,FALSE,,,
FUSPCEU::FUSPCEU_S025::2025-02-05,FUSPCEU,FUSPCEU::FUSPCEU_S025,2025-02-05,12506.55333333333,4.097141111986604,11.254029786454307,-2.889960849137667,40.4165,0.2328064196470283,FALSE,,,
FUSPCEU::FUSPCEU_S025::2025-02-06,FUSPCEU,FUSPCEU::FUSPCEU_S025,2025-02-06,11137.726972222223,4.0468004667775865,11.290212421417236,-2.8537782141747385,40.4165,0.2328064196470283,FALSE,,,
IZTECH::IZTECH_S001::2024-12-24,IZTECH,IZTECH::IZTECH_S001,2024-12-24,0.8540555555555557,-0.020426335181942052,10.489451321429677,-3.6545393141622977,38.32,0.023156419647028414,FALSE,,,
IZTECH::IZTECH_S001::2024-12-25,IZTECH,IZTECH::IZTECH_S001,2024-12-25,464.5663611111109,2.667141233458823,10.492750476797422,-3.651240158794552,38.32,0.023156419647028414,FALSE,,,
IZTECH::IZTECH_S001::2024-12-26,IZTECH,IZTECH::IZTECH_S001,2024-12-26,88.60063888888884,1.9479267479593443,10.496976461079386,-3.647014174512588,38.32,0.023156419647028414,FALSE,,,
IZTECH::IZTECH_S001::2024-12-27,IZTECH,IZTECH::IZTECH_S001,2024-12-27,1306.1463888888884,3.116025102852031,10.50212588707606,-3.641864748515914,38.32,0.023156419647028414,FALSE,,,
IZTECH::IZTECH_S001::2024-12-28,IZTECH,IZTECH::IZTECH_S001,2024-12-28,1393.0078333333356,3.1439847342337957,10.50819456073973,-3.6357960748522444,38.32,0.023156419647028414,FALSE,,,
IZTECH::IZTECH_S001::2024-12-29,IZTECH,IZTECH::IZTECH_S001,2024-12-29,603.521888888889,2.780764980028829,10.515177495413356,-3.628813140178618,38.32,0.023156419647028414,FALSE,,,
IZTECH::IZTECH_S001::2024-12-30,IZTECH,IZTECH::IZTECH_S001,2024-12-30,1649.4400277777775,3.2173628586095178,10.523068928983477,-3.620921706608497,38.32,0.023156419647028414,FALSE,,,
IZTECH::IZTECH_S002::2025-01-07,IZTECH,IZTECH::IZTECH_S002,2025-01-07,2440.4004444444454,3.387478891082789,10.617976313961877,-3.5260143216300968,38.32,0.023156419647028414,FALSE,,,
IZTECH::IZTECH_S002::2025-01-08,IZTECH,IZTECH::IZTECH_S002,2025-01-08,3420.0847777777876,3.534049569740786,10.63366825911734,-3.510322376474635,38.32,0.023156419647028414,FALSE,,,
IZTECH::IZTECH_S002::2025-01-09,IZTECH,IZTECH::IZTECH_S002,2025-01-09,8192.323083333345,3.9134123725883523,10.650173718598154,-3.4938169169938202,38.32,0.023156419647028414,FALSE,,,
IZTECH::IZTECH_S002::2025-01-10,IZTECH,IZTECH::IZTECH_S002,2025-01-10,4447.386666666668,3.6481146547656826,10.667480112777817,-3.4765105228141575,38.32,0.023156419647028414,FALSE,,,
IZTECH::IZTECH_S002::2025-01-11,IZTECH,IZTECH::IZTECH_S002,2025-01-11,1123.8766666666672,3.050757295536339,10.685574437181154,-3.45841619841082,38.32,0.023156419647028414,FALSE,,,
IZTECH::IZTECH_S002::2025-01-12,IZTECH,IZTECH::IZTECH_S002,2025-01-12,523.6948611111108,2.7191612332987676,10.704443298247126,-3.439547337344848,38.32,0.023156419647028414,FALSE,,,
IZTECH::IZTECH_S003::2025-01-07,IZTECH,IZTECH::IZTECH_S003,2025-01-07,2889.9771111111086,3.460909430467025,10.617976313961877,-3.5260143216300968,38.32,0.023156419647028414,FALSE,,,
IZTECH::IZTECH_S003::2025-01-08,IZTECH,IZTECH::IZTECH_S003,2025-01-08,3147.3726666666716,3.4979619672890725,10.63366825911734,-3.510322376474635,38.32,0.023156419647028414,FALSE,,,
IZTECH::IZTECH_S003::2025-01-09,IZTECH,IZTECH::IZTECH_S003,2025-01-09,8547.646638888895,3.931851640894559,10.650173718598154,-3.4938169169938202,38.32,0.023156419647028414,FALSE,,,
IZTECH::IZTECH_S003::2025-01-10,IZTECH,IZTECH::IZTECH_S003,2025-01-10,2593.8842222222233,3.413967330181884,10.667480112777817,-3.4765105228141575,38.32,0.023156419647028414,FALSE,,,
IZTECH::IZTECH_S003::2025-01-11,IZTECH,IZTECH::IZTECH_S003,2025-01-11,442.9346666666665,2.6464377103155963,10.685574437181154,-3.45841619841082,38.32,0.023156419647028414,FALSE,,,
IZTECH::IZTECH_S003::2025-01-12,IZTECH,IZTECH::IZTECH_S003,2025-01-12,4299.1011388888865,3.633387764136798,10.704443298247126,-3.439547337344848,38.32,0.023156419647028414,FALSE,,,
IZTECH::IZTECH_S004::2025-01-22,IZTECH,IZTECH::IZTECH_S004,2025-01-22,6614.840694444442,3.820525954919441,10.9325787850221,-3.211411850569874,38.32,0.023156419647028414,FALSE,,,
IZTECH::IZTECH_S004::2025-01-23,IZTECH,IZTECH::IZTECH_S004,2025-01-23,12061.893388888891,4.081419086100623,10.959008137186368,-3.1849824984056063,38.32,0.023156419647028414,FALSE,,,
IZTECH::IZTECH_S004::2025-01-24,IZTECH,IZTECH::IZTECH_S004,2025-01-24,6540.738805555557,3.815633446376981,10.986033838391304,-3.1579567972006704,38.32,0.023156419647028414,FALSE,,,
IZTECH::IZTECH_S004::2025-01-25,IZTECH,IZTECH::IZTECH_S004,2025-01-25,1020.8571666666674,3.009007522037426,11.013640581170717,-3.130350054421257,38.32,0.023156419647028414,FALSE,,,
IZTECH::IZTECH_S004::2025-01-26,IZTECH,IZTECH::IZTECH_S004,2025-01-26,28730.36772222224,4.458342696215642,11.0418131228288,-3.1021775127631734,38.32,0.023156419647028414,FALSE,,,
IZTECH::IZTECH_S005::2025-01-21,IZTECH,IZTECH::IZTECH_S005,2025-01-21,3807.7413611111083,3.580678846900151,10.906761128637525,-3.237229506954449,38.32,0.023156419647028414,FALSE,,,
IZTECH::IZTECH_S005::2025-01-22,IZTECH,IZTECH::IZTECH_S005,2025-01-22,944.5919166666657,2.975290199295995,10.9325787850221,-3.211411850569874,38.32,0.023156419647028414,FALSE,,,
IZTECH::IZTECH_S005::2025-01-23,IZTECH,IZTECH::IZTECH_S005,2025-01-23,9008.170388888891,3.954641413324328,10.959008137186368,-3.1849824984056063,38.32,0.023156419647028414,FALSE,,,
IZTECH::IZTECH_S005::2025-01-24,IZTECH,IZTECH::IZTECH_S005,2025-01-24,5543.251500000001,3.743772417771684,10.986033838391304,-3.1579567972006704,38.32,0.023156419647028414,FALSE,,,
IZTECH::IZTECH_S005::2025-01-25,IZTECH,IZTECH::IZTECH_S005,2025-01-25,484.0902499999995,2.6850160399305145,11.013640581170717,-3.130350054421257,38.32,0.023156419647028414,FALSE,,,
IZTECH::IZTECH_S005::2025-01-26,IZTECH,IZTECH::IZTECH_S005,2025-01-26,2886.316666666669,3.460359023560181,11.0418131228288,-3.1021775127631734,38.32,0.023156419647028414,FALSE,,,
IZTECH::IZTECH_S006::2025-02-18,IZTECH,IZTECH::IZTECH_S006,2025-02-18,4056.9909444444434,3.608214743032819,11.813367618785964,-2.33062301680601,38.32,0.023156419647028414,FALSE,,,
IZTECH::IZTECH_S006::2025-02-19,IZTECH,IZTECH::IZTECH_S006,2025-02-19,10373.580472222211,4.015932866822415,11.851021302806007,-2.292969332785967,38.32,0.023156419647028414,FALSE,,,
IZTECH::IZTECH_S006::2025-02-20,IZTECH,IZTECH::IZTECH_S006,2025-02-20,11418.496111111104,4.057612711731479,11.888926246033774,-2.2550643895582,38.32,0.023156419647028414,FALSE,,,
IZTECH::IZTECH_S006::2025-02-21,IZTECH,IZTECH::IZTECH_S006,2025-02-21,980.6843055555557,2.991573507678874,11.927073288957278,-2.2169173466346965,38.32,0.023156419647028414,FALSE,,,
IZTECH::IZTECH_S006::2025-02-22,IZTECH,IZTECH::IZTECH_S006,2025-02-22,4136.873888888895,3.6166827797915104,11.965453527503543,-2.178537108088431,38.32,0.023156419647028414,FALSE,,,
IZTECH::IZTECH_S006::2025-02-23,IZTECH,IZTECH::IZTECH_S006,2025-02-23,3158.93413888889,3.4995543192419487,12.004058307475514,-2.13993232811646,38.32,0.023156419647028414,FALSE,,,
IZTECH::IZTECH_S007::2025-02-25,IZTECH,IZTECH::IZTECH_S007,2025-02-25,2508.3581111111052,3.399406853115337,12.08190808110767,-2.062082554484304,38.32,0.023156419647028414,FALSE,,,
IZTECH::IZTECH_S007::2025-02-26,IZTECH,IZTECH::IZTECH_S007,2025-02-26,7044.83388888889,3.8478769219556,12.121136951049168,-2.022853684542806,38.32,0.023156419647028414,FALSE,,,
IZTECH::IZTECH_S007::2025-02-27,IZTECH,IZTECH::IZTECH_S007,2025-02-27,8174.241222222229,3.912452762545528,12.160558099481795,-1.983432536110179,38.32,0.023156419647028414,FALSE,,,
IZTECH::IZTECH_S007::2025-02-28,IZTECH,IZTECH::IZTECH_S007,2025-02-28,3790.7272222222286,3.578733990666093,12.200164010590978,-1.9438266250009963,38.32,0.023156419647028414,FALSE,,,
IZTECH::IZTECH_S007::2025-03-01,IZTECH,IZTECH::IZTECH_S007,2025-03-01,759.800138888889,2.8807565238873294,12.23994737168153,-1.9040432639104434,38.32,0.023156419647028414,FALSE,,,
IZTECH::IZTECH_S007::2025-03-02,IZTECH,IZTECH::IZTECH_S007,2025-03-02,240.8653333333331,2.381954566952561,12.279901064501868,-1.8640895710901066,38.32,0.023156419647028414,FALSE,,,
IZTECH::IZTECH_S008::2025-03-04,IZTECH,IZTECH::IZTECH_S008,2025-03-04,51794.59719444439,4.714285298411674,12.36029188712438,-1.7836987484675948,38.32,0.023156419647028414,FALSE,,,
IZTECH::IZTECH_S008::2025-03-05,IZTECH,IZTECH::IZTECH_S008,2025-03-05,29720.390111111185,4.473055966959199,12.400715667472946,-1.743274968119028,38.32,0.023156419647028414,FALSE,,,
IZTECH::IZTECH_S008::2025-03-06,IZTECH,IZTECH::IZTECH_S008,2025-03-06,17448.00111111111,4.241748169298657,12.441283061040773,-1.7027075745512015,38.32,0.023156419647028414,FALSE,,,
IZTECH::IZTECH_S008::2025-03-07,IZTECH,IZTECH::IZTECH_S008,2025-03-07,4267.1143333333375,3.6301444571190298,12.481987778014608,-1.6620028575773667,38.32,0.023156419647028414,FALSE,,,
IZTECH::IZTECH_S008::2025-03-09,IZTECH,IZTECH::IZTECH_S008,2025-03-09,1390.774777777781,3.143288031668432,12.563784693280855,-1.5802059423111192,38.32,0.023156419647028414,FALSE,,,
IZTECH::IZTECH_S009::2025-03-18,IZTECH,IZTECH::IZTECH_S009,2025-03-18,0,-1,12.937119134863218,-1.2068715007287558,38.32,0.023156419647028414,FALSE,,,
IZTECH::IZTECH_S009::2025-03-19,IZTECH,IZTECH::IZTECH_S009,2025-03-19,0,-1,12.97902001824644,-1.164970617345535,38.32,0.023156419647028414,FALSE,,,
IZTECH::IZTECH_S009::2025-03-20,IZTECH,IZTECH::IZTECH_S009,2025-03-20,16049.674361111098,4.2054689311699764,13.02098494960202,-1.1230056859899538,38.32,0.023156419647028414,FALSE,,,
IZTECH::IZTECH_S009::2025-03-21,IZTECH,IZTECH::IZTECH_S009,2025-03-21,866.2715000000006,2.937704157379598,13.063008562657568,-1.0809820729344057,38.32,0.023156419647028414,FALSE,,,
IZTECH::IZTECH_S009::2025-03-22,IZTECH,IZTECH::IZTECH_S009,2025-03-22,3261.9986388888897,3.5134970890394714,13.105085474186474,-1.0389051614055003,38.32,0.023156419647028414,FALSE,,,
IZTECH::IZTECH_S009::2025-03-24,IZTECH,IZTECH::IZTECH_S009,2025-03-24,11457.634777777786,4.059098765035193,13.189377503262627,-0.9546131323293476,38.32,0.023156419647028414,FALSE,,,
IZTECH::IZTECH_S009::2025-03-25,IZTECH,IZTECH::IZTECH_S009,2025-03-25,793.2716388888883,2.899476671441627,13.23158166481389,-0.9124089707780847,38.32,0.023156419647028414,FALSE,,,
IZTECH::IZTECH_S009::2025-03-26,IZTECH,IZTECH::IZTECH_S009,2025-03-26,19162.481916666664,4.28245402439891,13.27381718940205,-0.8701734461899235,38.32,0.023156419647028414,FALSE,,,
IZTECH::IZTECH_S010::2025-04-15,IZTECH,IZTECH::IZTECH_S010,2025-04-15,9543.713027777794,3.979721922510591,14.115496115022236,-0.02849452056973867,38.32,0.023156419647028414,FALSE,,,
IZTECH::IZTECH_S010::2025-04-16,IZTECH,IZTECH::IZTECH_S010,2025-04-16,8746.172472222222,3.9418230027755143,14.15687135650052,0.012880720908546195,38.32,0.023156419647028414,FALSE,,,
IZTECH::IZTECH_S010::2025-04-18,IZTECH,IZTECH::IZTECH_S010,2025-04-18,13746.382333333338,4.1381915782628464,14.239221658243073,0.09523102265109884,38.32,0.023156419647028414,FALSE,,,
IZTECH::IZTECH_S010::2025-04-19,IZTECH,IZTECH::IZTECH_S010,2025-04-19,7040.048388888886,3.8475818130904713,14.280176197157965,0.13618556156599126,38.32,0.023156419647028414,FALSE,,,
IZTECH::IZTECH_S010::2025-04-20,IZTECH,IZTECH::IZTECH_S010,2025-04-20,16148.116638888896,4.20812456712191,14.320969442592727,0.17697880700075252,38.32,0.023156419647028414,FALSE,,,
IZTECH::IZTECH_S011::2025-04-15,IZTECH,IZTECH::IZTECH_S011,2025-04-15,12267.264722222213,4.08875127751773,14.115496115022236,-0.02849452056973867,38.32,0.023156419647028414,FALSE,,,
IZTECH::IZTECH_S011::2025-04-16,IZTECH,IZTECH::IZTECH_S011,2025-04-16,8009.403499999989,3.9036055954982984,14.15687135650052,0.012880720908546195,38.32,0.023156419647028414,FALSE,,,
IZTECH::IZTECH_S011::2025-04-17,IZTECH,IZTECH::IZTECH_S011,2025-04-17,13413.657000000001,4.1275504345143235,14.198116571439638,0.05412593584766334,38.32,0.023156419647028414,FALSE,,,
IZTECH::IZTECH_S011::2025-04-18,IZTECH,IZTECH::IZTECH_S011,2025-04-18,9456.263055555559,3.975724137606302,14.239221658243073,0.09523102265109884,38.32,0.023156419647028414,FALSE,,,
IZTECH::IZTECH_S011::2025-04-19,IZTECH,IZTECH::IZTECH_S011,2025-04-19,8407.868972222219,3.92469110035397,14.280176197157965,0.13618556156599126,38.32,0.023156419647028414,FALSE,,,
IZTECH::IZTECH_S011::2025-04-20,IZTECH,IZTECH::IZTECH_S011,2025-04-20,5718.513944444449,3.757290778928791,14.320969442592727,0.17697880700075252,38.32,0.023156419647028414,FALSE,,,
IZTECH::IZTECH_S012::2025-04-22,IZTECH,IZTECH::IZTECH_S012,2025-04-22,11713.195388888893,4.068679095573689,14.402027399937312,0.25803676434533784,38.32,0.023156419647028414,FALSE,,,
IZTECH::IZTECH_S012::2025-04-23,IZTECH,IZTECH::IZTECH_S012,2025-04-23,68028.94183333336,4.832694354108788,14.442268930408689,0.29827829481671486,38.32,0.023156419647028414,FALSE,,,
IZTECH::IZTECH_S012::2025-04-24,IZTECH,IZTECH::IZTECH_S012,2025-04-24,11501.425777777755,4.060755457128852,14.482302793529298,0.33831215793732383,38.32,0.023156419647028414,FALSE,,,
IZTECH::IZTECH_S012::2025-04-25,IZTECH,IZTECH::IZTECH_S012,2025-04-25,26963.771944444416,4.430782255940674,14.522116519543859,0.37812588395188484,38.32,0.023156419647028414,FALSE,,,
IZTECH::IZTECH_S012::2025-04-26,IZTECH,IZTECH::IZTECH_S012,2025-04-26,3886.531277777778,3.5895733413459223,14.561697279877134,0.41770664428515936,38.32,0.023156419647028414,FALSE,,,
IZTECH::IZTECH_S012::2025-04-27,IZTECH,IZTECH::IZTECH_S012,2025-04-27,2909.3014722222183,3.463803654261945,14.60103188349141,0.45704124789943634,38.32,0.023156419647028414,FALSE,,,
IZTECH::IZTECH_S013::2025-04-22,IZTECH,IZTECH::IZTECH_S013,2025-04-22,23354.55547222224,4.368373464960715,14.402027399937312,0.25803676434533784,38.32,0.023156419647028414,FALSE,,,
IZTECH::IZTECH_S013::2025-04-23,IZTECH,IZTECH::IZTECH_S013,2025-04-23,2143.4440277777767,3.3311324082220035,14.442268930408689,0.29827829481671486,38.32,0.023156419647028414,FALSE,,,
IZTECH::IZTECH_S013::2025-04-24,IZTECH,IZTECH::IZTECH_S013,2025-04-24,2072.3280555555525,3.3164794629291587,14.482302793529298,0.33831215793732383,38.32,0.023156419647028414,FALSE,,,
IZTECH::IZTECH_S013::2025-04-25,IZTECH,IZTECH::IZTECH_S013,2025-04-25,15936.511361111112,4.202395981826622,14.522116519543859,0.37812588395188484,38.32,0.023156419647028414,FALSE,,,
IZTECH::IZTECH_S013::2025-04-26,IZTECH,IZTECH::IZTECH_S013,2025-04-26,3499.612583333334,3.5440323790366146,14.561697279877134,0.41770664428515936,38.32,0.023156419647028414,FALSE,,,
IZTECH::IZTECH_S013::2025-04-27,IZTECH,IZTECH::IZTECH_S013,2025-04-27,741.7649722222228,2.870324865986299,14.60103188349141,0.45704124789943634,38.32,0.023156419647028414,FALSE,,,
IZTECH::IZTECH_S014::2025-04-29,IZTECH,IZTECH::IZTECH_S014,2025-04-29,5202.456194444448,3.7162167798601824,14.678908035159111,0.5349173995671368,38.32,0.023156419647028414,FALSE,,,
IZTECH::IZTECH_S014::2025-04-30,IZTECH,IZTECH::IZTECH_S014,2025-04-30,54507.162833333336,4.736454373804875,14.71742137697008,0.5734307413781057,38.32,0.023156419647028414,FALSE,,,
IZTECH::IZTECH_S014::2025-05-01,IZTECH,IZTECH::IZTECH_S014,2025-05-01,17567.693944444432,4.2447172288881925,14.755632150570552,0.6116415149785777,38.32,0.023156419647028414,FALSE,,,
IZTECH::IZTECH_S014::2025-05-02,IZTECH,IZTECH::IZTECH_S014,2025-05-02,9617.985194444453,3.9830886196200144,14.793525343338649,0.6495347077466747,38.32,0.023156419647028414,FALSE,,,
IZTECH::IZTECH_S014::2025-05-03,IZTECH,IZTECH::IZTECH_S014,2025-05-03,6880.788555555563,3.8376445239706185,14.831085583964983,0.6870949483730087,38.32,0.023156419647028414,FALSE,,,
IZTECH::IZTECH_S014::2025-05-04,IZTECH,IZTECH::IZTECH_S014,2025-05-04,19440.86886111113,4.288717904651436,14.868297146558762,0.7243065109667874,38.32,0.023156419647028414,FALSE,,,
IZTECH::IZTECH_S015::2025-04-29,IZTECH,IZTECH::IZTECH_S015,2025-04-29,1539.5486111111095,3.1874216145581955,14.678908035159111,0.5349173995671368,38.32,0.023156419647028414,FALSE,,,
IZTECH::IZTECH_S015::2025-04-30,IZTECH,IZTECH::IZTECH_S015,2025-04-30,1405.360527777778,3.1478186529964507,14.71742137697008,0.5734307413781057,38.32,0.023156419647028414,FALSE,,,
IZTECH::IZTECH_S015::2025-05-01,IZTECH,IZTECH::IZTECH_S015,2025-05-01,838.9778611111108,2.9238022624758626,14.755632150570552,0.6116415149785777,38.32,0.023156419647028414,FALSE,,,
IZTECH::IZTECH_S015::2025-05-02,IZTECH,IZTECH::IZTECH_S015,2025-05-02,246.33263888888877,2.391698227642544,14.793525343338649,0.6495347077466747,38.32,0.023156419647028414,FALSE,,,
IZTECH::IZTECH_S015::2025-05-03,IZTECH,IZTECH::IZTECH_S015,2025-05-03,2803.0636111111107,3.4476484467895627,14.831085583964983,0.6870949483730087,38.32,0.023156419647028414,FALSE,,,
IZTECH::IZTECH_S015::2025-05-04,IZTECH,IZTECH::IZTECH_S015,2025-05-04,7239.083138888883,3.859689563671243,14.868297146558762,0.7243065109667874,38.32,0.023156419647028414,FALSE,,,
IZTECH::IZTECH_S016::2025-05-06,IZTECH,IZTECH::IZTECH_S016,2025-05-06,4832.431249999998,3.684174671114181,14.941609600252576,0.797618964660602,38.32,0.023156419647028414,FALSE,,,
IZTECH::IZTECH_S016::2025-05-07,IZTECH,IZTECH::IZTECH_S016,2025-05-07,1130.1945277777781,3.053191625007162,14.97767732905017,0.8336866934581959,38.32,0.023156419647028414,FALSE,,,
IZTECH::IZTECH_S016::2025-05-08,IZTECH,IZTECH::IZTECH_S016,2025-05-08,1189.5828888888886,3.0754312152087313,15.013330074350039,0.8693394387580646,38.32,0.023156419647028414,FALSE,,,
IZTECH::IZTECH_S016::2025-05-09,IZTECH,IZTECH::IZTECH_S016,2025-05-09,4723.496083333332,3.674272753827308,15.048550457292134,0.9045598217001594,38.32,0.023156419647028414,FALSE,,,
IZTECH::IZTECH_S016::2025-05-10,IZTECH,IZTECH::IZTECH_S016,2025-05-10,8786.136444444439,3.9438028862882586,15.083320802648862,0.9393301670568874,38.32,0.023156419647028414,FALSE,,,
IZTECH::IZTECH_S016::2025-05-11,IZTECH,IZTECH::IZTECH_S016,2025-05-11,483.8843888888885,2.6848313535271524,15.117623154189852,0.9736325185978778,38.32,0.023156419647028414,FALSE,,,
IZTECH::IZTECH_S017::2025-05-27,IZTECH,IZTECH::IZTECH_S017,2025-05-27,2504.6295277777785,3.398760835618205,15.587403438157505,1.4434128025655308,38.32,0.023156419647028414,FALSE,,,
IZTECH::IZTECH_S017::2025-05-28,IZTECH,IZTECH::IZTECH_S017,2025-05-28,32225.36816666661,4.508199235434998,15.610839857392842,1.4668492218008673,38.32,0.023156419647028414,FALSE,,,
IZTECH::IZTECH_S017::2025-05-29,IZTECH,IZTECH::IZTECH_S017,2025-05-29,29830.300166666682,4.4746590793429375,15.633464889923731,1.489474254331757,38.32,0.023156419647028414,FALSE,,,
IZTECH::IZTECH_S017::2025-05-30,IZTECH,IZTECH::IZTECH_S017,2025-05-30,36356.46599999993,4.560582855911838,15.65526044540935,1.5112698098173762,38.32,0.023156419647028414,FALSE,,,
IZTECH::IZTECH_S017::2025-05-31,IZTECH,IZTECH::IZTECH_S017,2025-05-31,20151.28811111111,4.304304967510974,15.676208808090951,1.5322181724989772,38.32,0.023156419647028414,FALSE,,,
IZTECH::IZTECH_S017::2025-06-01,IZTECH,IZTECH::IZTECH_S017,2025-06-01,1484.7511111111112,3.171682908289847,15.696292682422532,1.5523020468305582,38.32,0.023156419647028414,FALSE,,,
KNUST::KNUST_S001::2024-10-08,KNUST,KNUST::KNUST_S001,2024-10-08,7723.949361111115,3.8878450405073672,12.71061712841193,-1.433373507180045,6.6750074282377385,-3.141342837529198,FALSE,,,
KNUST::KNUST_S001::2024-10-09,KNUST,KNUST::KNUST_S001,2024-10-09,6391.271916666676,3.805594090065607,12.705258833169937,-1.438731802422037,6.6750074282377385,-3.141342837529198,FALSE,,,
KNUST::KNUST_S001::2024-10-11,KNUST,KNUST::KNUST_S001,2024-10-11,5545.298527777769,3.743932762783711,12.694696087572309,-1.4492945480196653,6.6750074282377385,-3.141342837529198,FALSE,,,
KNUST::KNUST_S001::2024-10-12,KNUST,KNUST::KNUST_S001,2024-10-12,1151.9590277777788,3.0614747315016193,12.689493022296164,-1.4544976132958105,6.6750074282377385,-3.141342837529198,FALSE,,,
KNUST::KNUST_S001::2024-10-13,KNUST,KNUST::KNUST_S001,2024-10-13,221.18494444444448,2.34495186685484,12.684343072573343,-1.4596475630186312,6.6750074282377385,-3.141342837529198,FALSE,,,
KNUST::KNUST_S002::2024-10-15,KNUST,KNUST::KNUST_S002,2024-10-15,70.61327777777778,1.8495009685947004,12.674205210341347,-1.4697854252506275,6.6750074282377385,-3.141342837529198,FALSE,,,
KNUST::KNUST_S002::2024-10-16,KNUST,KNUST::KNUST_S002,2024-10-16,2066.3299722222246,3.31522069236983,12.66921862827407,-1.4747720073179043,6.6750074282377385,-3.141342837529198,FALSE,,,
KNUST::KNUST_S002::2024-10-17,KNUST,KNUST::KNUST_S002,2024-10-17,8791.360277777763,3.9440610181804727,12.664287823637327,-1.4797028119546471,6.6750074282377385,-3.141342837529198,FALSE,,,
KNUST::KNUST_S002::2024-10-18,KNUST,KNUST::KNUST_S002,2024-10-18,3655.084277777776,3.562909276999651,12.659413449234433,-1.4845771863575408,6.6750074282377385,-3.141342837529198,FALSE,,,
KNUST::KNUST_S002::2024-10-19,KNUST,KNUST::KNUST_S002,2024-10-19,15891.805805555554,4.201175982242331,12.654596153762606,-1.4893944818293683,6.6750074282377385,-3.141342837529198,FALSE,,,
KNUST::KNUST_S002::2024-10-20,KNUST,KNUST::KNUST_S002,2024-10-20,1056.4716944444451,3.023898971757652,12.64983658240901,-1.4941540531829638,6.6750074282377385,-3.141342837529198,FALSE,,,
KNUST::KNUST_S003::2024-10-22,KNUST,KNUST::KNUST_S003,2024-10-22,7218.820972222225,3.8584722874823156,12.640493177175522,-1.5034974584164527,6.6750074282377385,-3.141342837529198,FALSE,,,
KNUST::KNUST_S003::2024-10-23,KNUST,KNUST::KNUST_S003,2024-10-23,10803.408916666656,4.033564834713021,12.63591061969598,-1.5080800158959935,6.6750074282377385,-3.141342837529198,FALSE,,,
KNUST::KNUST_S003::2024-10-24,KNUST,KNUST::KNUST_S003,2024-10-24,372.8278055555551,2.571624765633085,12.6313883396652,-1.512602295926774,6.6750074282377385,-3.141342837529198,FALSE,,,
KNUST::KNUST_S003::2024-10-25,KNUST,KNUST::KNUST_S003,2024-10-25,9453.32452777779,3.975589161324474,12.626926970415646,-1.5170636651763285,6.6750074282377385,-3.141342837529198,FALSE,,,
KNUST::KNUST_S003::2024-10-26,KNUST,KNUST::KNUST_S003,2024-10-26,2052.4166944444464,3.3122866982034713,12.622527143955232,-1.5214634916367427,6.6750074282377385,-3.141342837529198,FALSE,,,
KNUST::KNUST_S003::2024-10-27,KNUST,KNUST::KNUST_S003,2024-10-27,8842.725388888886,3.9465910494875143,12.618189491497146,-1.525801144094828,6.6750074282377385,-3.141342837529198,FALSE,,,
KNUST::KNUST_S004::2024-10-30,KNUST,KNUST::KNUST_S004,2024-10-30,12861.492388888875,4.109294741752626,12.605555876758363,-1.5384347588336116,6.6750074282377385,-3.141342837529198,FALSE,,,
KNUST::KNUST_S004::2024-11-01,KNUST,KNUST::KNUST_S004,2024-11-01,13529.235583333342,4.131276469208324,12.597455877727933,-1.5465347578640412,6.6750074282377385,-3.141342837529198,FALSE,,,
KNUST::KNUST_S004::2024-11-02,KNUST,KNUST::KNUST_S004,2024-11-02,4287.264750000002,3.6321904329330073,12.593504488004578,-1.550486147587396,6.6750074282377385,-3.141342837529198,FALSE,,,
KNUST::KNUST_S005::2024-11-07,KNUST,KNUST::KNUST_S005,2024-11-07,10185.739638888888,4.007996834564105,12.57475878742006,-1.5692318481719134,6.6750074282377385,-3.141342837529198,FALSE,,,
KNUST::KNUST_S005::2024-11-08,KNUST,KNUST::KNUST_S005,2024-11-08,42.92858333333337,1.6337570476711192,12.571216297215885,-1.5727743383760888,6.6750074282377385,-3.141342837529198,FALSE,,,
KNUST::KNUST_S005::2024-11-09,KNUST,KNUST::KNUST_S005,2024-11-09,341.25783333333334,2.5332098733057795,12.56774415632089,-1.5762464792710844,6.6750074282377385,-3.141342837529198,FALSE,,,
KNUST::KNUST_S006::2024-11-12,KNUST,KNUST::KNUST_S006,2024-11-12,26389.546888888846,4.421433579108528,12.557756095329921,-1.586234540262053,6.6750074282377385,-3.141342837529198,FALSE,,,
KNUST::KNUST_S006::2024-11-13,KNUST,KNUST::KNUST_S006,2024-11-13,376.0692222222217,2.5753832591413643,12.55457161227862,-1.5894190233133543,6.6750074282377385,-3.141342837529198,FALSE,,,
KNUST::KNUST_S006::2024-11-14,KNUST,KNUST::KNUST_S006,2024-11-14,3895.269972222225,3.5905487121405444,12.55146060248216,-1.5925300331098136,6.6750074282377385,-3.141342837529198,FALSE,,,
KNUST::KNUST_S006::2024-11-15,KNUST,KNUST::KNUST_S006,2024-11-15,4217.776888888883,3.6250938994299022,12.548423685232798,-1.595566950359176,6.6750074282377385,-3.141342837529198,FALSE,,,
KNUST::KNUST_S006::2024-11-16,KNUST,KNUST::KNUST_S006,2024-11-16,8892.83844444444,3.9490452862062932,12.545461477438609,-1.5985291581533652,6.6750074282377385,-3.141342837529198,FALSE,,,
KNUST::KNUST_S006::2024-11-17,KNUST,KNUST::KNUST_S006,2024-11-17,27235.22777777774,4.4351326063843866,12.542574592497614,-1.6014160430943605,6.6750074282377385,-3.141342837529198,FALSE,,,
KNUST::KNUST_S007::2024-11-19,KNUST,KNUST::KNUST_S007,2024-11-19,18685.47322222222,4.27150642535555,12.53702922715081,-1.6069614084411636,6.6750074282377385,-3.141342837529198,FALSE,,,
KNUST::KNUST_S007::2024-11-20,KNUST,KNUST::KNUST_S007,2024-11-20,6403.789527777777,3.8064438313843114,12.534371952944332,-1.6096186826476426,6.6750074282377385,-3.141342837529198,FALSE,,,
KNUST::KNUST_S007::2024-11-21,KNUST,KNUST::KNUST_S007,2024-11-21,19074.136166666656,4.2804471555263275,12.531792413393656,-1.6121982221983178,6.6750074282377385,-3.141342837529198,FALSE,,,
KNUST::KNUST_S007::2024-11-22,KNUST,KNUST::KNUST_S007,2024-11-22,23452.6996111111,4.370194692811634,12.529291197525131,-1.6146994380668431,6.6750074282377385,-3.141342837529198,FALSE,,,
KNUST::KNUST_S008::2024-11-27,KNUST,KNUST::KNUST_S008,2024-11-27,7412.586833333329,3.869975652701241,12.517980072233412,-1.6260105633585624,6.6750074282377385,-3.141342837529198,FALSE,,,
KNUST::KNUST_S008::2024-11-28,KNUST,KNUST::KNUST_S008,2024-11-28,12973.991666666665,4.113076962053193,12.515960734354126,-1.6280299012378485,6.6750074282377385,-3.141342837529198,FALSE,,,
KNUST::KNUST_S008::2024-11-29,KNUST,KNUST::KNUST_S008,2024-11-29,17282.278861111106,4.2376035214268635,12.514023609823651,-1.6299670257683232,6.6750074282377385,-3.141342837529198,FALSE,,,
KNUST::KNUST_S008::2024-11-30,KNUST,KNUST::KNUST_S008,2024-11-30,732.2633055555561,2.8647265762168153,12.512169211175706,-1.6318214244162679,6.6750074282377385,-3.141342837529198,FALSE,,,
KNUST::KNUST_S008::2024-12-01,KNUST,KNUST::KNUST_S008,2024-12-01,16197.296638888882,4.209445217245027,12.510398037830988,-1.6335925977609858,6.6750074282377385,-3.141342837529198,FALSE,,,
KNUST::KNUST_S009::2024-12-03,KNUST,KNUST::KNUST_S009,2024-12-03,14331.723222222237,4.15630144266412,12.507107292148802,-1.6368833434431718,6.6750074282377385,-3.141342837529198,FALSE,,,
KNUST::KNUST_S009::2024-12-04,KNUST,KNUST::KNUST_S009,2024-12-04,7846.266333333331,3.8946685807284105,12.505588644080692,-1.638401991511282,6.6750074282377385,-3.141342837529198,FALSE,,,
KNUST::KNUST_S009::2024-12-05,KNUST,KNUST::KNUST_S009,2024-12-05,22907.557416666667,4.359980679628834,12.50415506793393,-1.6398355676580447,6.6750074282377385,-3.141342837529198,FALSE,,,
KNUST::KNUST_S009::2024-12-06,KNUST,KNUST::KNUST_S009,2024-12-06,8664.246250000004,3.9377357995105746,12.50280698345767,-1.6411836521343037,6.6750074282377385,-3.141342837529198,FALSE,,,
KNUST::KNUST_S009::2024-12-07,KNUST,KNUST::KNUST_S009,2024-12-07,5980.193694444449,3.776722512875456,12.501544791857402,-1.6424458437345724,6.6750074282377385,-3.141342837529198,FALSE,,,
KNUST::KNUST_S009::2024-12-08,KNUST,KNUST::KNUST_S009,2024-12-08,11728.014083333328,4.069228181846947,12.500368875066439,-1.6436217605255354,6.6750074282377385,-3.141342837529198,FALSE,,,
KNUST::KNUST_S010::2024-12-10,KNUST,KNUST::KNUST_S010,2024-12-10,321.22036111111123,2.5069382463670387,12.498277292450268,-1.645713343141706,6.6750074282377385,-3.141342837529198,FALSE,,,
KNUST::KNUST_S010::2024-12-11,KNUST,KNUST::KNUST_S010,2024-12-11,1128.6470833333317,3.052596641112148,12.49736228691207,-1.6466283486799043,6.6750074282377385,-3.141342837529198,FALSE,,,
KNUST::KNUST_S010::2024-12-12,KNUST,KNUST::KNUST_S010,2024-12-12,33956.42719444444,4.530923267631652,12.496534875300195,-1.6474557602917788,6.6750074282377385,-3.141342837529198,FALSE,,,
KNUST::KNUST_S010::2024-12-13,KNUST,KNUST::KNUST_S010,2024-12-13,1021.3601388888907,3.0092214235398114,12.495795331663556,-1.6481953039284178,6.6750074282377385,-3.141342837529198,FALSE,,,
KNUST::KNUST_S010::2024-12-14,KNUST,KNUST::KNUST_S010,2024-12-14,17389.348416666675,4.240285806649227,12.495143906407886,-1.648846729184088,6.6750074282377385,-3.141342837529198,FALSE,,,
KNUST::KNUST_S010::2024-12-15,KNUST,KNUST::KNUST_S010,2024-12-15,12613.520166666662,4.100839748965498,12.494580825832156,-1.6494098097598187,6.6750074282377385,-3.141342837529198,FALSE,,,
KNUST::KNUST_S011::2024-12-17,KNUST,KNUST::KNUST_S011,2024-12-17,30036.368944444443,4.477648876132434,12.493720479806264,-1.6502701557857105,6.6750074282377385,-3.141342837529198,FALSE,,,
KNUST::KNUST_S011::2024-12-18,KNUST,KNUST::KNUST_S011,2024-12-18,18598.358888888873,4.2694769590684265,12.493423541718059,-1.6505670938739154,6.6750074282377385,-3.141342837529198,FALSE,,,
KNUST::KNUST_S011::2024-12-19,KNUST,KNUST::KNUST_S011,2024-12-19,5079.773805555573,3.705852923655652,12.493215602106519,-1.6507750334854556,6.6750074282377385,-3.141342837529198,FALSE,,,
KNUST::KNUST_S011::2024-12-20,KNUST,KNUST::KNUST_S011,2024-12-20,11312.630555555552,4.053567443305876,12.49309675971667,-1.6508938758753047,6.6750074282377385,-3.141342837529198,FALSE,,,
KNUST::KNUST_S011::2024-12-21,KNUST,KNUST::KNUST_S011,2024-12-21,174.54813888888904,2.242163962005774,12.493067087067498,-1.6509235485244762,6.6750074282377385,-3.141342837529198,FALSE,,,
KNUST::KNUST_S011::2024-12-22,KNUST,KNUST::KNUST_S011,2024-12-22,116.6528333333333,2.067267428733663,12.493126629855897,-1.6508640057360768,6.6750074282377385,-3.141342837529198,FALSE,,,
KNUST::KNUST_S012::2025-01-07,KNUST,KNUST::KNUST_S012,2025-01-07,8345.519138888894,3.9214585613422486,12.50614821129375,-1.6378424242982241,6.6750074282377385,-3.141342837529198,FALSE,,,
KNUST::KNUST_S012::2025-01-08,KNUST,KNUST::KNUST_S012,2025-01-08,22108.837499999976,4.344567871978324,12.507706261078516,-1.6362843745134583,6.6750074282377385,-3.141342837529198,FALSE,,,
KNUST::KNUST_S012::2025-01-09,KNUST,KNUST::KNUST_S012,2025-01-09,938.8186666666658,2.9726279733654515,12.509350015123685,-1.6346406204682893,6.6750074282377385,-3.141342837529198,FALSE,,,
KNUST::KNUST_S012::2025-01-10,KNUST,KNUST::KNUST_S012,2025-01-10,24697.562694444463,4.392655855003162,12.51107906738917,-1.632911568202804,6.6750074282377385,-3.141342837529198,FALSE,,,
KNUST::KNUST_S012::2025-01-11,KNUST,KNUST::KNUST_S012,2025-01-11,16025.917666666686,4.204825617160266,12.512892994681994,-1.6310976409099798,6.6750074282377385,-3.141342837529198,FALSE,,,
KNUST::KNUST_S012::2025-01-12,KNUST,KNUST::KNUST_S012,2025-01-12,26890.480611111067,4.429600179444551,12.51479135685497,-1.6291992787370049,6.6750074282377385,-3.141342837529198,FALSE,,,
KNUST::KNUST_S013::2025-01-14,KNUST,KNUST::KNUST_S013,2025-01-14,16345.829583333338,4.21340962368864,12.518839546640715,-1.6251510889512595,6.6750074282377385,-3.141342837529198,FALSE,,,
KNUST::KNUST_S013::2025-01-15,KNUST,KNUST::KNUST_S013,2025-01-15,12607.451194444442,4.100630740338574,12.520988418327438,-1.6230022172645366,6.6750074282377385,-3.141342837529198,FALSE,,,
KNUST::KNUST_S013::2025-01-16,KNUST,KNUST::KNUST_S013,2025-01-16,8556.185916666676,3.932285288517061,12.523219814168081,-1.6207708214238927,6.6750074282377385,-3.141342837529198,FALSE,,,
KNUST::KNUST_S013::2025-01-17,KNUST,KNUST::KNUST_S013,2025-01-17,32622.295388888848,4.513515847139018,12.525533223284615,-1.6184574123073592,6.6750074282377385,-3.141342837529198,FALSE,,,
KNUST::KNUST_S014::2025-01-21,KNUST,KNUST::KNUST_S014,2025-01-21,3537.3131388888855,3.5486857845706807,12.535596380896038,-1.608394254695936,6.6750074282377385,-3.141342837529198,FALSE,,,
KNUST::KNUST_S014::2025-01-22,KNUST,KNUST::KNUST_S014,2025-01-22,13052.68655555556,4.115703236311443,12.53831181022856,-1.6056788253634142,6.6750074282377385,-3.141342837529198,FALSE,,,
KNUST::KNUST_S014::2025-01-23,KNUST,KNUST::KNUST_S014,2025-01-23,14192.544472222246,4.152063323765484,12.541105968819725,-1.6028846667722494,6.6750074282377385,-3.141342837529198,FALSE,,,
KNUST::KNUST_S014::2025-01-24,KNUST,KNUST::KNUST_S014,2025-01-24,311.65988888888984,2.493820238002267,12.54397827969657,-1.6000123558954034,6.6750074282377385,-3.141342837529198,FALSE,,,
KNUST::KNUST_S014::2025-01-25,KNUST,KNUST::KNUST_S014,2025-01-25,5015.266805555559,3.70030270122547,12.546928159528308,-1.597062476063666,6.6750074282377385,-3.141342837529198,FALSE,,,
KNUST::KNUST_S014::2025-01-26,KNUST,KNUST::KNUST_S014,2025-01-26,1635.7997222222214,3.2137566786627545,12.549955018825,-1.5940356167669734,6.6750074282377385,-3.141342837529198,FALSE,,,
KNUST::KNUST_S015::2025-01-28,KNUST,KNUST::KNUST_S015,2025-01-28,4933.30633333333,3.693146887012312,12.556237291826141,-1.5877533437658329,6.6750074282377385,-3.141342837529198,FALSE,,,
KNUST::KNUST_S015::2025-01-29,KNUST,KNUST::KNUST_S015,2025-01-29,27820.12736111113,4.444360674946915,12.55949150145054,-1.584499134141435,6.6750074282377385,-3.141342837529198,FALSE,,,
KNUST::KNUST_S015::2025-01-30,KNUST,KNUST::KNUST_S015,2025-01-30,12392.782055555543,4.093172316486764,12.562820283836789,-1.5811703517551852,6.6750074282377385,-3.141342837529198,FALSE,,,
KNUST::KNUST_S015::2025-01-31,KNUST,KNUST::KNUST_S015,2025-01-31,16080.260416666657,4.206295778567616,12.56622302737501,-1.5777676082169645,6.6750074282377385,-3.141342837529198,FALSE,,,
KNUST::KNUST_S015::2025-02-01,KNUST,KNUST::KNUST_S015,2025-02-01,23172.673361111112,4.364978014081226,12.569699117210176,-1.5742915183817985,6.6750074282377385,-3.141342837529198,FALSE,,,
RISE::RISE_S001::2025-03-04,RISE,RISE::RISE_S001,2025-03-04,5817.327750000001,3.764730998237897,12.179657288326158,-1.964333347265816,57.715675,1.9627239196470283,FALSE,,,
RISE::RISE_S001::2025-03-05,RISE,RISE::RISE_S001,2025-03-05,985.422416666668,2.9936665071785415,12.261009983155462,-1.8829806524365118,57.715675,1.9627239196470283,FALSE,,,
RISE::RISE_S001::2025-03-06,RISE,RISE::RISE_S001,2025-03-06,5621.215805555549,3.749837984644911,12.34262978831927,-1.8013608472727043,57.715675,1.9627239196470283,FALSE,,,
RISE::RISE_S001::2025-03-07,RISE,RISE::RISE_S001,2025-03-07,24304.90647222221,4.385695741059605,12.424510966539383,-1.7194796690525909,57.715675,1.9627239196470283,FALSE,,,
RISE::RISE_S001::2025-03-08,RISE,RISE::RISE_S001,2025-03-08,3721.5698888888933,3.5707378487001704,12.506648212075234,-1.6373424235167402,57.715675,1.9627239196470283,FALSE,,,
RISE::RISE_S001::2025-03-09,RISE,RISE::RISE_S001,2025-03-09,37136.26436111114,4.569799384185833,12.58903662721316,-1.5549540083788145,57.715675,1.9627239196470283,FALSE,,,
RISE::RISE_S002::2025-03-18,RISE,RISE::RISE_S002,2025-03-18,5553.070000000003,3.7445409687961444,13.341199753284455,-0.8027908823075194,57.715675,1.9627239196470283,FALSE,,,
RISE::RISE_S002::2025-03-19,RISE,RISE::RISE_S002,2025-03-19,7440.455583333336,3.87160536535331,13.42590415040652,-0.718086485185454,57.715675,1.9627239196470283,FALSE,,,
RISE::RISE_S002::2025-03-20,RISE,RISE::RISE_S002,2025-03-20,6813.782749999995,3.8333946561666816,13.510826363431082,-0.6331642721608919,57.715675,1.9627239196470283,FALSE,,,
RISE::RISE_S002::2025-03-21,RISE,RISE::RISE_S002,2025-03-21,9090.312000000007,3.958583566970232,13.595964657399389,-0.5480259781925856,57.715675,1.9627239196470283,FALSE,,,
RISE::RISE_S002::2025-03-22,RISE,RISE::RISE_S002,2025-03-22,1952.5003055555542,3.290613352936208,13.68131742046939,-0.4626732151225834,57.715675,1.9627239196470283,FALSE,,,
RISE::RISE_S002::2025-03-23,RISE,RISE::RISE_S002,2025-03-23,1921.3091666666671,3.283619858304467,13.766883142524295,-0.37710749306767966,57.715675,1.9627239196470283,FALSE,,,
RISE::RISE_S003::2025-03-18,RISE,RISE::RISE_S003,2025-03-18,4040.9801944444453,3.606497469017041,13.341199753284455,-0.8027908823075194,57.715675,1.9627239196470283,FALSE,,,
RISE::RISE_S003::2025-03-19,RISE,RISE::RISE_S003,2025-03-19,14674.057750000004,4.166553183512523,13.42590415040652,-0.718086485185454,57.715675,1.9627239196470283,FALSE,,,
RISE::RISE_S003::2025-03-20,RISE,RISE::RISE_S003,2025-03-20,13733.908777777775,4.137797320627667,13.510826363431082,-0.6331642721608919,57.715675,1.9627239196470283,FALSE,,,
RISE::RISE_S003::2025-03-21,RISE,RISE::RISE_S003,2025-03-21,22065.396972222246,4.3437137133315105,13.595964657399389,-0.5480259781925856,57.715675,1.9627239196470283,FALSE,,,
RISE::RISE_S003::2025-03-22,RISE,RISE::RISE_S003,2025-03-22,24929.632694444426,4.396717621867185,13.68131742046939,-0.4626732151225834,57.715675,1.9627239196470283,FALSE,,,
RISE::RISE_S003::2025-03-23,RISE,RISE::RISE_S003,2025-03-23,629.5620555555553,2.7991075228091953,13.766883142524295,-0.37710749306767966,57.715675,1.9627239196470283,FALSE,,,
RISE::RISE_S004::2025-03-25,RISE,RISE::RISE_S004,2025-03-25,2371.703722222227,3.375078746293064,13.938647803200615,-0.2053428323913593,57.715675,1.9627239196470283,FALSE,,,
RISE::RISE_S004::2025-03-26,RISE,RISE::RISE_S004,2025-03-26,25961.1191388889,4.414325083076717,14.024844036764568,-0.11914659882740608,57.715675,1.9627239196470283,FALSE,,,
RISE::RISE_S004::2025-03-27,RISE,RISE::RISE_S004,2025-03-27,1700.7356111111108,3.2306623402807872,14.111247775289748,-0.03274286030222662,57.715675,1.9627239196470283,FALSE,,,
RISE::RISE_S004::2025-03-28,RISE,RISE::RISE_S004,2025-03-28,3102.2349722222184,3.4916886886205765,14.19785769297017,0.05386705737819497,57.715675,1.9627239196470283,FALSE,,,
RISE::RISE_S004::2025-03-29,RISE,RISE::RISE_S004,2025-03-29,30790.00408333332,4.488411157001312,14.284672434462442,0.1406817988704674,57.715675,1.9627239196470283,FALSE,,,
RISE::RISE_S004::2025-03-30,RISE,RISE::RISE_S004,2025-03-30,2699.113805555555,3.431237286518488,14.371690592434671,0.22769995684269695,57.715675,1.9627239196470283,FALSE,,,
RISE::RISE_S005::2025-04-01,RISE,RISE::RISE_S005,2025-04-01,17793.993055555522,4.250275857414026,14.54633112874296,0.4023404931509855,57.715675,1.9627239196470283,FALSE,,,
RISE::RISE_S005::2025-04-02,RISE,RISE::RISE_S005,2025-04-02,30493.06597222222,4.484202517605303,14.633950222267044,0.4899595866750701,57.715675,1.9627239196470283,FALSE,,,
RISE::RISE_S005::2025-04-03,RISE,RISE::RISE_S005,2025-04-03,34397.13816666667,4.536523573468956,14.721766114168696,0.5777754785767222,57.715675,1.9627239196470283,FALSE,,,
RISE::RISE_S005::2025-04-04,RISE,RISE::RISE_S005,2025-04-04,31432.119000000028,4.497375041706022,14.809776781466272,0.6657861458742982,57.715675,1.9627239196470283,FALSE,,,
RISE::RISE_S005::2025-04-05,RISE,RISE::RISE_S005,2025-04-05,23248.874750000014,4.366403805818011,14.897980003555615,0.7539893679636407,57.715675,1.9627239196470283,FALSE,,,
RISE::RISE_S005::2025-04-06,RISE,RISE::RISE_S005,2025-04-06,3549.6221666666675,3.5501943625746826,14.986373335785336,0.8423827001933617,57.715675,1.9627239196470283,FALSE,,,
RISE::RISE_S006::2025-04-15,RISE,RISE::RISE_S006,2025-04-15,11845.096499999998,4.0735422696309955,15.78991743306319,1.6459267974712155,57.715675,1.9627239196470283,FALSE,,,
RISE::RISE_S006::2025-04-16,RISE,RISE::RISE_S006,2025-04-16,5772.478277777777,3.7613698307839214,15.880007472435633,1.7360168368436586,57.715675,1.9627239196470283,FALSE,,,
RISE::RISE_S006::2025-04-17,RISE,RISE::RISE_S006,2025-04-17,25164.894666666663,4.400796842691136,15.970237473911709,1.8262468383197348,57.715675,1.9627239196470283,FALSE,,,
RISE::RISE_S006::2025-04-18,RISE,RISE::RISE_S006,2025-04-18,28684.650999999983,4.457651084311005,16.060599889622793,1.9166092540308188,57.715675,1.9627239196470283,FALSE,,,
RISE::RISE_S006::2025-04-19,RISE,RISE::RISE_S006,2025-04-19,678.0884999999995,2.8313504212001233,16.15108650598261,2.0070958703906374,57.715675,1.9627239196470283,FALSE,,,
RISE::RISE_S006::2025-04-20,RISE,RISE::RISE_S006,2025-04-20,1747.9800833333336,3.242561324724631,16.241688398917518,2.0976977633255434,57.715675,1.9627239196470283,FALSE,,,
RISE::RISE_S007::2025-04-15,RISE,RISE::RISE_S007,2025-04-15,68889.63883333333,4.838154538309164,15.78991743306319,1.6459267974712155,57.715675,1.9627239196470283,FALSE,,,
RISE::RISE_S007::2025-04-16,RISE,RISE::RISE_S007,2025-04-16,10132.418249999997,4.005717394636001,15.880007472435633,1.7360168368436586,57.715675,1.9627239196470283,FALSE,,,
RISE::RISE_S007::2025-04-17,RISE,RISE::RISE_S007,2025-04-17,18726.802805555562,4.27246595646326,15.970237473911709,1.8262468383197348,57.715675,1.9627239196470283,FALSE,,,
RISE::RISE_S007::2025-04-18,RISE,RISE::RISE_S007,2025-04-18,49621.77638888895,4.695673182546687,16.060599889622793,1.9166092540308188,57.715675,1.9627239196470283,FALSE,,,
RISE::RISE_S007::2025-04-19,RISE,RISE::RISE_S007,2025-04-19,9810.524833333358,3.991696668238987,16.15108650598261,2.0070958703906374,57.715675,1.9627239196470283,FALSE,,,
RISE::RISE_S007::2025-04-20,RISE,RISE::RISE_S007,2025-04-20,7090.087388888894,3.8506577134461093,16.241688398917518,2.0976977633255434,57.715675,1.9627239196470283,FALSE,,,
RISE::RISE_S008::2025-04-29,RISE,RISE::RISE_S008,2025-04-29,20211.828388888895,4.305607750858223,17.06040390630563,2.9164132707136563,57.715675,1.9627239196470283,FALSE,,,
RISE::RISE_S008::2025-04-30,RISE,RISE::RISE_S008,2025-04-30,96911.84013888887,4.986377288061856,17.151474550233946,3.0074839146419716,57.715675,1.9627239196470283,FALSE,,,
RISE::RISE_S008::2025-05-01,RISE,RISE::RISE_S008,2025-05-01,114421.6928333331,5.058508748284776,17.242500105102856,3.0985094695108817,57.715675,1.9627239196470283,FALSE,,,
RISE::RISE_S008::2025-05-02,RISE,RISE::RISE_S008,2025-05-02,77967.32311111112,4.89191318066009,17.33345867547724,3.1894680398852646,57.715675,1.9627239196470283,FALSE,,,
RISE::RISE_S008::2025-05-03,RISE,RISE::RISE_S008,2025-05-03,90713.05747222235,4.957670283787253,17.424326815075343,3.2803361794833688,57.715675,1.9627239196470283,FALSE,,,
RISE::RISE_S008::2025-05-04,RISE,RISE::RISE_S008,2025-05-04,71291.59130555564,4.8530389179246205,17.515079435838594,3.3710888002466195,57.715675,1.9627239196470283,FALSE,,,
RISE::RISE_S009::2025-05-27,RISE,RISE::RISE_S009,2025-05-27,9878.596305555557,3.9946996343992054,19.47890533533361,5.334914699741637,57.715675,1.9627239196470283,FALSE,,,
RISE::RISE_S009::2025-05-28,RISE,RISE::RISE_S009,2025-05-28,3357.442805555552,3.5260215582277423,19.55297898358769,5.408988347995715,57.715675,1.9627239196470283,FALSE,,,
RISE::RISE_S009::2025-05-29,RISE,RISE::RISE_S009,2025-05-29,110929.84883333332,5.045048812669786,19.625408908989694,5.48141827339772,57.715675,1.9627239196470283,FALSE,,,
RISE::RISE_S009::2025-05-30,RISE,RISE::RISE_S009,2025-05-30,3181.4958333333348,3.5026450092195867,19.696082001328467,5.5520913657364925,57.715675,1.9627239196470283,FALSE,,,
RISE::RISE_S009::2025-05-31,RISE,RISE::RISE_S009,2025-05-31,101160.72844444436,5.005012377289385,19.76488055811988,5.6208899225279065,57.715675,1.9627239196470283,FALSE,,,
RISE::RISE_S009::2025-06-01,RISE,RISE::RISE_S009,2025-06-01,22405.918250000002,4.350364685375044,19.831682472030323,5.687691836438349,57.715675,1.9627239196470283,FALSE,,,
RISE::RISE_S010::2025-06-10,RISE,RISE::RISE_S010,2025-06-10,3424.8961388888883,3.534660086234227,20.321251919137108,6.177261283545134,57.715675,1.9627239196470283,FALSE,,,
RISE::RISE_S010::2025-06-11,RISE,RISE::RISE_S010,2025-06-11,10258.302222222215,4.011079723338332,20.360735110441844,6.21674447484987,57.715675,1.9627239196470283,FALSE,,,
RISE::RISE_S010::2025-06-12,RISE,RISE::RISE_S010,2025-06-12,168924.60733333335,5.22769317517062,20.396744766698944,6.25275413110697,57.715675,1.9627239196470283,FALSE,,,
RISE::RISE_S010::2025-06-13,RISE,RISE::RISE_S010,2025-06-13,1718.6554722222215,3.235214093895578,20.429159809152285,6.285169173560311,57.715675,1.9627239196470283,FALSE,,,
RISE::RISE_S010::2025-06-14,RISE,RISE::RISE_S010,2025-06-14,113283.76427777777,5.054168055016347,20.457867281238237,6.313876645646262,57.715675,1.9627239196470283,FALSE,,,
RISE::RISE_S012::2025-06-10,RISE,RISE::RISE_S012,2025-06-10,5915.102583333332,3.771969622897541,20.321251919137108,6.177261283545134,57.715675,1.9627239196470283,FALSE,,,
RISE::RISE_S012::2025-06-11,RISE,RISE::RISE_S012,2025-06-11,69861.81413888886,4.844240480651307,20.360735110441844,6.21674447484987,57.715675,1.9627239196470283,FALSE,,,
RISE::RISE_S012::2025-06-12,RISE,RISE::RISE_S012,2025-06-12,107024.20561111117,5.0294824187512335,20.396744766698944,6.25275413110697,57.715675,1.9627239196470283,FALSE,,,
RISE::RISE_S012::2025-06-13,RISE,RISE::RISE_S012,2025-06-13,124454.10938888883,5.0950095902451364,20.429159809152285,6.285169173560311,57.715675,1.9627239196470283,FALSE,,,
RISE::RISE_S012::2025-06-14,RISE,RISE::RISE_S012,2025-06-14,193950.30338888886,5.2876906872069505,20.457867281238237,6.313876645646262,57.715675,1.9627239196470283,FALSE,,,
RISE::RISE_S012::2025-06-15,RISE,RISE::RISE_S012,2025-06-15,41430.09858333341,4.6173170149647,20.482763924863605,6.33877328927163,57.715675,1.9627239196470283,FALSE,,,
RISE::RISE_S012::2025-06-16,RISE,RISE::RISE_S012,2025-06-16,48884.530666666775,4.689172338350026,20.503757714099354,6.35976707850738,57.715675,1.9627239196470283,FALSE,,,
RISE::RISE_S013::2025-06-24,RISE,RISE::RISE_S013,2025-06-24,16368.070000000002,4.214000126978943,20.52484733098083,6.3808566953888555,57.715675,1.9627239196470283,FALSE,,,
RISE::RISE_S013::2025-06-25,RISE,RISE::RISE_S013,2025-06-25,9491.478499999997,3.9773384439164983,20.508991887436974,6.365001251844999,57.715675,1.9627239196470283,FALSE,,,
RISE::RISE_S013::2025-06-26,RISE,RISE::RISE_S013,2025-06-26,18042.08675000001,4.256289173777075,20.489147805107965,6.345157169515991,57.715675,1.9627239196470283,FALSE,,,
RISE::RISE_S013::2025-06-27,RISE,RISE::RISE_S013,2025-06-27,3686.4490555555553,3.5666200172748797,20.465393348733585,6.321402713141611,57.715675,1.9627239196470283,FALSE,,,
RISE::RISE_S013::2025-06-28,RISE,RISE::RISE_S013,2025-06-28,9808.598111111114,3.9916113681667733,20.43781963951058,6.293829003918605,57.715675,1.9627239196470283,FALSE,,,
RISE::RISE_S013::2025-06-29,RISE,RISE::RISE_S013,2025-06-29,40885.56344444448,4.611571049365208,20.406529225375916,6.262538589783942,57.715675,1.9627239196470283,FALSE,,,
RISE::RISE_S016::2025-10-07,RISE,RISE::RISE_S016,2025-10-07,1000.2608055555562,3.000156667600247,12.295595754848586,-1.8483948807433883,57.715675,1.9627239196470283,FALSE,,,
RISE::RISE_S016::2025-10-08,RISE,RISE::RISE_S016,2025-10-08,1104.6820000000012,3.0432765897520047,12.215335908797051,-1.9286547267949228,57.715675,1.9627239196470283,FALSE,,,
RISE::RISE_S016::2025-10-09,RISE,RISE::RISE_S016,2025-10-09,1467.2522222222208,3.1665343741069893,12.135332807037566,-2.0086578285544086,57.715675,1.9627239196470283,FALSE,,,
RISE::RISE_S016::2025-10-10,RISE,RISE::RISE_S016,2025-10-10,359.0466111111112,2.5552717728083323,12.055592330296834,-2.08839830529514,57.715675,1.9627239196470283,FALSE,,,
RISE::RISE_S016::2025-10-11,RISE,RISE::RISE_S016,2025-10-11,1516.0963333333325,3.180755442036426,11.976120831569036,-2.1678698040229385,57.715675,1.9627239196470283,FALSE,,,
RISE::RISE_S016::2025-10-12,RISE,RISE::RISE_S016,2025-10-12,1448.93325,3.1610783510514686,11.896925158434444,-2.2470654771575305,57.715675,1.9627239196470283,FALSE,,,
THUAS::THUAS_S001::2025-02-22,THUAS,THUAS::THUAS_S001,2025-02-22,179.53480555555558,2.2543904882122354,11.59127261598905,-2.552718019602924,52.0116,1.3923164196470283,FALSE,,,
THUAS::THUAS_S001::2025-02-23,THUAS,THUAS::THUAS_S001,2025-02-23,21649.214222222206,4.3354441439123965,11.654367930557992,-2.489622705033982,52.0116,1.3923164196470283,FALSE,,,
THUAS::THUAS_S001::2025-02-24,THUAS,THUAS::THUAS_S001,2025-02-24,339.5389166666667,2.5310174469584124,11.717774412168398,-2.4262162234235767,52.0116,1.3923164196470283,FALSE,,,
THUAS::THUAS_S001::2025-02-25,THUAS,THUAS::THUAS_S001,2025-02-25,550.84675,2.741109625532876,11.781480873823165,-2.362509761768809,52.0116,1.3923164196470283,FALSE,,,
THUAS::THUAS_S001::2025-02-26,THUAS,THUAS::THUAS_S001,2025-02-26,14616.145027777791,4.164835814949287,11.845476604236497,-2.2985140313554773,52.0116,1.3923164196470283,FALSE,,,
THUAS::THUAS_S001::2025-02-27,THUAS,THUAS::THUAS_S001,2025-02-27,534.5470555555547,2.7280671793901874,11.909751350416078,-2.234239285175896,52.0116,1.3923164196470283,FALSE,,,
THUAS::THUAS_S001::2025-02-28,THUAS,THUAS::THUAS_S001,2025-02-28,5008.712249999995,3.6997347529278537,11.974295300576422,-2.169695335015552,52.0116,1.3923164196470283,FALSE,,,
THUAS::THUAS_S001::2025-03-02,THUAS,THUAS::THUAS_S001,2025-03-02,128.08883333333347,2.1078501949726873,12.10415366133054,-2.0398369742614335,52.0116,1.3923164196470283,FALSE,,,
THUAS::THUAS_S002::2025-03-04,THUAS,THUAS::THUAS_S002,2025-03-04,21833.717111111077,4.339129668158763,12.234981320500374,-1.9090093150916,52.0116,1.3923164196470283,FALSE,,,
THUAS::THUAS_S002::2025-03-05,THUAS,THUAS::THUAS_S002,2025-03-05,3989.2468888888843,3.6009018015091896,12.300738272799386,-1.8432523627925885,52.0116,1.3923164196470283,FALSE,,,
THUAS::THUAS_S002::2025-03-06,THUAS,THUAS::THUAS_S002,2025-03-06,212.3712500000001,2.3273001729224725,12.366713795595698,-1.7772768399962757,52.0116,1.3923164196470283,FALSE,,,
THUAS::THUAS_S002::2025-03-07,THUAS,THUAS::THUAS_S002,2025-03-07,13055.766999999982,4.115805717278328,12.432900649176704,-1.7110899864152707,52.0116,1.3923164196470283,FALSE,,,
THUAS::THUAS_S002::2025-03-08,THUAS,THUAS::THUAS_S002,2025-03-08,1886.8572500000012,3.2757620611085394,12.499291886356142,-1.6446987492358325,52.0116,1.3923164196470283,FALSE,,,
THUAS::THUAS_S002::2025-03-09,THUAS,THUAS::THUAS_S002,2025-03-09,0,-1,12.565880832738346,-1.5781098028536285,52.0116,1.3923164196470283,FALSE,,,
THUAS::THUAS_S003::2025-03-18,THUAS,THUAS::THUAS_S003,2025-03-18,3412.729972222228,3.533114652191607,13.173087510267893,-0.9709031253240816,52.0116,1.3923164196470283,FALSE,,,
THUAS::THUAS_S003::2025-03-19,THUAS,THUAS::THUAS_S003,2025-03-19,60544.22974999999,4.782073475743361,13.241332811580763,-0.9026578240112109,52.0116,1.3923164196470283,FALSE,,,
THUAS::THUAS_S003::2025-03-20,THUAS,THUAS::THUAS_S003,2025-03-20,39068.716972222246,4.591830260720188,13.309714924295744,-0.8342757112962307,52.0116,1.3923164196470283,FALSE,,,
THUAS::THUAS_S003::2025-03-21,THUAS,THUAS::THUAS_S003,2025-03-21,18101.253583333273,4.257711051763804,13.378228944804933,-0.7657616907870413,52.0116,1.3923164196470283,FALSE,,,
THUAS::THUAS_S003::2025-03-22,THUAS,THUAS::THUAS_S003,2025-03-22,1592.8824166666639,3.2022109820868905,13.446869988971287,-0.6971206466206876,52.0116,1.3923164196470283,FALSE,,,
THUAS::THUAS_S003::2025-03-23,THUAS,THUAS::THUAS_S003,2025-03-23,54319.025333333375,4.734952768158212,13.515633172988892,-0.6283574626030823,52.0116,1.3923164196470283,FALSE,,,
THUAS::THUAS_S005::2025-03-25,THUAS,THUAS::THUAS_S005,2025-03-25,2816.0598888888912,3.449657308456904,13.653506302436194,-0.49048433315578066,52.0116,1.3923164196470283,FALSE,,,
THUAS::THUAS_S005::2025-03-26,THUAS,THUAS::THUAS_S005,2025-03-26,3617.159111111113,3.5583796192109625,13.72260629620817,-0.4213843393838044,52.0116,1.3923164196470283,FALSE,,,
THUAS::THUAS_S005::2025-03-27,THUAS,THUAS::THUAS_S005,2025-03-27,8804.230249999991,3.9446963245517628,13.791808485322528,-0.35218215026944577,52.0116,1.3923164196470283,FALSE,,,
THUAS::THUAS_S005::2025-03-28,THUAS,THUAS::THUAS_S005,2025-03-28,6172.483888888891,3.790467000950502,13.861107677883572,-0.2828829577084022,52.0116,1.3923164196470283,FALSE,,,
THUAS::THUAS_S005::2025-03-29,THUAS,THUAS::THUAS_S005,2025-03-29,3672.3748055555566,3.564958825062504,13.930498557686805,-0.213492077905169,52.0116,1.3923164196470283,FALSE,,,
THUAS::THUAS_S005::2025-03-30,THUAS,THUAS::THUAS_S005,2025-03-30,2243.468833333332,3.3509393983523803,13.9999756623639,-0.14401497322807444,52.0116,1.3923164196470283,FALSE,,,
THUAS::THUAS_S006::2025-04-01,THUAS,THUAS::THUAS_S006,2025-04-01,37358.96605555556,4.5723960107061155,14.13916583571169,-0.004824799880283948,52.0116,1.3923164196470283,FALSE,,,
THUAS::THUAS_S006::2025-04-02,THUAS,THUAS::THUAS_S006,2025-04-02,39095.674027777844,4.59212981582028,14.208867051866319,0.0648764162743447,52.0116,1.3923164196470283,FALSE,,,
THUAS::THUAS_S006::2025-04-03,THUAS,THUAS::THUAS_S006,2025-04-03,39081.8915277777,4.591976686251627,14.27863074236446,0.13464010677248517,52.0116,1.3923164196470283,FALSE,,,
THUAS::THUAS_S006::2025-04-05,THUAS,THUAS::THUAS_S006,2025-04-05,131597.4492499999,5.119247801457935,14.418319160474672,0.2743285248826979,52.0116,1.3923164196470283,FALSE,,,
THUAS::THUAS_S006::2025-04-06,THUAS,THUAS::THUAS_S006,2025-04-06,30119.466638888873,4.478848718933271,14.488229966627227,0.3442393310352525,52.0116,1.3923164196470283,FALSE,,,
THUAS::THUAS_S007::2025-04-08,THUAS,THUAS::THUAS_S007,2025-04-08,12370.981833333331,4.092407679718307,14.628147530357042,0.48415689476506785,52.0116,1.3923164196470283,FALSE,,,
THUAS::THUAS_S007::2025-04-09,THUAS,THUAS::THUAS_S007,2025-04-09,44082.97597222222,4.6442718905432505,14.698138311372864,0.5541476757808894,52.0116,1.3923164196470283,FALSE,,,
THUAS::THUAS_S007::2025-04-10,THUAS,THUAS::THUAS_S007,2025-04-10,6586.807722222226,3.818681579334879,14.76813911543952,0.6241484798475465,52.0116,1.3923164196470283,FALSE,,,
THUAS::THUAS_S007::2025-04-11,THUAS,THUAS::THUAS_S007,2025-04-11,0.23991666666666664,-0.46862754073053026,14.838140927619405,0.6941502920274303,52.0116,1.3923164196470283,FALSE,,,
THUAS::THUAS_S007::2025-04-12,THUAS,THUAS::THUAS_S007,2025-04-12,3512.8509166666668,3.545672081824551,14.908134275078773,0.7641436394867984,52.0116,1.3923164196470283,FALSE,,,
THUAS::THUAS_S007::2025-04-13,THUAS,THUAS::THUAS_S007,2025-04-13,3183.1819166666605,3.5028751021557225,14.978109200398126,0.8341185648061522,52.0116,1.3923164196470283,FALSE,,,
THUAS::THUAS_S010::2025-06-03,THUAS,THUAS::THUAS_S010,2025-06-03,15754.35072222222,4.197403266128466,18.042194473081164,3.8982038374891896,52.0116,1.3923164196470283,FALSE,,,
THUAS::THUAS_S010::2025-06-05,THUAS,THUAS::THUAS_S010,2025-06-05,13204.823666666658,4.12073589503622,18.110051562454967,3.9660609268629923,52.0116,1.3923164196470283,FALSE,,,
THUAS::THUAS_S010::2025-06-06,THUAS,THUAS::THUAS_S010,2025-06-06,37456.03825,4.57352299932941,18.14129734608862,3.9973067104966464,52.0116,1.3923164196470283,FALSE,,,
THUAS::THUAS_S010::2025-06-07,THUAS,THUAS::THUAS_S010,2025-06-07,7829.567749999985,3.8937433332708267,18.170695600642098,4.026704965050124,52.0116,1.3923164196470283,FALSE,,,
THUAS::THUAS_S010::2025-06-08,THUAS,THUAS::THUAS_S010,2025-06-08,5576.741861111118,3.7463883296591156,18.198204170399244,4.054213534807269,52.0116,1.3923164196470283,FALSE,,,
THUAS::THUAS_S010::2025-06-09,THUAS,THUAS::THUAS_S010,2025-06-09,38915.50397222223,4.5901237751103166,18.223782843152684,4.079792207560709,52.0116,1.3923164196470283,FALSE,,,
THUAS::THUAS_S011::2025-05-13,THUAS,THUAS::THUAS_S011,2025-05-13,25656.770527777775,4.409203682615596,16.991607664691077,2.847617029099103,52.0116,1.3923164196470283,FALSE,,,
THUAS::THUAS_S011::2025-05-14,THUAS,THUAS::THUAS_S011,2025-05-14,38138.20833333336,4.5813614255271835,17.05210279080603,2.908112155214054,52.0116,1.3923164196470283,FALSE,,,
THUAS::THUAS_S011::2025-05-15,THUAS,THUAS::THUAS_S011,2025-05-15,8736.56444444444,3.9413456557615842,17.111836332347657,2.967845696755683,52.0116,1.3923164196470283,FALSE,,,
THUAS::THUAS_S011::2025-05-16,THUAS,THUAS::THUAS_S011,2025-05-16,11579.969888888894,4.063711180485304,17.170767495963307,3.026776860371333,52.0116,1.3923164196470283,FALSE,,,
THUAS::THUAS_S011::2025-05-17,THUAS,THUAS::THUAS_S011,2025-05-17,71643.46516666654,4.855177189316653,17.22885436197122,3.084863726379245,52.0116,1.3923164196470283,FALSE,,,
THUAS::THUAS_S011::2025-05-18,THUAS,THUAS::THUAS_S011,2025-05-18,5544.058666666667,3.7438356507292476,17.286053916414577,3.1420632808226028,52.0116,1.3923164196470283,FALSE,,,
THUAS::THUAS_S014::2025-07-08,THUAS,THUAS::THUAS_S014,2025-07-08,17981.719055555546,4.254833623205323,18.05177746653557,3.9077868309435946,52.0116,1.3923164196470283,FALSE,,,
THUAS::THUAS_S014::2025-07-09,THUAS,THUAS::THUAS_S014,2025-07-09,18808.416333333313,4.274354538577512,18.01588496943315,3.8718943338411744,52.0116,1.3923164196470283,FALSE,,,
THUAS::THUAS_S014::2025-07-10,THUAS,THUAS::THUAS_S014,2025-07-10,2529.1486944444437,3.402991534490598,17.978340305818453,3.8343496702264783,52.0116,1.3923164196470283,FALSE,,,
THUAS::THUAS_S014::2025-07-11,THUAS,THUAS::THUAS_S014,2025-07-11,33205.200749999996,4.521207418123242,17.939192422562176,3.7952017869702015,52.0116,1.3923164196470283,FALSE,,,
THUAS::THUAS_S014::2025-07-12,THUAS,THUAS::THUAS_S014,2025-07-12,33451.89519444444,4.524422025724064,17.898490925100116,3.754500289508142,52.0116,1.3923164196470283,FALSE,,,
THUAS::THUAS_S014::2025-07-13,THUAS,THUAS::THUAS_S014,2025-07-13,11232.206277777805,4.05046893710547,17.856285890539485,3.7122952549475112,52.0116,1.3923164196470283,FALSE,,,
THUAS::THUAS_S015::2025-07-08,THUAS,THUAS::THUAS_S015,2025-07-08,40898.542361111075,4.6117088917514995,18.05177746653557,3.9077868309435946,52.0116,1.3923164196470283,FALSE,,,
THUAS::THUAS_S015::2025-07-09,THUAS,THUAS::THUAS_S015,2025-07-09,7751.619472222223,3.8893980475991623,18.01588496943315,3.8718943338411744,52.0116,1.3923164196470283,FALSE,,,
THUAS::THUAS_S015::2025-07-10,THUAS,THUAS::THUAS_S015,2025-07-10,35470.8440277778,4.549872746988968,17.978340305818453,3.8343496702264783,52.0116,1.3923164196470283,FALSE,,,
THUAS::THUAS_S015::2025-07-11,THUAS,THUAS::THUAS_S015,2025-07-11,25592.634027777764,4.40811668329838,17.939192422562176,3.7952017869702015,52.0116,1.3923164196470283,FALSE,,,
THUAS::THUAS_S015::2025-07-12,THUAS,THUAS::THUAS_S015,2025-07-12,38347.9287222222,4.583743043980825,17.898490925100116,3.754500289508142,52.0116,1.3923164196470283,FALSE,,,
THUAS::THUAS_S015::2025-07-13,THUAS,THUAS::THUAS_S015,2025-07-13,286.29777777777775,2.456969643864195,17.856285890539485,3.7122952549475112,52.0116,1.3923164196470283,FALSE,,,
THUAS::THUAS_S016::2025-07-08,THUAS,THUAS::THUAS_S016,2025-07-08,12208.693916666678,4.086672762945055,18.05177746653557,3.9077868309435946,52.0116,1.3923164196470283,FALSE,,,
THUAS::THUAS_S016::2025-07-09,THUAS,THUAS::THUAS_S016,2025-07-09,10493.782027777808,4.02093617755118,18.01588496943315,3.8718943338411744,52.0116,1.3923164196470283,FALSE,,,
THUAS::THUAS_S016::2025-07-10,THUAS,THUAS::THUAS_S016,2025-07-10,14892.778722222214,4.172978652912562,17.978340305818453,3.8343496702264783,52.0116,1.3923164196470283,FALSE,,,
THUAS::THUAS_S016::2025-07-11,THUAS,THUAS::THUAS_S016,2025-07-11,7315.971222222217,3.8642779246977006,17.939192422562176,3.7952017869702015,52.0116,1.3923164196470283,FALSE,,,
THUAS::THUAS_S016::2025-07-12,THUAS,THUAS::THUAS_S016,2025-07-12,3592.8175833333307,3.5554472551912704,17.898490925100116,3.754500289508142,52.0116,1.3923164196470283,FALSE,,,
THUAS::THUAS_S016::2025-07-13,THUAS,THUAS::THUAS_S016,2025-07-13,8036.472944444443,3.9050708909608254,17.856285890539485,3.7122952549475112,52.0116,1.3923164196470283,FALSE,,,
THUAS::THUAS_S017::2025-09-09,THUAS,THUAS::THUAS_S017,2025-09-09,3332.046527777775,3.5227240908158257,14.2053072239293,0.06131658833732523,52.0116,1.3923164196470283,FALSE,,,
THUAS::THUAS_S017::2025-09-10,THUAS,THUAS::THUAS_S017,2025-09-10,18673.976805555543,4.271239140706262,14.136658898790678,-0.007331736801296174,52.0116,1.3923164196470283,FALSE,,,
THUAS::THUAS_S017::2025-09-11,THUAS,THUAS::THUAS_S017,2025-09-11,8374.11502777778,3.9229441082364143,14.068081025481224,-0.07590961011075059,52.0116,1.3923164196470283,FALSE,,,
THUAS::THUAS_S017::2025-09-12,THUAS,THUAS::THUAS_S017,2025-09-12,18586.371611111117,4.269196952694756,13.99957904915015,-0.14441158644182472,52.0116,1.3923164196470283,FALSE,,,
THUAS::THUAS_S017::2025-09-13,THUAS,THUAS::THUAS_S017,2025-09-13,8567.761138888874,3.932872419179657,13.931158213880327,-0.2128324217116475,52.0116,1.3923164196470283,FALSE,,,
THUAS::THUAS_S017::2025-09-14,THUAS,THUAS::THUAS_S017,2025-09-14,2414.7300277777827,3.382886567552942,13.862823584808243,-0.28116705078373094,52.0116,1.3923164196470283,FALSE,,,
THUAS::THUAS_S018::2025-09-23,THUAS,THUAS::THUAS_S018,2025-09-23,11999.343972222234,4.079161122265091,13.252464475962851,-0.8915261596291231,52.0116,1.3923164196470283,FALSE,,,
THUAS::THUAS_S018::2025-09-24,THUAS,THUAS::THUAS_S018,2025-09-24,42055.661583333305,4.623825501975553,13.185245578487715,-0.9587450571042595,52.0116,1.3923164196470283,FALSE,,,
THUAS::THUAS_S018::2025-09-25,THUAS,THUAS::THUAS_S018,2025-09-25,3764.9553888888945,3.575771369623536,13.118162540859647,-1.0258280947323275,52.0116,1.3923164196470283,FALSE,,,
THUAS::THUAS_S018::2025-09-26,THUAS,THUAS::THUAS_S018,2025-09-26,14256.13944444446,4.154004981062023,13.05121983177132,-1.0927708038206543,52.0116,1.3923164196470283,FALSE,,,
THUAS::THUAS_S018::2025-09-27,THUAS,THUAS::THUAS_S018,2025-09-27,13497.979333333331,4.13027197632631,12.984421993957625,-1.1595686416343494,52.0116,1.3923164196470283,FALSE,,,
TUM::TUM_S001::2024-05-14,TUM,TUM::TUM_S001,2024-05-14,3096.8914166666677,3.490940001708266,16.407798154950143,2.263807519358169,48.1333,1.0044864196470282,FALSE,,,
TUM::TUM_S001::2024-05-15,TUM,TUM::TUM_S001,2024-05-15,11452.811416666675,4.0589159016512495,16.456689239475462,2.3126986038834882,48.1333,1.0044864196470282,FALSE,,,
TUM::TUM_S001::2024-05-16,TUM,TUM::TUM_S001,2024-05-16,23511.251499999995,4.371277594336433,16.50482180317243,2.3608311675804554,48.1333,1.0044864196470282,FALSE,,,
TUM::TUM_S001::2024-05-17,TUM,TUM::TUM_S001,2024-05-17,5554.341777777768,3.7446404188101625,16.552163121700286,2.4081724861083114,48.1333,1.0044864196470282,FALSE,,,
TUM::TUM_S001::2024-05-18,TUM,TUM::TUM_S001,2024-05-18,5127.3488611111225,3.7099013376024708,16.598679932951928,2.4546892973599537,48.1333,1.0044864196470282,FALSE,,,
TUM::TUM_S001::2024-05-19,TUM,TUM::TUM_S001,2024-05-19,14759.93077777778,4.169087263083576,16.64433848268456,2.500347847092586,48.1333,1.0044864196470282,FALSE,,,
TUM::TUM_S002::2024-05-28,TUM,TUM::TUM_S002,2024-05-28,4465.737222222222,3.649902889183466,17.01090464512507,2.8669140095330956,48.1333,1.0044864196470282,FALSE,,,
TUM::TUM_S002::2024-05-29,TUM,TUM::TUM_S002,2024-05-29,2874.647638888888,3.4585997259479226,17.046058657566707,2.902068021974733,48.1333,1.0044864196470282,FALSE,,,
TUM::TUM_S002::2024-05-30,TUM,TUM::TUM_S002,2024-05-30,10074.526472222225,4.003228953169479,17.079968775775697,2.935978140183723,48.1333,1.0044864196470282,FALSE,,,
TUM::TUM_S002::2024-05-31,TUM,TUM::TUM_S002,2024-05-31,1330.879944444443,3.1241715114606015,17.11260074065791,2.9686101050659364,48.1333,1.0044864196470282,FALSE,,,
TUM::TUM_S002::2024-06-01,TUM,TUM::TUM_S002,2024-06-01,1232.1483333333324,3.0906982394259694,17.143920845124455,2.999930209532481,48.1333,1.0044864196470282,FALSE,,,
TUM::TUM_S002::2024-06-02,TUM,TUM::TUM_S002,2024-06-02,4250.29030555555,3.6284288123481963,17.17389604330063,3.0299054077086556,48.1333,1.0044864196470282,FALSE,,,
TUM::TUM_S003::2024-06-04,TUM,TUM::TUM_S003,2024-06-04,2092.523916666668,3.320691184577425,17.229683514038722,3.085692878446748,48.1333,1.0044864196470282,FALSE,,,
TUM::TUM_S003::2024-06-05,TUM,TUM::TUM_S003,2024-06-05,1328.98497222222,3.1235527475247813,17.255434011883207,3.1114433762912324,48.1333,1.0044864196470282,FALSE,,,
TUM::TUM_S003::2024-06-06,TUM,TUM::TUM_S003,2024-06-06,2321.8060000000023,3.365844633788585,17.279716282222005,3.1357256466300303,48.1333,1.0044864196470282,FALSE,,,
TUM::TUM_S003::2024-06-07,TUM,TUM::TUM_S003,2024-06-07,655.423166666666,2.8165880445809632,17.30250227868557,3.158511643093595,48.1333,1.0044864196470282,FALSE,,,
TUM::TUM_S003::2024-06-08,TUM,TUM::TUM_S003,2024-06-08,1249.2557222222229,3.0966861102739145,17.323765294618077,3.179774659026103,48.1333,1.0044864196470282,FALSE,,,
TUM::TUM_S003::2024-06-09,TUM,TUM::TUM_S003,2024-06-09,1859.841555555555,3.2694992977133444,17.343480072021485,3.199489436429511,48.1333,1.0044864196470282,FALSE,,,
TUM::TUM_S004::2024-06-11,TUM,TUM::TUM_S004,2024-06-11,9165.530722222213,3.962162355796412,17.378171757062276,3.234181121470302,48.1333,1.0044864196470282,FALSE,,,
TUM::TUM_S004::2024-06-12,TUM,TUM::TUM_S004,2024-06-12,14453.794249999997,4.159984872935642,17.393106327851612,3.249115692259638,48.1333,1.0044864196470282,FALSE,,,
TUM::TUM_S004::2024-06-13,TUM,TUM::TUM_S004,2024-06-13,11893.088611111092,4.075298306305757,17.4064081744353,3.2624175388433247,48.1333,1.0044864196470282,FALSE,,,
TUM::TUM_S004::2024-06-14,TUM,TUM::TUM_S004,2024-06-14,1957.9085833333338,3.2918145912904757,17.4180607806974,3.2740701451054246,48.1333,1.0044864196470282,FALSE,,,
TUM::TUM_S004::2024-06-15,TUM,TUM::TUM_S004,2024-06-15,551.302527777778,2.741468752697256,17.428049636880555,3.284059001288581,48.1333,1.0044864196470282,FALSE,,,
TUM::TUM_S004::2024-06-16,TUM,TUM::TUM_S004,2024-06-16,2363.4091111111106,3.3735572808076033,17.436362307866414,3.29237167227444,48.1333,1.0044864196470282,FALSE,,,
TUM::TUM_S005::2024-06-18,TUM,TUM::TUM_S005,2024-06-18,22061.002694444443,4.343627216270256,17.447920072807207,3.303929437215233,48.1333,1.0044864196470282,FALSE,,,
TUM::TUM_S005::2024-06-19,TUM,TUM::TUM_S005,2024-06-19,7083.49363888889,3.8502536392698508,17.451151154239973,3.307160518647999,48.1333,1.0044864196470282,FALSE,,,
TUM::TUM_S005::2024-06-20,TUM,TUM::TUM_S005,2024-06-20,82.85380555555565,1.9188363143370857,17.452678093645307,3.308687458053333,48.1333,1.0044864196470282,FALSE,,,
TUM::TUM_S005::2024-06-21,TUM,TUM::TUM_S005,2024-06-21,246.66036111111111,2.3922753971224693,17.452499517268606,3.308508881676632,48.1333,1.0044864196470282,FALSE,,,
TUM::TUM_S005::2024-06-22,TUM,TUM::TUM_S005,2024-06-22,4023.068833333332,3.604568258235315,17.450616327722866,3.3066256921308916,48.1333,1.0044864196470282,FALSE,,,
TUM::TUM_S005::2024-06-23,TUM,TUM::TUM_S005,2024-06-23,247.57980555555605,2.3938905980540657,17.447031699485247,3.3030410638932732,48.1333,1.0044864196470282,FALSE,,,
TUM::TUM_S006::2024-06-25,TUM,TUM::TUM_S006,2024-06-25,21081.567472222196,4.323904958786453,17.434782080054283,3.290791444462309,48.1333,1.0044864196470282,FALSE,,,
TUM::TUM_S006::2024-06-26,TUM,TUM::TUM_S006,2024-06-26,12144.365805555553,4.084378416399131,17.42613460249371,3.282143966901737,48.1333,1.0044864196470282,FALSE,,,
TUM::TUM_S006::2024-06-27,TUM,TUM::TUM_S006,2024-06-27,17750.067638888882,4.249202459041851,17.415820629066893,3.2718299934749187,48.1333,1.0044864196470282,FALSE,,,
TUM::TUM_S006::2024-06-28,TUM,TUM::TUM_S006,2024-06-28,18628.49405555553,4.270180078892216,17.403854245874616,3.2598636102826415,48.1333,1.0044864196470282,FALSE,,,
TUM::TUM_S006::2024-06-29,TUM,TUM::TUM_S006,2024-06-29,24077.27838888887,4.381609197983574,17.390251560144954,3.2462609245529794,48.1333,1.0044864196470282,FALSE,,,
TUM::TUM_S006::2024-06-30,TUM,TUM::TUM_S006,2024-06-30,4056.746972222226,3.6081886260496807,17.375030625594988,3.231039990003014,48.1333,1.0044864196470282,FALSE,,,
TUM::TUM_S007::2024-07-02,TUM,TUM::TUM_S007,2024-07-02,906.5620000000009,2.957445413969539,17.339815451171663,3.195824815579689,48.1333,1.0044864196470282,FALSE,,,
TUM::TUM_S007::2024-07-03,TUM,TUM::TUM_S007,2024-07-03,1003.972083333333,3.001764892360947,17.319866269760663,3.1758756341686887,48.1333,1.0044864196470282,FALSE,,,
TUM::TUM_S007::2024-07-04,TUM,TUM::TUM_S007,2024-07-04,8010.7672499999935,3.9036795349982474,17.298388759096465,3.1543981235044907,48.1333,1.0044864196470282,FALSE,,,
TUM::TUM_S007::2024-07-05,TUM,TUM::TUM_S007,2024-07-05,1346.1972500000006,3.129140958686109,17.275409334103266,3.1314186985112915,48.1333,1.0044864196470282,FALSE,,,
TUM::TUM_S007::2024-07-06,TUM,TUM::TUM_S007,2024-07-06,4345.745749999999,3.638074307554529,17.250955771075354,3.10696513548338,48.1333,1.0044864196470282,FALSE,,,
TUM::TUM_S007::2024-07-07,TUM,TUM::TUM_S007,2024-07-07,550.056194444444,2.740486007230624,17.225057096150188,3.0810664605582136,48.1333,1.0044864196470282,FALSE,,,
TUM::TUM_S008::2024-07-09,TUM,TUM::TUM_S008,2024-07-09,53140.56119444438,4.725426953749686,17.169046083688738,3.0250554480967633,48.1333,1.0044864196470282,FALSE,,,
TUM::TUM_S008::2024-07-10,TUM,TUM::TUM_S008,2024-07-10,11007.998222222208,4.041712295998521,17.138997023701666,2.995006388109692,48.1333,1.0044864196470282,FALSE,,,
TUM::TUM_S008::2024-07-11,TUM,TUM::TUM_S008,2024-07-11,13669.212805555548,4.135746681922839,17.10762917962339,2.963638544031417,48.1333,1.0044864196470282,FALSE,,,
TUM::TUM_S008::2024-07-12,TUM,TUM::TUM_S008,2024-07-12,9772.090611111129,3.989991929499353,17.074976120856075,2.9309854852641006,48.1333,1.0044864196470282,FALSE,,,
TUM::TUM_S008::2024-07-13,TUM,TUM::TUM_S008,2024-07-13,6346.556333333326,3.802544982231109,17.041071989602514,2.89708135401054,48.1333,1.0044864196470282,FALSE,,,
TUM::TUM_S008::2024-07-14,TUM,TUM::TUM_S008,2024-07-14,34403.66491666666,4.53660597143966,17.005951392915513,2.861960757323539,48.1333,1.0044864196470282,FALSE,,,
TUM::TUM_S009::2024-07-16,TUM,TUM::TUM_S009,2024-07-16,14273.549361111089,4.154535023904376,16.932200935615434,2.7882103000234597,48.1333,1.0044864196470282,FALSE,,,
TUM::TUM_S009::2024-07-17,TUM,TUM::TUM_S009,2024-07-17,10536.816416666657,4.022713535054881,16.89364169617494,2.7496510605829645,48.1333,1.0044864196470282,FALSE,,,
TUM::TUM_S009::2024-07-18,TUM,TUM::TUM_S009,2024-07-18,18393.637861111092,4.264669992832516,16.85400704509682,2.7100164095048473,48.1333,1.0044864196470282,FALSE,,,
TUM::TUM_S009::2024-07-19,TUM,TUM::TUM_S009,2024-07-19,14459.458416666661,4.160155030155379,16.813332432177333,2.6693417965853588,48.1333,1.0044864196470282,FALSE,,,
TUM::TUM_S009::2024-07-20,TUM,TUM::TUM_S009,2024-07-20,12100.87074999999,4.082820211180718,16.77165320912997,2.627662573537995,48.1333,1.0044864196470282,FALSE,,,
TUM::TUM_S009::2024-07-21,TUM,TUM::TUM_S009,2024-07-21,4319.627944444446,3.635456395901238,16.729004553026623,2.585013917434649,48.1333,1.0044864196470282,FALSE,,,
TUM::TUM_S010::2024-07-23,TUM,TUM::TUM_S010,2024-07-23,3565.0821666666693,3.552081725480137,16.640938344730273,2.4969477091382988,48.1333,1.0044864196470282,FALSE,,,
TUM::TUM_S010::2024-07-24,TUM,TUM::TUM_S010,2024-07-24,7770.502138888889,3.890454673300859,16.595589646233453,2.4515990106414787,48.1333,1.0044864196470282,FALSE,,,
TUM::TUM_S010::2024-07-25,TUM,TUM::TUM_S010,2024-07-25,7103.799555555544,3.8514968121770257,16.54940910299619,2.405418467404216,48.1333,1.0044864196470282,FALSE,,,
TUM::TUM_S010::2024-07-26,TUM,TUM::TUM_S010,2024-07-26,4200.387361111113,3.623299682293606,16.502430035074553,2.358439399482579,48.1333,1.0044864196470282,FALSE,,,
TUM::TUM_S010::2024-07-27,TUM,TUM::TUM_S010,2024-07-27,3495.07269444445,3.543468638848908,16.454685231116084,2.31069459552411,48.1333,1.0044864196470282,FALSE,,,
TUM::TUM_S010::2024-07-28,TUM,TUM::TUM_S010,2024-07-28,83.50105555555554,1.922211760920584,16.40620690557692,2.262216269984945,48.1333,1.0044864196470282,FALSE,,,
UCR::UCR_S001::2025-06-17,UCR,UCR::UCR_S001,2025-06-17,3406.30266666667,3.5322959840772694,13.473499963151085,-0.6704906724408897,9.9372,-2.8151235803529713,FALSE,,,
UCR::UCR_S001::2025-06-18,UCR,UCR::UCR_S001,2025-06-18,11481.239638888896,4.059992564354105,13.474199655519591,-0.6697909800723831,9.9372,-2.8151235803529713,FALSE,,,
UCR::UCR_S001::2025-06-19,UCR,UCR::UCR_S001,2025-06-19,11222.529916666661,4.050094641631263,13.474654420481787,-0.6693362151101869,9.9372,-2.8151235803529713,FALSE,,,
UCR::UCR_S001::2025-06-22,UCR,UCR::UCR_S001,2025-06-22,9875.071861111099,3.9945446625448495,13.474547087020344,-0.6694435485716301,9.9372,-2.8151235803529713,FALSE,,,
UCR::UCR_S002::2025-06-17,UCR,UCR::UCR_S002,2025-06-17,13677.823055555551,4.136020156302872,13.473499963151085,-0.6704906724408897,9.9372,-2.8151235803529713,FALSE,,,
UCR::UCR_S002::2025-06-18,UCR,UCR::UCR_S002,2025-06-18,2208.142555555553,3.3440467750144824,13.474199655519591,-0.6697909800723831,9.9372,-2.8151235803529713,FALSE,,,
UCR::UCR_S002::2025-06-19,UCR,UCR::UCR_S002,2025-06-19,3390.906416666665,3.5303286115770507,13.474654420481787,-0.6693362151101869,9.9372,-2.8151235803529713,FALSE,,,
UCR::UCR_S002::2025-06-20,UCR,UCR::UCR_S002,2025-06-20,1680.1046666666687,3.225362186600947,13.474863940808508,-0.6691266947834666,9.9372,-2.8151235803529713,FALSE,,,
UCR::UCR_S002::2025-06-21,UCR,UCR::UCR_S002,2025-06-21,4137.440750000002,3.616742284104135,13.47482812086741,-0.6691625147245635,9.9372,-2.8151235803529713,FALSE,,,
UCR::UCR_S002::2025-06-22,UCR,UCR::UCR_S002,2025-06-22,1113.7343333333329,3.0468206006496295,13.474547087020344,-0.6694435485716301,9.9372,-2.8151235803529713,FALSE,,,
UCR::UCR_S003::2025-06-17,UCR,UCR::UCR_S003,2025-06-17,2674.173527777777,3.4272058253378046,13.473499963151085,-0.6704906724408897,9.9372,-2.8151235803529713,FALSE,,,
UCR::UCR_S003::2025-06-18,UCR,UCR::UCR_S003,2025-06-18,1358.5341111111113,3.1331025141862225,13.474199655519591,-0.6697909800723831,9.9372,-2.8151235803529713,FALSE,,,
UCR::UCR_S003::2025-06-19,UCR,UCR::UCR_S003,2025-06-19,3542.935944444442,3.5493755583153086,13.474654420481787,-0.6693362151101869,9.9372,-2.8151235803529713,FALSE,,,
UCR::UCR_S003::2025-06-22,UCR,UCR::UCR_S003,2025-06-22,910.7336666666672,2.9594390748387305,13.474547087020344,-0.6694435485716301,9.9372,-2.8151235803529713,FALSE,,,
UCR::UCR_S004::2025-06-24,UCR,UCR::UCR_S004,2025-06-24,4010.5003333333307,3.6032093855727343,13.473250989052984,-0.6707396465389905,9.9372,-2.8151235803529713,FALSE,,,
UCR::UCR_S004::2025-06-25,UCR,UCR::UCR_S004,2025-06-25,3087.7490000000025,3.4896560545943403,13.472237280209859,-0.6717533553821156,9.9372,-2.8151235803529713,FALSE,,,
UCR::UCR_S004::2025-06-26,UCR,UCR::UCR_S004,2025-06-26,6655.042305555545,3.823157346340635,13.470981064306365,-0.6730095712856095,9.9372,-2.8151235803529713,FALSE,,,
UCR::UCR_S004::2025-06-27,UCR,UCR::UCR_S004,2025-06-27,1418.6869444444449,3.151917183477786,13.469483559065395,-0.674507076526579,9.9372,-2.8151235803529713,FALSE,,,
UCR::UCR_S004::2025-06-28,UCR,UCR::UCR_S004,2025-06-28,844.2055555555554,2.9264996469531726,13.467746192746691,-0.6762444428452827,9.9372,-2.8151235803529713,FALSE,,,
UCR::UCR_S004::2025-06-29,UCR,UCR::UCR_S004,2025-06-29,5475.936249999988,3.7384663143930803,13.465770600769256,-0.6782200348227185,9.9372,-2.8151235803529713,FALSE,,,
UCR::UCR_S005::2025-06-24,UCR,UCR::UCR_S005,2025-06-24,546.0377222222223,2.737302174680873,13.473250989052984,-0.6707396465389905,9.9372,-2.8151235803529713,FALSE,,,
UCR::UCR_S005::2025-06-25,UCR,UCR::UCR_S005,2025-06-25,675.3051388888873,2.829564360685825,13.472237280209859,-0.6717533553821156,9.9372,-2.8151235803529713,FALSE,,,
UCR::UCR_S005::2025-06-26,UCR,UCR::UCR_S005,2025-06-26,2231.3607777777806,3.3485892576814194,13.470981064306365,-0.6730095712856095,9.9372,-2.8151235803529713,FALSE,,,
UCR::UCR_S005::2025-06-29,UCR,UCR::UCR_S005,2025-06-29,998.7342777777787,2.9994934379587455,13.465770600769256,-0.6782200348227185,9.9372,-2.8151235803529713,FALSE,,,
UCR::UCR_S006::2025-06-24,UCR,UCR::UCR_S006,2025-06-24,8036.86683333332,3.9050921761006667,13.473250989052984,-0.6707396465389905,9.9372,-2.8151235803529713,FALSE,,,
UCR::UCR_S006::2025-06-25,UCR,UCR::UCR_S006,2025-06-25,16230.631833333318,4.210338102328563,13.472237280209859,-0.6717533553821156,9.9372,-2.8151235803529713,FALSE,,,
UCR::UCR_S006::2025-06-26,UCR,UCR::UCR_S006,2025-06-26,10733.221222222222,4.0307341269334644,13.470981064306365,-0.6730095712856095,9.9372,-2.8151235803529713,FALSE,,,
UCR::UCR_S006::2025-06-27,UCR,UCR::UCR_S006,2025-06-27,728.231055555556,2.862328828379181,13.469483559065395,-0.674507076526579,9.9372,-2.8151235803529713,FALSE,,,
UCR::UCR_S006::2025-06-28,UCR,UCR::UCR_S006,2025-06-28,8550.23291666667,3.931983024793256,13.467746192746691,-0.6762444428452827,9.9372,-2.8151235803529713,FALSE,,,
UCR::UCR_S006::2025-06-29,UCR,UCR::UCR_S006,2025-06-29,16418.721000000012,4.215341968156277,13.465770600769256,-0.6782200348227185,9.9372,-2.8151235803529713,FALSE,,,
