"table_index","table_endpoint","attribute","attribute_index","pre_value_start_byte","pre_value_end_byte","pre_value","post_value","intended_pre_ids","intended_post_ids","post_value_start_byte","post_value_end_byte","pre_value_bytes","post_value_bytes"
1,"tbl-h08-prep-input-identities","id",1,54469,54473,"Input","tbl-h08-prep-input-identities--gt-0001","","",54469,54506,5,38
1,"tbl-h08-prep-input-identities","id",2,54596,54599,"Path","tbl-h08-prep-input-identities--gt-0002","","",54629,54666,4,38
1,"tbl-h08-prep-input-identities","id",3,54721,54734,"SHA-256-prefix","tbl-h08-prep-input-identities--gt-0003","","",54788,54825,14,38
1,"tbl-h08-prep-input-identities","id",4,54866,54873,"Verified","tbl-h08-prep-input-identities--gt-0004","","",54957,54994,8,38
1,"tbl-h08-prep-input-identities","headers",1,55088,55092,"Input","tbl-h08-prep-input-identities--gt-0001","Input","tbl-h08-prep-input-identities--gt-0001",55209,55246,5,38
1,"tbl-h08-prep-input-identities","headers",2,55168,55171,"Path","tbl-h08-prep-input-identities--gt-0002","Path","tbl-h08-prep-input-identities--gt-0002",55322,55359,4,38
1,"tbl-h08-prep-input-identities","headers",3,55259,55272,"SHA-256 prefix","tbl-h08-prep-input-identities--gt-0003","SHA-256-prefix","tbl-h08-prep-input-identities--gt-0003",55447,55484,14,38
1,"tbl-h08-prep-input-identities","headers",4,55333,55340,"Verified","tbl-h08-prep-input-identities--gt-0004","Verified","tbl-h08-prep-input-identities--gt-0004",55545,55582,8,38
1,"tbl-h08-prep-input-identities","headers",5,55424,55428,"Input","tbl-h08-prep-input-identities--gt-0001","Input","tbl-h08-prep-input-identities--gt-0001",55666,55703,5,38
1,"tbl-h08-prep-input-identities","headers",6,55521,55524,"Path","tbl-h08-prep-input-identities--gt-0002","Path","tbl-h08-prep-input-identities--gt-0002",55796,55833,4,38
1,"tbl-h08-prep-input-identities","headers",7,55635,55648,"SHA-256 prefix","tbl-h08-prep-input-identities--gt-0003","SHA-256-prefix","tbl-h08-prep-input-identities--gt-0003",55944,55981,14,38
1,"tbl-h08-prep-input-identities","headers",8,55720,55727,"Verified","tbl-h08-prep-input-identities--gt-0004","Verified","tbl-h08-prep-input-identities--gt-0004",56053,56090,8,38
1,"tbl-h08-prep-input-identities","headers",9,55799,55803,"Input","tbl-h08-prep-input-identities--gt-0001","Input","tbl-h08-prep-input-identities--gt-0001",56162,56199,5,38
1,"tbl-h08-prep-input-identities","headers",10,55872,55875,"Path","tbl-h08-prep-input-identities--gt-0002","Path","tbl-h08-prep-input-identities--gt-0002",56268,56305,4,38
1,"tbl-h08-prep-input-identities","headers",11,55972,55985,"SHA-256 prefix","tbl-h08-prep-input-identities--gt-0003","SHA-256-prefix","tbl-h08-prep-input-identities--gt-0003",56402,56439,14,38
1,"tbl-h08-prep-input-identities","headers",12,56046,56053,"Verified","tbl-h08-prep-input-identities--gt-0004","Verified","tbl-h08-prep-input-identities--gt-0004",56500,56537,8,38
1,"tbl-h08-prep-input-identities","headers",13,56137,56141,"Input","tbl-h08-prep-input-identities--gt-0001","Input","tbl-h08-prep-input-identities--gt-0001",56621,56658,5,38
1,"tbl-h08-prep-input-identities","headers",14,56229,56232,"Path","tbl-h08-prep-input-identities--gt-0002","Path","tbl-h08-prep-input-identities--gt-0002",56746,56783,4,38
1,"tbl-h08-prep-input-identities","headers",15,56360,56373,"SHA-256 prefix","tbl-h08-prep-input-identities--gt-0003","SHA-256-prefix","tbl-h08-prep-input-identities--gt-0003",56911,56948,14,38
1,"tbl-h08-prep-input-identities","headers",16,56445,56452,"Verified","tbl-h08-prep-input-identities--gt-0004","Verified","tbl-h08-prep-input-identities--gt-0004",57020,57057,8,38
1,"tbl-h08-prep-input-identities","headers",17,56524,56528,"Input","tbl-h08-prep-input-identities--gt-0001","Input","tbl-h08-prep-input-identities--gt-0001",57129,57166,5,38
1,"tbl-h08-prep-input-identities","headers",18,56602,56605,"Path","tbl-h08-prep-input-identities--gt-0002","Path","tbl-h08-prep-input-identities--gt-0002",57240,57277,4,38
1,"tbl-h08-prep-input-identities","headers",19,56720,56733,"SHA-256 prefix","tbl-h08-prep-input-identities--gt-0003","SHA-256-prefix","tbl-h08-prep-input-identities--gt-0003",57392,57429,14,38
1,"tbl-h08-prep-input-identities","headers",20,56794,56801,"Verified","tbl-h08-prep-input-identities--gt-0004","Verified","tbl-h08-prep-input-identities--gt-0004",57490,57527,8,38
1,"tbl-h08-prep-input-identities","headers",21,56885,56889,"Input","tbl-h08-prep-input-identities--gt-0001","Input","tbl-h08-prep-input-identities--gt-0001",57611,57648,5,38
1,"tbl-h08-prep-input-identities","headers",22,56969,56972,"Path","tbl-h08-prep-input-identities--gt-0002","Path","tbl-h08-prep-input-identities--gt-0002",57728,57765,4,38
1,"tbl-h08-prep-input-identities","headers",23,57079,57092,"SHA-256 prefix","tbl-h08-prep-input-identities--gt-0003","SHA-256-prefix","tbl-h08-prep-input-identities--gt-0003",57872,57909,14,38
1,"tbl-h08-prep-input-identities","headers",24,57164,57171,"Verified","tbl-h08-prep-input-identities--gt-0004","Verified","tbl-h08-prep-input-identities--gt-0004",57981,58018,8,38
1,"tbl-h08-prep-input-identities","headers",25,57243,57247,"Input","tbl-h08-prep-input-identities--gt-0001","Input","tbl-h08-prep-input-identities--gt-0001",58090,58127,5,38
1,"tbl-h08-prep-input-identities","headers",26,57316,57319,"Path","tbl-h08-prep-input-identities--gt-0002","Path","tbl-h08-prep-input-identities--gt-0002",58196,58233,4,38
1,"tbl-h08-prep-input-identities","headers",27,57437,57450,"SHA-256 prefix","tbl-h08-prep-input-identities--gt-0003","SHA-256-prefix","tbl-h08-prep-input-identities--gt-0003",58351,58388,14,38
1,"tbl-h08-prep-input-identities","headers",28,57511,57518,"Verified","tbl-h08-prep-input-identities--gt-0004","Verified","tbl-h08-prep-input-identities--gt-0004",58449,58486,8,38
1,"tbl-h08-prep-input-identities","headers",29,57602,57606,"Input","tbl-h08-prep-input-identities--gt-0001","Input","tbl-h08-prep-input-identities--gt-0001",58570,58607,5,38
1,"tbl-h08-prep-input-identities","headers",30,57689,57692,"Path","tbl-h08-prep-input-identities--gt-0002","Path","tbl-h08-prep-input-identities--gt-0002",58690,58727,4,38
1,"tbl-h08-prep-input-identities","headers",31,57819,57832,"SHA-256 prefix","tbl-h08-prep-input-identities--gt-0003","SHA-256-prefix","tbl-h08-prep-input-identities--gt-0003",58854,58891,14,38
1,"tbl-h08-prep-input-identities","headers",32,57904,57911,"Verified","tbl-h08-prep-input-identities--gt-0004","Verified","tbl-h08-prep-input-identities--gt-0004",58963,59000,8,38
1,"tbl-h08-prep-input-identities","headers",33,57983,57987,"Input","tbl-h08-prep-input-identities--gt-0001","Input","tbl-h08-prep-input-identities--gt-0001",59072,59109,5,38
1,"tbl-h08-prep-input-identities","headers",34,58063,58066,"Path","tbl-h08-prep-input-identities--gt-0002","Path","tbl-h08-prep-input-identities--gt-0002",59185,59222,4,38
1,"tbl-h08-prep-input-identities","headers",35,58197,58210,"SHA-256 prefix","tbl-h08-prep-input-identities--gt-0003","SHA-256-prefix","tbl-h08-prep-input-identities--gt-0003",59353,59390,14,38
1,"tbl-h08-prep-input-identities","headers",36,58271,58278,"Verified","tbl-h08-prep-input-identities--gt-0004","Verified","tbl-h08-prep-input-identities--gt-0004",59451,59488,8,38
1,"tbl-h08-prep-input-identities","headers",37,58362,58366,"Input","tbl-h08-prep-input-identities--gt-0001","Input","tbl-h08-prep-input-identities--gt-0001",59572,59609,5,38
1,"tbl-h08-prep-input-identities","headers",38,58455,58458,"Path","tbl-h08-prep-input-identities--gt-0002","Path","tbl-h08-prep-input-identities--gt-0002",59698,59735,4,38
1,"tbl-h08-prep-input-identities","headers",39,58545,58558,"SHA-256 prefix","tbl-h08-prep-input-identities--gt-0003","SHA-256-prefix","tbl-h08-prep-input-identities--gt-0003",59822,59859,14,38
1,"tbl-h08-prep-input-identities","headers",40,58630,58637,"Verified","tbl-h08-prep-input-identities--gt-0004","Verified","tbl-h08-prep-input-identities--gt-0004",59931,59968,8,38
1,"tbl-h08-prep-input-identities","headers",41,58709,58713,"Input","tbl-h08-prep-input-identities--gt-0001","Input","tbl-h08-prep-input-identities--gt-0001",60040,60077,5,38
1,"tbl-h08-prep-input-identities","headers",42,58800,58803,"Path","tbl-h08-prep-input-identities--gt-0002","Path","tbl-h08-prep-input-identities--gt-0002",60164,60201,4,38
1,"tbl-h08-prep-input-identities","headers",43,58918,58931,"SHA-256 prefix","tbl-h08-prep-input-identities--gt-0003","SHA-256-prefix","tbl-h08-prep-input-identities--gt-0003",60316,60353,14,38
1,"tbl-h08-prep-input-identities","headers",44,58992,58999,"Verified","tbl-h08-prep-input-identities--gt-0004","Verified","tbl-h08-prep-input-identities--gt-0004",60414,60451,8,38
1,"tbl-h08-prep-input-identities","headers",45,59083,59087,"Input","tbl-h08-prep-input-identities--gt-0001","Input","tbl-h08-prep-input-identities--gt-0001",60535,60572,5,38
1,"tbl-h08-prep-input-identities","headers",46,59174,59177,"Path","tbl-h08-prep-input-identities--gt-0002","Path","tbl-h08-prep-input-identities--gt-0002",60659,60696,4,38
1,"tbl-h08-prep-input-identities","headers",47,59265,59278,"SHA-256 prefix","tbl-h08-prep-input-identities--gt-0003","SHA-256-prefix","tbl-h08-prep-input-identities--gt-0003",60784,60821,14,38
1,"tbl-h08-prep-input-identities","headers",48,59350,59357,"Verified","tbl-h08-prep-input-identities--gt-0004","Verified","tbl-h08-prep-input-identities--gt-0004",60893,60930,8,38
1,"tbl-h08-prep-input-identities","headers",49,59429,59433,"Input","tbl-h08-prep-input-identities--gt-0001","Input","tbl-h08-prep-input-identities--gt-0001",61002,61039,5,38
1,"tbl-h08-prep-input-identities","headers",50,59512,59515,"Path","tbl-h08-prep-input-identities--gt-0002","Path","tbl-h08-prep-input-identities--gt-0002",61118,61155,4,38
1,"tbl-h08-prep-input-identities","headers",51,59594,59607,"SHA-256 prefix","tbl-h08-prep-input-identities--gt-0003","SHA-256-prefix","tbl-h08-prep-input-identities--gt-0003",61234,61271,14,38
1,"tbl-h08-prep-input-identities","headers",52,59668,59675,"Verified","tbl-h08-prep-input-identities--gt-0004","Verified","tbl-h08-prep-input-identities--gt-0004",61332,61369,8,38
1,"tbl-h08-prep-input-identities","headers",53,59759,59763,"Input","tbl-h08-prep-input-identities--gt-0001","Input","tbl-h08-prep-input-identities--gt-0001",61453,61490,5,38
1,"tbl-h08-prep-input-identities","headers",54,59853,59856,"Path","tbl-h08-prep-input-identities--gt-0002","Path","tbl-h08-prep-input-identities--gt-0002",61580,61617,4,38
1,"tbl-h08-prep-input-identities","headers",55,59963,59976,"SHA-256 prefix","tbl-h08-prep-input-identities--gt-0003","SHA-256-prefix","tbl-h08-prep-input-identities--gt-0003",61724,61761,14,38
1,"tbl-h08-prep-input-identities","headers",56,60048,60055,"Verified","tbl-h08-prep-input-identities--gt-0004","Verified","tbl-h08-prep-input-identities--gt-0004",61833,61870,8,38
2,"tbl-h08-prep-integrity-checks","id",1,82681,82685,"Check","tbl-h08-prep-integrity-checks--gt-0001","","",84496,84533,5,38
2,"tbl-h08-prep-integrity-checks","id",2,82808,82815,"Expected","tbl-h08-prep-integrity-checks--gt-0002","","",84656,84693,8,38
2,"tbl-h08-prep-integrity-checks","id",3,82941,82948,"Observed","tbl-h08-prep-integrity-checks--gt-0003","","",84819,84856,8,38
2,"tbl-h08-prep-integrity-checks","id",4,83074,83079,"Status","tbl-h08-prep-integrity-checks--gt-0004","","",84982,85019,6,38
2,"tbl-h08-prep-integrity-checks","headers",1,83292,83296,"Check","tbl-h08-prep-integrity-checks--gt-0001","Check","tbl-h08-prep-integrity-checks--gt-0001",85232,85269,5,38
2,"tbl-h08-prep-integrity-checks","headers",2,83365,83372,"Expected","tbl-h08-prep-integrity-checks--gt-0002","Expected","tbl-h08-prep-integrity-checks--gt-0002",85338,85375,8,38
2,"tbl-h08-prep-integrity-checks","headers",3,83427,83434,"Observed","tbl-h08-prep-integrity-checks--gt-0003","Observed","tbl-h08-prep-integrity-checks--gt-0003",85430,85467,8,38
2,"tbl-h08-prep-integrity-checks","headers",4,83489,83494,"Status","tbl-h08-prep-integrity-checks--gt-0004","Status","tbl-h08-prep-integrity-checks--gt-0004",85522,85559,6,38
2,"tbl-h08-prep-integrity-checks","headers",5,83578,83582,"Check","tbl-h08-prep-integrity-checks--gt-0001","Check","tbl-h08-prep-integrity-checks--gt-0001",85643,85680,5,38
2,"tbl-h08-prep-integrity-checks","headers",6,83660,83667,"Expected","tbl-h08-prep-integrity-checks--gt-0002","Expected","tbl-h08-prep-integrity-checks--gt-0002",85758,85795,8,38
2,"tbl-h08-prep-integrity-checks","headers",7,83765,83772,"Observed","tbl-h08-prep-integrity-checks--gt-0003","Observed","tbl-h08-prep-integrity-checks--gt-0003",85893,85930,8,38
2,"tbl-h08-prep-integrity-checks","headers",8,83884,83889,"Status","tbl-h08-prep-integrity-checks--gt-0004","Status","tbl-h08-prep-integrity-checks--gt-0004",86042,86079,6,38
2,"tbl-h08-prep-integrity-checks","headers",9,83961,83965,"Check","tbl-h08-prep-integrity-checks--gt-0001","Check","tbl-h08-prep-integrity-checks--gt-0001",86151,86188,5,38
2,"tbl-h08-prep-integrity-checks","headers",10,84031,84038,"Expected","tbl-h08-prep-integrity-checks--gt-0002","Expected","tbl-h08-prep-integrity-checks--gt-0002",86254,86291,8,38
2,"tbl-h08-prep-integrity-checks","headers",11,84107,84114,"Observed","tbl-h08-prep-integrity-checks--gt-0003","Observed","tbl-h08-prep-integrity-checks--gt-0003",86360,86397,8,38
2,"tbl-h08-prep-integrity-checks","headers",12,84167,84172,"Status","tbl-h08-prep-integrity-checks--gt-0004","Status","tbl-h08-prep-integrity-checks--gt-0004",86450,86487,6,38
2,"tbl-h08-prep-integrity-checks","headers",13,84256,84260,"Check","tbl-h08-prep-integrity-checks--gt-0001","Check","tbl-h08-prep-integrity-checks--gt-0001",86571,86608,5,38
2,"tbl-h08-prep-integrity-checks","headers",14,84331,84338,"Expected","tbl-h08-prep-integrity-checks--gt-0002","Expected","tbl-h08-prep-integrity-checks--gt-0002",86679,86716,8,38
2,"tbl-h08-prep-integrity-checks","headers",15,84426,84433,"Observed","tbl-h08-prep-integrity-checks--gt-0003","Observed","tbl-h08-prep-integrity-checks--gt-0003",86804,86841,8,38
2,"tbl-h08-prep-integrity-checks","headers",16,84505,84510,"Status","tbl-h08-prep-integrity-checks--gt-0004","Status","tbl-h08-prep-integrity-checks--gt-0004",86913,86950,6,38
2,"tbl-h08-prep-integrity-checks","headers",17,84582,84586,"Check","tbl-h08-prep-integrity-checks--gt-0001","Check","tbl-h08-prep-integrity-checks--gt-0001",87022,87059,5,38
2,"tbl-h08-prep-integrity-checks","headers",18,84643,84650,"Expected","tbl-h08-prep-integrity-checks--gt-0002","Expected","tbl-h08-prep-integrity-checks--gt-0002",87116,87153,8,38
2,"tbl-h08-prep-integrity-checks","headers",19,84709,84716,"Observed","tbl-h08-prep-integrity-checks--gt-0003","Observed","tbl-h08-prep-integrity-checks--gt-0003",87212,87249,8,38
2,"tbl-h08-prep-integrity-checks","headers",20,84775,84780,"Status","tbl-h08-prep-integrity-checks--gt-0004","Status","tbl-h08-prep-integrity-checks--gt-0004",87308,87345,6,38
2,"tbl-h08-prep-integrity-checks","headers",21,84864,84868,"Check","tbl-h08-prep-integrity-checks--gt-0001","Check","tbl-h08-prep-integrity-checks--gt-0001",87429,87466,5,38
2,"tbl-h08-prep-integrity-checks","headers",22,84943,84950,"Expected","tbl-h08-prep-integrity-checks--gt-0002","Expected","tbl-h08-prep-integrity-checks--gt-0002",87541,87578,8,38
2,"tbl-h08-prep-integrity-checks","headers",23,85016,85023,"Observed","tbl-h08-prep-integrity-checks--gt-0003","Observed","tbl-h08-prep-integrity-checks--gt-0003",87644,87681,8,38
2,"tbl-h08-prep-integrity-checks","headers",24,85089,85094,"Status","tbl-h08-prep-integrity-checks--gt-0004","Status","tbl-h08-prep-integrity-checks--gt-0004",87747,87784,6,38
2,"tbl-h08-prep-integrity-checks","headers",25,85166,85170,"Check","tbl-h08-prep-integrity-checks--gt-0001","Check","tbl-h08-prep-integrity-checks--gt-0001",87856,87893,5,38
2,"tbl-h08-prep-integrity-checks","headers",26,85240,85247,"Expected","tbl-h08-prep-integrity-checks--gt-0002","Expected","tbl-h08-prep-integrity-checks--gt-0002",87963,88000,8,38
2,"tbl-h08-prep-integrity-checks","headers",27,85328,85335,"Observed","tbl-h08-prep-integrity-checks--gt-0003","Observed","tbl-h08-prep-integrity-checks--gt-0003",88081,88118,8,38
2,"tbl-h08-prep-integrity-checks","headers",28,85416,85421,"Status","tbl-h08-prep-integrity-checks--gt-0004","Status","tbl-h08-prep-integrity-checks--gt-0004",88199,88236,6,38
2,"tbl-h08-prep-integrity-checks","headers",29,85505,85509,"Check","tbl-h08-prep-integrity-checks--gt-0001","Check","tbl-h08-prep-integrity-checks--gt-0001",88320,88357,5,38
2,"tbl-h08-prep-integrity-checks","headers",30,85583,85590,"Expected","tbl-h08-prep-integrity-checks--gt-0002","Expected","tbl-h08-prep-integrity-checks--gt-0002",88431,88468,8,38
2,"tbl-h08-prep-integrity-checks","headers",31,85662,85669,"Observed","tbl-h08-prep-integrity-checks--gt-0003","Observed","tbl-h08-prep-integrity-checks--gt-0003",88540,88577,8,38
2,"tbl-h08-prep-integrity-checks","headers",32,85741,85746,"Status","tbl-h08-prep-integrity-checks--gt-0004","Status","tbl-h08-prep-integrity-checks--gt-0004",88649,88686,6,38
2,"tbl-h08-prep-integrity-checks","headers",33,85818,85822,"Check","tbl-h08-prep-integrity-checks--gt-0001","Check","tbl-h08-prep-integrity-checks--gt-0001",88758,88795,5,38
2,"tbl-h08-prep-integrity-checks","headers",34,85894,85901,"Expected","tbl-h08-prep-integrity-checks--gt-0002","Expected","tbl-h08-prep-integrity-checks--gt-0002",88867,88904,8,38
2,"tbl-h08-prep-integrity-checks","headers",35,85990,85997,"Observed","tbl-h08-prep-integrity-checks--gt-0003","Observed","tbl-h08-prep-integrity-checks--gt-0003",88993,89030,8,38
2,"tbl-h08-prep-integrity-checks","headers",36,86057,86062,"Status","tbl-h08-prep-integrity-checks--gt-0004","Status","tbl-h08-prep-integrity-checks--gt-0004",89090,89127,6,38
2,"tbl-h08-prep-integrity-checks","headers",37,86146,86150,"Check","tbl-h08-prep-integrity-checks--gt-0001","Check","tbl-h08-prep-integrity-checks--gt-0001",89211,89248,5,38
2,"tbl-h08-prep-integrity-checks","headers",38,86247,86254,"Expected","tbl-h08-prep-integrity-checks--gt-0002","Expected","tbl-h08-prep-integrity-checks--gt-0002",89345,89382,8,38
2,"tbl-h08-prep-integrity-checks","headers",39,86324,86331,"Observed","tbl-h08-prep-integrity-checks--gt-0003","Observed","tbl-h08-prep-integrity-checks--gt-0003",89452,89489,8,38
2,"tbl-h08-prep-integrity-checks","headers",40,86401,86406,"Status","tbl-h08-prep-integrity-checks--gt-0004","Status","tbl-h08-prep-integrity-checks--gt-0004",89559,89596,6,38
2,"tbl-h08-prep-integrity-checks","headers",41,86478,86482,"Check","tbl-h08-prep-integrity-checks--gt-0001","Check","tbl-h08-prep-integrity-checks--gt-0001",89668,89705,5,38
2,"tbl-h08-prep-integrity-checks","headers",42,86560,86567,"Expected","tbl-h08-prep-integrity-checks--gt-0002","Expected","tbl-h08-prep-integrity-checks--gt-0002",89783,89820,8,38
2,"tbl-h08-prep-integrity-checks","headers",43,86626,86633,"Observed","tbl-h08-prep-integrity-checks--gt-0003","Observed","tbl-h08-prep-integrity-checks--gt-0003",89879,89916,8,38
2,"tbl-h08-prep-integrity-checks","headers",44,86692,86697,"Status","tbl-h08-prep-integrity-checks--gt-0004","Status","tbl-h08-prep-integrity-checks--gt-0004",89975,90012,6,38
3,"tbl-h08-prep-score-audit","id",1,101517,101528,"Participants","tbl-h08-prep-score-audit--gt-0001","","",104832,104864,12,33
3,"tbl-h08-prep-score-audit","id",2,101659,101663,"Sites","tbl-h08-prep-score-audit--gt-0002","","",104995,105027,5,33
3,"tbl-h08-prep-score-audit","id",3,101787,101800,"Observed-range","tbl-h08-prep-score-audit--gt-0003","","",105151,105183,14,33
3,"tbl-h08-prep-score-audit","id",4,101932,101935,"Mean","tbl-h08-prep-score-audit--gt-0004","","",105315,105347,4,33
3,"tbl-h08-prep-score-audit","id",5,102058,102071,"Participant-SD","tbl-h08-prep-score-audit--gt-0005","","",105470,105502,14,33
3,"tbl-h08-prep-score-audit","id",6,102204,102217,"Missing-scores","tbl-h08-prep-score-audit--gt-0006","","",105635,105667,14,33
3,"tbl-h08-prep-score-audit","id",7,102350,102367,"Missing-item-cells","tbl-h08-prep-score-audit--gt-0007","","",105800,105832,18,33
3,"tbl-h08-prep-score-audit","id",8,102504,102524,"Stored-minus-item-sum","tbl-h08-prep-score-audit--gt-0008","","",105969,106001,21,33
3,"tbl-h08-prep-score-audit","id",9,102664,102671,"Verified","tbl-h08-prep-score-audit--gt-0009","","",106141,106173,8,33
3,"tbl-h08-prep-score-audit","headers",1,102886,102897,"Participants","tbl-h08-prep-score-audit--gt-0001","Participants","tbl-h08-prep-score-audit--gt-0001",106388,106420,12,33
3,"tbl-h08-prep-score-audit","headers",2,102946,102950,"Sites","tbl-h08-prep-score-audit--gt-0002","Sites","tbl-h08-prep-score-audit--gt-0002",106469,106501,5,33
3,"tbl-h08-prep-score-audit","headers",3,102996,103009,"Observed range","tbl-h08-prep-score-audit--gt-0003","Observed-range","tbl-h08-prep-score-audit--gt-0003",106547,106579,14,33
3,"tbl-h08-prep-score-audit","headers",4,103062,103065,"Mean","tbl-h08-prep-score-audit--gt-0004","Mean","tbl-h08-prep-score-audit--gt-0004",106632,106664,4,33
3,"tbl-h08-prep-score-audit","headers",5,103117,103130,"Participant SD","tbl-h08-prep-score-audit--gt-0005","Participant-SD","tbl-h08-prep-score-audit--gt-0005",106716,106748,14,33
3,"tbl-h08-prep-score-audit","headers",6,103181,103194,"Missing scores","tbl-h08-prep-score-audit--gt-0006","Missing-scores","tbl-h08-prep-score-audit--gt-0006",106799,106831,14,33
3,"tbl-h08-prep-score-audit","headers",7,103241,103258,"Missing item cells","tbl-h08-prep-score-audit--gt-0007","Missing-item-cells","tbl-h08-prep-score-audit--gt-0007",106878,106910,18,33
3,"tbl-h08-prep-score-audit","headers",8,103305,103325,"Stored minus item sum","tbl-h08-prep-score-audit--gt-0008","Stored-minus-item-sum","tbl-h08-prep-score-audit--gt-0008",106957,106989,21,33
3,"tbl-h08-prep-score-audit","headers",9,103371,103378,"Verified","tbl-h08-prep-score-audit--gt-0009","Verified","tbl-h08-prep-score-audit--gt-0009",107035,107067,8,33
4,"tbl-h08-prep-metric-contract","id",1,124800,124806,"a::stub","tbl-h08-prep-metric-contract--gt-0001","","",128489,128525,7,37
4,"tbl-h08-prep-metric-contract","id",2,124924,124929,"Metric","tbl-h08-prep-metric-contract--gt-0002","","",128643,128679,6,37
4,"tbl-h08-prep-metric-contract","id",3,125053,125060,"Category","tbl-h08-prep-metric-contract--gt-0003","","",128803,128839,8,37
4,"tbl-h08-prep-metric-contract","id",4,125186,125199,"Analysis-level","tbl-h08-prep-metric-contract--gt-0004","","",128965,129001,14,37
4,"tbl-h08-prep-metric-contract","id",5,125331,125344,"Response-model","tbl-h08-prep-metric-contract--gt-0005","","",129133,129169,14,37
4,"tbl-h08-prep-metric-contract","id",6,125476,125489,"Transformation","tbl-h08-prep-metric-contract--gt-0006","","",129301,129337,14,37
4,"tbl-h08-prep-metric-contract","id",7,125621,125635,"Reported-effect","tbl-h08-prep-metric-contract--gt-0007","","",129469,129505,15,37
4,"tbl-h08-prep-metric-contract","id",8,125768,125771,"Unit","tbl-h08-prep-metric-contract--gt-0008","","",129638,129674,4,37
4,"tbl-h08-prep-metric-contract","id",9,125954,125961,"stub_1_1","tbl-h08-prep-metric-contract--gt-0009","","",129857,129893,8,37
4,"tbl-h08-prep-metric-contract","headers",1,126084,126098,"stub_1_1 Metric","tbl-h08-prep-metric-contract--gt-0009 tbl-h08-prep-metric-contract--gt-0002","stub_1_1|Metric","tbl-h08-prep-metric-contract--gt-0009|tbl-h08-prep-metric-contract--gt-0002",130016,130090,15,75
4,"tbl-h08-prep-metric-contract","headers",2,126154,126170,"stub_1_1 Category","tbl-h08-prep-metric-contract--gt-0009 tbl-h08-prep-metric-contract--gt-0003","stub_1_1|Category","tbl-h08-prep-metric-contract--gt-0009|tbl-h08-prep-metric-contract--gt-0003",130146,130220,17,75
4,"tbl-h08-prep-metric-contract","headers",3,126226,126248,"stub_1_1 Analysis level","tbl-h08-prep-metric-contract--gt-0009 tbl-h08-prep-metric-contract--gt-0004","stub_1_1|Analysis-level","tbl-h08-prep-metric-contract--gt-0009|tbl-h08-prep-metric-contract--gt-0004",130276,130350,23,75
4,"tbl-h08-prep-metric-contract","headers",4,126308,126330,"stub_1_1 Response model","tbl-h08-prep-metric-contract--gt-0009 tbl-h08-prep-metric-contract--gt-0005","stub_1_1|Response-model","tbl-h08-prep-metric-contract--gt-0009|tbl-h08-prep-metric-contract--gt-0005",130410,130484,23,75
4,"tbl-h08-prep-metric-contract","headers",5,126383,126405,"stub_1_1 Transformation","tbl-h08-prep-metric-contract--gt-0009 tbl-h08-prep-metric-contract--gt-0006","stub_1_1|Transformation","tbl-h08-prep-metric-contract--gt-0009|tbl-h08-prep-metric-contract--gt-0006",130537,130611,23,75
4,"tbl-h08-prep-metric-contract","headers",6,126468,126491,"stub_1_1 Reported effect","tbl-h08-prep-metric-contract--gt-0009 tbl-h08-prep-metric-contract--gt-0007","stub_1_1|Reported-effect","tbl-h08-prep-metric-contract--gt-0009|tbl-h08-prep-metric-contract--gt-0007",130674,130748,24,75
4,"tbl-h08-prep-metric-contract","headers",7,126541,126553,"stub_1_1 Unit","tbl-h08-prep-metric-contract--gt-0009 tbl-h08-prep-metric-contract--gt-0008","stub_1_1|Unit","tbl-h08-prep-metric-contract--gt-0009|tbl-h08-prep-metric-contract--gt-0008",130798,130872,13,75
4,"tbl-h08-prep-metric-contract","id",10,126596,126603,"stub_1_2","tbl-h08-prep-metric-contract--gt-0010","","",130915,130951,8,37
4,"tbl-h08-prep-metric-contract","headers",8,126737,126751,"stub_1_2 Metric","tbl-h08-prep-metric-contract--gt-0010 tbl-h08-prep-metric-contract--gt-0002","stub_1_2|Metric","tbl-h08-prep-metric-contract--gt-0010|tbl-h08-prep-metric-contract--gt-0002",131085,131159,15,75
4,"tbl-h08-prep-metric-contract","headers",9,126826,126842,"stub_1_2 Category","tbl-h08-prep-metric-contract--gt-0010 tbl-h08-prep-metric-contract--gt-0003","stub_1_2|Category","tbl-h08-prep-metric-contract--gt-0010|tbl-h08-prep-metric-contract--gt-0003",131234,131308,17,75
4,"tbl-h08-prep-metric-contract","headers",10,126909,126931,"stub_1_2 Analysis level","tbl-h08-prep-metric-contract--gt-0010 tbl-h08-prep-metric-contract--gt-0004","stub_1_2|Analysis-level","tbl-h08-prep-metric-contract--gt-0010|tbl-h08-prep-metric-contract--gt-0004",131375,131449,23,75
4,"tbl-h08-prep-metric-contract","headers",11,127002,127024,"stub_1_2 Response model","tbl-h08-prep-metric-contract--gt-0010 tbl-h08-prep-metric-contract--gt-0005","stub_1_2|Response-model","tbl-h08-prep-metric-contract--gt-0010|tbl-h08-prep-metric-contract--gt-0005",131520,131594,23,75
4,"tbl-h08-prep-metric-contract","headers",12,127088,127110,"stub_1_2 Transformation","tbl-h08-prep-metric-contract--gt-0010 tbl-h08-prep-metric-contract--gt-0006","stub_1_2|Transformation","tbl-h08-prep-metric-contract--gt-0010|tbl-h08-prep-metric-contract--gt-0006",131658,131732,23,75
4,"tbl-h08-prep-metric-contract","headers",13,127184,127207,"stub_1_2 Reported effect","tbl-h08-prep-metric-contract--gt-0010 tbl-h08-prep-metric-contract--gt-0007","stub_1_2|Reported-effect","tbl-h08-prep-metric-contract--gt-0010|tbl-h08-prep-metric-contract--gt-0007",131806,131880,24,75
4,"tbl-h08-prep-metric-contract","headers",14,127268,127280,"stub_1_2 Unit","tbl-h08-prep-metric-contract--gt-0010 tbl-h08-prep-metric-contract--gt-0008","stub_1_2|Unit","tbl-h08-prep-metric-contract--gt-0010|tbl-h08-prep-metric-contract--gt-0008",131941,132015,13,75
4,"tbl-h08-prep-metric-contract","id",11,127322,127329,"stub_1_3","tbl-h08-prep-metric-contract--gt-0011","","",132057,132093,8,37
4,"tbl-h08-prep-metric-contract","headers",15,127452,127466,"stub_1_3 Metric","tbl-h08-prep-metric-contract--gt-0011 tbl-h08-prep-metric-contract--gt-0002","stub_1_3|Metric","tbl-h08-prep-metric-contract--gt-0011|tbl-h08-prep-metric-contract--gt-0002",132216,132290,15,75
4,"tbl-h08-prep-metric-contract","headers",16,127528,127544,"stub_1_3 Category","tbl-h08-prep-metric-contract--gt-0011 tbl-h08-prep-metric-contract--gt-0003","stub_1_3|Category","tbl-h08-prep-metric-contract--gt-0011|tbl-h08-prep-metric-contract--gt-0003",132352,132426,17,75
4,"tbl-h08-prep-metric-contract","headers",17,127600,127622,"stub_1_3 Analysis level","tbl-h08-prep-metric-contract--gt-0011 tbl-h08-prep-metric-contract--gt-0004","stub_1_3|Analysis-level","tbl-h08-prep-metric-contract--gt-0011|tbl-h08-prep-metric-contract--gt-0004",132482,132556,23,75
4,"tbl-h08-prep-metric-contract","headers",18,127682,127704,"stub_1_3 Response model","tbl-h08-prep-metric-contract--gt-0011 tbl-h08-prep-metric-contract--gt-0005","stub_1_3|Response-model","tbl-h08-prep-metric-contract--gt-0011|tbl-h08-prep-metric-contract--gt-0005",132616,132690,23,75
4,"tbl-h08-prep-metric-contract","headers",19,127757,127779,"stub_1_3 Transformation","tbl-h08-prep-metric-contract--gt-0011 tbl-h08-prep-metric-contract--gt-0006","stub_1_3|Transformation","tbl-h08-prep-metric-contract--gt-0011|tbl-h08-prep-metric-contract--gt-0006",132743,132817,23,75
4,"tbl-h08-prep-metric-contract","headers",20,127842,127865,"stub_1_3 Reported effect","tbl-h08-prep-metric-contract--gt-0011 tbl-h08-prep-metric-contract--gt-0007","stub_1_3|Reported-effect","tbl-h08-prep-metric-contract--gt-0011|tbl-h08-prep-metric-contract--gt-0007",132880,132954,24,75
4,"tbl-h08-prep-metric-contract","headers",21,127915,127927,"stub_1_3 Unit","tbl-h08-prep-metric-contract--gt-0011 tbl-h08-prep-metric-contract--gt-0008","stub_1_3|Unit","tbl-h08-prep-metric-contract--gt-0011|tbl-h08-prep-metric-contract--gt-0008",133004,133078,13,75
4,"tbl-h08-prep-metric-contract","id",12,127970,127977,"stub_1_4","tbl-h08-prep-metric-contract--gt-0012","","",133121,133157,8,37
4,"tbl-h08-prep-metric-contract","headers",22,128111,128125,"stub_1_4 Metric","tbl-h08-prep-metric-contract--gt-0012 tbl-h08-prep-metric-contract--gt-0002","stub_1_4|Metric","tbl-h08-prep-metric-contract--gt-0012|tbl-h08-prep-metric-contract--gt-0002",133291,133365,15,75
4,"tbl-h08-prep-metric-contract","headers",23,128207,128223,"stub_1_4 Category","tbl-h08-prep-metric-contract--gt-0012 tbl-h08-prep-metric-contract--gt-0003","stub_1_4|Category","tbl-h08-prep-metric-contract--gt-0012|tbl-h08-prep-metric-contract--gt-0003",133447,133521,17,75
4,"tbl-h08-prep-metric-contract","headers",24,128293,128315,"stub_1_4 Analysis level","tbl-h08-prep-metric-contract--gt-0012 tbl-h08-prep-metric-contract--gt-0004","stub_1_4|Analysis-level","tbl-h08-prep-metric-contract--gt-0012|tbl-h08-prep-metric-contract--gt-0004",133591,133665,23,75
4,"tbl-h08-prep-metric-contract","headers",25,128386,128408,"stub_1_4 Response model","tbl-h08-prep-metric-contract--gt-0012 tbl-h08-prep-metric-contract--gt-0005","stub_1_4|Response-model","tbl-h08-prep-metric-contract--gt-0012|tbl-h08-prep-metric-contract--gt-0005",133736,133810,23,75
4,"tbl-h08-prep-metric-contract","headers",26,128481,128503,"stub_1_4 Transformation","tbl-h08-prep-metric-contract--gt-0012 tbl-h08-prep-metric-contract--gt-0006","stub_1_4|Transformation","tbl-h08-prep-metric-contract--gt-0012|tbl-h08-prep-metric-contract--gt-0006",133883,133957,23,75
4,"tbl-h08-prep-metric-contract","headers",27,128567,128590,"stub_1_4 Reported effect","tbl-h08-prep-metric-contract--gt-0012 tbl-h08-prep-metric-contract--gt-0007","stub_1_4|Reported-effect","tbl-h08-prep-metric-contract--gt-0012|tbl-h08-prep-metric-contract--gt-0007",134021,134095,24,75
4,"tbl-h08-prep-metric-contract","headers",28,128651,128663,"stub_1_4 Unit","tbl-h08-prep-metric-contract--gt-0012 tbl-h08-prep-metric-contract--gt-0008","stub_1_4|Unit","tbl-h08-prep-metric-contract--gt-0012|tbl-h08-prep-metric-contract--gt-0008",134156,134230,13,75
4,"tbl-h08-prep-metric-contract","id",13,128704,128711,"stub_1_5","tbl-h08-prep-metric-contract--gt-0013","","",134271,134307,8,37
4,"tbl-h08-prep-metric-contract","headers",29,128834,128848,"stub_1_5 Metric","tbl-h08-prep-metric-contract--gt-0013 tbl-h08-prep-metric-contract--gt-0002","stub_1_5|Metric","tbl-h08-prep-metric-contract--gt-0013|tbl-h08-prep-metric-contract--gt-0002",134430,134504,15,75
4,"tbl-h08-prep-metric-contract","headers",30,128929,128945,"stub_1_5 Category","tbl-h08-prep-metric-contract--gt-0013 tbl-h08-prep-metric-contract--gt-0003","stub_1_5|Category","tbl-h08-prep-metric-contract--gt-0013|tbl-h08-prep-metric-contract--gt-0003",134585,134659,17,75
4,"tbl-h08-prep-metric-contract","headers",31,129004,129026,"stub_1_5 Analysis level","tbl-h08-prep-metric-contract--gt-0013 tbl-h08-prep-metric-contract--gt-0004","stub_1_5|Analysis-level","tbl-h08-prep-metric-contract--gt-0013|tbl-h08-prep-metric-contract--gt-0004",134718,134792,23,75
4,"tbl-h08-prep-metric-contract","headers",32,129086,129108,"stub_1_5 Response model","tbl-h08-prep-metric-contract--gt-0013 tbl-h08-prep-metric-contract--gt-0005","stub_1_5|Response-model","tbl-h08-prep-metric-contract--gt-0013|tbl-h08-prep-metric-contract--gt-0005",134852,134926,23,75
4,"tbl-h08-prep-metric-contract","headers",33,129170,129192,"stub_1_5 Transformation","tbl-h08-prep-metric-contract--gt-0013 tbl-h08-prep-metric-contract--gt-0006","stub_1_5|Transformation","tbl-h08-prep-metric-contract--gt-0013|tbl-h08-prep-metric-contract--gt-0006",134988,135062,23,75
4,"tbl-h08-prep-metric-contract","headers",34,129245,129268,"stub_1_5 Reported effect","tbl-h08-prep-metric-contract--gt-0013 tbl-h08-prep-metric-contract--gt-0007","stub_1_5|Reported-effect","tbl-h08-prep-metric-contract--gt-0013|tbl-h08-prep-metric-contract--gt-0007",135115,135189,24,75
4,"tbl-h08-prep-metric-contract","headers",35,129318,129330,"stub_1_5 Unit","tbl-h08-prep-metric-contract--gt-0013 tbl-h08-prep-metric-contract--gt-0008","stub_1_5|Unit","tbl-h08-prep-metric-contract--gt-0013|tbl-h08-prep-metric-contract--gt-0008",135239,135313,13,75
4,"tbl-h08-prep-metric-contract","id",14,129372,129379,"stub_1_6","tbl-h08-prep-metric-contract--gt-0014","","",135355,135391,8,37
4,"tbl-h08-prep-metric-contract","headers",36,129513,129527,"stub_1_6 Metric","tbl-h08-prep-metric-contract--gt-0014 tbl-h08-prep-metric-contract--gt-0002","stub_1_6|Metric","tbl-h08-prep-metric-contract--gt-0014|tbl-h08-prep-metric-contract--gt-0002",135525,135599,15,75
4,"tbl-h08-prep-metric-contract","headers",37,129619,129635,"stub_1_6 Category","tbl-h08-prep-metric-contract--gt-0014 tbl-h08-prep-metric-contract--gt-0003","stub_1_6|Category","tbl-h08-prep-metric-contract--gt-0014|tbl-h08-prep-metric-contract--gt-0003",135691,135765,17,75
4,"tbl-h08-prep-metric-contract","headers",38,129705,129727,"stub_1_6 Analysis level","tbl-h08-prep-metric-contract--gt-0014 tbl-h08-prep-metric-contract--gt-0004","stub_1_6|Analysis-level","tbl-h08-prep-metric-contract--gt-0014|tbl-h08-prep-metric-contract--gt-0004",135835,135909,23,75
4,"tbl-h08-prep-metric-contract","headers",39,129798,129820,"stub_1_6 Response model","tbl-h08-prep-metric-contract--gt-0014 tbl-h08-prep-metric-contract--gt-0005","stub_1_6|Response-model","tbl-h08-prep-metric-contract--gt-0014|tbl-h08-prep-metric-contract--gt-0005",135980,136054,23,75
4,"tbl-h08-prep-metric-contract","headers",40,129884,129906,"stub_1_6 Transformation","tbl-h08-prep-metric-contract--gt-0014 tbl-h08-prep-metric-contract--gt-0006","stub_1_6|Transformation","tbl-h08-prep-metric-contract--gt-0014|tbl-h08-prep-metric-contract--gt-0006",136118,136192,23,75
4,"tbl-h08-prep-metric-contract","headers",41,129970,129993,"stub_1_6 Reported effect","tbl-h08-prep-metric-contract--gt-0014 tbl-h08-prep-metric-contract--gt-0007","stub_1_6|Reported-effect","tbl-h08-prep-metric-contract--gt-0014|tbl-h08-prep-metric-contract--gt-0007",136256,136330,24,75
4,"tbl-h08-prep-metric-contract","headers",42,130068,130080,"stub_1_6 Unit","tbl-h08-prep-metric-contract--gt-0014 tbl-h08-prep-metric-contract--gt-0008","stub_1_6|Unit","tbl-h08-prep-metric-contract--gt-0014|tbl-h08-prep-metric-contract--gt-0008",136405,136479,13,75
4,"tbl-h08-prep-metric-contract","id",15,130121,130128,"stub_1_7","tbl-h08-prep-metric-contract--gt-0015","","",136520,136556,8,37
4,"tbl-h08-prep-metric-contract","headers",43,130251,130265,"stub_1_7 Metric","tbl-h08-prep-metric-contract--gt-0015 tbl-h08-prep-metric-contract--gt-0002","stub_1_7|Metric","tbl-h08-prep-metric-contract--gt-0015|tbl-h08-prep-metric-contract--gt-0002",136679,136753,15,75
4,"tbl-h08-prep-metric-contract","headers",44,130345,130361,"stub_1_7 Category","tbl-h08-prep-metric-contract--gt-0015 tbl-h08-prep-metric-contract--gt-0003","stub_1_7|Category","tbl-h08-prep-metric-contract--gt-0015|tbl-h08-prep-metric-contract--gt-0003",136833,136907,17,75
4,"tbl-h08-prep-metric-contract","headers",45,130420,130442,"stub_1_7 Analysis level","tbl-h08-prep-metric-contract--gt-0015 tbl-h08-prep-metric-contract--gt-0004","stub_1_7|Analysis-level","tbl-h08-prep-metric-contract--gt-0015|tbl-h08-prep-metric-contract--gt-0004",136966,137040,23,75
4,"tbl-h08-prep-metric-contract","headers",46,130502,130524,"stub_1_7 Response model","tbl-h08-prep-metric-contract--gt-0015 tbl-h08-prep-metric-contract--gt-0005","stub_1_7|Response-model","tbl-h08-prep-metric-contract--gt-0015|tbl-h08-prep-metric-contract--gt-0005",137100,137174,23,75
4,"tbl-h08-prep-metric-contract","headers",47,130586,130608,"stub_1_7 Transformation","tbl-h08-prep-metric-contract--gt-0015 tbl-h08-prep-metric-contract--gt-0006","stub_1_7|Transformation","tbl-h08-prep-metric-contract--gt-0015|tbl-h08-prep-metric-contract--gt-0006",137236,137310,23,75
4,"tbl-h08-prep-metric-contract","headers",48,130661,130684,"stub_1_7 Reported effect","tbl-h08-prep-metric-contract--gt-0015 tbl-h08-prep-metric-contract--gt-0007","stub_1_7|Reported-effect","tbl-h08-prep-metric-contract--gt-0015|tbl-h08-prep-metric-contract--gt-0007",137363,137437,24,75
4,"tbl-h08-prep-metric-contract","headers",49,130734,130746,"stub_1_7 Unit","tbl-h08-prep-metric-contract--gt-0015 tbl-h08-prep-metric-contract--gt-0008","stub_1_7|Unit","tbl-h08-prep-metric-contract--gt-0015|tbl-h08-prep-metric-contract--gt-0008",137487,137561,13,75
4,"tbl-h08-prep-metric-contract","id",16,130788,130795,"stub_1_8","tbl-h08-prep-metric-contract--gt-0016","","",137603,137639,8,37
4,"tbl-h08-prep-metric-contract","headers",50,130929,130943,"stub_1_8 Metric","tbl-h08-prep-metric-contract--gt-0016 tbl-h08-prep-metric-contract--gt-0002","stub_1_8|Metric","tbl-h08-prep-metric-contract--gt-0016|tbl-h08-prep-metric-contract--gt-0002",137773,137847,15,75
4,"tbl-h08-prep-metric-contract","headers",51,131044,131060,"stub_1_8 Category","tbl-h08-prep-metric-contract--gt-0016 tbl-h08-prep-metric-contract--gt-0003","stub_1_8|Category","tbl-h08-prep-metric-contract--gt-0016|tbl-h08-prep-metric-contract--gt-0003",137948,138022,17,75
4,"tbl-h08-prep-metric-contract","headers",52,131130,131152,"stub_1_8 Analysis level","tbl-h08-prep-metric-contract--gt-0016 tbl-h08-prep-metric-contract--gt-0004","stub_1_8|Analysis-level","tbl-h08-prep-metric-contract--gt-0016|tbl-h08-prep-metric-contract--gt-0004",138092,138166,23,75
4,"tbl-h08-prep-metric-contract","headers",53,131223,131245,"stub_1_8 Response model","tbl-h08-prep-metric-contract--gt-0016 tbl-h08-prep-metric-contract--gt-0005","stub_1_8|Response-model","tbl-h08-prep-metric-contract--gt-0016|tbl-h08-prep-metric-contract--gt-0005",138237,138311,23,75
4,"tbl-h08-prep-metric-contract","headers",54,131309,131331,"stub_1_8 Transformation","tbl-h08-prep-metric-contract--gt-0016 tbl-h08-prep-metric-contract--gt-0006","stub_1_8|Transformation","tbl-h08-prep-metric-contract--gt-0016|tbl-h08-prep-metric-contract--gt-0006",138375,138449,23,75
4,"tbl-h08-prep-metric-contract","headers",55,131405,131428,"stub_1_8 Reported effect","tbl-h08-prep-metric-contract--gt-0016 tbl-h08-prep-metric-contract--gt-0007","stub_1_8|Reported-effect","tbl-h08-prep-metric-contract--gt-0016|tbl-h08-prep-metric-contract--gt-0007",138523,138597,24,75
4,"tbl-h08-prep-metric-contract","headers",56,131489,131501,"stub_1_8 Unit","tbl-h08-prep-metric-contract--gt-0016 tbl-h08-prep-metric-contract--gt-0008","stub_1_8|Unit","tbl-h08-prep-metric-contract--gt-0016|tbl-h08-prep-metric-contract--gt-0008",138658,138732,13,75
4,"tbl-h08-prep-metric-contract","id",17,131542,131549,"stub_1_9","tbl-h08-prep-metric-contract--gt-0017","","",138773,138809,8,37
4,"tbl-h08-prep-metric-contract","headers",57,131672,131686,"stub_1_9 Metric","tbl-h08-prep-metric-contract--gt-0017 tbl-h08-prep-metric-contract--gt-0002","stub_1_9|Metric","tbl-h08-prep-metric-contract--gt-0017|tbl-h08-prep-metric-contract--gt-0002",138932,139006,15,75
4,"tbl-h08-prep-metric-contract","headers",58,131742,131758,"stub_1_9 Category","tbl-h08-prep-metric-contract--gt-0017 tbl-h08-prep-metric-contract--gt-0003","stub_1_9|Category","tbl-h08-prep-metric-contract--gt-0017|tbl-h08-prep-metric-contract--gt-0003",139062,139136,17,75
4,"tbl-h08-prep-metric-contract","headers",59,131825,131847,"stub_1_9 Analysis level","tbl-h08-prep-metric-contract--gt-0017 tbl-h08-prep-metric-contract--gt-0004","stub_1_9|Analysis-level","tbl-h08-prep-metric-contract--gt-0017|tbl-h08-prep-metric-contract--gt-0004",139203,139277,23,75
4,"tbl-h08-prep-metric-contract","headers",60,131907,131929,"stub_1_9 Response model","tbl-h08-prep-metric-contract--gt-0017 tbl-h08-prep-metric-contract--gt-0005","stub_1_9|Response-model","tbl-h08-prep-metric-contract--gt-0017|tbl-h08-prep-metric-contract--gt-0005",139337,139411,23,75
4,"tbl-h08-prep-metric-contract","headers",61,131982,132004,"stub_1_9 Transformation","tbl-h08-prep-metric-contract--gt-0017 tbl-h08-prep-metric-contract--gt-0006","stub_1_9|Transformation","tbl-h08-prep-metric-contract--gt-0017|tbl-h08-prep-metric-contract--gt-0006",139464,139538,23,75
4,"tbl-h08-prep-metric-contract","headers",62,132067,132090,"stub_1_9 Reported effect","tbl-h08-prep-metric-contract--gt-0017 tbl-h08-prep-metric-contract--gt-0007","stub_1_9|Reported-effect","tbl-h08-prep-metric-contract--gt-0017|tbl-h08-prep-metric-contract--gt-0007",139601,139675,24,75
4,"tbl-h08-prep-metric-contract","headers",63,132140,132152,"stub_1_9 Unit","tbl-h08-prep-metric-contract--gt-0017 tbl-h08-prep-metric-contract--gt-0008","stub_1_9|Unit","tbl-h08-prep-metric-contract--gt-0017|tbl-h08-prep-metric-contract--gt-0008",139725,139799,13,75
5,"tbl-h08-prep-availability","id",1,146121,146135,"placement_label","tbl-h08-prep-availability--gt-0001","","",153768,153801,15,34
5,"tbl-h08-prep-availability","id",2,146262,146273,"Availability","tbl-h08-prep-availability--gt-0002","","",153928,153961,12,34
5,"tbl-h08-prep-availability","id",3,146410,146425,"Participant-days","tbl-h08-prep-availability--gt-0003","","",154098,154131,16,34
5,"tbl-h08-prep-availability","id",4,146654,146679,"Gap-timing-unaware dataset","tbl-h08-prep-availability--gt-0004","","",154360,154393,26,34
5,"tbl-h08-prep-availability","headers",1,146868,146910,"Gap-timing-unaware dataset  placement_label","tbl-h08-prep-availability--gt-0004 tbl-h08-prep-availability--gt-0001","Gap-timing-unaware dataset|placement_label","tbl-h08-prep-availability--gt-0004|tbl-h08-prep-availability--gt-0001",154582,154650,43,69
5,"tbl-h08-prep-availability","headers",2,146960,146999,"Gap-timing-unaware dataset  Availability","tbl-h08-prep-availability--gt-0004 tbl-h08-prep-availability--gt-0002","Gap-timing-unaware dataset|Availability","tbl-h08-prep-availability--gt-0004|tbl-h08-prep-availability--gt-0002",154700,154768,40,69
5,"tbl-h08-prep-availability","headers",3,147054,147097,"Gap-timing-unaware dataset  Participant-days","tbl-h08-prep-availability--gt-0004 tbl-h08-prep-availability--gt-0003","Gap-timing-unaware dataset|Participant-days","tbl-h08-prep-availability--gt-0004|tbl-h08-prep-availability--gt-0003",154823,154891,44,69
5,"tbl-h08-prep-availability","headers",4,147181,147223,"Gap-timing-unaware dataset  placement_label","tbl-h08-prep-availability--gt-0004 tbl-h08-prep-availability--gt-0001","Gap-timing-unaware dataset|placement_label","tbl-h08-prep-availability--gt-0004|tbl-h08-prep-availability--gt-0001",154975,155043,43,69
5,"tbl-h08-prep-availability","headers",5,147284,147323,"Gap-timing-unaware dataset  Availability","tbl-h08-prep-availability--gt-0004 tbl-h08-prep-availability--gt-0002","Gap-timing-unaware dataset|Availability","tbl-h08-prep-availability--gt-0004|tbl-h08-prep-availability--gt-0002",155104,155172,40,69
5,"tbl-h08-prep-availability","headers",6,147412,147455,"Gap-timing-unaware dataset  Participant-days","tbl-h08-prep-availability--gt-0004 tbl-h08-prep-availability--gt-0003","Gap-timing-unaware dataset|Participant-days","tbl-h08-prep-availability--gt-0004|tbl-h08-prep-availability--gt-0003",155261,155329,44,69
5,"tbl-h08-prep-availability","headers",7,147527,147569,"Gap-timing-unaware dataset  placement_label","tbl-h08-prep-availability--gt-0004 tbl-h08-prep-availability--gt-0001","Gap-timing-unaware dataset|placement_label","tbl-h08-prep-availability--gt-0004|tbl-h08-prep-availability--gt-0001",155401,155469,43,69
5,"tbl-h08-prep-availability","headers",8,147622,147661,"Gap-timing-unaware dataset  Availability","tbl-h08-prep-availability--gt-0004 tbl-h08-prep-availability--gt-0002","Gap-timing-unaware dataset|Availability","tbl-h08-prep-availability--gt-0004|tbl-h08-prep-availability--gt-0002",155522,155590,40,69
5,"tbl-h08-prep-availability","headers",9,147716,147759,"Gap-timing-unaware dataset  Participant-days","tbl-h08-prep-availability--gt-0004 tbl-h08-prep-availability--gt-0003","Gap-timing-unaware dataset|Participant-days","tbl-h08-prep-availability--gt-0004|tbl-h08-prep-availability--gt-0003",155645,155713,44,69
5,"tbl-h08-prep-availability","headers",10,147843,147885,"Gap-timing-unaware dataset  placement_label","tbl-h08-prep-availability--gt-0004 tbl-h08-prep-availability--gt-0001","Gap-timing-unaware dataset|placement_label","tbl-h08-prep-availability--gt-0004|tbl-h08-prep-availability--gt-0001",155797,155865,43,69
5,"tbl-h08-prep-availability","headers",11,147949,147988,"Gap-timing-unaware dataset  Availability","tbl-h08-prep-availability--gt-0004 tbl-h08-prep-availability--gt-0002","Gap-timing-unaware dataset|Availability","tbl-h08-prep-availability--gt-0004|tbl-h08-prep-availability--gt-0002",155929,155997,40,69
5,"tbl-h08-prep-availability","headers",12,148077,148120,"Gap-timing-unaware dataset  Participant-days","tbl-h08-prep-availability--gt-0004 tbl-h08-prep-availability--gt-0003","Gap-timing-unaware dataset|Participant-days","tbl-h08-prep-availability--gt-0004|tbl-h08-prep-availability--gt-0003",156086,156154,44,69
5,"tbl-h08-prep-availability","id",5,148197,148211,"Primary dataset","tbl-h08-prep-availability--gt-0005","","",156231,156264,15,34
5,"tbl-h08-prep-availability","headers",13,148388,148419,"Primary dataset  placement_label","tbl-h08-prep-availability--gt-0005 tbl-h08-prep-availability--gt-0001","Primary dataset|placement_label","tbl-h08-prep-availability--gt-0005|tbl-h08-prep-availability--gt-0001",156441,156509,32,69
5,"tbl-h08-prep-availability","headers",14,148469,148497,"Primary dataset  Availability","tbl-h08-prep-availability--gt-0005 tbl-h08-prep-availability--gt-0002","Primary dataset|Availability","tbl-h08-prep-availability--gt-0005|tbl-h08-prep-availability--gt-0002",156559,156627,29,69
5,"tbl-h08-prep-availability","headers",15,148552,148584,"Primary dataset  Participant-days","tbl-h08-prep-availability--gt-0005 tbl-h08-prep-availability--gt-0003","Primary dataset|Participant-days","tbl-h08-prep-availability--gt-0005|tbl-h08-prep-availability--gt-0003",156682,156750,33,69
5,"tbl-h08-prep-availability","headers",16,148669,148700,"Primary dataset  placement_label","tbl-h08-prep-availability--gt-0005 tbl-h08-prep-availability--gt-0001","Primary dataset|placement_label","tbl-h08-prep-availability--gt-0005|tbl-h08-prep-availability--gt-0001",156835,156903,32,69
5,"tbl-h08-prep-availability","headers",17,148761,148789,"Primary dataset  Availability","tbl-h08-prep-availability--gt-0005 tbl-h08-prep-availability--gt-0002","Primary dataset|Availability","tbl-h08-prep-availability--gt-0005|tbl-h08-prep-availability--gt-0002",156964,157032,29,69
5,"tbl-h08-prep-availability","headers",18,148878,148910,"Primary dataset  Participant-days","tbl-h08-prep-availability--gt-0005 tbl-h08-prep-availability--gt-0003","Primary dataset|Participant-days","tbl-h08-prep-availability--gt-0005|tbl-h08-prep-availability--gt-0003",157121,157189,33,69
5,"tbl-h08-prep-availability","headers",19,148981,149012,"Primary dataset  placement_label","tbl-h08-prep-availability--gt-0005 tbl-h08-prep-availability--gt-0001","Primary dataset|placement_label","tbl-h08-prep-availability--gt-0005|tbl-h08-prep-availability--gt-0001",157260,157328,32,69
5,"tbl-h08-prep-availability","headers",20,149065,149093,"Primary dataset  Availability","tbl-h08-prep-availability--gt-0005 tbl-h08-prep-availability--gt-0002","Primary dataset|Availability","tbl-h08-prep-availability--gt-0005|tbl-h08-prep-availability--gt-0002",157381,157449,29,69
5,"tbl-h08-prep-availability","headers",21,149148,149180,"Primary dataset  Participant-days","tbl-h08-prep-availability--gt-0005 tbl-h08-prep-availability--gt-0003","Primary dataset|Participant-days","tbl-h08-prep-availability--gt-0005|tbl-h08-prep-availability--gt-0003",157504,157572,33,69
5,"tbl-h08-prep-availability","headers",22,149265,149296,"Primary dataset  placement_label","tbl-h08-prep-availability--gt-0005 tbl-h08-prep-availability--gt-0001","Primary dataset|placement_label","tbl-h08-prep-availability--gt-0005|tbl-h08-prep-availability--gt-0001",157657,157725,32,69
5,"tbl-h08-prep-availability","headers",23,149360,149388,"Primary dataset  Availability","tbl-h08-prep-availability--gt-0005 tbl-h08-prep-availability--gt-0002","Primary dataset|Availability","tbl-h08-prep-availability--gt-0005|tbl-h08-prep-availability--gt-0002",157789,157857,29,69
5,"tbl-h08-prep-availability","headers",24,149477,149509,"Primary dataset  Participant-days","tbl-h08-prep-availability--gt-0005 tbl-h08-prep-availability--gt-0003","Primary dataset|Participant-days","tbl-h08-prep-availability--gt-0005|tbl-h08-prep-availability--gt-0003",157946,158014,33,69
6,"tbl-h08-prep-primary-samples","id",1,166085,166091,"a::stub","tbl-h08-prep-primary-samples--gt-0001","","",174590,174626,7,37
6,"tbl-h08-prep-primary-samples","id",2,166209,166214,"Metric","tbl-h08-prep-primary-samples--gt-0002","","",174744,174780,6,37
6,"tbl-h08-prep-primary-samples","id",3,166338,166349,"Participants","tbl-h08-prep-primary-samples--gt-0003","","",174904,174940,12,37
6,"tbl-h08-prep-primary-samples","id",4,166480,166495,"Participant-days","tbl-h08-prep-primary-samples--gt-0004","","",175071,175107,16,37
6,"tbl-h08-prep-primary-samples","id",5,166630,166634,"Sites","tbl-h08-prep-primary-samples--gt-0005","","",175242,175278,5,37
6,"tbl-h08-prep-primary-samples","id",6,166758,166776,"Valid-support-hours","tbl-h08-prep-primary-samples--gt-0006","","",175402,175438,19,37
6,"tbl-h08-prep-primary-samples","id",7,166914,166935,"Expected-support-hours","tbl-h08-prep-primary-samples--gt-0007","","",175576,175612,22,37
6,"tbl-h08-prep-primary-samples","id",8,167170,167174,"Chest","tbl-h08-prep-primary-samples--gt-0008","","",175847,175883,5,37
6,"tbl-h08-prep-primary-samples","id",9,167314,167321,"stub_1_1","tbl-h08-prep-primary-samples--gt-0009","","",176023,176059,8,37
6,"tbl-h08-prep-primary-samples","headers",1,167444,167464,"Chest stub_1_1 Metric","tbl-h08-prep-primary-samples--gt-0008 tbl-h08-prep-primary-samples--gt-0009 tbl-h08-prep-primary-samples--gt-0002","Chest|stub_1_1|Metric","tbl-h08-prep-primary-samples--gt-0008|tbl-h08-prep-primary-samples--gt-0009|tbl-h08-prep-primary-samples--gt-0002",176182,176294,21,113
6,"tbl-h08-prep-primary-samples","headers",2,167521,167547,"Chest stub_1_1 Participants","tbl-h08-prep-primary-samples--gt-0008 tbl-h08-prep-primary-samples--gt-0009 tbl-h08-prep-primary-samples--gt-0003","Chest|stub_1_1|Participants","tbl-h08-prep-primary-samples--gt-0008|tbl-h08-prep-primary-samples--gt-0009|tbl-h08-prep-primary-samples--gt-0003",176351,176463,27,113
6,"tbl-h08-prep-primary-samples","headers",3,167596,167626,"Chest stub_1_1 Participant-days","tbl-h08-prep-primary-samples--gt-0008 tbl-h08-prep-primary-samples--gt-0009 tbl-h08-prep-primary-samples--gt-0004","Chest|stub_1_1|Participant-days","tbl-h08-prep-primary-samples--gt-0008|tbl-h08-prep-primary-samples--gt-0009|tbl-h08-prep-primary-samples--gt-0004",176512,176624,31,113
6,"tbl-h08-prep-primary-samples","headers",4,167675,167694,"Chest stub_1_1 Sites","tbl-h08-prep-primary-samples--gt-0008 tbl-h08-prep-primary-samples--gt-0009 tbl-h08-prep-primary-samples--gt-0005","Chest|stub_1_1|Sites","tbl-h08-prep-primary-samples--gt-0008|tbl-h08-prep-primary-samples--gt-0009|tbl-h08-prep-primary-samples--gt-0005",176673,176785,20,113
6,"tbl-h08-prep-primary-samples","headers",5,167741,167774,"Chest stub_1_1 Valid support hours","tbl-h08-prep-primary-samples--gt-0008 tbl-h08-prep-primary-samples--gt-0009 tbl-h08-prep-primary-samples--gt-0006","Chest|stub_1_1|Valid-support-hours","tbl-h08-prep-primary-samples--gt-0008|tbl-h08-prep-primary-samples--gt-0009|tbl-h08-prep-primary-samples--gt-0006",176832,176944,34,113
6,"tbl-h08-prep-primary-samples","headers",6,167826,167862,"Chest stub_1_1 Expected support hours","tbl-h08-prep-primary-samples--gt-0008 tbl-h08-prep-primary-samples--gt-0009 tbl-h08-prep-primary-samples--gt-0007","Chest|stub_1_1|Expected-support-hours","tbl-h08-prep-primary-samples--gt-0008|tbl-h08-prep-primary-samples--gt-0009|tbl-h08-prep-primary-samples--gt-0007",176996,177108,37,113
6,"tbl-h08-prep-primary-samples","id",10,167908,167915,"stub_1_2","tbl-h08-prep-primary-samples--gt-0010","","",177154,177190,8,37
6,"tbl-h08-prep-primary-samples","headers",7,168049,168069,"Chest stub_1_2 Metric","tbl-h08-prep-primary-samples--gt-0008 tbl-h08-prep-primary-samples--gt-0010 tbl-h08-prep-primary-samples--gt-0002","Chest|stub_1_2|Metric","tbl-h08-prep-primary-samples--gt-0008|tbl-h08-prep-primary-samples--gt-0010|tbl-h08-prep-primary-samples--gt-0002",177324,177436,21,113
6,"tbl-h08-prep-primary-samples","headers",8,168145,168171,"Chest stub_1_2 Participants","tbl-h08-prep-primary-samples--gt-0008 tbl-h08-prep-primary-samples--gt-0010 tbl-h08-prep-primary-samples--gt-0003","Chest|stub_1_2|Participants","tbl-h08-prep-primary-samples--gt-0008|tbl-h08-prep-primary-samples--gt-0010|tbl-h08-prep-primary-samples--gt-0003",177512,177624,27,113
6,"tbl-h08-prep-primary-samples","headers",9,168231,168261,"Chest stub_1_2 Participant-days","tbl-h08-prep-primary-samples--gt-0008 tbl-h08-prep-primary-samples--gt-0010 tbl-h08-prep-primary-samples--gt-0004","Chest|stub_1_2|Participant-days","tbl-h08-prep-primary-samples--gt-0008|tbl-h08-prep-primary-samples--gt-0010|tbl-h08-prep-primary-samples--gt-0004",177684,177796,31,113
6,"tbl-h08-prep-primary-samples","headers",10,168321,168340,"Chest stub_1_2 Sites","tbl-h08-prep-primary-samples--gt-0008 tbl-h08-prep-primary-samples--gt-0010 tbl-h08-prep-primary-samples--gt-0005","Chest|stub_1_2|Sites","tbl-h08-prep-primary-samples--gt-0008|tbl-h08-prep-primary-samples--gt-0010|tbl-h08-prep-primary-samples--gt-0005",177856,177968,20,113
6,"tbl-h08-prep-primary-samples","headers",11,168398,168431,"Chest stub_1_2 Valid support hours","tbl-h08-prep-primary-samples--gt-0008 tbl-h08-prep-primary-samples--gt-0010 tbl-h08-prep-primary-samples--gt-0006","Chest|stub_1_2|Valid-support-hours","tbl-h08-prep-primary-samples--gt-0008|tbl-h08-prep-primary-samples--gt-0010|tbl-h08-prep-primary-samples--gt-0006",178026,178138,34,113
6,"tbl-h08-prep-primary-samples","headers",12,168491,168527,"Chest stub_1_2 Expected support hours","tbl-h08-prep-primary-samples--gt-0008 tbl-h08-prep-primary-samples--gt-0010 tbl-h08-prep-primary-samples--gt-0007","Chest|stub_1_2|Expected-support-hours","tbl-h08-prep-primary-samples--gt-0008|tbl-h08-prep-primary-samples--gt-0010|tbl-h08-prep-primary-samples--gt-0007",178198,178310,37,113
6,"tbl-h08-prep-primary-samples","id",11,168571,168578,"stub_1_3","tbl-h08-prep-primary-samples--gt-0011","","",178354,178390,8,37
6,"tbl-h08-prep-primary-samples","headers",13,168701,168721,"Chest stub_1_3 Metric","tbl-h08-prep-primary-samples--gt-0008 tbl-h08-prep-primary-samples--gt-0011 tbl-h08-prep-primary-samples--gt-0002","Chest|stub_1_3|Metric","tbl-h08-prep-primary-samples--gt-0008|tbl-h08-prep-primary-samples--gt-0011|tbl-h08-prep-primary-samples--gt-0002",178513,178625,21,113
6,"tbl-h08-prep-primary-samples","headers",14,168784,168810,"Chest stub_1_3 Participants","tbl-h08-prep-primary-samples--gt-0008 tbl-h08-prep-primary-samples--gt-0011 tbl-h08-prep-primary-samples--gt-0003","Chest|stub_1_3|Participants","tbl-h08-prep-primary-samples--gt-0008|tbl-h08-prep-primary-samples--gt-0011|tbl-h08-prep-primary-samples--gt-0003",178688,178800,27,113
6,"tbl-h08-prep-primary-samples","headers",15,168859,168889,"Chest stub_1_3 Participant-days","tbl-h08-prep-primary-samples--gt-0008 tbl-h08-prep-primary-samples--gt-0011 tbl-h08-prep-primary-samples--gt-0004","Chest|stub_1_3|Participant-days","tbl-h08-prep-primary-samples--gt-0008|tbl-h08-prep-primary-samples--gt-0011|tbl-h08-prep-primary-samples--gt-0004",178849,178961,31,113
6,"tbl-h08-prep-primary-samples","headers",16,168938,168957,"Chest stub_1_3 Sites","tbl-h08-prep-primary-samples--gt-0008 tbl-h08-prep-primary-samples--gt-0011 tbl-h08-prep-primary-samples--gt-0005","Chest|stub_1_3|Sites","tbl-h08-prep-primary-samples--gt-0008|tbl-h08-prep-primary-samples--gt-0011|tbl-h08-prep-primary-samples--gt-0005",179010,179122,20,113
6,"tbl-h08-prep-primary-samples","headers",17,169004,169037,"Chest stub_1_3 Valid support hours","tbl-h08-prep-primary-samples--gt-0008 tbl-h08-prep-primary-samples--gt-0011 tbl-h08-prep-primary-samples--gt-0006","Chest|stub_1_3|Valid-support-hours","tbl-h08-prep-primary-samples--gt-0008|tbl-h08-prep-primary-samples--gt-0011|tbl-h08-prep-primary-samples--gt-0006",179169,179281,34,113
6,"tbl-h08-prep-primary-samples","headers",18,169086,169122,"Chest stub_1_3 Expected support hours","tbl-h08-prep-primary-samples--gt-0008 tbl-h08-prep-primary-samples--gt-0011 tbl-h08-prep-primary-samples--gt-0007","Chest|stub_1_3|Expected-support-hours","tbl-h08-prep-primary-samples--gt-0008|tbl-h08-prep-primary-samples--gt-0011|tbl-h08-prep-primary-samples--gt-0007",179330,179442,37,113
6,"tbl-h08-prep-primary-samples","id",12,169165,169172,"stub_1_4","tbl-h08-prep-primary-samples--gt-0012","","",179485,179521,8,37
6,"tbl-h08-prep-primary-samples","headers",19,169306,169326,"Chest stub_1_4 Metric","tbl-h08-prep-primary-samples--gt-0008 tbl-h08-prep-primary-samples--gt-0012 tbl-h08-prep-primary-samples--gt-0002","Chest|stub_1_4|Metric","tbl-h08-prep-primary-samples--gt-0008|tbl-h08-prep-primary-samples--gt-0012|tbl-h08-prep-primary-samples--gt-0002",179655,179767,21,113
6,"tbl-h08-prep-primary-samples","headers",20,169409,169435,"Chest stub_1_4 Participants","tbl-h08-prep-primary-samples--gt-0008 tbl-h08-prep-primary-samples--gt-0012 tbl-h08-prep-primary-samples--gt-0003","Chest|stub_1_4|Participants","tbl-h08-prep-primary-samples--gt-0008|tbl-h08-prep-primary-samples--gt-0012|tbl-h08-prep-primary-samples--gt-0003",179850,179962,27,113
6,"tbl-h08-prep-primary-samples","headers",21,169495,169525,"Chest stub_1_4 Participant-days","tbl-h08-prep-primary-samples--gt-0008 tbl-h08-prep-primary-samples--gt-0012 tbl-h08-prep-primary-samples--gt-0004","Chest|stub_1_4|Participant-days","tbl-h08-prep-primary-samples--gt-0008|tbl-h08-prep-primary-samples--gt-0012|tbl-h08-prep-primary-samples--gt-0004",180022,180134,31,113
6,"tbl-h08-prep-primary-samples","headers",22,169585,169604,"Chest stub_1_4 Sites","tbl-h08-prep-primary-samples--gt-0008 tbl-h08-prep-primary-samples--gt-0012 tbl-h08-prep-primary-samples--gt-0005","Chest|stub_1_4|Sites","tbl-h08-prep-primary-samples--gt-0008|tbl-h08-prep-primary-samples--gt-0012|tbl-h08-prep-primary-samples--gt-0005",180194,180306,20,113
6,"tbl-h08-prep-primary-samples","headers",23,169662,169695,"Chest stub_1_4 Valid support hours","tbl-h08-prep-primary-samples--gt-0008 tbl-h08-prep-primary-samples--gt-0012 tbl-h08-prep-primary-samples--gt-0006","Chest|stub_1_4|Valid-support-hours","tbl-h08-prep-primary-samples--gt-0008|tbl-h08-prep-primary-samples--gt-0012|tbl-h08-prep-primary-samples--gt-0006",180364,180476,34,113
6,"tbl-h08-prep-primary-samples","headers",24,169758,169794,"Chest stub_1_4 Expected support hours","tbl-h08-prep-primary-samples--gt-0008 tbl-h08-prep-primary-samples--gt-0012 tbl-h08-prep-primary-samples--gt-0007","Chest|stub_1_4|Expected-support-hours","tbl-h08-prep-primary-samples--gt-0008|tbl-h08-prep-primary-samples--gt-0012|tbl-h08-prep-primary-samples--gt-0007",180539,180651,37,113
6,"tbl-h08-prep-primary-samples","id",13,169841,169848,"stub_1_5","tbl-h08-prep-primary-samples--gt-0013","","",180698,180734,8,37
6,"tbl-h08-prep-primary-samples","headers",25,169971,169991,"Chest stub_1_5 Metric","tbl-h08-prep-primary-samples--gt-0008 tbl-h08-prep-primary-samples--gt-0013 tbl-h08-prep-primary-samples--gt-0002","Chest|stub_1_5|Metric","tbl-h08-prep-primary-samples--gt-0008|tbl-h08-prep-primary-samples--gt-0013|tbl-h08-prep-primary-samples--gt-0002",180857,180969,21,113
6,"tbl-h08-prep-primary-samples","headers",26,170073,170099,"Chest stub_1_5 Participants","tbl-h08-prep-primary-samples--gt-0008 tbl-h08-prep-primary-samples--gt-0013 tbl-h08-prep-primary-samples--gt-0003","Chest|stub_1_5|Participants","tbl-h08-prep-primary-samples--gt-0008|tbl-h08-prep-primary-samples--gt-0013|tbl-h08-prep-primary-samples--gt-0003",181051,181163,27,113
6,"tbl-h08-prep-primary-samples","headers",27,170148,170178,"Chest stub_1_5 Participant-days","tbl-h08-prep-primary-samples--gt-0008 tbl-h08-prep-primary-samples--gt-0013 tbl-h08-prep-primary-samples--gt-0004","Chest|stub_1_5|Participant-days","tbl-h08-prep-primary-samples--gt-0008|tbl-h08-prep-primary-samples--gt-0013|tbl-h08-prep-primary-samples--gt-0004",181212,181324,31,113
6,"tbl-h08-prep-primary-samples","headers",28,170227,170246,"Chest stub_1_5 Sites","tbl-h08-prep-primary-samples--gt-0008 tbl-h08-prep-primary-samples--gt-0013 tbl-h08-prep-primary-samples--gt-0005","Chest|stub_1_5|Sites","tbl-h08-prep-primary-samples--gt-0008|tbl-h08-prep-primary-samples--gt-0013|tbl-h08-prep-primary-samples--gt-0005",181373,181485,20,113
6,"tbl-h08-prep-primary-samples","headers",29,170293,170326,"Chest stub_1_5 Valid support hours","tbl-h08-prep-primary-samples--gt-0008 tbl-h08-prep-primary-samples--gt-0013 tbl-h08-prep-primary-samples--gt-0006","Chest|stub_1_5|Valid-support-hours","tbl-h08-prep-primary-samples--gt-0008|tbl-h08-prep-primary-samples--gt-0013|tbl-h08-prep-primary-samples--gt-0006",181532,181644,34,113
6,"tbl-h08-prep-primary-samples","headers",30,170378,170414,"Chest stub_1_5 Expected support hours","tbl-h08-prep-primary-samples--gt-0008 tbl-h08-prep-primary-samples--gt-0013 tbl-h08-prep-primary-samples--gt-0007","Chest|stub_1_5|Expected-support-hours","tbl-h08-prep-primary-samples--gt-0008|tbl-h08-prep-primary-samples--gt-0013|tbl-h08-prep-primary-samples--gt-0007",181696,181808,37,113
6,"tbl-h08-prep-primary-samples","id",14,170460,170467,"stub_1_6","tbl-h08-prep-primary-samples--gt-0014","","",181854,181890,8,37
6,"tbl-h08-prep-primary-samples","headers",31,170601,170621,"Chest stub_1_6 Metric","tbl-h08-prep-primary-samples--gt-0008 tbl-h08-prep-primary-samples--gt-0014 tbl-h08-prep-primary-samples--gt-0002","Chest|stub_1_6|Metric","tbl-h08-prep-primary-samples--gt-0008|tbl-h08-prep-primary-samples--gt-0014|tbl-h08-prep-primary-samples--gt-0002",182024,182136,21,113
6,"tbl-h08-prep-primary-samples","headers",32,170714,170740,"Chest stub_1_6 Participants","tbl-h08-prep-primary-samples--gt-0008 tbl-h08-prep-primary-samples--gt-0014 tbl-h08-prep-primary-samples--gt-0003","Chest|stub_1_6|Participants","tbl-h08-prep-primary-samples--gt-0008|tbl-h08-prep-primary-samples--gt-0014|tbl-h08-prep-primary-samples--gt-0003",182229,182341,27,113
6,"tbl-h08-prep-primary-samples","headers",33,170800,170830,"Chest stub_1_6 Participant-days","tbl-h08-prep-primary-samples--gt-0008 tbl-h08-prep-primary-samples--gt-0014 tbl-h08-prep-primary-samples--gt-0004","Chest|stub_1_6|Participant-days","tbl-h08-prep-primary-samples--gt-0008|tbl-h08-prep-primary-samples--gt-0014|tbl-h08-prep-primary-samples--gt-0004",182401,182513,31,113
6,"tbl-h08-prep-primary-samples","headers",34,170890,170909,"Chest stub_1_6 Sites","tbl-h08-prep-primary-samples--gt-0008 tbl-h08-prep-primary-samples--gt-0014 tbl-h08-prep-primary-samples--gt-0005","Chest|stub_1_6|Sites","tbl-h08-prep-primary-samples--gt-0008|tbl-h08-prep-primary-samples--gt-0014|tbl-h08-prep-primary-samples--gt-0005",182573,182685,20,113
6,"tbl-h08-prep-primary-samples","headers",35,170967,171000,"Chest stub_1_6 Valid support hours","tbl-h08-prep-primary-samples--gt-0008 tbl-h08-prep-primary-samples--gt-0014 tbl-h08-prep-primary-samples--gt-0006","Chest|stub_1_6|Valid-support-hours","tbl-h08-prep-primary-samples--gt-0008|tbl-h08-prep-primary-samples--gt-0014|tbl-h08-prep-primary-samples--gt-0006",182743,182855,34,113
6,"tbl-h08-prep-primary-samples","headers",36,171062,171098,"Chest stub_1_6 Expected support hours","tbl-h08-prep-primary-samples--gt-0008 tbl-h08-prep-primary-samples--gt-0014 tbl-h08-prep-primary-samples--gt-0007","Chest|stub_1_6|Expected-support-hours","tbl-h08-prep-primary-samples--gt-0008|tbl-h08-prep-primary-samples--gt-0014|tbl-h08-prep-primary-samples--gt-0007",182917,183029,37,113
6,"tbl-h08-prep-primary-samples","id",15,171144,171151,"stub_1_7","tbl-h08-prep-primary-samples--gt-0015","","",183075,183111,8,37
6,"tbl-h08-prep-primary-samples","headers",37,171274,171294,"Chest stub_1_7 Metric","tbl-h08-prep-primary-samples--gt-0008 tbl-h08-prep-primary-samples--gt-0015 tbl-h08-prep-primary-samples--gt-0002","Chest|stub_1_7|Metric","tbl-h08-prep-primary-samples--gt-0008|tbl-h08-prep-primary-samples--gt-0015|tbl-h08-prep-primary-samples--gt-0002",183234,183346,21,113
6,"tbl-h08-prep-primary-samples","headers",38,171375,171401,"Chest stub_1_7 Participants","tbl-h08-prep-primary-samples--gt-0008 tbl-h08-prep-primary-samples--gt-0015 tbl-h08-prep-primary-samples--gt-0003","Chest|stub_1_7|Participants","tbl-h08-prep-primary-samples--gt-0008|tbl-h08-prep-primary-samples--gt-0015|tbl-h08-prep-primary-samples--gt-0003",183427,183539,27,113
6,"tbl-h08-prep-primary-samples","headers",39,171450,171480,"Chest stub_1_7 Participant-days","tbl-h08-prep-primary-samples--gt-0008 tbl-h08-prep-primary-samples--gt-0015 tbl-h08-prep-primary-samples--gt-0004","Chest|stub_1_7|Participant-days","tbl-h08-prep-primary-samples--gt-0008|tbl-h08-prep-primary-samples--gt-0015|tbl-h08-prep-primary-samples--gt-0004",183588,183700,31,113
6,"tbl-h08-prep-primary-samples","headers",40,171529,171548,"Chest stub_1_7 Sites","tbl-h08-prep-primary-samples--gt-0008 tbl-h08-prep-primary-samples--gt-0015 tbl-h08-prep-primary-samples--gt-0005","Chest|stub_1_7|Sites","tbl-h08-prep-primary-samples--gt-0008|tbl-h08-prep-primary-samples--gt-0015|tbl-h08-prep-primary-samples--gt-0005",183749,183861,20,113
6,"tbl-h08-prep-primary-samples","headers",41,171595,171628,"Chest stub_1_7 Valid support hours","tbl-h08-prep-primary-samples--gt-0008 tbl-h08-prep-primary-samples--gt-0015 tbl-h08-prep-primary-samples--gt-0006","Chest|stub_1_7|Valid-support-hours","tbl-h08-prep-primary-samples--gt-0008|tbl-h08-prep-primary-samples--gt-0015|tbl-h08-prep-primary-samples--gt-0006",183908,184020,34,113
6,"tbl-h08-prep-primary-samples","headers",42,171679,171715,"Chest stub_1_7 Expected support hours","tbl-h08-prep-primary-samples--gt-0008 tbl-h08-prep-primary-samples--gt-0015 tbl-h08-prep-primary-samples--gt-0007","Chest|stub_1_7|Expected-support-hours","tbl-h08-prep-primary-samples--gt-0008|tbl-h08-prep-primary-samples--gt-0015|tbl-h08-prep-primary-samples--gt-0007",184071,184183,37,113
6,"tbl-h08-prep-primary-samples","id",16,171760,171767,"stub_1_8","tbl-h08-prep-primary-samples--gt-0016","","",184228,184264,8,37
6,"tbl-h08-prep-primary-samples","headers",43,171901,171921,"Chest stub_1_8 Metric","tbl-h08-prep-primary-samples--gt-0008 tbl-h08-prep-primary-samples--gt-0016 tbl-h08-prep-primary-samples--gt-0002","Chest|stub_1_8|Metric","tbl-h08-prep-primary-samples--gt-0008|tbl-h08-prep-primary-samples--gt-0016|tbl-h08-prep-primary-samples--gt-0002",184398,184510,21,113
6,"tbl-h08-prep-primary-samples","headers",44,172023,172049,"Chest stub_1_8 Participants","tbl-h08-prep-primary-samples--gt-0008 tbl-h08-prep-primary-samples--gt-0016 tbl-h08-prep-primary-samples--gt-0003","Chest|stub_1_8|Participants","tbl-h08-prep-primary-samples--gt-0008|tbl-h08-prep-primary-samples--gt-0016|tbl-h08-prep-primary-samples--gt-0003",184612,184724,27,113
6,"tbl-h08-prep-primary-samples","headers",45,172109,172139,"Chest stub_1_8 Participant-days","tbl-h08-prep-primary-samples--gt-0008 tbl-h08-prep-primary-samples--gt-0016 tbl-h08-prep-primary-samples--gt-0004","Chest|stub_1_8|Participant-days","tbl-h08-prep-primary-samples--gt-0008|tbl-h08-prep-primary-samples--gt-0016|tbl-h08-prep-primary-samples--gt-0004",184784,184896,31,113
6,"tbl-h08-prep-primary-samples","headers",46,172199,172218,"Chest stub_1_8 Sites","tbl-h08-prep-primary-samples--gt-0008 tbl-h08-prep-primary-samples--gt-0016 tbl-h08-prep-primary-samples--gt-0005","Chest|stub_1_8|Sites","tbl-h08-prep-primary-samples--gt-0008|tbl-h08-prep-primary-samples--gt-0016|tbl-h08-prep-primary-samples--gt-0005",184956,185068,20,113
6,"tbl-h08-prep-primary-samples","headers",47,172276,172309,"Chest stub_1_8 Valid support hours","tbl-h08-prep-primary-samples--gt-0008 tbl-h08-prep-primary-samples--gt-0016 tbl-h08-prep-primary-samples--gt-0006","Chest|stub_1_8|Valid-support-hours","tbl-h08-prep-primary-samples--gt-0008|tbl-h08-prep-primary-samples--gt-0016|tbl-h08-prep-primary-samples--gt-0006",185126,185238,34,113
6,"tbl-h08-prep-primary-samples","headers",48,172372,172408,"Chest stub_1_8 Expected support hours","tbl-h08-prep-primary-samples--gt-0008 tbl-h08-prep-primary-samples--gt-0016 tbl-h08-prep-primary-samples--gt-0007","Chest|stub_1_8|Expected-support-hours","tbl-h08-prep-primary-samples--gt-0008|tbl-h08-prep-primary-samples--gt-0016|tbl-h08-prep-primary-samples--gt-0007",185301,185413,37,113
6,"tbl-h08-prep-primary-samples","id",17,172455,172462,"stub_1_9","tbl-h08-prep-primary-samples--gt-0017","","",185460,185496,8,37
6,"tbl-h08-prep-primary-samples","headers",49,172585,172605,"Chest stub_1_9 Metric","tbl-h08-prep-primary-samples--gt-0008 tbl-h08-prep-primary-samples--gt-0017 tbl-h08-prep-primary-samples--gt-0002","Chest|stub_1_9|Metric","tbl-h08-prep-primary-samples--gt-0008|tbl-h08-prep-primary-samples--gt-0017|tbl-h08-prep-primary-samples--gt-0002",185619,185731,21,113
6,"tbl-h08-prep-primary-samples","headers",50,172662,172688,"Chest stub_1_9 Participants","tbl-h08-prep-primary-samples--gt-0008 tbl-h08-prep-primary-samples--gt-0017 tbl-h08-prep-primary-samples--gt-0003","Chest|stub_1_9|Participants","tbl-h08-prep-primary-samples--gt-0008|tbl-h08-prep-primary-samples--gt-0017|tbl-h08-prep-primary-samples--gt-0003",185788,185900,27,113
6,"tbl-h08-prep-primary-samples","headers",51,172737,172767,"Chest stub_1_9 Participant-days","tbl-h08-prep-primary-samples--gt-0008 tbl-h08-prep-primary-samples--gt-0017 tbl-h08-prep-primary-samples--gt-0004","Chest|stub_1_9|Participant-days","tbl-h08-prep-primary-samples--gt-0008|tbl-h08-prep-primary-samples--gt-0017|tbl-h08-prep-primary-samples--gt-0004",185949,186061,31,113
6,"tbl-h08-prep-primary-samples","headers",52,172816,172835,"Chest stub_1_9 Sites","tbl-h08-prep-primary-samples--gt-0008 tbl-h08-prep-primary-samples--gt-0017 tbl-h08-prep-primary-samples--gt-0005","Chest|stub_1_9|Sites","tbl-h08-prep-primary-samples--gt-0008|tbl-h08-prep-primary-samples--gt-0017|tbl-h08-prep-primary-samples--gt-0005",186110,186222,20,113
6,"tbl-h08-prep-primary-samples","headers",53,172882,172915,"Chest stub_1_9 Valid support hours","tbl-h08-prep-primary-samples--gt-0008 tbl-h08-prep-primary-samples--gt-0017 tbl-h08-prep-primary-samples--gt-0006","Chest|stub_1_9|Valid-support-hours","tbl-h08-prep-primary-samples--gt-0008|tbl-h08-prep-primary-samples--gt-0017|tbl-h08-prep-primary-samples--gt-0006",186269,186381,34,113
6,"tbl-h08-prep-primary-samples","headers",54,172967,173003,"Chest stub_1_9 Expected support hours","tbl-h08-prep-primary-samples--gt-0008 tbl-h08-prep-primary-samples--gt-0017 tbl-h08-prep-primary-samples--gt-0007","Chest|stub_1_9|Expected-support-hours","tbl-h08-prep-primary-samples--gt-0008|tbl-h08-prep-primary-samples--gt-0017|tbl-h08-prep-primary-samples--gt-0007",186433,186545,37,113
6,"tbl-h08-prep-primary-samples","id",18,173082,173089,"Near eye","tbl-h08-prep-primary-samples--gt-0018","","",186624,186660,8,37
6,"tbl-h08-prep-primary-samples","id",19,173232,173240,"stub_1_10","tbl-h08-prep-primary-samples--gt-0019","","",186803,186839,9,37
6,"tbl-h08-prep-primary-samples","headers",55,173374,173398,"Near eye stub_1_10 Metric","tbl-h08-prep-primary-samples--gt-0018 tbl-h08-prep-primary-samples--gt-0019 tbl-h08-prep-primary-samples--gt-0002","Near eye|stub_1_10|Metric","tbl-h08-prep-primary-samples--gt-0018|tbl-h08-prep-primary-samples--gt-0019|tbl-h08-prep-primary-samples--gt-0002",186973,187085,25,113
6,"tbl-h08-prep-primary-samples","headers",56,173466,173496,"Near eye stub_1_10 Participants","tbl-h08-prep-primary-samples--gt-0018 tbl-h08-prep-primary-samples--gt-0019 tbl-h08-prep-primary-samples--gt-0003","Near eye|stub_1_10|Participants","tbl-h08-prep-primary-samples--gt-0018|tbl-h08-prep-primary-samples--gt-0019|tbl-h08-prep-primary-samples--gt-0003",187153,187265,31,113
6,"tbl-h08-prep-primary-samples","headers",57,173556,173590,"Near eye stub_1_10 Participant-days","tbl-h08-prep-primary-samples--gt-0018 tbl-h08-prep-primary-samples--gt-0019 tbl-h08-prep-primary-samples--gt-0004","Near eye|stub_1_10|Participant-days","tbl-h08-prep-primary-samples--gt-0018|tbl-h08-prep-primary-samples--gt-0019|tbl-h08-prep-primary-samples--gt-0004",187325,187437,35,113
6,"tbl-h08-prep-primary-samples","headers",58,173650,173673,"Near eye stub_1_10 Sites","tbl-h08-prep-primary-samples--gt-0018 tbl-h08-prep-primary-samples--gt-0019 tbl-h08-prep-primary-samples--gt-0005","Near eye|stub_1_10|Sites","tbl-h08-prep-primary-samples--gt-0018|tbl-h08-prep-primary-samples--gt-0019|tbl-h08-prep-primary-samples--gt-0005",187497,187609,24,113
6,"tbl-h08-prep-primary-samples","headers",59,173731,173768,"Near eye stub_1_10 Valid support hours","tbl-h08-prep-primary-samples--gt-0018 tbl-h08-prep-primary-samples--gt-0019 tbl-h08-prep-primary-samples--gt-0006","Near eye|stub_1_10|Valid-support-hours","tbl-h08-prep-primary-samples--gt-0018|tbl-h08-prep-primary-samples--gt-0019|tbl-h08-prep-primary-samples--gt-0006",187667,187779,38,113
6,"tbl-h08-prep-primary-samples","headers",60,173831,173871,"Near eye stub_1_10 Expected support hours","tbl-h08-prep-primary-samples--gt-0018 tbl-h08-prep-primary-samples--gt-0019 tbl-h08-prep-primary-samples--gt-0007","Near eye|stub_1_10|Expected-support-hours","tbl-h08-prep-primary-samples--gt-0018|tbl-h08-prep-primary-samples--gt-0019|tbl-h08-prep-primary-samples--gt-0007",187842,187954,41,113
6,"tbl-h08-prep-primary-samples","id",20,173917,173925,"stub_1_11","tbl-h08-prep-primary-samples--gt-0020","","",188000,188036,9,37
6,"tbl-h08-prep-primary-samples","headers",61,174048,174072,"Near eye stub_1_11 Metric","tbl-h08-prep-primary-samples--gt-0018 tbl-h08-prep-primary-samples--gt-0020 tbl-h08-prep-primary-samples--gt-0002","Near eye|stub_1_11|Metric","tbl-h08-prep-primary-samples--gt-0018|tbl-h08-prep-primary-samples--gt-0020|tbl-h08-prep-primary-samples--gt-0002",188159,188271,25,113
6,"tbl-h08-prep-primary-samples","headers",62,174137,174167,"Near eye stub_1_11 Participants","tbl-h08-prep-primary-samples--gt-0018 tbl-h08-prep-primary-samples--gt-0020 tbl-h08-prep-primary-samples--gt-0003","Near eye|stub_1_11|Participants","tbl-h08-prep-primary-samples--gt-0018|tbl-h08-prep-primary-samples--gt-0020|tbl-h08-prep-primary-samples--gt-0003",188336,188448,31,113
6,"tbl-h08-prep-primary-samples","headers",63,174216,174250,"Near eye stub_1_11 Participant-days","tbl-h08-prep-primary-samples--gt-0018 tbl-h08-prep-primary-samples--gt-0020 tbl-h08-prep-primary-samples--gt-0004","Near eye|stub_1_11|Participant-days","tbl-h08-prep-primary-samples--gt-0018|tbl-h08-prep-primary-samples--gt-0020|tbl-h08-prep-primary-samples--gt-0004",188497,188609,35,113
6,"tbl-h08-prep-primary-samples","headers",64,174299,174322,"Near eye stub_1_11 Sites","tbl-h08-prep-primary-samples--gt-0018 tbl-h08-prep-primary-samples--gt-0020 tbl-h08-prep-primary-samples--gt-0005","Near eye|stub_1_11|Sites","tbl-h08-prep-primary-samples--gt-0018|tbl-h08-prep-primary-samples--gt-0020|tbl-h08-prep-primary-samples--gt-0005",188658,188770,24,113
6,"tbl-h08-prep-primary-samples","headers",65,174369,174406,"Near eye stub_1_11 Valid support hours","tbl-h08-prep-primary-samples--gt-0018 tbl-h08-prep-primary-samples--gt-0020 tbl-h08-prep-primary-samples--gt-0006","Near eye|stub_1_11|Valid-support-hours","tbl-h08-prep-primary-samples--gt-0018|tbl-h08-prep-primary-samples--gt-0020|tbl-h08-prep-primary-samples--gt-0006",188817,188929,38,113
6,"tbl-h08-prep-primary-samples","headers",66,174455,174495,"Near eye stub_1_11 Expected support hours","tbl-h08-prep-primary-samples--gt-0018 tbl-h08-prep-primary-samples--gt-0020 tbl-h08-prep-primary-samples--gt-0007","Near eye|stub_1_11|Expected-support-hours","tbl-h08-prep-primary-samples--gt-0018|tbl-h08-prep-primary-samples--gt-0020|tbl-h08-prep-primary-samples--gt-0007",188978,189090,41,113
6,"tbl-h08-prep-primary-samples","id",21,174539,174547,"stub_1_12","tbl-h08-prep-primary-samples--gt-0021","","",189134,189170,9,37
6,"tbl-h08-prep-primary-samples","headers",67,174681,174705,"Near eye stub_1_12 Metric","tbl-h08-prep-primary-samples--gt-0018 tbl-h08-prep-primary-samples--gt-0021 tbl-h08-prep-primary-samples--gt-0002","Near eye|stub_1_12|Metric","tbl-h08-prep-primary-samples--gt-0018|tbl-h08-prep-primary-samples--gt-0021|tbl-h08-prep-primary-samples--gt-0002",189304,189416,25,113
6,"tbl-h08-prep-primary-samples","headers",68,174779,174809,"Near eye stub_1_12 Participants","tbl-h08-prep-primary-samples--gt-0018 tbl-h08-prep-primary-samples--gt-0021 tbl-h08-prep-primary-samples--gt-0003","Near eye|stub_1_12|Participants","tbl-h08-prep-primary-samples--gt-0018|tbl-h08-prep-primary-samples--gt-0021|tbl-h08-prep-primary-samples--gt-0003",189490,189602,31,113
6,"tbl-h08-prep-primary-samples","headers",69,174869,174903,"Near eye stub_1_12 Participant-days","tbl-h08-prep-primary-samples--gt-0018 tbl-h08-prep-primary-samples--gt-0021 tbl-h08-prep-primary-samples--gt-0004","Near eye|stub_1_12|Participant-days","tbl-h08-prep-primary-samples--gt-0018|tbl-h08-prep-primary-samples--gt-0021|tbl-h08-prep-primary-samples--gt-0004",189662,189774,35,113
6,"tbl-h08-prep-primary-samples","headers",70,174963,174986,"Near eye stub_1_12 Sites","tbl-h08-prep-primary-samples--gt-0018 tbl-h08-prep-primary-samples--gt-0021 tbl-h08-prep-primary-samples--gt-0005","Near eye|stub_1_12|Sites","tbl-h08-prep-primary-samples--gt-0018|tbl-h08-prep-primary-samples--gt-0021|tbl-h08-prep-primary-samples--gt-0005",189834,189946,24,113
6,"tbl-h08-prep-primary-samples","headers",71,175044,175081,"Near eye stub_1_12 Valid support hours","tbl-h08-prep-primary-samples--gt-0018 tbl-h08-prep-primary-samples--gt-0021 tbl-h08-prep-primary-samples--gt-0006","Near eye|stub_1_12|Valid-support-hours","tbl-h08-prep-primary-samples--gt-0018|tbl-h08-prep-primary-samples--gt-0021|tbl-h08-prep-primary-samples--gt-0006",190004,190116,38,113
6,"tbl-h08-prep-primary-samples","headers",72,175141,175181,"Near eye stub_1_12 Expected support hours","tbl-h08-prep-primary-samples--gt-0018 tbl-h08-prep-primary-samples--gt-0021 tbl-h08-prep-primary-samples--gt-0007","Near eye|stub_1_12|Expected-support-hours","tbl-h08-prep-primary-samples--gt-0018|tbl-h08-prep-primary-samples--gt-0021|tbl-h08-prep-primary-samples--gt-0007",190176,190288,41,113
6,"tbl-h08-prep-primary-samples","id",22,175224,175232,"stub_1_13","tbl-h08-prep-primary-samples--gt-0022","","",190331,190367,9,37
6,"tbl-h08-prep-primary-samples","headers",73,175355,175379,"Near eye stub_1_13 Metric","tbl-h08-prep-primary-samples--gt-0018 tbl-h08-prep-primary-samples--gt-0022 tbl-h08-prep-primary-samples--gt-0002","Near eye|stub_1_13|Metric","tbl-h08-prep-primary-samples--gt-0018|tbl-h08-prep-primary-samples--gt-0022|tbl-h08-prep-primary-samples--gt-0002",190490,190602,25,113
6,"tbl-h08-prep-primary-samples","headers",74,175451,175481,"Near eye stub_1_13 Participants","tbl-h08-prep-primary-samples--gt-0018 tbl-h08-prep-primary-samples--gt-0022 tbl-h08-prep-primary-samples--gt-0003","Near eye|stub_1_13|Participants","tbl-h08-prep-primary-samples--gt-0018|tbl-h08-prep-primary-samples--gt-0022|tbl-h08-prep-primary-samples--gt-0003",190674,190786,31,113
6,"tbl-h08-prep-primary-samples","headers",75,175530,175564,"Near eye stub_1_13 Participant-days","tbl-h08-prep-primary-samples--gt-0018 tbl-h08-prep-primary-samples--gt-0022 tbl-h08-prep-primary-samples--gt-0004","Near eye|stub_1_13|Participant-days","tbl-h08-prep-primary-samples--gt-0018|tbl-h08-prep-primary-samples--gt-0022|tbl-h08-prep-primary-samples--gt-0004",190835,190947,35,113
6,"tbl-h08-prep-primary-samples","headers",76,175613,175636,"Near eye stub_1_13 Sites","tbl-h08-prep-primary-samples--gt-0018 tbl-h08-prep-primary-samples--gt-0022 tbl-h08-prep-primary-samples--gt-0005","Near eye|stub_1_13|Sites","tbl-h08-prep-primary-samples--gt-0018|tbl-h08-prep-primary-samples--gt-0022|tbl-h08-prep-primary-samples--gt-0005",190996,191108,24,113
6,"tbl-h08-prep-primary-samples","headers",77,175683,175720,"Near eye stub_1_13 Valid support hours","tbl-h08-prep-primary-samples--gt-0018 tbl-h08-prep-primary-samples--gt-0022 tbl-h08-prep-primary-samples--gt-0006","Near eye|stub_1_13|Valid-support-hours","tbl-h08-prep-primary-samples--gt-0018|tbl-h08-prep-primary-samples--gt-0022|tbl-h08-prep-primary-samples--gt-0006",191155,191267,38,113
6,"tbl-h08-prep-primary-samples","headers",78,175772,175812,"Near eye stub_1_13 Expected support hours","tbl-h08-prep-primary-samples--gt-0018 tbl-h08-prep-primary-samples--gt-0022 tbl-h08-prep-primary-samples--gt-0007","Near eye|stub_1_13|Expected-support-hours","tbl-h08-prep-primary-samples--gt-0018|tbl-h08-prep-primary-samples--gt-0022|tbl-h08-prep-primary-samples--gt-0007",191319,191431,41,113
6,"tbl-h08-prep-primary-samples","id",23,175859,175867,"stub_1_14","tbl-h08-prep-primary-samples--gt-0023","","",191478,191514,9,37
6,"tbl-h08-prep-primary-samples","headers",79,176001,176025,"Near eye stub_1_14 Metric","tbl-h08-prep-primary-samples--gt-0018 tbl-h08-prep-primary-samples--gt-0023 tbl-h08-prep-primary-samples--gt-0002","Near eye|stub_1_14|Metric","tbl-h08-prep-primary-samples--gt-0018|tbl-h08-prep-primary-samples--gt-0023|tbl-h08-prep-primary-samples--gt-0002",191648,191760,25,113
6,"tbl-h08-prep-primary-samples","headers",80,176118,176148,"Near eye stub_1_14 Participants","tbl-h08-prep-primary-samples--gt-0018 tbl-h08-prep-primary-samples--gt-0023 tbl-h08-prep-primary-samples--gt-0003","Near eye|stub_1_14|Participants","tbl-h08-prep-primary-samples--gt-0018|tbl-h08-prep-primary-samples--gt-0023|tbl-h08-prep-primary-samples--gt-0003",191853,191965,31,113
6,"tbl-h08-prep-primary-samples","headers",81,176208,176242,"Near eye stub_1_14 Participant-days","tbl-h08-prep-primary-samples--gt-0018 tbl-h08-prep-primary-samples--gt-0023 tbl-h08-prep-primary-samples--gt-0004","Near eye|stub_1_14|Participant-days","tbl-h08-prep-primary-samples--gt-0018|tbl-h08-prep-primary-samples--gt-0023|tbl-h08-prep-primary-samples--gt-0004",192025,192137,35,113
6,"tbl-h08-prep-primary-samples","headers",82,176302,176325,"Near eye stub_1_14 Sites","tbl-h08-prep-primary-samples--gt-0018 tbl-h08-prep-primary-samples--gt-0023 tbl-h08-prep-primary-samples--gt-0005","Near eye|stub_1_14|Sites","tbl-h08-prep-primary-samples--gt-0018|tbl-h08-prep-primary-samples--gt-0023|tbl-h08-prep-primary-samples--gt-0005",192197,192309,24,113
6,"tbl-h08-prep-primary-samples","headers",83,176383,176420,"Near eye stub_1_14 Valid support hours","tbl-h08-prep-primary-samples--gt-0018 tbl-h08-prep-primary-samples--gt-0023 tbl-h08-prep-primary-samples--gt-0006","Near eye|stub_1_14|Valid-support-hours","tbl-h08-prep-primary-samples--gt-0018|tbl-h08-prep-primary-samples--gt-0023|tbl-h08-prep-primary-samples--gt-0006",192367,192479,38,113
6,"tbl-h08-prep-primary-samples","headers",84,176482,176522,"Near eye stub_1_14 Expected support hours","tbl-h08-prep-primary-samples--gt-0018 tbl-h08-prep-primary-samples--gt-0023 tbl-h08-prep-primary-samples--gt-0007","Near eye|stub_1_14|Expected-support-hours","tbl-h08-prep-primary-samples--gt-0018|tbl-h08-prep-primary-samples--gt-0023|tbl-h08-prep-primary-samples--gt-0007",192541,192653,41,113
6,"tbl-h08-prep-primary-samples","id",24,176567,176575,"stub_1_15","tbl-h08-prep-primary-samples--gt-0024","","",192698,192734,9,37
6,"tbl-h08-prep-primary-samples","headers",85,176698,176722,"Near eye stub_1_15 Metric","tbl-h08-prep-primary-samples--gt-0018 tbl-h08-prep-primary-samples--gt-0024 tbl-h08-prep-primary-samples--gt-0002","Near eye|stub_1_15|Metric","tbl-h08-prep-primary-samples--gt-0018|tbl-h08-prep-primary-samples--gt-0024|tbl-h08-prep-primary-samples--gt-0002",192857,192969,25,113
6,"tbl-h08-prep-primary-samples","headers",86,176804,176834,"Near eye stub_1_15 Participants","tbl-h08-prep-primary-samples--gt-0018 tbl-h08-prep-primary-samples--gt-0024 tbl-h08-prep-primary-samples--gt-0003","Near eye|stub_1_15|Participants","tbl-h08-prep-primary-samples--gt-0018|tbl-h08-prep-primary-samples--gt-0024|tbl-h08-prep-primary-samples--gt-0003",193051,193163,31,113
6,"tbl-h08-prep-primary-samples","headers",87,176883,176917,"Near eye stub_1_15 Participant-days","tbl-h08-prep-primary-samples--gt-0018 tbl-h08-prep-primary-samples--gt-0024 tbl-h08-prep-primary-samples--gt-0004","Near eye|stub_1_15|Participant-days","tbl-h08-prep-primary-samples--gt-0018|tbl-h08-prep-primary-samples--gt-0024|tbl-h08-prep-primary-samples--gt-0004",193212,193324,35,113
6,"tbl-h08-prep-primary-samples","headers",88,176966,176989,"Near eye stub_1_15 Sites","tbl-h08-prep-primary-samples--gt-0018 tbl-h08-prep-primary-samples--gt-0024 tbl-h08-prep-primary-samples--gt-0005","Near eye|stub_1_15|Sites","tbl-h08-prep-primary-samples--gt-0018|tbl-h08-prep-primary-samples--gt-0024|tbl-h08-prep-primary-samples--gt-0005",193373,193485,24,113
6,"tbl-h08-prep-primary-samples","headers",89,177036,177073,"Near eye stub_1_15 Valid support hours","tbl-h08-prep-primary-samples--gt-0018 tbl-h08-prep-primary-samples--gt-0024 tbl-h08-prep-primary-samples--gt-0006","Near eye|stub_1_15|Valid-support-hours","tbl-h08-prep-primary-samples--gt-0018|tbl-h08-prep-primary-samples--gt-0024|tbl-h08-prep-primary-samples--gt-0006",193532,193644,38,113
6,"tbl-h08-prep-primary-samples","headers",90,177124,177164,"Near eye stub_1_15 Expected support hours","tbl-h08-prep-primary-samples--gt-0018 tbl-h08-prep-primary-samples--gt-0024 tbl-h08-prep-primary-samples--gt-0007","Near eye|stub_1_15|Expected-support-hours","tbl-h08-prep-primary-samples--gt-0018|tbl-h08-prep-primary-samples--gt-0024|tbl-h08-prep-primary-samples--gt-0007",193695,193807,41,113
6,"tbl-h08-prep-primary-samples","id",25,177210,177218,"stub_1_16","tbl-h08-prep-primary-samples--gt-0025","","",193853,193889,9,37
6,"tbl-h08-prep-primary-samples","headers",91,177352,177376,"Near eye stub_1_16 Metric","tbl-h08-prep-primary-samples--gt-0018 tbl-h08-prep-primary-samples--gt-0025 tbl-h08-prep-primary-samples--gt-0002","Near eye|stub_1_16|Metric","tbl-h08-prep-primary-samples--gt-0018|tbl-h08-prep-primary-samples--gt-0025|tbl-h08-prep-primary-samples--gt-0002",194023,194135,25,113
6,"tbl-h08-prep-primary-samples","headers",92,177468,177498,"Near eye stub_1_16 Participants","tbl-h08-prep-primary-samples--gt-0018 tbl-h08-prep-primary-samples--gt-0025 tbl-h08-prep-primary-samples--gt-0003","Near eye|stub_1_16|Participants","tbl-h08-prep-primary-samples--gt-0018|tbl-h08-prep-primary-samples--gt-0025|tbl-h08-prep-primary-samples--gt-0003",194227,194339,31,113
6,"tbl-h08-prep-primary-samples","headers",93,177558,177592,"Near eye stub_1_16 Participant-days","tbl-h08-prep-primary-samples--gt-0018 tbl-h08-prep-primary-samples--gt-0025 tbl-h08-prep-primary-samples--gt-0004","Near eye|stub_1_16|Participant-days","tbl-h08-prep-primary-samples--gt-0018|tbl-h08-prep-primary-samples--gt-0025|tbl-h08-prep-primary-samples--gt-0004",194399,194511,35,113
6,"tbl-h08-prep-primary-samples","headers",94,177652,177675,"Near eye stub_1_16 Sites","tbl-h08-prep-primary-samples--gt-0018 tbl-h08-prep-primary-samples--gt-0025 tbl-h08-prep-primary-samples--gt-0005","Near eye|stub_1_16|Sites","tbl-h08-prep-primary-samples--gt-0018|tbl-h08-prep-primary-samples--gt-0025|tbl-h08-prep-primary-samples--gt-0005",194571,194683,24,113
6,"tbl-h08-prep-primary-samples","headers",95,177733,177770,"Near eye stub_1_16 Valid support hours","tbl-h08-prep-primary-samples--gt-0018 tbl-h08-prep-primary-samples--gt-0025 tbl-h08-prep-primary-samples--gt-0006","Near eye|stub_1_16|Valid-support-hours","tbl-h08-prep-primary-samples--gt-0018|tbl-h08-prep-primary-samples--gt-0025|tbl-h08-prep-primary-samples--gt-0006",194741,194853,38,113
6,"tbl-h08-prep-primary-samples","headers",96,177832,177872,"Near eye stub_1_16 Expected support hours","tbl-h08-prep-primary-samples--gt-0018 tbl-h08-prep-primary-samples--gt-0025 tbl-h08-prep-primary-samples--gt-0007","Near eye|stub_1_16|Expected-support-hours","tbl-h08-prep-primary-samples--gt-0018|tbl-h08-prep-primary-samples--gt-0025|tbl-h08-prep-primary-samples--gt-0007",194915,195027,41,113
6,"tbl-h08-prep-primary-samples","id",26,177917,177925,"stub_1_17","tbl-h08-prep-primary-samples--gt-0026","","",195072,195108,9,37
6,"tbl-h08-prep-primary-samples","headers",97,178048,178072,"Near eye stub_1_17 Metric","tbl-h08-prep-primary-samples--gt-0018 tbl-h08-prep-primary-samples--gt-0026 tbl-h08-prep-primary-samples--gt-0002","Near eye|stub_1_17|Metric","tbl-h08-prep-primary-samples--gt-0018|tbl-h08-prep-primary-samples--gt-0026|tbl-h08-prep-primary-samples--gt-0002",195231,195343,25,113
6,"tbl-h08-prep-primary-samples","headers",98,178163,178193,"Near eye stub_1_17 Participants","tbl-h08-prep-primary-samples--gt-0018 tbl-h08-prep-primary-samples--gt-0026 tbl-h08-prep-primary-samples--gt-0003","Near eye|stub_1_17|Participants","tbl-h08-prep-primary-samples--gt-0018|tbl-h08-prep-primary-samples--gt-0026|tbl-h08-prep-primary-samples--gt-0003",195434,195546,31,113
6,"tbl-h08-prep-primary-samples","headers",99,178242,178276,"Near eye stub_1_17 Participant-days","tbl-h08-prep-primary-samples--gt-0018 tbl-h08-prep-primary-samples--gt-0026 tbl-h08-prep-primary-samples--gt-0004","Near eye|stub_1_17|Participant-days","tbl-h08-prep-primary-samples--gt-0018|tbl-h08-prep-primary-samples--gt-0026|tbl-h08-prep-primary-samples--gt-0004",195595,195707,35,113
6,"tbl-h08-prep-primary-samples","headers",100,178325,178348,"Near eye stub_1_17 Sites","tbl-h08-prep-primary-samples--gt-0018 tbl-h08-prep-primary-samples--gt-0026 tbl-h08-prep-primary-samples--gt-0005","Near eye|stub_1_17|Sites","tbl-h08-prep-primary-samples--gt-0018|tbl-h08-prep-primary-samples--gt-0026|tbl-h08-prep-primary-samples--gt-0005",195756,195868,24,113
6,"tbl-h08-prep-primary-samples","headers",101,178395,178432,"Near eye stub_1_17 Valid support hours","tbl-h08-prep-primary-samples--gt-0018 tbl-h08-prep-primary-samples--gt-0026 tbl-h08-prep-primary-samples--gt-0006","Near eye|stub_1_17|Valid-support-hours","tbl-h08-prep-primary-samples--gt-0018|tbl-h08-prep-primary-samples--gt-0026|tbl-h08-prep-primary-samples--gt-0006",195915,196027,38,113
6,"tbl-h08-prep-primary-samples","headers",102,178484,178524,"Near eye stub_1_17 Expected support hours","tbl-h08-prep-primary-samples--gt-0018 tbl-h08-prep-primary-samples--gt-0026 tbl-h08-prep-primary-samples--gt-0007","Near eye|stub_1_17|Expected-support-hours","tbl-h08-prep-primary-samples--gt-0018|tbl-h08-prep-primary-samples--gt-0026|tbl-h08-prep-primary-samples--gt-0007",196079,196191,41,113
6,"tbl-h08-prep-primary-samples","id",27,178571,178579,"stub_1_18","tbl-h08-prep-primary-samples--gt-0027","","",196238,196274,9,37
6,"tbl-h08-prep-primary-samples","headers",103,178713,178737,"Near eye stub_1_18 Metric","tbl-h08-prep-primary-samples--gt-0018 tbl-h08-prep-primary-samples--gt-0027 tbl-h08-prep-primary-samples--gt-0002","Near eye|stub_1_18|Metric","tbl-h08-prep-primary-samples--gt-0018|tbl-h08-prep-primary-samples--gt-0027|tbl-h08-prep-primary-samples--gt-0002",196408,196520,25,113
6,"tbl-h08-prep-primary-samples","headers",104,178805,178835,"Near eye stub_1_18 Participants","tbl-h08-prep-primary-samples--gt-0018 tbl-h08-prep-primary-samples--gt-0027 tbl-h08-prep-primary-samples--gt-0003","Near eye|stub_1_18|Participants","tbl-h08-prep-primary-samples--gt-0018|tbl-h08-prep-primary-samples--gt-0027|tbl-h08-prep-primary-samples--gt-0003",196588,196700,31,113
6,"tbl-h08-prep-primary-samples","headers",105,178895,178929,"Near eye stub_1_18 Participant-days","tbl-h08-prep-primary-samples--gt-0018 tbl-h08-prep-primary-samples--gt-0027 tbl-h08-prep-primary-samples--gt-0004","Near eye|stub_1_18|Participant-days","tbl-h08-prep-primary-samples--gt-0018|tbl-h08-prep-primary-samples--gt-0027|tbl-h08-prep-primary-samples--gt-0004",196760,196872,35,113
6,"tbl-h08-prep-primary-samples","headers",106,178989,179012,"Near eye stub_1_18 Sites","tbl-h08-prep-primary-samples--gt-0018 tbl-h08-prep-primary-samples--gt-0027 tbl-h08-prep-primary-samples--gt-0005","Near eye|stub_1_18|Sites","tbl-h08-prep-primary-samples--gt-0018|tbl-h08-prep-primary-samples--gt-0027|tbl-h08-prep-primary-samples--gt-0005",196932,197044,24,113
6,"tbl-h08-prep-primary-samples","headers",107,179070,179107,"Near eye stub_1_18 Valid support hours","tbl-h08-prep-primary-samples--gt-0018 tbl-h08-prep-primary-samples--gt-0027 tbl-h08-prep-primary-samples--gt-0006","Near eye|stub_1_18|Valid-support-hours","tbl-h08-prep-primary-samples--gt-0018|tbl-h08-prep-primary-samples--gt-0027|tbl-h08-prep-primary-samples--gt-0006",197102,197214,38,113
6,"tbl-h08-prep-primary-samples","headers",108,179170,179210,"Near eye stub_1_18 Expected support hours","tbl-h08-prep-primary-samples--gt-0018 tbl-h08-prep-primary-samples--gt-0027 tbl-h08-prep-primary-samples--gt-0007","Near eye|stub_1_18|Expected-support-hours","tbl-h08-prep-primary-samples--gt-0018|tbl-h08-prep-primary-samples--gt-0027|tbl-h08-prep-primary-samples--gt-0007",197277,197389,41,113
7,"tbl-h08-prep-site-support","id",1,204670,204676,"a::stub","tbl-h08-prep-site-support--gt-0001","","",222849,222882,7,34
7,"tbl-h08-prep-site-support","id",2,204794,204797,"Site","tbl-h08-prep-site-support--gt-0002","","",223000,223033,4,34
7,"tbl-h08-prep-site-support","id",3,204919,204931,"Metric-frames","tbl-h08-prep-site-support--gt-0003","","",223155,223188,13,34
7,"tbl-h08-prep-site-support","id",4,205063,205085,"Participants,-min–max","tbl-h08-prep-site-support--gt-0004","","",223320,223353,23,34
7,"tbl-h08-prep-site-support","id",5,205226,205252,"Participant-days,-min–max","tbl-h08-prep-site-support--gt-0005","","",223494,223527,27,34
7,"tbl-h08-prep-site-support","id",6,205491,205506,"Primary near eye","tbl-h08-prep-site-support--gt-0006","","",223766,223799,16,34
7,"tbl-h08-prep-site-support","id",7,205657,205664,"stub_1_1","tbl-h08-prep-site-support--gt-0007","","",223950,223983,8,34
7,"tbl-h08-prep-site-support","headers",1,205787,205816,"Primary near eye stub_1_1 Site","tbl-h08-prep-site-support--gt-0006 tbl-h08-prep-site-support--gt-0007 tbl-h08-prep-site-support--gt-0002","Primary near eye|stub_1_1|Site","tbl-h08-prep-site-support--gt-0006|tbl-h08-prep-site-support--gt-0007|tbl-h08-prep-site-support--gt-0002",224106,224209,30,104
7,"tbl-h08-prep-site-support","headers",2,205873,205911,"Primary near eye stub_1_1 Metric frames","tbl-h08-prep-site-support--gt-0006 tbl-h08-prep-site-support--gt-0007 tbl-h08-prep-site-support--gt-0003","Primary near eye|stub_1_1|Metric-frames","tbl-h08-prep-site-support--gt-0006|tbl-h08-prep-site-support--gt-0007|tbl-h08-prep-site-support--gt-0003",224266,224369,39,104
7,"tbl-h08-prep-site-support","headers",3,205957,206005,"Primary near eye stub_1_1 Participants, min–max","tbl-h08-prep-site-support--gt-0006 tbl-h08-prep-site-support--gt-0007 tbl-h08-prep-site-support--gt-0004","Primary near eye|stub_1_1|Participants,-min–max","tbl-h08-prep-site-support--gt-0006|tbl-h08-prep-site-support--gt-0007|tbl-h08-prep-site-support--gt-0004",224415,224518,49,104
7,"tbl-h08-prep-site-support","headers",4,206057,206109,"Primary near eye stub_1_1 Participant-days, min–max","tbl-h08-prep-site-support--gt-0006 tbl-h08-prep-site-support--gt-0007 tbl-h08-prep-site-support--gt-0005","Primary near eye|stub_1_1|Participant-days,-min–max","tbl-h08-prep-site-support--gt-0006|tbl-h08-prep-site-support--gt-0007|tbl-h08-prep-site-support--gt-0005",224570,224673,53,104
7,"tbl-h08-prep-site-support","id",8,206156,206163,"stub_1_2","tbl-h08-prep-site-support--gt-0008","","",224720,224753,8,34
7,"tbl-h08-prep-site-support","headers",5,206297,206326,"Primary near eye stub_1_2 Site","tbl-h08-prep-site-support--gt-0006 tbl-h08-prep-site-support--gt-0008 tbl-h08-prep-site-support--gt-0002","Primary near eye|stub_1_2|Site","tbl-h08-prep-site-support--gt-0006|tbl-h08-prep-site-support--gt-0008|tbl-h08-prep-site-support--gt-0002",224887,224990,30,104
7,"tbl-h08-prep-site-support","headers",6,206393,206431,"Primary near eye stub_1_2 Metric frames","tbl-h08-prep-site-support--gt-0006 tbl-h08-prep-site-support--gt-0008 tbl-h08-prep-site-support--gt-0003","Primary near eye|stub_1_2|Metric-frames","tbl-h08-prep-site-support--gt-0006|tbl-h08-prep-site-support--gt-0008|tbl-h08-prep-site-support--gt-0003",225057,225160,39,104
7,"tbl-h08-prep-site-support","headers",7,206488,206536,"Primary near eye stub_1_2 Participants, min–max","tbl-h08-prep-site-support--gt-0006 tbl-h08-prep-site-support--gt-0008 tbl-h08-prep-site-support--gt-0004","Primary near eye|stub_1_2|Participants,-min–max","tbl-h08-prep-site-support--gt-0006|tbl-h08-prep-site-support--gt-0008|tbl-h08-prep-site-support--gt-0004",225217,225320,49,104
7,"tbl-h08-prep-site-support","headers",8,206599,206651,"Primary near eye stub_1_2 Participant-days, min–max","tbl-h08-prep-site-support--gt-0006 tbl-h08-prep-site-support--gt-0008 tbl-h08-prep-site-support--gt-0005","Primary near eye|stub_1_2|Participant-days,-min–max","tbl-h08-prep-site-support--gt-0006|tbl-h08-prep-site-support--gt-0008|tbl-h08-prep-site-support--gt-0005",225383,225486,53,104
7,"tbl-h08-prep-site-support","id",9,206699,206706,"stub_1_3","tbl-h08-prep-site-support--gt-0009","","",225534,225567,8,34
7,"tbl-h08-prep-site-support","headers",9,206829,206858,"Primary near eye stub_1_3 Site","tbl-h08-prep-site-support--gt-0006 tbl-h08-prep-site-support--gt-0009 tbl-h08-prep-site-support--gt-0002","Primary near eye|stub_1_3|Site","tbl-h08-prep-site-support--gt-0006|tbl-h08-prep-site-support--gt-0009|tbl-h08-prep-site-support--gt-0002",225690,225793,30,104
7,"tbl-h08-prep-site-support","headers",10,206917,206955,"Primary near eye stub_1_3 Metric frames","tbl-h08-prep-site-support--gt-0006 tbl-h08-prep-site-support--gt-0009 tbl-h08-prep-site-support--gt-0003","Primary near eye|stub_1_3|Metric-frames","tbl-h08-prep-site-support--gt-0006|tbl-h08-prep-site-support--gt-0009|tbl-h08-prep-site-support--gt-0003",225852,225955,39,104
7,"tbl-h08-prep-site-support","headers",11,207001,207049,"Primary near eye stub_1_3 Participants, min–max","tbl-h08-prep-site-support--gt-0006 tbl-h08-prep-site-support--gt-0009 tbl-h08-prep-site-support--gt-0004","Primary near eye|stub_1_3|Participants,-min–max","tbl-h08-prep-site-support--gt-0006|tbl-h08-prep-site-support--gt-0009|tbl-h08-prep-site-support--gt-0004",226001,226104,49,104
7,"tbl-h08-prep-site-support","headers",12,207101,207153,"Primary near eye stub_1_3 Participant-days, min–max","tbl-h08-prep-site-support--gt-0006 tbl-h08-prep-site-support--gt-0009 tbl-h08-prep-site-support--gt-0005","Primary near eye|stub_1_3|Participant-days,-min–max","tbl-h08-prep-site-support--gt-0006|tbl-h08-prep-site-support--gt-0009|tbl-h08-prep-site-support--gt-0005",226156,226259,53,104
7,"tbl-h08-prep-site-support","id",10,207201,207208,"stub_1_4","tbl-h08-prep-site-support--gt-0010","","",226307,226340,8,34
7,"tbl-h08-prep-site-support","headers",13,207342,207371,"Primary near eye stub_1_4 Site","tbl-h08-prep-site-support--gt-0006 tbl-h08-prep-site-support--gt-0010 tbl-h08-prep-site-support--gt-0002","Primary near eye|stub_1_4|Site","tbl-h08-prep-site-support--gt-0006|tbl-h08-prep-site-support--gt-0010|tbl-h08-prep-site-support--gt-0002",226474,226577,30,104
7,"tbl-h08-prep-site-support","headers",14,207442,207480,"Primary near eye stub_1_4 Metric frames","tbl-h08-prep-site-support--gt-0006 tbl-h08-prep-site-support--gt-0010 tbl-h08-prep-site-support--gt-0003","Primary near eye|stub_1_4|Metric-frames","tbl-h08-prep-site-support--gt-0006|tbl-h08-prep-site-support--gt-0010|tbl-h08-prep-site-support--gt-0003",226648,226751,39,104
7,"tbl-h08-prep-site-support","headers",15,207537,207585,"Primary near eye stub_1_4 Participants, min–max","tbl-h08-prep-site-support--gt-0006 tbl-h08-prep-site-support--gt-0010 tbl-h08-prep-site-support--gt-0004","Primary near eye|stub_1_4|Participants,-min–max","tbl-h08-prep-site-support--gt-0006|tbl-h08-prep-site-support--gt-0010|tbl-h08-prep-site-support--gt-0004",226808,226911,49,104
7,"tbl-h08-prep-site-support","headers",16,207648,207700,"Primary near eye stub_1_4 Participant-days, min–max","tbl-h08-prep-site-support--gt-0006 tbl-h08-prep-site-support--gt-0010 tbl-h08-prep-site-support--gt-0005","Primary near eye|stub_1_4|Participant-days,-min–max","tbl-h08-prep-site-support--gt-0006|tbl-h08-prep-site-support--gt-0010|tbl-h08-prep-site-support--gt-0005",226974,227077,53,104
7,"tbl-h08-prep-site-support","id",11,207750,207757,"stub_1_5","tbl-h08-prep-site-support--gt-0011","","",227127,227160,8,34
7,"tbl-h08-prep-site-support","headers",17,207880,207909,"Primary near eye stub_1_5 Site","tbl-h08-prep-site-support--gt-0006 tbl-h08-prep-site-support--gt-0011 tbl-h08-prep-site-support--gt-0002","Primary near eye|stub_1_5|Site","tbl-h08-prep-site-support--gt-0006|tbl-h08-prep-site-support--gt-0011|tbl-h08-prep-site-support--gt-0002",227283,227386,30,104
7,"tbl-h08-prep-site-support","headers",18,207966,208004,"Primary near eye stub_1_5 Metric frames","tbl-h08-prep-site-support--gt-0006 tbl-h08-prep-site-support--gt-0011 tbl-h08-prep-site-support--gt-0003","Primary near eye|stub_1_5|Metric-frames","tbl-h08-prep-site-support--gt-0006|tbl-h08-prep-site-support--gt-0011|tbl-h08-prep-site-support--gt-0003",227443,227546,39,104
7,"tbl-h08-prep-site-support","headers",19,208050,208098,"Primary near eye stub_1_5 Participants, min–max","tbl-h08-prep-site-support--gt-0006 tbl-h08-prep-site-support--gt-0011 tbl-h08-prep-site-support--gt-0004","Primary near eye|stub_1_5|Participants,-min–max","tbl-h08-prep-site-support--gt-0006|tbl-h08-prep-site-support--gt-0011|tbl-h08-prep-site-support--gt-0004",227592,227695,49,104
7,"tbl-h08-prep-site-support","headers",20,208150,208202,"Primary near eye stub_1_5 Participant-days, min–max","tbl-h08-prep-site-support--gt-0006 tbl-h08-prep-site-support--gt-0011 tbl-h08-prep-site-support--gt-0005","Primary near eye|stub_1_5|Participant-days,-min–max","tbl-h08-prep-site-support--gt-0006|tbl-h08-prep-site-support--gt-0011|tbl-h08-prep-site-support--gt-0005",227747,227850,53,104
7,"tbl-h08-prep-site-support","id",12,208249,208256,"stub_1_6","tbl-h08-prep-site-support--gt-0012","","",227897,227930,8,34
7,"tbl-h08-prep-site-support","headers",21,208390,208419,"Primary near eye stub_1_6 Site","tbl-h08-prep-site-support--gt-0006 tbl-h08-prep-site-support--gt-0012 tbl-h08-prep-site-support--gt-0002","Primary near eye|stub_1_6|Site","tbl-h08-prep-site-support--gt-0006|tbl-h08-prep-site-support--gt-0012|tbl-h08-prep-site-support--gt-0002",228064,228167,30,104
7,"tbl-h08-prep-site-support","headers",22,208487,208525,"Primary near eye stub_1_6 Metric frames","tbl-h08-prep-site-support--gt-0006 tbl-h08-prep-site-support--gt-0012 tbl-h08-prep-site-support--gt-0003","Primary near eye|stub_1_6|Metric-frames","tbl-h08-prep-site-support--gt-0006|tbl-h08-prep-site-support--gt-0012|tbl-h08-prep-site-support--gt-0003",228235,228338,39,104
7,"tbl-h08-prep-site-support","headers",23,208582,208630,"Primary near eye stub_1_6 Participants, min–max","tbl-h08-prep-site-support--gt-0006 tbl-h08-prep-site-support--gt-0012 tbl-h08-prep-site-support--gt-0004","Primary near eye|stub_1_6|Participants,-min–max","tbl-h08-prep-site-support--gt-0006|tbl-h08-prep-site-support--gt-0012|tbl-h08-prep-site-support--gt-0004",228395,228498,49,104
7,"tbl-h08-prep-site-support","headers",24,208693,208745,"Primary near eye stub_1_6 Participant-days, min–max","tbl-h08-prep-site-support--gt-0006 tbl-h08-prep-site-support--gt-0012 tbl-h08-prep-site-support--gt-0005","Primary near eye|stub_1_6|Participant-days,-min–max","tbl-h08-prep-site-support--gt-0006|tbl-h08-prep-site-support--gt-0012|tbl-h08-prep-site-support--gt-0005",228561,228664,53,104
7,"tbl-h08-prep-site-support","id",13,208795,208802,"stub_1_7","tbl-h08-prep-site-support--gt-0013","","",228714,228747,8,34
7,"tbl-h08-prep-site-support","headers",25,208925,208954,"Primary near eye stub_1_7 Site","tbl-h08-prep-site-support--gt-0006 tbl-h08-prep-site-support--gt-0013 tbl-h08-prep-site-support--gt-0002","Primary near eye|stub_1_7|Site","tbl-h08-prep-site-support--gt-0006|tbl-h08-prep-site-support--gt-0013|tbl-h08-prep-site-support--gt-0002",228870,228973,30,104
7,"tbl-h08-prep-site-support","headers",26,209010,209048,"Primary near eye stub_1_7 Metric frames","tbl-h08-prep-site-support--gt-0006 tbl-h08-prep-site-support--gt-0013 tbl-h08-prep-site-support--gt-0003","Primary near eye|stub_1_7|Metric-frames","tbl-h08-prep-site-support--gt-0006|tbl-h08-prep-site-support--gt-0013|tbl-h08-prep-site-support--gt-0003",229029,229132,39,104
7,"tbl-h08-prep-site-support","headers",27,209094,209142,"Primary near eye stub_1_7 Participants, min–max","tbl-h08-prep-site-support--gt-0006 tbl-h08-prep-site-support--gt-0013 tbl-h08-prep-site-support--gt-0004","Primary near eye|stub_1_7|Participants,-min–max","tbl-h08-prep-site-support--gt-0006|tbl-h08-prep-site-support--gt-0013|tbl-h08-prep-site-support--gt-0004",229178,229281,49,104
7,"tbl-h08-prep-site-support","headers",28,209194,209246,"Primary near eye stub_1_7 Participant-days, min–max","tbl-h08-prep-site-support--gt-0006 tbl-h08-prep-site-support--gt-0013 tbl-h08-prep-site-support--gt-0005","Primary near eye|stub_1_7|Participant-days,-min–max","tbl-h08-prep-site-support--gt-0006|tbl-h08-prep-site-support--gt-0013|tbl-h08-prep-site-support--gt-0005",229333,229436,53,104
7,"tbl-h08-prep-site-support","id",14,209294,209301,"stub_1_8","tbl-h08-prep-site-support--gt-0014","","",229484,229517,8,34
7,"tbl-h08-prep-site-support","headers",29,209435,209464,"Primary near eye stub_1_8 Site","tbl-h08-prep-site-support--gt-0006 tbl-h08-prep-site-support--gt-0014 tbl-h08-prep-site-support--gt-0002","Primary near eye|stub_1_8|Site","tbl-h08-prep-site-support--gt-0006|tbl-h08-prep-site-support--gt-0014|tbl-h08-prep-site-support--gt-0002",229651,229754,30,104
7,"tbl-h08-prep-site-support","headers",30,209535,209573,"Primary near eye stub_1_8 Metric frames","tbl-h08-prep-site-support--gt-0006 tbl-h08-prep-site-support--gt-0014 tbl-h08-prep-site-support--gt-0003","Primary near eye|stub_1_8|Metric-frames","tbl-h08-prep-site-support--gt-0006|tbl-h08-prep-site-support--gt-0014|tbl-h08-prep-site-support--gt-0003",229825,229928,39,104
7,"tbl-h08-prep-site-support","headers",31,209630,209678,"Primary near eye stub_1_8 Participants, min–max","tbl-h08-prep-site-support--gt-0006 tbl-h08-prep-site-support--gt-0014 tbl-h08-prep-site-support--gt-0004","Primary near eye|stub_1_8|Participants,-min–max","tbl-h08-prep-site-support--gt-0006|tbl-h08-prep-site-support--gt-0014|tbl-h08-prep-site-support--gt-0004",229985,230088,49,104
7,"tbl-h08-prep-site-support","headers",32,209739,209791,"Primary near eye stub_1_8 Participant-days, min–max","tbl-h08-prep-site-support--gt-0006 tbl-h08-prep-site-support--gt-0014 tbl-h08-prep-site-support--gt-0005","Primary near eye|stub_1_8|Participant-days,-min–max","tbl-h08-prep-site-support--gt-0006|tbl-h08-prep-site-support--gt-0014|tbl-h08-prep-site-support--gt-0005",230149,230252,53,104
7,"tbl-h08-prep-site-support","id",15,209839,209846,"stub_1_9","tbl-h08-prep-site-support--gt-0015","","",230300,230333,8,34
7,"tbl-h08-prep-site-support","headers",33,209969,209998,"Primary near eye stub_1_9 Site","tbl-h08-prep-site-support--gt-0006 tbl-h08-prep-site-support--gt-0015 tbl-h08-prep-site-support--gt-0002","Primary near eye|stub_1_9|Site","tbl-h08-prep-site-support--gt-0006|tbl-h08-prep-site-support--gt-0015|tbl-h08-prep-site-support--gt-0002",230456,230559,30,104
7,"tbl-h08-prep-site-support","headers",34,210055,210093,"Primary near eye stub_1_9 Metric frames","tbl-h08-prep-site-support--gt-0006 tbl-h08-prep-site-support--gt-0015 tbl-h08-prep-site-support--gt-0003","Primary near eye|stub_1_9|Metric-frames","tbl-h08-prep-site-support--gt-0006|tbl-h08-prep-site-support--gt-0015|tbl-h08-prep-site-support--gt-0003",230616,230719,39,104
7,"tbl-h08-prep-site-support","headers",35,210139,210187,"Primary near eye stub_1_9 Participants, min–max","tbl-h08-prep-site-support--gt-0006 tbl-h08-prep-site-support--gt-0015 tbl-h08-prep-site-support--gt-0004","Primary near eye|stub_1_9|Participants,-min–max","tbl-h08-prep-site-support--gt-0006|tbl-h08-prep-site-support--gt-0015|tbl-h08-prep-site-support--gt-0004",230765,230868,49,104
7,"tbl-h08-prep-site-support","headers",36,210239,210291,"Primary near eye stub_1_9 Participant-days, min–max","tbl-h08-prep-site-support--gt-0006 tbl-h08-prep-site-support--gt-0015 tbl-h08-prep-site-support--gt-0005","Primary near eye|stub_1_9|Participant-days,-min–max","tbl-h08-prep-site-support--gt-0006|tbl-h08-prep-site-support--gt-0015|tbl-h08-prep-site-support--gt-0005",230920,231023,53,104
7,"tbl-h08-prep-site-support","id",16,210371,210389,"Complementary chest","tbl-h08-prep-site-support--gt-0016","","",231103,231136,19,34
7,"tbl-h08-prep-site-support","id",17,210543,210551,"stub_1_10","tbl-h08-prep-site-support--gt-0017","","",231290,231323,9,34
7,"tbl-h08-prep-site-support","headers",37,210685,210718,"Complementary chest stub_1_10 Site","tbl-h08-prep-site-support--gt-0016 tbl-h08-prep-site-support--gt-0017 tbl-h08-prep-site-support--gt-0002","Complementary chest|stub_1_10|Site","tbl-h08-prep-site-support--gt-0016|tbl-h08-prep-site-support--gt-0017|tbl-h08-prep-site-support--gt-0002",231457,231560,34,104
7,"tbl-h08-prep-site-support","headers",38,210786,210828,"Complementary chest stub_1_10 Metric frames","tbl-h08-prep-site-support--gt-0016 tbl-h08-prep-site-support--gt-0017 tbl-h08-prep-site-support--gt-0003","Complementary chest|stub_1_10|Metric-frames","tbl-h08-prep-site-support--gt-0016|tbl-h08-prep-site-support--gt-0017|tbl-h08-prep-site-support--gt-0003",231628,231731,43,104
7,"tbl-h08-prep-site-support","headers",39,210885,210937,"Complementary chest stub_1_10 Participants, min–max","tbl-h08-prep-site-support--gt-0016 tbl-h08-prep-site-support--gt-0017 tbl-h08-prep-site-support--gt-0004","Complementary chest|stub_1_10|Participants,-min–max","tbl-h08-prep-site-support--gt-0016|tbl-h08-prep-site-support--gt-0017|tbl-h08-prep-site-support--gt-0004",231788,231891,53,104
7,"tbl-h08-prep-site-support","headers",40,211000,211056,"Complementary chest stub_1_10 Participant-days, min–max","tbl-h08-prep-site-support--gt-0016 tbl-h08-prep-site-support--gt-0017 tbl-h08-prep-site-support--gt-0005","Complementary chest|stub_1_10|Participant-days,-min–max","tbl-h08-prep-site-support--gt-0016|tbl-h08-prep-site-support--gt-0017|tbl-h08-prep-site-support--gt-0005",231954,232057,57,104
7,"tbl-h08-prep-site-support","id",18,211103,211111,"stub_1_11","tbl-h08-prep-site-support--gt-0018","","",232104,232137,9,34
7,"tbl-h08-prep-site-support","headers",41,211234,211267,"Complementary chest stub_1_11 Site","tbl-h08-prep-site-support--gt-0016 tbl-h08-prep-site-support--gt-0018 tbl-h08-prep-site-support--gt-0002","Complementary chest|stub_1_11|Site","tbl-h08-prep-site-support--gt-0016|tbl-h08-prep-site-support--gt-0018|tbl-h08-prep-site-support--gt-0002",232260,232363,34,104
7,"tbl-h08-prep-site-support","headers",42,211323,211365,"Complementary chest stub_1_11 Metric frames","tbl-h08-prep-site-support--gt-0016 tbl-h08-prep-site-support--gt-0018 tbl-h08-prep-site-support--gt-0003","Complementary chest|stub_1_11|Metric-frames","tbl-h08-prep-site-support--gt-0016|tbl-h08-prep-site-support--gt-0018|tbl-h08-prep-site-support--gt-0003",232419,232522,43,104
7,"tbl-h08-prep-site-support","headers",43,211411,211463,"Complementary chest stub_1_11 Participants, min–max","tbl-h08-prep-site-support--gt-0016 tbl-h08-prep-site-support--gt-0018 tbl-h08-prep-site-support--gt-0004","Complementary chest|stub_1_11|Participants,-min–max","tbl-h08-prep-site-support--gt-0016|tbl-h08-prep-site-support--gt-0018|tbl-h08-prep-site-support--gt-0004",232568,232671,53,104
7,"tbl-h08-prep-site-support","headers",44,211515,211571,"Complementary chest stub_1_11 Participant-days, min–max","tbl-h08-prep-site-support--gt-0016 tbl-h08-prep-site-support--gt-0018 tbl-h08-prep-site-support--gt-0005","Complementary chest|stub_1_11|Participant-days,-min–max","tbl-h08-prep-site-support--gt-0016|tbl-h08-prep-site-support--gt-0018|tbl-h08-prep-site-support--gt-0005",232723,232826,57,104
7,"tbl-h08-prep-site-support","id",19,211619,211627,"stub_1_12","tbl-h08-prep-site-support--gt-0019","","",232874,232907,9,34
7,"tbl-h08-prep-site-support","headers",45,211761,211794,"Complementary chest stub_1_12 Site","tbl-h08-prep-site-support--gt-0016 tbl-h08-prep-site-support--gt-0019 tbl-h08-prep-site-support--gt-0002","Complementary chest|stub_1_12|Site","tbl-h08-prep-site-support--gt-0016|tbl-h08-prep-site-support--gt-0019|tbl-h08-prep-site-support--gt-0002",233041,233144,34,104
7,"tbl-h08-prep-site-support","headers",46,211864,211906,"Complementary chest stub_1_12 Metric frames","tbl-h08-prep-site-support--gt-0016 tbl-h08-prep-site-support--gt-0019 tbl-h08-prep-site-support--gt-0003","Complementary chest|stub_1_12|Metric-frames","tbl-h08-prep-site-support--gt-0016|tbl-h08-prep-site-support--gt-0019|tbl-h08-prep-site-support--gt-0003",233214,233317,43,104
7,"tbl-h08-prep-site-support","headers",47,211963,212015,"Complementary chest stub_1_12 Participants, min–max","tbl-h08-prep-site-support--gt-0016 tbl-h08-prep-site-support--gt-0019 tbl-h08-prep-site-support--gt-0004","Complementary chest|stub_1_12|Participants,-min–max","tbl-h08-prep-site-support--gt-0016|tbl-h08-prep-site-support--gt-0019|tbl-h08-prep-site-support--gt-0004",233374,233477,53,104
7,"tbl-h08-prep-site-support","headers",48,212078,212134,"Complementary chest stub_1_12 Participant-days, min–max","tbl-h08-prep-site-support--gt-0016 tbl-h08-prep-site-support--gt-0019 tbl-h08-prep-site-support--gt-0005","Complementary chest|stub_1_12|Participant-days,-min–max","tbl-h08-prep-site-support--gt-0016|tbl-h08-prep-site-support--gt-0019|tbl-h08-prep-site-support--gt-0005",233540,233643,57,104
7,"tbl-h08-prep-site-support","id",20,212182,212190,"stub_1_13","tbl-h08-prep-site-support--gt-0020","","",233691,233724,9,34
7,"tbl-h08-prep-site-support","headers",49,212313,212346,"Complementary chest stub_1_13 Site","tbl-h08-prep-site-support--gt-0016 tbl-h08-prep-site-support--gt-0020 tbl-h08-prep-site-support--gt-0002","Complementary chest|stub_1_13|Site","tbl-h08-prep-site-support--gt-0016|tbl-h08-prep-site-support--gt-0020|tbl-h08-prep-site-support--gt-0002",233847,233950,34,104
7,"tbl-h08-prep-site-support","headers",50,212403,212445,"Complementary chest stub_1_13 Metric frames","tbl-h08-prep-site-support--gt-0016 tbl-h08-prep-site-support--gt-0020 tbl-h08-prep-site-support--gt-0003","Complementary chest|stub_1_13|Metric-frames","tbl-h08-prep-site-support--gt-0016|tbl-h08-prep-site-support--gt-0020|tbl-h08-prep-site-support--gt-0003",234007,234110,43,104
7,"tbl-h08-prep-site-support","headers",51,212491,212543,"Complementary chest stub_1_13 Participants, min–max","tbl-h08-prep-site-support--gt-0016 tbl-h08-prep-site-support--gt-0020 tbl-h08-prep-site-support--gt-0004","Complementary chest|stub_1_13|Participants,-min–max","tbl-h08-prep-site-support--gt-0016|tbl-h08-prep-site-support--gt-0020|tbl-h08-prep-site-support--gt-0004",234156,234259,53,104
7,"tbl-h08-prep-site-support","headers",52,212595,212651,"Complementary chest stub_1_13 Participant-days, min–max","tbl-h08-prep-site-support--gt-0016 tbl-h08-prep-site-support--gt-0020 tbl-h08-prep-site-support--gt-0005","Complementary chest|stub_1_13|Participant-days,-min–max","tbl-h08-prep-site-support--gt-0016|tbl-h08-prep-site-support--gt-0020|tbl-h08-prep-site-support--gt-0005",234311,234414,57,104
7,"tbl-h08-prep-site-support","id",21,212699,212707,"stub_1_14","tbl-h08-prep-site-support--gt-0021","","",234462,234495,9,34
7,"tbl-h08-prep-site-support","headers",53,212841,212874,"Complementary chest stub_1_14 Site","tbl-h08-prep-site-support--gt-0016 tbl-h08-prep-site-support--gt-0021 tbl-h08-prep-site-support--gt-0002","Complementary chest|stub_1_14|Site","tbl-h08-prep-site-support--gt-0016|tbl-h08-prep-site-support--gt-0021|tbl-h08-prep-site-support--gt-0002",234629,234732,34,104
7,"tbl-h08-prep-site-support","headers",54,212942,212984,"Complementary chest stub_1_14 Metric frames","tbl-h08-prep-site-support--gt-0016 tbl-h08-prep-site-support--gt-0021 tbl-h08-prep-site-support--gt-0003","Complementary chest|stub_1_14|Metric-frames","tbl-h08-prep-site-support--gt-0016|tbl-h08-prep-site-support--gt-0021|tbl-h08-prep-site-support--gt-0003",234800,234903,43,104
7,"tbl-h08-prep-site-support","headers",55,213041,213093,"Complementary chest stub_1_14 Participants, min–max","tbl-h08-prep-site-support--gt-0016 tbl-h08-prep-site-support--gt-0021 tbl-h08-prep-site-support--gt-0004","Complementary chest|stub_1_14|Participants,-min–max","tbl-h08-prep-site-support--gt-0016|tbl-h08-prep-site-support--gt-0021|tbl-h08-prep-site-support--gt-0004",234960,235063,53,104
7,"tbl-h08-prep-site-support","headers",56,213156,213212,"Complementary chest stub_1_14 Participant-days, min–max","tbl-h08-prep-site-support--gt-0016 tbl-h08-prep-site-support--gt-0021 tbl-h08-prep-site-support--gt-0005","Complementary chest|stub_1_14|Participant-days,-min–max","tbl-h08-prep-site-support--gt-0016|tbl-h08-prep-site-support--gt-0021|tbl-h08-prep-site-support--gt-0005",235126,235229,57,104
7,"tbl-h08-prep-site-support","id",22,213261,213269,"stub_1_15","tbl-h08-prep-site-support--gt-0022","","",235278,235311,9,34
7,"tbl-h08-prep-site-support","headers",57,213392,213425,"Complementary chest stub_1_15 Site","tbl-h08-prep-site-support--gt-0016 tbl-h08-prep-site-support--gt-0022 tbl-h08-prep-site-support--gt-0002","Complementary chest|stub_1_15|Site","tbl-h08-prep-site-support--gt-0016|tbl-h08-prep-site-support--gt-0022|tbl-h08-prep-site-support--gt-0002",235434,235537,34,104
7,"tbl-h08-prep-site-support","headers",58,213481,213523,"Complementary chest stub_1_15 Metric frames","tbl-h08-prep-site-support--gt-0016 tbl-h08-prep-site-support--gt-0022 tbl-h08-prep-site-support--gt-0003","Complementary chest|stub_1_15|Metric-frames","tbl-h08-prep-site-support--gt-0016|tbl-h08-prep-site-support--gt-0022|tbl-h08-prep-site-support--gt-0003",235593,235696,43,104
7,"tbl-h08-prep-site-support","headers",59,213569,213621,"Complementary chest stub_1_15 Participants, min–max","tbl-h08-prep-site-support--gt-0016 tbl-h08-prep-site-support--gt-0022 tbl-h08-prep-site-support--gt-0004","Complementary chest|stub_1_15|Participants,-min–max","tbl-h08-prep-site-support--gt-0016|tbl-h08-prep-site-support--gt-0022|tbl-h08-prep-site-support--gt-0004",235742,235845,53,104
7,"tbl-h08-prep-site-support","headers",60,213673,213729,"Complementary chest stub_1_15 Participant-days, min–max","tbl-h08-prep-site-support--gt-0016 tbl-h08-prep-site-support--gt-0022 tbl-h08-prep-site-support--gt-0005","Complementary chest|stub_1_15|Participant-days,-min–max","tbl-h08-prep-site-support--gt-0016|tbl-h08-prep-site-support--gt-0022|tbl-h08-prep-site-support--gt-0005",235897,236000,57,104
7,"tbl-h08-prep-site-support","id",23,213778,213786,"stub_1_16","tbl-h08-prep-site-support--gt-0023","","",236049,236082,9,34
7,"tbl-h08-prep-site-support","headers",61,213920,213953,"Complementary chest stub_1_16 Site","tbl-h08-prep-site-support--gt-0016 tbl-h08-prep-site-support--gt-0023 tbl-h08-prep-site-support--gt-0002","Complementary chest|stub_1_16|Site","tbl-h08-prep-site-support--gt-0016|tbl-h08-prep-site-support--gt-0023|tbl-h08-prep-site-support--gt-0002",236216,236319,34,104
7,"tbl-h08-prep-site-support","headers",62,214024,214066,"Complementary chest stub_1_16 Metric frames","tbl-h08-prep-site-support--gt-0016 tbl-h08-prep-site-support--gt-0023 tbl-h08-prep-site-support--gt-0003","Complementary chest|stub_1_16|Metric-frames","tbl-h08-prep-site-support--gt-0016|tbl-h08-prep-site-support--gt-0023|tbl-h08-prep-site-support--gt-0003",236390,236493,43,104
7,"tbl-h08-prep-site-support","headers",63,214123,214175,"Complementary chest stub_1_16 Participants, min–max","tbl-h08-prep-site-support--gt-0016 tbl-h08-prep-site-support--gt-0023 tbl-h08-prep-site-support--gt-0004","Complementary chest|stub_1_16|Participants,-min–max","tbl-h08-prep-site-support--gt-0016|tbl-h08-prep-site-support--gt-0023|tbl-h08-prep-site-support--gt-0004",236550,236653,53,104
7,"tbl-h08-prep-site-support","headers",64,214238,214294,"Complementary chest stub_1_16 Participant-days, min–max","tbl-h08-prep-site-support--gt-0016 tbl-h08-prep-site-support--gt-0023 tbl-h08-prep-site-support--gt-0005","Complementary chest|stub_1_16|Participant-days,-min–max","tbl-h08-prep-site-support--gt-0016|tbl-h08-prep-site-support--gt-0023|tbl-h08-prep-site-support--gt-0005",236716,236819,57,104
7,"tbl-h08-prep-site-support","id",24,214343,214351,"stub_1_17","tbl-h08-prep-site-support--gt-0024","","",236868,236901,9,34
7,"tbl-h08-prep-site-support","headers",65,214474,214507,"Complementary chest stub_1_17 Site","tbl-h08-prep-site-support--gt-0016 tbl-h08-prep-site-support--gt-0024 tbl-h08-prep-site-support--gt-0002","Complementary chest|stub_1_17|Site","tbl-h08-prep-site-support--gt-0016|tbl-h08-prep-site-support--gt-0024|tbl-h08-prep-site-support--gt-0002",237024,237127,34,104
7,"tbl-h08-prep-site-support","headers",66,214564,214606,"Complementary chest stub_1_17 Metric frames","tbl-h08-prep-site-support--gt-0016 tbl-h08-prep-site-support--gt-0024 tbl-h08-prep-site-support--gt-0003","Complementary chest|stub_1_17|Metric-frames","tbl-h08-prep-site-support--gt-0016|tbl-h08-prep-site-support--gt-0024|tbl-h08-prep-site-support--gt-0003",237184,237287,43,104
7,"tbl-h08-prep-site-support","headers",67,214652,214704,"Complementary chest stub_1_17 Participants, min–max","tbl-h08-prep-site-support--gt-0016 tbl-h08-prep-site-support--gt-0024 tbl-h08-prep-site-support--gt-0004","Complementary chest|stub_1_17|Participants,-min–max","tbl-h08-prep-site-support--gt-0016|tbl-h08-prep-site-support--gt-0024|tbl-h08-prep-site-support--gt-0004",237333,237436,53,104
7,"tbl-h08-prep-site-support","headers",68,214756,214812,"Complementary chest stub_1_17 Participant-days, min–max","tbl-h08-prep-site-support--gt-0016 tbl-h08-prep-site-support--gt-0024 tbl-h08-prep-site-support--gt-0005","Complementary chest|stub_1_17|Participant-days,-min–max","tbl-h08-prep-site-support--gt-0016|tbl-h08-prep-site-support--gt-0024|tbl-h08-prep-site-support--gt-0005",237488,237591,57,104
8,"tbl-h08-prep-exact-formulas","id",1,238548,238557,"Model-role","tbl-h08-prep-exact-formulas--gt-0001","","",261327,261362,10,36
8,"tbl-h08-prep-exact-formulas","id",2,238685,238691,"Formula","tbl-h08-prep-exact-formulas--gt-0002","","",261490,261525,7,36
8,"tbl-h08-prep-exact-formulas","id",3,238910,238933,"Participant-day analysis","tbl-h08-prep-exact-formulas--gt-0003","","",261744,261779,24,36
8,"tbl-h08-prep-exact-formulas","headers",1,239120,239155,"Participant-day analysis  Model role","tbl-h08-prep-exact-formulas--gt-0003 tbl-h08-prep-exact-formulas--gt-0001","Participant-day analysis|Model-role","tbl-h08-prep-exact-formulas--gt-0003|tbl-h08-prep-exact-formulas--gt-0001",261966,262038,36,73
8,"tbl-h08-prep-exact-formulas","headers",2,239220,239252,"Participant-day analysis  Formula","tbl-h08-prep-exact-formulas--gt-0003 tbl-h08-prep-exact-formulas--gt-0002","Participant-day analysis|Formula","tbl-h08-prep-exact-formulas--gt-0003|tbl-h08-prep-exact-formulas--gt-0002",262103,262175,33,73
8,"tbl-h08-prep-exact-formulas","headers",3,239381,239416,"Participant-day analysis  Model role","tbl-h08-prep-exact-formulas--gt-0003 tbl-h08-prep-exact-formulas--gt-0001","Participant-day analysis|Model-role","tbl-h08-prep-exact-formulas--gt-0003|tbl-h08-prep-exact-formulas--gt-0001",262304,262376,36,73
8,"tbl-h08-prep-exact-formulas","headers",4,239493,239525,"Participant-day analysis  Formula","tbl-h08-prep-exact-formulas--gt-0003 tbl-h08-prep-exact-formulas--gt-0002","Participant-day analysis|Formula","tbl-h08-prep-exact-formulas--gt-0003|tbl-h08-prep-exact-formulas--gt-0002",262453,262525,33,73
8,"tbl-h08-prep-exact-formulas","headers",5,239654,239689,"Participant-day analysis  Model role","tbl-h08-prep-exact-formulas--gt-0003 tbl-h08-prep-exact-formulas--gt-0001","Participant-day analysis|Model-role","tbl-h08-prep-exact-formulas--gt-0003|tbl-h08-prep-exact-formulas--gt-0001",262654,262726,36,73
8,"tbl-h08-prep-exact-formulas","headers",6,239766,239798,"Participant-day analysis  Formula","tbl-h08-prep-exact-formulas--gt-0003 tbl-h08-prep-exact-formulas--gt-0002","Participant-day analysis|Formula","tbl-h08-prep-exact-formulas--gt-0003|tbl-h08-prep-exact-formulas--gt-0002",262803,262875,33,73
8,"tbl-h08-prep-exact-formulas","id",4,239931,239953,"Photoperiod sensitivity","tbl-h08-prep-exact-formulas--gt-0004","","",263008,263043,23,36
8,"tbl-h08-prep-exact-formulas","headers",7,240150,240184,"Photoperiod sensitivity  Model role","tbl-h08-prep-exact-formulas--gt-0004 tbl-h08-prep-exact-formulas--gt-0001","Photoperiod sensitivity|Model-role","tbl-h08-prep-exact-formulas--gt-0004|tbl-h08-prep-exact-formulas--gt-0001",263240,263312,35,73
8,"tbl-h08-prep-exact-formulas","headers",8,240260,240291,"Photoperiod sensitivity  Formula","tbl-h08-prep-exact-formulas--gt-0004 tbl-h08-prep-exact-formulas--gt-0002","Photoperiod sensitivity|Formula","tbl-h08-prep-exact-formulas--gt-0004|tbl-h08-prep-exact-formulas--gt-0002",263388,263460,32,73
8,"tbl-h08-prep-exact-formulas","headers",9,240425,240459,"Photoperiod sensitivity  Model role","tbl-h08-prep-exact-formulas--gt-0004 tbl-h08-prep-exact-formulas--gt-0001","Photoperiod sensitivity|Model-role","tbl-h08-prep-exact-formulas--gt-0004|tbl-h08-prep-exact-formulas--gt-0001",263594,263666,35,73
8,"tbl-h08-prep-exact-formulas","headers",10,240525,240556,"Photoperiod sensitivity  Formula","tbl-h08-prep-exact-formulas--gt-0004 tbl-h08-prep-exact-formulas--gt-0002","Photoperiod sensitivity|Formula","tbl-h08-prep-exact-formulas--gt-0004|tbl-h08-prep-exact-formulas--gt-0002",263732,263804,32,73
8,"tbl-h08-prep-exact-formulas","headers",11,240712,240746,"Photoperiod sensitivity  Model role","tbl-h08-prep-exact-formulas--gt-0004 tbl-h08-prep-exact-formulas--gt-0001","Photoperiod sensitivity|Model-role","tbl-h08-prep-exact-formulas--gt-0004|tbl-h08-prep-exact-formulas--gt-0001",263960,264032,35,73
8,"tbl-h08-prep-exact-formulas","headers",12,240834,240865,"Photoperiod sensitivity  Formula","tbl-h08-prep-exact-formulas--gt-0004 tbl-h08-prep-exact-formulas--gt-0002","Photoperiod sensitivity|Formula","tbl-h08-prep-exact-formulas--gt-0004|tbl-h08-prep-exact-formulas--gt-0002",264120,264192,32,73
8,"tbl-h08-prep-exact-formulas","id",5,241014,241044,"Participant-summary sensitivity","tbl-h08-prep-exact-formulas--gt-0005","","",264341,264376,31,36
8,"tbl-h08-prep-exact-formulas","headers",13,241238,241280,"Participant-summary sensitivity  Model role","tbl-h08-prep-exact-formulas--gt-0005 tbl-h08-prep-exact-formulas--gt-0001","Participant-summary sensitivity|Model-role","tbl-h08-prep-exact-formulas--gt-0005|tbl-h08-prep-exact-formulas--gt-0001",264570,264642,43,73
8,"tbl-h08-prep-exact-formulas","headers",14,241345,241384,"Participant-summary sensitivity  Formula","tbl-h08-prep-exact-formulas--gt-0005 tbl-h08-prep-exact-formulas--gt-0002","Participant-summary sensitivity|Formula","tbl-h08-prep-exact-formulas--gt-0005|tbl-h08-prep-exact-formulas--gt-0002",264707,264779,40,73
8,"tbl-h08-prep-exact-formulas","headers",15,241503,241545,"Participant-summary sensitivity  Model role","tbl-h08-prep-exact-formulas--gt-0005 tbl-h08-prep-exact-formulas--gt-0001","Participant-summary sensitivity|Model-role","tbl-h08-prep-exact-formulas--gt-0005|tbl-h08-prep-exact-formulas--gt-0001",264898,264970,43,73
8,"tbl-h08-prep-exact-formulas","headers",16,241622,241661,"Participant-summary sensitivity  Formula","tbl-h08-prep-exact-formulas--gt-0005 tbl-h08-prep-exact-formulas--gt-0002","Participant-summary sensitivity|Formula","tbl-h08-prep-exact-formulas--gt-0005|tbl-h08-prep-exact-formulas--gt-0002",265047,265119,40,73
8,"tbl-h08-prep-exact-formulas","headers",17,241780,241822,"Participant-summary sensitivity  Model role","tbl-h08-prep-exact-formulas--gt-0005 tbl-h08-prep-exact-formulas--gt-0001","Participant-summary sensitivity|Model-role","tbl-h08-prep-exact-formulas--gt-0005|tbl-h08-prep-exact-formulas--gt-0001",265238,265310,43,73
8,"tbl-h08-prep-exact-formulas","headers",18,241899,241938,"Participant-summary sensitivity  Formula","tbl-h08-prep-exact-formulas--gt-0005 tbl-h08-prep-exact-formulas--gt-0002","Participant-summary sensitivity|Formula","tbl-h08-prep-exact-formulas--gt-0005|tbl-h08-prep-exact-formulas--gt-0002",265387,265459,40,73
9,"tbl-h08-prep-model-settings","id",1,256765,256773,"Component","tbl-h08-prep-model-settings--gt-0001","","",280286,280321,9,36
9,"tbl-h08-prep-model-settings","id",2,256900,256906,"Setting","tbl-h08-prep-model-settings--gt-0002","","",280448,280483,7,36
9,"tbl-h08-prep-model-settings","id",3,257031,257036,"Reason","tbl-h08-prep-model-settings--gt-0003","","",280608,280643,6,36
9,"tbl-h08-prep-model-settings","headers",1,257249,257257,"Component","tbl-h08-prep-model-settings--gt-0001","Component","tbl-h08-prep-model-settings--gt-0001",280856,280891,9,36
9,"tbl-h08-prep-model-settings","headers",2,257319,257325,"Setting","tbl-h08-prep-model-settings--gt-0002","Setting","tbl-h08-prep-model-settings--gt-0002",280953,280988,7,36
9,"tbl-h08-prep-model-settings","headers",3,257422,257427,"Reason","tbl-h08-prep-model-settings--gt-0003","Reason","tbl-h08-prep-model-settings--gt-0003",281085,281120,6,36
9,"tbl-h08-prep-model-settings","headers",4,257599,257607,"Component","tbl-h08-prep-model-settings--gt-0001","Component","tbl-h08-prep-model-settings--gt-0001",281292,281327,9,36
9,"tbl-h08-prep-model-settings","headers",5,257693,257699,"Setting","tbl-h08-prep-model-settings--gt-0002","Setting","tbl-h08-prep-model-settings--gt-0002",281413,281448,7,36
9,"tbl-h08-prep-model-settings","headers",6,257821,257826,"Reason","tbl-h08-prep-model-settings--gt-0003","Reason","tbl-h08-prep-model-settings--gt-0003",281570,281605,6,36
9,"tbl-h08-prep-model-settings","headers",7,257991,257999,"Component","tbl-h08-prep-model-settings--gt-0001","Component","tbl-h08-prep-model-settings--gt-0001",281770,281805,9,36
9,"tbl-h08-prep-model-settings","headers",8,258059,258065,"Setting","tbl-h08-prep-model-settings--gt-0002","Setting","tbl-h08-prep-model-settings--gt-0002",281865,281900,7,36
9,"tbl-h08-prep-model-settings","headers",9,258159,258164,"Reason","tbl-h08-prep-model-settings--gt-0003","Reason","tbl-h08-prep-model-settings--gt-0003",281994,282029,6,36
9,"tbl-h08-prep-model-settings","headers",10,258333,258341,"Component","tbl-h08-prep-model-settings--gt-0001","Component","tbl-h08-prep-model-settings--gt-0001",282198,282233,9,36
9,"tbl-h08-prep-model-settings","headers",11,258418,258424,"Setting","tbl-h08-prep-model-settings--gt-0002","Setting","tbl-h08-prep-model-settings--gt-0002",282310,282345,7,36
9,"tbl-h08-prep-model-settings","headers",12,258531,258536,"Reason","tbl-h08-prep-model-settings--gt-0003","Reason","tbl-h08-prep-model-settings--gt-0003",282452,282487,6,36
9,"tbl-h08-prep-model-settings","headers",13,258719,258727,"Component","tbl-h08-prep-model-settings--gt-0001","Component","tbl-h08-prep-model-settings--gt-0001",282670,282705,9,36
9,"tbl-h08-prep-model-settings","headers",14,258801,258807,"Setting","tbl-h08-prep-model-settings--gt-0002","Setting","tbl-h08-prep-model-settings--gt-0002",282779,282814,7,36
9,"tbl-h08-prep-model-settings","headers",15,258900,258905,"Reason","tbl-h08-prep-model-settings--gt-0003","Reason","tbl-h08-prep-model-settings--gt-0003",282907,282942,6,36
9,"tbl-h08-prep-model-settings","headers",16,259085,259093,"Component","tbl-h08-prep-model-settings--gt-0001","Component","tbl-h08-prep-model-settings--gt-0001",283122,283157,9,36
9,"tbl-h08-prep-model-settings","headers",17,259180,259186,"Setting","tbl-h08-prep-model-settings--gt-0002","Setting","tbl-h08-prep-model-settings--gt-0002",283244,283279,7,36
9,"tbl-h08-prep-model-settings","headers",18,259297,259302,"Reason","tbl-h08-prep-model-settings--gt-0003","Reason","tbl-h08-prep-model-settings--gt-0003",283390,283425,6,36
9,"tbl-h08-prep-model-settings","headers",19,259423,259431,"Component","tbl-h08-prep-model-settings--gt-0001","Component","tbl-h08-prep-model-settings--gt-0001",283546,283581,9,36
9,"tbl-h08-prep-model-settings","headers",20,259494,259500,"Setting","tbl-h08-prep-model-settings--gt-0002","Setting","tbl-h08-prep-model-settings--gt-0002",283644,283679,7,36
9,"tbl-h08-prep-model-settings","headers",21,259581,259586,"Reason","tbl-h08-prep-model-settings--gt-0003","Reason","tbl-h08-prep-model-settings--gt-0003",283760,283795,6,36
9,"tbl-h08-prep-model-settings","headers",22,259736,259744,"Component","tbl-h08-prep-model-settings--gt-0001","Component","tbl-h08-prep-model-settings--gt-0001",283945,283980,9,36
9,"tbl-h08-prep-model-settings","headers",23,259811,259817,"Setting","tbl-h08-prep-model-settings--gt-0002","Setting","tbl-h08-prep-model-settings--gt-0002",284047,284082,7,36
9,"tbl-h08-prep-model-settings","headers",24,259911,259916,"Reason","tbl-h08-prep-model-settings--gt-0003","Reason","tbl-h08-prep-model-settings--gt-0003",284176,284211,6,36
9,"tbl-h08-prep-model-settings","headers",25,260044,260052,"Component","tbl-h08-prep-model-settings--gt-0001","Component","tbl-h08-prep-model-settings--gt-0001",284339,284374,9,36
9,"tbl-h08-prep-model-settings","headers",26,260109,260115,"Setting","tbl-h08-prep-model-settings--gt-0002","Setting","tbl-h08-prep-model-settings--gt-0002",284431,284466,7,36
9,"tbl-h08-prep-model-settings","headers",27,260229,260234,"Reason","tbl-h08-prep-model-settings--gt-0003","Reason","tbl-h08-prep-model-settings--gt-0003",284580,284615,6,36
10,"tbl-h08-prep-family-audit","id",1,275171,275176,"Family","tbl-h08-prep-family-audit--gt-0001","","",299552,299585,6,34
10,"tbl-h08-prep-family-audit","id",2,275300,275303,"Role","tbl-h08-prep-family-audit--gt-0002","","",299709,299742,4,34
10,"tbl-h08-prep-family-audit","id",3,275425,275434,"Comparison","tbl-h08-prep-family-audit--gt-0003","","",299864,299897,10,34
10,"tbl-h08-prep-family-audit","id",4,275562,275579,"Planned-/-observed","tbl-h08-prep-family-audit--gt-0004","","",300025,300058,18,34
10,"tbl-h08-prep-family-audit","id",5,275716,275721,"Method","tbl-h08-prep-family-audit--gt-0005","","",300195,300228,6,34
10,"tbl-h08-prep-family-audit","id",6,275845,275856,"Raw-p-<-0.05","tbl-h08-prep-family-audit--gt-0006","","",300352,300385,12,34
10,"tbl-h08-prep-family-audit","id",7,275990,276009,"Retained-at-FDR-0.05","tbl-h08-prep-family-audit--gt-0007","","",300519,300552,20,34
10,"tbl-h08-prep-family-audit","id",8,276148,276155,"Verified","tbl-h08-prep-family-audit--gt-0008","","",300691,300724,8,34
10,"tbl-h08-prep-family-audit","headers",1,276370,276375,"Family","tbl-h08-prep-family-audit--gt-0001","Family","tbl-h08-prep-family-audit--gt-0001",300939,300972,6,34
10,"tbl-h08-prep-family-audit","headers",2,276445,276448,"Role","tbl-h08-prep-family-audit--gt-0002","Role","tbl-h08-prep-family-audit--gt-0002",301042,301075,4,34
10,"tbl-h08-prep-family-audit","headers",3,276513,276522,"Comparison","tbl-h08-prep-family-audit--gt-0003","Comparison","tbl-h08-prep-family-audit--gt-0003",301140,301173,10,34
10,"tbl-h08-prep-family-audit","headers",4,276592,276609,"Planned / observed","tbl-h08-prep-family-audit--gt-0004","Planned-/-observed","tbl-h08-prep-family-audit--gt-0004",301243,301276,18,34
10,"tbl-h08-prep-family-audit","headers",5,276659,276664,"Method","tbl-h08-prep-family-audit--gt-0005","Method","tbl-h08-prep-family-audit--gt-0005",301326,301359,6,34
10,"tbl-h08-prep-family-audit","headers",6,276724,276735,"Raw p < 0.05","tbl-h08-prep-family-audit--gt-0006","Raw-p-<-0.05","tbl-h08-prep-family-audit--gt-0006",301419,301452,12,34
10,"tbl-h08-prep-family-audit","headers",7,276782,276801,"Retained at FDR 0.05","tbl-h08-prep-family-audit--gt-0007","Retained-at-FDR-0.05","tbl-h08-prep-family-audit--gt-0007",301499,301532,20,34
10,"tbl-h08-prep-family-audit","headers",8,276847,276854,"Verified","tbl-h08-prep-family-audit--gt-0008","Verified","tbl-h08-prep-family-audit--gt-0008",301578,301611,8,34
10,"tbl-h08-prep-family-audit","headers",9,276938,276943,"Family","tbl-h08-prep-family-audit--gt-0001","Family","tbl-h08-prep-family-audit--gt-0001",301695,301728,6,34
10,"tbl-h08-prep-family-audit","headers",10,277030,277033,"Role","tbl-h08-prep-family-audit--gt-0002","Role","tbl-h08-prep-family-audit--gt-0002",301815,301848,4,34
10,"tbl-h08-prep-family-audit","headers",11,277109,277118,"Comparison","tbl-h08-prep-family-audit--gt-0003","Comparison","tbl-h08-prep-family-audit--gt-0003",301924,301957,10,34
10,"tbl-h08-prep-family-audit","headers",12,277201,277218,"Planned / observed","tbl-h08-prep-family-audit--gt-0004","Planned-/-observed","tbl-h08-prep-family-audit--gt-0004",302040,302073,18,34
10,"tbl-h08-prep-family-audit","headers",13,277279,277284,"Method","tbl-h08-prep-family-audit--gt-0005","Method","tbl-h08-prep-family-audit--gt-0005",302134,302167,6,34
10,"tbl-h08-prep-family-audit","headers",14,277355,277366,"Raw p < 0.05","tbl-h08-prep-family-audit--gt-0006","Raw-p-<-0.05","tbl-h08-prep-family-audit--gt-0006",302238,302271,12,34
10,"tbl-h08-prep-family-audit","headers",15,277424,277443,"Retained at FDR 0.05","tbl-h08-prep-family-audit--gt-0007","Retained-at-FDR-0.05","tbl-h08-prep-family-audit--gt-0007",302329,302362,20,34
10,"tbl-h08-prep-family-audit","headers",16,277500,277507,"Verified","tbl-h08-prep-family-audit--gt-0008","Verified","tbl-h08-prep-family-audit--gt-0008",302419,302452,8,34
10,"tbl-h08-prep-family-audit","headers",17,277579,277584,"Family","tbl-h08-prep-family-audit--gt-0001","Family","tbl-h08-prep-family-audit--gt-0001",302524,302557,6,34
10,"tbl-h08-prep-family-audit","headers",18,277657,277660,"Role","tbl-h08-prep-family-audit--gt-0002","Role","tbl-h08-prep-family-audit--gt-0002",302630,302663,4,34
10,"tbl-h08-prep-family-audit","headers",19,277728,277737,"Comparison","tbl-h08-prep-family-audit--gt-0003","Comparison","tbl-h08-prep-family-audit--gt-0003",302731,302764,10,34
10,"tbl-h08-prep-family-audit","headers",20,277807,277824,"Planned / observed","tbl-h08-prep-family-audit--gt-0004","Planned-/-observed","tbl-h08-prep-family-audit--gt-0004",302834,302867,18,34
10,"tbl-h08-prep-family-audit","headers",21,277874,277879,"Method","tbl-h08-prep-family-audit--gt-0005","Method","tbl-h08-prep-family-audit--gt-0005",302917,302950,6,34
10,"tbl-h08-prep-family-audit","headers",22,277939,277950,"Raw p < 0.05","tbl-h08-prep-family-audit--gt-0006","Raw-p-<-0.05","tbl-h08-prep-family-audit--gt-0006",303010,303043,12,34
10,"tbl-h08-prep-family-audit","headers",23,277997,278016,"Retained at FDR 0.05","tbl-h08-prep-family-audit--gt-0007","Retained-at-FDR-0.05","tbl-h08-prep-family-audit--gt-0007",303090,303123,20,34
10,"tbl-h08-prep-family-audit","headers",24,278062,278069,"Verified","tbl-h08-prep-family-audit--gt-0008","Verified","tbl-h08-prep-family-audit--gt-0008",303169,303202,8,34
10,"tbl-h08-prep-family-audit","headers",25,278153,278158,"Family","tbl-h08-prep-family-audit--gt-0001","Family","tbl-h08-prep-family-audit--gt-0001",303286,303319,6,34
10,"tbl-h08-prep-family-audit","headers",26,278248,278251,"Role","tbl-h08-prep-family-audit--gt-0002","Role","tbl-h08-prep-family-audit--gt-0002",303409,303442,4,34
10,"tbl-h08-prep-family-audit","headers",27,278334,278343,"Comparison","tbl-h08-prep-family-audit--gt-0003","Comparison","tbl-h08-prep-family-audit--gt-0003",303525,303558,10,34
10,"tbl-h08-prep-family-audit","headers",28,278426,278443,"Planned / observed","tbl-h08-prep-family-audit--gt-0004","Planned-/-observed","tbl-h08-prep-family-audit--gt-0004",303641,303674,18,34
10,"tbl-h08-prep-family-audit","headers",29,278504,278509,"Method","tbl-h08-prep-family-audit--gt-0005","Method","tbl-h08-prep-family-audit--gt-0005",303735,303768,6,34
10,"tbl-h08-prep-family-audit","headers",30,278580,278591,"Raw p < 0.05","tbl-h08-prep-family-audit--gt-0006","Raw-p-<-0.05","tbl-h08-prep-family-audit--gt-0006",303839,303872,12,34
10,"tbl-h08-prep-family-audit","headers",31,278649,278668,"Retained at FDR 0.05","tbl-h08-prep-family-audit--gt-0007","Retained-at-FDR-0.05","tbl-h08-prep-family-audit--gt-0007",303930,303963,20,34
10,"tbl-h08-prep-family-audit","headers",32,278725,278732,"Verified","tbl-h08-prep-family-audit--gt-0008","Verified","tbl-h08-prep-family-audit--gt-0008",304020,304053,8,34
10,"tbl-h08-prep-family-audit","headers",33,278804,278809,"Family","tbl-h08-prep-family-audit--gt-0001","Family","tbl-h08-prep-family-audit--gt-0001",304125,304158,6,34
10,"tbl-h08-prep-family-audit","headers",34,278881,278884,"Role","tbl-h08-prep-family-audit--gt-0002","Role","tbl-h08-prep-family-audit--gt-0002",304230,304263,4,34
10,"tbl-h08-prep-family-audit","headers",35,278947,278956,"Comparison","tbl-h08-prep-family-audit--gt-0003","Comparison","tbl-h08-prep-family-audit--gt-0003",304326,304359,10,34
10,"tbl-h08-prep-family-audit","headers",36,279026,279043,"Planned / observed","tbl-h08-prep-family-audit--gt-0004","Planned-/-observed","tbl-h08-prep-family-audit--gt-0004",304429,304462,18,34
10,"tbl-h08-prep-family-audit","headers",37,279093,279098,"Method","tbl-h08-prep-family-audit--gt-0005","Method","tbl-h08-prep-family-audit--gt-0005",304512,304545,6,34
10,"tbl-h08-prep-family-audit","headers",38,279158,279169,"Raw p < 0.05","tbl-h08-prep-family-audit--gt-0006","Raw-p-<-0.05","tbl-h08-prep-family-audit--gt-0006",304605,304638,12,34
10,"tbl-h08-prep-family-audit","headers",39,279216,279235,"Retained at FDR 0.05","tbl-h08-prep-family-audit--gt-0007","Retained-at-FDR-0.05","tbl-h08-prep-family-audit--gt-0007",304685,304718,20,34
10,"tbl-h08-prep-family-audit","headers",40,279281,279288,"Verified","tbl-h08-prep-family-audit--gt-0008","Verified","tbl-h08-prep-family-audit--gt-0008",304764,304797,8,34
10,"tbl-h08-prep-family-audit","headers",41,279372,279377,"Family","tbl-h08-prep-family-audit--gt-0001","Family","tbl-h08-prep-family-audit--gt-0001",304881,304914,6,34
10,"tbl-h08-prep-family-audit","headers",42,279466,279469,"Role","tbl-h08-prep-family-audit--gt-0002","Role","tbl-h08-prep-family-audit--gt-0002",305003,305036,4,34
10,"tbl-h08-prep-family-audit","headers",43,279543,279552,"Comparison","tbl-h08-prep-family-audit--gt-0003","Comparison","tbl-h08-prep-family-audit--gt-0003",305110,305143,10,34
10,"tbl-h08-prep-family-audit","headers",44,279635,279652,"Planned / observed","tbl-h08-prep-family-audit--gt-0004","Planned-/-observed","tbl-h08-prep-family-audit--gt-0004",305226,305259,18,34
10,"tbl-h08-prep-family-audit","headers",45,279713,279718,"Method","tbl-h08-prep-family-audit--gt-0005","Method","tbl-h08-prep-family-audit--gt-0005",305320,305353,6,34
10,"tbl-h08-prep-family-audit","headers",46,279789,279800,"Raw p < 0.05","tbl-h08-prep-family-audit--gt-0006","Raw-p-<-0.05","tbl-h08-prep-family-audit--gt-0006",305424,305457,12,34
10,"tbl-h08-prep-family-audit","headers",47,279858,279877,"Retained at FDR 0.05","tbl-h08-prep-family-audit--gt-0007","Retained-at-FDR-0.05","tbl-h08-prep-family-audit--gt-0007",305515,305548,20,34
10,"tbl-h08-prep-family-audit","headers",48,279934,279941,"Verified","tbl-h08-prep-family-audit--gt-0008","Verified","tbl-h08-prep-family-audit--gt-0008",305605,305638,8,34
10,"tbl-h08-prep-family-audit","headers",49,280013,280018,"Family","tbl-h08-prep-family-audit--gt-0001","Family","tbl-h08-prep-family-audit--gt-0001",305710,305743,6,34
10,"tbl-h08-prep-family-audit","headers",50,280088,280091,"Role","tbl-h08-prep-family-audit--gt-0002","Role","tbl-h08-prep-family-audit--gt-0002",305813,305846,4,34
10,"tbl-h08-prep-family-audit","headers",51,280168,280177,"Comparison","tbl-h08-prep-family-audit--gt-0003","Comparison","tbl-h08-prep-family-audit--gt-0003",305923,305956,10,34
10,"tbl-h08-prep-family-audit","headers",52,280247,280264,"Planned / observed","tbl-h08-prep-family-audit--gt-0004","Planned-/-observed","tbl-h08-prep-family-audit--gt-0004",306026,306059,18,34
10,"tbl-h08-prep-family-audit","headers",53,280314,280319,"Method","tbl-h08-prep-family-audit--gt-0005","Method","tbl-h08-prep-family-audit--gt-0005",306109,306142,6,34
10,"tbl-h08-prep-family-audit","headers",54,280379,280390,"Raw p < 0.05","tbl-h08-prep-family-audit--gt-0006","Raw-p-<-0.05","tbl-h08-prep-family-audit--gt-0006",306202,306235,12,34
10,"tbl-h08-prep-family-audit","headers",55,280437,280456,"Retained at FDR 0.05","tbl-h08-prep-family-audit--gt-0007","Retained-at-FDR-0.05","tbl-h08-prep-family-audit--gt-0007",306282,306315,20,34
10,"tbl-h08-prep-family-audit","headers",56,280502,280509,"Verified","tbl-h08-prep-family-audit--gt-0008","Verified","tbl-h08-prep-family-audit--gt-0008",306361,306394,8,34
10,"tbl-h08-prep-family-audit","headers",57,280593,280598,"Family","tbl-h08-prep-family-audit--gt-0001","Family","tbl-h08-prep-family-audit--gt-0001",306478,306511,6,34
10,"tbl-h08-prep-family-audit","headers",58,280685,280688,"Role","tbl-h08-prep-family-audit--gt-0002","Role","tbl-h08-prep-family-audit--gt-0002",306598,306631,4,34
10,"tbl-h08-prep-family-audit","headers",59,280776,280785,"Comparison","tbl-h08-prep-family-audit--gt-0003","Comparison","tbl-h08-prep-family-audit--gt-0003",306719,306752,10,34
10,"tbl-h08-prep-family-audit","headers",60,280868,280885,"Planned / observed","tbl-h08-prep-family-audit--gt-0004","Planned-/-observed","tbl-h08-prep-family-audit--gt-0004",306835,306868,18,34
10,"tbl-h08-prep-family-audit","headers",61,280946,280951,"Method","tbl-h08-prep-family-audit--gt-0005","Method","tbl-h08-prep-family-audit--gt-0005",306929,306962,6,34
10,"tbl-h08-prep-family-audit","headers",62,281022,281033,"Raw p < 0.05","tbl-h08-prep-family-audit--gt-0006","Raw-p-<-0.05","tbl-h08-prep-family-audit--gt-0006",307033,307066,12,34
10,"tbl-h08-prep-family-audit","headers",63,281091,281110,"Retained at FDR 0.05","tbl-h08-prep-family-audit--gt-0007","Retained-at-FDR-0.05","tbl-h08-prep-family-audit--gt-0007",307124,307157,20,34
10,"tbl-h08-prep-family-audit","headers",64,281167,281174,"Verified","tbl-h08-prep-family-audit--gt-0008","Verified","tbl-h08-prep-family-audit--gt-0008",307214,307247,8,34
11,"tbl-h08-prep-response-gate","id",1,297965,297971,"a::stub","tbl-h08-prep-response-gate--gt-0001","","",324038,324072,7,35
11,"tbl-h08-prep-response-gate","id",2,298089,298094,"Metric","tbl-h08-prep-response-gate--gt-0002","","",324190,324224,6,35
11,"tbl-h08-prep-response-gate","id",3,298218,298222,"Model","tbl-h08-prep-response-gate--gt-0003","","",324348,324382,5,35
11,"tbl-h08-prep-response-gate","id",4,298345,298363,"Inferential-targets","tbl-h08-prep-response-gate--gt-0004","","",324505,324539,19,35
11,"tbl-h08-prep-response-gate","id",5,298501,298514,"Major-failures","tbl-h08-prep-response-gate--gt-0005","","",324677,324711,14,35
11,"tbl-h08-prep-response-gate","id",6,298647,298660,"Review-targets","tbl-h08-prep-response-gate--gt-0006","","",324844,324878,14,35
11,"tbl-h08-prep-response-gate","id",7,298793,298813,"Average-non-estimable","tbl-h08-prep-response-gate--gt-0007","","",325011,325045,21,35
11,"tbl-h08-prep-response-gate","id",8,298953,298977,"Interaction-non-estimable","tbl-h08-prep-response-gate--gt-0008","","",325185,325219,25,35
11,"tbl-h08-prep-response-gate","id",9,299121,299131,"Disposition","tbl-h08-prep-response-gate--gt-0009","","",325363,325397,11,35
11,"tbl-h08-prep-response-gate","id",10,299321,299328,"stub_1_1","tbl-h08-prep-response-gate--gt-0010","","",325587,325621,8,35
11,"tbl-h08-prep-response-gate","headers",1,299451,299465,"stub_1_1 Metric","tbl-h08-prep-response-gate--gt-0010 tbl-h08-prep-response-gate--gt-0002","stub_1_1|Metric","tbl-h08-prep-response-gate--gt-0010|tbl-h08-prep-response-gate--gt-0002",325744,325814,15,71
11,"tbl-h08-prep-response-gate","headers",2,299521,299534,"stub_1_1 Model","tbl-h08-prep-response-gate--gt-0010 tbl-h08-prep-response-gate--gt-0003","stub_1_1|Model","tbl-h08-prep-response-gate--gt-0010|tbl-h08-prep-response-gate--gt-0003",325870,325940,14,71
11,"tbl-h08-prep-response-gate","headers",3,299588,299615,"stub_1_1 Inferential targets","tbl-h08-prep-response-gate--gt-0010 tbl-h08-prep-response-gate--gt-0004","stub_1_1|Inferential-targets","tbl-h08-prep-response-gate--gt-0010|tbl-h08-prep-response-gate--gt-0004",325994,326064,28,71
11,"tbl-h08-prep-response-gate","headers",4,299662,299684,"stub_1_1 Major failures","tbl-h08-prep-response-gate--gt-0010 tbl-h08-prep-response-gate--gt-0005","stub_1_1|Major-failures","tbl-h08-prep-response-gate--gt-0010|tbl-h08-prep-response-gate--gt-0005",326111,326181,23,71
11,"tbl-h08-prep-response-gate","headers",5,299731,299753,"stub_1_1 Review targets","tbl-h08-prep-response-gate--gt-0010 tbl-h08-prep-response-gate--gt-0006","stub_1_1|Review-targets","tbl-h08-prep-response-gate--gt-0010|tbl-h08-prep-response-gate--gt-0006",326228,326298,23,71
11,"tbl-h08-prep-response-gate","headers",6,299800,299829,"stub_1_1 Average non-estimable","tbl-h08-prep-response-gate--gt-0010 tbl-h08-prep-response-gate--gt-0007","stub_1_1|Average-non-estimable","tbl-h08-prep-response-gate--gt-0010|tbl-h08-prep-response-gate--gt-0007",326345,326415,30,71
11,"tbl-h08-prep-response-gate","headers",7,299876,299909,"stub_1_1 Interaction non-estimable","tbl-h08-prep-response-gate--gt-0010 tbl-h08-prep-response-gate--gt-0008","stub_1_1|Interaction-non-estimable","tbl-h08-prep-response-gate--gt-0010|tbl-h08-prep-response-gate--gt-0008",326462,326532,34,71
11,"tbl-h08-prep-response-gate","headers",8,299955,299974,"stub_1_1 Disposition","tbl-h08-prep-response-gate--gt-0010 tbl-h08-prep-response-gate--gt-0009","stub_1_1|Disposition","tbl-h08-prep-response-gate--gt-0010|tbl-h08-prep-response-gate--gt-0009",326578,326648,20,71
11,"tbl-h08-prep-response-gate","id",11,300019,300026,"stub_1_2","tbl-h08-prep-response-gate--gt-0011","","",326693,326727,8,35
11,"tbl-h08-prep-response-gate","headers",9,300160,300174,"stub_1_2 Metric","tbl-h08-prep-response-gate--gt-0011 tbl-h08-prep-response-gate--gt-0002","stub_1_2|Metric","tbl-h08-prep-response-gate--gt-0011|tbl-h08-prep-response-gate--gt-0002",326861,326931,15,71
11,"tbl-h08-prep-response-gate","headers",10,300249,300262,"stub_1_2 Model","tbl-h08-prep-response-gate--gt-0011 tbl-h08-prep-response-gate--gt-0003","stub_1_2|Model","tbl-h08-prep-response-gate--gt-0011|tbl-h08-prep-response-gate--gt-0003",327006,327076,14,71
11,"tbl-h08-prep-response-gate","headers",11,300327,300354,"stub_1_2 Inferential targets","tbl-h08-prep-response-gate--gt-0011 tbl-h08-prep-response-gate--gt-0004","stub_1_2|Inferential-targets","tbl-h08-prep-response-gate--gt-0011|tbl-h08-prep-response-gate--gt-0004",327141,327211,28,71
11,"tbl-h08-prep-response-gate","headers",12,300412,300434,"stub_1_2 Major failures","tbl-h08-prep-response-gate--gt-0011 tbl-h08-prep-response-gate--gt-0005","stub_1_2|Major-failures","tbl-h08-prep-response-gate--gt-0011|tbl-h08-prep-response-gate--gt-0005",327269,327339,23,71
11,"tbl-h08-prep-response-gate","headers",13,300492,300514,"stub_1_2 Review targets","tbl-h08-prep-response-gate--gt-0011 tbl-h08-prep-response-gate--gt-0006","stub_1_2|Review-targets","tbl-h08-prep-response-gate--gt-0011|tbl-h08-prep-response-gate--gt-0006",327397,327467,23,71
11,"tbl-h08-prep-response-gate","headers",14,300572,300601,"stub_1_2 Average non-estimable","tbl-h08-prep-response-gate--gt-0011 tbl-h08-prep-response-gate--gt-0007","stub_1_2|Average-non-estimable","tbl-h08-prep-response-gate--gt-0011|tbl-h08-prep-response-gate--gt-0007",327525,327595,30,71
11,"tbl-h08-prep-response-gate","headers",15,300659,300692,"stub_1_2 Interaction non-estimable","tbl-h08-prep-response-gate--gt-0011 tbl-h08-prep-response-gate--gt-0008","stub_1_2|Interaction-non-estimable","tbl-h08-prep-response-gate--gt-0011|tbl-h08-prep-response-gate--gt-0008",327653,327723,34,71
11,"tbl-h08-prep-response-gate","headers",16,300749,300768,"stub_1_2 Disposition","tbl-h08-prep-response-gate--gt-0011 tbl-h08-prep-response-gate--gt-0009","stub_1_2|Disposition","tbl-h08-prep-response-gate--gt-0011|tbl-h08-prep-response-gate--gt-0009",327780,327850,20,71
11,"tbl-h08-prep-response-gate","id",12,300812,300819,"stub_1_3","tbl-h08-prep-response-gate--gt-0012","","",327894,327928,8,35
11,"tbl-h08-prep-response-gate","headers",17,300942,300956,"stub_1_3 Metric","tbl-h08-prep-response-gate--gt-0012 tbl-h08-prep-response-gate--gt-0002","stub_1_3|Metric","tbl-h08-prep-response-gate--gt-0012|tbl-h08-prep-response-gate--gt-0002",328051,328121,15,71
11,"tbl-h08-prep-response-gate","headers",18,301018,301031,"stub_1_3 Model","tbl-h08-prep-response-gate--gt-0012 tbl-h08-prep-response-gate--gt-0003","stub_1_3|Model","tbl-h08-prep-response-gate--gt-0012|tbl-h08-prep-response-gate--gt-0003",328183,328253,14,71
11,"tbl-h08-prep-response-gate","headers",19,301085,301112,"stub_1_3 Inferential targets","tbl-h08-prep-response-gate--gt-0012 tbl-h08-prep-response-gate--gt-0004","stub_1_3|Inferential-targets","tbl-h08-prep-response-gate--gt-0012|tbl-h08-prep-response-gate--gt-0004",328307,328377,28,71
11,"tbl-h08-prep-response-gate","headers",20,301159,301181,"stub_1_3 Major failures","tbl-h08-prep-response-gate--gt-0012 tbl-h08-prep-response-gate--gt-0005","stub_1_3|Major-failures","tbl-h08-prep-response-gate--gt-0012|tbl-h08-prep-response-gate--gt-0005",328424,328494,23,71
11,"tbl-h08-prep-response-gate","headers",21,301228,301250,"stub_1_3 Review targets","tbl-h08-prep-response-gate--gt-0012 tbl-h08-prep-response-gate--gt-0006","stub_1_3|Review-targets","tbl-h08-prep-response-gate--gt-0012|tbl-h08-prep-response-gate--gt-0006",328541,328611,23,71
11,"tbl-h08-prep-response-gate","headers",22,301297,301326,"stub_1_3 Average non-estimable","tbl-h08-prep-response-gate--gt-0012 tbl-h08-prep-response-gate--gt-0007","stub_1_3|Average-non-estimable","tbl-h08-prep-response-gate--gt-0012|tbl-h08-prep-response-gate--gt-0007",328658,328728,30,71
11,"tbl-h08-prep-response-gate","headers",23,301373,301406,"stub_1_3 Interaction non-estimable","tbl-h08-prep-response-gate--gt-0012 tbl-h08-prep-response-gate--gt-0008","stub_1_3|Interaction-non-estimable","tbl-h08-prep-response-gate--gt-0012|tbl-h08-prep-response-gate--gt-0008",328775,328845,34,71
11,"tbl-h08-prep-response-gate","headers",24,301452,301471,"stub_1_3 Disposition","tbl-h08-prep-response-gate--gt-0012 tbl-h08-prep-response-gate--gt-0009","stub_1_3|Disposition","tbl-h08-prep-response-gate--gt-0012|tbl-h08-prep-response-gate--gt-0009",328891,328961,20,71
11,"tbl-h08-prep-response-gate","id",13,301544,301551,"stub_1_4","tbl-h08-prep-response-gate--gt-0013","","",329034,329068,8,35
11,"tbl-h08-prep-response-gate","headers",25,301685,301699,"stub_1_4 Metric","tbl-h08-prep-response-gate--gt-0013 tbl-h08-prep-response-gate--gt-0002","stub_1_4|Metric","tbl-h08-prep-response-gate--gt-0013|tbl-h08-prep-response-gate--gt-0002",329202,329272,15,71
11,"tbl-h08-prep-response-gate","headers",26,301781,301794,"stub_1_4 Model","tbl-h08-prep-response-gate--gt-0013 tbl-h08-prep-response-gate--gt-0003","stub_1_4|Model","tbl-h08-prep-response-gate--gt-0013|tbl-h08-prep-response-gate--gt-0003",329354,329424,14,71
11,"tbl-h08-prep-response-gate","headers",27,301868,301895,"stub_1_4 Inferential targets","tbl-h08-prep-response-gate--gt-0013 tbl-h08-prep-response-gate--gt-0004","stub_1_4|Inferential-targets","tbl-h08-prep-response-gate--gt-0013|tbl-h08-prep-response-gate--gt-0004",329498,329568,28,71
11,"tbl-h08-prep-response-gate","headers",28,301953,301975,"stub_1_4 Major failures","tbl-h08-prep-response-gate--gt-0013 tbl-h08-prep-response-gate--gt-0005","stub_1_4|Major-failures","tbl-h08-prep-response-gate--gt-0013|tbl-h08-prep-response-gate--gt-0005",329626,329696,23,71
11,"tbl-h08-prep-response-gate","headers",29,302033,302055,"stub_1_4 Review targets","tbl-h08-prep-response-gate--gt-0013 tbl-h08-prep-response-gate--gt-0006","stub_1_4|Review-targets","tbl-h08-prep-response-gate--gt-0013|tbl-h08-prep-response-gate--gt-0006",329754,329824,23,71
11,"tbl-h08-prep-response-gate","headers",30,302113,302142,"stub_1_4 Average non-estimable","tbl-h08-prep-response-gate--gt-0013 tbl-h08-prep-response-gate--gt-0007","stub_1_4|Average-non-estimable","tbl-h08-prep-response-gate--gt-0013|tbl-h08-prep-response-gate--gt-0007",329882,329952,30,71
11,"tbl-h08-prep-response-gate","headers",31,302200,302233,"stub_1_4 Interaction non-estimable","tbl-h08-prep-response-gate--gt-0013 tbl-h08-prep-response-gate--gt-0008","stub_1_4|Interaction-non-estimable","tbl-h08-prep-response-gate--gt-0013|tbl-h08-prep-response-gate--gt-0008",330010,330080,34,71
11,"tbl-h08-prep-response-gate","headers",32,302290,302309,"stub_1_4 Disposition","tbl-h08-prep-response-gate--gt-0013 tbl-h08-prep-response-gate--gt-0009","stub_1_4|Disposition","tbl-h08-prep-response-gate--gt-0013|tbl-h08-prep-response-gate--gt-0009",330137,330207,20,71
11,"tbl-h08-prep-response-gate","id",14,302353,302360,"stub_1_5","tbl-h08-prep-response-gate--gt-0014","","",330251,330285,8,35
11,"tbl-h08-prep-response-gate","headers",33,302483,302497,"stub_1_5 Metric","tbl-h08-prep-response-gate--gt-0014 tbl-h08-prep-response-gate--gt-0002","stub_1_5|Metric","tbl-h08-prep-response-gate--gt-0014|tbl-h08-prep-response-gate--gt-0002",330408,330478,15,71
11,"tbl-h08-prep-response-gate","headers",34,302578,302591,"stub_1_5 Model","tbl-h08-prep-response-gate--gt-0014 tbl-h08-prep-response-gate--gt-0003","stub_1_5|Model","tbl-h08-prep-response-gate--gt-0014|tbl-h08-prep-response-gate--gt-0003",330559,330629,14,71
11,"tbl-h08-prep-response-gate","headers",35,302654,302681,"stub_1_5 Inferential targets","tbl-h08-prep-response-gate--gt-0014 tbl-h08-prep-response-gate--gt-0004","stub_1_5|Inferential-targets","tbl-h08-prep-response-gate--gt-0014|tbl-h08-prep-response-gate--gt-0004",330692,330762,28,71
11,"tbl-h08-prep-response-gate","headers",36,302728,302750,"stub_1_5 Major failures","tbl-h08-prep-response-gate--gt-0014 tbl-h08-prep-response-gate--gt-0005","stub_1_5|Major-failures","tbl-h08-prep-response-gate--gt-0014|tbl-h08-prep-response-gate--gt-0005",330809,330879,23,71
11,"tbl-h08-prep-response-gate","headers",37,302797,302819,"stub_1_5 Review targets","tbl-h08-prep-response-gate--gt-0014 tbl-h08-prep-response-gate--gt-0006","stub_1_5|Review-targets","tbl-h08-prep-response-gate--gt-0014|tbl-h08-prep-response-gate--gt-0006",330926,330996,23,71
11,"tbl-h08-prep-response-gate","headers",38,302866,302895,"stub_1_5 Average non-estimable","tbl-h08-prep-response-gate--gt-0014 tbl-h08-prep-response-gate--gt-0007","stub_1_5|Average-non-estimable","tbl-h08-prep-response-gate--gt-0014|tbl-h08-prep-response-gate--gt-0007",331043,331113,30,71
11,"tbl-h08-prep-response-gate","headers",39,302942,302975,"stub_1_5 Interaction non-estimable","tbl-h08-prep-response-gate--gt-0014 tbl-h08-prep-response-gate--gt-0008","stub_1_5|Interaction-non-estimable","tbl-h08-prep-response-gate--gt-0014|tbl-h08-prep-response-gate--gt-0008",331160,331230,34,71
11,"tbl-h08-prep-response-gate","headers",40,303021,303040,"stub_1_5 Disposition","tbl-h08-prep-response-gate--gt-0014 tbl-h08-prep-response-gate--gt-0009","stub_1_5|Disposition","tbl-h08-prep-response-gate--gt-0014|tbl-h08-prep-response-gate--gt-0009",331276,331346,20,71
11,"tbl-h08-prep-response-gate","id",15,303085,303092,"stub_1_6","tbl-h08-prep-response-gate--gt-0015","","",331391,331425,8,35
11,"tbl-h08-prep-response-gate","headers",41,303226,303240,"stub_1_6 Metric","tbl-h08-prep-response-gate--gt-0015 tbl-h08-prep-response-gate--gt-0002","stub_1_6|Metric","tbl-h08-prep-response-gate--gt-0015|tbl-h08-prep-response-gate--gt-0002",331559,331629,15,71
11,"tbl-h08-prep-response-gate","headers",42,303332,303345,"stub_1_6 Model","tbl-h08-prep-response-gate--gt-0015 tbl-h08-prep-response-gate--gt-0003","stub_1_6|Model","tbl-h08-prep-response-gate--gt-0015|tbl-h08-prep-response-gate--gt-0003",331721,331791,14,71
11,"tbl-h08-prep-response-gate","headers",43,303410,303437,"stub_1_6 Inferential targets","tbl-h08-prep-response-gate--gt-0015 tbl-h08-prep-response-gate--gt-0004","stub_1_6|Inferential-targets","tbl-h08-prep-response-gate--gt-0015|tbl-h08-prep-response-gate--gt-0004",331856,331926,28,71
11,"tbl-h08-prep-response-gate","headers",44,303495,303517,"stub_1_6 Major failures","tbl-h08-prep-response-gate--gt-0015 tbl-h08-prep-response-gate--gt-0005","stub_1_6|Major-failures","tbl-h08-prep-response-gate--gt-0015|tbl-h08-prep-response-gate--gt-0005",331984,332054,23,71
11,"tbl-h08-prep-response-gate","headers",45,303575,303597,"stub_1_6 Review targets","tbl-h08-prep-response-gate--gt-0015 tbl-h08-prep-response-gate--gt-0006","stub_1_6|Review-targets","tbl-h08-prep-response-gate--gt-0015|tbl-h08-prep-response-gate--gt-0006",332112,332182,23,71
11,"tbl-h08-prep-response-gate","headers",46,303655,303684,"stub_1_6 Average non-estimable","tbl-h08-prep-response-gate--gt-0015 tbl-h08-prep-response-gate--gt-0007","stub_1_6|Average-non-estimable","tbl-h08-prep-response-gate--gt-0015|tbl-h08-prep-response-gate--gt-0007",332240,332310,30,71
11,"tbl-h08-prep-response-gate","headers",47,303742,303775,"stub_1_6 Interaction non-estimable","tbl-h08-prep-response-gate--gt-0015 tbl-h08-prep-response-gate--gt-0008","stub_1_6|Interaction-non-estimable","tbl-h08-prep-response-gate--gt-0015|tbl-h08-prep-response-gate--gt-0008",332368,332438,34,71
11,"tbl-h08-prep-response-gate","headers",48,303832,303851,"stub_1_6 Disposition","tbl-h08-prep-response-gate--gt-0015 tbl-h08-prep-response-gate--gt-0009","stub_1_6|Disposition","tbl-h08-prep-response-gate--gt-0015|tbl-h08-prep-response-gate--gt-0009",332495,332565,20,71
11,"tbl-h08-prep-response-gate","id",16,303895,303902,"stub_1_7","tbl-h08-prep-response-gate--gt-0016","","",332609,332643,8,35
11,"tbl-h08-prep-response-gate","headers",49,304025,304039,"stub_1_7 Metric","tbl-h08-prep-response-gate--gt-0016 tbl-h08-prep-response-gate--gt-0002","stub_1_7|Metric","tbl-h08-prep-response-gate--gt-0016|tbl-h08-prep-response-gate--gt-0002",332766,332836,15,71
11,"tbl-h08-prep-response-gate","headers",50,304119,304132,"stub_1_7 Model","tbl-h08-prep-response-gate--gt-0016 tbl-h08-prep-response-gate--gt-0003","stub_1_7|Model","tbl-h08-prep-response-gate--gt-0016|tbl-h08-prep-response-gate--gt-0003",332916,332986,14,71
11,"tbl-h08-prep-response-gate","headers",51,304195,304222,"stub_1_7 Inferential targets","tbl-h08-prep-response-gate--gt-0016 tbl-h08-prep-response-gate--gt-0004","stub_1_7|Inferential-targets","tbl-h08-prep-response-gate--gt-0016|tbl-h08-prep-response-gate--gt-0004",333049,333119,28,71
11,"tbl-h08-prep-response-gate","headers",52,304269,304291,"stub_1_7 Major failures","tbl-h08-prep-response-gate--gt-0016 tbl-h08-prep-response-gate--gt-0005","stub_1_7|Major-failures","tbl-h08-prep-response-gate--gt-0016|tbl-h08-prep-response-gate--gt-0005",333166,333236,23,71
11,"tbl-h08-prep-response-gate","headers",53,304338,304360,"stub_1_7 Review targets","tbl-h08-prep-response-gate--gt-0016 tbl-h08-prep-response-gate--gt-0006","stub_1_7|Review-targets","tbl-h08-prep-response-gate--gt-0016|tbl-h08-prep-response-gate--gt-0006",333283,333353,23,71
11,"tbl-h08-prep-response-gate","headers",54,304407,304436,"stub_1_7 Average non-estimable","tbl-h08-prep-response-gate--gt-0016 tbl-h08-prep-response-gate--gt-0007","stub_1_7|Average-non-estimable","tbl-h08-prep-response-gate--gt-0016|tbl-h08-prep-response-gate--gt-0007",333400,333470,30,71
11,"tbl-h08-prep-response-gate","headers",55,304483,304516,"stub_1_7 Interaction non-estimable","tbl-h08-prep-response-gate--gt-0016 tbl-h08-prep-response-gate--gt-0008","stub_1_7|Interaction-non-estimable","tbl-h08-prep-response-gate--gt-0016|tbl-h08-prep-response-gate--gt-0008",333517,333587,34,71
11,"tbl-h08-prep-response-gate","headers",56,304562,304581,"stub_1_7 Disposition","tbl-h08-prep-response-gate--gt-0016 tbl-h08-prep-response-gate--gt-0009","stub_1_7|Disposition","tbl-h08-prep-response-gate--gt-0016|tbl-h08-prep-response-gate--gt-0009",333633,333703,20,71
11,"tbl-h08-prep-response-gate","id",17,304654,304661,"stub_1_8","tbl-h08-prep-response-gate--gt-0017","","",333776,333810,8,35
11,"tbl-h08-prep-response-gate","headers",57,304795,304809,"stub_1_8 Metric","tbl-h08-prep-response-gate--gt-0017 tbl-h08-prep-response-gate--gt-0002","stub_1_8|Metric","tbl-h08-prep-response-gate--gt-0017|tbl-h08-prep-response-gate--gt-0002",333944,334014,15,71
11,"tbl-h08-prep-response-gate","headers",58,304910,304923,"stub_1_8 Model","tbl-h08-prep-response-gate--gt-0017 tbl-h08-prep-response-gate--gt-0003","stub_1_8|Model","tbl-h08-prep-response-gate--gt-0017|tbl-h08-prep-response-gate--gt-0003",334115,334185,14,71
11,"tbl-h08-prep-response-gate","headers",59,304988,305015,"stub_1_8 Inferential targets","tbl-h08-prep-response-gate--gt-0017 tbl-h08-prep-response-gate--gt-0004","stub_1_8|Inferential-targets","tbl-h08-prep-response-gate--gt-0017|tbl-h08-prep-response-gate--gt-0004",334250,334320,28,71
11,"tbl-h08-prep-response-gate","headers",60,305073,305095,"stub_1_8 Major failures","tbl-h08-prep-response-gate--gt-0017 tbl-h08-prep-response-gate--gt-0005","stub_1_8|Major-failures","tbl-h08-prep-response-gate--gt-0017|tbl-h08-prep-response-gate--gt-0005",334378,334448,23,71
11,"tbl-h08-prep-response-gate","headers",61,305153,305175,"stub_1_8 Review targets","tbl-h08-prep-response-gate--gt-0017 tbl-h08-prep-response-gate--gt-0006","stub_1_8|Review-targets","tbl-h08-prep-response-gate--gt-0017|tbl-h08-prep-response-gate--gt-0006",334506,334576,23,71
11,"tbl-h08-prep-response-gate","headers",62,305233,305262,"stub_1_8 Average non-estimable","tbl-h08-prep-response-gate--gt-0017 tbl-h08-prep-response-gate--gt-0007","stub_1_8|Average-non-estimable","tbl-h08-prep-response-gate--gt-0017|tbl-h08-prep-response-gate--gt-0007",334634,334704,30,71
11,"tbl-h08-prep-response-gate","headers",63,305320,305353,"stub_1_8 Interaction non-estimable","tbl-h08-prep-response-gate--gt-0017 tbl-h08-prep-response-gate--gt-0008","stub_1_8|Interaction-non-estimable","tbl-h08-prep-response-gate--gt-0017|tbl-h08-prep-response-gate--gt-0008",334762,334832,34,71
11,"tbl-h08-prep-response-gate","headers",64,305410,305429,"stub_1_8 Disposition","tbl-h08-prep-response-gate--gt-0017 tbl-h08-prep-response-gate--gt-0009","stub_1_8|Disposition","tbl-h08-prep-response-gate--gt-0017|tbl-h08-prep-response-gate--gt-0009",334889,334959,20,71
11,"tbl-h08-prep-response-gate","id",18,305473,305480,"stub_1_9","tbl-h08-prep-response-gate--gt-0018","","",335003,335037,8,35
11,"tbl-h08-prep-response-gate","headers",65,305603,305617,"stub_1_9 Metric","tbl-h08-prep-response-gate--gt-0018 tbl-h08-prep-response-gate--gt-0002","stub_1_9|Metric","tbl-h08-prep-response-gate--gt-0018|tbl-h08-prep-response-gate--gt-0002",335160,335230,15,71
11,"tbl-h08-prep-response-gate","headers",66,305673,305686,"stub_1_9 Model","tbl-h08-prep-response-gate--gt-0018 tbl-h08-prep-response-gate--gt-0003","stub_1_9|Model","tbl-h08-prep-response-gate--gt-0018|tbl-h08-prep-response-gate--gt-0003",335286,335356,14,71
11,"tbl-h08-prep-response-gate","headers",67,305740,305767,"stub_1_9 Inferential targets","tbl-h08-prep-response-gate--gt-0018 tbl-h08-prep-response-gate--gt-0004","stub_1_9|Inferential-targets","tbl-h08-prep-response-gate--gt-0018|tbl-h08-prep-response-gate--gt-0004",335410,335480,28,71
11,"tbl-h08-prep-response-gate","headers",68,305814,305836,"stub_1_9 Major failures","tbl-h08-prep-response-gate--gt-0018 tbl-h08-prep-response-gate--gt-0005","stub_1_9|Major-failures","tbl-h08-prep-response-gate--gt-0018|tbl-h08-prep-response-gate--gt-0005",335527,335597,23,71
11,"tbl-h08-prep-response-gate","headers",69,305883,305905,"stub_1_9 Review targets","tbl-h08-prep-response-gate--gt-0018 tbl-h08-prep-response-gate--gt-0006","stub_1_9|Review-targets","tbl-h08-prep-response-gate--gt-0018|tbl-h08-prep-response-gate--gt-0006",335644,335714,23,71
11,"tbl-h08-prep-response-gate","headers",70,305952,305981,"stub_1_9 Average non-estimable","tbl-h08-prep-response-gate--gt-0018 tbl-h08-prep-response-gate--gt-0007","stub_1_9|Average-non-estimable","tbl-h08-prep-response-gate--gt-0018|tbl-h08-prep-response-gate--gt-0007",335761,335831,30,71
11,"tbl-h08-prep-response-gate","headers",71,306028,306061,"stub_1_9 Interaction non-estimable","tbl-h08-prep-response-gate--gt-0018 tbl-h08-prep-response-gate--gt-0008","stub_1_9|Interaction-non-estimable","tbl-h08-prep-response-gate--gt-0018|tbl-h08-prep-response-gate--gt-0008",335878,335948,34,71
11,"tbl-h08-prep-response-gate","headers",72,306107,306126,"stub_1_9 Disposition","tbl-h08-prep-response-gate--gt-0018 tbl-h08-prep-response-gate--gt-0009","stub_1_9|Disposition","tbl-h08-prep-response-gate--gt-0018|tbl-h08-prep-response-gate--gt-0009",335994,336064,20,71
12,"tbl-h08-prep-site-influence","id",1,320124,320130,"a::stub","tbl-h08-prep-site-influence--gt-0001","","",350062,350097,7,36
12,"tbl-h08-prep-site-influence","id",2,320248,320256,"Placement","tbl-h08-prep-site-influence--gt-0002","","",350215,350250,9,36
12,"tbl-h08-prep-site-influence","id",3,320383,320388,"Metric","tbl-h08-prep-site-influence--gt-0003","","",350377,350412,6,36
12,"tbl-h08-prep-site-influence","id",4,320512,320517,"Refits","tbl-h08-prep-site-influence--gt-0004","","",350536,350571,6,36
12,"tbl-h08-prep-site-influence","id",5,320642,320654,"Sign-reversal","tbl-h08-prep-site-influence--gt-0005","","",350696,350731,13,36
12,"tbl-h08-prep-site-influence","id",6,320785,320816,"Largest-relative-absolute-change","tbl-h08-prep-site-influence--gt-0006","","",350862,350897,32,36
12,"tbl-h08-prep-site-influence","id",7,320967,320995,"Most-influential-omitted-site","tbl-h08-prep-site-influence--gt-0007","","",351048,351083,29,36
12,"tbl-h08-prep-site-influence","id",8,321142,321155,"Interpretation","tbl-h08-prep-site-influence--gt-0008","","",351230,351265,14,36
12,"tbl-h08-prep-site-influence","id",9,321348,321355,"stub_1_1","tbl-h08-prep-site-influence--gt-0009","","",351458,351493,8,36
12,"tbl-h08-prep-site-influence","headers",1,321478,321495,"stub_1_1 Placement","tbl-h08-prep-site-influence--gt-0009 tbl-h08-prep-site-influence--gt-0002","stub_1_1|Placement","tbl-h08-prep-site-influence--gt-0009|tbl-h08-prep-site-influence--gt-0002",351616,351688,18,73
12,"tbl-h08-prep-site-influence","headers",2,321545,321559,"stub_1_1 Metric","tbl-h08-prep-site-influence--gt-0009 tbl-h08-prep-site-influence--gt-0003","stub_1_1|Metric","tbl-h08-prep-site-influence--gt-0009|tbl-h08-prep-site-influence--gt-0003",351738,351810,15,73
12,"tbl-h08-prep-site-influence","headers",3,321616,321630,"stub_1_1 Refits","tbl-h08-prep-site-influence--gt-0009 tbl-h08-prep-site-influence--gt-0004","stub_1_1|Refits","tbl-h08-prep-site-influence--gt-0009|tbl-h08-prep-site-influence--gt-0004",351867,351939,15,73
12,"tbl-h08-prep-site-influence","headers",4,321680,321701,"stub_1_1 Sign reversal","tbl-h08-prep-site-influence--gt-0009 tbl-h08-prep-site-influence--gt-0005","stub_1_1|Sign-reversal","tbl-h08-prep-site-influence--gt-0009|tbl-h08-prep-site-influence--gt-0005",351989,352061,22,73
12,"tbl-h08-prep-site-influence","headers",5,321749,321789,"stub_1_1 Largest relative absolute change","tbl-h08-prep-site-influence--gt-0009 tbl-h08-prep-site-influence--gt-0006","stub_1_1|Largest-relative-absolute-change","tbl-h08-prep-site-influence--gt-0009|tbl-h08-prep-site-influence--gt-0006",352109,352181,41,73
12,"tbl-h08-prep-site-influence","headers",6,321838,321875,"stub_1_1 Most influential omitted site","tbl-h08-prep-site-influence--gt-0009 tbl-h08-prep-site-influence--gt-0007","stub_1_1|Most-influential-omitted-site","tbl-h08-prep-site-influence--gt-0009|tbl-h08-prep-site-influence--gt-0007",352230,352302,38,73
12,"tbl-h08-prep-site-influence","headers",7,321931,321953,"stub_1_1 Interpretation","tbl-h08-prep-site-influence--gt-0009 tbl-h08-prep-site-influence--gt-0008","stub_1_1|Interpretation","tbl-h08-prep-site-influence--gt-0009|tbl-h08-prep-site-influence--gt-0008",352358,352430,23,73
12,"tbl-h08-prep-site-influence","id",10,322025,322032,"stub_1_2","tbl-h08-prep-site-influence--gt-0010","","",352502,352537,8,36
12,"tbl-h08-prep-site-influence","headers",8,322166,322183,"stub_1_2 Placement","tbl-h08-prep-site-influence--gt-0010 tbl-h08-prep-site-influence--gt-0002","stub_1_2|Placement","tbl-h08-prep-site-influence--gt-0010|tbl-h08-prep-site-influence--gt-0002",352671,352743,18,73
12,"tbl-h08-prep-site-influence","headers",9,322247,322261,"stub_1_2 Metric","tbl-h08-prep-site-influence--gt-0010 tbl-h08-prep-site-influence--gt-0003","stub_1_2|Metric","tbl-h08-prep-site-influence--gt-0010|tbl-h08-prep-site-influence--gt-0003",352807,352879,15,73
12,"tbl-h08-prep-site-influence","headers",10,322329,322343,"stub_1_2 Refits","tbl-h08-prep-site-influence--gt-0010 tbl-h08-prep-site-influence--gt-0004","stub_1_2|Refits","tbl-h08-prep-site-influence--gt-0010|tbl-h08-prep-site-influence--gt-0004",352947,353019,15,73
12,"tbl-h08-prep-site-influence","headers",11,322404,322425,"stub_1_2 Sign reversal","tbl-h08-prep-site-influence--gt-0010 tbl-h08-prep-site-influence--gt-0005","stub_1_2|Sign-reversal","tbl-h08-prep-site-influence--gt-0010|tbl-h08-prep-site-influence--gt-0005",353080,353152,22,73
12,"tbl-h08-prep-site-influence","headers",12,322484,322524,"stub_1_2 Largest relative absolute change","tbl-h08-prep-site-influence--gt-0010 tbl-h08-prep-site-influence--gt-0006","stub_1_2|Largest-relative-absolute-change","tbl-h08-prep-site-influence--gt-0010|tbl-h08-prep-site-influence--gt-0006",353211,353283,41,73
12,"tbl-h08-prep-site-influence","headers",13,322584,322621,"stub_1_2 Most influential omitted site","tbl-h08-prep-site-influence--gt-0010 tbl-h08-prep-site-influence--gt-0007","stub_1_2|Most-influential-omitted-site","tbl-h08-prep-site-influence--gt-0010|tbl-h08-prep-site-influence--gt-0007",353343,353415,38,73
12,"tbl-h08-prep-site-influence","headers",14,322688,322710,"stub_1_2 Interpretation","tbl-h08-prep-site-influence--gt-0010 tbl-h08-prep-site-influence--gt-0008","stub_1_2|Interpretation","tbl-h08-prep-site-influence--gt-0010|tbl-h08-prep-site-influence--gt-0008",353482,353554,23,73
12,"tbl-h08-prep-site-influence","id",11,322781,322788,"stub_1_3","tbl-h08-prep-site-influence--gt-0011","","",353625,353660,8,36
12,"tbl-h08-prep-site-influence","headers",15,322911,322928,"stub_1_3 Placement","tbl-h08-prep-site-influence--gt-0011 tbl-h08-prep-site-influence--gt-0002","stub_1_3|Placement","tbl-h08-prep-site-influence--gt-0011|tbl-h08-prep-site-influence--gt-0002",353783,353855,18,73
12,"tbl-h08-prep-site-influence","headers",16,322978,322992,"stub_1_3 Metric","tbl-h08-prep-site-influence--gt-0011 tbl-h08-prep-site-influence--gt-0003","stub_1_3|Metric","tbl-h08-prep-site-influence--gt-0011|tbl-h08-prep-site-influence--gt-0003",353905,353977,15,73
12,"tbl-h08-prep-site-influence","headers",17,323057,323071,"stub_1_3 Refits","tbl-h08-prep-site-influence--gt-0011 tbl-h08-prep-site-influence--gt-0004","stub_1_3|Refits","tbl-h08-prep-site-influence--gt-0011|tbl-h08-prep-site-influence--gt-0004",354042,354114,15,73
12,"tbl-h08-prep-site-influence","headers",18,323121,323142,"stub_1_3 Sign reversal","tbl-h08-prep-site-influence--gt-0011 tbl-h08-prep-site-influence--gt-0005","stub_1_3|Sign-reversal","tbl-h08-prep-site-influence--gt-0011|tbl-h08-prep-site-influence--gt-0005",354164,354236,22,73
12,"tbl-h08-prep-site-influence","headers",19,323190,323230,"stub_1_3 Largest relative absolute change","tbl-h08-prep-site-influence--gt-0011 tbl-h08-prep-site-influence--gt-0006","stub_1_3|Largest-relative-absolute-change","tbl-h08-prep-site-influence--gt-0011|tbl-h08-prep-site-influence--gt-0006",354284,354356,41,73
12,"tbl-h08-prep-site-influence","headers",20,323279,323316,"stub_1_3 Most influential omitted site","tbl-h08-prep-site-influence--gt-0011 tbl-h08-prep-site-influence--gt-0007","stub_1_3|Most-influential-omitted-site","tbl-h08-prep-site-influence--gt-0011|tbl-h08-prep-site-influence--gt-0007",354405,354477,38,73
12,"tbl-h08-prep-site-influence","headers",21,323372,323394,"stub_1_3 Interpretation","tbl-h08-prep-site-influence--gt-0011 tbl-h08-prep-site-influence--gt-0008","stub_1_3|Interpretation","tbl-h08-prep-site-influence--gt-0011|tbl-h08-prep-site-influence--gt-0008",354533,354605,23,73
12,"tbl-h08-prep-site-influence","id",12,323466,323473,"stub_1_4","tbl-h08-prep-site-influence--gt-0012","","",354677,354712,8,36
12,"tbl-h08-prep-site-influence","headers",22,323607,323624,"stub_1_4 Placement","tbl-h08-prep-site-influence--gt-0012 tbl-h08-prep-site-influence--gt-0002","stub_1_4|Placement","tbl-h08-prep-site-influence--gt-0012|tbl-h08-prep-site-influence--gt-0002",354846,354918,18,73
12,"tbl-h08-prep-site-influence","headers",23,323688,323702,"stub_1_4 Metric","tbl-h08-prep-site-influence--gt-0012 tbl-h08-prep-site-influence--gt-0003","stub_1_4|Metric","tbl-h08-prep-site-influence--gt-0012|tbl-h08-prep-site-influence--gt-0003",354982,355054,15,73
12,"tbl-h08-prep-site-influence","headers",24,323778,323792,"stub_1_4 Refits","tbl-h08-prep-site-influence--gt-0012 tbl-h08-prep-site-influence--gt-0004","stub_1_4|Refits","tbl-h08-prep-site-influence--gt-0012|tbl-h08-prep-site-influence--gt-0004",355130,355202,15,73
12,"tbl-h08-prep-site-influence","headers",25,323853,323874,"stub_1_4 Sign reversal","tbl-h08-prep-site-influence--gt-0012 tbl-h08-prep-site-influence--gt-0005","stub_1_4|Sign-reversal","tbl-h08-prep-site-influence--gt-0012|tbl-h08-prep-site-influence--gt-0005",355263,355335,22,73
12,"tbl-h08-prep-site-influence","headers",26,323933,323973,"stub_1_4 Largest relative absolute change","tbl-h08-prep-site-influence--gt-0012 tbl-h08-prep-site-influence--gt-0006","stub_1_4|Largest-relative-absolute-change","tbl-h08-prep-site-influence--gt-0012|tbl-h08-prep-site-influence--gt-0006",355394,355466,41,73
12,"tbl-h08-prep-site-influence","headers",27,324033,324070,"stub_1_4 Most influential omitted site","tbl-h08-prep-site-influence--gt-0012 tbl-h08-prep-site-influence--gt-0007","stub_1_4|Most-influential-omitted-site","tbl-h08-prep-site-influence--gt-0012|tbl-h08-prep-site-influence--gt-0007",355526,355598,38,73
12,"tbl-h08-prep-site-influence","headers",28,324137,324159,"stub_1_4 Interpretation","tbl-h08-prep-site-influence--gt-0012 tbl-h08-prep-site-influence--gt-0008","stub_1_4|Interpretation","tbl-h08-prep-site-influence--gt-0012|tbl-h08-prep-site-influence--gt-0008",355665,355737,23,73
12,"tbl-h08-prep-site-influence","id",13,324244,324251,"stub_1_5","tbl-h08-prep-site-influence--gt-0013","","",355822,355857,8,36
12,"tbl-h08-prep-site-influence","headers",29,324374,324391,"stub_1_5 Placement","tbl-h08-prep-site-influence--gt-0013 tbl-h08-prep-site-influence--gt-0002","stub_1_5|Placement","tbl-h08-prep-site-influence--gt-0013|tbl-h08-prep-site-influence--gt-0002",355980,356052,18,73
12,"tbl-h08-prep-site-influence","headers",30,324441,324455,"stub_1_5 Metric","tbl-h08-prep-site-influence--gt-0013 tbl-h08-prep-site-influence--gt-0003","stub_1_5|Metric","tbl-h08-prep-site-influence--gt-0013|tbl-h08-prep-site-influence--gt-0003",356102,356174,15,73
12,"tbl-h08-prep-site-influence","headers",31,324518,324532,"stub_1_5 Refits","tbl-h08-prep-site-influence--gt-0013 tbl-h08-prep-site-influence--gt-0004","stub_1_5|Refits","tbl-h08-prep-site-influence--gt-0013|tbl-h08-prep-site-influence--gt-0004",356237,356309,15,73
12,"tbl-h08-prep-site-influence","headers",32,324582,324603,"stub_1_5 Sign reversal","tbl-h08-prep-site-influence--gt-0013 tbl-h08-prep-site-influence--gt-0005","stub_1_5|Sign-reversal","tbl-h08-prep-site-influence--gt-0013|tbl-h08-prep-site-influence--gt-0005",356359,356431,22,73
12,"tbl-h08-prep-site-influence","headers",33,324652,324692,"stub_1_5 Largest relative absolute change","tbl-h08-prep-site-influence--gt-0013 tbl-h08-prep-site-influence--gt-0006","stub_1_5|Largest-relative-absolute-change","tbl-h08-prep-site-influence--gt-0013|tbl-h08-prep-site-influence--gt-0006",356480,356552,41,73
12,"tbl-h08-prep-site-influence","headers",34,324741,324778,"stub_1_5 Most influential omitted site","tbl-h08-prep-site-influence--gt-0013 tbl-h08-prep-site-influence--gt-0007","stub_1_5|Most-influential-omitted-site","tbl-h08-prep-site-influence--gt-0013|tbl-h08-prep-site-influence--gt-0007",356601,356673,38,73
12,"tbl-h08-prep-site-influence","headers",35,324837,324859,"stub_1_5 Interpretation","tbl-h08-prep-site-influence--gt-0013 tbl-h08-prep-site-influence--gt-0008","stub_1_5|Interpretation","tbl-h08-prep-site-influence--gt-0013|tbl-h08-prep-site-influence--gt-0008",356732,356804,23,73
12,"tbl-h08-prep-site-influence","id",14,324931,324938,"stub_1_6","tbl-h08-prep-site-influence--gt-0014","","",356876,356911,8,36
12,"tbl-h08-prep-site-influence","headers",36,325072,325089,"stub_1_6 Placement","tbl-h08-prep-site-influence--gt-0014 tbl-h08-prep-site-influence--gt-0002","stub_1_6|Placement","tbl-h08-prep-site-influence--gt-0014|tbl-h08-prep-site-influence--gt-0002",357045,357117,18,73
12,"tbl-h08-prep-site-influence","headers",37,325153,325167,"stub_1_6 Metric","tbl-h08-prep-site-influence--gt-0014 tbl-h08-prep-site-influence--gt-0003","stub_1_6|Metric","tbl-h08-prep-site-influence--gt-0014|tbl-h08-prep-site-influence--gt-0003",357181,357253,15,73
12,"tbl-h08-prep-site-influence","headers",38,325241,325255,"stub_1_6 Refits","tbl-h08-prep-site-influence--gt-0014 tbl-h08-prep-site-influence--gt-0004","stub_1_6|Refits","tbl-h08-prep-site-influence--gt-0014|tbl-h08-prep-site-influence--gt-0004",357327,357399,15,73
12,"tbl-h08-prep-site-influence","headers",39,325316,325337,"stub_1_6 Sign reversal","tbl-h08-prep-site-influence--gt-0014 tbl-h08-prep-site-influence--gt-0005","stub_1_6|Sign-reversal","tbl-h08-prep-site-influence--gt-0014|tbl-h08-prep-site-influence--gt-0005",357460,357532,22,73
12,"tbl-h08-prep-site-influence","headers",40,325396,325436,"stub_1_6 Largest relative absolute change","tbl-h08-prep-site-influence--gt-0014 tbl-h08-prep-site-influence--gt-0006","stub_1_6|Largest-relative-absolute-change","tbl-h08-prep-site-influence--gt-0014|tbl-h08-prep-site-influence--gt-0006",357591,357663,41,73
12,"tbl-h08-prep-site-influence","headers",41,325496,325533,"stub_1_6 Most influential omitted site","tbl-h08-prep-site-influence--gt-0014 tbl-h08-prep-site-influence--gt-0007","stub_1_6|Most-influential-omitted-site","tbl-h08-prep-site-influence--gt-0014|tbl-h08-prep-site-influence--gt-0007",357723,357795,38,73
12,"tbl-h08-prep-site-influence","headers",42,325600,325622,"stub_1_6 Interpretation","tbl-h08-prep-site-influence--gt-0014 tbl-h08-prep-site-influence--gt-0008","stub_1_6|Interpretation","tbl-h08-prep-site-influence--gt-0014|tbl-h08-prep-site-influence--gt-0008",357862,357934,23,73
12,"tbl-h08-prep-site-influence","id",15,325693,325700,"stub_1_7","tbl-h08-prep-site-influence--gt-0015","","",358005,358040,8,36
12,"tbl-h08-prep-site-influence","headers",43,325823,325840,"stub_1_7 Placement","tbl-h08-prep-site-influence--gt-0015 tbl-h08-prep-site-influence--gt-0002","stub_1_7|Placement","tbl-h08-prep-site-influence--gt-0015|tbl-h08-prep-site-influence--gt-0002",358163,358235,18,73
12,"tbl-h08-prep-site-influence","headers",44,325890,325904,"stub_1_7 Metric","tbl-h08-prep-site-influence--gt-0015 tbl-h08-prep-site-influence--gt-0003","stub_1_7|Metric","tbl-h08-prep-site-influence--gt-0015|tbl-h08-prep-site-influence--gt-0003",358285,358357,15,73
12,"tbl-h08-prep-site-influence","headers",45,325976,325990,"stub_1_7 Refits","tbl-h08-prep-site-influence--gt-0015 tbl-h08-prep-site-influence--gt-0004","stub_1_7|Refits","tbl-h08-prep-site-influence--gt-0015|tbl-h08-prep-site-influence--gt-0004",358429,358501,15,73
12,"tbl-h08-prep-site-influence","headers",46,326040,326061,"stub_1_7 Sign reversal","tbl-h08-prep-site-influence--gt-0015 tbl-h08-prep-site-influence--gt-0005","stub_1_7|Sign-reversal","tbl-h08-prep-site-influence--gt-0015|tbl-h08-prep-site-influence--gt-0005",358551,358623,22,73
12,"tbl-h08-prep-site-influence","headers",47,326109,326149,"stub_1_7 Largest relative absolute change","tbl-h08-prep-site-influence--gt-0015 tbl-h08-prep-site-influence--gt-0006","stub_1_7|Largest-relative-absolute-change","tbl-h08-prep-site-influence--gt-0015|tbl-h08-prep-site-influence--gt-0006",358671,358743,41,73
12,"tbl-h08-prep-site-influence","headers",48,326198,326235,"stub_1_7 Most influential omitted site","tbl-h08-prep-site-influence--gt-0015 tbl-h08-prep-site-influence--gt-0007","stub_1_7|Most-influential-omitted-site","tbl-h08-prep-site-influence--gt-0015|tbl-h08-prep-site-influence--gt-0007",358792,358864,38,73
12,"tbl-h08-prep-site-influence","headers",49,326291,326313,"stub_1_7 Interpretation","tbl-h08-prep-site-influence--gt-0015 tbl-h08-prep-site-influence--gt-0008","stub_1_7|Interpretation","tbl-h08-prep-site-influence--gt-0015|tbl-h08-prep-site-influence--gt-0008",358920,358992,23,73
12,"tbl-h08-prep-site-influence","id",16,326399,326406,"stub_1_8","tbl-h08-prep-site-influence--gt-0016","","",359078,359113,8,36
12,"tbl-h08-prep-site-influence","headers",50,326540,326557,"stub_1_8 Placement","tbl-h08-prep-site-influence--gt-0016 tbl-h08-prep-site-influence--gt-0002","stub_1_8|Placement","tbl-h08-prep-site-influence--gt-0016|tbl-h08-prep-site-influence--gt-0002",359247,359319,18,73
12,"tbl-h08-prep-site-influence","headers",51,326621,326635,"stub_1_8 Metric","tbl-h08-prep-site-influence--gt-0016 tbl-h08-prep-site-influence--gt-0003","stub_1_8|Metric","tbl-h08-prep-site-influence--gt-0016|tbl-h08-prep-site-influence--gt-0003",359383,359455,15,73
12,"tbl-h08-prep-site-influence","headers",52,326718,326732,"stub_1_8 Refits","tbl-h08-prep-site-influence--gt-0016 tbl-h08-prep-site-influence--gt-0004","stub_1_8|Refits","tbl-h08-prep-site-influence--gt-0016|tbl-h08-prep-site-influence--gt-0004",359538,359610,15,73
12,"tbl-h08-prep-site-influence","headers",53,326793,326814,"stub_1_8 Sign reversal","tbl-h08-prep-site-influence--gt-0016 tbl-h08-prep-site-influence--gt-0005","stub_1_8|Sign-reversal","tbl-h08-prep-site-influence--gt-0016|tbl-h08-prep-site-influence--gt-0005",359671,359743,22,73
12,"tbl-h08-prep-site-influence","headers",54,326873,326913,"stub_1_8 Largest relative absolute change","tbl-h08-prep-site-influence--gt-0016 tbl-h08-prep-site-influence--gt-0006","stub_1_8|Largest-relative-absolute-change","tbl-h08-prep-site-influence--gt-0016|tbl-h08-prep-site-influence--gt-0006",359802,359874,41,73
12,"tbl-h08-prep-site-influence","headers",55,326973,327010,"stub_1_8 Most influential omitted site","tbl-h08-prep-site-influence--gt-0016 tbl-h08-prep-site-influence--gt-0007","stub_1_8|Most-influential-omitted-site","tbl-h08-prep-site-influence--gt-0016|tbl-h08-prep-site-influence--gt-0007",359934,360006,38,73
12,"tbl-h08-prep-site-influence","headers",56,327077,327099,"stub_1_8 Interpretation","tbl-h08-prep-site-influence--gt-0016 tbl-h08-prep-site-influence--gt-0008","stub_1_8|Interpretation","tbl-h08-prep-site-influence--gt-0016|tbl-h08-prep-site-influence--gt-0008",360073,360145,23,73
12,"tbl-h08-prep-site-influence","id",17,327184,327191,"stub_1_9","tbl-h08-prep-site-influence--gt-0017","","",360230,360265,8,36
12,"tbl-h08-prep-site-influence","headers",57,327314,327331,"stub_1_9 Placement","tbl-h08-prep-site-influence--gt-0017 tbl-h08-prep-site-influence--gt-0002","stub_1_9|Placement","tbl-h08-prep-site-influence--gt-0017|tbl-h08-prep-site-influence--gt-0002",360388,360460,18,73
12,"tbl-h08-prep-site-influence","headers",58,327381,327395,"stub_1_9 Metric","tbl-h08-prep-site-influence--gt-0017 tbl-h08-prep-site-influence--gt-0003","stub_1_9|Metric","tbl-h08-prep-site-influence--gt-0017|tbl-h08-prep-site-influence--gt-0003",360510,360582,15,73
12,"tbl-h08-prep-site-influence","headers",59,327477,327491,"stub_1_9 Refits","tbl-h08-prep-site-influence--gt-0017 tbl-h08-prep-site-influence--gt-0004","stub_1_9|Refits","tbl-h08-prep-site-influence--gt-0017|tbl-h08-prep-site-influence--gt-0004",360664,360736,15,73
12,"tbl-h08-prep-site-influence","headers",60,327541,327562,"stub_1_9 Sign reversal","tbl-h08-prep-site-influence--gt-0017 tbl-h08-prep-site-influence--gt-0005","stub_1_9|Sign-reversal","tbl-h08-prep-site-influence--gt-0017|tbl-h08-prep-site-influence--gt-0005",360786,360858,22,73
12,"tbl-h08-prep-site-influence","headers",61,327610,327650,"stub_1_9 Largest relative absolute change","tbl-h08-prep-site-influence--gt-0017 tbl-h08-prep-site-influence--gt-0006","stub_1_9|Largest-relative-absolute-change","tbl-h08-prep-site-influence--gt-0017|tbl-h08-prep-site-influence--gt-0006",360906,360978,41,73
12,"tbl-h08-prep-site-influence","headers",62,327699,327736,"stub_1_9 Most influential omitted site","tbl-h08-prep-site-influence--gt-0017 tbl-h08-prep-site-influence--gt-0007","stub_1_9|Most-influential-omitted-site","tbl-h08-prep-site-influence--gt-0017|tbl-h08-prep-site-influence--gt-0007",361027,361099,38,73
12,"tbl-h08-prep-site-influence","headers",63,327795,327817,"stub_1_9 Interpretation","tbl-h08-prep-site-influence--gt-0017 tbl-h08-prep-site-influence--gt-0008","stub_1_9|Interpretation","tbl-h08-prep-site-influence--gt-0017|tbl-h08-prep-site-influence--gt-0008",361158,361230,23,73
12,"tbl-h08-prep-site-influence","id",18,327903,327911,"stub_1_10","tbl-h08-prep-site-influence--gt-0018","","",361316,361351,9,36
12,"tbl-h08-prep-site-influence","headers",64,328045,328063,"stub_1_10 Placement","tbl-h08-prep-site-influence--gt-0018 tbl-h08-prep-site-influence--gt-0002","stub_1_10|Placement","tbl-h08-prep-site-influence--gt-0018|tbl-h08-prep-site-influence--gt-0002",361485,361557,19,73
12,"tbl-h08-prep-site-influence","headers",65,328127,328142,"stub_1_10 Metric","tbl-h08-prep-site-influence--gt-0018 tbl-h08-prep-site-influence--gt-0003","stub_1_10|Metric","tbl-h08-prep-site-influence--gt-0018|tbl-h08-prep-site-influence--gt-0003",361621,361693,16,73
12,"tbl-h08-prep-site-influence","headers",66,328235,328250,"stub_1_10 Refits","tbl-h08-prep-site-influence--gt-0018 tbl-h08-prep-site-influence--gt-0004","stub_1_10|Refits","tbl-h08-prep-site-influence--gt-0018|tbl-h08-prep-site-influence--gt-0004",361786,361858,16,73
12,"tbl-h08-prep-site-influence","headers",67,328311,328333,"stub_1_10 Sign reversal","tbl-h08-prep-site-influence--gt-0018 tbl-h08-prep-site-influence--gt-0005","stub_1_10|Sign-reversal","tbl-h08-prep-site-influence--gt-0018|tbl-h08-prep-site-influence--gt-0005",361919,361991,23,73
12,"tbl-h08-prep-site-influence","headers",68,328392,328433,"stub_1_10 Largest relative absolute change","tbl-h08-prep-site-influence--gt-0018 tbl-h08-prep-site-influence--gt-0006","stub_1_10|Largest-relative-absolute-change","tbl-h08-prep-site-influence--gt-0018|tbl-h08-prep-site-influence--gt-0006",362050,362122,42,73
12,"tbl-h08-prep-site-influence","headers",69,328493,328531,"stub_1_10 Most influential omitted site","tbl-h08-prep-site-influence--gt-0018 tbl-h08-prep-site-influence--gt-0007","stub_1_10|Most-influential-omitted-site","tbl-h08-prep-site-influence--gt-0018|tbl-h08-prep-site-influence--gt-0007",362182,362254,39,73
12,"tbl-h08-prep-site-influence","headers",70,328601,328624,"stub_1_10 Interpretation","tbl-h08-prep-site-influence--gt-0018 tbl-h08-prep-site-influence--gt-0008","stub_1_10|Interpretation","tbl-h08-prep-site-influence--gt-0018|tbl-h08-prep-site-influence--gt-0008",362324,362396,24,73
12,"tbl-h08-prep-site-influence","id",19,328709,328717,"stub_1_11","tbl-h08-prep-site-influence--gt-0019","","",362481,362516,9,36
12,"tbl-h08-prep-site-influence","headers",71,328840,328858,"stub_1_11 Placement","tbl-h08-prep-site-influence--gt-0019 tbl-h08-prep-site-influence--gt-0002","stub_1_11|Placement","tbl-h08-prep-site-influence--gt-0019|tbl-h08-prep-site-influence--gt-0002",362639,362711,19,73
12,"tbl-h08-prep-site-influence","headers",72,328908,328923,"stub_1_11 Metric","tbl-h08-prep-site-influence--gt-0019 tbl-h08-prep-site-influence--gt-0003","stub_1_11|Metric","tbl-h08-prep-site-influence--gt-0019|tbl-h08-prep-site-influence--gt-0003",362761,362833,16,73
12,"tbl-h08-prep-site-influence","headers",73,329005,329020,"stub_1_11 Refits","tbl-h08-prep-site-influence--gt-0019 tbl-h08-prep-site-influence--gt-0004","stub_1_11|Refits","tbl-h08-prep-site-influence--gt-0019|tbl-h08-prep-site-influence--gt-0004",362915,362987,16,73
12,"tbl-h08-prep-site-influence","headers",74,329070,329092,"stub_1_11 Sign reversal","tbl-h08-prep-site-influence--gt-0019 tbl-h08-prep-site-influence--gt-0005","stub_1_11|Sign-reversal","tbl-h08-prep-site-influence--gt-0019|tbl-h08-prep-site-influence--gt-0005",363037,363109,23,73
12,"tbl-h08-prep-site-influence","headers",75,329140,329181,"stub_1_11 Largest relative absolute change","tbl-h08-prep-site-influence--gt-0019 tbl-h08-prep-site-influence--gt-0006","stub_1_11|Largest-relative-absolute-change","tbl-h08-prep-site-influence--gt-0019|tbl-h08-prep-site-influence--gt-0006",363157,363229,42,73
12,"tbl-h08-prep-site-influence","headers",76,329230,329268,"stub_1_11 Most influential omitted site","tbl-h08-prep-site-influence--gt-0019 tbl-h08-prep-site-influence--gt-0007","stub_1_11|Most-influential-omitted-site","tbl-h08-prep-site-influence--gt-0019|tbl-h08-prep-site-influence--gt-0007",363278,363350,39,73
12,"tbl-h08-prep-site-influence","headers",77,329326,329349,"stub_1_11 Interpretation","tbl-h08-prep-site-influence--gt-0019 tbl-h08-prep-site-influence--gt-0008","stub_1_11|Interpretation","tbl-h08-prep-site-influence--gt-0019|tbl-h08-prep-site-influence--gt-0008",363408,363480,24,73
12,"tbl-h08-prep-site-influence","id",20,329421,329429,"stub_1_12","tbl-h08-prep-site-influence--gt-0020","","",363552,363587,9,36
12,"tbl-h08-prep-site-influence","headers",78,329563,329581,"stub_1_12 Placement","tbl-h08-prep-site-influence--gt-0020 tbl-h08-prep-site-influence--gt-0002","stub_1_12|Placement","tbl-h08-prep-site-influence--gt-0020|tbl-h08-prep-site-influence--gt-0002",363721,363793,19,73
12,"tbl-h08-prep-site-influence","headers",79,329645,329660,"stub_1_12 Metric","tbl-h08-prep-site-influence--gt-0020 tbl-h08-prep-site-influence--gt-0003","stub_1_12|Metric","tbl-h08-prep-site-influence--gt-0020|tbl-h08-prep-site-influence--gt-0003",363857,363929,16,73
12,"tbl-h08-prep-site-influence","headers",80,329753,329768,"stub_1_12 Refits","tbl-h08-prep-site-influence--gt-0020 tbl-h08-prep-site-influence--gt-0004","stub_1_12|Refits","tbl-h08-prep-site-influence--gt-0020|tbl-h08-prep-site-influence--gt-0004",364022,364094,16,73
12,"tbl-h08-prep-site-influence","headers",81,329829,329851,"stub_1_12 Sign reversal","tbl-h08-prep-site-influence--gt-0020 tbl-h08-prep-site-influence--gt-0005","stub_1_12|Sign-reversal","tbl-h08-prep-site-influence--gt-0020|tbl-h08-prep-site-influence--gt-0005",364155,364227,23,73
12,"tbl-h08-prep-site-influence","headers",82,329910,329951,"stub_1_12 Largest relative absolute change","tbl-h08-prep-site-influence--gt-0020 tbl-h08-prep-site-influence--gt-0006","stub_1_12|Largest-relative-absolute-change","tbl-h08-prep-site-influence--gt-0020|tbl-h08-prep-site-influence--gt-0006",364286,364358,42,73
12,"tbl-h08-prep-site-influence","headers",83,330011,330049,"stub_1_12 Most influential omitted site","tbl-h08-prep-site-influence--gt-0020 tbl-h08-prep-site-influence--gt-0007","stub_1_12|Most-influential-omitted-site","tbl-h08-prep-site-influence--gt-0020|tbl-h08-prep-site-influence--gt-0007",364418,364490,39,73
12,"tbl-h08-prep-site-influence","headers",84,330119,330142,"stub_1_12 Interpretation","tbl-h08-prep-site-influence--gt-0020 tbl-h08-prep-site-influence--gt-0008","stub_1_12|Interpretation","tbl-h08-prep-site-influence--gt-0020|tbl-h08-prep-site-influence--gt-0008",364560,364632,24,73
12,"tbl-h08-prep-site-influence","id",21,330213,330221,"stub_1_13","tbl-h08-prep-site-influence--gt-0021","","",364703,364738,9,36
12,"tbl-h08-prep-site-influence","headers",85,330344,330362,"stub_1_13 Placement","tbl-h08-prep-site-influence--gt-0021 tbl-h08-prep-site-influence--gt-0002","stub_1_13|Placement","tbl-h08-prep-site-influence--gt-0021|tbl-h08-prep-site-influence--gt-0002",364861,364933,19,73
12,"tbl-h08-prep-site-influence","headers",86,330412,330427,"stub_1_13 Metric","tbl-h08-prep-site-influence--gt-0021 tbl-h08-prep-site-influence--gt-0003","stub_1_13|Metric","tbl-h08-prep-site-influence--gt-0021|tbl-h08-prep-site-influence--gt-0003",364983,365055,16,73
12,"tbl-h08-prep-site-influence","headers",87,330508,330523,"stub_1_13 Refits","tbl-h08-prep-site-influence--gt-0021 tbl-h08-prep-site-influence--gt-0004","stub_1_13|Refits","tbl-h08-prep-site-influence--gt-0021|tbl-h08-prep-site-influence--gt-0004",365136,365208,16,73
12,"tbl-h08-prep-site-influence","headers",88,330573,330595,"stub_1_13 Sign reversal","tbl-h08-prep-site-influence--gt-0021 tbl-h08-prep-site-influence--gt-0005","stub_1_13|Sign-reversal","tbl-h08-prep-site-influence--gt-0021|tbl-h08-prep-site-influence--gt-0005",365258,365330,23,73
12,"tbl-h08-prep-site-influence","headers",89,330644,330685,"stub_1_13 Largest relative absolute change","tbl-h08-prep-site-influence--gt-0021 tbl-h08-prep-site-influence--gt-0006","stub_1_13|Largest-relative-absolute-change","tbl-h08-prep-site-influence--gt-0021|tbl-h08-prep-site-influence--gt-0006",365379,365451,42,73
12,"tbl-h08-prep-site-influence","headers",90,330734,330772,"stub_1_13 Most influential omitted site","tbl-h08-prep-site-influence--gt-0021 tbl-h08-prep-site-influence--gt-0007","stub_1_13|Most-influential-omitted-site","tbl-h08-prep-site-influence--gt-0021|tbl-h08-prep-site-influence--gt-0007",365500,365572,39,73
12,"tbl-h08-prep-site-influence","headers",91,330828,330851,"stub_1_13 Interpretation","tbl-h08-prep-site-influence--gt-0021 tbl-h08-prep-site-influence--gt-0008","stub_1_13|Interpretation","tbl-h08-prep-site-influence--gt-0021|tbl-h08-prep-site-influence--gt-0008",365628,365700,24,73
12,"tbl-h08-prep-site-influence","id",22,330923,330931,"stub_1_14","tbl-h08-prep-site-influence--gt-0022","","",365772,365807,9,36
12,"tbl-h08-prep-site-influence","headers",92,331065,331083,"stub_1_14 Placement","tbl-h08-prep-site-influence--gt-0022 tbl-h08-prep-site-influence--gt-0002","stub_1_14|Placement","tbl-h08-prep-site-influence--gt-0022|tbl-h08-prep-site-influence--gt-0002",365941,366013,19,73
12,"tbl-h08-prep-site-influence","headers",93,331147,331162,"stub_1_14 Metric","tbl-h08-prep-site-influence--gt-0022 tbl-h08-prep-site-influence--gt-0003","stub_1_14|Metric","tbl-h08-prep-site-influence--gt-0022|tbl-h08-prep-site-influence--gt-0003",366077,366149,16,73
12,"tbl-h08-prep-site-influence","headers",94,331254,331269,"stub_1_14 Refits","tbl-h08-prep-site-influence--gt-0022 tbl-h08-prep-site-influence--gt-0004","stub_1_14|Refits","tbl-h08-prep-site-influence--gt-0022|tbl-h08-prep-site-influence--gt-0004",366241,366313,16,73
12,"tbl-h08-prep-site-influence","headers",95,331330,331352,"stub_1_14 Sign reversal","tbl-h08-prep-site-influence--gt-0022 tbl-h08-prep-site-influence--gt-0005","stub_1_14|Sign-reversal","tbl-h08-prep-site-influence--gt-0022|tbl-h08-prep-site-influence--gt-0005",366374,366446,23,73
12,"tbl-h08-prep-site-influence","headers",96,331412,331453,"stub_1_14 Largest relative absolute change","tbl-h08-prep-site-influence--gt-0022 tbl-h08-prep-site-influence--gt-0006","stub_1_14|Largest-relative-absolute-change","tbl-h08-prep-site-influence--gt-0022|tbl-h08-prep-site-influence--gt-0006",366506,366578,42,73
12,"tbl-h08-prep-site-influence","headers",97,331513,331551,"stub_1_14 Most influential omitted site","tbl-h08-prep-site-influence--gt-0022 tbl-h08-prep-site-influence--gt-0007","stub_1_14|Most-influential-omitted-site","tbl-h08-prep-site-influence--gt-0022|tbl-h08-prep-site-influence--gt-0007",366638,366710,39,73
12,"tbl-h08-prep-site-influence","headers",98,331617,331640,"stub_1_14 Interpretation","tbl-h08-prep-site-influence--gt-0022 tbl-h08-prep-site-influence--gt-0008","stub_1_14|Interpretation","tbl-h08-prep-site-influence--gt-0022|tbl-h08-prep-site-influence--gt-0008",366776,366848,24,73
12,"tbl-h08-prep-site-influence","id",23,331711,331719,"stub_1_15","tbl-h08-prep-site-influence--gt-0023","","",366919,366954,9,36
12,"tbl-h08-prep-site-influence","headers",99,331842,331860,"stub_1_15 Placement","tbl-h08-prep-site-influence--gt-0023 tbl-h08-prep-site-influence--gt-0002","stub_1_15|Placement","tbl-h08-prep-site-influence--gt-0023|tbl-h08-prep-site-influence--gt-0002",367077,367149,19,73
12,"tbl-h08-prep-site-influence","headers",100,331910,331925,"stub_1_15 Metric","tbl-h08-prep-site-influence--gt-0023 tbl-h08-prep-site-influence--gt-0003","stub_1_15|Metric","tbl-h08-prep-site-influence--gt-0023|tbl-h08-prep-site-influence--gt-0003",367199,367271,16,73
12,"tbl-h08-prep-site-influence","headers",101,332016,332031,"stub_1_15 Refits","tbl-h08-prep-site-influence--gt-0023 tbl-h08-prep-site-influence--gt-0004","stub_1_15|Refits","tbl-h08-prep-site-influence--gt-0023|tbl-h08-prep-site-influence--gt-0004",367362,367434,16,73
12,"tbl-h08-prep-site-influence","headers",102,332081,332103,"stub_1_15 Sign reversal","tbl-h08-prep-site-influence--gt-0023 tbl-h08-prep-site-influence--gt-0005","stub_1_15|Sign-reversal","tbl-h08-prep-site-influence--gt-0023|tbl-h08-prep-site-influence--gt-0005",367484,367556,23,73
12,"tbl-h08-prep-site-influence","headers",103,332151,332192,"stub_1_15 Largest relative absolute change","tbl-h08-prep-site-influence--gt-0023 tbl-h08-prep-site-influence--gt-0006","stub_1_15|Largest-relative-absolute-change","tbl-h08-prep-site-influence--gt-0023|tbl-h08-prep-site-influence--gt-0006",367604,367676,42,73
12,"tbl-h08-prep-site-influence","headers",104,332241,332279,"stub_1_15 Most influential omitted site","tbl-h08-prep-site-influence--gt-0023 tbl-h08-prep-site-influence--gt-0007","stub_1_15|Most-influential-omitted-site","tbl-h08-prep-site-influence--gt-0023|tbl-h08-prep-site-influence--gt-0007",367725,367797,39,73
12,"tbl-h08-prep-site-influence","headers",105,332335,332358,"stub_1_15 Interpretation","tbl-h08-prep-site-influence--gt-0023 tbl-h08-prep-site-influence--gt-0008","stub_1_15|Interpretation","tbl-h08-prep-site-influence--gt-0023|tbl-h08-prep-site-influence--gt-0008",367853,367925,24,73
12,"tbl-h08-prep-site-influence","id",24,332444,332452,"stub_1_16","tbl-h08-prep-site-influence--gt-0024","","",368011,368046,9,36
12,"tbl-h08-prep-site-influence","headers",106,332586,332604,"stub_1_16 Placement","tbl-h08-prep-site-influence--gt-0024 tbl-h08-prep-site-influence--gt-0002","stub_1_16|Placement","tbl-h08-prep-site-influence--gt-0024|tbl-h08-prep-site-influence--gt-0002",368180,368252,19,73
12,"tbl-h08-prep-site-influence","headers",107,332668,332683,"stub_1_16 Metric","tbl-h08-prep-site-influence--gt-0024 tbl-h08-prep-site-influence--gt-0003","stub_1_16|Metric","tbl-h08-prep-site-influence--gt-0024|tbl-h08-prep-site-influence--gt-0003",368316,368388,16,73
12,"tbl-h08-prep-site-influence","headers",108,332785,332800,"stub_1_16 Refits","tbl-h08-prep-site-influence--gt-0024 tbl-h08-prep-site-influence--gt-0004","stub_1_16|Refits","tbl-h08-prep-site-influence--gt-0024|tbl-h08-prep-site-influence--gt-0004",368490,368562,16,73
12,"tbl-h08-prep-site-influence","headers",109,332861,332883,"stub_1_16 Sign reversal","tbl-h08-prep-site-influence--gt-0024 tbl-h08-prep-site-influence--gt-0005","stub_1_16|Sign-reversal","tbl-h08-prep-site-influence--gt-0024|tbl-h08-prep-site-influence--gt-0005",368623,368695,23,73
12,"tbl-h08-prep-site-influence","headers",110,332942,332983,"stub_1_16 Largest relative absolute change","tbl-h08-prep-site-influence--gt-0024 tbl-h08-prep-site-influence--gt-0006","stub_1_16|Largest-relative-absolute-change","tbl-h08-prep-site-influence--gt-0024|tbl-h08-prep-site-influence--gt-0006",368754,368826,42,73
12,"tbl-h08-prep-site-influence","headers",111,333043,333081,"stub_1_16 Most influential omitted site","tbl-h08-prep-site-influence--gt-0024 tbl-h08-prep-site-influence--gt-0007","stub_1_16|Most-influential-omitted-site","tbl-h08-prep-site-influence--gt-0024|tbl-h08-prep-site-influence--gt-0007",368886,368958,39,73
12,"tbl-h08-prep-site-influence","headers",112,333148,333171,"stub_1_16 Interpretation","tbl-h08-prep-site-influence--gt-0024 tbl-h08-prep-site-influence--gt-0008","stub_1_16|Interpretation","tbl-h08-prep-site-influence--gt-0024|tbl-h08-prep-site-influence--gt-0008",369025,369097,24,73
12,"tbl-h08-prep-site-influence","id",25,333256,333264,"stub_1_17","tbl-h08-prep-site-influence--gt-0025","","",369182,369217,9,36
12,"tbl-h08-prep-site-influence","headers",113,333387,333405,"stub_1_17 Placement","tbl-h08-prep-site-influence--gt-0025 tbl-h08-prep-site-influence--gt-0002","stub_1_17|Placement","tbl-h08-prep-site-influence--gt-0025|tbl-h08-prep-site-influence--gt-0002",369340,369412,19,73
12,"tbl-h08-prep-site-influence","headers",114,333455,333470,"stub_1_17 Metric","tbl-h08-prep-site-influence--gt-0025 tbl-h08-prep-site-influence--gt-0003","stub_1_17|Metric","tbl-h08-prep-site-influence--gt-0025|tbl-h08-prep-site-influence--gt-0003",369462,369534,16,73
12,"tbl-h08-prep-site-influence","headers",115,333527,333542,"stub_1_17 Refits","tbl-h08-prep-site-influence--gt-0025 tbl-h08-prep-site-influence--gt-0004","stub_1_17|Refits","tbl-h08-prep-site-influence--gt-0025|tbl-h08-prep-site-influence--gt-0004",369591,369663,16,73
12,"tbl-h08-prep-site-influence","headers",116,333592,333614,"stub_1_17 Sign reversal","tbl-h08-prep-site-influence--gt-0025 tbl-h08-prep-site-influence--gt-0005","stub_1_17|Sign-reversal","tbl-h08-prep-site-influence--gt-0025|tbl-h08-prep-site-influence--gt-0005",369713,369785,23,73
12,"tbl-h08-prep-site-influence","headers",117,333662,333703,"stub_1_17 Largest relative absolute change","tbl-h08-prep-site-influence--gt-0025 tbl-h08-prep-site-influence--gt-0006","stub_1_17|Largest-relative-absolute-change","tbl-h08-prep-site-influence--gt-0025|tbl-h08-prep-site-influence--gt-0006",369833,369905,42,73
12,"tbl-h08-prep-site-influence","headers",118,333752,333790,"stub_1_17 Most influential omitted site","tbl-h08-prep-site-influence--gt-0025 tbl-h08-prep-site-influence--gt-0007","stub_1_17|Most-influential-omitted-site","tbl-h08-prep-site-influence--gt-0025|tbl-h08-prep-site-influence--gt-0007",369954,370026,39,73
12,"tbl-h08-prep-site-influence","headers",119,333846,333869,"stub_1_17 Interpretation","tbl-h08-prep-site-influence--gt-0025 tbl-h08-prep-site-influence--gt-0008","stub_1_17|Interpretation","tbl-h08-prep-site-influence--gt-0025|tbl-h08-prep-site-influence--gt-0008",370082,370154,24,73
12,"tbl-h08-prep-site-influence","id",26,333955,333963,"stub_1_18","tbl-h08-prep-site-influence--gt-0026","","",370240,370275,9,36
12,"tbl-h08-prep-site-influence","headers",120,334097,334115,"stub_1_18 Placement","tbl-h08-prep-site-influence--gt-0026 tbl-h08-prep-site-influence--gt-0002","stub_1_18|Placement","tbl-h08-prep-site-influence--gt-0026|tbl-h08-prep-site-influence--gt-0002",370409,370481,19,73
12,"tbl-h08-prep-site-influence","headers",121,334179,334194,"stub_1_18 Metric","tbl-h08-prep-site-influence--gt-0026 tbl-h08-prep-site-influence--gt-0003","stub_1_18|Metric","tbl-h08-prep-site-influence--gt-0026|tbl-h08-prep-site-influence--gt-0003",370545,370617,16,73
12,"tbl-h08-prep-site-influence","headers",122,334262,334277,"stub_1_18 Refits","tbl-h08-prep-site-influence--gt-0026 tbl-h08-prep-site-influence--gt-0004","stub_1_18|Refits","tbl-h08-prep-site-influence--gt-0026|tbl-h08-prep-site-influence--gt-0004",370685,370757,16,73
12,"tbl-h08-prep-site-influence","headers",123,334338,334360,"stub_1_18 Sign reversal","tbl-h08-prep-site-influence--gt-0026 tbl-h08-prep-site-influence--gt-0005","stub_1_18|Sign-reversal","tbl-h08-prep-site-influence--gt-0026|tbl-h08-prep-site-influence--gt-0005",370818,370890,23,73
12,"tbl-h08-prep-site-influence","headers",124,334419,334460,"stub_1_18 Largest relative absolute change","tbl-h08-prep-site-influence--gt-0026 tbl-h08-prep-site-influence--gt-0006","stub_1_18|Largest-relative-absolute-change","tbl-h08-prep-site-influence--gt-0026|tbl-h08-prep-site-influence--gt-0006",370949,371021,42,73
12,"tbl-h08-prep-site-influence","headers",125,334520,334558,"stub_1_18 Most influential omitted site","tbl-h08-prep-site-influence--gt-0026 tbl-h08-prep-site-influence--gt-0007","stub_1_18|Most-influential-omitted-site","tbl-h08-prep-site-influence--gt-0026|tbl-h08-prep-site-influence--gt-0007",371081,371153,39,73
12,"tbl-h08-prep-site-influence","headers",126,334625,334648,"stub_1_18 Interpretation","tbl-h08-prep-site-influence--gt-0026 tbl-h08-prep-site-influence--gt-0008","stub_1_18|Interpretation","tbl-h08-prep-site-influence--gt-0026|tbl-h08-prep-site-influence--gt-0008",371220,371292,24,73
13,"tbl-h08-prep-sensitivity-map","id",1,354363,354370,"Analysis","tbl-h08-prep-sensitivity-map--gt-0001","","",391007,391043,8,37
13,"tbl-h08-prep-sensitivity-map","id",2,354496,354513,"Exact_stored_scope","tbl-h08-prep-sensitivity-map--gt-0002","","",391169,391205,18,37
13,"tbl-h08-prep-sensitivity-map","id",3,354649,354655,"Purpose","tbl-h08-prep-sensitivity-map--gt-0003","","",391341,391377,7,37
13,"tbl-h08-prep-sensitivity-map","id",4,354780,354796,"Interpretive_rule","tbl-h08-prep-sensitivity-map--gt-0004","","",391502,391538,17,37
13,"tbl-h08-prep-sensitivity-map","headers",1,355020,355027,"Analysis","tbl-h08-prep-sensitivity-map--gt-0001","Analysis","tbl-h08-prep-sensitivity-map--gt-0001",391762,391798,8,37
13,"tbl-h08-prep-sensitivity-map","headers",2,355108,355125,"Exact_stored_scope","tbl-h08-prep-sensitivity-map--gt-0002","Exact_stored_scope","tbl-h08-prep-sensitivity-map--gt-0002",391879,391915,18,37
13,"tbl-h08-prep-sensitivity-map","headers",3,355224,355230,"Purpose","tbl-h08-prep-sensitivity-map--gt-0003","Purpose","tbl-h08-prep-sensitivity-map--gt-0003",392014,392050,7,37
13,"tbl-h08-prep-sensitivity-map","headers",4,355330,355346,"Interpretive_rule","tbl-h08-prep-sensitivity-map--gt-0004","Interpretive_rule","tbl-h08-prep-sensitivity-map--gt-0004",392150,392186,17,37
13,"tbl-h08-prep-sensitivity-map","headers",5,355494,355501,"Analysis","tbl-h08-prep-sensitivity-map--gt-0001","Analysis","tbl-h08-prep-sensitivity-map--gt-0001",392334,392370,8,37
13,"tbl-h08-prep-sensitivity-map","headers",6,355598,355615,"Exact_stored_scope","tbl-h08-prep-sensitivity-map--gt-0002","Exact_stored_scope","tbl-h08-prep-sensitivity-map--gt-0002",392467,392503,18,37
13,"tbl-h08-prep-sensitivity-map","headers",7,355776,355782,"Purpose","tbl-h08-prep-sensitivity-map--gt-0003","Purpose","tbl-h08-prep-sensitivity-map--gt-0003",392664,392700,7,37
13,"tbl-h08-prep-sensitivity-map","headers",8,355904,355920,"Interpretive_rule","tbl-h08-prep-sensitivity-map--gt-0004","Interpretive_rule","tbl-h08-prep-sensitivity-map--gt-0004",392822,392858,17,37
13,"tbl-h08-prep-sensitivity-map","headers",9,356052,356059,"Analysis","tbl-h08-prep-sensitivity-map--gt-0001","Analysis","tbl-h08-prep-sensitivity-map--gt-0001",392990,393026,8,37
13,"tbl-h08-prep-sensitivity-map","headers",10,356152,356169,"Exact_stored_scope","tbl-h08-prep-sensitivity-map--gt-0002","Exact_stored_scope","tbl-h08-prep-sensitivity-map--gt-0002",393119,393155,18,37
13,"tbl-h08-prep-sensitivity-map","headers",11,356290,356296,"Purpose","tbl-h08-prep-sensitivity-map--gt-0003","Purpose","tbl-h08-prep-sensitivity-map--gt-0003",393276,393312,7,37
13,"tbl-h08-prep-sensitivity-map","headers",12,356417,356433,"Interpretive_rule","tbl-h08-prep-sensitivity-map--gt-0004","Interpretive_rule","tbl-h08-prep-sensitivity-map--gt-0004",393433,393469,17,37
13,"tbl-h08-prep-sensitivity-map","headers",13,356566,356573,"Analysis","tbl-h08-prep-sensitivity-map--gt-0001","Analysis","tbl-h08-prep-sensitivity-map--gt-0001",393602,393638,8,37
13,"tbl-h08-prep-sensitivity-map","headers",14,356651,356668,"Exact_stored_scope","tbl-h08-prep-sensitivity-map--gt-0002","Exact_stored_scope","tbl-h08-prep-sensitivity-map--gt-0002",393716,393752,18,37
13,"tbl-h08-prep-sensitivity-map","headers",15,356762,356768,"Purpose","tbl-h08-prep-sensitivity-map--gt-0003","Purpose","tbl-h08-prep-sensitivity-map--gt-0003",393846,393882,7,37
13,"tbl-h08-prep-sensitivity-map","headers",16,356877,356893,"Interpretive_rule","tbl-h08-prep-sensitivity-map--gt-0004","Interpretive_rule","tbl-h08-prep-sensitivity-map--gt-0004",393991,394027,17,37
13,"tbl-h08-prep-sensitivity-map","headers",17,357019,357026,"Analysis","tbl-h08-prep-sensitivity-map--gt-0001","Analysis","tbl-h08-prep-sensitivity-map--gt-0001",394153,394189,8,37
13,"tbl-h08-prep-sensitivity-map","headers",18,357092,357109,"Exact_stored_scope","tbl-h08-prep-sensitivity-map--gt-0002","Exact_stored_scope","tbl-h08-prep-sensitivity-map--gt-0002",394255,394291,18,37
13,"tbl-h08-prep-sensitivity-map","headers",19,357192,357198,"Purpose","tbl-h08-prep-sensitivity-map--gt-0003","Purpose","tbl-h08-prep-sensitivity-map--gt-0003",394374,394410,7,37
13,"tbl-h08-prep-sensitivity-map","headers",20,357284,357300,"Interpretive_rule","tbl-h08-prep-sensitivity-map--gt-0004","Interpretive_rule","tbl-h08-prep-sensitivity-map--gt-0004",394496,394532,17,37
13,"tbl-h08-prep-sensitivity-map","headers",21,357465,357472,"Analysis","tbl-h08-prep-sensitivity-map--gt-0001","Analysis","tbl-h08-prep-sensitivity-map--gt-0001",394697,394733,8,37
13,"tbl-h08-prep-sensitivity-map","headers",22,357561,357578,"Exact_stored_scope","tbl-h08-prep-sensitivity-map--gt-0002","Exact_stored_scope","tbl-h08-prep-sensitivity-map--gt-0002",394822,394858,18,37
13,"tbl-h08-prep-sensitivity-map","headers",23,357665,357671,"Purpose","tbl-h08-prep-sensitivity-map--gt-0003","Purpose","tbl-h08-prep-sensitivity-map--gt-0003",394945,394981,7,37
13,"tbl-h08-prep-sensitivity-map","headers",24,357812,357828,"Interpretive_rule","tbl-h08-prep-sensitivity-map--gt-0004","Interpretive_rule","tbl-h08-prep-sensitivity-map--gt-0004",395122,395158,17,37
13,"tbl-h08-prep-sensitivity-map","headers",25,357958,357965,"Analysis","tbl-h08-prep-sensitivity-map--gt-0001","Analysis","tbl-h08-prep-sensitivity-map--gt-0001",395288,395324,8,37
13,"tbl-h08-prep-sensitivity-map","headers",26,358030,358047,"Exact_stored_scope","tbl-h08-prep-sensitivity-map--gt-0002","Exact_stored_scope","tbl-h08-prep-sensitivity-map--gt-0002",395389,395425,18,37
13,"tbl-h08-prep-sensitivity-map","headers",27,358155,358161,"Purpose","tbl-h08-prep-sensitivity-map--gt-0003","Purpose","tbl-h08-prep-sensitivity-map--gt-0003",395533,395569,7,37
13,"tbl-h08-prep-sensitivity-map","headers",28,358277,358293,"Interpretive_rule","tbl-h08-prep-sensitivity-map--gt-0004","Interpretive_rule","tbl-h08-prep-sensitivity-map--gt-0004",395685,395721,17,37
13,"tbl-h08-prep-sensitivity-map","headers",29,358429,358436,"Analysis","tbl-h08-prep-sensitivity-map--gt-0001","Analysis","tbl-h08-prep-sensitivity-map--gt-0001",395857,395893,8,37
13,"tbl-h08-prep-sensitivity-map","headers",30,358510,358527,"Exact_stored_scope","tbl-h08-prep-sensitivity-map--gt-0002","Exact_stored_scope","tbl-h08-prep-sensitivity-map--gt-0002",395967,396003,18,37
13,"tbl-h08-prep-sensitivity-map","headers",31,358604,358610,"Purpose","tbl-h08-prep-sensitivity-map--gt-0003","Purpose","tbl-h08-prep-sensitivity-map--gt-0003",396080,396116,7,37
13,"tbl-h08-prep-sensitivity-map","headers",32,358708,358724,"Interpretive_rule","tbl-h08-prep-sensitivity-map--gt-0004","Interpretive_rule","tbl-h08-prep-sensitivity-map--gt-0004",396214,396250,17,37
14,"tbl-h08-prep-boundary","id",1,373749,373756,"Category","tbl-h08-prep-boundary--gt-0001","","",411275,411304,8,30
14,"tbl-h08-prep-boundary","id",2,373882,373901,"Calculated_on_render","tbl-h08-prep-boundary--gt-0002","","",411430,411459,20,30
14,"tbl-h08-prep-boundary","id",3,374039,374049,"Explanation","tbl-h08-prep-boundary--gt-0003","","",411597,411626,11,30
14,"tbl-h08-prep-boundary","headers",1,374267,374274,"Category","tbl-h08-prep-boundary--gt-0001","Category","tbl-h08-prep-boundary--gt-0001",411844,411873,8,30
14,"tbl-h08-prep-boundary","headers",2,374343,374362,"Calculated_on_render","tbl-h08-prep-boundary--gt-0002","Calculated_on_render","tbl-h08-prep-boundary--gt-0002",411942,411971,20,30
14,"tbl-h08-prep-boundary","headers",3,374410,374420,"Explanation","tbl-h08-prep-boundary--gt-0003","Explanation","tbl-h08-prep-boundary--gt-0003",412019,412048,11,30
14,"tbl-h08-prep-boundary","headers",4,374590,374597,"Category","tbl-h08-prep-boundary--gt-0001","Category","tbl-h08-prep-boundary--gt-0001",412218,412247,8,30
14,"tbl-h08-prep-boundary","headers",5,374672,374691,"Calculated_on_render","tbl-h08-prep-boundary--gt-0002","Calculated_on_render","tbl-h08-prep-boundary--gt-0002",412322,412351,20,30
14,"tbl-h08-prep-boundary","headers",6,374750,374760,"Explanation","tbl-h08-prep-boundary--gt-0003","Explanation","tbl-h08-prep-boundary--gt-0003",412410,412439,11,30
14,"tbl-h08-prep-boundary","headers",7,374931,374938,"Category","tbl-h08-prep-boundary--gt-0001","Category","tbl-h08-prep-boundary--gt-0001",412610,412639,8,30
14,"tbl-h08-prep-boundary","headers",8,375016,375035,"Calculated_on_render","tbl-h08-prep-boundary--gt-0002","Calculated_on_render","tbl-h08-prep-boundary--gt-0002",412717,412746,20,30
14,"tbl-h08-prep-boundary","headers",9,375082,375092,"Explanation","tbl-h08-prep-boundary--gt-0003","Explanation","tbl-h08-prep-boundary--gt-0003",412793,412822,11,30
14,"tbl-h08-prep-boundary","headers",10,375257,375264,"Category","tbl-h08-prep-boundary--gt-0001","Category","tbl-h08-prep-boundary--gt-0001",412987,413016,8,30
14,"tbl-h08-prep-boundary","headers",11,375350,375369,"Calculated_on_render","tbl-h08-prep-boundary--gt-0002","Calculated_on_render","tbl-h08-prep-boundary--gt-0002",413102,413131,20,30
14,"tbl-h08-prep-boundary","headers",12,375427,375437,"Explanation","tbl-h08-prep-boundary--gt-0003","Explanation","tbl-h08-prep-boundary--gt-0003",413189,413218,11,30
14,"tbl-h08-prep-boundary","headers",13,375593,375600,"Category","tbl-h08-prep-boundary--gt-0001","Category","tbl-h08-prep-boundary--gt-0001",413374,413403,8,30
14,"tbl-h08-prep-boundary","headers",14,375659,375678,"Calculated_on_render","tbl-h08-prep-boundary--gt-0002","Calculated_on_render","tbl-h08-prep-boundary--gt-0002",413462,413491,20,30
14,"tbl-h08-prep-boundary","headers",15,375735,375745,"Explanation","tbl-h08-prep-boundary--gt-0003","Explanation","tbl-h08-prep-boundary--gt-0003",413548,413577,11,30
15,"tbl-h08-prep-metric011","id",1,391102,391111,"Audit_item","tbl-h08-prep-metric011--gt-0001","","",428934,428964,10,31
15,"tbl-h08-prep-metric011","id",2,391239,391246,"Observed","tbl-h08-prep-metric011--gt-0002","","",429092,429122,8,31
15,"tbl-h08-prep-metric011","id",3,391372,391377,"Status","tbl-h08-prep-metric011--gt-0003","","",429248,429278,6,31
15,"tbl-h08-prep-metric011","headers",1,391590,391599,"Audit_item","tbl-h08-prep-metric011--gt-0001","Audit_item","tbl-h08-prep-metric011--gt-0001",429491,429521,10,31
15,"tbl-h08-prep-metric011","headers",2,391671,391678,"Observed","tbl-h08-prep-metric011--gt-0002","Observed","tbl-h08-prep-metric011--gt-0002",429593,429623,8,31
15,"tbl-h08-prep-metric011","headers",3,391751,391756,"Status","tbl-h08-prep-metric011--gt-0003","Status","tbl-h08-prep-metric011--gt-0003",429696,429726,6,31
15,"tbl-h08-prep-metric011","headers",4,391840,391849,"Audit_item","tbl-h08-prep-metric011--gt-0001","Audit_item","tbl-h08-prep-metric011--gt-0001",429810,429840,10,31
15,"tbl-h08-prep-metric011","headers",5,391929,391936,"Observed","tbl-h08-prep-metric011--gt-0002","Observed","tbl-h08-prep-metric011--gt-0002",429920,429950,8,31
15,"tbl-h08-prep-metric011","headers",6,392022,392027,"Status","tbl-h08-prep-metric011--gt-0003","Status","tbl-h08-prep-metric011--gt-0003",430036,430066,6,31
15,"tbl-h08-prep-metric011","headers",7,392099,392108,"Audit_item","tbl-h08-prep-metric011--gt-0001","Audit_item","tbl-h08-prep-metric011--gt-0001",430138,430168,10,31
15,"tbl-h08-prep-metric011","headers",8,392170,392177,"Observed","tbl-h08-prep-metric011--gt-0002","Observed","tbl-h08-prep-metric011--gt-0002",430230,430260,8,31
15,"tbl-h08-prep-metric011","headers",9,392238,392243,"Status","tbl-h08-prep-metric011--gt-0003","Status","tbl-h08-prep-metric011--gt-0003",430321,430351,6,31
15,"tbl-h08-prep-metric011","headers",10,392327,392336,"Audit_item","tbl-h08-prep-metric011--gt-0001","Audit_item","tbl-h08-prep-metric011--gt-0001",430435,430465,10,31
15,"tbl-h08-prep-metric011","headers",11,392412,392419,"Observed","tbl-h08-prep-metric011--gt-0002","Observed","tbl-h08-prep-metric011--gt-0002",430541,430571,8,31
15,"tbl-h08-prep-metric011","headers",12,392493,392498,"Status","tbl-h08-prep-metric011--gt-0003","Status","tbl-h08-prep-metric011--gt-0003",430645,430675,6,31
15,"tbl-h08-prep-metric011","headers",13,392570,392579,"Audit_item","tbl-h08-prep-metric011--gt-0001","Audit_item","tbl-h08-prep-metric011--gt-0001",430747,430777,10,31
15,"tbl-h08-prep-metric011","headers",14,392640,392647,"Observed","tbl-h08-prep-metric011--gt-0002","Observed","tbl-h08-prep-metric011--gt-0002",430838,430868,8,31
15,"tbl-h08-prep-metric011","headers",15,392709,392714,"Status","tbl-h08-prep-metric011--gt-0003","Status","tbl-h08-prep-metric011--gt-0003",430930,430960,6,31
16,"tbl-h08-prep-module-map","id",1,407814,407819,"Module","tbl-h08-prep-module-map--gt-0001","","",446060,446091,6,32
16,"tbl-h08-prep-module-map","id",2,407943,407958,"Reads_or_defines","tbl-h08-prep-module-map--gt-0002","","",446215,446246,16,32
16,"tbl-h08-prep-module-map","id",3,408092,408103,"Contribution","tbl-h08-prep-module-map--gt-0003","","",446380,446411,12,32
16,"tbl-h08-prep-module-map","id",4,408233,408244,"Why_separate","tbl-h08-prep-module-map--gt-0004","","",446541,446572,12,32
16,"tbl-h08-prep-module-map","headers",1,408463,408468,"Module","tbl-h08-prep-module-map--gt-0001","Module","tbl-h08-prep-module-map--gt-0001",446791,446822,6,32
16,"tbl-h08-prep-module-map","headers",2,408540,408555,"Reads_or_defines","tbl-h08-prep-module-map--gt-0002","Reads_or_defines","tbl-h08-prep-module-map--gt-0002",446894,446925,16,32
16,"tbl-h08-prep-module-map","headers",3,408636,408647,"Contribution","tbl-h08-prep-module-map--gt-0003","Contribution","tbl-h08-prep-module-map--gt-0003",447006,447037,12,32
16,"tbl-h08-prep-module-map","headers",4,408765,408776,"Why_separate","tbl-h08-prep-module-map--gt-0004","Why_separate","tbl-h08-prep-module-map--gt-0004",447155,447186,12,32
16,"tbl-h08-prep-module-map","headers",5,408900,408905,"Module","tbl-h08-prep-module-map--gt-0001","Module","tbl-h08-prep-module-map--gt-0001",447310,447341,6,32
16,"tbl-h08-prep-module-map","headers",6,408992,409007,"Reads_or_defines","tbl-h08-prep-module-map--gt-0002","Reads_or_defines","tbl-h08-prep-module-map--gt-0002",447428,447459,16,32
16,"tbl-h08-prep-module-map","headers",7,409097,409108,"Contribution","tbl-h08-prep-module-map--gt-0003","Contribution","tbl-h08-prep-module-map--gt-0003",447549,447580,12,32
16,"tbl-h08-prep-module-map","headers",8,409246,409257,"Why_separate","tbl-h08-prep-module-map--gt-0004","Why_separate","tbl-h08-prep-module-map--gt-0004",447718,447749,12,32
16,"tbl-h08-prep-module-map","headers",9,409375,409380,"Module","tbl-h08-prep-module-map--gt-0001","Module","tbl-h08-prep-module-map--gt-0001",447867,447898,6,32
16,"tbl-h08-prep-module-map","headers",10,409459,409474,"Reads_or_defines","tbl-h08-prep-module-map--gt-0002","Reads_or_defines","tbl-h08-prep-module-map--gt-0002",447977,448008,16,32
16,"tbl-h08-prep-module-map","headers",11,409540,409551,"Contribution","tbl-h08-prep-module-map--gt-0003","Contribution","tbl-h08-prep-module-map--gt-0003",448074,448105,12,32
16,"tbl-h08-prep-module-map","headers",12,409662,409673,"Why_separate","tbl-h08-prep-module-map--gt-0004","Why_separate","tbl-h08-prep-module-map--gt-0004",448216,448247,12,32
16,"tbl-h08-prep-module-map","headers",13,409798,409803,"Module","tbl-h08-prep-module-map--gt-0001","Module","tbl-h08-prep-module-map--gt-0001",448372,448403,6,32
16,"tbl-h08-prep-module-map","headers",14,409896,409911,"Reads_or_defines","tbl-h08-prep-module-map--gt-0002","Reads_or_defines","tbl-h08-prep-module-map--gt-0002",448496,448527,16,32
16,"tbl-h08-prep-module-map","headers",15,410026,410037,"Contribution","tbl-h08-prep-module-map--gt-0003","Contribution","tbl-h08-prep-module-map--gt-0003",448642,448673,12,32
16,"tbl-h08-prep-module-map","headers",16,410145,410156,"Why_separate","tbl-h08-prep-module-map--gt-0004","Why_separate","tbl-h08-prep-module-map--gt-0004",448781,448812,12,32
16,"tbl-h08-prep-module-map","headers",17,410276,410281,"Module","tbl-h08-prep-module-map--gt-0001","Module","tbl-h08-prep-module-map--gt-0001",448932,448963,6,32
16,"tbl-h08-prep-module-map","headers",18,410363,410378,"Reads_or_defines","tbl-h08-prep-module-map--gt-0002","Reads_or_defines","tbl-h08-prep-module-map--gt-0002",449045,449076,16,32
16,"tbl-h08-prep-module-map","headers",19,410491,410502,"Contribution","tbl-h08-prep-module-map--gt-0003","Contribution","tbl-h08-prep-module-map--gt-0003",449189,449220,12,32
16,"tbl-h08-prep-module-map","headers",20,410601,410612,"Why_separate","tbl-h08-prep-module-map--gt-0004","Why_separate","tbl-h08-prep-module-map--gt-0004",449319,449350,12,32
16,"tbl-h08-prep-module-map","headers",21,410748,410753,"Module","tbl-h08-prep-module-map--gt-0001","Module","tbl-h08-prep-module-map--gt-0001",449486,449517,6,32
16,"tbl-h08-prep-module-map","headers",22,410858,410873,"Reads_or_defines","tbl-h08-prep-module-map--gt-0002","Reads_or_defines","tbl-h08-prep-module-map--gt-0002",449622,449653,16,32
16,"tbl-h08-prep-module-map","headers",23,410999,411010,"Contribution","tbl-h08-prep-module-map--gt-0003","Contribution","tbl-h08-prep-module-map--gt-0003",449779,449810,12,32
16,"tbl-h08-prep-module-map","headers",24,411188,411199,"Why_separate","tbl-h08-prep-module-map--gt-0004","Why_separate","tbl-h08-prep-module-map--gt-0004",449988,450019,12,32
17,"tbl-h08-prep-script-map","id",1,426574,426580,"a::stub","tbl-h08-prep-script-map--gt-0001","","",465394,465425,7,32
17,"tbl-h08-prep-script-map","id",2,426698,426708,"Entry_point","tbl-h08-prep-script-map--gt-0002","","",465543,465574,11,32
17,"tbl-h08-prep-script-map","id",3,426837,426841,"Reads","tbl-h08-prep-script-map--gt-0003","","",465703,465734,5,32
17,"tbl-h08-prep-script-map","id",4,426964,426971,"Produces","tbl-h08-prep-script-map--gt-0004","","",465857,465888,8,32
17,"tbl-h08-prep-script-map","id",5,427097,427118,"Runs_when_page_renders","tbl-h08-prep-script-map--gt-0005","","",466014,466045,22,32
17,"tbl-h08-prep-script-map","id",6,427319,427326,"stub_1_1","tbl-h08-prep-script-map--gt-0006","","",466246,466277,8,32
17,"tbl-h08-prep-script-map","headers",1,427449,427468,"stub_1_1 Entry_point","tbl-h08-prep-script-map--gt-0006 tbl-h08-prep-script-map--gt-0002","stub_1_1|Entry_point","tbl-h08-prep-script-map--gt-0006|tbl-h08-prep-script-map--gt-0002",466400,466464,20,65
17,"tbl-h08-prep-script-map","headers",2,427529,427542,"stub_1_1 Reads","tbl-h08-prep-script-map--gt-0006 tbl-h08-prep-script-map--gt-0003","stub_1_1|Reads","tbl-h08-prep-script-map--gt-0006|tbl-h08-prep-script-map--gt-0003",466525,466589,14,65
17,"tbl-h08-prep-script-map","headers",3,427647,427663,"stub_1_1 Produces","tbl-h08-prep-script-map--gt-0006 tbl-h08-prep-script-map--gt-0004","stub_1_1|Produces","tbl-h08-prep-script-map--gt-0006|tbl-h08-prep-script-map--gt-0004",466694,466758,17,65
17,"tbl-h08-prep-script-map","headers",4,427790,427820,"stub_1_1 Runs_when_page_renders","tbl-h08-prep-script-map--gt-0006 tbl-h08-prep-script-map--gt-0005","stub_1_1|Runs_when_page_renders","tbl-h08-prep-script-map--gt-0006|tbl-h08-prep-script-map--gt-0005",466885,466949,31,65
17,"tbl-h08-prep-script-map","id",7,427863,427870,"stub_1_2","tbl-h08-prep-script-map--gt-0007","","",466992,467023,8,32
17,"tbl-h08-prep-script-map","headers",5,428004,428023,"stub_1_2 Entry_point","tbl-h08-prep-script-map--gt-0007 tbl-h08-prep-script-map--gt-0002","stub_1_2|Entry_point","tbl-h08-prep-script-map--gt-0007|tbl-h08-prep-script-map--gt-0002",467157,467221,20,65
17,"tbl-h08-prep-script-map","headers",6,428105,428118,"stub_1_2 Reads","tbl-h08-prep-script-map--gt-0007 tbl-h08-prep-script-map--gt-0003","stub_1_2|Reads","tbl-h08-prep-script-map--gt-0007|tbl-h08-prep-script-map--gt-0003",467303,467367,14,65
17,"tbl-h08-prep-script-map","headers",7,428258,428274,"stub_1_2 Produces","tbl-h08-prep-script-map--gt-0007 tbl-h08-prep-script-map--gt-0004","stub_1_2|Produces","tbl-h08-prep-script-map--gt-0007|tbl-h08-prep-script-map--gt-0004",467507,467571,17,65
17,"tbl-h08-prep-script-map","headers",8,428430,428460,"stub_1_2 Runs_when_page_renders","tbl-h08-prep-script-map--gt-0007 tbl-h08-prep-script-map--gt-0005","stub_1_2|Runs_when_page_renders","tbl-h08-prep-script-map--gt-0007|tbl-h08-prep-script-map--gt-0005",467727,467791,31,65
17,"tbl-h08-prep-script-map","id",8,428529,428536,"stub_1_3","tbl-h08-prep-script-map--gt-0008","","",467860,467891,8,32
17,"tbl-h08-prep-script-map","headers",9,428659,428678,"stub_1_3 Entry_point","tbl-h08-prep-script-map--gt-0008 tbl-h08-prep-script-map--gt-0002","stub_1_3|Entry_point","tbl-h08-prep-script-map--gt-0008|tbl-h08-prep-script-map--gt-0002",468014,468078,20,65
17,"tbl-h08-prep-script-map","headers",10,428751,428764,"stub_1_3 Reads","tbl-h08-prep-script-map--gt-0008 tbl-h08-prep-script-map--gt-0003","stub_1_3|Reads","tbl-h08-prep-script-map--gt-0008|tbl-h08-prep-script-map--gt-0003",468151,468215,14,65
17,"tbl-h08-prep-script-map","headers",11,428843,428859,"stub_1_3 Produces","tbl-h08-prep-script-map--gt-0008 tbl-h08-prep-script-map--gt-0004","stub_1_3|Produces","tbl-h08-prep-script-map--gt-0008|tbl-h08-prep-script-map--gt-0004",468294,468358,17,65
17,"tbl-h08-prep-script-map","headers",12,428978,429008,"stub_1_3 Runs_when_page_renders","tbl-h08-prep-script-map--gt-0008 tbl-h08-prep-script-map--gt-0005","stub_1_3|Runs_when_page_renders","tbl-h08-prep-script-map--gt-0008|tbl-h08-prep-script-map--gt-0005",468477,468541,31,65
17,"tbl-h08-prep-script-map","id",9,429051,429058,"stub_1_4","tbl-h08-prep-script-map--gt-0009","","",468584,468615,8,32
17,"tbl-h08-prep-script-map","headers",13,429192,429211,"stub_1_4 Entry_point","tbl-h08-prep-script-map--gt-0009 tbl-h08-prep-script-map--gt-0002","stub_1_4|Entry_point","tbl-h08-prep-script-map--gt-0009|tbl-h08-prep-script-map--gt-0002",468749,468813,20,65
17,"tbl-h08-prep-script-map","headers",14,429295,429308,"stub_1_4 Reads","tbl-h08-prep-script-map--gt-0009 tbl-h08-prep-script-map--gt-0003","stub_1_4|Reads","tbl-h08-prep-script-map--gt-0009|tbl-h08-prep-script-map--gt-0003",468897,468961,14,65
17,"tbl-h08-prep-script-map","headers",15,429407,429423,"stub_1_4 Produces","tbl-h08-prep-script-map--gt-0009 tbl-h08-prep-script-map--gt-0004","stub_1_4|Produces","tbl-h08-prep-script-map--gt-0009|tbl-h08-prep-script-map--gt-0004",469060,469124,17,65
17,"tbl-h08-prep-script-map","headers",16,429512,429542,"stub_1_4 Runs_when_page_renders","tbl-h08-prep-script-map--gt-0009 tbl-h08-prep-script-map--gt-0005","stub_1_4|Runs_when_page_renders","tbl-h08-prep-script-map--gt-0009|tbl-h08-prep-script-map--gt-0005",469213,469277,31,65
17,"tbl-h08-prep-script-map","id",10,429584,429591,"stub_1_5","tbl-h08-prep-script-map--gt-0010","","",469319,469350,8,32
17,"tbl-h08-prep-script-map","headers",17,429714,429733,"stub_1_5 Entry_point","tbl-h08-prep-script-map--gt-0010 tbl-h08-prep-script-map--gt-0002","stub_1_5|Entry_point","tbl-h08-prep-script-map--gt-0010|tbl-h08-prep-script-map--gt-0002",469473,469537,20,65
17,"tbl-h08-prep-script-map","headers",18,429811,429824,"stub_1_5 Reads","tbl-h08-prep-script-map--gt-0010 tbl-h08-prep-script-map--gt-0003","stub_1_5|Reads","tbl-h08-prep-script-map--gt-0010|tbl-h08-prep-script-map--gt-0003",469615,469679,14,65
17,"tbl-h08-prep-script-map","headers",19,429918,429934,"stub_1_5 Produces","tbl-h08-prep-script-map--gt-0010 tbl-h08-prep-script-map--gt-0004","stub_1_5|Produces","tbl-h08-prep-script-map--gt-0010|tbl-h08-prep-script-map--gt-0004",469773,469837,17,65
17,"tbl-h08-prep-script-map","headers",20,430030,430060,"stub_1_5 Runs_when_page_renders","tbl-h08-prep-script-map--gt-0010 tbl-h08-prep-script-map--gt-0005","stub_1_5|Runs_when_page_renders","tbl-h08-prep-script-map--gt-0010|tbl-h08-prep-script-map--gt-0005",469933,469997,31,65
17,"tbl-h08-prep-script-map","id",11,430125,430132,"stub_1_6","tbl-h08-prep-script-map--gt-0011","","",470062,470093,8,32
17,"tbl-h08-prep-script-map","headers",21,430266,430285,"stub_1_6 Entry_point","tbl-h08-prep-script-map--gt-0011 tbl-h08-prep-script-map--gt-0002","stub_1_6|Entry_point","tbl-h08-prep-script-map--gt-0011|tbl-h08-prep-script-map--gt-0002",470227,470291,20,65
17,"tbl-h08-prep-script-map","headers",22,430369,430382,"stub_1_6 Reads","tbl-h08-prep-script-map--gt-0011 tbl-h08-prep-script-map--gt-0003","stub_1_6|Reads","tbl-h08-prep-script-map--gt-0011|tbl-h08-prep-script-map--gt-0003",470375,470439,14,65
17,"tbl-h08-prep-script-map","headers",23,430486,430502,"stub_1_6 Produces","tbl-h08-prep-script-map--gt-0011 tbl-h08-prep-script-map--gt-0004","stub_1_6|Produces","tbl-h08-prep-script-map--gt-0011|tbl-h08-prep-script-map--gt-0004",470543,470607,17,65
17,"tbl-h08-prep-script-map","headers",24,430599,430629,"stub_1_6 Runs_when_page_renders","tbl-h08-prep-script-map--gt-0011 tbl-h08-prep-script-map--gt-0005","stub_1_6|Runs_when_page_renders","tbl-h08-prep-script-map--gt-0011|tbl-h08-prep-script-map--gt-0005",470704,470768,31,65
17,"tbl-h08-prep-script-map","id",12,430672,430679,"stub_1_7","tbl-h08-prep-script-map--gt-0012","","",470811,470842,8,32
17,"tbl-h08-prep-script-map","headers",25,430802,430821,"stub_1_7 Entry_point","tbl-h08-prep-script-map--gt-0012 tbl-h08-prep-script-map--gt-0002","stub_1_7|Entry_point","tbl-h08-prep-script-map--gt-0012|tbl-h08-prep-script-map--gt-0002",470965,471029,20,65
17,"tbl-h08-prep-script-map","headers",26,430901,430914,"stub_1_7 Reads","tbl-h08-prep-script-map--gt-0012 tbl-h08-prep-script-map--gt-0003","stub_1_7|Reads","tbl-h08-prep-script-map--gt-0012|tbl-h08-prep-script-map--gt-0003",471109,471173,14,65
17,"tbl-h08-prep-script-map","headers",27,431013,431029,"stub_1_7 Produces","tbl-h08-prep-script-map--gt-0012 tbl-h08-prep-script-map--gt-0004","stub_1_7|Produces","tbl-h08-prep-script-map--gt-0012|tbl-h08-prep-script-map--gt-0004",471272,471336,17,65
17,"tbl-h08-prep-script-map","headers",28,431126,431156,"stub_1_7 Runs_when_page_renders","tbl-h08-prep-script-map--gt-0012 tbl-h08-prep-script-map--gt-0005","stub_1_7|Runs_when_page_renders","tbl-h08-prep-script-map--gt-0012|tbl-h08-prep-script-map--gt-0005",471433,471497,31,65
17,"tbl-h08-prep-script-map","id",13,431220,431227,"stub_1_8","tbl-h08-prep-script-map--gt-0013","","",471561,471592,8,32
17,"tbl-h08-prep-script-map","headers",29,431361,431380,"stub_1_8 Entry_point","tbl-h08-prep-script-map--gt-0013 tbl-h08-prep-script-map--gt-0002","stub_1_8|Entry_point","tbl-h08-prep-script-map--gt-0013|tbl-h08-prep-script-map--gt-0002",471726,471790,20,65
17,"tbl-h08-prep-script-map","headers",30,431475,431488,"stub_1_8 Reads","tbl-h08-prep-script-map--gt-0013 tbl-h08-prep-script-map--gt-0003","stub_1_8|Reads","tbl-h08-prep-script-map--gt-0013|tbl-h08-prep-script-map--gt-0003",471885,471949,14,65
17,"tbl-h08-prep-script-map","headers",31,431624,431640,"stub_1_8 Produces","tbl-h08-prep-script-map--gt-0013 tbl-h08-prep-script-map--gt-0004","stub_1_8|Produces","tbl-h08-prep-script-map--gt-0013|tbl-h08-prep-script-map--gt-0004",472085,472149,17,65
17,"tbl-h08-prep-script-map","headers",32,431736,431766,"stub_1_8 Runs_when_page_renders","tbl-h08-prep-script-map--gt-0013 tbl-h08-prep-script-map--gt-0005","stub_1_8|Runs_when_page_renders","tbl-h08-prep-script-map--gt-0013|tbl-h08-prep-script-map--gt-0005",472245,472309,31,65
18,"tbl-h08-prep-output-identities","id",1,451482,451487,"Output","tbl-h08-prep-output-identities--gt-0001","","",492025,492063,6,39
18,"tbl-h08-prep-output-identities","id",2,451611,451614,"Path","tbl-h08-prep-output-identities--gt-0002","","",492187,492225,4,39
18,"tbl-h08-prep-output-identities","id",3,451736,451743,"Producer","tbl-h08-prep-output-identities--gt-0003","","",492347,492385,8,39
18,"tbl-h08-prep-output-identities","id",4,451869,451882,"SHA-256-prefix","tbl-h08-prep-output-identities--gt-0004","","",492511,492549,14,39
18,"tbl-h08-prep-output-identities","id",5,452014,452018,"Bytes","tbl-h08-prep-output-identities--gt-0005","","",492681,492719,5,39
18,"tbl-h08-prep-output-identities","headers",1,452231,452236,"Output","tbl-h08-prep-output-identities--gt-0001","Output","tbl-h08-prep-output-identities--gt-0001",492932,492970,6,39
18,"tbl-h08-prep-output-identities","headers",2,452300,452303,"Path","tbl-h08-prep-output-identities--gt-0002","Path","tbl-h08-prep-output-identities--gt-0002",493034,493072,4,39
18,"tbl-h08-prep-output-identities","headers",3,452396,452403,"Producer","tbl-h08-prep-output-identities--gt-0003","Producer","tbl-h08-prep-output-identities--gt-0003",493165,493203,8,39
18,"tbl-h08-prep-output-identities","headers",4,452474,452487,"SHA-256 prefix","tbl-h08-prep-output-identities--gt-0004","SHA-256-prefix","tbl-h08-prep-output-identities--gt-0004",493274,493312,14,39
18,"tbl-h08-prep-output-identities","headers",5,452549,452553,"Bytes","tbl-h08-prep-output-identities--gt-0005","Bytes","tbl-h08-prep-output-identities--gt-0005",493374,493412,5,39
18,"tbl-h08-prep-output-identities","headers",6,452640,452645,"Output","tbl-h08-prep-output-identities--gt-0001","Output","tbl-h08-prep-output-identities--gt-0001",493499,493537,6,39
18,"tbl-h08-prep-output-identities","headers",7,452718,452721,"Path","tbl-h08-prep-output-identities--gt-0002","Path","tbl-h08-prep-output-identities--gt-0002",493610,493648,4,39
18,"tbl-h08-prep-output-identities","headers",8,452830,452837,"Producer","tbl-h08-prep-output-identities--gt-0003","Producer","tbl-h08-prep-output-identities--gt-0003",493757,493795,8,39
18,"tbl-h08-prep-output-identities","headers",9,452919,452932,"SHA-256 prefix","tbl-h08-prep-output-identities--gt-0004","SHA-256-prefix","tbl-h08-prep-output-identities--gt-0004",493877,493915,14,39
18,"tbl-h08-prep-output-identities","headers",10,453005,453009,"Bytes","tbl-h08-prep-output-identities--gt-0005","Bytes","tbl-h08-prep-output-identities--gt-0005",493988,494026,5,39
18,"tbl-h08-prep-output-identities","headers",11,453083,453088,"Output","tbl-h08-prep-output-identities--gt-0001","Output","tbl-h08-prep-output-identities--gt-0001",494100,494138,6,39
18,"tbl-h08-prep-output-identities","headers",12,453153,453156,"Path","tbl-h08-prep-output-identities--gt-0002","Path","tbl-h08-prep-output-identities--gt-0002",494203,494241,4,39
18,"tbl-h08-prep-output-identities","headers",13,453246,453253,"Producer","tbl-h08-prep-output-identities--gt-0003","Producer","tbl-h08-prep-output-identities--gt-0003",494331,494369,8,39
18,"tbl-h08-prep-output-identities","headers",14,453324,453337,"SHA-256 prefix","tbl-h08-prep-output-identities--gt-0004","SHA-256-prefix","tbl-h08-prep-output-identities--gt-0004",494440,494478,14,39
18,"tbl-h08-prep-output-identities","headers",15,453399,453403,"Bytes","tbl-h08-prep-output-identities--gt-0005","Bytes","tbl-h08-prep-output-identities--gt-0005",494540,494578,5,39
18,"tbl-h08-prep-output-identities","headers",16,453492,453497,"Output","tbl-h08-prep-output-identities--gt-0001","Output","tbl-h08-prep-output-identities--gt-0001",494667,494705,6,39
18,"tbl-h08-prep-output-identities","headers",17,453568,453571,"Path","tbl-h08-prep-output-identities--gt-0002","Path","tbl-h08-prep-output-identities--gt-0002",494776,494814,4,39
18,"tbl-h08-prep-output-identities","headers",18,453674,453681,"Producer","tbl-h08-prep-output-identities--gt-0003","Producer","tbl-h08-prep-output-identities--gt-0003",494917,494955,8,39
18,"tbl-h08-prep-output-identities","headers",19,453763,453776,"SHA-256 prefix","tbl-h08-prep-output-identities--gt-0004","SHA-256-prefix","tbl-h08-prep-output-identities--gt-0004",495037,495075,14,39
18,"tbl-h08-prep-output-identities","headers",20,453849,453853,"Bytes","tbl-h08-prep-output-identities--gt-0005","Bytes","tbl-h08-prep-output-identities--gt-0005",495148,495186,5,39
18,"tbl-h08-prep-output-identities","headers",21,453928,453933,"Output","tbl-h08-prep-output-identities--gt-0001","Output","tbl-h08-prep-output-identities--gt-0001",495261,495299,6,39
18,"tbl-h08-prep-output-identities","headers",22,453992,453995,"Path","tbl-h08-prep-output-identities--gt-0002","Path","tbl-h08-prep-output-identities--gt-0002",495358,495396,4,39
18,"tbl-h08-prep-output-identities","headers",23,454092,454099,"Producer","tbl-h08-prep-output-identities--gt-0003","Producer","tbl-h08-prep-output-identities--gt-0003",495493,495531,8,39
18,"tbl-h08-prep-output-identities","headers",24,454170,454183,"SHA-256 prefix","tbl-h08-prep-output-identities--gt-0004","SHA-256-prefix","tbl-h08-prep-output-identities--gt-0004",495602,495640,14,39
18,"tbl-h08-prep-output-identities","headers",25,454245,454249,"Bytes","tbl-h08-prep-output-identities--gt-0005","Bytes","tbl-h08-prep-output-identities--gt-0005",495702,495740,5,39
18,"tbl-h08-prep-output-identities","headers",26,454335,454340,"Output","tbl-h08-prep-output-identities--gt-0001","Output","tbl-h08-prep-output-identities--gt-0001",495826,495864,6,39
18,"tbl-h08-prep-output-identities","headers",27,454413,454416,"Path","tbl-h08-prep-output-identities--gt-0002","Path","tbl-h08-prep-output-identities--gt-0002",495937,495975,4,39
18,"tbl-h08-prep-output-identities","headers",28,454526,454533,"Producer","tbl-h08-prep-output-identities--gt-0003","Producer","tbl-h08-prep-output-identities--gt-0003",496085,496123,8,39
18,"tbl-h08-prep-output-identities","headers",29,454615,454628,"SHA-256 prefix","tbl-h08-prep-output-identities--gt-0004","SHA-256-prefix","tbl-h08-prep-output-identities--gt-0004",496205,496243,14,39
18,"tbl-h08-prep-output-identities","headers",30,454701,454705,"Bytes","tbl-h08-prep-output-identities--gt-0005","Bytes","tbl-h08-prep-output-identities--gt-0005",496316,496354,5,39
18,"tbl-h08-prep-output-identities","headers",31,454779,454784,"Output","tbl-h08-prep-output-identities--gt-0001","Output","tbl-h08-prep-output-identities--gt-0001",496428,496466,6,39
18,"tbl-h08-prep-output-identities","headers",32,454850,454853,"Path","tbl-h08-prep-output-identities--gt-0002","Path","tbl-h08-prep-output-identities--gt-0002",496532,496570,4,39
18,"tbl-h08-prep-output-identities","headers",33,454961,454968,"Producer","tbl-h08-prep-output-identities--gt-0003","Producer","tbl-h08-prep-output-identities--gt-0003",496678,496716,8,39
18,"tbl-h08-prep-output-identities","headers",34,455039,455052,"SHA-256 prefix","tbl-h08-prep-output-identities--gt-0004","SHA-256-prefix","tbl-h08-prep-output-identities--gt-0004",496787,496825,14,39
18,"tbl-h08-prep-output-identities","headers",35,455114,455118,"Bytes","tbl-h08-prep-output-identities--gt-0005","Bytes","tbl-h08-prep-output-identities--gt-0005",496887,496925,5,39
18,"tbl-h08-prep-output-identities","headers",36,455203,455208,"Output","tbl-h08-prep-output-identities--gt-0001","Output","tbl-h08-prep-output-identities--gt-0001",497010,497048,6,39
18,"tbl-h08-prep-output-identities","headers",37,455287,455290,"Path","tbl-h08-prep-output-identities--gt-0002","Path","tbl-h08-prep-output-identities--gt-0002",497127,497165,4,39
18,"tbl-h08-prep-output-identities","headers",38,455412,455419,"Producer","tbl-h08-prep-output-identities--gt-0003","Producer","tbl-h08-prep-output-identities--gt-0003",497287,497325,8,39
18,"tbl-h08-prep-output-identities","headers",39,455501,455514,"SHA-256 prefix","tbl-h08-prep-output-identities--gt-0004","SHA-256-prefix","tbl-h08-prep-output-identities--gt-0004",497407,497445,14,39
18,"tbl-h08-prep-output-identities","headers",40,455587,455591,"Bytes","tbl-h08-prep-output-identities--gt-0005","Bytes","tbl-h08-prep-output-identities--gt-0005",497518,497556,5,39
18,"tbl-h08-prep-output-identities","headers",41,455664,455669,"Output","tbl-h08-prep-output-identities--gt-0001","Output","tbl-h08-prep-output-identities--gt-0001",497629,497667,6,39
18,"tbl-h08-prep-output-identities","headers",42,455742,455745,"Path","tbl-h08-prep-output-identities--gt-0002","Path","tbl-h08-prep-output-identities--gt-0002",497740,497778,4,39
18,"tbl-h08-prep-output-identities","headers",43,455849,455856,"Producer","tbl-h08-prep-output-identities--gt-0003","Producer","tbl-h08-prep-output-identities--gt-0003",497882,497920,8,39
18,"tbl-h08-prep-output-identities","headers",44,455927,455940,"SHA-256 prefix","tbl-h08-prep-output-identities--gt-0004","SHA-256-prefix","tbl-h08-prep-output-identities--gt-0004",497991,498029,14,39
18,"tbl-h08-prep-output-identities","headers",45,456002,456006,"Bytes","tbl-h08-prep-output-identities--gt-0005","Bytes","tbl-h08-prep-output-identities--gt-0005",498091,498129,5,39
18,"tbl-h08-prep-output-identities","headers",46,456091,456096,"Output","tbl-h08-prep-output-identities--gt-0001","Output","tbl-h08-prep-output-identities--gt-0001",498214,498252,6,39
18,"tbl-h08-prep-output-identities","headers",47,456187,456190,"Path","tbl-h08-prep-output-identities--gt-0002","Path","tbl-h08-prep-output-identities--gt-0002",498343,498381,4,39
18,"tbl-h08-prep-output-identities","headers",48,456304,456311,"Producer","tbl-h08-prep-output-identities--gt-0003","Producer","tbl-h08-prep-output-identities--gt-0003",498495,498533,8,39
18,"tbl-h08-prep-output-identities","headers",49,456393,456406,"SHA-256 prefix","tbl-h08-prep-output-identities--gt-0004","SHA-256-prefix","tbl-h08-prep-output-identities--gt-0004",498615,498653,14,39
18,"tbl-h08-prep-output-identities","headers",50,456479,456483,"Bytes","tbl-h08-prep-output-identities--gt-0005","Bytes","tbl-h08-prep-output-identities--gt-0005",498726,498764,5,39
18,"tbl-h08-prep-output-identities","headers",51,456556,456561,"Output","tbl-h08-prep-output-identities--gt-0001","Output","tbl-h08-prep-output-identities--gt-0001",498837,498875,6,39
18,"tbl-h08-prep-output-identities","headers",52,456631,456634,"Path","tbl-h08-prep-output-identities--gt-0002","Path","tbl-h08-prep-output-identities--gt-0002",498945,498983,4,39
18,"tbl-h08-prep-output-identities","headers",53,456738,456745,"Producer","tbl-h08-prep-output-identities--gt-0003","Producer","tbl-h08-prep-output-identities--gt-0003",499087,499125,8,39
18,"tbl-h08-prep-output-identities","headers",54,456816,456829,"SHA-256 prefix","tbl-h08-prep-output-identities--gt-0004","SHA-256-prefix","tbl-h08-prep-output-identities--gt-0004",499196,499234,14,39
18,"tbl-h08-prep-output-identities","headers",55,456891,456895,"Bytes","tbl-h08-prep-output-identities--gt-0005","Bytes","tbl-h08-prep-output-identities--gt-0005",499296,499334,5,39
18,"tbl-h08-prep-output-identities","headers",56,456981,456986,"Output","tbl-h08-prep-output-identities--gt-0001","Output","tbl-h08-prep-output-identities--gt-0001",499420,499458,6,39
18,"tbl-h08-prep-output-identities","headers",57,457067,457070,"Path","tbl-h08-prep-output-identities--gt-0002","Path","tbl-h08-prep-output-identities--gt-0002",499539,499577,4,39
18,"tbl-h08-prep-output-identities","headers",58,457184,457191,"Producer","tbl-h08-prep-output-identities--gt-0003","Producer","tbl-h08-prep-output-identities--gt-0003",499691,499729,8,39
18,"tbl-h08-prep-output-identities","headers",59,457282,457295,"SHA-256 prefix","tbl-h08-prep-output-identities--gt-0004","SHA-256-prefix","tbl-h08-prep-output-identities--gt-0004",499820,499858,14,39
18,"tbl-h08-prep-output-identities","headers",60,457368,457372,"Bytes","tbl-h08-prep-output-identities--gt-0005","Bytes","tbl-h08-prep-output-identities--gt-0005",499931,499969,5,39
18,"tbl-h08-prep-output-identities","headers",61,457445,457450,"Output","tbl-h08-prep-output-identities--gt-0001","Output","tbl-h08-prep-output-identities--gt-0001",500042,500080,6,39
18,"tbl-h08-prep-output-identities","headers",62,457520,457523,"Path","tbl-h08-prep-output-identities--gt-0002","Path","tbl-h08-prep-output-identities--gt-0002",500150,500188,4,39
18,"tbl-h08-prep-output-identities","headers",63,457596,457603,"Producer","tbl-h08-prep-output-identities--gt-0003","Producer","tbl-h08-prep-output-identities--gt-0003",500261,500299,8,39
18,"tbl-h08-prep-output-identities","headers",64,457676,457689,"SHA-256 prefix","tbl-h08-prep-output-identities--gt-0004","SHA-256-prefix","tbl-h08-prep-output-identities--gt-0004",500372,500410,14,39
18,"tbl-h08-prep-output-identities","headers",65,457751,457755,"Bytes","tbl-h08-prep-output-identities--gt-0005","Bytes","tbl-h08-prep-output-identities--gt-0005",500472,500510,5,39
19,"tbl-h08-prep-environment","id",1,474816,474822,"a::stub","tbl-h08-prep-environment--gt-0001","","",517571,517603,7,33
19,"tbl-h08-prep-environment","id",2,474940,474946,"Version","tbl-h08-prep-environment--gt-0002","","",517721,517753,7,33
19,"tbl-h08-prep-environment","id",3,475072,475075,"Role","tbl-h08-prep-environment--gt-0003","","",517879,517911,4,33
19,"tbl-h08-prep-environment","id",4,475258,475265,"stub_1_1","tbl-h08-prep-environment--gt-0004","","",518094,518126,8,33
19,"tbl-h08-prep-environment","headers",1,475388,475403,"stub_1_1 Version","tbl-h08-prep-environment--gt-0004 tbl-h08-prep-environment--gt-0002","stub_1_1|Version","tbl-h08-prep-environment--gt-0004|tbl-h08-prep-environment--gt-0002",518249,518315,16,67
19,"tbl-h08-prep-environment","headers",2,475453,475465,"stub_1_1 Role","tbl-h08-prep-environment--gt-0004 tbl-h08-prep-environment--gt-0003","stub_1_1|Role","tbl-h08-prep-environment--gt-0004|tbl-h08-prep-environment--gt-0003",518365,518431,13,67
19,"tbl-h08-prep-environment","id",5,475563,475570,"stub_1_2","tbl-h08-prep-environment--gt-0005","","",518529,518561,8,33
19,"tbl-h08-prep-environment","headers",3,475708,475723,"stub_1_2 Version","tbl-h08-prep-environment--gt-0005 tbl-h08-prep-environment--gt-0002","stub_1_2|Version","tbl-h08-prep-environment--gt-0005|tbl-h08-prep-environment--gt-0002",518699,518765,16,67
19,"tbl-h08-prep-environment","headers",4,475784,475796,"stub_1_2 Role","tbl-h08-prep-environment--gt-0005 tbl-h08-prep-environment--gt-0003","stub_1_2|Role","tbl-h08-prep-environment--gt-0005|tbl-h08-prep-environment--gt-0003",518826,518892,13,67
19,"tbl-h08-prep-environment","id",6,475853,475860,"stub_1_3","tbl-h08-prep-environment--gt-0006","","",518949,518981,8,33
19,"tbl-h08-prep-environment","headers",5,475987,476002,"stub_1_3 Version","tbl-h08-prep-environment--gt-0006 tbl-h08-prep-environment--gt-0002","stub_1_3|Version","tbl-h08-prep-environment--gt-0006|tbl-h08-prep-environment--gt-0002",519108,519174,16,67
19,"tbl-h08-prep-environment","headers",6,476052,476064,"stub_1_3 Role","tbl-h08-prep-environment--gt-0006 tbl-h08-prep-environment--gt-0003","stub_1_3|Role","tbl-h08-prep-environment--gt-0006|tbl-h08-prep-environment--gt-0003",519224,519290,13,67
19,"tbl-h08-prep-environment","id",7,476120,476127,"stub_1_4","tbl-h08-prep-environment--gt-0007","","",519346,519378,8,33
19,"tbl-h08-prep-environment","headers",7,476266,476281,"stub_1_4 Version","tbl-h08-prep-environment--gt-0007 tbl-h08-prep-environment--gt-0002","stub_1_4|Version","tbl-h08-prep-environment--gt-0007|tbl-h08-prep-environment--gt-0002",519517,519583,16,67
19,"tbl-h08-prep-environment","headers",8,476343,476355,"stub_1_4 Role","tbl-h08-prep-environment--gt-0007 tbl-h08-prep-environment--gt-0003","stub_1_4|Role","tbl-h08-prep-environment--gt-0007|tbl-h08-prep-environment--gt-0003",519645,519711,13,67
19,"tbl-h08-prep-environment","id",8,476429,476436,"stub_1_5","tbl-h08-prep-environment--gt-0008","","",519785,519817,8,33
19,"tbl-h08-prep-environment","headers",9,476562,476577,"stub_1_5 Version","tbl-h08-prep-environment--gt-0008 tbl-h08-prep-environment--gt-0002","stub_1_5|Version","tbl-h08-prep-environment--gt-0008|tbl-h08-prep-environment--gt-0002",519943,520009,16,67
19,"tbl-h08-prep-environment","headers",10,476627,476639,"stub_1_5 Role","tbl-h08-prep-environment--gt-0008 tbl-h08-prep-environment--gt-0003","stub_1_5|Role","tbl-h08-prep-environment--gt-0008|tbl-h08-prep-environment--gt-0003",520059,520125,13,67
19,"tbl-h08-prep-environment","id",9,476701,476708,"stub_1_6","tbl-h08-prep-environment--gt-0009","","",520187,520219,8,33
19,"tbl-h08-prep-environment","headers",11,476848,476863,"stub_1_6 Version","tbl-h08-prep-environment--gt-0009 tbl-h08-prep-environment--gt-0002","stub_1_6|Version","tbl-h08-prep-environment--gt-0009|tbl-h08-prep-environment--gt-0002",520359,520425,16,67
19,"tbl-h08-prep-environment","headers",12,476925,476937,"stub_1_6 Role","tbl-h08-prep-environment--gt-0009 tbl-h08-prep-environment--gt-0003","stub_1_6|Role","tbl-h08-prep-environment--gt-0009|tbl-h08-prep-environment--gt-0003",520487,520553,13,67
19,"tbl-h08-prep-environment","id",10,476997,477004,"stub_1_7","tbl-h08-prep-environment--gt-0010","","",520613,520645,8,33
19,"tbl-h08-prep-environment","headers",13,477133,477148,"stub_1_7 Version","tbl-h08-prep-environment--gt-0010 tbl-h08-prep-environment--gt-0002","stub_1_7|Version","tbl-h08-prep-environment--gt-0010|tbl-h08-prep-environment--gt-0002",520774,520840,16,67
19,"tbl-h08-prep-environment","headers",14,477198,477210,"stub_1_7 Role","tbl-h08-prep-environment--gt-0010 tbl-h08-prep-environment--gt-0003","stub_1_7|Role","tbl-h08-prep-environment--gt-0010|tbl-h08-prep-environment--gt-0003",520890,520956,13,67
19,"tbl-h08-prep-environment","id",11,477258,477265,"stub_1_8","tbl-h08-prep-environment--gt-0011","","",521004,521036,8,33
19,"tbl-h08-prep-environment","headers",15,477400,477415,"stub_1_8 Version","tbl-h08-prep-environment--gt-0011 tbl-h08-prep-environment--gt-0002","stub_1_8|Version","tbl-h08-prep-environment--gt-0011|tbl-h08-prep-environment--gt-0002",521171,521237,16,67
19,"tbl-h08-prep-environment","headers",16,477476,477488,"stub_1_8 Role","tbl-h08-prep-environment--gt-0011 tbl-h08-prep-environment--gt-0003","stub_1_8|Role","tbl-h08-prep-environment--gt-0011|tbl-h08-prep-environment--gt-0003",521298,521364,13,67
