placement,placement_label,site,metric_id,manuscript_name,metric_label,abbreviation,manuscript_category,analysis_unit,display_unit,analytical_role,variant_label,n_possible_observations,n_observations,n_participants,n_participant_days,mean,sd,q1,median,q3,circular_resultant,mean_display,median_middle_50_display
near_eye,Near-eye (primary),Overall,thirty_minute_arithmetic_medi,Mean melEDI,Mean melEDI ; 30-minute arithmetic mean,Mean,level-based,participant-30-minute,lx,primary_outcome,30-minute arithmetic mean,39168,37756,141,816,424.25607722780353,2076.7444056599,0,11.40038888888889,124.55269444444446,,424.3,"11.4 [0, 124.6]"
near_eye,Near-eye (primary),RISE,thirty_minute_arithmetic_medi,Mean melEDI,Mean melEDI ; 30-minute arithmetic mean,Mean,level-based,participant-30-minute,lx,primary_outcome,30-minute arithmetic mean,3744,3619,13,78,793.2987709389678,3596.356863368865,0,18.1295,243.82141666666666,,793.3,"18.13 [0, 243.8]"
near_eye,Near-eye (primary),THUAS,thirty_minute_arithmetic_medi,Mean melEDI,Mean melEDI ; 30-minute arithmetic mean,Mean,level-based,participant-30-minute,lx,primary_outcome,30-minute arithmetic mean,3744,3596,13,78,650.6590016457195,2860.819339793304,0,11.341194444444444,177.59825,,650.7,"11.34 [0, 177.6]"
near_eye,Near-eye (primary),BAUA,thirty_minute_arithmetic_medi,Mean melEDI,Mean melEDI ; 30-minute arithmetic mean,Mean,level-based,participant-30-minute,lx,primary_outcome,30-minute arithmetic mean,5136,4959,18,107,559.1810576914019,2319.381749613621,0,18.274555555555555,185.12508333333335,,559.2,"18.27 [0, 185.1]"
near_eye,Near-eye (primary),MPI,thirty_minute_arithmetic_medi,Mean melEDI,Mean melEDI ; 30-minute arithmetic mean,Mean,level-based,participant-30-minute,lx,primary_outcome,30-minute arithmetic mean,7200,6900,26,150,317.0107415787516,1371.5304280946211,0,11.680777777777779,97.02070833333333,,317,"11.68 [0, 97.02]"
near_eye,Near-eye (primary),TUM,thirty_minute_arithmetic_medi,Mean melEDI,Mean melEDI ; 30-minute arithmetic mean,Mean,level-based,participant-30-minute,lx,primary_outcome,30-minute arithmetic mean,2880,2758,10,60,410.787860365683,2130.9699199037696,0.018458333333333337,20.610861111111113,145.25044444444444,,410.8,"20.61 [0.01846, 145.3]"
near_eye,Near-eye (primary),FUSPCEU,thirty_minute_arithmetic_medi,Mean melEDI,Mean melEDI ; 30-minute arithmetic mean,Mean,level-based,participant-30-minute,lx,primary_outcome,30-minute arithmetic mean,6192,6052,23,129,254.47127524376708,1265.8979158458453,0,4.941166666666668,121.5396111111111,,254.5,"4.941 [0, 121.5]"
near_eye,Near-eye (primary),IZTECH,thirty_minute_arithmetic_medi,Mean melEDI,Mean melEDI ; 30-minute arithmetic mean,Mean,level-based,participant-30-minute,lx,primary_outcome,30-minute arithmetic mean,4848,4702,17,101,311.6736327910432,1370.0060603339725,0,17.814166666666665,94.46306944444444,,311.7,"17.81 [0, 94.46]"
near_eye,Near-eye (primary),UCR,thirty_minute_arithmetic_medi,Mean melEDI,Mean melEDI ; 30-minute arithmetic mean,Mean,level-based,participant-30-minute,lx,primary_outcome,30-minute arithmetic mean,1536,1469,6,32,130.98694440335933,452.76000376547023,0,13.974166666666669,76.28672222222222,,131,"13.97 [0, 76.29]"
near_eye,Near-eye (primary),KNUST,thirty_minute_arithmetic_medi,Mean melEDI,Mean melEDI ; 30-minute arithmetic mean,Mean,level-based,participant-30-minute,lx,primary_outcome,30-minute arithmetic mean,3888,3701,15,81,409.67822980430276,1973.9373159741137,0,2.131722222222222,44.67761111111111,,409.7,"2.132 [0, 44.68]"
near_eye,Near-eye (primary),Overall,one_hour_geometric_mean_medi,Mean melEDI,Mean melEDI ; Hourly geometric mean,Mean,level-based,participant-hour,lx,primary_outcome,Hourly geometric mean,19584,18953,141,816,184.71368811456284,1036.256772712958,0,7.468840009476111,90.07865800842758,,184.7,"7.469 [0, 90.08]"
near_eye,Near-eye (primary),RISE,one_hour_geometric_mean_medi,Mean melEDI,Mean melEDI ; Hourly geometric mean,Mean,level-based,participant-hour,lx,primary_outcome,Hourly geometric mean,1872,1817,13,78,383.6063769396381,2098.2275788514885,0,10.63372812165514,170.4625670037111,,383.6,"10.63 [0, 170.5]"
near_eye,Near-eye (primary),THUAS,one_hour_geometric_mean_medi,Mean melEDI,Mean melEDI ; Hourly geometric mean,Mean,level-based,participant-hour,lx,primary_outcome,Hourly geometric mean,1872,1803,13,78,257.45273778966293,1185.4115975169298,0,6.950858835878552,142.89503741039138,,257.5,"6.951 [0, 142.9]"
near_eye,Near-eye (primary),BAUA,one_hour_geometric_mean_medi,Mean melEDI,Mean melEDI ; Hourly geometric mean,Mean,level-based,participant-hour,lx,primary_outcome,Hourly geometric mean,2568,2489,18,107,316.4525918302157,1441.7124214399328,0,13.242383526227778,136.6068136108667,,316.5,"13.24 [0, 136.6]"
near_eye,Near-eye (primary),MPI,one_hour_geometric_mean_medi,Mean melEDI,Mean melEDI ; Hourly geometric mean,Mean,level-based,participant-hour,lx,primary_outcome,Hourly geometric mean,3600,3470,26,150,142.31871639491857,644.1533079768666,0,8.460897858443523,73.48570519774007,,142.3,"8.461 [0, 73.49]"
near_eye,Near-eye (primary),TUM,one_hour_geometric_mean_medi,Mean melEDI,Mean melEDI ; Hourly geometric mean,Mean,level-based,participant-hour,lx,primary_outcome,Hourly geometric mean,1440,1390,10,60,166.58490906202914,704.5437579762529,0.07939847140787719,15.145131457257355,115.84003584867246,,166.6,"15.15 [0.0794, 115.8]"
near_eye,Near-eye (primary),FUSPCEU,one_hour_geometric_mean_medi,Mean melEDI,Mean melEDI ; Hourly geometric mean,Mean,level-based,participant-hour,lx,primary_outcome,Hourly geometric mean,3096,3029,23,129,113.61483379970235,578.1029861958077,0,1.9825703826690475,81.76171098736616,,113.6,"1.983 [0, 81.76]"
near_eye,Near-eye (primary),IZTECH,one_hour_geometric_mean_medi,Mean melEDI,Mean melEDI ; Hourly geometric mean,Mean,level-based,participant-hour,lx,primary_outcome,Hourly geometric mean,2424,2352,17,101,108.41883658611286,614.1257536935907,0,13.560298369928315,72.61258586324446,,108.4,"13.56 [0, 72.61]"
near_eye,Near-eye (primary),UCR,one_hour_geometric_mean_medi,Mean melEDI,Mean melEDI ; Hourly geometric mean,Mean,level-based,participant-hour,lx,primary_outcome,Hourly geometric mean,768,740,6,32,70.19643147785439,205.72121201253512,0.013253179796235186,8.806395746462787,62.193917678700515,,70.2,"8.806 [0.01325, 62.19]"
near_eye,Near-eye (primary),KNUST,one_hour_geometric_mean_medi,Mean melEDI,Mean melEDI ; Hourly geometric mean,Mean,level-based,participant-hour,lx,primary_outcome,Hourly geometric mean,1944,1863,15,81,94.22608299823678,468.39225204318825,0,0.9505970627932449,29.05197317220916,,94.23,"0.9506 [0, 29.05]"
near_eye,Near-eye (primary),Overall,daily_geometric_mean_medi,Mean melEDI,Mean melEDI ; Daily geometric mean,Mean,level-based,participant-day,lx,primary_outcome,Daily geometric mean,816,816,141,816,7.5873291018065965,9.495589226344153,2.8310551959612797,5.15447793332358,9.22531377941019,,7.587,"5.154 [2.831, 9.225]"
near_eye,Near-eye (primary),RISE,daily_geometric_mean_medi,Mean melEDI,Mean melEDI ; Daily geometric mean,Mean,level-based,participant-day,lx,primary_outcome,Daily geometric mean,78,78,13,78,9.171214527869111,7.110848985602353,4.549772796289494,7.568624065439719,11.613314977008546,,9.171,"7.569 [4.55, 11.61]"
near_eye,Near-eye (primary),THUAS,daily_geometric_mean_medi,Mean melEDI,Mean melEDI ; Daily geometric mean,Mean,level-based,participant-day,lx,primary_outcome,Daily geometric mean,78,78,13,78,8.273686987390704,6.558044589353961,4.179552151306178,6.658523257978127,11.67365593135624,,8.274,"6.659 [4.18, 11.67]"
near_eye,Near-eye (primary),BAUA,daily_geometric_mean_medi,Mean melEDI,Mean melEDI ; Daily geometric mean,Mean,level-based,participant-day,lx,primary_outcome,Daily geometric mean,107,107,18,107,12.017107090019115,18.864786788289088,3.080569182020117,7.704108582118485,13.924246402454479,,12.02,"7.704 [3.081, 13.92]"
near_eye,Near-eye (primary),MPI,daily_geometric_mean_medi,Mean melEDI,Mean melEDI ; Daily geometric mean,Mean,level-based,participant-day,lx,primary_outcome,Daily geometric mean,150,150,26,150,7.2210060594298,6.330279707036333,3.2236665223611793,5.232285474524706,8.187759928379077,,7.221,"5.232 [3.224, 8.188]"
near_eye,Near-eye (primary),TUM,daily_geometric_mean_medi,Mean melEDI,Mean melEDI ; Daily geometric mean,Mean,level-based,participant-day,lx,primary_outcome,Daily geometric mean,60,60,10,60,12.101836913290505,12.013146891116033,4.010731241205644,9.01313778608311,15.088903572349897,,12.1,"9.013 [4.011, 15.09]"
near_eye,Near-eye (primary),FUSPCEU,daily_geometric_mean_medi,Mean melEDI,Mean melEDI ; Daily geometric mean,Mean,level-based,participant-day,lx,primary_outcome,Daily geometric mean,129,129,23,129,4.165682146829454,3.2717118974560235,1.4692039784378197,3.5045859098506646,6.211191561975379,,4.166,"3.505 [1.469, 6.211]"
near_eye,Near-eye (primary),IZTECH,daily_geometric_mean_medi,Mean melEDI,Mean melEDI ; Daily geometric mean,Mean,level-based,participant-day,lx,primary_outcome,Daily geometric mean,101,101,17,101,7.778106990916269,6.946096999070209,3.726206476570736,5.857356535399789,7.985796157270064,,7.778,"5.857 [3.726, 7.986]"
near_eye,Near-eye (primary),UCR,daily_geometric_mean_medi,Mean melEDI,Mean melEDI ; Daily geometric mean,Mean,level-based,participant-day,lx,primary_outcome,Daily geometric mean,32,32,6,32,5.247898717826548,2.8496597046807928,3.5849333047513943,4.3253503344976725,6.7704054991224725,,5.248,"4.325 [3.585, 6.77]"
near_eye,Near-eye (primary),KNUST,daily_geometric_mean_medi,Mean melEDI,Mean melEDI ; Daily geometric mean,Mean,level-based,participant-day,lx,primary_outcome,Daily geometric mean,81,81,15,81,3.019408451184928,2.8955026842887985,0.7442141698949346,2.1442675835737055,4.042351356395183,,3.019,"2.144 [0.7442, 4.042]"
near_eye,Near-eye (primary),Overall,m10_mean_medi,Brightest 10 h mean,Brightest 10 h mean,M10mean,level-based,participant-day,lx,primary_outcome,Supported 10-hour window,816,816,141,816,214.86618652753097,508.5602758483912,41.51263577050514,110.56628011878851,243.21171747146462,,214.9,"110.6 [41.51, 243.2]"
near_eye,Near-eye (primary),RISE,m10_mean_medi,Brightest 10 h mean,Brightest 10 h mean,M10mean,level-based,participant-day,lx,primary_outcome,Supported 10-hour window,78,78,13,78,399.302145705205,518.1024273608163,104.51423748156128,252.68899197650234,461.9532732532582,,399.3,"252.7 [104.5, 462]"
near_eye,Near-eye (primary),THUAS,m10_mean_medi,Brightest 10 h mean,Brightest 10 h mean,M10mean,level-based,participant-day,lx,primary_outcome,Supported 10-hour window,78,78,13,78,262.20621513902626,329.2007747335267,78.62472493203975,175.9740598155915,299.10598857256645,,262.2,"176 [78.62, 299.1]"
near_eye,Near-eye (primary),BAUA,m10_mean_medi,Brightest 10 h mean,Brightest 10 h mean,M10mean,level-based,participant-day,lx,primary_outcome,Supported 10-hour window,107,107,18,107,422.53956381353026,1209.615869681233,67.78322461874427,156.1842988170162,339.7308090607721,,422.5,"156.2 [67.78, 339.7]"
near_eye,Near-eye (primary),MPI,m10_mean_medi,Brightest 10 h mean,Brightest 10 h mean,M10mean,level-based,participant-day,lx,primary_outcome,Supported 10-hour window,150,150,26,150,179.37218134354907,241.52994571484749,33.254794767384936,100.05744450681635,209.9041173972846,,179.4,"100.1 [33.25, 209.9]"
near_eye,Near-eye (primary),TUM,m10_mean_medi,Brightest 10 h mean,Brightest 10 h mean,M10mean,level-based,participant-day,lx,primary_outcome,Supported 10-hour window,60,60,10,60,201.94670957615674,194.04201209808534,54.043684978664615,130.77982715355864,259.7260525904151,,201.9,"130.8 [54.04, 259.7]"
near_eye,Near-eye (primary),FUSPCEU,m10_mean_medi,Brightest 10 h mean,Brightest 10 h mean,M10mean,level-based,participant-day,lx,primary_outcome,Supported 10-hour window,129,129,23,129,136.31220942595252,134.06965906686372,24.35534534563954,101.10229332149171,218.457380268682,,136.3,"101.1 [24.36, 218.5]"
near_eye,Near-eye (primary),IZTECH,m10_mean_medi,Brightest 10 h mean,Brightest 10 h mean,M10mean,level-based,participant-day,lx,primary_outcome,Supported 10-hour window,101,101,17,101,120.17219889574618,101.54514693357844,53.1700904853076,83.23990922475328,151.78584291188832,,120.2,"83.24 [53.17, 151.8]"
near_eye,Near-eye (primary),UCR,m10_mean_medi,Brightest 10 h mean,Brightest 10 h mean,M10mean,level-based,participant-day,lx,primary_outcome,Supported 10-hour window,32,32,6,32,96.73493032266826,72.31130160382496,45.33082873678474,68.14259228765505,132.45799437445058,,96.73,"68.14 [45.33, 132.5]"
near_eye,Near-eye (primary),KNUST,m10_mean_medi,Brightest 10 h mean,Brightest 10 h mean,M10mean,level-based,participant-day,lx,primary_outcome,Supported 10-hour window,81,81,15,81,82.4889886632364,115.06986405542433,9.241670381663036,46.66001438528885,103.17454713309584,,82.49,"46.66 [9.242, 103.2]"
near_eye,Near-eye (primary),Overall,l10_mean_medi,Darkest 10 h mean,Darkest 10 h mean,L10mean,level-based,participant-day,lx,primary_outcome,Supported 10-hour window,816,816,141,816,0.24337850402448383,0.5128027997099345,0.020115217700580824,0.10250743148540206,0.2533830225702579,,0.2434,"0.1025 [0.02012, 0.2534]"
near_eye,Near-eye (primary),RISE,l10_mean_medi,Darkest 10 h mean,Darkest 10 h mean,L10mean,level-based,participant-day,lx,primary_outcome,Supported 10-hour window,78,78,13,78,0.18317267598055403,0.29933580198565024,0.016182548912023774,0.08021371458010296,0.1908165891322119,,0.1832,"0.08021 [0.01618, 0.1908]"
near_eye,Near-eye (primary),THUAS,l10_mean_medi,Darkest 10 h mean,Darkest 10 h mean,L10mean,level-based,participant-day,lx,primary_outcome,Supported 10-hour window,78,78,13,78,0.20026748101784486,0.33226870466130476,0.03523847878464211,0.100118526085668,0.2300557677955958,,0.2003,"0.1001 [0.03524, 0.2301]"
near_eye,Near-eye (primary),BAUA,l10_mean_medi,Darkest 10 h mean,Darkest 10 h mean,L10mean,level-based,participant-day,lx,primary_outcome,Supported 10-hour window,107,107,18,107,0.22328747864216777,0.29913665490683294,0.03643234726283956,0.1396563321197556,0.28223311268775775,,0.2233,"0.1397 [0.03643, 0.2822]"
near_eye,Near-eye (primary),MPI,l10_mean_medi,Darkest 10 h mean,Darkest 10 h mean,L10mean,level-based,participant-day,lx,primary_outcome,Supported 10-hour window,150,150,26,150,0.2732712146684821,0.46522077076256035,0.07387716801789632,0.14949458643732344,0.30860648805559865,,0.2733,"0.1495 [0.07388, 0.3086]"
near_eye,Near-eye (primary),TUM,l10_mean_medi,Darkest 10 h mean,Darkest 10 h mean,L10mean,level-based,participant-day,lx,primary_outcome,Supported 10-hour window,60,60,10,60,0.5154779228732361,0.6529480583687862,0.11855447812495919,0.3253668879400816,0.7101694375271438,,0.5155,"0.3254 [0.1186, 0.7102]"
near_eye,Near-eye (primary),FUSPCEU,l10_mean_medi,Darkest 10 h mean,Darkest 10 h mean,L10mean,level-based,participant-day,lx,primary_outcome,Supported 10-hour window,129,129,23,129,0.05360966070920336,0.07490782693379149,0,0.02170804399561728,0.07961074370661775,,0.05361,"0.02171 [0, 0.07961]"
near_eye,Near-eye (primary),IZTECH,l10_mean_medi,Darkest 10 h mean,Darkest 10 h mean,L10mean,level-based,participant-day,lx,primary_outcome,Supported 10-hour window,101,101,17,101,0.4753719934751619,0.8822993212248209,0.05193079547655344,0.15196541883284195,0.481391482316906,,0.4754,"0.152 [0.05193, 0.4814]"
near_eye,Near-eye (primary),UCR,l10_mean_medi,Darkest 10 h mean,Darkest 10 h mean,L10mean,level-based,participant-day,lx,primary_outcome,Supported 10-hour window,32,32,6,32,0.4113267334401226,1.0444451759982105,0.055413422084315156,0.13271189784234727,0.3086254632258014,,0.4113,"0.1327 [0.05541, 0.3086]"
near_eye,Near-eye (primary),KNUST,l10_mean_medi,Darkest 10 h mean,Darkest 10 h mean,L10mean,level-based,participant-day,lx,primary_outcome,Supported 10-hour window,81,81,15,81,0.059095508742750304,0.10414740066455078,0,0.01021452065466628,0.09174090965726324,,0.0591,"0.01021 [0, 0.09174]"
near_eye,Near-eye (primary),Overall,duration_above_1000,"Time above 1,000 lx melEDI","Time above 1,000 lx melEDI",TAT1000,duration-based,participant-day,h,primary_outcome,Full 24-hour cycle,816,816,141,816,1.1721405228758164,1.4688786977239459,0.18333333333333332,0.6833333333333333,1.5583333333333333,,1.172,"0.6833 [0.1833, 1.558]"
near_eye,Near-eye (primary),RISE,duration_above_1000,"Time above 1,000 lx melEDI","Time above 1,000 lx melEDI",TAT1000,duration-based,participant-day,h,primary_outcome,Full 24-hour cycle,78,78,13,78,2.008119658119658,1.902809390265766,0.5125,1.3083333333333333,3.3916666666666666,,2.008,"1.308 [0.5125, 3.392]"
near_eye,Near-eye (primary),THUAS,duration_above_1000,"Time above 1,000 lx melEDI","Time above 1,000 lx melEDI",TAT1000,duration-based,participant-day,h,primary_outcome,Full 24-hour cycle,78,78,13,78,1.5487179487179488,1.460432365042179,0.48333333333333334,1.3000000000000003,2.191666666666667,,1.549,"1.3 [0.4833, 2.192]"
near_eye,Near-eye (primary),BAUA,duration_above_1000,"Time above 1,000 lx melEDI","Time above 1,000 lx melEDI",TAT1000,duration-based,participant-day,h,primary_outcome,Full 24-hour cycle,107,107,18,107,1.7995327102803738,2.2279474364491447,0.3333333333333333,1.05,2.533333333333333,,1.8,"1.05 [0.3333, 2.533]"
near_eye,Near-eye (primary),MPI,duration_above_1000,"Time above 1,000 lx melEDI","Time above 1,000 lx melEDI",TAT1000,duration-based,participant-day,h,primary_outcome,Full 24-hour cycle,150,150,26,150,1.0994444444444447,1.3631200457078922,0.12083333333333335,0.675,1.4125,,1.099,"0.675 [0.1208, 1.413]"
near_eye,Near-eye (primary),TUM,duration_above_1000,"Time above 1,000 lx melEDI","Time above 1,000 lx melEDI",TAT1000,duration-based,participant-day,h,primary_outcome,Full 24-hour cycle,60,60,10,60,1.1558333333333333,1.305351959522701,0.15833333333333333,0.65,1.7583333333333333,,1.156,"0.65 [0.1583, 1.758]"
near_eye,Near-eye (primary),FUSPCEU,duration_above_1000,"Time above 1,000 lx melEDI","Time above 1,000 lx melEDI",TAT1000,duration-based,participant-day,h,primary_outcome,Full 24-hour cycle,129,129,23,129,0.6410852713178294,0.7793227520568003,0.1,0.45,0.8833333333333333,,0.6411,"0.45 [0.1, 0.8833]"
near_eye,Near-eye (primary),IZTECH,duration_above_1000,"Time above 1,000 lx melEDI","Time above 1,000 lx melEDI",TAT1000,duration-based,participant-day,h,primary_outcome,Full 24-hour cycle,101,101,17,101,0.7414191419141913,0.8455458915904437,0.1,0.5,1.0666666666666669,,0.7414,"0.5 [0.1, 1.067]"
near_eye,Near-eye (primary),UCR,duration_above_1000,"Time above 1,000 lx melEDI","Time above 1,000 lx melEDI",TAT1000,duration-based,participant-day,h,primary_outcome,Full 24-hour cycle,32,32,6,32,0.5270833333333333,0.5574800894912852,0.14583333333333331,0.31666666666666665,0.7166666666666667,,0.5271,"0.3167 [0.1458, 0.7167]"
near_eye,Near-eye (primary),KNUST,duration_above_1000,"Time above 1,000 lx melEDI","Time above 1,000 lx melEDI",TAT1000,duration-based,participant-day,h,primary_outcome,Full 24-hour cycle,81,81,15,81,0.960082304526749,0.9515436253367827,0.2833333333333333,0.7166666666666667,1.2333333333333334,,0.9601,"0.7167 [0.2833, 1.233]"
near_eye,Near-eye (primary),Overall,duration_above_250_full_day,Time above 250 lx melEDI,Time above 250 lx melEDI,TAT250,duration-based,participant-day,h,descriptive_only,Full 24-hour cycle,816,816,141,816,3.055106209150327,2.5879817277031276,0.8833333333333333,2.3833333333333333,4.683333333333334,,3.055,"2.383 [0.8833, 4.683]"
near_eye,Near-eye (primary),RISE,duration_above_250_full_day,Time above 250 lx melEDI,Time above 250 lx melEDI,TAT250,duration-based,participant-day,h,descriptive_only,Full 24-hour cycle,78,78,13,78,4.46965811965812,2.6532586944701984,2.3791666666666664,4.166666666666667,6.612499999999999,,4.47,"4.167 [2.379, 6.612]"
near_eye,Near-eye (primary),THUAS,duration_above_250_full_day,Time above 250 lx melEDI,Time above 250 lx melEDI,TAT250,duration-based,participant-day,h,descriptive_only,Full 24-hour cycle,78,78,13,78,3.719230769230769,2.405526760723937,2.0208333333333335,3.4916666666666667,5.324999999999999,,3.719,"3.492 [2.021, 5.325]"
near_eye,Near-eye (primary),BAUA,duration_above_250_full_day,Time above 250 lx melEDI,Time above 250 lx melEDI,TAT250,duration-based,participant-day,h,descriptive_only,Full 24-hour cycle,107,107,18,107,4.06183800623053,3.1816164896381345,1.5,3.6666666666666665,5.6416666666666675,,4.062,"3.667 [1.5, 5.642]"
near_eye,Near-eye (primary),MPI,duration_above_250_full_day,Time above 250 lx melEDI,Time above 250 lx melEDI,TAT250,duration-based,participant-day,h,descriptive_only,Full 24-hour cycle,150,150,26,150,2.8257777777777777,2.6374352745125997,0.7916666666666667,2.0083333333333333,4.095833333333333,,2.826,"2.008 [0.7917, 4.096]"
near_eye,Near-eye (primary),TUM,duration_above_250_full_day,Time above 250 lx melEDI,Time above 250 lx melEDI,TAT250,duration-based,participant-day,h,descriptive_only,Full 24-hour cycle,60,60,10,60,3.3155555555555556,2.6757769286699724,1.1791666666666665,2.8499999999999996,4.775,,3.316,"2.85 [1.179, 4.775]"
near_eye,Near-eye (primary),FUSPCEU,duration_above_250_full_day,Time above 250 lx melEDI,Time above 250 lx melEDI,TAT250,duration-based,participant-day,h,descriptive_only,Full 24-hour cycle,129,129,23,129,2.9209302325581397,2.3055660675408687,0.9166666666666666,2.45,4.583333333333333,,2.921,"2.45 [0.9167, 4.583]"
near_eye,Near-eye (primary),IZTECH,duration_above_250_full_day,Time above 250 lx melEDI,Time above 250 lx melEDI,TAT250,duration-based,participant-day,h,descriptive_only,Full 24-hour cycle,101,101,17,101,2.2293729372937294,1.942196849667995,0.7166666666666667,1.7333333333333334,3.433333333333333,,2.229,"1.733 [0.7167, 3.433]"
near_eye,Near-eye (primary),UCR,duration_above_250_full_day,Time above 250 lx melEDI,Time above 250 lx melEDI,TAT250,duration-based,participant-day,h,descriptive_only,Full 24-hour cycle,32,32,6,32,1.7281250000000001,1.348598353076685,0.5125000000000001,1.4,2.6208333333333336,,1.728,"1.4 [0.5125, 2.621]"
near_eye,Near-eye (primary),KNUST,duration_above_250_full_day,Time above 250 lx melEDI,Time above 250 lx melEDI,TAT250,duration-based,participant-day,h,descriptive_only,Full 24-hour cycle,81,81,15,81,1.7228395061728394,1.7424448908160237,0.4666666666666667,1.2166666666666666,2.6,,1.723,"1.217 [0.4667, 2.6]"
near_eye,Near-eye (primary),Overall,duration_above_250_wake,Time above 250 lx melEDI during wake,Time above 250 lx melEDI during wake,TAT250,duration-based,participant-day,h,primary_outcome,Waking near-eye measurement,816,737,141,737,3.0074626865671643,2.4788839686894764,0.85,2.4166666666666665,4.616666666666666,,3.007,"2.417 [0.85, 4.617]"
near_eye,Near-eye (primary),RISE,duration_above_250_wake,Time above 250 lx melEDI during wake,Time above 250 lx melEDI during wake,TAT250,duration-based,participant-day,h,primary_outcome,Waking near-eye measurement,78,73,13,73,4.347488584474886,2.4069771768513526,2.5,4.1,6.25,,4.347,"4.1 [2.5, 6.25]"
near_eye,Near-eye (primary),THUAS,duration_above_250_wake,Time above 250 lx melEDI during wake,Time above 250 lx melEDI during wake,TAT250,duration-based,participant-day,h,primary_outcome,Waking near-eye measurement,78,64,13,64,3.6450520833333333,2.4218611928547658,2.0541666666666667,3.4833333333333334,5.275,,3.645,"3.483 [2.054, 5.275]"
near_eye,Near-eye (primary),BAUA,duration_above_250_wake,Time above 250 lx melEDI during wake,Time above 250 lx melEDI during wake,TAT250,duration-based,participant-day,h,primary_outcome,Waking near-eye measurement,107,90,18,90,4.080185185185186,2.8571393532120877,2.079166666666667,3.6916666666666664,5.975,,4.08,"3.692 [2.079, 5.975]"
near_eye,Near-eye (primary),MPI,duration_above_250_wake,Time above 250 lx melEDI during wake,Time above 250 lx melEDI during wake,TAT250,duration-based,participant-day,h,primary_outcome,Waking near-eye measurement,150,141,26,141,2.862529550827423,2.6421147704878454,0.7833333333333333,2.0166666666666666,4.333333333333333,,2.863,"2.017 [0.7833, 4.333]"
near_eye,Near-eye (primary),TUM,duration_above_250_wake,Time above 250 lx melEDI during wake,Time above 250 lx melEDI during wake,TAT250,duration-based,participant-day,h,primary_outcome,Waking near-eye measurement,60,54,10,54,2.9546296296296295,2.3198202974452253,0.9166666666666667,2.6333333333333333,4.3125,,2.955,"2.633 [0.9167, 4.312]"
near_eye,Near-eye (primary),FUSPCEU,duration_above_250_wake,Time above 250 lx melEDI during wake,Time above 250 lx melEDI during wake,TAT250,duration-based,participant-day,h,primary_outcome,Waking near-eye measurement,129,113,23,113,3.033333333333333,2.3187094881584867,0.9,2.716666666666667,4.716666666666667,,3.033,"2.717 [0.9, 4.717]"
near_eye,Near-eye (primary),IZTECH,duration_above_250_wake,Time above 250 lx melEDI during wake,Time above 250 lx melEDI during wake,TAT250,duration-based,participant-day,h,primary_outcome,Waking near-eye measurement,101,94,17,94,2.149468085106383,1.9418479111920877,0.6875,1.4916666666666667,3.425,,2.149,"1.492 [0.6875, 3.425]"
near_eye,Near-eye (primary),UCR,duration_above_250_wake,Time above 250 lx melEDI during wake,Time above 250 lx melEDI during wake,TAT250,duration-based,participant-day,h,primary_outcome,Waking near-eye measurement,32,30,6,30,1.8,1.3574189503968743,0.5416666666666667,1.65,2.6624999999999996,,1.8,"1.65 [0.5417, 2.662]"
near_eye,Near-eye (primary),KNUST,duration_above_250_wake,Time above 250 lx melEDI during wake,Time above 250 lx melEDI during wake,TAT250,duration-based,participant-day,h,primary_outcome,Waking near-eye measurement,81,78,15,78,1.751923076923077,1.7687033526178289,0.41666666666666674,1.2333333333333334,2.6125,,1.752,"1.233 [0.4167, 2.612]"
near_eye,Near-eye (primary),Overall,duration_below_10_pre_sleep,Time below 10 lx melEDI before sleep,Time below 10 lx melEDI before sleep,TBT10,duration-based,participant-day,h,primary_outcome,Three hours before attempted sleep,816,655,139,655,1.853969465648855,1.0328582409291311,1.025,1.8833333333333333,2.5833333333333335,,1.854,"1.883 [1.025, 2.583]"
near_eye,Near-eye (primary),RISE,duration_below_10_pre_sleep,Time below 10 lx melEDI before sleep,Time below 10 lx melEDI before sleep,TBT10,duration-based,participant-day,h,primary_outcome,Three hours before attempted sleep,78,67,13,67,2.07636815920398,0.89016393362970625,1.5083333333333333,2.2666666666666666,2.65,,2.076,"2.267 [1.508, 2.65]"
near_eye,Near-eye (primary),THUAS,duration_below_10_pre_sleep,Time below 10 lx melEDI before sleep,Time below 10 lx melEDI before sleep,TBT10,duration-based,participant-day,h,primary_outcome,Three hours before attempted sleep,78,50,12,50,1.9893333333333334,0.9497508922710284,1.3458333333333334,1.8416666666666668,2.8625,,1.989,"1.842 [1.346, 2.862]"
near_eye,Near-eye (primary),BAUA,duration_below_10_pre_sleep,Time below 10 lx melEDI before sleep,Time below 10 lx melEDI before sleep,TBT10,duration-based,participant-day,h,primary_outcome,Three hours before attempted sleep,107,84,18,84,1.6757936507936508,0.9589164622316448,0.8791666666666667,1.6999999999999997,2.2874999999999996,,1.676,"1.7 [0.8792, 2.287]"
near_eye,Near-eye (primary),MPI,duration_below_10_pre_sleep,Time below 10 lx melEDI before sleep,Time below 10 lx melEDI before sleep,TBT10,duration-based,participant-day,h,primary_outcome,Three hours before attempted sleep,150,132,26,132,1.8592171717171717,1.1000391588255853,1.0708333333333333,1.8583333333333334,2.4166666666666665,,1.859,"1.858 [1.071, 2.417]"
near_eye,Near-eye (primary),TUM,duration_below_10_pre_sleep,Time below 10 lx melEDI before sleep,Time below 10 lx melEDI before sleep,TBT10,duration-based,participant-day,h,primary_outcome,Three hours before attempted sleep,60,52,10,52,1.7576923076923077,1.168021909108529,0.6916666666666667,1.7166666666666666,2.5416666666666665,,1.758,"1.717 [0.6917, 2.542]"
near_eye,Near-eye (primary),FUSPCEU,duration_below_10_pre_sleep,Time below 10 lx melEDI before sleep,Time below 10 lx melEDI before sleep,TBT10,duration-based,participant-day,h,primary_outcome,Three hours before attempted sleep,129,105,23,105,1.8273015873015872,1.086671690176183,0.9666666666666668,1.7166666666666666,2.8333333333333335,,1.827,"1.717 [0.9667, 2.833]"
near_eye,Near-eye (primary),IZTECH,duration_below_10_pre_sleep,Time below 10 lx melEDI before sleep,Time below 10 lx melEDI before sleep,TBT10,duration-based,participant-day,h,primary_outcome,Three hours before attempted sleep,101,82,17,82,1.626219512195122,1.0021445813449779,0.8083333333333335,1.5166666666666666,2.25,,1.626,"1.517 [0.8083, 2.25]"
near_eye,Near-eye (primary),UCR,duration_below_10_pre_sleep,Time below 10 lx melEDI before sleep,Time below 10 lx melEDI before sleep,TBT10,duration-based,participant-day,h,primary_outcome,Three hours before attempted sleep,32,25,6,25,1.9333333333333333,0.9996642955030971,1.25,2.2666666666666666,2.65,,1.933,"2.267 [1.25, 2.65]"
near_eye,Near-eye (primary),KNUST,duration_below_10_pre_sleep,Time below 10 lx melEDI before sleep,Time below 10 lx melEDI before sleep,TBT10,duration-based,participant-day,h,primary_outcome,Three hours before attempted sleep,81,58,14,58,2.1488505747126436,0.9525223622439071,1.4583333333333333,2.5,2.8666666666666667,,2.149,"2.5 [1.458, 2.867]"
near_eye,Near-eye (primary),Overall,duration_below_1_sleep_environment,Time below 1 lx melEDI during sleep,Time below 1 lx melEDI during sleep,TBT1,duration-based,participant-day,h,primary_outcome,Bedside sleep-environment measurement,816,778,141,778,7.071979434447301,1.9537602067243194,5.966666666666667,7.133333333333334,8.25,,7.072,"7.133 [5.967, 8.25]"
near_eye,Near-eye (primary),RISE,duration_below_1_sleep_environment,Time below 1 lx melEDI during sleep,Time below 1 lx melEDI during sleep,TBT1,duration-based,participant-day,h,primary_outcome,Bedside sleep-environment measurement,78,76,13,76,7.198245614035088,1.765185078843887,6.05,7.133333333333334,8.308333333333334,,7.198,"7.133 [6.05, 8.308]"
near_eye,Near-eye (primary),THUAS,duration_below_1_sleep_environment,Time below 1 lx melEDI during sleep,Time below 1 lx melEDI during sleep,TBT1,duration-based,participant-day,h,primary_outcome,Bedside sleep-environment measurement,78,68,13,68,7.011764705882353,1.825121951952413,5.925000000000001,7.233333333333333,8.108333333333333,,7.012,"7.233 [5.925, 8.108]"
near_eye,Near-eye (primary),BAUA,duration_below_1_sleep_environment,Time below 1 lx melEDI during sleep,Time below 1 lx melEDI during sleep,TBT1,duration-based,participant-day,h,primary_outcome,Bedside sleep-environment measurement,107,95,18,95,7.08719298245614,1.8331100003099328,5.941666666666666,7.133333333333334,8.258333333333333,,7.087,"7.133 [5.942, 8.258]"
near_eye,Near-eye (primary),MPI,duration_below_1_sleep_environment,Time below 1 lx melEDI during sleep,Time below 1 lx melEDI during sleep,TBT1,duration-based,participant-day,h,primary_outcome,Bedside sleep-environment measurement,150,150,26,150,6.780777777777778,1.5073913551196438,5.8583333333333325,6.908333333333333,7.7625,,6.781,"6.908 [5.858, 7.763]"
near_eye,Near-eye (primary),TUM,duration_below_1_sleep_environment,Time below 1 lx melEDI during sleep,Time below 1 lx melEDI during sleep,TBT1,duration-based,participant-day,h,primary_outcome,Bedside sleep-environment measurement,60,60,10,60,5.967777777777778,1.974369351901401,4.683333333333334,5.858333333333333,7.05,,5.968,"5.858 [4.683, 7.05]"
near_eye,Near-eye (primary),FUSPCEU,duration_below_1_sleep_environment,Time below 1 lx melEDI during sleep,Time below 1 lx melEDI during sleep,TBT1,duration-based,participant-day,h,primary_outcome,Bedside sleep-environment measurement,129,118,23,118,8.039689265536722,1.9580160311428434,7.170833333333333,8.091666666666667,9.166666666666668,,8.04,"8.092 [7.171, 9.167]"
near_eye,Near-eye (primary),IZTECH,duration_below_1_sleep_environment,Time below 1 lx melEDI during sleep,Time below 1 lx melEDI during sleep,TBT1,duration-based,participant-day,h,primary_outcome,Bedside sleep-environment measurement,101,99,17,99,6.664309764309764,2.115604492854733,5.125,6.75,8.25,,6.664,"6.75 [5.125, 8.25]"
near_eye,Near-eye (primary),UCR,duration_below_1_sleep_environment,Time below 1 lx melEDI during sleep,Time below 1 lx melEDI during sleep,TBT1,duration-based,participant-day,h,primary_outcome,Bedside sleep-environment measurement,32,31,6,31,6.655913978494624,1.716470044765089,6.1,6.933333333333334,7.6,,6.656,"6.933 [6.1, 7.6]"
near_eye,Near-eye (primary),KNUST,duration_below_1_sleep_environment,Time below 1 lx melEDI during sleep,Time below 1 lx melEDI during sleep,TBT1,duration-based,participant-day,h,primary_outcome,Bedside sleep-environment measurement,81,81,15,81,7.591152263374486,2.2571354240185495,6.516666666666667,7.516666666666667,9,,7.591,"7.517 [6.517, 9]"
near_eye,Near-eye (primary),Overall,longest_bout_above_250,Longest period above 250 lx melEDI,Longest period above 250 lx melEDI,PAT250,duration-based,participant-day,h,primary_outcome,Observed lower bound,816,816,141,816,0.9163807189542486,1.002126872461014,0.2833333333333333,0.6333333333333333,1.2041666666666666,,0.9164,"0.6333 [0.2833, 1.204]"
near_eye,Near-eye (primary),RISE,longest_bout_above_250,Longest period above 250 lx melEDI,Longest period above 250 lx melEDI,PAT250,duration-based,participant-day,h,primary_outcome,Observed lower bound,78,78,13,78,1.2014957264957264,1.0357330949588528,0.45833333333333337,0.9416666666666667,1.4458333333333333,,1.201,"0.9417 [0.4583, 1.446]"
near_eye,Near-eye (primary),THUAS,longest_bout_above_250,Longest period above 250 lx melEDI,Longest period above 250 lx melEDI,PAT250,duration-based,participant-day,h,primary_outcome,Observed lower bound,78,78,13,78,1.15,1.2456475451096938,0.38750000000000007,0.7916666666666667,1.3416666666666666,,1.15,"0.7917 [0.3875, 1.342]"
near_eye,Near-eye (primary),BAUA,longest_bout_above_250,Longest period above 250 lx melEDI,Longest period above 250 lx melEDI,PAT250,duration-based,participant-day,h,primary_outcome,Observed lower bound,107,107,18,107,1.327570093457944,1.5120776916257495,0.35,1,1.6583333333333332,,1.328,"1 [0.35, 1.658]"
near_eye,Near-eye (primary),MPI,longest_bout_above_250,Longest period above 250 lx melEDI,Longest period above 250 lx melEDI,PAT250,duration-based,participant-day,h,primary_outcome,Observed lower bound,150,150,26,150,0.8375555555555556,0.9037336315301301,0.21666666666666667,0.5833333333333334,1.1,,0.8376,"0.5833 [0.2167, 1.1]"
near_eye,Near-eye (primary),TUM,longest_bout_above_250,Longest period above 250 lx melEDI,Longest period above 250 lx melEDI,PAT250,duration-based,participant-day,h,primary_outcome,Observed lower bound,60,60,10,60,1.0202777777777778,1.0306146652354449,0.29166666666666663,0.625,1.5333333333333332,,1.02,"0.625 [0.2917, 1.533]"
near_eye,Near-eye (primary),FUSPCEU,longest_bout_above_250,Longest period above 250 lx melEDI,Longest period above 250 lx melEDI,PAT250,duration-based,participant-day,h,primary_outcome,Observed lower bound,129,129,23,129,0.7422480620155039,0.5941009434768232,0.26666666666666666,0.6333333333333333,1.0666666666666669,,0.7422,"0.6333 [0.2667, 1.067]"
near_eye,Near-eye (primary),IZTECH,longest_bout_above_250,Longest period above 250 lx melEDI,Longest period above 250 lx melEDI,PAT250,duration-based,participant-day,h,primary_outcome,Observed lower bound,101,101,17,101,0.7125412541254125,0.6799567222363578,0.23333333333333336,0.5666666666666667,0.9166666666666666,,0.7125,"0.5667 [0.2333, 0.9167]"
near_eye,Near-eye (primary),UCR,longest_bout_above_250,Longest period above 250 lx melEDI,Longest period above 250 lx melEDI,PAT250,duration-based,participant-day,h,primary_outcome,Observed lower bound,32,32,6,32,0.5072916666666667,0.33845361758220327,0.26666666666666666,0.4666666666666667,0.7124999999999999,,0.5073,"0.4667 [0.2667, 0.7125]"
near_eye,Near-eye (primary),KNUST,longest_bout_above_250,Longest period above 250 lx melEDI,Longest period above 250 lx melEDI,PAT250,duration-based,participant-day,h,primary_outcome,Observed lower bound,81,81,15,81,0.6358024691358024,0.7466876443812398,0.25,0.38333333333333336,0.8166666666666667,,0.6358,"0.3833 [0.25, 0.8167]"
near_eye,Near-eye (primary),Overall,first_timing_above_250,First light timing above 250 lx melEDI,First light timing above 250 lx melEDI,FLIT250,timing-based,participant-day,clock time,primary_outcome,Boundary-censoring rule,816,727,140,727,566.2845020903866,141.9752804120474,482,548,639.5,0.8254057226051008,09:26,"09:08 [08:02, 10:40]"
near_eye,Near-eye (primary),RISE,first_timing_above_250,First light timing above 250 lx melEDI,First light timing above 250 lx melEDI,FLIT250,timing-based,participant-day,clock time,primary_outcome,Boundary-censoring rule,78,74,13,74,483.03713192968723,92.25258723259314,416.25,477,513,0.9221804727447652,08:03,"07:57 [06:56, 08:33]"
near_eye,Near-eye (primary),THUAS,first_timing_above_250,First light timing above 250 lx melEDI,First light timing above 250 lx melEDI,FLIT250,timing-based,participant-day,clock time,primary_outcome,Boundary-censoring rule,78,68,13,68,557.2683690064067,116.43668248382131,498.25,544,591.5,0.8789231243640714,09:17,"09:04 [08:18, 09:52]"
near_eye,Near-eye (primary),BAUA,first_timing_above_250,First light timing above 250 lx melEDI,First light timing above 250 lx melEDI,FLIT250,timing-based,participant-day,clock time,primary_outcome,Boundary-censoring rule,107,93,18,93,524.5087259337713,140.50224305486464,430,516,613,0.8286816199929763,08:45,"08:36 [07:10, 10:13]"
near_eye,Near-eye (primary),MPI,first_timing_above_250,First light timing above 250 lx melEDI,First light timing above 250 lx melEDI,FLIT250,timing-based,participant-day,clock time,primary_outcome,Boundary-censoring rule,150,133,25,133,585.330159459581,140.6092232309495,493,583,653,0.8284444213668223,09:45,"09:43 [08:13, 10:53]"
near_eye,Near-eye (primary),TUM,first_timing_above_250,First light timing above 250 lx melEDI,First light timing above 250 lx melEDI,FLIT250,timing-based,participant-day,clock time,primary_outcome,Boundary-censoring rule,60,56,10,56,579.2902188601255,192.27152553963754,478.25,576.5,653.25,0.7033416572297149,09:39,"09:36 [07:58, 10:53]"
near_eye,Near-eye (primary),FUSPCEU,first_timing_above_250,First light timing above 250 lx melEDI,First light timing above 250 lx melEDI,FLIT250,timing-based,participant-day,clock time,primary_outcome,Boundary-censoring rule,129,118,23,118,605.3074208952735,138.3897315956668,519.5,572,680.75,0.8333422644567079,10:05,"09:32 [08:40, 11:21]"
near_eye,Near-eye (primary),IZTECH,first_timing_above_250,First light timing above 250 lx melEDI,First light timing above 250 lx melEDI,FLIT250,timing-based,participant-day,clock time,primary_outcome,Boundary-censoring rule,101,95,17,95,626.3601387479657,148.44060698755243,545.5,601,712,0.8107836944266863,10:26,"10:01 [09:06, 11:52]"
near_eye,Near-eye (primary),UCR,first_timing_above_250,First light timing above 250 lx melEDI,First light timing above 250 lx melEDI,FLIT250,timing-based,participant-day,clock time,primary_outcome,Boundary-censoring rule,32,29,6,29,516.3584676033223,90.16461169352736,446,491,597,0.9255301226929551,08:36,"08:11 [07:26, 09:57]"
near_eye,Near-eye (primary),KNUST,first_timing_above_250,First light timing above 250 lx melEDI,First light timing above 250 lx melEDI,FLIT250,timing-based,participant-day,clock time,primary_outcome,Boundary-censoring rule,81,61,15,61,559.3665831140851,111.8062864406263,481,523,610,0.8878101746789032,09:19,"08:43 [08:01, 10:10]"
near_eye,Near-eye (primary),Overall,last_timing_above_250,Last light timing above 250 lx melEDI,Last light timing above 250 lx melEDI,LLIT250,timing-based,participant-day,clock time,primary_outcome,Boundary-censoring rule,816,687,141,687,1082.9461487804379,155.73414676411397,987,1088,1182,0.7938405701441107,18:03,"18:08 [16:27, 19:42]"
near_eye,Near-eye (primary),RISE,last_timing_above_250,Last light timing above 250 lx melEDI,Last light timing above 250 lx melEDI,LLIT250,timing-based,participant-day,clock time,primary_outcome,Boundary-censoring rule,78,73,13,73,1119.0224711030614,97.80947090163077,1058,1121,1178,0.9129554790193327,18:39,"18:41 [17:38, 19:38]"
near_eye,Near-eye (primary),THUAS,last_timing_above_250,Last light timing above 250 lx melEDI,Last light timing above 250 lx melEDI,LLIT250,timing-based,participant-day,clock time,primary_outcome,Boundary-censoring rule,78,62,13,62,1116.542525803165,127.59942252285009,1057.25,1110.5,1198.75,0.8564242012364295,18:37,"18:30 [17:37, 19:59]"
near_eye,Near-eye (primary),BAUA,last_timing_above_250,Last light timing above 250 lx melEDI,Last light timing above 250 lx melEDI,LLIT250,timing-based,participant-day,clock time,primary_outcome,Boundary-censoring rule,107,89,18,89,1156.1731220591428,147.84819907129824,1084,1174,1242,0.8121395353371893,19:16,"19:34 [18:04, 20:42]"
near_eye,Near-eye (primary),MPI,last_timing_above_250,Last light timing above 250 lx melEDI,Last light timing above 250 lx melEDI,LLIT250,timing-based,participant-day,clock time,primary_outcome,Boundary-censoring rule,150,121,26,121,1037.6042692097149,164.2533965846193,935,1057,1149,0.7735053132011038,17:18,"17:37 [15:35, 19:09]"
near_eye,Near-eye (primary),TUM,last_timing_above_250,Last light timing above 250 lx melEDI,Last light timing above 250 lx melEDI,LLIT250,timing-based,participant-day,clock time,primary_outcome,Boundary-censoring rule,60,53,10,53,1173.4244722796739,130.75134601238736,1117,1190,1250,0.8498112249394555,19:33,"19:50 [18:37, 20:50]"
near_eye,Near-eye (primary),FUSPCEU,last_timing_above_250,Last light timing above 250 lx melEDI,Last light timing above 250 lx melEDI,LLIT250,timing-based,participant-day,clock time,primary_outcome,Boundary-censoring rule,129,106,23,106,1081.1999735304698,141.3788413971551,1006.25,1068.5,1158.75,0.8267346988039521,18:01,"17:48 [16:46, 19:19]"
near_eye,Near-eye (primary),IZTECH,last_timing_above_250,Last light timing above 250 lx melEDI,Last light timing above 250 lx melEDI,LLIT250,timing-based,participant-day,clock time,primary_outcome,Boundary-censoring rule,101,89,17,89,1103.1187567048196,135.41846068067807,1022,1125,1178,0.8398211400001612,18:23,"18:45 [17:02, 19:38]"
near_eye,Near-eye (primary),UCR,last_timing_above_250,Last light timing above 250 lx melEDI,Last light timing above 250 lx melEDI,LLIT250,timing-based,participant-day,clock time,primary_outcome,Boundary-censoring rule,32,28,6,28,922.1260974019535,157.7849921885195,800,945,997.75,0.7889965424682462,15:22,"15:45 [13:20, 16:38]"
near_eye,Near-eye (primary),KNUST,last_timing_above_250,Last light timing above 250 lx melEDI,Last light timing above 250 lx melEDI,LLIT250,timing-based,participant-day,clock time,primary_outcome,Boundary-censoring rule,81,66,15,66,945.6343896416834,132.69391946072605,874,954.5,1044.75,0.845681342977139,15:46,"15:54 [14:34, 17:25]"
near_eye,Near-eye (primary),Overall,mean_timing_above_250,Mean timing of exposure above 250 lx melEDI,Mean timing of exposure above 250 lx melEDI,MLIT250,timing-based,participant-day,clock time,primary_outcome,Duration-weighted mean timing,816,742,141,742,810.7504442759686,111.68715513896588,748.788275408601,809.1481371046505,879.2280802841931,0.8880352203081271,13:31,"13:29 [12:29, 14:39]"
near_eye,Near-eye (primary),RISE,mean_timing_above_250,Mean timing of exposure above 250 lx melEDI,Mean timing of exposure above 250 lx melEDI,MLIT250,timing-based,participant-day,clock time,primary_outcome,Duration-weighted mean timing,78,72,13,72,800.5114748580162,85.22540354311023,748.7663634320515,799.8030709516582,863.8272837534638,0.9331940157097726,13:21,"13:20 [12:29, 14:24]"
near_eye,Near-eye (primary),THUAS,mean_timing_above_250,Mean timing of exposure above 250 lx melEDI,Mean timing of exposure above 250 lx melEDI,MLIT250,timing-based,participant-day,clock time,primary_outcome,Duration-weighted mean timing,78,71,13,71,842.1191854227418,100.68272759424242,793.4169332745819,831.8373663355505,905.6051825821571,0.9080124420499246,14:02,"13:52 [13:13, 15:06]"
near_eye,Near-eye (primary),BAUA,mean_timing_above_250,Mean timing of exposure above 250 lx melEDI,Mean timing of exposure above 250 lx melEDI,MLIT250,timing-based,participant-day,clock time,primary_outcome,Duration-weighted mean timing,107,93,18,93,831.0857474709916,116.14517713095093,747.6370471303667,824.2927520903095,895.0550652852038,0.8794905620479321,13:51,"13:44 [12:28, 14:55]"
near_eye,Near-eye (primary),MPI,mean_timing_above_250,Mean timing of exposure above 250 lx melEDI,Mean timing of exposure above 250 lx melEDI,MLIT250,timing-based,participant-day,clock time,primary_outcome,Duration-weighted mean timing,150,138,26,138,803.6692617269831,105.31636950999535,736.7645897589266,796.744309745465,871.3685224072448,0.8997992354737943,13:24,"13:17 [12:17, 14:31]"
near_eye,Near-eye (primary),TUM,mean_timing_above_250,Mean timing of exposure above 250 lx melEDI,Mean timing of exposure above 250 lx melEDI,MLIT250,timing-based,participant-day,clock time,primary_outcome,Duration-weighted mean timing,60,55,10,55,848.6317813626417,142.3376313799044,777.5050752917717,844.3103041310827,924.9300310110577,0.8245966540823428,14:09,"14:04 [12:58, 15:25]"
near_eye,Near-eye (primary),FUSPCEU,mean_timing_above_250,Mean timing of exposure above 250 lx melEDI,Mean timing of exposure above 250 lx melEDI,MLIT250,timing-based,participant-day,clock time,primary_outcome,Duration-weighted mean timing,129,117,23,117,827.3310763944902,93.41790431913444,774.9859411726785,822.6101845266646,868.7645222762931,0.9202830656885208,13:47,"13:43 [12:55, 14:29]"
near_eye,Near-eye (primary),IZTECH,mean_timing_above_250,Mean timing of exposure above 250 lx melEDI,Mean timing of exposure above 250 lx melEDI,MLIT250,timing-based,participant-day,clock time,primary_outcome,Duration-weighted mean timing,101,94,17,94,844.335853147385,98.7810631307916,774.3167447634333,837.6393778206833,897.9210117356483,0.9112970143459787,14:04,"13:58 [12:54, 14:58]"
near_eye,Near-eye (primary),UCR,mean_timing_above_250,Mean timing of exposure above 250 lx melEDI,Mean timing of exposure above 250 lx melEDI,MLIT250,timing-based,participant-day,clock time,primary_outcome,Duration-weighted mean timing,32,31,6,31,686.2654950896182,95.61960282670506,628.4748829141764,689.9835934177734,758.3484850385153,0.9166441501839048,11:26,"11:30 [10:28, 12:38]"
near_eye,Near-eye (primary),KNUST,mean_timing_above_250,Mean timing of exposure above 250 lx melEDI,Mean timing of exposure above 250 lx melEDI,MLIT250,timing-based,participant-day,clock time,primary_outcome,Duration-weighted mean timing,81,71,15,71,730.6962575497988,95.60458559758378,664.1393023097185,736.9573384309392,784.4914985908737,0.9166692080507672,12:11,"12:17 [11:04, 13:04]"
near_eye,Near-eye (primary),Overall,m10_midpoint,Midpoint of the brightest 10 hours,Midpoint of the brightest 10 hours,M10,timing-based,participant-day,clock time,primary_outcome,Supported 10-hour window,816,816,141,816,835.6067574928579,111.2101153882233,768,824,900,0.8889345399547339,13:56,"13:44 [12:48, 15:00]"
near_eye,Near-eye (primary),RISE,m10_midpoint,Midpoint of the brightest 10 hours,Midpoint of the brightest 10 hours,M10,timing-based,participant-day,clock time,primary_outcome,Supported 10-hour window,78,78,13,78,800.3400384301485,92.5097690893727,748.5,795.5,850,0.9217634341206129,13:20,"13:16 [12:28, 14:10]"
near_eye,Near-eye (primary),THUAS,m10_midpoint,Midpoint of the brightest 10 hours,Midpoint of the brightest 10 hours,M10,timing-based,participant-day,clock time,primary_outcome,Supported 10-hour window,78,78,13,78,861.9928189334901,111.2723465575687,803,851.5,918,0.8888173879668826,14:22,"14:12 [13:23, 15:18]"
near_eye,Near-eye (primary),BAUA,m10_midpoint,Midpoint of the brightest 10 hours,Midpoint of the brightest 10 hours,M10,timing-based,participant-day,clock time,primary_outcome,Supported 10-hour window,107,107,18,107,840.476056367193,102.47163567525607,774,832,904.5,0.9048765599751281,14:00,"13:52 [12:54, 15:04]"
near_eye,Near-eye (primary),MPI,m10_midpoint,Midpoint of the brightest 10 hours,Midpoint of the brightest 10 hours,M10,timing-based,participant-day,clock time,primary_outcome,Supported 10-hour window,150,150,26,150,831.5965833987987,102.47768417145531,766.75,818,883.75,0.90486588208553,13:52,"13:38 [12:47, 14:44]"
near_eye,Near-eye (primary),TUM,m10_midpoint,Midpoint of the brightest 10 hours,Midpoint of the brightest 10 hours,M10,timing-based,participant-day,clock time,primary_outcome,Supported 10-hour window,60,60,10,60,870.8836268649317,134.26423094845873,770.25,893.5,963.25,0.8423133261849544,14:31,"14:54 [12:50, 16:03]"
near_eye,Near-eye (primary),FUSPCEU,m10_midpoint,Midpoint of the brightest 10 hours,Midpoint of the brightest 10 hours,M10,timing-based,participant-day,clock time,primary_outcome,Supported 10-hour window,129,129,23,129,850.0846647485421,110.64730129991632,786,824,920,0.8899917750748633,14:10,"13:44 [13:06, 15:20]"
near_eye,Near-eye (primary),IZTECH,m10_midpoint,Midpoint of the brightest 10 hours,Midpoint of the brightest 10 hours,M10,timing-based,participant-day,clock time,primary_outcome,Supported 10-hour window,101,101,17,101,865.4496867295014,97.40559135961446,812,850,921,0.9136409396581082,14:25,"14:10 [13:32, 15:21]"
near_eye,Near-eye (primary),UCR,m10_midpoint,Midpoint of the brightest 10 hours,Midpoint of the brightest 10 hours,M10,timing-based,participant-day,clock time,primary_outcome,Supported 10-hour window,32,32,6,32,774.6551848494927,104.08245648919109,709.25,754,842,0.9020151008420078,12:55,"12:34 [11:49, 14:02]"
near_eye,Near-eye (primary),KNUST,m10_midpoint,Midpoint of the brightest 10 hours,Midpoint of the brightest 10 hours,M10,timing-based,participant-day,clock time,primary_outcome,Supported 10-hour window,81,81,15,81,783.384968297979,118.21693562610656,726,769,819,0.8754349238768334,13:03,"12:49 [12:06, 13:39]"
near_eye,Near-eye (primary),Overall,l10_midpoint,Midpoint of the darkest 10 hours,Midpoint of the darkest 10 hours,L10,timing-based,participant-day,clock time,primary_outcome,Supported midnight-wrapping 10-hour window,816,816,141,816,177.97246526830264,101.14746263140896,120.75000000000006,174.00000000000006,230.00000000000006,0.907202051760594,02:58,"02:54 [02:01, 03:50]"
near_eye,Near-eye (primary),RISE,l10_midpoint,Midpoint of the darkest 10 hours,Midpoint of the darkest 10 hours,L10,timing-based,participant-day,clock time,primary_outcome,Supported midnight-wrapping 10-hour window,78,78,13,78,123.02240832954308,66.60583824339116,84.50000000000003,121.50000000000003,167.75000000000003,0.9586484947743246,02:03,"02:02 [01:24, 02:48]"
near_eye,Near-eye (primary),THUAS,l10_midpoint,Midpoint of the darkest 10 hours,Midpoint of the darkest 10 hours,L10,timing-based,participant-day,clock time,primary_outcome,Supported midnight-wrapping 10-hour window,78,78,13,78,169.5685170793266,124.93360794128222,121.24999999999997,174.99999999999997,207.49999999999997,0.8619301750016951,02:50,"02:55 [02:01, 03:28]"
near_eye,Near-eye (primary),BAUA,l10_midpoint,Midpoint of the darkest 10 hours,Midpoint of the darkest 10 hours,L10,timing-based,participant-day,clock time,primary_outcome,Supported midnight-wrapping 10-hour window,107,107,18,107,156.69413898270577,79.17357293475693,104.99999999999997,151.99999999999997,201.99999999999997,0.9420741753840776,02:37,"02:32 [01:45, 03:22]"
near_eye,Near-eye (primary),MPI,l10_midpoint,Midpoint of the darkest 10 hours,Midpoint of the darkest 10 hours,L10,timing-based,participant-day,clock time,primary_outcome,Supported midnight-wrapping 10-hour window,150,150,26,150,195.5293288000842,94.2025390656453,131.25000000000003,187.50000000000003,249.75000000000003,0.9189943129120974,03:16,"03:08 [02:11, 04:10]"
near_eye,Near-eye (primary),TUM,l10_midpoint,Midpoint of the darkest 10 hours,Midpoint of the darkest 10 hours,L10,timing-based,participant-day,clock time,primary_outcome,Supported midnight-wrapping 10-hour window,60,60,10,60,190.0945942279671,119.87213506493195,114.25000000000006,157.00000000000006,257.25000000000006,0.8721569607688582,03:10,"02:37 [01:54, 04:17]"
near_eye,Near-eye (primary),FUSPCEU,l10_midpoint,Midpoint of the darkest 10 hours,Midpoint of the darkest 10 hours,L10,timing-based,participant-day,clock time,primary_outcome,Supported midnight-wrapping 10-hour window,129,129,23,129,213.72983331801686,108.70384970925963,163,219,274,0.8936107526271122,03:34,"03:39 [02:43, 04:34]"
near_eye,Near-eye (primary),IZTECH,l10_midpoint,Midpoint of the darkest 10 hours,Midpoint of the darkest 10 hours,L10,timing-based,participant-day,clock time,primary_outcome,Supported midnight-wrapping 10-hour window,101,101,17,101,206.41652183749665,85.15203264415395,152.99999999999994,210.99999999999994,253.99999999999994,0.9333050707979651,03:26,"03:31 [02:33, 04:14]"
near_eye,Near-eye (primary),UCR,l10_midpoint,Midpoint of the darkest 10 hours,Midpoint of the darkest 10 hours,L10,timing-based,participant-day,clock time,primary_outcome,Supported midnight-wrapping 10-hour window,32,32,6,32,129.5419568367634,86.95599183636259,65.00000000000006,105.00000000000006,181.00000000000006,0.9305507495784547,02:10,"01:45 [01:05, 03:01]"
near_eye,Near-eye (primary),KNUST,l10_midpoint,Midpoint of the darkest 10 hours,Midpoint of the darkest 10 hours,L10,timing-based,participant-day,clock time,primary_outcome,Supported midnight-wrapping 10-hour window,81,81,15,81,156.05445681960603,96.00092268425041,124.00000000000003,153.00000000000003,197.00000000000003,0.9160067885077103,02:36,"02:33 [02:04, 03:17]"
near_eye,Near-eye (primary),Overall,dose_time_sensitive_corrected_medi,melEDI dose,melEDI dose,Dose,exposure-history-based,participant-day,lx·h,primary_outcome,Time-sensitive missing-coverage correction,816,761,141,761,10358.39956284192,16215.575200531042,1936.2984213445752,4959.551889056097,12313.313277777765,,"10,358","4,960 [1,936, 12,313]"
near_eye,Near-eye (primary),RISE,dose_time_sensitive_corrected_medi,melEDI dose,melEDI dose,Dose,exposure-history-based,participant-day,lx·h,primary_outcome,Time-sensitive missing-coverage correction,78,71,13,71,19922.73336620387,27784.245200592675,3891.6763740867336,9296.331555555558,21894.75831728654,,"19,923","9,296 [3,892, 21,895]"
near_eye,Near-eye (primary),THUAS,dose_time_sensitive_corrected_medi,melEDI dose,melEDI dose,Dose,exposure-history-based,participant-day,lx·h,primary_outcome,Time-sensitive missing-coverage correction,78,74,13,74,15881.368206343768,20394.84408374727,3854.7757708333315,10494.586389397811,17394.590923611107,,"15,881","10,495 [3,855, 17,395]"
near_eye,Near-eye (primary),BAUA,dose_time_sensitive_corrected_medi,melEDI dose,melEDI dose,Dose,exposure-history-based,participant-day,lx·h,primary_outcome,Time-sensitive missing-coverage correction,107,97,18,97,13808.95896982318,23710.663328906714,2468.9643055555593,6751.068213279801,14435.382759360578,,"13,809","6,751 [2,469, 14,435]"
near_eye,Near-eye (primary),MPI,dose_time_sensitive_corrected_medi,melEDI dose,melEDI dose,Dose,exposure-history-based,participant-day,lx·h,primary_outcome,Time-sensitive missing-coverage correction,150,137,26,137,7719.197694028143,9846.880648385626,1411.2130172642385,3862.488879656235,10216.505166666668,,"7,719","3,862 [1,411, 10,217]"
near_eye,Near-eye (primary),TUM,dose_time_sensitive_corrected_medi,melEDI dose,melEDI dose,Dose,exposure-history-based,participant-day,lx·h,primary_outcome,Time-sensitive missing-coverage correction,60,55,10,55,10054.640203088704,11237.244492409374,1897.3900144725928,7110.285591664552,15789.174364760016,,"10,055","7,110 [1,897, 15,789]"
near_eye,Near-eye (primary),FUSPCEU,dose_time_sensitive_corrected_medi,melEDI dose,melEDI dose,Dose,exposure-history-based,participant-day,lx·h,primary_outcome,Time-sensitive missing-coverage correction,129,125,23,125,6114.698122352733,8790.47597217098,1703.1295833333347,3316.7103611111097,6289.954073231398,,"6,115","3,317 [1,703, 6,290]"
near_eye,Near-eye (primary),IZTECH,dose_time_sensitive_corrected_medi,melEDI dose,melEDI dose,Dose,exposure-history-based,participant-day,lx·h,primary_outcome,Time-sensitive missing-coverage correction,101,96,17,96,7489.639842119539,8898.07557685221,1791.0242525115355,4349.603995772226,10624.584951983485,,"7,490","4,350 [1,791, 10,625]"
near_eye,Near-eye (primary),UCR,dose_time_sensitive_corrected_medi,melEDI dose,melEDI dose,Dose,exposure-history-based,participant-day,lx·h,primary_outcome,Time-sensitive missing-coverage correction,32,30,6,30,3281.471444337376,2572.8122677358297,1338.8382229789338,2195.3132938152426,4116.802999648449,,"3,281","2,195 [1,339, 4,117]"
near_eye,Near-eye (primary),KNUST,dose_time_sensitive_corrected_medi,melEDI dose,melEDI dose,Dose,exposure-history-based,participant-day,lx·h,primary_outcome,Time-sensitive missing-coverage correction,81,76,15,76,10015.99476658573,10798.505217277401,2489.946183951557,6044.861286196379,14907.130219834047,,"10,016","6,045 [2,490, 14,907]"
near_eye,Near-eye (primary),Overall,mder_mean_of_viable_ratios,Melanopic daylight efficacy ratio,Melanopic daylight efficacy ratio,MDER,spectrum-based,participant-day,dimensionless,primary_outcome,Mean of viable one-minute melEDI/illuminance ratios,811,687,137,687,0.7242573273064842,0.11555245561038217,0.6427507098156997,0.7238676304180038,0.7948891160531768,,0.7243,"0.7239 [0.6428, 0.7949]"
near_eye,Near-eye (primary),RISE,mder_mean_of_viable_ratios,Melanopic daylight efficacy ratio,Melanopic daylight efficacy ratio,MDER,spectrum-based,participant-day,dimensionless,primary_outcome,Mean of viable one-minute melEDI/illuminance ratios,78,74,13,74,0.7957184493624767,0.1617066489445403,0.7253851578941934,0.7877667559196821,0.8721335607936682,,0.7957,"0.7878 [0.7254, 0.8721]"
near_eye,Near-eye (primary),THUAS,mder_mean_of_viable_ratios,Melanopic daylight efficacy ratio,Melanopic daylight efficacy ratio,MDER,spectrum-based,participant-day,dimensionless,primary_outcome,Mean of viable one-minute melEDI/illuminance ratios,78,65,13,65,0.743100121574821,0.07688077490803805,0.6988482493971019,0.7431649467396645,0.7963198792317311,,0.7431,"0.7432 [0.6988, 0.7963]"
near_eye,Near-eye (primary),BAUA,mder_mean_of_viable_ratios,Melanopic daylight efficacy ratio,Melanopic daylight efficacy ratio,MDER,spectrum-based,participant-day,dimensionless,primary_outcome,Mean of viable one-minute melEDI/illuminance ratios,106,97,18,97,0.7678893927419133,0.11802638130901134,0.6749772832251771,0.7807193795607377,0.8529438931338418,,0.7679,"0.7807 [0.675, 0.8529]"
near_eye,Near-eye (primary),MPI,mder_mean_of_viable_ratios,Melanopic daylight efficacy ratio,Melanopic daylight efficacy ratio,MDER,spectrum-based,participant-day,dimensionless,primary_outcome,Mean of viable one-minute melEDI/illuminance ratios,150,144,26,144,0.6668691555871069,0.09848919104245399,0.5919550972476113,0.6502185016507745,0.7282090714401707,,0.6669,"0.6502 [0.592, 0.7282]"
near_eye,Near-eye (primary),TUM,mder_mean_of_viable_ratios,Melanopic daylight efficacy ratio,Melanopic daylight efficacy ratio,MDER,spectrum-based,participant-day,dimensionless,primary_outcome,Mean of viable one-minute melEDI/illuminance ratios,60,55,10,55,0.719555953919293,0.09269777014966328,0.6517498284254422,0.7237862472734335,0.7729837624257799,,0.7196,"0.7238 [0.6517, 0.773]"
near_eye,Near-eye (primary),FUSPCEU,mder_mean_of_viable_ratios,Melanopic daylight efficacy ratio,Melanopic daylight efficacy ratio,MDER,spectrum-based,participant-day,dimensionless,primary_outcome,Mean of viable one-minute melEDI/illuminance ratios,127,83,22,83,0.6725188865490007,0.07001396348831465,0.6292503837494523,0.668483400109194,0.7209188483004205,,0.6725,"0.6685 [0.6293, 0.7209]"
near_eye,Near-eye (primary),IZTECH,mder_mean_of_viable_ratios,Melanopic daylight efficacy ratio,Melanopic daylight efficacy ratio,MDER,spectrum-based,participant-day,dimensionless,primary_outcome,Mean of viable one-minute melEDI/illuminance ratios,102,91,17,91,0.7351058792643176,0.1224636307434356,0.6339051385715073,0.7473639556258872,0.8340692839946344,,0.7351,"0.7474 [0.6339, 0.8341]"
near_eye,Near-eye (primary),UCR,mder_mean_of_viable_ratios,Melanopic daylight efficacy ratio,Melanopic daylight efficacy ratio,MDER,spectrum-based,participant-day,dimensionless,primary_outcome,Mean of viable one-minute melEDI/illuminance ratios,30,30,6,30,0.7059366770983097,0.06688244235878985,0.6607305459406002,0.719430819735585,0.7611932110080566,,0.7059,"0.7194 [0.6607, 0.7612]"
near_eye,Near-eye (primary),KNUST,mder_mean_of_viable_ratios,Melanopic daylight efficacy ratio,Melanopic daylight efficacy ratio,MDER,spectrum-based,participant-day,dimensionless,primary_outcome,Mean of viable one-minute melEDI/illuminance ratios,80,48,12,48,0.7582979339318466,0.09708526458176817,0.7286667335601753,0.7550127437295431,0.8204918350592664,,0.7583,"0.755 [0.7287, 0.8205]"
near_eye,Near-eye (primary),Overall,interdaily_stability,Interdaily stability,Interdaily stability,IS,dynamics-based,participant,dimensionless,primary_outcome,Repeated-day regularity,141,141,141,816,0.31833544671642744,0.09485770609390777,0.24767711908516649,0.30770686031022043,0.3798585680624405,,0.3183,"0.3077 [0.2477, 0.3799]"
near_eye,Near-eye (primary),RISE,interdaily_stability,Interdaily stability,Interdaily stability,IS,dynamics-based,participant,dimensionless,primary_outcome,Repeated-day regularity,13,13,13,78,0.3150660696399776,0.07753714496713186,0.272140998688822,0.31101025613144406,0.36677315419732737,,0.3151,"0.311 [0.2721, 0.3668]"
near_eye,Near-eye (primary),THUAS,interdaily_stability,Interdaily stability,Interdaily stability,IS,dynamics-based,participant,dimensionless,primary_outcome,Repeated-day regularity,13,13,13,78,0.2884566731878814,0.0938557237302961,0.2389848179136932,0.2584510206234788,0.3894394294829616,,0.2885,"0.2585 [0.239, 0.3894]"
near_eye,Near-eye (primary),BAUA,interdaily_stability,Interdaily stability,Interdaily stability,IS,dynamics-based,participant,dimensionless,primary_outcome,Repeated-day regularity,18,18,18,107,0.2740951302950339,0.0740484982513636,0.21945659912288104,0.2637136380744237,0.31881935226791497,,0.2741,"0.2637 [0.2195, 0.3188]"
near_eye,Near-eye (primary),MPI,interdaily_stability,Interdaily stability,Interdaily stability,IS,dynamics-based,participant,dimensionless,primary_outcome,Repeated-day regularity,26,26,26,150,0.343544446520156,0.10724872476549233,0.2629989754569833,0.32905135763115123,0.42422587901685194,,0.3435,"0.3291 [0.263, 0.4242]"
near_eye,Near-eye (primary),TUM,interdaily_stability,Interdaily stability,Interdaily stability,IS,dynamics-based,participant,dimensionless,primary_outcome,Repeated-day regularity,10,10,10,60,0.2515033999842584,0.05806718903463113,0.21771193560716098,0.24361306127963606,0.27658434814745064,,0.2515,"0.2436 [0.2177, 0.2766]"
near_eye,Near-eye (primary),FUSPCEU,interdaily_stability,Interdaily stability,Interdaily stability,IS,dynamics-based,participant,dimensionless,primary_outcome,Repeated-day regularity,23,23,23,129,0.3679662558087782,0.09214561722901625,0.3207927044919118,0.35214261274813924,0.4548047683949149,,0.368,"0.3521 [0.3208, 0.4548]"
near_eye,Near-eye (primary),IZTECH,interdaily_stability,Interdaily stability,Interdaily stability,IS,dynamics-based,participant,dimensionless,primary_outcome,Repeated-day regularity,17,17,17,101,0.32314236455423156,0.1036097646023272,0.25374875005665926,0.27808005814121134,0.3941178210347614,,0.3231,"0.2781 [0.2537, 0.3941]"
near_eye,Near-eye (primary),UCR,interdaily_stability,Interdaily stability,Interdaily stability,IS,dynamics-based,participant,dimensionless,primary_outcome,Repeated-day regularity,6,6,6,32,0.3704943597897031,0.11849629599002386,0.31528714893271226,0.34203933874590786,0.47252372663470443,,0.3705,"0.342 [0.3153, 0.4725]"
near_eye,Near-eye (primary),KNUST,interdaily_stability,Interdaily stability,Interdaily stability,IS,dynamics-based,participant,dimensionless,primary_outcome,Repeated-day regularity,15,15,15,81,0.2985993423876532,0.0624555734614101,0.2551327042404549,0.29296586587494766,0.35363811714981375,,0.2986,"0.293 [0.2551, 0.3536]"
near_eye,Near-eye (primary),Overall,intradaily_variability,Intradaily variability,Intradaily variability,IV,dynamics-based,participant,dimensionless,primary_outcome,Within-day fragmentation,141,141,141,816,1.229035231172599,0.38889872026394173,0.9304017244702456,1.2526334367099268,1.501575031592302,,1.229,"1.253 [0.9304, 1.502]"
near_eye,Near-eye (primary),RISE,intradaily_variability,Intradaily variability,Intradaily variability,IV,dynamics-based,participant,dimensionless,primary_outcome,Within-day fragmentation,13,13,13,78,1.0879359849688175,0.3434748144015783,0.8181462330103151,0.9969244758983208,1.3883441505973868,,1.088,"0.9969 [0.8181, 1.388]"
near_eye,Near-eye (primary),THUAS,intradaily_variability,Intradaily variability,Intradaily variability,IV,dynamics-based,participant,dimensionless,primary_outcome,Within-day fragmentation,13,13,13,78,1.2377952505194594,0.3449957419096682,0.9601081799386818,1.1925833552442506,1.3888627057760183,,1.238,"1.193 [0.9601, 1.389]"
near_eye,Near-eye (primary),BAUA,intradaily_variability,Intradaily variability,Intradaily variability,IV,dynamics-based,participant,dimensionless,primary_outcome,Within-day fragmentation,18,18,18,107,1.1774485650962228,0.40720982060194955,0.9283954487837411,1.1819890018025458,1.4899199099430376,,1.177,"1.182 [0.9284, 1.49]"
near_eye,Near-eye (primary),MPI,intradaily_variability,Intradaily variability,Intradaily variability,IV,dynamics-based,participant,dimensionless,primary_outcome,Within-day fragmentation,26,26,26,150,1.1251248234052211,0.3541723325107138,0.8014016843423561,1.1543246597203587,1.4420855462216944,,1.125,"1.154 [0.8014, 1.442]"
near_eye,Near-eye (primary),TUM,intradaily_variability,Intradaily variability,Intradaily variability,IV,dynamics-based,participant,dimensionless,primary_outcome,Within-day fragmentation,10,10,10,60,1.3322647654603252,0.47743303173945967,0.8693113106046253,1.4801533618939935,1.6416029007158823,,1.332,"1.48 [0.8693, 1.642]"
near_eye,Near-eye (primary),FUSPCEU,intradaily_variability,Intradaily variability,Intradaily variability,IV,dynamics-based,participant,dimensionless,primary_outcome,Within-day fragmentation,23,23,23,129,1.2513890933117515,0.4130859666559255,0.9991321169832257,1.2514679142451912,1.496746701908477,,1.251,"1.251 [0.9991, 1.497]"
near_eye,Near-eye (primary),IZTECH,intradaily_variability,Intradaily variability,Intradaily variability,IV,dynamics-based,participant,dimensionless,primary_outcome,Within-day fragmentation,17,17,17,101,1.306869725527071,0.4148845447097661,0.9500203863868356,1.3592871113167992,1.5464402956772123,,1.307,"1.359 [0.95, 1.546]"
near_eye,Near-eye (primary),UCR,intradaily_variability,Intradaily variability,Intradaily variability,IV,dynamics-based,participant,dimensionless,primary_outcome,Within-day fragmentation,6,6,6,32,1.355001441656919,0.2563254715128543,1.2819742732054522,1.3989946077514985,1.4833931612730908,,1.355,"1.399 [1.282, 1.483]"
near_eye,Near-eye (primary),KNUST,intradaily_variability,Intradaily variability,Intradaily variability,IV,dynamics-based,participant,dimensionless,primary_outcome,Within-day fragmentation,15,15,15,81,1.344050077936389,0.41263883324044215,1.0292660928395363,1.3243734369395743,1.5948963056041943,,1.344,"1.324 [1.029, 1.595]"
chest,Chest (complementary),Overall,thirty_minute_arithmetic_medi,Mean melEDI,Mean melEDI ; 30-minute arithmetic mean,Mean,level-based,participant-30-minute,lx,primary_outcome,30-minute arithmetic mean,43296,41842,154,902,524.5231565307018,2573.294721482463,0,10.345083333333331,122.25859722222225,,524.5,"10.35 [0, 122.3]"
chest,Chest (complementary),RISE,thirty_minute_arithmetic_medi,Mean melEDI,Mean melEDI ; 30-minute arithmetic mean,Mean,level-based,participant-30-minute,lx,primary_outcome,30-minute arithmetic mean,4608,4472,16,96,1075.2239541851816,4646.41940967434,0,13.010499999999999,190.94844444444448,,"1,075","13.01 [0, 190.9]"
chest,Chest (complementary),THUAS,thirty_minute_arithmetic_medi,Mean melEDI,Mean melEDI ; 30-minute arithmetic mean,Mean,level-based,participant-30-minute,lx,primary_outcome,30-minute arithmetic mean,4464,4307,15,93,727.608246172965,3421.820554041785,0,12.271333333333333,171.1313888888889,,727.6,"12.27 [0, 171.1]"
chest,Chest (complementary),BAUA,thirty_minute_arithmetic_medi,Mean melEDI,Mean melEDI ; 30-minute arithmetic mean,Mean,level-based,participant-30-minute,lx,primary_outcome,30-minute arithmetic mean,5472,5308,20,114,661.3929130958014,3072.303066975674,0,8.239944444444445,155.5918888888889,,661.4,"8.24 [0, 155.6]"
chest,Chest (complementary),TUM,thirty_minute_arithmetic_medi,Mean melEDI,Mean melEDI ; 30-minute arithmetic mean,Mean,level-based,participant-30-minute,lx,primary_outcome,30-minute arithmetic mean,2880,2757,10,60,349.78720199995934,1274.4501011298012,0,15.363111111111111,140.5105,,349.8,"15.36 [0, 140.5]"
chest,Chest (complementary),FUSPCEU,thirty_minute_arithmetic_medi,Mean melEDI,Mean melEDI ; 30-minute arithmetic mean,Mean,level-based,participant-30-minute,lx,primary_outcome,30-minute arithmetic mean,5904,5783,22,123,283.6986727326804,1657.8501997716207,0,3.6777777777777776,106.2148611111111,,283.7,"3.678 [0, 106.2]"
chest,Chest (complementary),IZTECH,thirty_minute_arithmetic_medi,Mean melEDI,Mean melEDI ; 30-minute arithmetic mean,Mean,level-based,participant-30-minute,lx,primary_outcome,30-minute arithmetic mean,4896,4749,17,102,379.50615478274364,1833.8252584204365,0,14.745055555555558,84.8313888888889,,379.5,"14.75 [0, 84.83]"
chest,Chest (complementary),UCR,thirty_minute_arithmetic_medi,Mean melEDI,Mean melEDI ; 30-minute arithmetic mean,Mean,level-based,participant-30-minute,lx,primary_outcome,30-minute arithmetic mean,11040,10628,39,230,396.12686352563975,1586.8973718170848,0,14.634083333333333,117.26775,,396.1,"14.63 [0, 117.3]"
chest,Chest (complementary),KNUST,thirty_minute_arithmetic_medi,Mean melEDI,Mean melEDI ; 30-minute arithmetic mean,Mean,level-based,participant-30-minute,lx,primary_outcome,30-minute arithmetic mean,4032,3838,15,84,489.0334336950527,1950.5648276573456,0,3.053638888888889,56.50655555555556,,489,"3.054 [0, 56.51]"
chest,Chest (complementary),Overall,one_hour_geometric_mean_medi,Mean melEDI,Mean melEDI ; Hourly geometric mean,Mean,level-based,participant-hour,lx,primary_outcome,Hourly geometric mean,21648,21004,154,902,198.99940173924,1226.8574458075873,0,5.151408945068765,76.18074886836978,,199,"5.151 [0, 76.18]"
chest,Chest (complementary),RISE,one_hour_geometric_mean_medi,Mean melEDI,Mean melEDI ; Hourly geometric mean,Mean,level-based,participant-hour,lx,primary_outcome,Hourly geometric mean,2304,2245,16,96,462.93069510921595,2512.743367642816,0,6.276964638739067,116.98203254907344,,462.9,"6.277 [0, 117]"
chest,Chest (complementary),THUAS,one_hour_geometric_mean_medi,Mean melEDI,Mean melEDI ; Hourly geometric mean,Mean,level-based,participant-hour,lx,primary_outcome,Hourly geometric mean,2232,2158,15,93,260.45382084507224,1537.792303180501,0,6.116400585429739,109.0557434218639,,260.5,"6.116 [0, 109.1]"
chest,Chest (complementary),BAUA,one_hour_geometric_mean_medi,Mean melEDI,Mean melEDI ; Hourly geometric mean,Mean,level-based,participant-hour,lx,primary_outcome,Hourly geometric mean,2736,2664,20,114,298.71193259809763,1635.7124240526102,0,3.856036540951057,87.26164404377556,,298.7,"3.856 [0, 87.26]"
chest,Chest (complementary),TUM,one_hour_geometric_mean_medi,Mean melEDI,Mean melEDI ; Hourly geometric mean,Mean,level-based,participant-hour,lx,primary_outcome,Hourly geometric mean,1440,1390,10,60,157.17171206694255,566.8248917758144,0,8.401898030550402,101.3911361135664,,157.2,"8.402 [0, 101.4]"
chest,Chest (complementary),FUSPCEU,one_hour_geometric_mean_medi,Mean melEDI,Mean melEDI ; Hourly geometric mean,Mean,level-based,participant-hour,lx,primary_outcome,Hourly geometric mean,2952,2894,22,123,103.73061751491947,572.7520765065016,0,1.1412319052558602,59.93098697597904,,103.7,"1.141 [0, 59.93]"
chest,Chest (complementary),IZTECH,one_hour_geometric_mean_medi,Mean melEDI,Mean melEDI ; Hourly geometric mean,Mean,level-based,participant-hour,lx,primary_outcome,Hourly geometric mean,2448,2375,17,102,99.85228822593344,597.5332842185321,0,9.41183174002192,60.700715517081555,,99.85,"9.412 [0, 60.7]"
chest,Chest (complementary),UCR,one_hour_geometric_mean_medi,Mean melEDI,Mean melEDI ; Hourly geometric mean,Mean,level-based,participant-hour,lx,primary_outcome,Hourly geometric mean,5520,5345,39,230,155.6332158906469,661.8052959110162,0,8.373210710503317,74.46832112800426,,155.6,"8.373 [0, 74.47]"
chest,Chest (complementary),KNUST,one_hour_geometric_mean_medi,Mean melEDI,Mean melEDI ; Hourly geometric mean,Mean,level-based,participant-hour,lx,primary_outcome,Hourly geometric mean,2016,1933,15,84,100.8806412066222,433.9284290659355,0,1.019499566701886,32.92194848730305,,100.9,"1.019 [0, 32.92]"
chest,Chest (complementary),Overall,daily_geometric_mean_medi,Mean melEDI,Mean melEDI ; Daily geometric mean,Mean,level-based,participant-day,lx,primary_outcome,Daily geometric mean,902,902,154,902,6.433427982301349,7.558364113498253,2.4318557705331822,4.666686730771975,8.347658294726038,,6.433,"4.667 [2.432, 8.348]"
chest,Chest (complementary),RISE,daily_geometric_mean_medi,Mean melEDI,Mean melEDI ; Daily geometric mean,Mean,level-based,participant-day,lx,primary_outcome,Daily geometric mean,96,96,16,96,7.644686801506597,8.379785888778182,3.27352410864957,5.206051671278057,9.177645487530157,,7.645,"5.206 [3.274, 9.178]"
chest,Chest (complementary),THUAS,daily_geometric_mean_medi,Mean melEDI,Mean melEDI ; Daily geometric mean,Mean,level-based,participant-day,lx,primary_outcome,Daily geometric mean,93,93,15,93,7.365751800137162,7.546384747676553,3.373642869804643,5.579488526850678,9.249247945633009,,7.366,"5.579 [3.374, 9.249]"
chest,Chest (complementary),BAUA,daily_geometric_mean_medi,Mean melEDI,Mean melEDI ; Daily geometric mean,Mean,level-based,participant-day,lx,primary_outcome,Daily geometric mean,114,114,20,114,7.577211507272077,11.90489299974326,1.967377486360367,3.7648828517319863,9.261050123341597,,7.577,"3.765 [1.967, 9.261]"
chest,Chest (complementary),TUM,daily_geometric_mean_medi,Mean melEDI,Mean melEDI ; Daily geometric mean,Mean,level-based,participant-day,lx,primary_outcome,Daily geometric mean,60,60,10,60,9.843881227122052,11.635646581803334,2.9478640846151682,5.689407408661344,13.281421597201543,,9.844,"5.689 [2.948, 13.28]"
chest,Chest (complementary),FUSPCEU,daily_geometric_mean_medi,Mean melEDI,Mean melEDI ; Daily geometric mean,Mean,level-based,participant-day,lx,primary_outcome,Daily geometric mean,123,123,22,123,3.6869786951382855,3.230512872503636,0.9452389938667201,2.817738061543551,5.0898617978905865,,3.687,"2.818 [0.9452, 5.09]"
chest,Chest (complementary),IZTECH,daily_geometric_mean_medi,Mean melEDI,Mean melEDI ; Daily geometric mean,Mean,level-based,participant-day,lx,primary_outcome,Daily geometric mean,102,102,17,102,6.649898750541541,5.702528347826509,3.1006353256963104,5.020248735835416,8.424271564197822,,6.65,"5.02 [3.101, 8.424]"
chest,Chest (complementary),UCR,daily_geometric_mean_medi,Mean melEDI,Mean melEDI ; Daily geometric mean,Mean,level-based,participant-day,lx,primary_outcome,Daily geometric mean,230,230,39,230,6.405629883466722,4.14154660200265,3.147984834607361,5.661188072202062,8.892851422082583,,6.406,"5.661 [3.148, 8.893]"
chest,Chest (complementary),KNUST,daily_geometric_mean_medi,Mean melEDI,Mean melEDI ; Daily geometric mean,Mean,level-based,participant-day,lx,primary_outcome,Daily geometric mean,84,84,15,84,3.863443797232081,7.378051464750293,0.9976031064767092,2.1199021999896237,4.686955538916935,,3.863,"2.12 [0.9976, 4.687]"
chest,Chest (complementary),Overall,m10_mean_medi,Brightest 10 h mean,Brightest 10 h mean,M10mean,level-based,participant-day,lx,primary_outcome,Supported 10-hour window,902,902,154,902,192.16952418023533,392.83669912940115,34.90371429753337,97.69910262657382,204.45175864406494,,192.2,"97.7 [34.9, 204.5]"
chest,Chest (complementary),RISE,m10_mean_medi,Brightest 10 h mean,Brightest 10 h mean,M10mean,level-based,participant-day,lx,primary_outcome,Supported 10-hour window,96,96,16,96,395.42686024289014,680.2410390544908,64.31862708987578,169.3870664594832,366.22083456370774,,395.4,"169.4 [64.32, 366.2]"
chest,Chest (complementary),THUAS,m10_mean_medi,Brightest 10 h mean,Brightest 10 h mean,M10mean,level-based,participant-day,lx,primary_outcome,Supported 10-hour window,93,93,15,93,227.62432184062465,260.9193854603074,80.83096347810199,146.21590064387448,291.6224454601145,,227.6,"146.2 [80.83, 291.6]"
chest,Chest (complementary),BAUA,m10_mean_medi,Brightest 10 h mean,Brightest 10 h mean,M10mean,level-based,participant-day,lx,primary_outcome,Supported 10-hour window,114,114,20,114,300.3274061069923,758.8111331398828,31.998974466789953,92.41748668419132,272.1711435483054,,300.3,"92.42 [32, 272.2]"
chest,Chest (complementary),TUM,m10_mean_medi,Brightest 10 h mean,Brightest 10 h mean,M10mean,level-based,participant-day,lx,primary_outcome,Supported 10-hour window,60,60,10,60,200.73990359223788,256.4741490765751,32.08365141603317,121.5383583501094,261.261748557225,,200.7,"121.5 [32.08, 261.3]"
chest,Chest (complementary),FUSPCEU,m10_mean_medi,Brightest 10 h mean,Brightest 10 h mean,M10mean,level-based,participant-day,lx,primary_outcome,Supported 10-hour window,123,123,22,123,113.7523380540791,116.76126610528856,15.754975377409206,76.7011494135596,183.9716913418518,,113.8,"76.7 [15.75, 184]"
chest,Chest (complementary),IZTECH,m10_mean_medi,Brightest 10 h mean,Brightest 10 h mean,M10mean,level-based,participant-day,lx,primary_outcome,Supported 10-hour window,102,102,17,102,102.89666338509696,89.76769484909101,43.13654934497879,78.7195804742943,133.06183447081764,,102.9,"78.72 [43.14, 133.1]"
chest,Chest (complementary),UCR,m10_mean_medi,Brightest 10 h mean,Brightest 10 h mean,M10mean,level-based,participant-day,lx,primary_outcome,Supported 10-hour window,230,230,39,230,162.30563331212485,189.32849236039033,43.93750845579085,106.80098394213826,208.01242454898505,,162.3,"106.8 [43.94, 208]"
chest,Chest (complementary),KNUST,m10_mean_medi,Brightest 10 h mean,Brightest 10 h mean,M10mean,level-based,participant-day,lx,primary_outcome,Supported 10-hour window,84,84,15,84,72.71260567410707,97.87088329254233,8.422937536907876,38.46611464543988,91.2439141920187,,72.71,"38.47 [8.423, 91.24]"
chest,Chest (complementary),Overall,l10_mean_medi,Darkest 10 h mean,Darkest 10 h mean,L10mean,level-based,participant-day,lx,primary_outcome,Supported 10-hour window,902,902,154,902,0.2224475248393035,0.8592531869006836,0.01017810472818372,0.07015915648952029,0.22047212507107353,,0.2224,"0.07016 [0.01018, 0.2205]"
chest,Chest (complementary),RISE,l10_mean_medi,Darkest 10 h mean,Darkest 10 h mean,L10mean,level-based,participant-day,lx,primary_outcome,Supported 10-hour window,96,96,16,96,0.10740237383491262,0.1669964640662174,0.006085162648045161,0.03700430500109268,0.1268823961415668,,0.1074,"0.037 [0.006085, 0.1269]"
chest,Chest (complementary),THUAS,l10_mean_medi,Darkest 10 h mean,Darkest 10 h mean,L10mean,level-based,participant-day,lx,primary_outcome,Supported 10-hour window,93,93,15,93,0.17493529955301385,0.2823694721783697,0.01017314851692816,0.05379885509292725,0.18806364260601324,,0.1749,"0.0538 [0.01017, 0.1881]"
chest,Chest (complementary),BAUA,l10_mean_medi,Darkest 10 h mean,Darkest 10 h mean,L10mean,level-based,participant-day,lx,primary_outcome,Supported 10-hour window,114,114,20,114,0.1026137768435143,0.13147445681110834,0.010762282199747359,0.05173782131311662,0.1413845337608679,,0.1026,"0.05174 [0.01076, 0.1414]"
chest,Chest (complementary),TUM,l10_mean_medi,Darkest 10 h mean,Darkest 10 h mean,L10mean,level-based,participant-day,lx,primary_outcome,Supported 10-hour window,60,60,10,60,0.3359057358638659,0.5313900941578529,0.02187170169084938,0.18137955597550354,0.3955763296815745,,0.3359,"0.1814 [0.02187, 0.3956]"
chest,Chest (complementary),FUSPCEU,l10_mean_medi,Darkest 10 h mean,Darkest 10 h mean,L10mean,level-based,participant-day,lx,primary_outcome,Supported 10-hour window,123,123,22,123,0.051852820018827434,0.08004126499847972,0,0.01736266807088625,0.07980540798267871,,0.05185,"0.01736 [0, 0.07981]"
chest,Chest (complementary),IZTECH,l10_mean_medi,Darkest 10 h mean,Darkest 10 h mean,L10mean,level-based,participant-day,lx,primary_outcome,Supported 10-hour window,102,102,17,102,0.42932128677692594,0.7854085303615946,0.03397340957071684,0.13293706493111934,0.3952352027314989,,0.4293,"0.1329 [0.03397, 0.3952]"
chest,Chest (complementary),UCR,l10_mean_medi,Darkest 10 h mean,Darkest 10 h mean,L10mean,level-based,participant-day,lx,primary_outcome,Supported 10-hour window,230,230,39,230,0.23875139104425544,0.3872598819903487,0.04372196516178581,0.14529700785403243,0.2747342730505544,,0.2388,"0.1453 [0.04372, 0.2747]"
chest,Chest (complementary),KNUST,l10_mean_medi,Darkest 10 h mean,Darkest 10 h mean,L10mean,level-based,participant-day,lx,primary_outcome,Supported 10-hour window,84,84,15,84,0.4420744511040039,2.5108163435867215,0,0.03475367595742519,0.1361755969699694,,0.4421,"0.03475 [0, 0.1362]"
chest,Chest (complementary),Overall,duration_above_1000,"Time above 1,000 lx melEDI","Time above 1,000 lx melEDI",TAT1000,duration-based,participant-day,h,primary_outcome,Full 24-hour cycle,902,902,154,902,1.2973392461197342,1.4576680752150202,0.26666666666666666,0.8,1.8458333333333334,,1.297,"0.8 [0.2667, 1.846]"
chest,Chest (complementary),RISE,duration_above_1000,"Time above 1,000 lx melEDI","Time above 1,000 lx melEDI",TAT1000,duration-based,participant-day,h,primary_outcome,Full 24-hour cycle,96,96,16,96,1.8727430555555555,1.8720678746874129,0.4416666666666667,1.0916666666666668,2.816666666666667,,1.873,"1.092 [0.4417, 2.817]"
chest,Chest (complementary),THUAS,duration_above_1000,"Time above 1,000 lx melEDI","Time above 1,000 lx melEDI",TAT1000,duration-based,participant-day,h,primary_outcome,Full 24-hour cycle,93,93,15,93,1.5664874551971326,1.4238277970153126,0.5166666666666667,1.2333333333333334,2.25,,1.566,"1.233 [0.5167, 2.25]"
chest,Chest (complementary),BAUA,duration_above_1000,"Time above 1,000 lx melEDI","Time above 1,000 lx melEDI",TAT1000,duration-based,participant-day,h,primary_outcome,Full 24-hour cycle,114,114,20,114,1.847514619883041,1.9964290052835252,0.45,1.2416666666666667,2.9291666666666663,,1.848,"1.242 [0.45, 2.929]"
chest,Chest (complementary),TUM,duration_above_1000,"Time above 1,000 lx melEDI","Time above 1,000 lx melEDI",TAT1000,duration-based,participant-day,h,primary_outcome,Full 24-hour cycle,60,60,10,60,1.2533333333333334,1.525251360841106,0.1,0.6166666666666667,1.9041666666666666,,1.253,"0.6167 [0.1, 1.904]"
chest,Chest (complementary),FUSPCEU,duration_above_1000,"Time above 1,000 lx melEDI","Time above 1,000 lx melEDI",TAT1000,duration-based,participant-day,h,primary_outcome,Full 24-hour cycle,123,123,22,123,0.6235772357723577,0.8335626100693297,0.09166666666666667,0.38333333333333336,0.85,,0.6236,"0.3833 [0.09167, 0.85]"
chest,Chest (complementary),IZTECH,duration_above_1000,"Time above 1,000 lx melEDI","Time above 1,000 lx melEDI",TAT1000,duration-based,participant-day,h,primary_outcome,Full 24-hour cycle,102,102,17,102,0.7281045751633987,0.838843106863647,0.11666666666666668,0.4666666666666667,0.9875,,0.7281,"0.4667 [0.1167, 0.9875]"
chest,Chest (complementary),UCR,duration_above_1000,"Time above 1,000 lx melEDI","Time above 1,000 lx melEDI",TAT1000,duration-based,participant-day,h,primary_outcome,Full 24-hour cycle,230,230,39,230,1.3721014492753623,1.3373350354122642,0.35,1.0083333333333333,2.0166666666666666,,1.372,"1.008 [0.35, 2.017]"
chest,Chest (complementary),KNUST,duration_above_1000,"Time above 1,000 lx melEDI","Time above 1,000 lx melEDI",TAT1000,duration-based,participant-day,h,primary_outcome,Full 24-hour cycle,84,84,15,84,1.0996031746031745,0.9527841826622824,0.475,0.975,1.425,,1.1,"0.975 [0.475, 1.425]"
chest,Chest (complementary),Overall,duration_above_250_full_day,Time above 250 lx melEDI,Time above 250 lx melEDI,TAT250,duration-based,participant-day,h,descriptive_only,Full 24-hour cycle,902,902,154,902,2.938008130081301,2.371261038196116,0.9666666666666668,2.45,4.333333333333333,,2.938,"2.45 [0.9667, 4.333]"
chest,Chest (complementary),RISE,duration_above_250_full_day,Time above 250 lx melEDI,Time above 250 lx melEDI,TAT250,duration-based,participant-day,h,descriptive_only,Full 24-hour cycle,96,96,16,96,3.7961805555555554,2.698684408927127,1.4291666666666667,3.3833333333333333,5.6875,,3.796,"3.383 [1.429, 5.688]"
chest,Chest (complementary),THUAS,duration_above_250_full_day,Time above 250 lx melEDI,Time above 250 lx melEDI,TAT250,duration-based,participant-day,h,descriptive_only,Full 24-hour cycle,93,93,15,93,3.5517921146953406,2.1627981941868097,2.1333333333333333,3.5,4.95,,3.552,"3.5 [2.133, 4.95]"
chest,Chest (complementary),BAUA,duration_above_250_full_day,Time above 250 lx melEDI,Time above 250 lx melEDI,TAT250,duration-based,participant-day,h,descriptive_only,Full 24-hour cycle,114,114,20,114,3.549269005847953,2.8239575833223003,1.2833333333333332,3.033333333333333,5.395833333333334,,3.549,"3.033 [1.283, 5.396]"
chest,Chest (complementary),TUM,duration_above_250_full_day,Time above 250 lx melEDI,Time above 250 lx melEDI,TAT250,duration-based,participant-day,h,descriptive_only,Full 24-hour cycle,60,60,10,60,3.2705555555555557,2.969305255009367,0.9666666666666665,2.8,5.104166666666666,,3.271,"2.8 [0.9667, 5.104]"
chest,Chest (complementary),FUSPCEU,duration_above_250_full_day,Time above 250 lx melEDI,Time above 250 lx melEDI,TAT250,duration-based,participant-day,h,descriptive_only,Full 24-hour cycle,123,123,22,123,2.5299457994579946,2.059815852192497,0.7333333333333333,2.15,3.8,,2.53,"2.15 [0.7333, 3.8]"
chest,Chest (complementary),IZTECH,duration_above_250_full_day,Time above 250 lx melEDI,Time above 250 lx melEDI,TAT250,duration-based,participant-day,h,descriptive_only,Full 24-hour cycle,102,102,17,102,1.8848039215686276,1.6330556491595123,0.5541666666666667,1.625,2.5625,,1.885,"1.625 [0.5542, 2.562]"
chest,Chest (complementary),UCR,duration_above_250_full_day,Time above 250 lx melEDI,Time above 250 lx melEDI,TAT250,duration-based,participant-day,h,descriptive_only,Full 24-hour cycle,230,230,39,230,3.0513043478260866,2.2353373092453532,1.1416666666666666,2.7583333333333333,4.6625,,3.051,"2.758 [1.142, 4.662]"
chest,Chest (complementary),KNUST,duration_above_250_full_day,Time above 250 lx melEDI,Time above 250 lx melEDI,TAT250,duration-based,participant-day,h,descriptive_only,Full 24-hour cycle,84,84,15,84,1.7767857142857142,1.4994466133542348,0.7458333333333333,1.4166666666666665,2.4875,,1.777,"1.417 [0.7458, 2.487]"
chest,Chest (complementary),Overall,duration_above_250_wake,Time above 250 lx melEDI during wake,Time above 250 lx melEDI during wake,TAT250,duration-based,participant-day,h,primary_outcome,Waking near-eye measurement,902,818,154,818,2.901303993480033,2.2682127014888267,0.9666666666666668,2.45,4.362499999999999,,2.901,"2.45 [0.9667, 4.362]"
chest,Chest (complementary),RISE,duration_above_250_wake,Time above 250 lx melEDI during wake,Time above 250 lx melEDI during wake,TAT250,duration-based,participant-day,h,primary_outcome,Waking near-eye measurement,96,89,16,89,3.654307116104869,2.4729975167272586,1.4833333333333334,3.466666666666667,5.616666666666666,,3.654,"3.467 [1.483, 5.617]"
chest,Chest (complementary),THUAS,duration_above_250_wake,Time above 250 lx melEDI during wake,Time above 250 lx melEDI during wake,TAT250,duration-based,participant-day,h,primary_outcome,Waking near-eye measurement,93,79,15,79,3.6018987341772153,2.144017030401298,2.1916666666666664,3.5833333333333335,4.875,,3.602,"3.583 [2.192, 4.875]"
chest,Chest (complementary),BAUA,duration_above_250_wake,Time above 250 lx melEDI during wake,Time above 250 lx melEDI during wake,TAT250,duration-based,participant-day,h,primary_outcome,Waking near-eye measurement,114,98,20,98,3.571938775510204,2.641011249076356,1.5291666666666668,3.091666666666667,5.2125,,3.572,"3.092 [1.529, 5.213]"
chest,Chest (complementary),TUM,duration_above_250_wake,Time above 250 lx melEDI during wake,Time above 250 lx melEDI during wake,TAT250,duration-based,participant-day,h,primary_outcome,Waking near-eye measurement,60,54,10,54,2.917283950617284,2.5296231581923276,0.9041666666666667,2.6333333333333337,4.504166666666666,,2.917,"2.633 [0.9042, 4.504]"
chest,Chest (complementary),FUSPCEU,duration_above_250_wake,Time above 250 lx melEDI during wake,Time above 250 lx melEDI during wake,TAT250,duration-based,participant-day,h,primary_outcome,Waking near-eye measurement,123,111,22,111,2.5834834834834832,2.0543529732901646,0.7916666666666666,2.216666666666667,3.791666666666667,,2.583,"2.217 [0.7917, 3.792]"
chest,Chest (complementary),IZTECH,duration_above_250_wake,Time above 250 lx melEDI during wake,Time above 250 lx melEDI during wake,TAT250,duration-based,participant-day,h,primary_outcome,Waking near-eye measurement,102,95,17,95,1.8294736842105264,1.6351044324185444,0.5083333333333333,1.55,2.5,,1.829,"1.55 [0.5083, 2.5]"
chest,Chest (complementary),UCR,duration_above_250_wake,Time above 250 lx melEDI during wake,Time above 250 lx melEDI during wake,TAT250,duration-based,participant-day,h,primary_outcome,Waking near-eye measurement,230,211,39,211,3.095734597156398,2.2051965383185586,1.3250000000000002,2.85,4.716666666666667,,3.096,"2.85 [1.325, 4.717]"
chest,Chest (complementary),KNUST,duration_above_250_wake,Time above 250 lx melEDI during wake,Time above 250 lx melEDI during wake,TAT250,duration-based,participant-day,h,primary_outcome,Waking near-eye measurement,84,81,15,81,1.7547325102880658,1.5245450928243713,0.7166666666666667,1.4,2.433333333333333,,1.755,"1.4 [0.7167, 2.433]"
chest,Chest (complementary),Overall,duration_below_10_pre_sleep,Time below 10 lx melEDI before sleep,Time below 10 lx melEDI before sleep,TBT10,duration-based,participant-day,h,primary_outcome,Three hours before attempted sleep,902,743,153,743,1.9338492597577388,0.9918147880691024,1.2333333333333334,1.95,2.65,,1.934,"1.95 [1.233, 2.65]"
chest,Chest (complementary),RISE,duration_below_10_pre_sleep,Time below 10 lx melEDI before sleep,Time below 10 lx melEDI before sleep,TBT10,duration-based,participant-day,h,primary_outcome,Three hours before attempted sleep,96,81,16,81,2.0504115226337447,0.8314435877696977,1.5,2.1333333333333333,2.6166666666666667,,2.05,"2.133 [1.5, 2.617]"
chest,Chest (complementary),THUAS,duration_below_10_pre_sleep,Time below 10 lx melEDI before sleep,Time below 10 lx melEDI before sleep,TBT10,duration-based,participant-day,h,primary_outcome,Three hours before attempted sleep,93,63,14,63,1.9243386243386242,0.931530639062813,1.3250000000000002,1.8666666666666667,2.591666666666667,,1.924,"1.867 [1.325, 2.592]"
chest,Chest (complementary),BAUA,duration_below_10_pre_sleep,Time below 10 lx melEDI before sleep,Time below 10 lx melEDI before sleep,TBT10,duration-based,participant-day,h,primary_outcome,Three hours before attempted sleep,114,92,20,92,1.9346014492753625,1.0605975280845572,1.0458333333333334,1.9833333333333336,2.6624999999999996,,1.935,"1.983 [1.046, 2.662]"
chest,Chest (complementary),TUM,duration_below_10_pre_sleep,Time below 10 lx melEDI before sleep,Time below 10 lx melEDI before sleep,TBT10,duration-based,participant-day,h,primary_outcome,Three hours before attempted sleep,60,52,10,52,2.0176282051282053,1.1713185197649816,1.2916666666666667,1.9083333333333332,2.841666666666667,,2.018,"1.908 [1.292, 2.842]"
chest,Chest (complementary),FUSPCEU,duration_below_10_pre_sleep,Time below 10 lx melEDI before sleep,Time below 10 lx melEDI before sleep,TBT10,duration-based,participant-day,h,primary_outcome,Three hours before attempted sleep,123,103,22,103,1.88042071197411,1.0686573213634143,1.0833333333333335,1.7166666666666666,2.716666666666667,,1.88,"1.717 [1.083, 2.717]"
chest,Chest (complementary),IZTECH,duration_below_10_pre_sleep,Time below 10 lx melEDI before sleep,Time below 10 lx melEDI before sleep,TBT10,duration-based,participant-day,h,primary_outcome,Three hours before attempted sleep,102,83,17,83,1.8112449799196786,1.0603283112318702,1.0166666666666666,1.7333333333333334,2.458333333333333,,1.811,"1.733 [1.017, 2.458]"
chest,Chest (complementary),UCR,duration_below_10_pre_sleep,Time below 10 lx melEDI before sleep,Time below 10 lx melEDI before sleep,TBT10,duration-based,participant-day,h,primary_outcome,Three hours before attempted sleep,230,208,39,208,1.8576923076923078,0.9566318595140282,1.1291666666666667,1.8916666666666666,2.5166666666666666,,1.858,"1.892 [1.129, 2.517]"
chest,Chest (complementary),KNUST,duration_below_10_pre_sleep,Time below 10 lx melEDI before sleep,Time below 10 lx melEDI before sleep,TBT10,duration-based,participant-day,h,primary_outcome,Three hours before attempted sleep,84,61,15,61,2.2330601092896174,0.8233034846325722,1.7333333333333334,2.4833333333333334,2.7666666666666666,,2.233,"2.483 [1.733, 2.767]"
chest,Chest (complementary),Overall,duration_below_1_sleep_environment,Time below 1 lx melEDI during sleep,Time below 1 lx melEDI during sleep,TBT1,duration-based,participant-day,h,primary_outcome,Bedside sleep-environment measurement,902,861,154,861,7.190689121176926,1.8977373553206578,6.05,7.2,8.333333333333334,,7.191,"7.2 [6.05, 8.333]"
chest,Chest (complementary),RISE,duration_below_1_sleep_environment,Time below 1 lx melEDI during sleep,Time below 1 lx melEDI during sleep,TBT1,duration-based,participant-day,h,primary_outcome,Bedside sleep-environment measurement,96,92,16,92,7.545108695652174,1.762299422758428,6.658333333333333,7.333333333333334,8.683333333333334,,7.545,"7.333 [6.658, 8.683]"
chest,Chest (complementary),THUAS,duration_below_1_sleep_environment,Time below 1 lx melEDI during sleep,Time below 1 lx melEDI during sleep,TBT1,duration-based,participant-day,h,primary_outcome,Bedside sleep-environment measurement,93,83,15,83,7.267269076305221,1.7673365921541437,6.433333333333334,7.55,8.108333333333334,,7.267,"7.55 [6.433, 8.108]"
chest,Chest (complementary),BAUA,duration_below_1_sleep_environment,Time below 1 lx melEDI during sleep,Time below 1 lx melEDI during sleep,TBT1,duration-based,participant-day,h,primary_outcome,Bedside sleep-environment measurement,114,102,20,102,7.554411764705883,1.7584667514968395,6.445833333333334,7.533333333333333,8.616666666666667,,7.554,"7.533 [6.446, 8.617]"
chest,Chest (complementary),TUM,duration_below_1_sleep_environment,Time below 1 lx melEDI during sleep,Time below 1 lx melEDI during sleep,TBT1,duration-based,participant-day,h,primary_outcome,Bedside sleep-environment measurement,60,60,10,60,6.426388888888889,2.173737466469319,5.120833333333334,6.241666666666667,7.683333333333334,,6.426,"6.242 [5.121, 7.683]"
chest,Chest (complementary),FUSPCEU,duration_below_1_sleep_environment,Time below 1 lx melEDI during sleep,Time below 1 lx melEDI during sleep,TBT1,duration-based,participant-day,h,primary_outcome,Bedside sleep-environment measurement,123,115,22,115,8.199855072463768,1.8378473079529143,7.2,8.166666666666666,9.158333333333335,,8.2,"8.167 [7.2, 9.158]"
chest,Chest (complementary),IZTECH,duration_below_1_sleep_environment,Time below 1 lx melEDI during sleep,Time below 1 lx melEDI during sleep,TBT1,duration-based,participant-day,h,primary_outcome,Bedside sleep-environment measurement,102,100,17,100,6.7145,2.1516230594886863,5.120833333333334,6.858333333333333,8.25,,6.715,"6.858 [5.121, 8.25]"
chest,Chest (complementary),UCR,duration_below_1_sleep_environment,Time below 1 lx melEDI during sleep,Time below 1 lx melEDI during sleep,TBT1,duration-based,participant-day,h,primary_outcome,Bedside sleep-environment measurement,230,225,39,225,6.769777777777778,1.3910464115361572,5.916666666666667,6.733333333333333,7.666666666666667,,6.77,"6.733 [5.917, 7.667]"
chest,Chest (complementary),KNUST,duration_below_1_sleep_environment,Time below 1 lx melEDI during sleep,Time below 1 lx melEDI during sleep,TBT1,duration-based,participant-day,h,primary_outcome,Bedside sleep-environment measurement,84,84,15,84,7.1438492063492065,2.3287803826671767,5.925000000000001,7.041666666666666,8.833333333333334,,7.144,"7.042 [5.925, 8.833]"
chest,Chest (complementary),Overall,longest_bout_above_250,Longest period above 250 lx melEDI,Longest period above 250 lx melEDI,PAT250,duration-based,participant-day,h,primary_outcome,Observed lower bound,902,902,154,902,0.830321507760532,0.9068078020160093,0.2833333333333333,0.575,1.0791666666666666,,0.8303,"0.575 [0.2833, 1.079]"
chest,Chest (complementary),RISE,longest_bout_above_250,Longest period above 250 lx melEDI,Longest period above 250 lx melEDI,PAT250,duration-based,participant-day,h,primary_outcome,Observed lower bound,96,96,16,96,1,1.0098954841412497,0.3791666666666667,0.675,1.2416666666666667,,1,"0.675 [0.3792, 1.242]"
chest,Chest (complementary),THUAS,longest_bout_above_250,Longest period above 250 lx melEDI,Longest period above 250 lx melEDI,PAT250,duration-based,participant-day,h,primary_outcome,Observed lower bound,93,93,15,93,0.967921146953405,1.0009151505707907,0.4166666666666667,0.6833333333333333,1.2333333333333334,,0.9679,"0.6833 [0.4167, 1.233]"
chest,Chest (complementary),BAUA,longest_bout_above_250,Longest period above 250 lx melEDI,Longest period above 250 lx melEDI,PAT250,duration-based,participant-day,h,primary_outcome,Observed lower bound,114,114,20,114,0.9948830409356726,1.1358468725843283,0.31666666666666665,0.6333333333333333,1.2791666666666668,,0.9949,"0.6333 [0.3167, 1.279]"
chest,Chest (complementary),TUM,longest_bout_above_250,Longest period above 250 lx melEDI,Longest period above 250 lx melEDI,PAT250,duration-based,participant-day,h,primary_outcome,Observed lower bound,60,60,10,60,1.1102777777777777,1.6196681080668234,0.25,0.55,1.4749999999999999,,1.11,"0.55 [0.25, 1.475]"
chest,Chest (complementary),FUSPCEU,longest_bout_above_250,Longest period above 250 lx melEDI,Longest period above 250 lx melEDI,PAT250,duration-based,participant-day,h,primary_outcome,Observed lower bound,123,123,22,123,0.5631436314363144,0.5416834887363491,0.2,0.45,0.75,,0.5631,"0.45 [0.2, 0.75]"
chest,Chest (complementary),IZTECH,longest_bout_above_250,Longest period above 250 lx melEDI,Longest period above 250 lx melEDI,PAT250,duration-based,participant-day,h,primary_outcome,Observed lower bound,102,102,17,102,0.552124183006536,0.5034898646763749,0.2,0.43333333333333335,0.7666666666666667,,0.5521,"0.4333 [0.2, 0.7667]"
chest,Chest (complementary),UCR,longest_bout_above_250,Longest period above 250 lx melEDI,Longest period above 250 lx melEDI,PAT250,duration-based,participant-day,h,primary_outcome,Observed lower bound,230,230,39,230,0.88115942028985506,0.7696890672588445,0.30416666666666664,0.7,1.2583333333333333,,0.8812,"0.7 [0.3042, 1.258]"
chest,Chest (complementary),KNUST,longest_bout_above_250,Longest period above 250 lx melEDI,Longest period above 250 lx melEDI,PAT250,duration-based,participant-day,h,primary_outcome,Observed lower bound,84,84,15,84,0.6505952380952381,0.5137822479582939,0.26666666666666666,0.525,0.9166666666666666,,0.6506,"0.525 [0.2667, 0.9167]"
chest,Chest (complementary),Overall,first_timing_above_250,First light timing above 250 lx melEDI,First light timing above 250 lx melEDI,FLIT250,timing-based,participant-day,clock time,primary_outcome,Boundary-censoring rule,902,802,154,802,548.861272900156,140.14412979194955,466,535.5,620.75,0.8294748151759049,09:09,"08:56 [07:46, 10:21]"
chest,Chest (complementary),RISE,first_timing_above_250,First light timing above 250 lx melEDI,First light timing above 250 lx melEDI,FLIT250,timing-based,participant-day,clock time,primary_outcome,Boundary-censoring rule,96,92,16,92,500.96623022156086,100.66132835532719,425.75,486,542.25,0.9080496848737922,08:21,"08:06 [07:06, 09:02]"
chest,Chest (complementary),THUAS,first_timing_above_250,First light timing above 250 lx melEDI,First light timing above 250 lx melEDI,FLIT250,timing-based,participant-day,clock time,primary_outcome,Boundary-censoring rule,93,80,15,80,565.319603514123,84.3408070360739,509.5,547.5,605,0.9345274491193332,09:25,"09:08 [08:30, 10:05]"
chest,Chest (complementary),BAUA,first_timing_above_250,First light timing above 250 lx melEDI,First light timing above 250 lx melEDI,FLIT250,timing-based,participant-day,clock time,primary_outcome,Boundary-censoring rule,114,103,20,103,556.4364622527527,142.44287010458962,470.5,558,612.5,0.824361436271843,09:16,"09:18 [07:50, 10:12]"
chest,Chest (complementary),TUM,first_timing_above_250,First light timing above 250 lx melEDI,First light timing above 250 lx melEDI,FLIT250,timing-based,participant-day,clock time,primary_outcome,Boundary-censoring rule,60,54,10,54,592.330787813322,178.91552162654477,457.75,576.5,699.75,0.7373298831298204,09:52,"09:36 [07:38, 11:40]"
chest,Chest (complementary),FUSPCEU,first_timing_above_250,First light timing above 250 lx melEDI,First light timing above 250 lx melEDI,FLIT250,timing-based,participant-day,clock time,primary_outcome,Boundary-censoring rule,123,112,22,112,606.8681960471976,139.68998456373967,522.75,563.5,682.75,0.8304788900455442,10:07,"09:24 [08:43, 11:23]"
chest,Chest (complementary),IZTECH,first_timing_above_250,First light timing above 250 lx melEDI,First light timing above 250 lx melEDI,FLIT250,timing-based,participant-day,clock time,primary_outcome,Boundary-censoring rule,102,97,17,97,635.2608415292058,140.61525638567883,549,612,711,0.8284310411789042,10:35,"10:12 [09:09, 11:51]"
chest,Chest (complementary),UCR,first_timing_above_250,First light timing above 250 lx melEDI,First light timing above 250 lx melEDI,FLIT250,timing-based,participant-day,clock time,primary_outcome,Boundary-censoring rule,230,200,39,200,476.3293795900127,118.86310860929244,398.25000000000006,458.50000000000006,558.5,0.874159202620476,07:56,"07:38 [06:38, 09:18]"
chest,Chest (complementary),KNUST,first_timing_above_250,First light timing above 250 lx melEDI,First light timing above 250 lx melEDI,FLIT250,timing-based,participant-day,clock time,primary_outcome,Boundary-censoring rule,84,64,15,64,562.381733958524,132.41485020293698,479.5,522.5,642.5,0.8462771430304685,09:22,"08:42 [08:00, 10:42]"
chest,Chest (complementary),Overall,last_timing_above_250,Last light timing above 250 lx melEDI,Last light timing above 250 lx melEDI,LLIT250,timing-based,participant-day,clock time,primary_outcome,Boundary-censoring rule,902,787,154,787,1077.6336626634318,140.90765658602007,996.5,1065,1172,0.8277821342856914,17:58,"17:45 [16:36, 19:32]"
chest,Chest (complementary),RISE,last_timing_above_250,Last light timing above 250 lx melEDI,Last light timing above 250 lx melEDI,LLIT250,timing-based,participant-day,clock time,primary_outcome,Boundary-censoring rule,96,89,16,89,1115.5115256717895,104.55027617158763,1045,1112,1186,0.901177421580082,18:36,"18:32 [17:25, 19:46]"
chest,Chest (complementary),THUAS,last_timing_above_250,Last light timing above 250 lx melEDI,Last light timing above 250 lx melEDI,LLIT250,timing-based,participant-day,clock time,primary_outcome,Boundary-censoring rule,93,73,15,73,1125.3048560769093,115.73559327670478,1078,1114,1192,0.8802860614160412,18:45,"18:34 [17:58, 19:52]"
chest,Chest (complementary),BAUA,last_timing_above_250,Last light timing above 250 lx melEDI,Last light timing above 250 lx melEDI,LLIT250,timing-based,participant-day,clock time,primary_outcome,Boundary-censoring rule,114,100,20,100,1147.931592338603,140.48634005966062,1059.25,1172,1244.5,0.8287168708193555,19:08,"19:32 [17:39, 20:44]"
chest,Chest (complementary),TUM,last_timing_above_250,Last light timing above 250 lx melEDI,Last light timing above 250 lx melEDI,LLIT250,timing-based,participant-day,clock time,primary_outcome,Boundary-censoring rule,60,51,10,51,1148.512430982324,134.50085835895808,1089.5,1183,1215.5,0.8418035437333636,19:09,"19:43 [18:10, 20:16]"
chest,Chest (complementary),FUSPCEU,last_timing_above_250,Last light timing above 250 lx melEDI,Last light timing above 250 lx melEDI,LLIT250,timing-based,participant-day,clock time,primary_outcome,Boundary-censoring rule,123,104,22,104,1080.1879974730775,138.8673828615751,1003.75,1066,1150,0.8322923641150787,18:00,"17:46 [16:44, 19:10]"
chest,Chest (complementary),IZTECH,last_timing_above_250,Last light timing above 250 lx melEDI,Last light timing above 250 lx melEDI,LLIT250,timing-based,participant-day,clock time,primary_outcome,Boundary-censoring rule,102,90,17,90,1092.230840887425,116.98659691513322,1021.25,1108,1162.5,0.8778498033789358,18:12,"18:28 [17:01, 19:22]"
chest,Chest (complementary),UCR,last_timing_above_250,Last light timing above 250 lx melEDI,Last light timing above 250 lx melEDI,LLIT250,timing-based,participant-day,clock time,primary_outcome,Boundary-censoring rule,230,210,39,210,1020.2181436148068,141.77753265891835,951.25,1024,1066.75,0.8258467239950883,17:00,"17:04 [15:51, 17:47]"
chest,Chest (complementary),KNUST,last_timing_above_250,Last light timing above 250 lx melEDI,Last light timing above 250 lx melEDI,LLIT250,timing-based,participant-day,clock time,primary_outcome,Boundary-censoring rule,84,70,15,70,973.1041614459454,108.64933067032622,904.75,1000.5,1045.75,0.8937115598912891,16:13,"16:40 [15:05, 17:26]"
chest,Chest (complementary),Overall,mean_timing_above_250,Mean timing of exposure above 250 lx melEDI,Mean timing of exposure above 250 lx melEDI,MLIT250,timing-based,participant-day,clock time,primary_outcome,Duration-weighted mean timing,902,831,154,831,797.4355906603765,115.98423671442818,726.8290523003708,794.1600657320965,869.1122160995701,0.8798033920968479,13:17,"13:14 [12:07, 14:29]"
chest,Chest (complementary),RISE,mean_timing_above_250,Mean timing of exposure above 250 lx melEDI,Mean timing of exposure above 250 lx melEDI,MLIT250,timing-based,participant-day,clock time,primary_outcome,Duration-weighted mean timing,96,91,16,91,800.7216795248601,89.33410502436227,754.4635017611322,800.5314261557161,860.5518937066229,0.9268444634478795,13:21,"13:21 [12:34, 14:21]"
chest,Chest (complementary),THUAS,mean_timing_above_250,Mean timing of exposure above 250 lx melEDI,Mean timing of exposure above 250 lx melEDI,MLIT250,timing-based,participant-day,clock time,primary_outcome,Duration-weighted mean timing,93,84,15,84,839.5247493996177,81.14706467559874,790.2536410469239,833.9235674778374,898.8472599501139,0.9392410828779203,14:00,"13:54 [13:10, 14:59]"
chest,Chest (complementary),BAUA,mean_timing_above_250,Mean timing of exposure above 250 lx melEDI,Mean timing of exposure above 250 lx melEDI,MLIT250,timing-based,participant-day,clock time,primary_outcome,Duration-weighted mean timing,114,104,20,104,849.0041035973517,120.43588237238646,755.9058056537677,855.3507418172786,920.5381542328824,0.871032945671165,14:09,"14:15 [12:36, 15:21]"
chest,Chest (complementary),TUM,mean_timing_above_250,Mean timing of exposure above 250 lx melEDI,Mean timing of exposure above 250 lx melEDI,MLIT250,timing-based,participant-day,clock time,primary_outcome,Duration-weighted mean timing,60,52,10,52,843.3008954047458,140.49484770147288,743.0127845705891,818.5530082150675,936.3181527339221,0.8286980129580743,14:03,"13:39 [12:23, 15:36]"
chest,Chest (complementary),FUSPCEU,mean_timing_above_250,Mean timing of exposure above 250 lx melEDI,Mean timing of exposure above 250 lx melEDI,MLIT250,timing-based,participant-day,clock time,primary_outcome,Duration-weighted mean timing,123,113,22,113,841.0822785464225,87.30600852077988,782.3324053824015,829.0000000000001,888.4068890023403,0.9300106047944945,14:01,"13:49 [13:02, 14:48]"
chest,Chest (complementary),IZTECH,mean_timing_above_250,Mean timing of exposure above 250 lx melEDI,Mean timing of exposure above 250 lx melEDI,MLIT250,timing-based,participant-day,clock time,primary_outcome,Duration-weighted mean timing,102,96,17,96,846.9905724416061,108.04764711891055,772.8422658209837,844.1112863857567,908.1330250961241,0.8948214824206637,14:07,"14:04 [12:53, 15:08]"
chest,Chest (complementary),UCR,mean_timing_above_250,Mean timing of exposure above 250 lx melEDI,Mean timing of exposure above 250 lx melEDI,MLIT250,timing-based,participant-day,clock time,primary_outcome,Duration-weighted mean timing,230,216,39,216,717.293877140149,96.08677717511503,657.9696150378757,723.873551708435,778.4599051119409,0.9158629974318349,11:57,"12:04 [10:58, 12:58]"
chest,Chest (complementary),KNUST,mean_timing_above_250,Mean timing of exposure above 250 lx melEDI,Mean timing of exposure above 250 lx melEDI,MLIT250,timing-based,participant-day,clock time,primary_outcome,Duration-weighted mean timing,84,75,15,75,746.2041368103141,105.89821806135666,679.4632189896577,746.9835646470876,798.4415049366141,0.8987472003643459,12:26,"12:27 [11:19, 13:18]"
chest,Chest (complementary),Overall,m10_midpoint,Midpoint of the brightest 10 hours,Midpoint of the brightest 10 hours,M10,timing-based,participant-day,clock time,primary_outcome,Supported 10-hour window,902,902,154,902,820.5796020376396,117.58807998021803,745,807,890,0.8766715521929342,13:41,"13:27 [12:25, 14:50]"
chest,Chest (complementary),RISE,m10_midpoint,Midpoint of the brightest 10 hours,Midpoint of the brightest 10 hours,M10,timing-based,participant-day,clock time,primary_outcome,Supported 10-hour window,96,96,16,96,800.2960360538783,91.29224911350452,746.5,783.5,851,0.9237291161376505,13:20,"13:04 [12:26, 14:11]"
chest,Chest (complementary),THUAS,m10_midpoint,Midpoint of the brightest 10 hours,Midpoint of the brightest 10 hours,M10,timing-based,participant-day,clock time,primary_outcome,Supported 10-hour window,93,93,15,93,862.9740876313028,101.30293315787878,799,839,917,0.90693027618772,14:23,"13:59 [13:19, 15:17]"
chest,Chest (complementary),BAUA,m10_midpoint,Midpoint of the brightest 10 hours,Midpoint of the brightest 10 hours,M10,timing-based,participant-day,clock time,primary_outcome,Supported 10-hour window,114,114,20,114,847.2168273936662,110.03193504950231,771.75,850,904.5,0.8911430170981234,14:07,"14:10 [12:52, 15:04]"
chest,Chest (complementary),TUM,m10_midpoint,Midpoint of the brightest 10 hours,Midpoint of the brightest 10 hours,M10,timing-based,participant-day,clock time,primary_outcome,Supported 10-hour window,60,60,10,60,854.3891258161163,148.9094786712658,733.5,852,972.5,0.8097083596860429,14:14,"14:12 [12:14, 16:12]"
chest,Chest (complementary),FUSPCEU,m10_midpoint,Midpoint of the brightest 10 hours,Midpoint of the brightest 10 hours,M10,timing-based,participant-day,clock time,primary_outcome,Supported 10-hour window,123,123,22,123,858.0483093447529,101.43255849346957,790,829,913.5,0.9067034234555272,14:18,"13:49 [13:10, 15:14]"
chest,Chest (complementary),IZTECH,m10_midpoint,Midpoint of the brightest 10 hours,Midpoint of the brightest 10 hours,M10,timing-based,participant-day,clock time,primary_outcome,Supported 10-hour window,102,102,17,102,866.0187469582734,91.87754441292365,811.25,852,916.75,0.9227868866504214,14:26,"14:12 [13:31, 15:17]"
chest,Chest (complementary),UCR,m10_midpoint,Midpoint of the brightest 10 hours,Midpoint of the brightest 10 hours,M10,timing-based,participant-day,clock time,primary_outcome,Supported 10-hour window,230,230,39,230,764.8767588538245,111.25875096151427,697.25,753,813.75,0.8888429863488603,12:45,"12:33 [11:37, 13:34]"
chest,Chest (complementary),KNUST,m10_midpoint,Midpoint of the brightest 10 hours,Midpoint of the brightest 10 hours,M10,timing-based,participant-day,clock time,primary_outcome,Supported 10-hour window,84,84,15,84,774.945246545627,131.64032549230524,703.25,757.5,847.75,0.8479263309866925,12:55,"12:38 [11:43, 14:08]"
chest,Chest (complementary),Overall,l10_midpoint,Midpoint of the darkest 10 hours,Midpoint of the darkest 10 hours,L10,timing-based,participant-day,clock time,primary_outcome,Supported midnight-wrapping 10-hour window,902,902,154,902,164.67261773443192,99.41555170131109,99.25,162,222,0.9102067675415678,02:45,"02:42 [01:39, 03:42]"
chest,Chest (complementary),RISE,l10_midpoint,Midpoint of the darkest 10 hours,Midpoint of the darkest 10 hours,L10,timing-based,participant-day,clock time,primary_outcome,Supported midnight-wrapping 10-hour window,96,96,16,96,125.56566502794209,65.00683903474571,92.75000000000006,120.50000000000006,164.25000000000006,0.9605709012134864,02:06,"02:00 [01:33, 02:44]"
chest,Chest (complementary),THUAS,l10_midpoint,Midpoint of the darkest 10 hours,Midpoint of the darkest 10 hours,L10,timing-based,participant-day,clock time,primary_outcome,Supported midnight-wrapping 10-hour window,93,93,15,93,178.43017688605698,94.49503246463965,146,183,207,0.9185116033770302,02:58,"03:03 [02:26, 03:27]"
chest,Chest (complementary),BAUA,l10_midpoint,Midpoint of the darkest 10 hours,Midpoint of the darkest 10 hours,L10,timing-based,participant-day,clock time,primary_outcome,Supported midnight-wrapping 10-hour window,114,114,20,114,169.48328711019266,85.89578368540151,114.49999999999997,164.99999999999997,213.99999999999997,0.9321755075306408,02:49,"02:45 [01:54, 03:34]"
chest,Chest (complementary),TUM,l10_midpoint,Midpoint of the darkest 10 hours,Midpoint of the darkest 10 hours,L10,timing-based,participant-day,clock time,primary_outcome,Supported midnight-wrapping 10-hour window,60,60,10,60,190.50486898582608,130.3479034880066,86.5,154.5,289,0.8506637993206575,03:11,"02:34 [01:26, 04:49]"
chest,Chest (complementary),FUSPCEU,l10_midpoint,Midpoint of the darkest 10 hours,Midpoint of the darkest 10 hours,L10,timing-based,participant-day,clock time,primary_outcome,Supported midnight-wrapping 10-hour window,123,123,22,123,217.2434667398366,89.31982542420207,162.50000000000006,211.00000000000006,268.00000000000006,0.9268669718939064,03:37,"03:31 [02:42, 04:28]"
chest,Chest (complementary),IZTECH,l10_midpoint,Midpoint of the darkest 10 hours,Midpoint of the darkest 10 hours,L10,timing-based,participant-day,clock time,primary_outcome,Supported midnight-wrapping 10-hour window,102,102,17,102,205.10065990664904,80.20976165867548,150.74999999999997,210.99999999999997,260.75,0.9405942824760204,03:25,"03:31 [02:31, 04:21]"
chest,Chest (complementary),UCR,l10_midpoint,Midpoint of the darkest 10 hours,Midpoint of the darkest 10 hours,L10,timing-based,participant-day,clock time,primary_outcome,Supported midnight-wrapping 10-hour window,230,230,39,230,129.3436130201439,94.79758558904071,63.24999999999994,112.49999999999994,191.99999999999994,0.918010985510655,02:09,"01:52 [01:03, 03:12]"
chest,Chest (complementary),KNUST,l10_midpoint,Midpoint of the darkest 10 hours,Midpoint of the darkest 10 hours,L10,timing-based,participant-day,clock time,primary_outcome,Supported midnight-wrapping 10-hour window,84,84,15,84,140.61097268665753,114.14311329411494,89.75,150,185.5,0.8833590308661656,02:21,"02:30 [01:30, 03:06]"
chest,Chest (complementary),Overall,dose_time_sensitive_corrected_medi,melEDI dose,melEDI dose,Dose,exposure-history-based,participant-day,lx·h,primary_outcome,Time-sensitive missing-coverage correction,902,851,154,851,12704.057446020277,19110.169088181574,2278.3112648928964,6425.503034463879,14938.093750472119,,"12,704","6,426 [2,278, 14,938]"
chest,Chest (complementary),RISE,dose_time_sensitive_corrected_medi,melEDI dose,melEDI dose,Dose,exposure-history-based,participant-day,lx·h,primary_outcome,Time-sensitive missing-coverage correction,96,90,16,90,26424.34995600877,38288.78848078026,3291.1423345370213,10052.223599710038,30263.66581249999,,"26,424","10,052 [3,291, 30,264]"
chest,Chest (complementary),THUAS,dose_time_sensitive_corrected_medi,melEDI dose,melEDI dose,Dose,exposure-history-based,participant-day,lx·h,primary_outcome,Time-sensitive missing-coverage correction,93,89,15,89,17531.366246381407,20639.847117479807,3732.301499999998,8804.230249999997,25592.6340277778,,"17,531","8,804 [3,732, 25,593]"
chest,Chest (complementary),BAUA,dose_time_sensitive_corrected_medi,melEDI dose,melEDI dose,Dose,exposure-history-based,participant-day,lx·h,primary_outcome,Time-sensitive missing-coverage correction,114,105,20,105,15769.06239961016,22544.069140549225,2169.7051295222923,7659.61877777778,18103.94572222225,,"15,769","7,660 [2,170, 18,104]"
chest,Chest (complementary),TUM,dose_time_sensitive_corrected_medi,melEDI dose,melEDI dose,Dose,exposure-history-based,participant-day,lx·h,primary_outcome,Time-sensitive missing-coverage correction,60,55,10,55,9084.441937856749,8190.348691371307,2097.2464287763255,7232.317617827562,14363.731277917273,,"9,084","7,232 [2,097, 14,364]"
chest,Chest (complementary),FUSPCEU,dose_time_sensitive_corrected_medi,melEDI dose,melEDI dose,Dose,exposure-history-based,participant-day,lx·h,primary_outcome,Time-sensitive missing-coverage correction,123,118,22,118,6992.756364928901,11403.299229038785,1693.089111111111,3464.524930555554,7617.141132808974,,"6,993","3,465 [1,693, 7,617]"
chest,Chest (complementary),IZTECH,dose_time_sensitive_corrected_medi,melEDI dose,melEDI dose,Dose,exposure-history-based,participant-day,lx·h,primary_outcome,Time-sensitive missing-coverage correction,102,98,17,98,9135.282532574678,11866.845210183865,1531.712159180705,4425.07331191861,11480.693361111105,,"9,135","4,425 [1,532, 11,481]"
chest,Chest (complementary),UCR,dose_time_sensitive_corrected_medi,melEDI dose,melEDI dose,Dose,exposure-history-based,participant-day,lx·h,primary_outcome,Time-sensitive missing-coverage correction,230,217,39,217,9632.97073796371,10122.98649177064,2620.437551049319,6425.503034463879,14011.206177972876,,"9,633","6,426 [2,620, 14,011]"
chest,Chest (complementary),KNUST,dose_time_sensitive_corrected_medi,melEDI dose,melEDI dose,Dose,exposure-history-based,participant-day,lx·h,primary_outcome,Time-sensitive missing-coverage correction,84,79,15,79,11474.890464066813,9459.833280715293,3644.748013434757,9813.764421358655,16660.53890517797,,"11,475","9,814 [3,645, 16,661]"
chest,Chest (complementary),Overall,mder_mean_of_viable_ratios,Melanopic daylight efficacy ratio,Melanopic daylight efficacy ratio,MDER,spectrum-based,participant-day,dimensionless,primary_outcome,Mean of viable one-minute melEDI/illuminance ratios,897,723,152,723,0.7567377375268886,0.16318542516441825,0.6688546499594912,0.7495174856978176,0.8243746143995787,,0.7567,"0.7495 [0.6689, 0.8244]"
chest,Chest (complementary),RISE,mder_mean_of_viable_ratios,Melanopic daylight efficacy ratio,Melanopic daylight efficacy ratio,MDER,spectrum-based,participant-day,dimensionless,primary_outcome,Mean of viable one-minute melEDI/illuminance ratios,96,88,16,88,0.765306740074502,0.13451225224881552,0.6705203388136315,0.7747332140035916,0.8329150526834367,,0.7653,"0.7747 [0.6705, 0.8329]"
chest,Chest (complementary),THUAS,mder_mean_of_viable_ratios,Melanopic daylight efficacy ratio,Melanopic daylight efficacy ratio,MDER,spectrum-based,participant-day,dimensionless,primary_outcome,Mean of viable one-minute melEDI/illuminance ratios,94,79,15,79,0.7182478878157245,0.07475780781368581,0.6651573738539365,0.7044413094899029,0.7706285703192606,,0.7182,"0.7044 [0.6652, 0.7706]"
chest,Chest (complementary),BAUA,mder_mean_of_viable_ratios,Melanopic daylight efficacy ratio,Melanopic daylight efficacy ratio,MDER,spectrum-based,participant-day,dimensionless,primary_outcome,Mean of viable one-minute melEDI/illuminance ratios,113,93,20,93,0.7665307333047398,0.1190697480116476,0.6702918585924855,0.766255659110097,0.8628838680157735,,0.7665,"0.7663 [0.6703, 0.8629]"
chest,Chest (complementary),TUM,mder_mean_of_viable_ratios,Melanopic daylight efficacy ratio,Melanopic daylight efficacy ratio,MDER,spectrum-based,participant-day,dimensionless,primary_outcome,Mean of viable one-minute melEDI/illuminance ratios,60,48,10,48,0.7311062232558357,0.1168883365681427,0.6448314166490228,0.7277471486768483,0.8118310161868749,,0.7311,"0.7277 [0.6448, 0.8118]"
chest,Chest (complementary),FUSPCEU,mder_mean_of_viable_ratios,Melanopic daylight efficacy ratio,Melanopic daylight efficacy ratio,MDER,spectrum-based,participant-day,dimensionless,primary_outcome,Mean of viable one-minute melEDI/illuminance ratios,122,72,21,72,0.6908971153144576,0.09160303013955096,0.639670869729539,0.6863953927699504,0.7327636401525763,,0.6909,"0.6864 [0.6397, 0.7328]"
chest,Chest (complementary),IZTECH,mder_mean_of_viable_ratios,Melanopic daylight efficacy ratio,Melanopic daylight efficacy ratio,MDER,spectrum-based,participant-day,dimensionless,primary_outcome,Mean of viable one-minute melEDI/illuminance ratios,103,93,17,93,0.7228703596376527,0.1397480921548184,0.6267773923624685,0.6909211644956219,0.8049625533909461,,0.7229,"0.6909 [0.6268, 0.805]"
chest,Chest (complementary),UCR,mder_mean_of_viable_ratios,Melanopic daylight efficacy ratio,Melanopic daylight efficacy ratio,MDER,spectrum-based,participant-day,dimensionless,primary_outcome,Mean of viable one-minute melEDI/illuminance ratios,226,203,39,203,0.789324235906465,0.1299170010863161,0.7095682725435841,0.7728630333034529,0.8440571227170794,,0.7893,"0.7729 [0.7096, 0.8441]"
chest,Chest (complementary),KNUST,mder_mean_of_viable_ratios,Melanopic daylight efficacy ratio,Melanopic daylight efficacy ratio,MDER,spectrum-based,participant-day,dimensionless,primary_outcome,Mean of viable one-minute melEDI/illuminance ratios,83,47,14,47,0.8393190514120435,0.426032665474824,0.7379836466159467,0.7911290451963383,0.834962904937487,,0.8393,"0.7911 [0.738, 0.835]"
chest,Chest (complementary),Overall,interdaily_stability,Interdaily stability,Interdaily stability,IS,dynamics-based,participant,dimensionless,primary_outcome,Repeated-day regularity,154,153,153,900,0.30470297116360145,0.08749176480581852,0.24305979052274376,0.2885024397835316,0.3582567394990752,,0.3047,"0.2885 [0.2431, 0.3583]"
chest,Chest (complementary),RISE,interdaily_stability,Interdaily stability,Interdaily stability,IS,dynamics-based,participant,dimensionless,primary_outcome,Repeated-day regularity,16,16,16,96,0.3105508230694922,0.09469786498679048,0.23381753071534112,0.28431839564239403,0.4131390795226164,,0.3106,"0.2843 [0.2338, 0.4131]"
chest,Chest (complementary),THUAS,interdaily_stability,Interdaily stability,Interdaily stability,IS,dynamics-based,participant,dimensionless,primary_outcome,Repeated-day regularity,15,15,15,93,0.28519135112504224,0.06874819139102445,0.2588426336361297,0.28480287411633237,0.33125610024893093,,0.2852,"0.2848 [0.2588, 0.3313]"
chest,Chest (complementary),BAUA,interdaily_stability,Interdaily stability,Interdaily stability,IS,dynamics-based,participant,dimensionless,primary_outcome,Repeated-day regularity,20,19,19,112,0.27466118376274995,0.0708238973795099,0.2158183158989779,0.2659302239707852,0.32101211062992924,,0.2747,"0.2659 [0.2158, 0.321]"
chest,Chest (complementary),TUM,interdaily_stability,Interdaily stability,Interdaily stability,IS,dynamics-based,participant,dimensionless,primary_outcome,Repeated-day regularity,10,10,10,60,0.3061324529236834,0.1353467875872347,0.22273705156655657,0.2552752014140239,0.3168702901055522,,0.3061,"0.2553 [0.2227, 0.3169]"
chest,Chest (complementary),FUSPCEU,interdaily_stability,Interdaily stability,Interdaily stability,IS,dynamics-based,participant,dimensionless,primary_outcome,Repeated-day regularity,22,22,22,123,0.32623844057846996,0.09843830093372687,0.2527572074977188,0.3209411074422605,0.3964065141504973,,0.3262,"0.3209 [0.2528, 0.3964]"
chest,Chest (complementary),IZTECH,interdaily_stability,Interdaily stability,Interdaily stability,IS,dynamics-based,participant,dimensionless,primary_outcome,Repeated-day regularity,17,17,17,102,0.2983405853611378,0.08569893579631035,0.25089098358231665,0.2787618283786142,0.3382703012696557,,0.2983,"0.2788 [0.2509, 0.3383]"
chest,Chest (complementary),UCR,interdaily_stability,Interdaily stability,Interdaily stability,IS,dynamics-based,participant,dimensionless,primary_outcome,Repeated-day regularity,39,39,39,230,0.31266425969292205,0.07963751263574914,0.24734634796493135,0.3083788457840137,0.35432134594556836,,0.3127,"0.3084 [0.2473, 0.3543]"
chest,Chest (complementary),KNUST,interdaily_stability,Interdaily stability,Interdaily stability,IS,dynamics-based,participant,dimensionless,primary_outcome,Repeated-day regularity,15,15,15,84,0.31000282396165263,0.08802503904040988,0.2703919605852467,0.29853537747046155,0.3468177893649466,,0.31,"0.2985 [0.2704, 0.3468]"
chest,Chest (complementary),Overall,intradaily_variability,Intradaily variability,Intradaily variability,IV,dynamics-based,participant,dimensionless,primary_outcome,Within-day fragmentation,154,153,153,900,1.275964176594581,0.39933427787330206,0.9844418050377663,1.2547400865563498,1.5996611127144984,,1.276,"1.255 [0.9844, 1.6]"
chest,Chest (complementary),RISE,intradaily_variability,Intradaily variability,Intradaily variability,IV,dynamics-based,participant,dimensionless,primary_outcome,Within-day fragmentation,16,16,16,96,1.1800499584185946,0.368240304368876,0.9241102841826015,1.200840456790401,1.3980289545325308,,1.18,"1.201 [0.9241, 1.398]"
chest,Chest (complementary),THUAS,intradaily_variability,Intradaily variability,Intradaily variability,IV,dynamics-based,participant,dimensionless,primary_outcome,Within-day fragmentation,15,15,15,93,1.370641840894264,0.3200256766782437,1.099966041581732,1.3850997236497171,1.5182730509477544,,1.371,"1.385 [1.1, 1.518]"
chest,Chest (complementary),BAUA,intradaily_variability,Intradaily variability,Intradaily variability,IV,dynamics-based,participant,dimensionless,primary_outcome,Within-day fragmentation,20,19,19,112,1.1657278204201196,0.4411384627636212,0.7762397737584332,1.052761790934906,1.611394928612754,,1.166,"1.053 [0.7762, 1.611]"
chest,Chest (complementary),TUM,intradaily_variability,Intradaily variability,Intradaily variability,IV,dynamics-based,participant,dimensionless,primary_outcome,Within-day fragmentation,10,10,10,60,1.2122914686921957,0.4134506294478151,0.7999159553636002,1.253006318696403,1.5491235179716665,,1.212,"1.253 [0.7999, 1.549]"
chest,Chest (complementary),FUSPCEU,intradaily_variability,Intradaily variability,Intradaily variability,IV,dynamics-based,participant,dimensionless,primary_outcome,Within-day fragmentation,22,22,22,123,1.414827366516844,0.43392167033249845,1.1041274268162842,1.4067377782947061,1.8079176016283793,,1.415,"1.407 [1.104, 1.808]"
chest,Chest (complementary),IZTECH,intradaily_variability,Intradaily variability,Intradaily variability,IV,dynamics-based,participant,dimensionless,primary_outcome,Within-day fragmentation,17,17,17,102,1.357534080970024,0.4491753798521823,1.0255867315618856,1.467178563295758,1.6720594550557863,,1.358,"1.467 [1.026, 1.672]"
chest,Chest (complementary),UCR,intradaily_variability,Intradaily variability,Intradaily variability,IV,dynamics-based,participant,dimensionless,primary_outcome,Within-day fragmentation,39,39,39,230,1.1564259748451702,0.32643683210864805,0.9678148971161631,1.0883508765218992,1.3512301458749314,,1.156,"1.088 [0.9678, 1.351]"
chest,Chest (complementary),KNUST,intradaily_variability,Intradaily variability,Intradaily variability,IV,dynamics-based,participant,dimensionless,primary_outcome,Within-day fragmentation,15,15,15,84,1.4803636224755061,0.39857308943935715,1.2678014350182596,1.4127823489985107,1.8137780024729797,,1.48,"1.413 [1.268, 1.814]"
