frame_id,run_id,placement,placement_label,metric_id,instrument_id,participants,participant_days,observations,sites,derivation_hours,domain,assessment,assessment_basis,evidence
primary__glasses__all_available__first_timing_above_250__MCTQ,primary__glasses__all_available,glasses,Near eye,first_timing_above_250,MCTQ,139,722,722,9,16716.266666666666,Questionnaire scoring,acceptable,Prespecified quantitative or identity rule,Pinned msf_sc/meq aggregates accepted under H09-G4; item-level reconstruction unavailable
primary__glasses__all_available__first_timing_above_250__MCTQ,primary__glasses__all_available,glasses,Near eye,first_timing_above_250,MCTQ,139,722,722,9,16716.266666666666,Join and sample identity,acceptable,Prespecified quantitative or identity rule,139 participants; 722 participant-days; 722 observations; 9 sites; frame hash 09aca8c67d0f33e3561b5251db458fd11ffd0dd6caf4bc37d546714cd30c53a5
primary__glasses__all_available__first_timing_above_250__MCTQ,primary__glasses__all_available,glasses,Near eye,first_timing_above_250,MCTQ,139,722,722,9,16716.266666666666,Site and instrument support,acceptable,Prespecified quantitative or identity rule,minimum site participants 6; minimum within-site predictor range 2.060
primary__glasses__all_available__first_timing_above_250__MCTQ,primary__glasses__all_available,glasses,Near eye,first_timing_above_250,MCTQ,139,722,722,9,16716.266666666666,Clock representation,acceptable,Prespecified quantitative or identity rule,Fixed outcome-specific linear clock support retained
primary__glasses__all_available__first_timing_above_250__MCTQ,primary__glasses__all_available,glasses,Near eye,first_timing_above_250,MCTQ,139,722,722,9,16716.266666666666,Chronotype linearity,acceptable,Prespecified quantitative or identity rule,spline AIC improvement -1.385; maximum anchored departure 0.371 h
primary__glasses__all_available__first_timing_above_250__MCTQ,primary__glasses__all_available,glasses,Near eye,first_timing_above_250,MCTQ,139,722,722,9,16716.266666666666,Response and residual distribution,acceptable,Final author visual adjudication H09-002; quantitative screen retained as not acceptable,Q-Q r 0.955; skewness -0.285; excess kurtosis 4.634; maximum |standardized residual| 4.575; quantitative screen not acceptable; author visual adjudication H09-002 using Figure 2: acceptable
primary__glasses__all_available__first_timing_above_250__MCTQ,primary__glasses__all_available,glasses,Near eye,first_timing_above_250,MCTQ,139,722,722,9,16716.266666666666,Residual heteroscedasticity,acceptable,Final author visual adjudication H09-002; quantitative screen retained as not acceptable,"|Spearman(abs residual, fitted)| 0.175; site residual-SD ratio 2.626; quantitative screen not acceptable; author visual adjudication H09-002 using Figure 2: acceptable"
primary__glasses__all_available__first_timing_above_250__MCTQ,primary__glasses__all_available,glasses,Near eye,first_timing_above_250,MCTQ,139,722,722,9,16716.266666666666,Convergence and Hessian,acceptable,Prespecified quantitative or identity rule,5/5 declared fits converged; 5/5 had a positive-definite Hessian; maximum optimizer gradient 0.000009
primary__glasses__all_available__first_timing_above_250__MCTQ,primary__glasses__all_available,glasses,Near eye,first_timing_above_250,MCTQ,139,722,722,9,16716.266666666666,Singularity and variance,acceptable,Prespecified quantitative or identity rule,isSingular(tolerance = 1e-4) false for 5/5 declared fits
primary__glasses__all_available__first_timing_above_250__MCTQ,primary__glasses__all_available,glasses,Near eye,first_timing_above_250,MCTQ,139,722,722,9,16716.266666666666,Fixed-effect rank,acceptable,Prespecified quantitative or identity rule,fixed-effect model matrices are full rank for 5/5 declared fits
primary__glasses__all_available__first_timing_above_250__MCTQ,primary__glasses__all_available,glasses,Near eye,first_timing_above_250,MCTQ,139,722,722,9,16716.266666666666,Temporal dependence,acceptable,Prespecified quantitative or identity rule,one-day residual correlation -0.092; corCAR1 phi 0.097; slope change 0.004 h
primary__glasses__all_available__first_timing_above_250__MCTQ,primary__glasses__all_available,glasses,Near eye,first_timing_above_250,MCTQ,139,722,722,9,16716.266666666666,Participant influence,acceptable,Prespecified quantitative or identity rule,13 DFBETA flags; 0 sign reversals; 0 material participant-deletion changes; maximum |DFBETA| 0.492
primary__glasses__all_available__first_timing_above_250__MCTQ,primary__glasses__all_available,glasses,Near eye,first_timing_above_250,MCTQ,139,722,722,9,16716.266666666666,Site influence,acceptable,Prespecified quantitative or identity rule,0 leave-site-out sign reversals; 0 material changes; maximum slope change 0.121 h
primary__glasses__all_available__first_timing_above_250__MCTQ,primary__glasses__all_available,glasses,Near eye,first_timing_above_250,MCTQ,139,722,722,9,16716.266666666666,Placement and common sample,acceptable,Prespecified quantitative or identity rule,"Near-eye and chest fits use separately fitted, exactly matched paired/common frames"
primary__glasses__all_available__first_timing_above_250__MCTQ,primary__glasses__all_available,glasses,Near eye,first_timing_above_250,MCTQ,139,722,722,9,16716.266666666666,Prepared-data sensitivity,acceptable,Prespecified quantitative or identity rule,All-available and exact primary/gap common-sample results are estimable
primary__glasses__all_available__first_timing_above_250__MCTQ,primary__glasses__all_available,glasses,Near eye,first_timing_above_250,MCTQ,139,722,722,9,16716.266666666666,Multiplicity,acceptable,Prespecified quantitative or identity rule,Main and interaction tests reproduce complete five-member BH families
primary__glasses__all_available__first_timing_above_250__MEQ,primary__glasses__all_available,glasses,Near eye,first_timing_above_250,MEQ,140,727,727,9,16832.5,Questionnaire scoring,acceptable,Prespecified quantitative or identity rule,Pinned msf_sc/meq aggregates accepted under H09-G4; item-level reconstruction unavailable
primary__glasses__all_available__first_timing_above_250__MEQ,primary__glasses__all_available,glasses,Near eye,first_timing_above_250,MEQ,140,727,727,9,16832.5,Join and sample identity,acceptable,Prespecified quantitative or identity rule,140 participants; 727 participant-days; 727 observations; 9 sites; frame hash a653d075b20ac61bca35541b2f59a8912d278179633922b46087063aa2aeaf5a
primary__glasses__all_available__first_timing_above_250__MEQ,primary__glasses__all_available,glasses,Near eye,first_timing_above_250,MEQ,140,727,727,9,16832.5,Site and instrument support,acceptable,Prespecified quantitative or identity rule,minimum site participants 6; minimum within-site predictor range 1.800
primary__glasses__all_available__first_timing_above_250__MEQ,primary__glasses__all_available,glasses,Near eye,first_timing_above_250,MEQ,140,727,727,9,16832.5,Clock representation,acceptable,Prespecified quantitative or identity rule,Fixed outcome-specific linear clock support retained
primary__glasses__all_available__first_timing_above_250__MEQ,primary__glasses__all_available,glasses,Near eye,first_timing_above_250,MEQ,140,727,727,9,16832.5,Chronotype linearity,acceptable,Prespecified quantitative or identity rule,spline AIC improvement -3.251; maximum anchored departure 0.397 h
primary__glasses__all_available__first_timing_above_250__MEQ,primary__glasses__all_available,glasses,Near eye,first_timing_above_250,MEQ,140,727,727,9,16832.5,Response and residual distribution,acceptable,Final author visual adjudication H09-002; quantitative screen retained as not acceptable,Q-Q r 0.952; skewness -0.426; excess kurtosis 4.850; maximum |standardized residual| 4.550; quantitative screen not acceptable; author visual adjudication H09-002 using Figure 2: acceptable
primary__glasses__all_available__first_timing_above_250__MEQ,primary__glasses__all_available,glasses,Near eye,first_timing_above_250,MEQ,140,727,727,9,16832.5,Residual heteroscedasticity,acceptable,Final author visual adjudication H09-002; quantitative screen retained as not acceptable,"|Spearman(abs residual, fitted)| 0.169; site residual-SD ratio 2.590; quantitative screen not acceptable; author visual adjudication H09-002 using Figure 2: acceptable"
primary__glasses__all_available__first_timing_above_250__MEQ,primary__glasses__all_available,glasses,Near eye,first_timing_above_250,MEQ,140,727,727,9,16832.5,Convergence and Hessian,acceptable,Prespecified quantitative or identity rule,5/5 declared fits converged; 5/5 had a positive-definite Hessian; maximum optimizer gradient 0.000006
primary__glasses__all_available__first_timing_above_250__MEQ,primary__glasses__all_available,glasses,Near eye,first_timing_above_250,MEQ,140,727,727,9,16832.5,Singularity and variance,acceptable,Prespecified quantitative or identity rule,isSingular(tolerance = 1e-4) false for 5/5 declared fits
primary__glasses__all_available__first_timing_above_250__MEQ,primary__glasses__all_available,glasses,Near eye,first_timing_above_250,MEQ,140,727,727,9,16832.5,Fixed-effect rank,acceptable,Prespecified quantitative or identity rule,fixed-effect model matrices are full rank for 5/5 declared fits
primary__glasses__all_available__first_timing_above_250__MEQ,primary__glasses__all_available,glasses,Near eye,first_timing_above_250,MEQ,140,727,727,9,16832.5,Temporal dependence,acceptable,Prespecified quantitative or identity rule,one-day residual correlation -0.078; corCAR1 phi 0.107; slope change -0.006 h
primary__glasses__all_available__first_timing_above_250__MEQ,primary__glasses__all_available,glasses,Near eye,first_timing_above_250,MEQ,140,727,727,9,16832.5,Participant influence,acceptable,Prespecified quantitative or identity rule,12 DFBETA flags; 0 sign reversals; 0 material participant-deletion changes; maximum |DFBETA| 0.389
primary__glasses__all_available__first_timing_above_250__MEQ,primary__glasses__all_available,glasses,Near eye,first_timing_above_250,MEQ,140,727,727,9,16832.5,Site influence,acceptable,Prespecified quantitative or identity rule,0 leave-site-out sign reversals; 0 material changes; maximum slope change 0.065 h
primary__glasses__all_available__first_timing_above_250__MEQ,primary__glasses__all_available,glasses,Near eye,first_timing_above_250,MEQ,140,727,727,9,16832.5,Placement and common sample,acceptable,Prespecified quantitative or identity rule,"Near-eye and chest fits use separately fitted, exactly matched paired/common frames"
primary__glasses__all_available__first_timing_above_250__MEQ,primary__glasses__all_available,glasses,Near eye,first_timing_above_250,MEQ,140,727,727,9,16832.5,Prepared-data sensitivity,acceptable,Prespecified quantitative or identity rule,All-available and exact primary/gap common-sample results are estimable
primary__glasses__all_available__first_timing_above_250__MEQ,primary__glasses__all_available,glasses,Near eye,first_timing_above_250,MEQ,140,727,727,9,16832.5,Multiplicity,acceptable,Prespecified quantitative or identity rule,Main and interaction tests reproduce complete five-member BH families
primary__glasses__all_available__l10_midpoint__MCTQ,primary__glasses__all_available,glasses,Near eye,l10_midpoint,MCTQ,140,810,810,9,18711.683333333334,Questionnaire scoring,acceptable,Prespecified quantitative or identity rule,Pinned msf_sc/meq aggregates accepted under H09-G4; item-level reconstruction unavailable
primary__glasses__all_available__l10_midpoint__MCTQ,primary__glasses__all_available,glasses,Near eye,l10_midpoint,MCTQ,140,810,810,9,18711.683333333334,Join and sample identity,acceptable,Prespecified quantitative or identity rule,140 participants; 810 participant-days; 810 observations; 9 sites; frame hash ab4c2d2a634dc21d4481bba842ae47f0c092b1b795fca3f506979d601cab8592
primary__glasses__all_available__l10_midpoint__MCTQ,primary__glasses__all_available,glasses,Near eye,l10_midpoint,MCTQ,140,810,810,9,18711.683333333334,Site and instrument support,acceptable,Prespecified quantitative or identity rule,minimum site participants 6; minimum within-site predictor range 2.060
primary__glasses__all_available__l10_midpoint__MCTQ,primary__glasses__all_available,glasses,Near eye,l10_midpoint,MCTQ,140,810,810,9,18711.683333333334,Clock representation,acceptable,Prespecified quantitative or identity rule,strict >16:00 versus >12:00 cut slope difference -0.004 h
primary__glasses__all_available__l10_midpoint__MCTQ,primary__glasses__all_available,glasses,Near eye,l10_midpoint,MCTQ,140,810,810,9,18711.683333333334,Chronotype linearity,acceptable,Prespecified quantitative or identity rule,spline AIC improvement 1.778; maximum anchored departure 0.477 h
primary__glasses__all_available__l10_midpoint__MCTQ,primary__glasses__all_available,glasses,Near eye,l10_midpoint,MCTQ,140,810,810,9,18711.683333333334,Response and residual distribution,acceptable,Final author visual adjudication H09-002; quantitative screen retained as not acceptable,Q-Q r 0.916; skewness 0.134; excess kurtosis 12.529; maximum |standardized residual| 6.437; quantitative screen not acceptable; author visual adjudication H09-002 using Figure 2: acceptable
primary__glasses__all_available__l10_midpoint__MCTQ,primary__glasses__all_available,glasses,Near eye,l10_midpoint,MCTQ,140,810,810,9,18711.683333333334,Residual heteroscedasticity,acceptable,Final author visual adjudication H09-002; quantitative screen retained as not acceptable,"|Spearman(abs residual, fitted)| 0.178; site residual-SD ratio 2.541; quantitative screen not acceptable; author visual adjudication H09-002 using Figure 2: acceptable"
primary__glasses__all_available__l10_midpoint__MCTQ,primary__glasses__all_available,glasses,Near eye,l10_midpoint,MCTQ,140,810,810,9,18711.683333333334,Convergence and Hessian,acceptable,Prespecified quantitative or identity rule,5/5 declared fits converged; 5/5 had a positive-definite Hessian; maximum optimizer gradient 0.000005
primary__glasses__all_available__l10_midpoint__MCTQ,primary__glasses__all_available,glasses,Near eye,l10_midpoint,MCTQ,140,810,810,9,18711.683333333334,Singularity and variance,acceptable,Prespecified quantitative or identity rule,isSingular(tolerance = 1e-4) false for 5/5 declared fits
primary__glasses__all_available__l10_midpoint__MCTQ,primary__glasses__all_available,glasses,Near eye,l10_midpoint,MCTQ,140,810,810,9,18711.683333333334,Fixed-effect rank,acceptable,Prespecified quantitative or identity rule,fixed-effect model matrices are full rank for 5/5 declared fits
primary__glasses__all_available__l10_midpoint__MCTQ,primary__glasses__all_available,glasses,Near eye,l10_midpoint,MCTQ,140,810,810,9,18711.683333333334,Temporal dependence,acceptable,Prespecified quantitative or identity rule,one-day residual correlation -0.049; corCAR1 phi 0.094; slope change 0.003 h
primary__glasses__all_available__l10_midpoint__MCTQ,primary__glasses__all_available,glasses,Near eye,l10_midpoint,MCTQ,140,810,810,9,18711.683333333334,Participant influence,acceptable,Prespecified quantitative or identity rule,11 DFBETA flags; 0 sign reversals; 0 material participant-deletion changes; maximum |DFBETA| 0.706
primary__glasses__all_available__l10_midpoint__MCTQ,primary__glasses__all_available,glasses,Near eye,l10_midpoint,MCTQ,140,810,810,9,18711.683333333334,Site influence,acceptable,Prespecified quantitative or identity rule,0 leave-site-out sign reversals; 0 material changes; maximum slope change 0.091 h
primary__glasses__all_available__l10_midpoint__MCTQ,primary__glasses__all_available,glasses,Near eye,l10_midpoint,MCTQ,140,810,810,9,18711.683333333334,Placement and common sample,acceptable,Prespecified quantitative or identity rule,"Near-eye and chest fits use separately fitted, exactly matched paired/common frames"
primary__glasses__all_available__l10_midpoint__MCTQ,primary__glasses__all_available,glasses,Near eye,l10_midpoint,MCTQ,140,810,810,9,18711.683333333334,Prepared-data sensitivity,acceptable,Prespecified quantitative or identity rule,All-available and exact primary/gap common-sample results are estimable
primary__glasses__all_available__l10_midpoint__MCTQ,primary__glasses__all_available,glasses,Near eye,l10_midpoint,MCTQ,140,810,810,9,18711.683333333334,Multiplicity,acceptable,Prespecified quantitative or identity rule,Main and interaction tests reproduce complete five-member BH families
primary__glasses__all_available__l10_midpoint__MEQ,primary__glasses__all_available,glasses,Near eye,l10_midpoint,MEQ,141,816,816,9,18851,Questionnaire scoring,acceptable,Prespecified quantitative or identity rule,Pinned msf_sc/meq aggregates accepted under H09-G4; item-level reconstruction unavailable
primary__glasses__all_available__l10_midpoint__MEQ,primary__glasses__all_available,glasses,Near eye,l10_midpoint,MEQ,141,816,816,9,18851,Join and sample identity,acceptable,Prespecified quantitative or identity rule,141 participants; 816 participant-days; 816 observations; 9 sites; frame hash 25702bb348901735e44c17f7342b6653ed1f1e450a2700c269690472425bb0f1
primary__glasses__all_available__l10_midpoint__MEQ,primary__glasses__all_available,glasses,Near eye,l10_midpoint,MEQ,141,816,816,9,18851,Site and instrument support,acceptable,Prespecified quantitative or identity rule,minimum site participants 6; minimum within-site predictor range 1.800
primary__glasses__all_available__l10_midpoint__MEQ,primary__glasses__all_available,glasses,Near eye,l10_midpoint,MEQ,141,816,816,9,18851,Clock representation,acceptable,Prespecified quantitative or identity rule,strict >16:00 versus >12:00 cut slope difference 0.032 h
primary__glasses__all_available__l10_midpoint__MEQ,primary__glasses__all_available,glasses,Near eye,l10_midpoint,MEQ,141,816,816,9,18851,Chronotype linearity,acceptable,Prespecified quantitative or identity rule,spline AIC improvement -3.658; maximum anchored departure 0.125 h
primary__glasses__all_available__l10_midpoint__MEQ,primary__glasses__all_available,glasses,Near eye,l10_midpoint,MEQ,141,816,816,9,18851,Response and residual distribution,acceptable,Final author visual adjudication H09-002; quantitative screen retained as not acceptable,Q-Q r 0.918; skewness 0.144; excess kurtosis 12.337; maximum |standardized residual| 6.396; quantitative screen not acceptable; author visual adjudication H09-002 using Figure 2: acceptable
primary__glasses__all_available__l10_midpoint__MEQ,primary__glasses__all_available,glasses,Near eye,l10_midpoint,MEQ,141,816,816,9,18851,Residual heteroscedasticity,acceptable,Final author visual adjudication H09-002; quantitative screen retained as not acceptable,"|Spearman(abs residual, fitted)| 0.150; site residual-SD ratio 2.518; quantitative screen not acceptable; author visual adjudication H09-002 using Figure 2: acceptable"
primary__glasses__all_available__l10_midpoint__MEQ,primary__glasses__all_available,glasses,Near eye,l10_midpoint,MEQ,141,816,816,9,18851,Convergence and Hessian,acceptable,Prespecified quantitative or identity rule,5/5 declared fits converged; 5/5 had a positive-definite Hessian; maximum optimizer gradient 0.000007
primary__glasses__all_available__l10_midpoint__MEQ,primary__glasses__all_available,glasses,Near eye,l10_midpoint,MEQ,141,816,816,9,18851,Singularity and variance,acceptable,Prespecified quantitative or identity rule,isSingular(tolerance = 1e-4) false for 5/5 declared fits
primary__glasses__all_available__l10_midpoint__MEQ,primary__glasses__all_available,glasses,Near eye,l10_midpoint,MEQ,141,816,816,9,18851,Fixed-effect rank,acceptable,Prespecified quantitative or identity rule,fixed-effect model matrices are full rank for 5/5 declared fits
primary__glasses__all_available__l10_midpoint__MEQ,primary__glasses__all_available,glasses,Near eye,l10_midpoint,MEQ,141,816,816,9,18851,Temporal dependence,acceptable,Prespecified quantitative or identity rule,one-day residual correlation -0.047; corCAR1 phi 0.096; slope change -0.004 h
primary__glasses__all_available__l10_midpoint__MEQ,primary__glasses__all_available,glasses,Near eye,l10_midpoint,MEQ,141,816,816,9,18851,Participant influence,acceptable,Prespecified quantitative or identity rule,7 DFBETA flags; 0 sign reversals; 0 material participant-deletion changes; maximum |DFBETA| 0.308
primary__glasses__all_available__l10_midpoint__MEQ,primary__glasses__all_available,glasses,Near eye,l10_midpoint,MEQ,141,816,816,9,18851,Site influence,acceptable,Prespecified quantitative or identity rule,0 leave-site-out sign reversals; 0 material changes; maximum slope change 0.049 h
primary__glasses__all_available__l10_midpoint__MEQ,primary__glasses__all_available,glasses,Near eye,l10_midpoint,MEQ,141,816,816,9,18851,Placement and common sample,acceptable,Prespecified quantitative or identity rule,"Near-eye and chest fits use separately fitted, exactly matched paired/common frames"
primary__glasses__all_available__l10_midpoint__MEQ,primary__glasses__all_available,glasses,Near eye,l10_midpoint,MEQ,141,816,816,9,18851,Prepared-data sensitivity,acceptable,Prespecified quantitative or identity rule,All-available and exact primary/gap common-sample results are estimable
primary__glasses__all_available__l10_midpoint__MEQ,primary__glasses__all_available,glasses,Near eye,l10_midpoint,MEQ,141,816,816,9,18851,Multiplicity,acceptable,Prespecified quantitative or identity rule,Main and interaction tests reproduce complete five-member BH families
primary__glasses__all_available__last_timing_above_250__MCTQ,primary__glasses__all_available,glasses,Near eye,last_timing_above_250,MCTQ,140,683,683,9,15900.783333333333,Questionnaire scoring,acceptable,Prespecified quantitative or identity rule,Pinned msf_sc/meq aggregates accepted under H09-G4; item-level reconstruction unavailable
primary__glasses__all_available__last_timing_above_250__MCTQ,primary__glasses__all_available,glasses,Near eye,last_timing_above_250,MCTQ,140,683,683,9,15900.783333333333,Join and sample identity,acceptable,Prespecified quantitative or identity rule,140 participants; 683 participant-days; 683 observations; 9 sites; frame hash 1a6f413dca085875bfa1088b9abe8757974a9424f1c646cfca1a056c57402ad1
primary__glasses__all_available__last_timing_above_250__MCTQ,primary__glasses__all_available,glasses,Near eye,last_timing_above_250,MCTQ,140,683,683,9,15900.783333333333,Site and instrument support,acceptable,Prespecified quantitative or identity rule,minimum site participants 6; minimum within-site predictor range 2.060
primary__glasses__all_available__last_timing_above_250__MCTQ,primary__glasses__all_available,glasses,Near eye,last_timing_above_250,MCTQ,140,683,683,9,15900.783333333333,Clock representation,acceptable,Prespecified quantitative or identity rule,Fixed outcome-specific linear clock support retained
primary__glasses__all_available__last_timing_above_250__MCTQ,primary__glasses__all_available,glasses,Near eye,last_timing_above_250,MCTQ,140,683,683,9,15900.783333333333,Chronotype linearity,acceptable,Prespecified quantitative or identity rule,spline AIC improvement -3.936; maximum anchored departure 0.117 h
primary__glasses__all_available__last_timing_above_250__MCTQ,primary__glasses__all_available,glasses,Near eye,last_timing_above_250,MCTQ,140,683,683,9,15900.783333333333,Response and residual distribution,acceptable,Final author visual adjudication H09-002; quantitative screen retained as acceptable,Q-Q r 0.984; skewness -0.544; excess kurtosis 1.471; maximum |standardized residual| 3.547; quantitative screen acceptable; author visual adjudication H09-002 using Figure 2: acceptable
primary__glasses__all_available__last_timing_above_250__MCTQ,primary__glasses__all_available,glasses,Near eye,last_timing_above_250,MCTQ,140,683,683,9,15900.783333333333,Residual heteroscedasticity,acceptable,Final author visual adjudication H09-002; quantitative screen retained as acceptable,"|Spearman(abs residual, fitted)| 0.178; site residual-SD ratio 1.686; quantitative screen acceptable; author visual adjudication H09-002 using Figure 2: acceptable"
primary__glasses__all_available__last_timing_above_250__MCTQ,primary__glasses__all_available,glasses,Near eye,last_timing_above_250,MCTQ,140,683,683,9,15900.783333333333,Convergence and Hessian,acceptable,Prespecified quantitative or identity rule,5/5 declared fits converged; 5/5 had a positive-definite Hessian; maximum optimizer gradient 0.000007
primary__glasses__all_available__last_timing_above_250__MCTQ,primary__glasses__all_available,glasses,Near eye,last_timing_above_250,MCTQ,140,683,683,9,15900.783333333333,Singularity and variance,acceptable,Prespecified quantitative or identity rule,isSingular(tolerance = 1e-4) false for 5/5 declared fits
primary__glasses__all_available__last_timing_above_250__MCTQ,primary__glasses__all_available,glasses,Near eye,last_timing_above_250,MCTQ,140,683,683,9,15900.783333333333,Fixed-effect rank,acceptable,Prespecified quantitative or identity rule,fixed-effect model matrices are full rank for 5/5 declared fits
primary__glasses__all_available__last_timing_above_250__MCTQ,primary__glasses__all_available,glasses,Near eye,last_timing_above_250,MCTQ,140,683,683,9,15900.783333333333,Temporal dependence,acceptable,Prespecified quantitative or identity rule,one-day residual correlation -0.063; corCAR1 phi 0.139; slope change -0.009 h
primary__glasses__all_available__last_timing_above_250__MCTQ,primary__glasses__all_available,glasses,Near eye,last_timing_above_250,MCTQ,140,683,683,9,15900.783333333333,Participant influence,not acceptable,Prespecified quantitative or identity rule,13 DFBETA flags; 3 sign reversals; 0 material participant-deletion changes; maximum |DFBETA| 0.413
primary__glasses__all_available__last_timing_above_250__MCTQ,primary__glasses__all_available,glasses,Near eye,last_timing_above_250,MCTQ,140,683,683,9,15900.783333333333,Site influence,not acceptable,Prespecified quantitative or identity rule,2 leave-site-out sign reversals; 0 material changes; maximum slope change 0.058 h
primary__glasses__all_available__last_timing_above_250__MCTQ,primary__glasses__all_available,glasses,Near eye,last_timing_above_250,MCTQ,140,683,683,9,15900.783333333333,Placement and common sample,acceptable,Prespecified quantitative or identity rule,"Near-eye and chest fits use separately fitted, exactly matched paired/common frames"
primary__glasses__all_available__last_timing_above_250__MCTQ,primary__glasses__all_available,glasses,Near eye,last_timing_above_250,MCTQ,140,683,683,9,15900.783333333333,Prepared-data sensitivity,acceptable,Prespecified quantitative or identity rule,All-available and exact primary/gap common-sample results are estimable
primary__glasses__all_available__last_timing_above_250__MCTQ,primary__glasses__all_available,glasses,Near eye,last_timing_above_250,MCTQ,140,683,683,9,15900.783333333333,Multiplicity,acceptable,Prespecified quantitative or identity rule,Main and interaction tests reproduce complete five-member BH families
primary__glasses__all_available__last_timing_above_250__MEQ,primary__glasses__all_available,glasses,Near eye,last_timing_above_250,MEQ,141,687,687,9,15995.05,Questionnaire scoring,acceptable,Prespecified quantitative or identity rule,Pinned msf_sc/meq aggregates accepted under H09-G4; item-level reconstruction unavailable
primary__glasses__all_available__last_timing_above_250__MEQ,primary__glasses__all_available,glasses,Near eye,last_timing_above_250,MEQ,141,687,687,9,15995.05,Join and sample identity,acceptable,Prespecified quantitative or identity rule,141 participants; 687 participant-days; 687 observations; 9 sites; frame hash 19d69ac7ca5c0e39ec329b92242fe35f48e5f068139bfeb96592ff51579a2290
primary__glasses__all_available__last_timing_above_250__MEQ,primary__glasses__all_available,glasses,Near eye,last_timing_above_250,MEQ,141,687,687,9,15995.05,Site and instrument support,acceptable,Prespecified quantitative or identity rule,minimum site participants 6; minimum within-site predictor range 1.800
primary__glasses__all_available__last_timing_above_250__MEQ,primary__glasses__all_available,glasses,Near eye,last_timing_above_250,MEQ,141,687,687,9,15995.05,Clock representation,acceptable,Prespecified quantitative or identity rule,Fixed outcome-specific linear clock support retained
primary__glasses__all_available__last_timing_above_250__MEQ,primary__glasses__all_available,glasses,Near eye,last_timing_above_250,MEQ,141,687,687,9,15995.05,Chronotype linearity,acceptable,Prespecified quantitative or identity rule,spline AIC improvement -3.089; maximum anchored departure 0.266 h
primary__glasses__all_available__last_timing_above_250__MEQ,primary__glasses__all_available,glasses,Near eye,last_timing_above_250,MEQ,141,687,687,9,15995.05,Response and residual distribution,acceptable,Final author visual adjudication H09-002; quantitative screen retained as acceptable,Q-Q r 0.984; skewness -0.533; excess kurtosis 1.444; maximum |standardized residual| 3.523; quantitative screen acceptable; author visual adjudication H09-002 using Figure 2: acceptable
primary__glasses__all_available__last_timing_above_250__MEQ,primary__glasses__all_available,glasses,Near eye,last_timing_above_250,MEQ,141,687,687,9,15995.05,Residual heteroscedasticity,acceptable,Final author visual adjudication H09-002; quantitative screen retained as acceptable,"|Spearman(abs residual, fitted)| 0.172; site residual-SD ratio 1.687; quantitative screen acceptable; author visual adjudication H09-002 using Figure 2: acceptable"
primary__glasses__all_available__last_timing_above_250__MEQ,primary__glasses__all_available,glasses,Near eye,last_timing_above_250,MEQ,141,687,687,9,15995.05,Convergence and Hessian,acceptable,Prespecified quantitative or identity rule,5/5 declared fits converged; 5/5 had a positive-definite Hessian; maximum optimizer gradient 0.000072
primary__glasses__all_available__last_timing_above_250__MEQ,primary__glasses__all_available,glasses,Near eye,last_timing_above_250,MEQ,141,687,687,9,15995.05,Singularity and variance,acceptable,Prespecified quantitative or identity rule,isSingular(tolerance = 1e-4) false for 5/5 declared fits
primary__glasses__all_available__last_timing_above_250__MEQ,primary__glasses__all_available,glasses,Near eye,last_timing_above_250,MEQ,141,687,687,9,15995.05,Fixed-effect rank,acceptable,Prespecified quantitative or identity rule,fixed-effect model matrices are full rank for 5/5 declared fits
primary__glasses__all_available__last_timing_above_250__MEQ,primary__glasses__all_available,glasses,Near eye,last_timing_above_250,MEQ,141,687,687,9,15995.05,Temporal dependence,acceptable,Prespecified quantitative or identity rule,one-day residual correlation -0.070; corCAR1 phi 0.134; slope change 0.003 h
primary__glasses__all_available__last_timing_above_250__MEQ,primary__glasses__all_available,glasses,Near eye,last_timing_above_250,MEQ,141,687,687,9,15995.05,Participant influence,not acceptable,Prespecified quantitative or identity rule,9 DFBETA flags; 2 sign reversals; 0 material participant-deletion changes; maximum |DFBETA| 0.322
primary__glasses__all_available__last_timing_above_250__MEQ,primary__glasses__all_available,glasses,Near eye,last_timing_above_250,MEQ,141,687,687,9,15995.05,Site influence,not acceptable,Prespecified quantitative or identity rule,3 leave-site-out sign reversals; 0 material changes; maximum slope change 0.083 h
primary__glasses__all_available__last_timing_above_250__MEQ,primary__glasses__all_available,glasses,Near eye,last_timing_above_250,MEQ,141,687,687,9,15995.05,Placement and common sample,acceptable,Prespecified quantitative or identity rule,"Near-eye and chest fits use separately fitted, exactly matched paired/common frames"
primary__glasses__all_available__last_timing_above_250__MEQ,primary__glasses__all_available,glasses,Near eye,last_timing_above_250,MEQ,141,687,687,9,15995.05,Prepared-data sensitivity,acceptable,Prespecified quantitative or identity rule,All-available and exact primary/gap common-sample results are estimable
primary__glasses__all_available__last_timing_above_250__MEQ,primary__glasses__all_available,glasses,Near eye,last_timing_above_250,MEQ,141,687,687,9,15995.05,Multiplicity,acceptable,Prespecified quantitative or identity rule,Main and interaction tests reproduce complete five-member BH families
primary__glasses__all_available__longest_period_midpoint__MCTQ,primary__glasses__all_available,glasses,Near eye,longest_period_midpoint,MCTQ,131,478,478,9,11325.55,Questionnaire scoring,acceptable,Prespecified quantitative or identity rule,Pinned msf_sc/meq aggregates accepted under H09-G4; item-level reconstruction unavailable
primary__glasses__all_available__longest_period_midpoint__MCTQ,primary__glasses__all_available,glasses,Near eye,longest_period_midpoint,MCTQ,131,478,478,9,11325.55,Join and sample identity,acceptable,Prespecified quantitative or identity rule,131 participants; 478 participant-days; 478 observations; 9 sites; frame hash 4a84638249c0cb5e0be8b0e5add1eff77115390fcdb24560ff63791921dd35bc
primary__glasses__all_available__longest_period_midpoint__MCTQ,primary__glasses__all_available,glasses,Near eye,longest_period_midpoint,MCTQ,131,478,478,9,11325.55,Site and instrument support,acceptable,Prespecified quantitative or identity rule,minimum site participants 5; minimum within-site predictor range 2.060
primary__glasses__all_available__longest_period_midpoint__MCTQ,primary__glasses__all_available,glasses,Near eye,longest_period_midpoint,MCTQ,131,478,478,9,11325.55,Clock representation,acceptable,Prespecified quantitative or identity rule,Fixed outcome-specific linear clock support retained
primary__glasses__all_available__longest_period_midpoint__MCTQ,primary__glasses__all_available,glasses,Near eye,longest_period_midpoint,MCTQ,131,478,478,9,11325.55,Chronotype linearity,acceptable,Prespecified quantitative or identity rule,spline AIC improvement -3.795; maximum anchored departure 0.263 h
primary__glasses__all_available__longest_period_midpoint__MCTQ,primary__glasses__all_available,glasses,Near eye,longest_period_midpoint,MCTQ,131,478,478,9,11325.55,Response and residual distribution,acceptable,Final author visual adjudication H09-002; quantitative screen retained as acceptable,Q-Q r 0.996; skewness 0.058; excess kurtosis -0.650; maximum |standardized residual| 2.596; quantitative screen acceptable; author visual adjudication H09-002 using Figure 2: acceptable
primary__glasses__all_available__longest_period_midpoint__MCTQ,primary__glasses__all_available,glasses,Near eye,longest_period_midpoint,MCTQ,131,478,478,9,11325.55,Residual heteroscedasticity,acceptable,Final author visual adjudication H09-002; quantitative screen retained as acceptable,"|Spearman(abs residual, fitted)| 0.018; site residual-SD ratio 1.787; quantitative screen acceptable; author visual adjudication H09-002 using Figure 2: acceptable"
primary__glasses__all_available__longest_period_midpoint__MCTQ,primary__glasses__all_available,glasses,Near eye,longest_period_midpoint,MCTQ,131,478,478,9,11325.55,Convergence and Hessian,acceptable,Prespecified quantitative or identity rule,5/5 declared fits converged; 5/5 had a positive-definite Hessian; maximum optimizer gradient 0.000004
primary__glasses__all_available__longest_period_midpoint__MCTQ,primary__glasses__all_available,glasses,Near eye,longest_period_midpoint,MCTQ,131,478,478,9,11325.55,Singularity and variance,acceptable,Prespecified quantitative or identity rule,isSingular(tolerance = 1e-4) false for 5/5 declared fits
primary__glasses__all_available__longest_period_midpoint__MCTQ,primary__glasses__all_available,glasses,Near eye,longest_period_midpoint,MCTQ,131,478,478,9,11325.55,Fixed-effect rank,acceptable,Prespecified quantitative or identity rule,fixed-effect model matrices are full rank for 5/5 declared fits
primary__glasses__all_available__longest_period_midpoint__MCTQ,primary__glasses__all_available,glasses,Near eye,longest_period_midpoint,MCTQ,131,478,478,9,11325.55,Temporal dependence,acceptable,Prespecified quantitative or identity rule,one-day residual correlation 0.011; corCAR1 phi 0.150; slope change -0.012 h
primary__glasses__all_available__longest_period_midpoint__MCTQ,primary__glasses__all_available,glasses,Near eye,longest_period_midpoint,MCTQ,131,478,478,9,11325.55,Participant influence,acceptable,Prespecified quantitative or identity rule,10 DFBETA flags; 0 sign reversals; 0 material participant-deletion changes; maximum |DFBETA| 0.566
primary__glasses__all_available__longest_period_midpoint__MCTQ,primary__glasses__all_available,glasses,Near eye,longest_period_midpoint,MCTQ,131,478,478,9,11325.55,Site influence,acceptable,Prespecified quantitative or identity rule,0 leave-site-out sign reversals; 0 material changes; maximum slope change 0.141 h
primary__glasses__all_available__longest_period_midpoint__MCTQ,primary__glasses__all_available,glasses,Near eye,longest_period_midpoint,MCTQ,131,478,478,9,11325.55,Placement and common sample,acceptable,Prespecified quantitative or identity rule,"Near-eye and chest fits use separately fitted, exactly matched paired/common frames"
primary__glasses__all_available__longest_period_midpoint__MCTQ,primary__glasses__all_available,glasses,Near eye,longest_period_midpoint,MCTQ,131,478,478,9,11325.55,Prepared-data sensitivity,not acceptable,Prespecified quantitative or identity rule,Registered fifth outcome is unavailable in the gap-timing-unaware artifact; the limitation is explicit
primary__glasses__all_available__longest_period_midpoint__MCTQ,primary__glasses__all_available,glasses,Near eye,longest_period_midpoint,MCTQ,131,478,478,9,11325.55,Multiplicity,acceptable,Prespecified quantitative or identity rule,Main and interaction tests reproduce complete five-member BH families
primary__glasses__all_available__longest_period_midpoint__MEQ,primary__glasses__all_available,glasses,Near eye,longest_period_midpoint,MEQ,132,482,482,9,11419.816666666668,Questionnaire scoring,acceptable,Prespecified quantitative or identity rule,Pinned msf_sc/meq aggregates accepted under H09-G4; item-level reconstruction unavailable
primary__glasses__all_available__longest_period_midpoint__MEQ,primary__glasses__all_available,glasses,Near eye,longest_period_midpoint,MEQ,132,482,482,9,11419.816666666668,Join and sample identity,acceptable,Prespecified quantitative or identity rule,132 participants; 482 participant-days; 482 observations; 9 sites; frame hash 25847f9665b9a73dec8045d1f8a79ca480b67e410a1acb06784e078260661ce3
primary__glasses__all_available__longest_period_midpoint__MEQ,primary__glasses__all_available,glasses,Near eye,longest_period_midpoint,MEQ,132,482,482,9,11419.816666666668,Site and instrument support,acceptable,Prespecified quantitative or identity rule,minimum site participants 5; minimum within-site predictor range 1.800
primary__glasses__all_available__longest_period_midpoint__MEQ,primary__glasses__all_available,glasses,Near eye,longest_period_midpoint,MEQ,132,482,482,9,11419.816666666668,Clock representation,acceptable,Prespecified quantitative or identity rule,Fixed outcome-specific linear clock support retained
primary__glasses__all_available__longest_period_midpoint__MEQ,primary__glasses__all_available,glasses,Near eye,longest_period_midpoint,MEQ,132,482,482,9,11419.816666666668,Chronotype linearity,acceptable,Prespecified quantitative or identity rule,spline AIC improvement -3.343; maximum anchored departure 0.271 h
primary__glasses__all_available__longest_period_midpoint__MEQ,primary__glasses__all_available,glasses,Near eye,longest_period_midpoint,MEQ,132,482,482,9,11419.816666666668,Response and residual distribution,acceptable,Final author visual adjudication H09-002; quantitative screen retained as acceptable,Q-Q r 0.996; skewness 0.047; excess kurtosis -0.636; maximum |standardized residual| 2.533; quantitative screen acceptable; author visual adjudication H09-002 using Figure 2: acceptable
primary__glasses__all_available__longest_period_midpoint__MEQ,primary__glasses__all_available,glasses,Near eye,longest_period_midpoint,MEQ,132,482,482,9,11419.816666666668,Residual heteroscedasticity,acceptable,Final author visual adjudication H09-002; quantitative screen retained as acceptable,"|Spearman(abs residual, fitted)| 0.013; site residual-SD ratio 1.823; quantitative screen acceptable; author visual adjudication H09-002 using Figure 2: acceptable"
primary__glasses__all_available__longest_period_midpoint__MEQ,primary__glasses__all_available,glasses,Near eye,longest_period_midpoint,MEQ,132,482,482,9,11419.816666666668,Convergence and Hessian,acceptable,Prespecified quantitative or identity rule,5/5 declared fits converged; 5/5 had a positive-definite Hessian; maximum optimizer gradient 0.000005
primary__glasses__all_available__longest_period_midpoint__MEQ,primary__glasses__all_available,glasses,Near eye,longest_period_midpoint,MEQ,132,482,482,9,11419.816666666668,Singularity and variance,acceptable,Prespecified quantitative or identity rule,isSingular(tolerance = 1e-4) false for 5/5 declared fits
primary__glasses__all_available__longest_period_midpoint__MEQ,primary__glasses__all_available,glasses,Near eye,longest_period_midpoint,MEQ,132,482,482,9,11419.816666666668,Fixed-effect rank,acceptable,Prespecified quantitative or identity rule,fixed-effect model matrices are full rank for 5/5 declared fits
primary__glasses__all_available__longest_period_midpoint__MEQ,primary__glasses__all_available,glasses,Near eye,longest_period_midpoint,MEQ,132,482,482,9,11419.816666666668,Temporal dependence,acceptable,Prespecified quantitative or identity rule,one-day residual correlation 0.022; corCAR1 phi 0.162; slope change -0.016 h
primary__glasses__all_available__longest_period_midpoint__MEQ,primary__glasses__all_available,glasses,Near eye,longest_period_midpoint,MEQ,132,482,482,9,11419.816666666668,Participant influence,acceptable,Prespecified quantitative or identity rule,14 DFBETA flags; 0 sign reversals; 0 material participant-deletion changes; maximum |DFBETA| 0.265
primary__glasses__all_available__longest_period_midpoint__MEQ,primary__glasses__all_available,glasses,Near eye,longest_period_midpoint,MEQ,132,482,482,9,11419.816666666668,Site influence,acceptable,Prespecified quantitative or identity rule,0 leave-site-out sign reversals; 0 material changes; maximum slope change 0.134 h
primary__glasses__all_available__longest_period_midpoint__MEQ,primary__glasses__all_available,glasses,Near eye,longest_period_midpoint,MEQ,132,482,482,9,11419.816666666668,Placement and common sample,acceptable,Prespecified quantitative or identity rule,"Near-eye and chest fits use separately fitted, exactly matched paired/common frames"
primary__glasses__all_available__longest_period_midpoint__MEQ,primary__glasses__all_available,glasses,Near eye,longest_period_midpoint,MEQ,132,482,482,9,11419.816666666668,Prepared-data sensitivity,not acceptable,Prespecified quantitative or identity rule,Registered fifth outcome is unavailable in the gap-timing-unaware artifact; the limitation is explicit
primary__glasses__all_available__longest_period_midpoint__MEQ,primary__glasses__all_available,glasses,Near eye,longest_period_midpoint,MEQ,132,482,482,9,11419.816666666668,Multiplicity,acceptable,Prespecified quantitative or identity rule,Main and interaction tests reproduce complete five-member BH families
primary__glasses__all_available__m10_midpoint__MCTQ,primary__glasses__all_available,glasses,Near eye,m10_midpoint,MCTQ,140,810,810,9,18711.683333333334,Questionnaire scoring,acceptable,Prespecified quantitative or identity rule,Pinned msf_sc/meq aggregates accepted under H09-G4; item-level reconstruction unavailable
primary__glasses__all_available__m10_midpoint__MCTQ,primary__glasses__all_available,glasses,Near eye,m10_midpoint,MCTQ,140,810,810,9,18711.683333333334,Join and sample identity,acceptable,Prespecified quantitative or identity rule,140 participants; 810 participant-days; 810 observations; 9 sites; frame hash ab4c2d2a634dc21d4481bba842ae47f0c092b1b795fca3f506979d601cab8592
primary__glasses__all_available__m10_midpoint__MCTQ,primary__glasses__all_available,glasses,Near eye,m10_midpoint,MCTQ,140,810,810,9,18711.683333333334,Site and instrument support,acceptable,Prespecified quantitative or identity rule,minimum site participants 6; minimum within-site predictor range 2.060
primary__glasses__all_available__m10_midpoint__MCTQ,primary__glasses__all_available,glasses,Near eye,m10_midpoint,MCTQ,140,810,810,9,18711.683333333334,Clock representation,acceptable,Prespecified quantitative or identity rule,Fixed outcome-specific linear clock support retained
primary__glasses__all_available__m10_midpoint__MCTQ,primary__glasses__all_available,glasses,Near eye,m10_midpoint,MCTQ,140,810,810,9,18711.683333333334,Chronotype linearity,acceptable,Prespecified quantitative or identity rule,spline AIC improvement -3.660; maximum anchored departure 0.106 h
primary__glasses__all_available__m10_midpoint__MCTQ,primary__glasses__all_available,glasses,Near eye,m10_midpoint,MCTQ,140,810,810,9,18711.683333333334,Response and residual distribution,acceptable,Final author visual adjudication H09-002; quantitative screen retained as acceptable,Q-Q r 0.978; skewness -0.061; excess kurtosis 2.825; maximum |standardized residual| 5.097; quantitative screen acceptable; author visual adjudication H09-002 using Figure 2: acceptable
primary__glasses__all_available__m10_midpoint__MCTQ,primary__glasses__all_available,glasses,Near eye,m10_midpoint,MCTQ,140,810,810,9,18711.683333333334,Residual heteroscedasticity,acceptable,Final author visual adjudication H09-002; quantitative screen retained as acceptable,"|Spearman(abs residual, fitted)| 0.126; site residual-SD ratio 1.466; quantitative screen acceptable; author visual adjudication H09-002 using Figure 2: acceptable"
primary__glasses__all_available__m10_midpoint__MCTQ,primary__glasses__all_available,glasses,Near eye,m10_midpoint,MCTQ,140,810,810,9,18711.683333333334,Convergence and Hessian,acceptable,Prespecified quantitative or identity rule,5/5 declared fits converged; 5/5 had a positive-definite Hessian; maximum optimizer gradient 0.000051
primary__glasses__all_available__m10_midpoint__MCTQ,primary__glasses__all_available,glasses,Near eye,m10_midpoint,MCTQ,140,810,810,9,18711.683333333334,Singularity and variance,acceptable,Prespecified quantitative or identity rule,isSingular(tolerance = 1e-4) false for 5/5 declared fits
primary__glasses__all_available__m10_midpoint__MCTQ,primary__glasses__all_available,glasses,Near eye,m10_midpoint,MCTQ,140,810,810,9,18711.683333333334,Fixed-effect rank,acceptable,Prespecified quantitative or identity rule,fixed-effect model matrices are full rank for 5/5 declared fits
primary__glasses__all_available__m10_midpoint__MCTQ,primary__glasses__all_available,glasses,Near eye,m10_midpoint,MCTQ,140,810,810,9,18711.683333333334,Temporal dependence,acceptable,Prespecified quantitative or identity rule,one-day residual correlation -0.137; corCAR1 phi 0.002; slope change 0.000 h
primary__glasses__all_available__m10_midpoint__MCTQ,primary__glasses__all_available,glasses,Near eye,m10_midpoint,MCTQ,140,810,810,9,18711.683333333334,Participant influence,acceptable,Prespecified quantitative or identity rule,12 DFBETA flags; 0 sign reversals; 0 material participant-deletion changes; maximum |DFBETA| 0.550
primary__glasses__all_available__m10_midpoint__MCTQ,primary__glasses__all_available,glasses,Near eye,m10_midpoint,MCTQ,140,810,810,9,18711.683333333334,Site influence,acceptable,Prespecified quantitative or identity rule,0 leave-site-out sign reversals; 0 material changes; maximum slope change 0.083 h
primary__glasses__all_available__m10_midpoint__MCTQ,primary__glasses__all_available,glasses,Near eye,m10_midpoint,MCTQ,140,810,810,9,18711.683333333334,Placement and common sample,acceptable,Prespecified quantitative or identity rule,"Near-eye and chest fits use separately fitted, exactly matched paired/common frames"
primary__glasses__all_available__m10_midpoint__MCTQ,primary__glasses__all_available,glasses,Near eye,m10_midpoint,MCTQ,140,810,810,9,18711.683333333334,Prepared-data sensitivity,acceptable,Prespecified quantitative or identity rule,All-available and exact primary/gap common-sample results are estimable
primary__glasses__all_available__m10_midpoint__MCTQ,primary__glasses__all_available,glasses,Near eye,m10_midpoint,MCTQ,140,810,810,9,18711.683333333334,Multiplicity,acceptable,Prespecified quantitative or identity rule,Main and interaction tests reproduce complete five-member BH families
primary__glasses__all_available__m10_midpoint__MEQ,primary__glasses__all_available,glasses,Near eye,m10_midpoint,MEQ,141,816,816,9,18851,Questionnaire scoring,acceptable,Prespecified quantitative or identity rule,Pinned msf_sc/meq aggregates accepted under H09-G4; item-level reconstruction unavailable
primary__glasses__all_available__m10_midpoint__MEQ,primary__glasses__all_available,glasses,Near eye,m10_midpoint,MEQ,141,816,816,9,18851,Join and sample identity,acceptable,Prespecified quantitative or identity rule,141 participants; 816 participant-days; 816 observations; 9 sites; frame hash 25702bb348901735e44c17f7342b6653ed1f1e450a2700c269690472425bb0f1
primary__glasses__all_available__m10_midpoint__MEQ,primary__glasses__all_available,glasses,Near eye,m10_midpoint,MEQ,141,816,816,9,18851,Site and instrument support,acceptable,Prespecified quantitative or identity rule,minimum site participants 6; minimum within-site predictor range 1.800
primary__glasses__all_available__m10_midpoint__MEQ,primary__glasses__all_available,glasses,Near eye,m10_midpoint,MEQ,141,816,816,9,18851,Clock representation,acceptable,Prespecified quantitative or identity rule,Fixed outcome-specific linear clock support retained
primary__glasses__all_available__m10_midpoint__MEQ,primary__glasses__all_available,glasses,Near eye,m10_midpoint,MEQ,141,816,816,9,18851,Chronotype linearity,acceptable,Prespecified quantitative or identity rule,spline AIC improvement -0.576; maximum anchored departure 0.273 h
primary__glasses__all_available__m10_midpoint__MEQ,primary__glasses__all_available,glasses,Near eye,m10_midpoint,MEQ,141,816,816,9,18851,Response and residual distribution,acceptable,Final author visual adjudication H09-002; quantitative screen retained as acceptable,Q-Q r 0.978; skewness -0.089; excess kurtosis 2.837; maximum |standardized residual| 5.144; quantitative screen acceptable; author visual adjudication H09-002 using Figure 2: acceptable
primary__glasses__all_available__m10_midpoint__MEQ,primary__glasses__all_available,glasses,Near eye,m10_midpoint,MEQ,141,816,816,9,18851,Residual heteroscedasticity,acceptable,Final author visual adjudication H09-002; quantitative screen retained as acceptable,"|Spearman(abs residual, fitted)| 0.132; site residual-SD ratio 1.450; quantitative screen acceptable; author visual adjudication H09-002 using Figure 2: acceptable"
primary__glasses__all_available__m10_midpoint__MEQ,primary__glasses__all_available,glasses,Near eye,m10_midpoint,MEQ,141,816,816,9,18851,Convergence and Hessian,acceptable,Prespecified quantitative or identity rule,5/5 declared fits converged; 5/5 had a positive-definite Hessian; maximum optimizer gradient 0.000003
primary__glasses__all_available__m10_midpoint__MEQ,primary__glasses__all_available,glasses,Near eye,m10_midpoint,MEQ,141,816,816,9,18851,Singularity and variance,acceptable,Prespecified quantitative or identity rule,isSingular(tolerance = 1e-4) false for 5/5 declared fits
primary__glasses__all_available__m10_midpoint__MEQ,primary__glasses__all_available,glasses,Near eye,m10_midpoint,MEQ,141,816,816,9,18851,Fixed-effect rank,acceptable,Prespecified quantitative or identity rule,fixed-effect model matrices are full rank for 5/5 declared fits
primary__glasses__all_available__m10_midpoint__MEQ,primary__glasses__all_available,glasses,Near eye,m10_midpoint,MEQ,141,816,816,9,18851,Temporal dependence,acceptable,Prespecified quantitative or identity rule,one-day residual correlation -0.130; corCAR1 phi 0.002; slope change -0.000 h
primary__glasses__all_available__m10_midpoint__MEQ,primary__glasses__all_available,glasses,Near eye,m10_midpoint,MEQ,141,816,816,9,18851,Participant influence,acceptable,Prespecified quantitative or identity rule,10 DFBETA flags; 0 sign reversals; 0 material participant-deletion changes; maximum |DFBETA| 0.373
primary__glasses__all_available__m10_midpoint__MEQ,primary__glasses__all_available,glasses,Near eye,m10_midpoint,MEQ,141,816,816,9,18851,Site influence,acceptable,Prespecified quantitative or identity rule,0 leave-site-out sign reversals; 0 material changes; maximum slope change 0.086 h
primary__glasses__all_available__m10_midpoint__MEQ,primary__glasses__all_available,glasses,Near eye,m10_midpoint,MEQ,141,816,816,9,18851,Placement and common sample,acceptable,Prespecified quantitative or identity rule,"Near-eye and chest fits use separately fitted, exactly matched paired/common frames"
primary__glasses__all_available__m10_midpoint__MEQ,primary__glasses__all_available,glasses,Near eye,m10_midpoint,MEQ,141,816,816,9,18851,Prepared-data sensitivity,acceptable,Prespecified quantitative or identity rule,All-available and exact primary/gap common-sample results are estimable
primary__glasses__all_available__m10_midpoint__MEQ,primary__glasses__all_available,glasses,Near eye,m10_midpoint,MEQ,141,816,816,9,18851,Multiplicity,acceptable,Prespecified quantitative or identity rule,Main and interaction tests reproduce complete five-member BH families
primary__glasses__all_available__mean_timing_above_250__MCTQ,primary__glasses__all_available,glasses,Near eye,mean_timing_above_250,MCTQ,140,736,736,9,17070.316666666666,Questionnaire scoring,acceptable,Prespecified quantitative or identity rule,Pinned msf_sc/meq aggregates accepted under H09-G4; item-level reconstruction unavailable
primary__glasses__all_available__mean_timing_above_250__MCTQ,primary__glasses__all_available,glasses,Near eye,mean_timing_above_250,MCTQ,140,736,736,9,17070.316666666666,Join and sample identity,acceptable,Prespecified quantitative or identity rule,140 participants; 736 participant-days; 736 observations; 9 sites; frame hash 95c788d9f24f3be5dfcb16df9c55a86a4dd5339929ce9a4751b1104e79c61829
primary__glasses__all_available__mean_timing_above_250__MCTQ,primary__glasses__all_available,glasses,Near eye,mean_timing_above_250,MCTQ,140,736,736,9,17070.316666666666,Site and instrument support,acceptable,Prespecified quantitative or identity rule,minimum site participants 6; minimum within-site predictor range 2.060
primary__glasses__all_available__mean_timing_above_250__MCTQ,primary__glasses__all_available,glasses,Near eye,mean_timing_above_250,MCTQ,140,736,736,9,17070.316666666666,Clock representation,acceptable,Prespecified quantitative or identity rule,Fixed outcome-specific linear clock support retained
primary__glasses__all_available__mean_timing_above_250__MCTQ,primary__glasses__all_available,glasses,Near eye,mean_timing_above_250,MCTQ,140,736,736,9,17070.316666666666,Chronotype linearity,acceptable,Prespecified quantitative or identity rule,spline AIC improvement -3.888; maximum anchored departure 0.041 h
primary__glasses__all_available__mean_timing_above_250__MCTQ,primary__glasses__all_available,glasses,Near eye,mean_timing_above_250,MCTQ,140,736,736,9,17070.316666666666,Response and residual distribution,acceptable,Final author visual adjudication H09-002; quantitative screen retained as acceptable,Q-Q r 0.993; skewness -0.015; excess kurtosis 1.580; maximum |standardized residual| 5.124; quantitative screen acceptable; author visual adjudication H09-002 using Figure 2: acceptable
primary__glasses__all_available__mean_timing_above_250__MCTQ,primary__glasses__all_available,glasses,Near eye,mean_timing_above_250,MCTQ,140,736,736,9,17070.316666666666,Residual heteroscedasticity,acceptable,Final author visual adjudication H09-002; quantitative screen retained as acceptable,"|Spearman(abs residual, fitted)| 0.081; site residual-SD ratio 1.543; quantitative screen acceptable; author visual adjudication H09-002 using Figure 2: acceptable"
primary__glasses__all_available__mean_timing_above_250__MCTQ,primary__glasses__all_available,glasses,Near eye,mean_timing_above_250,MCTQ,140,736,736,9,17070.316666666666,Convergence and Hessian,acceptable,Prespecified quantitative or identity rule,5/5 declared fits converged; 5/5 had a positive-definite Hessian; maximum optimizer gradient 0.000001
primary__glasses__all_available__mean_timing_above_250__MCTQ,primary__glasses__all_available,glasses,Near eye,mean_timing_above_250,MCTQ,140,736,736,9,17070.316666666666,Singularity and variance,acceptable,Prespecified quantitative or identity rule,isSingular(tolerance = 1e-4) false for 5/5 declared fits
primary__glasses__all_available__mean_timing_above_250__MCTQ,primary__glasses__all_available,glasses,Near eye,mean_timing_above_250,MCTQ,140,736,736,9,17070.316666666666,Fixed-effect rank,acceptable,Prespecified quantitative or identity rule,fixed-effect model matrices are full rank for 5/5 declared fits
primary__glasses__all_available__mean_timing_above_250__MCTQ,primary__glasses__all_available,glasses,Near eye,mean_timing_above_250,MCTQ,140,736,736,9,17070.316666666666,Temporal dependence,acceptable,Prespecified quantitative or identity rule,one-day residual correlation -0.066; corCAR1 phi 0.063; slope change -0.000 h
primary__glasses__all_available__mean_timing_above_250__MCTQ,primary__glasses__all_available,glasses,Near eye,mean_timing_above_250,MCTQ,140,736,736,9,17070.316666666666,Participant influence,acceptable,Prespecified quantitative or identity rule,11 DFBETA flags; 0 sign reversals; 0 material participant-deletion changes; maximum |DFBETA| 0.386
primary__glasses__all_available__mean_timing_above_250__MCTQ,primary__glasses__all_available,glasses,Near eye,mean_timing_above_250,MCTQ,140,736,736,9,17070.316666666666,Site influence,acceptable,Prespecified quantitative or identity rule,0 leave-site-out sign reversals; 0 material changes; maximum slope change 0.068 h
primary__glasses__all_available__mean_timing_above_250__MCTQ,primary__glasses__all_available,glasses,Near eye,mean_timing_above_250,MCTQ,140,736,736,9,17070.316666666666,Placement and common sample,acceptable,Prespecified quantitative or identity rule,"Near-eye and chest fits use separately fitted, exactly matched paired/common frames"
primary__glasses__all_available__mean_timing_above_250__MCTQ,primary__glasses__all_available,glasses,Near eye,mean_timing_above_250,MCTQ,140,736,736,9,17070.316666666666,Prepared-data sensitivity,acceptable,Prespecified quantitative or identity rule,All-available and exact primary/gap common-sample results are estimable
primary__glasses__all_available__mean_timing_above_250__MCTQ,primary__glasses__all_available,glasses,Near eye,mean_timing_above_250,MCTQ,140,736,736,9,17070.316666666666,Multiplicity,acceptable,Prespecified quantitative or identity rule,Adapted mean timing is outside F1-F4 by design; raw p-value only
primary__glasses__all_available__mean_timing_above_250__MEQ,primary__glasses__all_available,glasses,Near eye,mean_timing_above_250,MEQ,141,742,742,9,17209.633333333335,Questionnaire scoring,acceptable,Prespecified quantitative or identity rule,Pinned msf_sc/meq aggregates accepted under H09-G4; item-level reconstruction unavailable
primary__glasses__all_available__mean_timing_above_250__MEQ,primary__glasses__all_available,glasses,Near eye,mean_timing_above_250,MEQ,141,742,742,9,17209.633333333335,Join and sample identity,acceptable,Prespecified quantitative or identity rule,141 participants; 742 participant-days; 742 observations; 9 sites; frame hash 00d504fedfc57a0513be3fd459fdcd99f63a252d839327f7cee5203d21a65736
primary__glasses__all_available__mean_timing_above_250__MEQ,primary__glasses__all_available,glasses,Near eye,mean_timing_above_250,MEQ,141,742,742,9,17209.633333333335,Site and instrument support,acceptable,Prespecified quantitative or identity rule,minimum site participants 6; minimum within-site predictor range 1.800
primary__glasses__all_available__mean_timing_above_250__MEQ,primary__glasses__all_available,glasses,Near eye,mean_timing_above_250,MEQ,141,742,742,9,17209.633333333335,Clock representation,acceptable,Prespecified quantitative or identity rule,Fixed outcome-specific linear clock support retained
primary__glasses__all_available__mean_timing_above_250__MEQ,primary__glasses__all_available,glasses,Near eye,mean_timing_above_250,MEQ,141,742,742,9,17209.633333333335,Chronotype linearity,acceptable,Prespecified quantitative or identity rule,spline AIC improvement -2.842; maximum anchored departure 0.211 h
primary__glasses__all_available__mean_timing_above_250__MEQ,primary__glasses__all_available,glasses,Near eye,mean_timing_above_250,MEQ,141,742,742,9,17209.633333333335,Response and residual distribution,acceptable,Final author visual adjudication H09-002; quantitative screen retained as acceptable,Q-Q r 0.993; skewness -0.022; excess kurtosis 1.566; maximum |standardized residual| 5.112; quantitative screen acceptable; author visual adjudication H09-002 using Figure 2: acceptable
primary__glasses__all_available__mean_timing_above_250__MEQ,primary__glasses__all_available,glasses,Near eye,mean_timing_above_250,MEQ,141,742,742,9,17209.633333333335,Residual heteroscedasticity,acceptable,Final author visual adjudication H09-002; quantitative screen retained as acceptable,"|Spearman(abs residual, fitted)| 0.071; site residual-SD ratio 1.567; quantitative screen acceptable; author visual adjudication H09-002 using Figure 2: acceptable"
primary__glasses__all_available__mean_timing_above_250__MEQ,primary__glasses__all_available,glasses,Near eye,mean_timing_above_250,MEQ,141,742,742,9,17209.633333333335,Convergence and Hessian,acceptable,Prespecified quantitative or identity rule,5/5 declared fits converged; 5/5 had a positive-definite Hessian; maximum optimizer gradient 0.000019
primary__glasses__all_available__mean_timing_above_250__MEQ,primary__glasses__all_available,glasses,Near eye,mean_timing_above_250,MEQ,141,742,742,9,17209.633333333335,Singularity and variance,acceptable,Prespecified quantitative or identity rule,isSingular(tolerance = 1e-4) false for 5/5 declared fits
primary__glasses__all_available__mean_timing_above_250__MEQ,primary__glasses__all_available,glasses,Near eye,mean_timing_above_250,MEQ,141,742,742,9,17209.633333333335,Fixed-effect rank,acceptable,Prespecified quantitative or identity rule,fixed-effect model matrices are full rank for 5/5 declared fits
primary__glasses__all_available__mean_timing_above_250__MEQ,primary__glasses__all_available,glasses,Near eye,mean_timing_above_250,MEQ,141,742,742,9,17209.633333333335,Temporal dependence,acceptable,Prespecified quantitative or identity rule,one-day residual correlation -0.062; corCAR1 phi 0.068; slope change -0.003 h
primary__glasses__all_available__mean_timing_above_250__MEQ,primary__glasses__all_available,glasses,Near eye,mean_timing_above_250,MEQ,141,742,742,9,17209.633333333335,Participant influence,acceptable,Prespecified quantitative or identity rule,10 DFBETA flags; 0 sign reversals; 0 material participant-deletion changes; maximum |DFBETA| 0.316
primary__glasses__all_available__mean_timing_above_250__MEQ,primary__glasses__all_available,glasses,Near eye,mean_timing_above_250,MEQ,141,742,742,9,17209.633333333335,Site influence,acceptable,Prespecified quantitative or identity rule,0 leave-site-out sign reversals; 0 material changes; maximum slope change 0.079 h
primary__glasses__all_available__mean_timing_above_250__MEQ,primary__glasses__all_available,glasses,Near eye,mean_timing_above_250,MEQ,141,742,742,9,17209.633333333335,Placement and common sample,acceptable,Prespecified quantitative or identity rule,"Near-eye and chest fits use separately fitted, exactly matched paired/common frames"
primary__glasses__all_available__mean_timing_above_250__MEQ,primary__glasses__all_available,glasses,Near eye,mean_timing_above_250,MEQ,141,742,742,9,17209.633333333335,Prepared-data sensitivity,acceptable,Prespecified quantitative or identity rule,All-available and exact primary/gap common-sample results are estimable
primary__glasses__all_available__mean_timing_above_250__MEQ,primary__glasses__all_available,glasses,Near eye,mean_timing_above_250,MEQ,141,742,742,9,17209.633333333335,Multiplicity,acceptable,Prespecified quantitative or identity rule,Adapted mean timing is outside F1-F4 by design; raw p-value only
primary__chest__all_available__first_timing_above_250__MCTQ,primary__chest__all_available,chest,Chest,first_timing_above_250,MCTQ,153,797,797,8,18518.416666666668,Questionnaire scoring,acceptable,Prespecified quantitative or identity rule,Pinned msf_sc/meq aggregates accepted under H09-G4; item-level reconstruction unavailable
primary__chest__all_available__first_timing_above_250__MCTQ,primary__chest__all_available,chest,Chest,first_timing_above_250,MCTQ,153,797,797,8,18518.416666666668,Join and sample identity,acceptable,Prespecified quantitative or identity rule,153 participants; 797 participant-days; 797 observations; 8 sites; frame hash 2686fa682d40e8ef613b8441d9afefea73b72685097e7455c9bc2f42e073b156
primary__chest__all_available__first_timing_above_250__MCTQ,primary__chest__all_available,chest,Chest,first_timing_above_250,MCTQ,153,797,797,8,18518.416666666668,Site and instrument support,acceptable,Prespecified quantitative or identity rule,minimum site participants 10; minimum within-site predictor range 2.060
primary__chest__all_available__first_timing_above_250__MCTQ,primary__chest__all_available,chest,Chest,first_timing_above_250,MCTQ,153,797,797,8,18518.416666666668,Clock representation,acceptable,Prespecified quantitative or identity rule,Fixed outcome-specific linear clock support retained
primary__chest__all_available__first_timing_above_250__MCTQ,primary__chest__all_available,chest,Chest,first_timing_above_250,MCTQ,153,797,797,8,18518.416666666668,Chronotype linearity,acceptable,Prespecified quantitative or identity rule,spline AIC improvement -0.740; maximum anchored departure 0.391 h
primary__chest__all_available__first_timing_above_250__MCTQ,primary__chest__all_available,chest,Chest,first_timing_above_250,MCTQ,153,797,797,8,18518.416666666668,Response and residual distribution,acceptable,Final author visual adjudication H09-002; quantitative screen retained as not acceptable,Q-Q r 0.965; skewness 0.680; excess kurtosis 3.038; maximum |standardized residual| 4.453; quantitative screen not acceptable; author visual adjudication H09-002 using Figure 3: acceptable
primary__chest__all_available__first_timing_above_250__MCTQ,primary__chest__all_available,chest,Chest,first_timing_above_250,MCTQ,153,797,797,8,18518.416666666668,Residual heteroscedasticity,acceptable,Final author visual adjudication H09-002; quantitative screen retained as acceptable,"|Spearman(abs residual, fitted)| 0.189; site residual-SD ratio 1.745; quantitative screen acceptable; author visual adjudication H09-002 using Figure 3: acceptable"
primary__chest__all_available__first_timing_above_250__MCTQ,primary__chest__all_available,chest,Chest,first_timing_above_250,MCTQ,153,797,797,8,18518.416666666668,Convergence and Hessian,acceptable,Prespecified quantitative or identity rule,5/5 declared fits converged; 5/5 had a positive-definite Hessian; maximum optimizer gradient 0.000012
primary__chest__all_available__first_timing_above_250__MCTQ,primary__chest__all_available,chest,Chest,first_timing_above_250,MCTQ,153,797,797,8,18518.416666666668,Singularity and variance,acceptable,Prespecified quantitative or identity rule,isSingular(tolerance = 1e-4) false for 5/5 declared fits
primary__chest__all_available__first_timing_above_250__MCTQ,primary__chest__all_available,chest,Chest,first_timing_above_250,MCTQ,153,797,797,8,18518.416666666668,Fixed-effect rank,acceptable,Prespecified quantitative or identity rule,fixed-effect model matrices are full rank for 5/5 declared fits
primary__chest__all_available__first_timing_above_250__MCTQ,primary__chest__all_available,chest,Chest,first_timing_above_250,MCTQ,153,797,797,8,18518.416666666668,Temporal dependence,acceptable,Prespecified quantitative or identity rule,one-day residual correlation 0.006; corCAR1 phi 0.239; slope change -0.004 h
primary__chest__all_available__first_timing_above_250__MCTQ,primary__chest__all_available,chest,Chest,first_timing_above_250,MCTQ,153,797,797,8,18518.416666666668,Participant influence,acceptable,Prespecified quantitative or identity rule,13 DFBETA flags; 0 sign reversals; 0 material participant-deletion changes; maximum |DFBETA| 0.547
primary__chest__all_available__first_timing_above_250__MCTQ,primary__chest__all_available,chest,Chest,first_timing_above_250,MCTQ,153,797,797,8,18518.416666666668,Site influence,acceptable,Prespecified quantitative or identity rule,0 leave-site-out sign reversals; 0 material changes; maximum slope change 0.119 h
primary__chest__all_available__first_timing_above_250__MCTQ,primary__chest__all_available,chest,Chest,first_timing_above_250,MCTQ,153,797,797,8,18518.416666666668,Placement and common sample,acceptable,Prespecified quantitative or identity rule,"Near-eye and chest fits use separately fitted, exactly matched paired/common frames"
primary__chest__all_available__first_timing_above_250__MCTQ,primary__chest__all_available,chest,Chest,first_timing_above_250,MCTQ,153,797,797,8,18518.416666666668,Prepared-data sensitivity,acceptable,Prespecified quantitative or identity rule,All-available and exact primary/gap common-sample results are estimable
primary__chest__all_available__first_timing_above_250__MCTQ,primary__chest__all_available,chest,Chest,first_timing_above_250,MCTQ,153,797,797,8,18518.416666666668,Multiplicity,acceptable,Prespecified quantitative or identity rule,Main and interaction tests reproduce complete five-member BH families
primary__chest__all_available__first_timing_above_250__MEQ,primary__chest__all_available,chest,Chest,first_timing_above_250,MEQ,154,802,802,8,18634.65,Questionnaire scoring,acceptable,Prespecified quantitative or identity rule,Pinned msf_sc/meq aggregates accepted under H09-G4; item-level reconstruction unavailable
primary__chest__all_available__first_timing_above_250__MEQ,primary__chest__all_available,chest,Chest,first_timing_above_250,MEQ,154,802,802,8,18634.65,Join and sample identity,acceptable,Prespecified quantitative or identity rule,154 participants; 802 participant-days; 802 observations; 8 sites; frame hash 6f770b18d6cbbfbeb5f661f348887869b29d44fe11bdbd349a5dd4662b7c4e43
primary__chest__all_available__first_timing_above_250__MEQ,primary__chest__all_available,chest,Chest,first_timing_above_250,MEQ,154,802,802,8,18634.65,Site and instrument support,acceptable,Prespecified quantitative or identity rule,minimum site participants 10; minimum within-site predictor range 2.300
primary__chest__all_available__first_timing_above_250__MEQ,primary__chest__all_available,chest,Chest,first_timing_above_250,MEQ,154,802,802,8,18634.65,Clock representation,acceptable,Prespecified quantitative or identity rule,Fixed outcome-specific linear clock support retained
primary__chest__all_available__first_timing_above_250__MEQ,primary__chest__all_available,chest,Chest,first_timing_above_250,MEQ,154,802,802,8,18634.65,Chronotype linearity,acceptable,Prespecified quantitative or identity rule,spline AIC improvement -1.556; maximum anchored departure 0.651 h
primary__chest__all_available__first_timing_above_250__MEQ,primary__chest__all_available,chest,Chest,first_timing_above_250,MEQ,154,802,802,8,18634.65,Response and residual distribution,acceptable,Final author visual adjudication H09-002; quantitative screen retained as not acceptable,Q-Q r 0.962; skewness 0.474; excess kurtosis 3.596; maximum |standardized residual| 4.805; quantitative screen not acceptable; author visual adjudication H09-002 using Figure 3: acceptable
primary__chest__all_available__first_timing_above_250__MEQ,primary__chest__all_available,chest,Chest,first_timing_above_250,MEQ,154,802,802,8,18634.65,Residual heteroscedasticity,acceptable,Final author visual adjudication H09-002; quantitative screen retained as acceptable,"|Spearman(abs residual, fitted)| 0.189; site residual-SD ratio 1.745; quantitative screen acceptable; author visual adjudication H09-002 using Figure 3: acceptable"
primary__chest__all_available__first_timing_above_250__MEQ,primary__chest__all_available,chest,Chest,first_timing_above_250,MEQ,154,802,802,8,18634.65,Convergence and Hessian,acceptable,Prespecified quantitative or identity rule,5/5 declared fits converged; 5/5 had a positive-definite Hessian; maximum optimizer gradient 0.000017
primary__chest__all_available__first_timing_above_250__MEQ,primary__chest__all_available,chest,Chest,first_timing_above_250,MEQ,154,802,802,8,18634.65,Singularity and variance,acceptable,Prespecified quantitative or identity rule,isSingular(tolerance = 1e-4) false for 5/5 declared fits
primary__chest__all_available__first_timing_above_250__MEQ,primary__chest__all_available,chest,Chest,first_timing_above_250,MEQ,154,802,802,8,18634.65,Fixed-effect rank,acceptable,Prespecified quantitative or identity rule,fixed-effect model matrices are full rank for 5/5 declared fits
primary__chest__all_available__first_timing_above_250__MEQ,primary__chest__all_available,chest,Chest,first_timing_above_250,MEQ,154,802,802,8,18634.65,Temporal dependence,acceptable,Prespecified quantitative or identity rule,one-day residual correlation 0.015; corCAR1 phi 0.241; slope change -0.002 h
primary__chest__all_available__first_timing_above_250__MEQ,primary__chest__all_available,chest,Chest,first_timing_above_250,MEQ,154,802,802,8,18634.65,Participant influence,acceptable,Prespecified quantitative or identity rule,11 DFBETA flags; 0 sign reversals; 0 material participant-deletion changes; maximum |DFBETA| 0.345
primary__chest__all_available__first_timing_above_250__MEQ,primary__chest__all_available,chest,Chest,first_timing_above_250,MEQ,154,802,802,8,18634.65,Site influence,acceptable,Prespecified quantitative or identity rule,0 leave-site-out sign reversals; 0 material changes; maximum slope change 0.084 h
primary__chest__all_available__first_timing_above_250__MEQ,primary__chest__all_available,chest,Chest,first_timing_above_250,MEQ,154,802,802,8,18634.65,Placement and common sample,acceptable,Prespecified quantitative or identity rule,"Near-eye and chest fits use separately fitted, exactly matched paired/common frames"
primary__chest__all_available__first_timing_above_250__MEQ,primary__chest__all_available,chest,Chest,first_timing_above_250,MEQ,154,802,802,8,18634.65,Prepared-data sensitivity,acceptable,Prespecified quantitative or identity rule,All-available and exact primary/gap common-sample results are estimable
primary__chest__all_available__first_timing_above_250__MEQ,primary__chest__all_available,chest,Chest,first_timing_above_250,MEQ,154,802,802,8,18634.65,Multiplicity,acceptable,Prespecified quantitative or identity rule,Main and interaction tests reproduce complete five-member BH families
primary__chest__all_available__l10_midpoint__MCTQ,primary__chest__all_available,chest,Chest,l10_midpoint,MCTQ,153,896,896,8,20752.433333333334,Questionnaire scoring,acceptable,Prespecified quantitative or identity rule,Pinned msf_sc/meq aggregates accepted under H09-G4; item-level reconstruction unavailable
primary__chest__all_available__l10_midpoint__MCTQ,primary__chest__all_available,chest,Chest,l10_midpoint,MCTQ,153,896,896,8,20752.433333333334,Join and sample identity,acceptable,Prespecified quantitative or identity rule,153 participants; 896 participant-days; 896 observations; 8 sites; frame hash 7c71e2e3a958ce98e767038ec07d8cd2044de75ee11c46fbf063e8a112b33e2a
primary__chest__all_available__l10_midpoint__MCTQ,primary__chest__all_available,chest,Chest,l10_midpoint,MCTQ,153,896,896,8,20752.433333333334,Site and instrument support,acceptable,Prespecified quantitative or identity rule,minimum site participants 10; minimum within-site predictor range 2.060
primary__chest__all_available__l10_midpoint__MCTQ,primary__chest__all_available,chest,Chest,l10_midpoint,MCTQ,153,896,896,8,20752.433333333334,Clock representation,acceptable,Prespecified quantitative or identity rule,strict >16:00 versus >12:00 cut slope difference -0.023 h
primary__chest__all_available__l10_midpoint__MCTQ,primary__chest__all_available,chest,Chest,l10_midpoint,MCTQ,153,896,896,8,20752.433333333334,Chronotype linearity,acceptable,Prespecified quantitative or identity rule,spline AIC improvement 2.116; maximum anchored departure 0.400 h
primary__chest__all_available__l10_midpoint__MCTQ,primary__chest__all_available,chest,Chest,l10_midpoint,MCTQ,153,896,896,8,20752.433333333334,Response and residual distribution,acceptable,Final author visual adjudication H09-002; quantitative screen retained as not acceptable,Q-Q r 0.959; skewness -0.239; excess kurtosis 7.632; maximum |standardized residual| 6.896; quantitative screen not acceptable; author visual adjudication H09-002 using Figure 3: acceptable
primary__chest__all_available__l10_midpoint__MCTQ,primary__chest__all_available,chest,Chest,l10_midpoint,MCTQ,153,896,896,8,20752.433333333334,Residual heteroscedasticity,acceptable,Final author visual adjudication H09-002; quantitative screen retained as acceptable,"|Spearman(abs residual, fitted)| 0.066; site residual-SD ratio 1.995; quantitative screen acceptable; author visual adjudication H09-002 using Figure 3: acceptable"
primary__chest__all_available__l10_midpoint__MCTQ,primary__chest__all_available,chest,Chest,l10_midpoint,MCTQ,153,896,896,8,20752.433333333334,Convergence and Hessian,acceptable,Prespecified quantitative or identity rule,5/5 declared fits converged; 5/5 had a positive-definite Hessian; maximum optimizer gradient 0.000015
primary__chest__all_available__l10_midpoint__MCTQ,primary__chest__all_available,chest,Chest,l10_midpoint,MCTQ,153,896,896,8,20752.433333333334,Singularity and variance,acceptable,Prespecified quantitative or identity rule,isSingular(tolerance = 1e-4) false for 5/5 declared fits
primary__chest__all_available__l10_midpoint__MCTQ,primary__chest__all_available,chest,Chest,l10_midpoint,MCTQ,153,896,896,8,20752.433333333334,Fixed-effect rank,acceptable,Prespecified quantitative or identity rule,fixed-effect model matrices are full rank for 5/5 declared fits
primary__chest__all_available__l10_midpoint__MCTQ,primary__chest__all_available,chest,Chest,l10_midpoint,MCTQ,153,896,896,8,20752.433333333334,Temporal dependence,acceptable,Prespecified quantitative or identity rule,one-day residual correlation -0.078; corCAR1 phi 0.074; slope change -0.001 h
primary__chest__all_available__l10_midpoint__MCTQ,primary__chest__all_available,chest,Chest,l10_midpoint,MCTQ,153,896,896,8,20752.433333333334,Participant influence,acceptable,Prespecified quantitative or identity rule,12 DFBETA flags; 0 sign reversals; 0 material participant-deletion changes; maximum |DFBETA| 0.542
primary__chest__all_available__l10_midpoint__MCTQ,primary__chest__all_available,chest,Chest,l10_midpoint,MCTQ,153,896,896,8,20752.433333333334,Site influence,acceptable,Prespecified quantitative or identity rule,0 leave-site-out sign reversals; 0 material changes; maximum slope change 0.105 h
primary__chest__all_available__l10_midpoint__MCTQ,primary__chest__all_available,chest,Chest,l10_midpoint,MCTQ,153,896,896,8,20752.433333333334,Placement and common sample,acceptable,Prespecified quantitative or identity rule,"Near-eye and chest fits use separately fitted, exactly matched paired/common frames"
primary__chest__all_available__l10_midpoint__MCTQ,primary__chest__all_available,chest,Chest,l10_midpoint,MCTQ,153,896,896,8,20752.433333333334,Prepared-data sensitivity,acceptable,Prespecified quantitative or identity rule,All-available and exact primary/gap common-sample results are estimable
primary__chest__all_available__l10_midpoint__MCTQ,primary__chest__all_available,chest,Chest,l10_midpoint,MCTQ,153,896,896,8,20752.433333333334,Multiplicity,acceptable,Prespecified quantitative or identity rule,Main and interaction tests reproduce complete five-member BH families
primary__chest__all_available__l10_midpoint__MEQ,primary__chest__all_available,chest,Chest,l10_midpoint,MEQ,154,902,902,8,20891.75,Questionnaire scoring,acceptable,Prespecified quantitative or identity rule,Pinned msf_sc/meq aggregates accepted under H09-G4; item-level reconstruction unavailable
primary__chest__all_available__l10_midpoint__MEQ,primary__chest__all_available,chest,Chest,l10_midpoint,MEQ,154,902,902,8,20891.75,Join and sample identity,acceptable,Prespecified quantitative or identity rule,154 participants; 902 participant-days; 902 observations; 8 sites; frame hash a53255e778373e68d08ff71302616cadee864974760dd069ccfe88d52361e099
primary__chest__all_available__l10_midpoint__MEQ,primary__chest__all_available,chest,Chest,l10_midpoint,MEQ,154,902,902,8,20891.75,Site and instrument support,acceptable,Prespecified quantitative or identity rule,minimum site participants 10; minimum within-site predictor range 2.300
primary__chest__all_available__l10_midpoint__MEQ,primary__chest__all_available,chest,Chest,l10_midpoint,MEQ,154,902,902,8,20891.75,Clock representation,acceptable,Prespecified quantitative or identity rule,strict >16:00 versus >12:00 cut slope difference 0.037 h
primary__chest__all_available__l10_midpoint__MEQ,primary__chest__all_available,chest,Chest,l10_midpoint,MEQ,154,902,902,8,20891.75,Chronotype linearity,acceptable,Prespecified quantitative or identity rule,spline AIC improvement 1.086; maximum anchored departure 0.627 h
primary__chest__all_available__l10_midpoint__MEQ,primary__chest__all_available,chest,Chest,l10_midpoint,MEQ,154,902,902,8,20891.75,Response and residual distribution,acceptable,Final author visual adjudication H09-002; quantitative screen retained as not acceptable,Q-Q r 0.959; skewness -0.248; excess kurtosis 7.639; maximum |standardized residual| 6.896; quantitative screen not acceptable; author visual adjudication H09-002 using Figure 3: acceptable
primary__chest__all_available__l10_midpoint__MEQ,primary__chest__all_available,chest,Chest,l10_midpoint,MEQ,154,902,902,8,20891.75,Residual heteroscedasticity,acceptable,Final author visual adjudication H09-002; quantitative screen retained as acceptable,"|Spearman(abs residual, fitted)| 0.064; site residual-SD ratio 1.993; quantitative screen acceptable; author visual adjudication H09-002 using Figure 3: acceptable"
primary__chest__all_available__l10_midpoint__MEQ,primary__chest__all_available,chest,Chest,l10_midpoint,MEQ,154,902,902,8,20891.75,Convergence and Hessian,acceptable,Prespecified quantitative or identity rule,5/5 declared fits converged; 5/5 had a positive-definite Hessian; maximum optimizer gradient 0.000016
primary__chest__all_available__l10_midpoint__MEQ,primary__chest__all_available,chest,Chest,l10_midpoint,MEQ,154,902,902,8,20891.75,Singularity and variance,acceptable,Prespecified quantitative or identity rule,isSingular(tolerance = 1e-4) false for 5/5 declared fits
primary__chest__all_available__l10_midpoint__MEQ,primary__chest__all_available,chest,Chest,l10_midpoint,MEQ,154,902,902,8,20891.75,Fixed-effect rank,acceptable,Prespecified quantitative or identity rule,fixed-effect model matrices are full rank for 5/5 declared fits
primary__chest__all_available__l10_midpoint__MEQ,primary__chest__all_available,chest,Chest,l10_midpoint,MEQ,154,902,902,8,20891.75,Temporal dependence,acceptable,Prespecified quantitative or identity rule,one-day residual correlation -0.076; corCAR1 phi 0.075; slope change 0.000 h
primary__chest__all_available__l10_midpoint__MEQ,primary__chest__all_available,chest,Chest,l10_midpoint,MEQ,154,902,902,8,20891.75,Participant influence,acceptable,Prespecified quantitative or identity rule,10 DFBETA flags; 0 sign reversals; 0 material participant-deletion changes; maximum |DFBETA| 0.332
primary__chest__all_available__l10_midpoint__MEQ,primary__chest__all_available,chest,Chest,l10_midpoint,MEQ,154,902,902,8,20891.75,Site influence,acceptable,Prespecified quantitative or identity rule,0 leave-site-out sign reversals; 0 material changes; maximum slope change 0.041 h
primary__chest__all_available__l10_midpoint__MEQ,primary__chest__all_available,chest,Chest,l10_midpoint,MEQ,154,902,902,8,20891.75,Placement and common sample,acceptable,Prespecified quantitative or identity rule,"Near-eye and chest fits use separately fitted, exactly matched paired/common frames"
primary__chest__all_available__l10_midpoint__MEQ,primary__chest__all_available,chest,Chest,l10_midpoint,MEQ,154,902,902,8,20891.75,Prepared-data sensitivity,acceptable,Prespecified quantitative or identity rule,All-available and exact primary/gap common-sample results are estimable
primary__chest__all_available__l10_midpoint__MEQ,primary__chest__all_available,chest,Chest,l10_midpoint,MEQ,154,902,902,8,20891.75,Multiplicity,acceptable,Prespecified quantitative or identity rule,Main and interaction tests reproduce complete five-member BH families
primary__chest__all_available__last_timing_above_250__MCTQ,primary__chest__all_available,chest,Chest,last_timing_above_250,MCTQ,153,783,783,8,18263.85,Questionnaire scoring,acceptable,Prespecified quantitative or identity rule,Pinned msf_sc/meq aggregates accepted under H09-G4; item-level reconstruction unavailable
primary__chest__all_available__last_timing_above_250__MCTQ,primary__chest__all_available,chest,Chest,last_timing_above_250,MCTQ,153,783,783,8,18263.85,Join and sample identity,acceptable,Prespecified quantitative or identity rule,153 participants; 783 participant-days; 783 observations; 8 sites; frame hash 6d692f12236dbb899e5d86d1c00fd6209cc200edf0ed7c4a7f7f0ba1e4e570a2
primary__chest__all_available__last_timing_above_250__MCTQ,primary__chest__all_available,chest,Chest,last_timing_above_250,MCTQ,153,783,783,8,18263.85,Site and instrument support,acceptable,Prespecified quantitative or identity rule,minimum site participants 10; minimum within-site predictor range 2.060
primary__chest__all_available__last_timing_above_250__MCTQ,primary__chest__all_available,chest,Chest,last_timing_above_250,MCTQ,153,783,783,8,18263.85,Clock representation,acceptable,Prespecified quantitative or identity rule,Fixed outcome-specific linear clock support retained
primary__chest__all_available__last_timing_above_250__MCTQ,primary__chest__all_available,chest,Chest,last_timing_above_250,MCTQ,153,783,783,8,18263.85,Chronotype linearity,acceptable,Prespecified quantitative or identity rule,spline AIC improvement -3.766; maximum anchored departure 0.080 h
primary__chest__all_available__last_timing_above_250__MCTQ,primary__chest__all_available,chest,Chest,last_timing_above_250,MCTQ,153,783,783,8,18263.85,Response and residual distribution,acceptable,Final author visual adjudication H09-002; quantitative screen retained as acceptable,Q-Q r 0.981; skewness -0.703; excess kurtosis 2.366; maximum |standardized residual| 4.658; quantitative screen acceptable; author visual adjudication H09-002 using Figure 3: acceptable
primary__chest__all_available__last_timing_above_250__MCTQ,primary__chest__all_available,chest,Chest,last_timing_above_250,MCTQ,153,783,783,8,18263.85,Residual heteroscedasticity,acceptable,Final author visual adjudication H09-002; quantitative screen retained as acceptable,"|Spearman(abs residual, fitted)| 0.062; site residual-SD ratio 1.497; quantitative screen acceptable; author visual adjudication H09-002 using Figure 3: acceptable"
primary__chest__all_available__last_timing_above_250__MCTQ,primary__chest__all_available,chest,Chest,last_timing_above_250,MCTQ,153,783,783,8,18263.85,Convergence and Hessian,acceptable,Prespecified quantitative or identity rule,5/5 declared fits converged; 5/5 had a positive-definite Hessian; maximum optimizer gradient 0.000009
primary__chest__all_available__last_timing_above_250__MCTQ,primary__chest__all_available,chest,Chest,last_timing_above_250,MCTQ,153,783,783,8,18263.85,Singularity and variance,acceptable,Prespecified quantitative or identity rule,isSingular(tolerance = 1e-4) false for 5/5 declared fits
primary__chest__all_available__last_timing_above_250__MCTQ,primary__chest__all_available,chest,Chest,last_timing_above_250,MCTQ,153,783,783,8,18263.85,Fixed-effect rank,acceptable,Prespecified quantitative or identity rule,fixed-effect model matrices are full rank for 5/5 declared fits
primary__chest__all_available__last_timing_above_250__MCTQ,primary__chest__all_available,chest,Chest,last_timing_above_250,MCTQ,153,783,783,8,18263.85,Temporal dependence,acceptable,Prespecified quantitative or identity rule,one-day residual correlation -0.044; corCAR1 phi 0.150; slope change -0.002 h
primary__chest__all_available__last_timing_above_250__MCTQ,primary__chest__all_available,chest,Chest,last_timing_above_250,MCTQ,153,783,783,8,18263.85,Participant influence,acceptable,Prespecified quantitative or identity rule,3 DFBETA flags; 0 sign reversals; 0 material participant-deletion changes; maximum |DFBETA| 0.213
primary__chest__all_available__last_timing_above_250__MCTQ,primary__chest__all_available,chest,Chest,last_timing_above_250,MCTQ,153,783,783,8,18263.85,Site influence,acceptable,Prespecified quantitative or identity rule,0 leave-site-out sign reversals; 0 material changes; maximum slope change 0.035 h
primary__chest__all_available__last_timing_above_250__MCTQ,primary__chest__all_available,chest,Chest,last_timing_above_250,MCTQ,153,783,783,8,18263.85,Placement and common sample,acceptable,Prespecified quantitative or identity rule,"Near-eye and chest fits use separately fitted, exactly matched paired/common frames"
primary__chest__all_available__last_timing_above_250__MCTQ,primary__chest__all_available,chest,Chest,last_timing_above_250,MCTQ,153,783,783,8,18263.85,Prepared-data sensitivity,acceptable,Prespecified quantitative or identity rule,All-available and exact primary/gap common-sample results are estimable
primary__chest__all_available__last_timing_above_250__MCTQ,primary__chest__all_available,chest,Chest,last_timing_above_250,MCTQ,153,783,783,8,18263.85,Multiplicity,acceptable,Prespecified quantitative or identity rule,Main and interaction tests reproduce complete five-member BH families
primary__chest__all_available__last_timing_above_250__MEQ,primary__chest__all_available,chest,Chest,last_timing_above_250,MEQ,154,787,787,8,18358.116666666665,Questionnaire scoring,acceptable,Prespecified quantitative or identity rule,Pinned msf_sc/meq aggregates accepted under H09-G4; item-level reconstruction unavailable
primary__chest__all_available__last_timing_above_250__MEQ,primary__chest__all_available,chest,Chest,last_timing_above_250,MEQ,154,787,787,8,18358.116666666665,Join and sample identity,acceptable,Prespecified quantitative or identity rule,154 participants; 787 participant-days; 787 observations; 8 sites; frame hash af544e57c0ec2cbfc3370f8bc8a2758575541a6768d247f0b79fe458e2d60b52
primary__chest__all_available__last_timing_above_250__MEQ,primary__chest__all_available,chest,Chest,last_timing_above_250,MEQ,154,787,787,8,18358.116666666665,Site and instrument support,acceptable,Prespecified quantitative or identity rule,minimum site participants 10; minimum within-site predictor range 2.300
primary__chest__all_available__last_timing_above_250__MEQ,primary__chest__all_available,chest,Chest,last_timing_above_250,MEQ,154,787,787,8,18358.116666666665,Clock representation,acceptable,Prespecified quantitative or identity rule,Fixed outcome-specific linear clock support retained
primary__chest__all_available__last_timing_above_250__MEQ,primary__chest__all_available,chest,Chest,last_timing_above_250,MEQ,154,787,787,8,18358.116666666665,Chronotype linearity,acceptable,Prespecified quantitative or identity rule,spline AIC improvement -2.942; maximum anchored departure 0.318 h
primary__chest__all_available__last_timing_above_250__MEQ,primary__chest__all_available,chest,Chest,last_timing_above_250,MEQ,154,787,787,8,18358.116666666665,Response and residual distribution,acceptable,Final author visual adjudication H09-002; quantitative screen retained as acceptable,Q-Q r 0.981; skewness -0.692; excess kurtosis 2.365; maximum |standardized residual| 4.681; quantitative screen acceptable; author visual adjudication H09-002 using Figure 3: acceptable
primary__chest__all_available__last_timing_above_250__MEQ,primary__chest__all_available,chest,Chest,last_timing_above_250,MEQ,154,787,787,8,18358.116666666665,Residual heteroscedasticity,acceptable,Final author visual adjudication H09-002; quantitative screen retained as acceptable,"|Spearman(abs residual, fitted)| 0.062; site residual-SD ratio 1.498; quantitative screen acceptable; author visual adjudication H09-002 using Figure 3: acceptable"
primary__chest__all_available__last_timing_above_250__MEQ,primary__chest__all_available,chest,Chest,last_timing_above_250,MEQ,154,787,787,8,18358.116666666665,Convergence and Hessian,acceptable,Prespecified quantitative or identity rule,5/5 declared fits converged; 5/5 had a positive-definite Hessian; maximum optimizer gradient 0.000016
primary__chest__all_available__last_timing_above_250__MEQ,primary__chest__all_available,chest,Chest,last_timing_above_250,MEQ,154,787,787,8,18358.116666666665,Singularity and variance,acceptable,Prespecified quantitative or identity rule,isSingular(tolerance = 1e-4) false for 5/5 declared fits
primary__chest__all_available__last_timing_above_250__MEQ,primary__chest__all_available,chest,Chest,last_timing_above_250,MEQ,154,787,787,8,18358.116666666665,Fixed-effect rank,acceptable,Prespecified quantitative or identity rule,fixed-effect model matrices are full rank for 5/5 declared fits
primary__chest__all_available__last_timing_above_250__MEQ,primary__chest__all_available,chest,Chest,last_timing_above_250,MEQ,154,787,787,8,18358.116666666665,Temporal dependence,acceptable,Prespecified quantitative or identity rule,one-day residual correlation -0.051; corCAR1 phi 0.145; slope change 0.000 h
primary__chest__all_available__last_timing_above_250__MEQ,primary__chest__all_available,chest,Chest,last_timing_above_250,MEQ,154,787,787,8,18358.116666666665,Participant influence,acceptable,Prespecified quantitative or identity rule,9 DFBETA flags; 0 sign reversals; 0 material participant-deletion changes; maximum |DFBETA| 0.361
primary__chest__all_available__last_timing_above_250__MEQ,primary__chest__all_available,chest,Chest,last_timing_above_250,MEQ,154,787,787,8,18358.116666666665,Site influence,acceptable,Prespecified quantitative or identity rule,0 leave-site-out sign reversals; 0 material changes; maximum slope change 0.036 h
primary__chest__all_available__last_timing_above_250__MEQ,primary__chest__all_available,chest,Chest,last_timing_above_250,MEQ,154,787,787,8,18358.116666666665,Placement and common sample,acceptable,Prespecified quantitative or identity rule,"Near-eye and chest fits use separately fitted, exactly matched paired/common frames"
primary__chest__all_available__last_timing_above_250__MEQ,primary__chest__all_available,chest,Chest,last_timing_above_250,MEQ,154,787,787,8,18358.116666666665,Prepared-data sensitivity,acceptable,Prespecified quantitative or identity rule,All-available and exact primary/gap common-sample results are estimable
primary__chest__all_available__last_timing_above_250__MEQ,primary__chest__all_available,chest,Chest,last_timing_above_250,MEQ,154,787,787,8,18358.116666666665,Multiplicity,acceptable,Prespecified quantitative or identity rule,Main and interaction tests reproduce complete five-member BH families
primary__chest__all_available__longest_period_midpoint__MCTQ,primary__chest__all_available,chest,Chest,longest_period_midpoint,MCTQ,149,547,547,8,12980.05,Questionnaire scoring,acceptable,Prespecified quantitative or identity rule,Pinned msf_sc/meq aggregates accepted under H09-G4; item-level reconstruction unavailable
primary__chest__all_available__longest_period_midpoint__MCTQ,primary__chest__all_available,chest,Chest,longest_period_midpoint,MCTQ,149,547,547,8,12980.05,Join and sample identity,acceptable,Prespecified quantitative or identity rule,149 participants; 547 participant-days; 547 observations; 8 sites; frame hash a7cc6709b751267c2ee88145f2c47547e5aa1c035f65e819d307a30380048d27
primary__chest__all_available__longest_period_midpoint__MCTQ,primary__chest__all_available,chest,Chest,longest_period_midpoint,MCTQ,149,547,547,8,12980.05,Site and instrument support,acceptable,Prespecified quantitative or identity rule,minimum site participants 9; minimum within-site predictor range 2.060
primary__chest__all_available__longest_period_midpoint__MCTQ,primary__chest__all_available,chest,Chest,longest_period_midpoint,MCTQ,149,547,547,8,12980.05,Clock representation,acceptable,Prespecified quantitative or identity rule,Fixed outcome-specific linear clock support retained
primary__chest__all_available__longest_period_midpoint__MCTQ,primary__chest__all_available,chest,Chest,longest_period_midpoint,MCTQ,149,547,547,8,12980.05,Chronotype linearity,acceptable,Prespecified quantitative or identity rule,spline AIC improvement -3.809; maximum anchored departure 0.153 h
primary__chest__all_available__longest_period_midpoint__MCTQ,primary__chest__all_available,chest,Chest,longest_period_midpoint,MCTQ,149,547,547,8,12980.05,Response and residual distribution,acceptable,Final author visual adjudication H09-002; quantitative screen retained as acceptable,Q-Q r 0.997; skewness -0.109; excess kurtosis -0.334; maximum |standardized residual| 3.752; quantitative screen acceptable; author visual adjudication H09-002 using Figure 3: acceptable
primary__chest__all_available__longest_period_midpoint__MCTQ,primary__chest__all_available,chest,Chest,longest_period_midpoint,MCTQ,149,547,547,8,12980.05,Residual heteroscedasticity,acceptable,Final author visual adjudication H09-002; quantitative screen retained as acceptable,"|Spearman(abs residual, fitted)| 0.046; site residual-SD ratio 1.405; quantitative screen acceptable; author visual adjudication H09-002 using Figure 3: acceptable"
primary__chest__all_available__longest_period_midpoint__MCTQ,primary__chest__all_available,chest,Chest,longest_period_midpoint,MCTQ,149,547,547,8,12980.05,Convergence and Hessian,acceptable,Prespecified quantitative or identity rule,5/5 declared fits converged; 5/5 had a positive-definite Hessian; maximum optimizer gradient 0.000003
primary__chest__all_available__longest_period_midpoint__MCTQ,primary__chest__all_available,chest,Chest,longest_period_midpoint,MCTQ,149,547,547,8,12980.05,Singularity and variance,acceptable,Prespecified quantitative or identity rule,isSingular(tolerance = 1e-4) false for 5/5 declared fits
primary__chest__all_available__longest_period_midpoint__MCTQ,primary__chest__all_available,chest,Chest,longest_period_midpoint,MCTQ,149,547,547,8,12980.05,Fixed-effect rank,acceptable,Prespecified quantitative or identity rule,fixed-effect model matrices are full rank for 5/5 declared fits
primary__chest__all_available__longest_period_midpoint__MCTQ,primary__chest__all_available,chest,Chest,longest_period_midpoint,MCTQ,149,547,547,8,12980.05,Temporal dependence,acceptable,Prespecified quantitative or identity rule,one-day residual correlation -0.126; corCAR1 phi 0.000; slope change 0.007 h
primary__chest__all_available__longest_period_midpoint__MCTQ,primary__chest__all_available,chest,Chest,longest_period_midpoint,MCTQ,149,547,547,8,12980.05,Participant influence,acceptable,Prespecified quantitative or identity rule,9 DFBETA flags; 0 sign reversals; 0 material participant-deletion changes; maximum |DFBETA| 0.507
primary__chest__all_available__longest_period_midpoint__MCTQ,primary__chest__all_available,chest,Chest,longest_period_midpoint,MCTQ,149,547,547,8,12980.05,Site influence,acceptable,Prespecified quantitative or identity rule,0 leave-site-out sign reversals; 0 material changes; maximum slope change 0.063 h
primary__chest__all_available__longest_period_midpoint__MCTQ,primary__chest__all_available,chest,Chest,longest_period_midpoint,MCTQ,149,547,547,8,12980.05,Placement and common sample,acceptable,Prespecified quantitative or identity rule,"Near-eye and chest fits use separately fitted, exactly matched paired/common frames"
primary__chest__all_available__longest_period_midpoint__MCTQ,primary__chest__all_available,chest,Chest,longest_period_midpoint,MCTQ,149,547,547,8,12980.05,Prepared-data sensitivity,not acceptable,Prespecified quantitative or identity rule,Registered fifth outcome is unavailable in the gap-timing-unaware artifact; the limitation is explicit
primary__chest__all_available__longest_period_midpoint__MCTQ,primary__chest__all_available,chest,Chest,longest_period_midpoint,MCTQ,149,547,547,8,12980.05,Multiplicity,acceptable,Prespecified quantitative or identity rule,Main and interaction tests reproduce complete five-member BH families
primary__chest__all_available__longest_period_midpoint__MEQ,primary__chest__all_available,chest,Chest,longest_period_midpoint,MEQ,150,549,549,8,13027.8,Questionnaire scoring,acceptable,Prespecified quantitative or identity rule,Pinned msf_sc/meq aggregates accepted under H09-G4; item-level reconstruction unavailable
primary__chest__all_available__longest_period_midpoint__MEQ,primary__chest__all_available,chest,Chest,longest_period_midpoint,MEQ,150,549,549,8,13027.8,Join and sample identity,acceptable,Prespecified quantitative or identity rule,150 participants; 549 participant-days; 549 observations; 8 sites; frame hash 1907b1e46384901f463be25c32a2f6c825a358de50139ec89478fffe2933eb1f
primary__chest__all_available__longest_period_midpoint__MEQ,primary__chest__all_available,chest,Chest,longest_period_midpoint,MEQ,150,549,549,8,13027.8,Site and instrument support,acceptable,Prespecified quantitative or identity rule,minimum site participants 9; minimum within-site predictor range 2.300
primary__chest__all_available__longest_period_midpoint__MEQ,primary__chest__all_available,chest,Chest,longest_period_midpoint,MEQ,150,549,549,8,13027.8,Clock representation,acceptable,Prespecified quantitative or identity rule,Fixed outcome-specific linear clock support retained
primary__chest__all_available__longest_period_midpoint__MEQ,primary__chest__all_available,chest,Chest,longest_period_midpoint,MEQ,150,549,549,8,13027.8,Chronotype linearity,acceptable,Prespecified quantitative or identity rule,spline AIC improvement -2.773; maximum anchored departure 0.427 h
primary__chest__all_available__longest_period_midpoint__MEQ,primary__chest__all_available,chest,Chest,longest_period_midpoint,MEQ,150,549,549,8,13027.8,Response and residual distribution,acceptable,Final author visual adjudication H09-002; quantitative screen retained as acceptable,Q-Q r 0.996; skewness -0.111; excess kurtosis -0.331; maximum |standardized residual| 3.763; quantitative screen acceptable; author visual adjudication H09-002 using Figure 3: acceptable
primary__chest__all_available__longest_period_midpoint__MEQ,primary__chest__all_available,chest,Chest,longest_period_midpoint,MEQ,150,549,549,8,13027.8,Residual heteroscedasticity,acceptable,Final author visual adjudication H09-002; quantitative screen retained as acceptable,"|Spearman(abs residual, fitted)| 0.046; site residual-SD ratio 1.413; quantitative screen acceptable; author visual adjudication H09-002 using Figure 3: acceptable"
primary__chest__all_available__longest_period_midpoint__MEQ,primary__chest__all_available,chest,Chest,longest_period_midpoint,MEQ,150,549,549,8,13027.8,Convergence and Hessian,not acceptable,Prespecified quantitative or identity rule,4/5 declared fits converged; 5/5 had a positive-definite Hessian; maximum optimizer gradient 0.000012
primary__chest__all_available__longest_period_midpoint__MEQ,primary__chest__all_available,chest,Chest,longest_period_midpoint,MEQ,150,549,549,8,13027.8,Singularity and variance,not acceptable,Prespecified quantitative or identity rule,isSingular(tolerance = 1e-4) false for 4/5 declared fits
primary__chest__all_available__longest_period_midpoint__MEQ,primary__chest__all_available,chest,Chest,longest_period_midpoint,MEQ,150,549,549,8,13027.8,Fixed-effect rank,acceptable,Prespecified quantitative or identity rule,fixed-effect model matrices are full rank for 5/5 declared fits
primary__chest__all_available__longest_period_midpoint__MEQ,primary__chest__all_available,chest,Chest,longest_period_midpoint,MEQ,150,549,549,8,13027.8,Temporal dependence,acceptable,Prespecified quantitative or identity rule,one-day residual correlation -0.125; corCAR1 phi 0.000; slope change -0.004 h
primary__chest__all_available__longest_period_midpoint__MEQ,primary__chest__all_available,chest,Chest,longest_period_midpoint,MEQ,150,549,549,8,13027.8,Participant influence,acceptable,Prespecified quantitative or identity rule,11 DFBETA flags; 0 sign reversals; 0 material participant-deletion changes; maximum |DFBETA| 0.334
primary__chest__all_available__longest_period_midpoint__MEQ,primary__chest__all_available,chest,Chest,longest_period_midpoint,MEQ,150,549,549,8,13027.8,Site influence,acceptable,Prespecified quantitative or identity rule,0 leave-site-out sign reversals; 0 material changes; maximum slope change 0.106 h
primary__chest__all_available__longest_period_midpoint__MEQ,primary__chest__all_available,chest,Chest,longest_period_midpoint,MEQ,150,549,549,8,13027.8,Placement and common sample,acceptable,Prespecified quantitative or identity rule,"Near-eye and chest fits use separately fitted, exactly matched paired/common frames"
primary__chest__all_available__longest_period_midpoint__MEQ,primary__chest__all_available,chest,Chest,longest_period_midpoint,MEQ,150,549,549,8,13027.8,Prepared-data sensitivity,not acceptable,Prespecified quantitative or identity rule,Registered fifth outcome is unavailable in the gap-timing-unaware artifact; the limitation is explicit
primary__chest__all_available__longest_period_midpoint__MEQ,primary__chest__all_available,chest,Chest,longest_period_midpoint,MEQ,150,549,549,8,13027.8,Multiplicity,acceptable,Prespecified quantitative or identity rule,Main and interaction tests reproduce complete five-member BH families
primary__chest__all_available__m10_midpoint__MCTQ,primary__chest__all_available,chest,Chest,m10_midpoint,MCTQ,153,896,896,8,20752.433333333334,Questionnaire scoring,acceptable,Prespecified quantitative or identity rule,Pinned msf_sc/meq aggregates accepted under H09-G4; item-level reconstruction unavailable
primary__chest__all_available__m10_midpoint__MCTQ,primary__chest__all_available,chest,Chest,m10_midpoint,MCTQ,153,896,896,8,20752.433333333334,Join and sample identity,acceptable,Prespecified quantitative or identity rule,153 participants; 896 participant-days; 896 observations; 8 sites; frame hash 7c71e2e3a958ce98e767038ec07d8cd2044de75ee11c46fbf063e8a112b33e2a
primary__chest__all_available__m10_midpoint__MCTQ,primary__chest__all_available,chest,Chest,m10_midpoint,MCTQ,153,896,896,8,20752.433333333334,Site and instrument support,acceptable,Prespecified quantitative or identity rule,minimum site participants 10; minimum within-site predictor range 2.060
primary__chest__all_available__m10_midpoint__MCTQ,primary__chest__all_available,chest,Chest,m10_midpoint,MCTQ,153,896,896,8,20752.433333333334,Clock representation,acceptable,Prespecified quantitative or identity rule,Fixed outcome-specific linear clock support retained
primary__chest__all_available__m10_midpoint__MCTQ,primary__chest__all_available,chest,Chest,m10_midpoint,MCTQ,153,896,896,8,20752.433333333334,Chronotype linearity,acceptable,Prespecified quantitative or identity rule,spline AIC improvement -1.330; maximum anchored departure 0.176 h
primary__chest__all_available__m10_midpoint__MCTQ,primary__chest__all_available,chest,Chest,m10_midpoint,MCTQ,153,896,896,8,20752.433333333334,Response and residual distribution,acceptable,Final author visual adjudication H09-002; quantitative screen retained as acceptable,Q-Q r 0.980; skewness 0.346; excess kurtosis 1.471; maximum |standardized residual| 4.315; quantitative screen acceptable; author visual adjudication H09-002 using Figure 3: acceptable
primary__chest__all_available__m10_midpoint__MCTQ,primary__chest__all_available,chest,Chest,m10_midpoint,MCTQ,153,896,896,8,20752.433333333334,Residual heteroscedasticity,acceptable,Final author visual adjudication H09-002; quantitative screen retained as acceptable,"|Spearman(abs residual, fitted)| 0.121; site residual-SD ratio 1.542; quantitative screen acceptable; author visual adjudication H09-002 using Figure 3: acceptable"
primary__chest__all_available__m10_midpoint__MCTQ,primary__chest__all_available,chest,Chest,m10_midpoint,MCTQ,153,896,896,8,20752.433333333334,Convergence and Hessian,acceptable,Prespecified quantitative or identity rule,5/5 declared fits converged; 5/5 had a positive-definite Hessian; maximum optimizer gradient 0.000009
primary__chest__all_available__m10_midpoint__MCTQ,primary__chest__all_available,chest,Chest,m10_midpoint,MCTQ,153,896,896,8,20752.433333333334,Singularity and variance,acceptable,Prespecified quantitative or identity rule,isSingular(tolerance = 1e-4) false for 5/5 declared fits
primary__chest__all_available__m10_midpoint__MCTQ,primary__chest__all_available,chest,Chest,m10_midpoint,MCTQ,153,896,896,8,20752.433333333334,Fixed-effect rank,acceptable,Prespecified quantitative or identity rule,fixed-effect model matrices are full rank for 5/5 declared fits
primary__chest__all_available__m10_midpoint__MCTQ,primary__chest__all_available,chest,Chest,m10_midpoint,MCTQ,153,896,896,8,20752.433333333334,Temporal dependence,acceptable,Prespecified quantitative or identity rule,one-day residual correlation -0.068; corCAR1 phi 0.041; slope change -0.000 h
primary__chest__all_available__m10_midpoint__MCTQ,primary__chest__all_available,chest,Chest,m10_midpoint,MCTQ,153,896,896,8,20752.433333333334,Participant influence,acceptable,Prespecified quantitative or identity rule,12 DFBETA flags; 0 sign reversals; 0 material participant-deletion changes; maximum |DFBETA| 0.609
primary__chest__all_available__m10_midpoint__MCTQ,primary__chest__all_available,chest,Chest,m10_midpoint,MCTQ,153,896,896,8,20752.433333333334,Site influence,acceptable,Prespecified quantitative or identity rule,0 leave-site-out sign reversals; 0 material changes; maximum slope change 0.067 h
primary__chest__all_available__m10_midpoint__MCTQ,primary__chest__all_available,chest,Chest,m10_midpoint,MCTQ,153,896,896,8,20752.433333333334,Placement and common sample,acceptable,Prespecified quantitative or identity rule,"Near-eye and chest fits use separately fitted, exactly matched paired/common frames"
primary__chest__all_available__m10_midpoint__MCTQ,primary__chest__all_available,chest,Chest,m10_midpoint,MCTQ,153,896,896,8,20752.433333333334,Prepared-data sensitivity,acceptable,Prespecified quantitative or identity rule,All-available and exact primary/gap common-sample results are estimable
primary__chest__all_available__m10_midpoint__MCTQ,primary__chest__all_available,chest,Chest,m10_midpoint,MCTQ,153,896,896,8,20752.433333333334,Multiplicity,acceptable,Prespecified quantitative or identity rule,Main and interaction tests reproduce complete five-member BH families
primary__chest__all_available__m10_midpoint__MEQ,primary__chest__all_available,chest,Chest,m10_midpoint,MEQ,154,902,902,8,20891.75,Questionnaire scoring,acceptable,Prespecified quantitative or identity rule,Pinned msf_sc/meq aggregates accepted under H09-G4; item-level reconstruction unavailable
primary__chest__all_available__m10_midpoint__MEQ,primary__chest__all_available,chest,Chest,m10_midpoint,MEQ,154,902,902,8,20891.75,Join and sample identity,acceptable,Prespecified quantitative or identity rule,154 participants; 902 participant-days; 902 observations; 8 sites; frame hash a53255e778373e68d08ff71302616cadee864974760dd069ccfe88d52361e099
primary__chest__all_available__m10_midpoint__MEQ,primary__chest__all_available,chest,Chest,m10_midpoint,MEQ,154,902,902,8,20891.75,Site and instrument support,acceptable,Prespecified quantitative or identity rule,minimum site participants 10; minimum within-site predictor range 2.300
primary__chest__all_available__m10_midpoint__MEQ,primary__chest__all_available,chest,Chest,m10_midpoint,MEQ,154,902,902,8,20891.75,Clock representation,acceptable,Prespecified quantitative or identity rule,Fixed outcome-specific linear clock support retained
primary__chest__all_available__m10_midpoint__MEQ,primary__chest__all_available,chest,Chest,m10_midpoint,MEQ,154,902,902,8,20891.75,Chronotype linearity,acceptable,Prespecified quantitative or identity rule,spline AIC improvement -2.597; maximum anchored departure 0.333 h
primary__chest__all_available__m10_midpoint__MEQ,primary__chest__all_available,chest,Chest,m10_midpoint,MEQ,154,902,902,8,20891.75,Response and residual distribution,acceptable,Final author visual adjudication H09-002; quantitative screen retained as acceptable,Q-Q r 0.981; skewness 0.333; excess kurtosis 1.479; maximum |standardized residual| 4.370; quantitative screen acceptable; author visual adjudication H09-002 using Figure 3: acceptable
primary__chest__all_available__m10_midpoint__MEQ,primary__chest__all_available,chest,Chest,m10_midpoint,MEQ,154,902,902,8,20891.75,Residual heteroscedasticity,acceptable,Final author visual adjudication H09-002; quantitative screen retained as acceptable,"|Spearman(abs residual, fitted)| 0.128; site residual-SD ratio 1.529; quantitative screen acceptable; author visual adjudication H09-002 using Figure 3: acceptable"
primary__chest__all_available__m10_midpoint__MEQ,primary__chest__all_available,chest,Chest,m10_midpoint,MEQ,154,902,902,8,20891.75,Convergence and Hessian,acceptable,Prespecified quantitative or identity rule,5/5 declared fits converged; 5/5 had a positive-definite Hessian; maximum optimizer gradient 0.000001
primary__chest__all_available__m10_midpoint__MEQ,primary__chest__all_available,chest,Chest,m10_midpoint,MEQ,154,902,902,8,20891.75,Singularity and variance,acceptable,Prespecified quantitative or identity rule,isSingular(tolerance = 1e-4) false for 5/5 declared fits
primary__chest__all_available__m10_midpoint__MEQ,primary__chest__all_available,chest,Chest,m10_midpoint,MEQ,154,902,902,8,20891.75,Fixed-effect rank,acceptable,Prespecified quantitative or identity rule,fixed-effect model matrices are full rank for 5/5 declared fits
primary__chest__all_available__m10_midpoint__MEQ,primary__chest__all_available,chest,Chest,m10_midpoint,MEQ,154,902,902,8,20891.75,Temporal dependence,acceptable,Prespecified quantitative or identity rule,one-day residual correlation -0.060; corCAR1 phi 0.049; slope change -0.000 h
primary__chest__all_available__m10_midpoint__MEQ,primary__chest__all_available,chest,Chest,m10_midpoint,MEQ,154,902,902,8,20891.75,Participant influence,acceptable,Prespecified quantitative or identity rule,9 DFBETA flags; 0 sign reversals; 0 material participant-deletion changes; maximum |DFBETA| 0.432
primary__chest__all_available__m10_midpoint__MEQ,primary__chest__all_available,chest,Chest,m10_midpoint,MEQ,154,902,902,8,20891.75,Site influence,acceptable,Prespecified quantitative or identity rule,0 leave-site-out sign reversals; 0 material changes; maximum slope change 0.077 h
primary__chest__all_available__m10_midpoint__MEQ,primary__chest__all_available,chest,Chest,m10_midpoint,MEQ,154,902,902,8,20891.75,Placement and common sample,acceptable,Prespecified quantitative or identity rule,"Near-eye and chest fits use separately fitted, exactly matched paired/common frames"
primary__chest__all_available__m10_midpoint__MEQ,primary__chest__all_available,chest,Chest,m10_midpoint,MEQ,154,902,902,8,20891.75,Prepared-data sensitivity,acceptable,Prespecified quantitative or identity rule,All-available and exact primary/gap common-sample results are estimable
primary__chest__all_available__m10_midpoint__MEQ,primary__chest__all_available,chest,Chest,m10_midpoint,MEQ,154,902,902,8,20891.75,Multiplicity,acceptable,Prespecified quantitative or identity rule,Main and interaction tests reproduce complete five-member BH families
primary__chest__all_available__mean_timing_above_250__MCTQ,primary__chest__all_available,chest,Chest,mean_timing_above_250,MCTQ,153,825,825,8,19196.816666666666,Questionnaire scoring,acceptable,Prespecified quantitative or identity rule,Pinned msf_sc/meq aggregates accepted under H09-G4; item-level reconstruction unavailable
primary__chest__all_available__mean_timing_above_250__MCTQ,primary__chest__all_available,chest,Chest,mean_timing_above_250,MCTQ,153,825,825,8,19196.816666666666,Join and sample identity,acceptable,Prespecified quantitative or identity rule,153 participants; 825 participant-days; 825 observations; 8 sites; frame hash 00077b75ea786147cf82f8c5d8d5bb8903460ae2561fbdf56ed89c566abb8a4c
primary__chest__all_available__mean_timing_above_250__MCTQ,primary__chest__all_available,chest,Chest,mean_timing_above_250,MCTQ,153,825,825,8,19196.816666666666,Site and instrument support,acceptable,Prespecified quantitative or identity rule,minimum site participants 10; minimum within-site predictor range 2.060
primary__chest__all_available__mean_timing_above_250__MCTQ,primary__chest__all_available,chest,Chest,mean_timing_above_250,MCTQ,153,825,825,8,19196.816666666666,Clock representation,acceptable,Prespecified quantitative or identity rule,Fixed outcome-specific linear clock support retained
primary__chest__all_available__mean_timing_above_250__MCTQ,primary__chest__all_available,chest,Chest,mean_timing_above_250,MCTQ,153,825,825,8,19196.816666666666,Chronotype linearity,acceptable,Prespecified quantitative or identity rule,spline AIC improvement -3.615; maximum anchored departure 0.147 h
primary__chest__all_available__mean_timing_above_250__MCTQ,primary__chest__all_available,chest,Chest,mean_timing_above_250,MCTQ,153,825,825,8,19196.816666666666,Response and residual distribution,acceptable,Final author visual adjudication H09-002; quantitative screen retained as acceptable,Q-Q r 0.990; skewness -0.029; excess kurtosis 2.230; maximum |standardized residual| 5.939; quantitative screen acceptable; author visual adjudication H09-002 using Figure 3: acceptable
primary__chest__all_available__mean_timing_above_250__MCTQ,primary__chest__all_available,chest,Chest,mean_timing_above_250,MCTQ,153,825,825,8,19196.816666666666,Residual heteroscedasticity,acceptable,Final author visual adjudication H09-002; quantitative screen retained as acceptable,"|Spearman(abs residual, fitted)| 0.005; site residual-SD ratio 1.529; quantitative screen acceptable; author visual adjudication H09-002 using Figure 3: acceptable"
primary__chest__all_available__mean_timing_above_250__MCTQ,primary__chest__all_available,chest,Chest,mean_timing_above_250,MCTQ,153,825,825,8,19196.816666666666,Convergence and Hessian,acceptable,Prespecified quantitative or identity rule,5/5 declared fits converged; 5/5 had a positive-definite Hessian; maximum optimizer gradient 0.000022
primary__chest__all_available__mean_timing_above_250__MCTQ,primary__chest__all_available,chest,Chest,mean_timing_above_250,MCTQ,153,825,825,8,19196.816666666666,Singularity and variance,acceptable,Prespecified quantitative or identity rule,isSingular(tolerance = 1e-4) false for 5/5 declared fits
primary__chest__all_available__mean_timing_above_250__MCTQ,primary__chest__all_available,chest,Chest,mean_timing_above_250,MCTQ,153,825,825,8,19196.816666666666,Fixed-effect rank,acceptable,Prespecified quantitative or identity rule,fixed-effect model matrices are full rank for 5/5 declared fits
primary__chest__all_available__mean_timing_above_250__MCTQ,primary__chest__all_available,chest,Chest,mean_timing_above_250,MCTQ,153,825,825,8,19196.816666666666,Temporal dependence,acceptable,Prespecified quantitative or identity rule,one-day residual correlation -0.097; corCAR1 phi 0.009; slope change -0.000 h
primary__chest__all_available__mean_timing_above_250__MCTQ,primary__chest__all_available,chest,Chest,mean_timing_above_250,MCTQ,153,825,825,8,19196.816666666666,Participant influence,acceptable,Prespecified quantitative or identity rule,9 DFBETA flags; 0 sign reversals; 0 material participant-deletion changes; maximum |DFBETA| 0.447
primary__chest__all_available__mean_timing_above_250__MCTQ,primary__chest__all_available,chest,Chest,mean_timing_above_250,MCTQ,153,825,825,8,19196.816666666666,Site influence,acceptable,Prespecified quantitative or identity rule,0 leave-site-out sign reversals; 0 material changes; maximum slope change 0.053 h
primary__chest__all_available__mean_timing_above_250__MCTQ,primary__chest__all_available,chest,Chest,mean_timing_above_250,MCTQ,153,825,825,8,19196.816666666666,Placement and common sample,acceptable,Prespecified quantitative or identity rule,"Near-eye and chest fits use separately fitted, exactly matched paired/common frames"
primary__chest__all_available__mean_timing_above_250__MCTQ,primary__chest__all_available,chest,Chest,mean_timing_above_250,MCTQ,153,825,825,8,19196.816666666666,Prepared-data sensitivity,acceptable,Prespecified quantitative or identity rule,All-available and exact primary/gap common-sample results are estimable
primary__chest__all_available__mean_timing_above_250__MCTQ,primary__chest__all_available,chest,Chest,mean_timing_above_250,MCTQ,153,825,825,8,19196.816666666666,Multiplicity,acceptable,Prespecified quantitative or identity rule,Adapted mean timing is outside F1-F4 by design; raw p-value only
primary__chest__all_available__mean_timing_above_250__MEQ,primary__chest__all_available,chest,Chest,mean_timing_above_250,MEQ,154,831,831,8,19336.133333333335,Questionnaire scoring,acceptable,Prespecified quantitative or identity rule,Pinned msf_sc/meq aggregates accepted under H09-G4; item-level reconstruction unavailable
primary__chest__all_available__mean_timing_above_250__MEQ,primary__chest__all_available,chest,Chest,mean_timing_above_250,MEQ,154,831,831,8,19336.133333333335,Join and sample identity,acceptable,Prespecified quantitative or identity rule,154 participants; 831 participant-days; 831 observations; 8 sites; frame hash 61a7b57f8de7dd440eb961dc8333da2f02c0e811f8cf6532e10f0d1d7175fb90
primary__chest__all_available__mean_timing_above_250__MEQ,primary__chest__all_available,chest,Chest,mean_timing_above_250,MEQ,154,831,831,8,19336.133333333335,Site and instrument support,acceptable,Prespecified quantitative or identity rule,minimum site participants 10; minimum within-site predictor range 2.300
primary__chest__all_available__mean_timing_above_250__MEQ,primary__chest__all_available,chest,Chest,mean_timing_above_250,MEQ,154,831,831,8,19336.133333333335,Clock representation,acceptable,Prespecified quantitative or identity rule,Fixed outcome-specific linear clock support retained
primary__chest__all_available__mean_timing_above_250__MEQ,primary__chest__all_available,chest,Chest,mean_timing_above_250,MEQ,154,831,831,8,19336.133333333335,Chronotype linearity,acceptable,Prespecified quantitative or identity rule,spline AIC improvement -2.501; maximum anchored departure 0.335 h
primary__chest__all_available__mean_timing_above_250__MEQ,primary__chest__all_available,chest,Chest,mean_timing_above_250,MEQ,154,831,831,8,19336.133333333335,Response and residual distribution,acceptable,Final author visual adjudication H09-002; quantitative screen retained as acceptable,Q-Q r 0.990; skewness -0.039; excess kurtosis 2.242; maximum |standardized residual| 5.972; quantitative screen acceptable; author visual adjudication H09-002 using Figure 3: acceptable
primary__chest__all_available__mean_timing_above_250__MEQ,primary__chest__all_available,chest,Chest,mean_timing_above_250,MEQ,154,831,831,8,19336.133333333335,Residual heteroscedasticity,acceptable,Final author visual adjudication H09-002; quantitative screen retained as acceptable,"|Spearman(abs residual, fitted)| 0.007; site residual-SD ratio 1.524; quantitative screen acceptable; author visual adjudication H09-002 using Figure 3: acceptable"
primary__chest__all_available__mean_timing_above_250__MEQ,primary__chest__all_available,chest,Chest,mean_timing_above_250,MEQ,154,831,831,8,19336.133333333335,Convergence and Hessian,acceptable,Prespecified quantitative or identity rule,5/5 declared fits converged; 5/5 had a positive-definite Hessian; maximum optimizer gradient 0.000035
primary__chest__all_available__mean_timing_above_250__MEQ,primary__chest__all_available,chest,Chest,mean_timing_above_250,MEQ,154,831,831,8,19336.133333333335,Singularity and variance,acceptable,Prespecified quantitative or identity rule,isSingular(tolerance = 1e-4) false for 5/5 declared fits
primary__chest__all_available__mean_timing_above_250__MEQ,primary__chest__all_available,chest,Chest,mean_timing_above_250,MEQ,154,831,831,8,19336.133333333335,Fixed-effect rank,acceptable,Prespecified quantitative or identity rule,fixed-effect model matrices are full rank for 5/5 declared fits
primary__chest__all_available__mean_timing_above_250__MEQ,primary__chest__all_available,chest,Chest,mean_timing_above_250,MEQ,154,831,831,8,19336.133333333335,Temporal dependence,acceptable,Prespecified quantitative or identity rule,one-day residual correlation -0.093; corCAR1 phi 0.013; slope change 0.000 h
primary__chest__all_available__mean_timing_above_250__MEQ,primary__chest__all_available,chest,Chest,mean_timing_above_250,MEQ,154,831,831,8,19336.133333333335,Participant influence,acceptable,Prespecified quantitative or identity rule,11 DFBETA flags; 0 sign reversals; 0 material participant-deletion changes; maximum |DFBETA| 0.273
primary__chest__all_available__mean_timing_above_250__MEQ,primary__chest__all_available,chest,Chest,mean_timing_above_250,MEQ,154,831,831,8,19336.133333333335,Site influence,acceptable,Prespecified quantitative or identity rule,0 leave-site-out sign reversals; 0 material changes; maximum slope change 0.019 h
primary__chest__all_available__mean_timing_above_250__MEQ,primary__chest__all_available,chest,Chest,mean_timing_above_250,MEQ,154,831,831,8,19336.133333333335,Placement and common sample,acceptable,Prespecified quantitative or identity rule,"Near-eye and chest fits use separately fitted, exactly matched paired/common frames"
primary__chest__all_available__mean_timing_above_250__MEQ,primary__chest__all_available,chest,Chest,mean_timing_above_250,MEQ,154,831,831,8,19336.133333333335,Prepared-data sensitivity,acceptable,Prespecified quantitative or identity rule,All-available and exact primary/gap common-sample results are estimable
primary__chest__all_available__mean_timing_above_250__MEQ,primary__chest__all_available,chest,Chest,mean_timing_above_250,MEQ,154,831,831,8,19336.133333333335,Multiplicity,acceptable,Prespecified quantitative or identity rule,Adapted mean timing is outside F1-F4 by design; raw p-value only
