run_id,reference_estimate,relative_change,diagnostic_scope,deleted_level,deleted_site,deleted_participant,summary_id,deletion_estimate
main__glasses__all_available,0.10037885207245859,0.03448471131241565,conditional deletion from fitted contributions; the GAMM was not refitted,site,BAUA,,site_curve_variation,0.103840387808049
main__glasses__all_available,0.1803993482406322,-0.0048855278769041185,conditional deletion from fitted contributions; the GAMM was not refitted,site,BAUA,,participant_curve_variation,0.17951800219582725
main__glasses__all_available,0.019462399927889392,-0.04386869107856055,conditional deletion from fitted contributions; the GAMM was not refitted,site,BAUA,,participant_day_intercept_variation,0.018608609917805413
main__glasses__all_available,0.1998617481685216,-0.008681681566328911,conditional deletion from fitted contributions; the GAMM was not refitted,site,BAUA,,participant_plus_day_variation,0.19812661211363267
main__glasses__all_available,1.7971848105058097,-0.038057826044980404,conditional deletion from fitted contributions; the GAMM was not refitted,site,BAUA,,participant_to_site_ratio,1.7287878636168985
main__glasses__all_available,1.991074255603672,-0.0417274343513311,conditional deletion from fitted contributions; the GAMM was not refitted,site,BAUA,,participant_plus_day_to_site_ratio,1.9079918353143444
main__glasses__all_available,0.10037885207245859,-0.040789327895380506,conditional deletion from fitted contributions; the GAMM was not refitted,site,FUSPCEU,,site_curve_variation,0.09628446616151318
main__glasses__all_available,0.1803993482406322,0.007278076156009371,conditional deletion from fitted contributions; the GAMM was not refitted,site,FUSPCEU,,participant_curve_variation,0.18171230843562197
main__glasses__all_available,0.019462399927889392,-0.038187557361768716,conditional deletion from fitted contributions; the GAMM was not refitted,site,FUSPCEU,,participant_day_intercept_variation,0.018719178414245433
main__glasses__all_available,0.1998617481685216,0.002850663954292049,conditional deletion from fitted contributions; the GAMM was not refitted,site,FUSPCEU,,participant_plus_day_variation,0.2004314868498674
main__glasses__all_available,1.7971848105058097,0.05011141498866407,conditional deletion from fitted contributions; the GAMM was not refitted,site,FUSPCEU,,participant_to_site_ratio,1.88724428435639
main__glasses__all_available,1.991074255603672,0.04549573218771778,conditional deletion from fitted contributions; the GAMM was not refitted,site,FUSPCEU,,participant_plus_day_to_site_ratio,2.0816596367024762
main__glasses__all_available,0.10037885207245859,0.05777978323611855,conditional deletion from fitted contributions; the GAMM was not refitted,site,IZTECH,,site_curve_variation,0.10617872038669565
main__glasses__all_available,0.1803993482406322,0.03605328049150488,conditional deletion from fitted contributions; the GAMM was not refitted,site,IZTECH,,participant_curve_variation,0.18690333654323638
main__glasses__all_available,0.019462399927889392,0.04530407780924119,conditional deletion from fitted contributions; the GAMM was not refitted,site,IZTECH,,participant_day_intercept_variation,0.020344126008577063
main__glasses__all_available,0.1998617481685216,0.03695411678809239,conditional deletion from fitted contributions; the GAMM was not refitted,site,IZTECH,,participant_plus_day_variation,0.20724746255181345
main__glasses__all_available,1.7971848105058097,-0.020539722056461162,conditional deletion from fitted contributions; the GAMM was not refitted,site,IZTECH,,participant_to_site_ratio,1.7602711340139265
main__glasses__all_available,1.991074255603672,-0.019688092718423037,conditional deletion from fitted contributions; the GAMM was not refitted,site,IZTECH,,participant_plus_day_to_site_ratio,1.9518738010500818
main__glasses__all_available,0.10037885207245859,-0.2702178067452079,conditional deletion from fitted contributions; the GAMM was not refitted,site,KNUST,,site_curve_variation,0.07325469882183716
main__glasses__all_available,0.1803993482406322,-0.02241184801096206,conditional deletion from fitted contributions; the GAMM was not refitted,site,KNUST,,participant_curve_variation,0.17635626546658653
main__glasses__all_available,0.019462399927889392,-0.02555257932828323,conditional deletion from fitted contributions; the GAMM was not refitted,site,KNUST,,participant_day_intercept_variation,0.018965085409813225
main__glasses__all_available,0.1998617481685216,-0.02271769027204449,conditional deletion from fitted contributions; the GAMM was not refitted,site,KNUST,,participant_plus_day_variation,0.19532135087639976
main__glasses__all_available,1.7971848105058097,0.33956153085764346,conditional deletion from fitted contributions; the GAMM was not refitted,site,KNUST,,participant_to_site_ratio,2.4074396359952663
main__glasses__all_available,1.991074255603672,0.33914244381508574,conditional deletion from fitted contributions; the GAMM was not refitted,site,KNUST,,participant_plus_day_to_site_ratio,2.666332044466404
main__glasses__all_available,0.10037885207245859,0.11343994430995336,conditional deletion from fitted contributions; the GAMM was not refitted,site,MPI,,site_curve_variation,0.11176582346145533
main__glasses__all_available,0.1803993482406322,-0.033148113046332146,conditional deletion from fitted contributions; the GAMM was not refitted,site,MPI,,participant_curve_variation,0.17441945025166708
main__glasses__all_available,0.019462399927889392,0.07693728497040413,conditional deletion from fitted contributions; the GAMM was not refitted,site,MPI,,participant_day_intercept_variation,0.02095978413734939
main__glasses__all_available,0.1998617481685216,-0.02242807250802943,conditional deletion from fitted contributions; the GAMM was not refitted,site,MPI,,participant_plus_day_variation,0.19537923438901647
main__glasses__all_available,1.7971848105058097,-0.13165331287547108,conditional deletion from fitted contributions; the GAMM was not refitted,site,MPI,,participant_to_site_ratio,1.5605794763532441
main__glasses__all_available,1.991074255603672,-0.12202545589666809,conditional deletion from fitted contributions; the GAMM was not refitted,site,MPI,,participant_plus_day_to_site_ratio,1.7481125118395149
main__glasses__all_available,0.10037885207245859,-0.07184170860566357,conditional deletion from fitted contributions; the GAMM was not refitted,site,RISE,,site_curve_variation,0.09316746383169801
main__glasses__all_available,0.1803993482406322,0.04398998313122478,conditional deletion from fitted contributions; the GAMM was not refitted,site,RISE,,participant_curve_variation,0.18833511252662155
main__glasses__all_available,0.019462399927889392,0.04499633956345855,conditional deletion from fitted contributions; the GAMM was not refitted,site,RISE,,participant_day_intercept_variation,0.020338136683764534
main__glasses__all_available,0.1998617481685216,0.044087981430216985,conditional deletion from fitted contributions; the GAMM was not refitted,site,RISE,,participant_plus_day_variation,0.20867324921038607
main__glasses__all_available,1.7971848105058097,0.12479734632643205,conditional deletion from fitted contributions; the GAMM was not refitted,site,RISE,,participant_to_site_ratio,2.0214687057151064
main__glasses__all_available,1.991074255603672,0.12490292993205278,conditional deletion from fitted contributions; the GAMM was not refitted,site,RISE,,participant_plus_day_to_site_ratio,2.2397652638408516
main__glasses__all_available,0.10037885207245859,0.1280071906017062,conditional deletion from fitted contributions; the GAMM was not refitted,site,THUAS,,site_curve_variation,0.11322806692207826
main__glasses__all_available,0.1803993482406322,0.01568717942038039,conditional deletion from fitted contributions; the GAMM was not refitted,site,THUAS,,participant_curve_variation,0.18322930518380268
main__glasses__all_available,0.019462399927889392,-0.15651604955616216,conditional deletion from fitted contributions; the GAMM was not refitted,site,THUAS,,participant_day_intercept_variation,0.01641622197629401
main__glasses__all_available,0.1998617481685216,-0.0010818528828367923,conditional deletion from fitted contributions; the GAMM was not refitted,site,THUAS,,participant_plus_day_variation,0.19964552716009668
main__glasses__all_available,1.7971848105058097,-0.09957384324953776,conditional deletion from fitted contributions; the GAMM was not refitted,site,THUAS,,participant_to_site_ratio,1.618232211894054
main__glasses__all_available,1.991074255603672,-0.11443991187297643,conditional deletion from fitted contributions; the GAMM was not refitted,site,THUAS,,participant_plus_day_to_site_ratio,1.7632158932598356
main__glasses__all_available,0.10037885207245859,-0.018328734238594078,conditional deletion from fitted contributions; the GAMM was not refitted,site,TUM,,site_curve_variation,0.09853903476964734
main__glasses__all_available,0.1803993482406322,-0.06747755647945718,conditional deletion from fitted contributions; the GAMM was not refitted,site,TUM,,participant_curve_variation,0.16822644103086767
main__glasses__all_available,0.019462399927889392,0.020502653436855776,conditional deletion from fitted contributions; the GAMM was not refitted,site,TUM,,participant_day_intercept_variation,0.019861430768660395
main__glasses__all_available,0.1998617481685216,-0.058910103993816236,conditional deletion from fitted contributions; the GAMM was not refitted,site,TUM,,participant_plus_day_variation,0.18808787179952807
main__glasses__all_available,1.7971848105058097,-0.05006647739937885,conditional deletion from fitted contributions; the GAMM was not refitted,site,TUM,,participant_to_site_ratio,1.7072060978081136
main__glasses__all_available,1.991074255603672,-0.0413390624444389,conditional deletion from fitted contributions; the GAMM was not refitted,site,TUM,,participant_plus_day_to_site_ratio,1.9087651126197571
main__glasses__all_available,0.10037885207245859,0.06746594802465228,conditional deletion from fitted contributions; the GAMM was not refitted,site,UCR,,site_curve_variation,0.10715100648915334
main__glasses__all_available,0.1803993482406322,0.024914526214536072,conditional deletion from fitted contributions; the GAMM was not refitted,site,UCR,,participant_curve_variation,0.18489391253145865
main__glasses__all_available,0.019462399927889392,0.07638452154481519,conditional deletion from fitted contributions; the GAMM was not refitted,site,UCR,,participant_day_intercept_variation,0.02094902603449507
main__glasses__all_available,0.1998617481685216,0.029926639050454156,conditional deletion from fitted contributions; the GAMM was not refitted,site,UCR,,participant_plus_day_variation,0.2058429385659537
main__glasses__all_available,1.7971848105058097,-0.03986208823696681,conditional deletion from fitted contributions; the GAMM was not refitted,site,UCR,,participant_to_site_ratio,1.7255452710112906
main__glasses__all_available,1.991074255603672,-0.03516675079300157,conditional deletion from fitted contributions; the GAMM was not refitted,site,UCR,,participant_plus_day_to_site_ratio,1.9210546434464966
main__glasses__all_available,0.10037885207245859,0,conditional deletion from fitted contributions; the GAMM was not refitted,participant,BAUA,BAUA::BAUA_S001,site_curve_variation,0.10037885207245859
main__glasses__all_available,0.1803993482406322,-0.0023396359290137254,conditional deletion from fitted contributions; the GAMM was not refitted,participant,BAUA,BAUA::BAUA_S001,participant_curve_variation,0.17997727944391775
main__glasses__all_available,0.019462399927889392,0.004917357303951736,conditional deletion from fitted contributions; the GAMM was not refitted,participant,BAUA,BAUA::BAUA_S001,participant_day_intercept_variation,0.01955810350232723
main__glasses__all_available,0.1998617481685216,-0.0016329549064157127,conditional deletion from fitted contributions; the GAMM was not refitted,participant,BAUA,BAUA::BAUA_S001,participant_plus_day_variation,0.19953538294624498
main__glasses__all_available,1.7971848105058097,-0.00233963592901366,conditional deletion from fitted contributions; the GAMM was not refitted,participant,BAUA,BAUA::BAUA_S001,participant_to_site_ratio,1.7929800523520727
main__glasses__all_available,1.991074255603672,-0.0016329549064157136,conditional deletion from fitted contributions; the GAMM was not refitted,participant,BAUA,BAUA::BAUA_S001,participant_plus_day_to_site_ratio,1.987822921128946
main__glasses__all_available,0.10037885207245859,0,conditional deletion from fitted contributions; the GAMM was not refitted,participant,BAUA,BAUA::BAUA_S002,site_curve_variation,0.10037885207245859
main__glasses__all_available,0.1803993482406322,-0.0014347876518971765,conditional deletion from fitted contributions; the GAMM was not refitted,participant,BAUA,BAUA::BAUA_S002,participant_curve_variation,0.18014051348336624
main__glasses__all_available,0.019462399927889392,0.006187982000383614,conditional deletion from fitted contributions; the GAMM was not refitted,participant,BAUA,BAUA::BAUA_S002,participant_day_intercept_variation,0.01958283290832744
main__glasses__all_available,0.1998617481685216,-6.924875725154703e-4,conditional deletion from fitted contributions; the GAMM was not refitted,participant,BAUA,BAUA::BAUA_S002,participant_plus_day_variation,0.19972334639169367
main__glasses__all_available,1.7971848105058097,-0.0014347876518971698,conditional deletion from fitted contributions; the GAMM was not refitted,participant,BAUA,BAUA::BAUA_S002,participant_to_site_ratio,1.7946062319315188
main__glasses__all_available,1.991074255603672,-6.92487572515479e-4,conditional deletion from fitted contributions; the GAMM was not refitted,participant,BAUA,BAUA::BAUA_S002,participant_plus_day_to_site_ratio,1.989695461425711
main__glasses__all_available,0.10037885207245859,0,conditional deletion from fitted contributions; the GAMM was not refitted,participant,BAUA,BAUA::BAUA_S003,site_curve_variation,0.10037885207245859
main__glasses__all_available,0.1803993482406322,9.648218487949426e-4,conditional deletion from fitted contributions; the GAMM was not refitted,participant,BAUA,BAUA::BAUA_S003,participant_curve_variation,0.18057340147332313
main__glasses__all_available,0.019462399927889392,0.002565607056651669,conditional deletion from fitted contributions; the GAMM was not refitted,participant,BAUA,BAUA::BAUA_S003,participant_day_intercept_variation,0.019512332798483762
main__glasses__all_available,0.1998617481685216,0.0011207052141685627,conditional deletion from fitted contributions; the GAMM was not refitted,participant,BAUA,BAUA::BAUA_S003,participant_plus_day_variation,0.2000857342718069
main__glasses__all_available,1.7971848105058097,9.648218487950198e-4,conditional deletion from fitted contributions; the GAMM was not refitted,participant,BAUA,BAUA::BAUA_S003,participant_to_site_ratio,1.7989187736773082
main__glasses__all_available,1.991074255603672,0.0011207052141685402,conditional deletion from fitted contributions; the GAMM was not refitted,participant,BAUA,BAUA::BAUA_S003,participant_plus_day_to_site_ratio,1.9933056629037238
main__glasses__all_available,0.10037885207245859,0,conditional deletion from fitted contributions; the GAMM was not refitted,participant,BAUA,BAUA::BAUA_S004,site_curve_variation,0.10037885207245859
main__glasses__all_available,0.1803993482406322,0.004029517562436705,conditional deletion from fitted contributions; the GAMM was not refitted,participant,BAUA,BAUA::BAUA_S004,participant_curve_variation,0.18112627058261996
main__glasses__all_available,0.019462399927889392,0.005990070369794234,conditional deletion from fitted contributions; the GAMM was not refitted,participant,BAUA,BAUA::BAUA_S004,participant_day_intercept_variation,0.019578981073022528
main__glasses__all_available,0.1998617481685216,0.004220434849842604,conditional deletion from fitted contributions; the GAMM was not refitted,participant,BAUA,BAUA::BAUA_S004,participant_plus_day_variation,0.20070525165564249
main__glasses__all_available,1.7971848105058097,0.004029517562436783,conditional deletion from fitted contributions; the GAMM was not refitted,participant,BAUA,BAUA::BAUA_S004,participant_to_site_ratio,1.8044265982626875
main__glasses__all_available,1.991074255603672,0.004220434849842618,conditional deletion from fitted contributions; the GAMM was not refitted,participant,BAUA,BAUA::BAUA_S004,participant_plus_day_to_site_ratio,1.9994774547806462
main__glasses__all_available,0.10037885207245859,0,conditional deletion from fitted contributions; the GAMM was not refitted,participant,BAUA,BAUA::BAUA_S005,site_curve_variation,0.10037885207245859
main__glasses__all_available,0.1803993482406322,0.0020300876842030695,conditional deletion from fitted contributions; the GAMM was not refitted,participant,BAUA,BAUA::BAUA_S005,participant_curve_variation,0.18076557473573376
main__glasses__all_available,0.019462399927889392,0.0020859517120268554,conditional deletion from fitted contributions; the GAMM was not refitted,participant,BAUA,BAUA::BAUA_S005,participant_day_intercept_variation,0.019502997554339124
main__glasses__all_available,0.1998617481685216,0.0020355276849088025,conditional deletion from fitted contributions; the GAMM was not refitted,participant,BAUA,BAUA::BAUA_S005,participant_plus_day_variation,0.2002685722900729
main__glasses__all_available,1.7971848105058097,0.0020300876842030977,conditional deletion from fitted contributions; the GAMM was not refitted,participant,BAUA,BAUA::BAUA_S005,participant_to_site_ratio,1.8008332532558544
main__glasses__all_available,1.991074255603672,0.0020355276849088194,conditional deletion from fitted contributions; the GAMM was not refitted,participant,BAUA,BAUA::BAUA_S005,participant_plus_day_to_site_ratio,1.9951271423736625
main__glasses__all_available,0.10037885207245859,0,conditional deletion from fitted contributions; the GAMM was not refitted,participant,BAUA,BAUA::BAUA_S006,site_curve_variation,0.10037885207245859
main__glasses__all_available,0.1803993482406322,0.001594594969185955,conditional deletion from fitted contributions; the GAMM was not refitted,participant,BAUA,BAUA::BAUA_S006,participant_curve_variation,0.18068701213378113
main__glasses__all_available,0.019462399927889392,-0.011179807455675853,conditional deletion from fitted contributions; the GAMM was not refitted,participant,BAUA,BAUA::BAUA_S006,participant_day_intercept_variation,0.01924481404407023
main__glasses__all_available,0.1998617481685216,3.506324245231321e-4,conditional deletion from fitted contributions; the GAMM was not refitted,participant,BAUA,BAUA::BAUA_S006,participant_plus_day_variation,0.19993182617785135
main__glasses__all_available,1.7971848105058097,0.0015945949691860617,conditional deletion from fitted contributions; the GAMM was not refitted,participant,BAUA,BAUA::BAUA_S006,participant_to_site_ratio,1.8000505923633399
main__glasses__all_available,1.991074255603672,3.50632424523139e-4,conditional deletion from fitted contributions; the GAMM was not refitted,participant,BAUA,BAUA::BAUA_S006,participant_plus_day_to_site_ratio,1.99177239079732
main__glasses__all_available,0.10037885207245859,0,conditional deletion from fitted contributions; the GAMM was not refitted,participant,BAUA,BAUA::BAUA_S007,site_curve_variation,0.10037885207245859
main__glasses__all_available,0.1803993482406322,-0.004089812593911788,conditional deletion from fitted contributions; the GAMM was not refitted,participant,BAUA,BAUA::BAUA_S007,participant_curve_variation,0.17966154871426418
main__glasses__all_available,0.019462399927889392,0.007134510372303318,conditional deletion from fitted contributions; the GAMM was not refitted,participant,BAUA,BAUA::BAUA_S007,participant_day_intercept_variation,0.019601254622044834
main__glasses__all_available,0.1998617481685216,-0.002996795723549571,conditional deletion from fitted contributions; the GAMM was not refitted,participant,BAUA,BAUA::BAUA_S007,participant_plus_day_variation,0.19926280333630902
main__glasses__all_available,1.7971848105058097,-0.0040898125939117045,conditional deletion from fitted contributions; the GAMM was not refitted,participant,BAUA,BAUA::BAUA_S007,participant_to_site_ratio,1.7898346614342162
main__glasses__all_available,1.991074255603672,-0.002996795723549608,conditional deletion from fitted contributions; the GAMM was not refitted,participant,BAUA,BAUA::BAUA_S007,participant_plus_day_to_site_ratio,1.9851074127892092
main__glasses__all_available,0.10037885207245859,0,conditional deletion from fitted contributions; the GAMM was not refitted,participant,BAUA,BAUA::BAUA_S009,site_curve_variation,0.10037885207245859
main__glasses__all_available,0.1803993482406322,-0.0018225811100718197,conditional deletion from fitted contributions; the GAMM was not refitted,participant,BAUA,BAUA::BAUA_S009,participant_curve_variation,0.18007055579625955
main__glasses__all_available,0.019462399927889392,-0.01567223989792881,conditional deletion from fitted contributions; the GAMM was not refitted,participant,BAUA,BAUA::BAUA_S009,participant_day_intercept_variation,0.019157380527230077
main__glasses__all_available,0.1998617481685216,-0.0031712513817178695,conditional deletion from fitted contributions; the GAMM was not refitted,participant,BAUA,BAUA::BAUA_S009,participant_plus_day_variation,0.19922793632348962
main__glasses__all_available,1.7971848105058097,-0.001822581110071706,conditional deletion from fitted contributions; the GAMM was not refitted,participant,BAUA,BAUA::BAUA_S009,participant_to_site_ratio,1.793909295418874
main__glasses__all_available,1.991074255603672,-0.00317125138171786,conditional deletion from fitted contributions; the GAMM was not refitted,participant,BAUA,BAUA::BAUA_S009,participant_plus_day_to_site_ratio,1.984760058619486
main__glasses__all_available,0.10037885207245859,0,conditional deletion from fitted contributions; the GAMM was not refitted,participant,BAUA,BAUA::BAUA_S011,site_curve_variation,0.10037885207245859
main__glasses__all_available,0.1803993482406322,-0.004674937302548293,conditional deletion from fitted contributions; the GAMM was not refitted,participant,BAUA,BAUA::BAUA_S011,participant_curve_variation,0.17955599259818666
main__glasses__all_available,0.019462399927889392,0.007336812000567346,conditional deletion from fitted contributions; the GAMM was not refitted,participant,BAUA,BAUA::BAUA_S011,participant_day_intercept_variation,0.019605191897240172
main__glasses__all_available,0.1998617481685216,-0.0035052413956874473,conditional deletion from fitted contributions; the GAMM was not refitted,participant,BAUA,BAUA::BAUA_S011,participant_plus_day_variation,0.19916118449542683
main__glasses__all_available,1.7971848105058097,-0.0046749373025482665,conditional deletion from fitted contributions; the GAMM was not refitted,participant,BAUA,BAUA::BAUA_S011,participant_to_site_ratio,1.788783084195603
main__glasses__all_available,1.991074255603672,-0.003505241395687427,conditional deletion from fitted contributions; the GAMM was not refitted,participant,BAUA,BAUA::BAUA_S011,participant_plus_day_to_site_ratio,1.9840950597010425
main__glasses__all_available,0.10037885207245859,0,conditional deletion from fitted contributions; the GAMM was not refitted,participant,BAUA,BAUA::BAUA_S012,site_curve_variation,0.10037885207245859
main__glasses__all_available,0.1803993482406322,-8.58598164243004e-4,conditional deletion from fitted contributions; the GAMM was not refitted,participant,BAUA,BAUA::BAUA_S012,participant_curve_variation,0.18024445769140215
main__glasses__all_available,0.019462399927889392,-0.025959404890999606,conditional deletion from fitted contributions; the GAMM was not refitted,participant,BAUA,BAUA::BAUA_S012,participant_day_intercept_variation,0.01895716760801075
main__glasses__all_available,0.1998617481685216,-0.003302897503688787,conditional deletion from fitted contributions; the GAMM was not refitted,participant,BAUA,BAUA::BAUA_S012,participant_plus_day_variation,0.1992016252994129
main__glasses__all_available,1.7971848105058097,-8.585981642428926e-4,conditional deletion from fitted contributions; the GAMM was not refitted,participant,BAUA,BAUA::BAUA_S012,participant_to_site_ratio,1.7956417509267042
main__glasses__all_available,1.991074255603672,-0.003302897503688722,conditional deletion from fitted contributions; the GAMM was not refitted,participant,BAUA,BAUA::BAUA_S012,participant_plus_day_to_site_ratio,1.9844979414151798
main__glasses__all_available,0.10037885207245859,0,conditional deletion from fitted contributions; the GAMM was not refitted,participant,BAUA,BAUA::BAUA_S013,site_curve_variation,0.10037885207245859
main__glasses__all_available,0.1803993482406322,0.006530892722685501,conditional deletion from fitted contributions; the GAMM was not refitted,participant,BAUA,BAUA::BAUA_S013,participant_curve_variation,0.18157751703123415
main__glasses__all_available,0.019462399927889392,0.005712251880869224,conditional deletion from fitted contributions; the GAMM was not refitted,participant,BAUA,BAUA::BAUA_S013,participant_day_intercept_variation,0.019573574058483707
main__glasses__all_available,0.1998617481685216,0.006451174039111751,conditional deletion from fitted contributions; the GAMM was not refitted,participant,BAUA,BAUA::BAUA_S013,participant_plus_day_variation,0.20115109108971785
main__glasses__all_available,1.7971848105058097,0.006530892722685512,conditional deletion from fitted contributions; the GAMM was not refitted,participant,BAUA,BAUA::BAUA_S013,participant_to_site_ratio,1.808922031706063
main__glasses__all_available,1.991074255603672,0.006451174039111812,conditional deletion from fitted contributions; the GAMM was not refitted,participant,BAUA,BAUA::BAUA_S013,participant_plus_day_to_site_ratio,2.0039190221513663
main__glasses__all_available,0.10037885207245859,0,conditional deletion from fitted contributions; the GAMM was not refitted,participant,BAUA,BAUA::BAUA_S014,site_curve_variation,0.10037885207245859
main__glasses__all_available,0.1803993482406322,0.0036874980180808,conditional deletion from fitted contributions; the GAMM was not refitted,participant,BAUA,BAUA::BAUA_S014,participant_curve_variation,0.1810645704797326
main__glasses__all_available,0.019462399927889392,-0.004374169912102307,conditional deletion from fitted contributions; the GAMM was not refitted,participant,BAUA,BAUA::BAUA_S014,participant_day_intercept_variation,0.019377268083707516
main__glasses__all_available,0.1998617481685216,0.0029024583254890425,conditional deletion from fitted contributions; the GAMM was not refitted,participant,BAUA,BAUA::BAUA_S014,participant_plus_day_variation,0.2004418385634401
main__glasses__all_available,1.7971848105058097,0.0036874980180808133,conditional deletion from fitted contributions; the GAMM was not refitted,participant,BAUA,BAUA::BAUA_S014,participant_to_site_ratio,1.8038119259326748
main__glasses__all_available,1.991074255603672,0.0029024583254890672,conditional deletion from fitted contributions; the GAMM was not refitted,participant,BAUA,BAUA::BAUA_S014,participant_plus_day_to_site_ratio,1.9968532656535158
main__glasses__all_available,0.10037885207245859,0,conditional deletion from fitted contributions; the GAMM was not refitted,participant,BAUA,BAUA::BAUA_S015,site_curve_variation,0.10037885207245859
main__glasses__all_available,0.1803993482406322,0.0014859580412802473,conditional deletion from fitted contributions; the GAMM was not refitted,participant,BAUA,BAUA::BAUA_S015,participant_curve_variation,0.18066741410279208
main__glasses__all_available,0.019462399927889392,0.0035057178934141133,conditional deletion from fitted contributions; the GAMM was not refitted,participant,BAUA,BAUA::BAUA_S015,participant_day_intercept_variation,0.019530629611565375
main__glasses__all_available,0.1998617481685216,0.0016826408700893662,conditional deletion from fitted contributions; the GAMM was not refitted,participant,BAUA,BAUA::BAUA_S015,participant_plus_day_variation,0.20019804371435745
main__glasses__all_available,1.7971848105058097,0.0014859580412802745,conditional deletion from fitted contributions; the GAMM was not refitted,participant,BAUA,BAUA::BAUA_S015,participant_to_site_ratio,1.7998553517266476
main__glasses__all_available,1.991074255603672,0.0016826408700893393,conditional deletion from fitted contributions; the GAMM was not refitted,participant,BAUA,BAUA::BAUA_S015,participant_plus_day_to_site_ratio,1.9944245185215335
main__glasses__all_available,0.10037885207245859,0,conditional deletion from fitted contributions; the GAMM was not refitted,participant,BAUA,BAUA::BAUA_S016,site_curve_variation,0.10037885207245859
main__glasses__all_available,0.1803993482406322,0.005592058486687803,conditional deletion from fitted contributions; the GAMM was not refitted,participant,BAUA,BAUA::BAUA_S016,participant_curve_variation,0.18140815194695417
main__glasses__all_available,0.019462399927889392,0.007745588100124156,conditional deletion from fitted contributions; the GAMM was not refitted,participant,BAUA,BAUA::BAUA_S016,participant_day_intercept_variation,0.01961314766117071
main__glasses__all_available,0.1998617481685216,0.005801767723084039,conditional deletion from fitted contributions; the GAMM was not refitted,participant,BAUA,BAUA::BAUA_S016,participant_plus_day_variation,0.20102129960812487
main__glasses__all_available,1.7971848105058097,0.005592058486687916,conditional deletion from fitted contributions; the GAMM was not refitted,participant,BAUA,BAUA::BAUA_S016,participant_to_site_ratio,1.8072347730775453
main__glasses__all_available,1.991074255603672,0.005801767723084054,conditional deletion from fitted contributions; the GAMM was not refitted,participant,BAUA,BAUA::BAUA_S016,participant_plus_day_to_site_ratio,2.002626005954097
main__glasses__all_available,0.10037885207245859,0,conditional deletion from fitted contributions; the GAMM was not refitted,participant,BAUA,BAUA::BAUA_S018,site_curve_variation,0.10037885207245859
main__glasses__all_available,0.1803993482406322,-0.0014801014471390295,conditional deletion from fitted contributions; the GAMM was not refitted,participant,BAUA,BAUA::BAUA_S018,participant_curve_variation,0.1801323389042383
main__glasses__all_available,0.019462399927889392,-0.017122749572180084,conditional deletion from fitted contributions; the GAMM was not refitted,participant,BAUA,BAUA::BAUA_S018,participant_day_intercept_variation,0.019129150127850526
main__glasses__all_available,0.1998617481685216,-0.003003371790417047,conditional deletion from fitted contributions; the GAMM was not refitted,participant,BAUA,BAUA::BAUA_S018,participant_plus_day_variation,0.19926148903208882
main__glasses__all_available,1.7971848105058097,-0.0014801014471390282,conditional deletion from fitted contributions; the GAMM was not refitted,participant,BAUA,BAUA::BAUA_S018,participant_to_site_ratio,1.7945247946670038
main__glasses__all_available,1.991074255603672,-0.003003371790417071,conditional deletion from fitted contributions; the GAMM was not refitted,participant,BAUA,BAUA::BAUA_S018,participant_plus_day_to_site_ratio,1.9850943193517663
main__glasses__all_available,0.10037885207245859,0,conditional deletion from fitted contributions; the GAMM was not refitted,participant,BAUA,BAUA::BAUA_S022,site_curve_variation,0.10037885207245859
main__glasses__all_available,0.1803993482406322,0.0035861394307157204,conditional deletion from fitted contributions; the GAMM was not refitted,participant,BAUA,BAUA::BAUA_S022,participant_curve_variation,0.18104628545663334
main__glasses__all_available,0.019462399927889392,0.006759662642691249,conditional deletion from fitted contributions; the GAMM was not refitted,participant,BAUA,BAUA::BAUA_S022,participant_day_intercept_variation,0.019593959185619063
main__glasses__all_available,0.1998617481685216,0.0038951749440037965,conditional deletion from fitted contributions; the GAMM was not refitted,participant,BAUA,BAUA::BAUA_S022,participant_plus_day_variation,0.2006402446422524
main__glasses__all_available,1.7971848105058097,0.0035861394307158123,conditional deletion from fitted contributions; the GAMM was not refitted,participant,BAUA,BAUA::BAUA_S022,participant_to_site_ratio,1.803629765819048
main__glasses__all_available,1.991074255603672,0.003895174944003846,conditional deletion from fitted contributions; the GAMM was not refitted,participant,BAUA,BAUA::BAUA_S022,participant_plus_day_to_site_ratio,1.9988298381557505
main__glasses__all_available,0.10037885207245859,0,conditional deletion from fitted contributions; the GAMM was not refitted,participant,BAUA,BAUA::BAUA_S024,site_curve_variation,0.10037885207245859
main__glasses__all_available,0.1803993482406322,-0.004921889117068461,conditional deletion from fitted contributions; the GAMM was not refitted,participant,BAUA,BAUA::BAUA_S024,participant_curve_variation,0.17951144265180038
main__glasses__all_available,0.019462399927889392,0.007640312244036819,conditional deletion from fitted contributions; the GAMM was not refitted,participant,BAUA,BAUA::BAUA_S024,participant_day_intercept_variation,0.019611098740356787
main__glasses__all_available,0.1998617481685216,-0.0036985905664205293,conditional deletion from fitted contributions; the GAMM was not refitted,participant,BAUA,BAUA::BAUA_S024,participant_plus_day_variation,0.19912254139215718
main__glasses__all_available,1.7971848105058097,-0.004921889117068378,conditional deletion from fitted contributions; the GAMM was not refitted,participant,BAUA,BAUA::BAUA_S024,participant_to_site_ratio,1.7883392661456206
main__glasses__all_available,1.991074255603672,-0.0036985905664204577,conditional deletion from fitted contributions; the GAMM was not refitted,participant,BAUA,BAUA::BAUA_S024,participant_plus_day_to_site_ratio,1.9837100871448536
main__glasses__all_available,0.10037885207245859,0,conditional deletion from fitted contributions; the GAMM was not refitted,participant,BAUA,BAUA::BAUA_S025,site_curve_variation,0.10037885207245859
main__glasses__all_available,0.1803993482406322,-0.007879225448177445,conditional deletion from fitted contributions; the GAMM was not refitted,participant,BAUA,BAUA::BAUA_S025,participant_curve_variation,0.17897794110513998
main__glasses__all_available,0.019462399927889392,0.006726548152072854,conditional deletion from fitted contributions; the GAMM was not refitted,participant,BAUA,BAUA::BAUA_S025,participant_day_intercept_variation,0.01959331469815924
main__glasses__all_available,0.1998617481685216,-0.006456925234809079,conditional deletion from fitted contributions; the GAMM was not refitted,participant,BAUA,BAUA::BAUA_S025,participant_plus_day_variation,0.1985712558032992
main__glasses__all_available,1.7971848105058097,-0.007879225448177374,conditional deletion from fitted contributions; the GAMM was not refitted,participant,BAUA,BAUA::BAUA_S025,participant_to_site_ratio,1.7830243862117945
main__glasses__all_available,1.991074255603672,-0.006456925234809008,conditional deletion from fitted contributions; the GAMM was not refitted,participant,BAUA,BAUA::BAUA_S025,participant_plus_day_to_site_ratio,1.978218037998286
main__glasses__all_available,0.10037885207245859,0,conditional deletion from fitted contributions; the GAMM was not refitted,participant,FUSPCEU,FUSPCEU::FUSPCEU_S003,site_curve_variation,0.10037885207245859
main__glasses__all_available,0.1803993482406322,0.0014361634629522348,conditional deletion from fitted contributions; the GAMM was not refitted,participant,FUSPCEU,FUSPCEU::FUSPCEU_S003,participant_curve_variation,0.1806584311933158
main__glasses__all_available,0.019462399927889392,0.005794011456321887,conditional deletion from fitted contributions; the GAMM was not refitted,participant,FUSPCEU,FUSPCEU::FUSPCEU_S003,participant_day_intercept_variation,0.0195751652960391
main__glasses__all_available,0.1998617481685216,0.0018605277109843613,conditional deletion from fitted contributions; the GAMM was not refitted,participant,FUSPCEU,FUSPCEU::FUSPCEU_S003,participant_plus_day_variation,0.2002335964893549
main__glasses__all_available,1.7971848105058097,0.0014361634629523373,conditional deletion from fitted contributions; the GAMM was not refitted,participant,FUSPCEU,FUSPCEU::FUSPCEU_S003,participant_to_site_ratio,1.799765861666831
main__glasses__all_available,1.991074255603672,0.0018605277109843867,conditional deletion from fitted contributions; the GAMM was not refitted,participant,FUSPCEU,FUSPCEU::FUSPCEU_S003,participant_plus_day_to_site_ratio,1.9947787044308503
main__glasses__all_available,0.10037885207245859,0,conditional deletion from fitted contributions; the GAMM was not refitted,participant,FUSPCEU,FUSPCEU::FUSPCEU_S004,site_curve_variation,0.10037885207245859
main__glasses__all_available,0.1803993482406322,0.0028977009464709147,conditional deletion from fitted contributions; the GAMM was not refitted,participant,FUSPCEU,FUSPCEU::FUSPCEU_S004,participant_curve_variation,0.1809220916027718
main__glasses__all_available,0.019462399927889392,0.004359348969315799,conditional deletion from fitted contributions; the GAMM was not refitted,participant,FUSPCEU,FUSPCEU::FUSPCEU_S004,participant_day_intercept_variation,0.01954724332095545
main__glasses__all_available,0.1998617481685216,0.0030400352282186458,conditional deletion from fitted contributions; the GAMM was not refitted,participant,FUSPCEU,FUSPCEU::FUSPCEU_S004,participant_plus_day_variation,0.20046933492372726
main__glasses__all_available,1.7971848105058097,0.0028977009464710326,conditional deletion from fitted contributions; the GAMM was not refitted,participant,FUSPCEU,FUSPCEU::FUSPCEU_S004,participant_to_site_ratio,1.8023925146321957
main__glasses__all_available,1.991074255603672,0.0030400352282186753,conditional deletion from fitted contributions; the GAMM was not refitted,participant,FUSPCEU,FUSPCEU::FUSPCEU_S004,participant_plus_day_to_site_ratio,1.9971271914827065
main__glasses__all_available,0.10037885207245859,0,conditional deletion from fitted contributions; the GAMM was not refitted,participant,FUSPCEU,FUSPCEU::FUSPCEU_S005,site_curve_variation,0.10037885207245859
main__glasses__all_available,0.1803993482406322,0.0034897596534902674,conditional deletion from fitted contributions; the GAMM was not refitted,participant,FUSPCEU,FUSPCEU::FUSPCEU_S005,participant_curve_variation,0.1810288986076383
main__glasses__all_available,0.019462399927889392,-0.01143768400168302,conditional deletion from fitted contributions; the GAMM was not refitted,participant,FUSPCEU,FUSPCEU::FUSPCEU_S005,participant_day_intercept_variation,0.019239795147599815
main__glasses__all_available,0.1998617481685216,0.0020361354308449037,conditional deletion from fitted contributions; the GAMM was not refitted,participant,FUSPCEU,FUSPCEU::FUSPCEU_S005,participant_plus_day_variation,0.20026869375523812
main__glasses__all_available,1.7971848105058097,0.0034897596534903394,conditional deletion from fitted contributions; the GAMM was not refitted,participant,FUSPCEU,FUSPCEU::FUSPCEU_S005,participant_to_site_ratio,1.8034565535473785
main__glasses__all_available,1.991074255603672,0.0020361354308448916,conditional deletion from fitted contributions; the GAMM was not refitted,participant,FUSPCEU,FUSPCEU::FUSPCEU_S005,participant_plus_day_to_site_ratio,1.9951283524409498
main__glasses__all_available,0.10037885207245859,0,conditional deletion from fitted contributions; the GAMM was not refitted,participant,FUSPCEU,FUSPCEU::FUSPCEU_S006,site_curve_variation,0.10037885207245859
main__glasses__all_available,0.1803993482406322,7.860571394164215e-4,conditional deletion from fitted contributions; the GAMM was not refitted,participant,FUSPCEU,FUSPCEU::FUSPCEU_S006,participant_curve_variation,0.18054115243626281
main__glasses__all_available,0.019462399927889392,0.005547722093426792,conditional deletion from fitted contributions; the GAMM was not refitted,participant,FUSPCEU,FUSPCEU::FUSPCEU_S006,participant_day_intercept_variation,0.019570371913960452
main__glasses__all_available,0.1998617481685216,0.001249744806050028,conditional deletion from fitted contributions; the GAMM was not refitted,participant,FUSPCEU,FUSPCEU::FUSPCEU_S006,participant_plus_day_variation,0.20011152435022328
main__glasses__all_available,1.7971848105058097,7.860571394164263e-4,conditional deletion from fitted contributions; the GAMM was not refitted,participant,FUSPCEU,FUSPCEU::FUSPCEU_S006,participant_to_site_ratio,1.7985975004569585
main__glasses__all_available,1.991074255603672,0.0012497448060500636,conditional deletion from fitted contributions; the GAMM was not refitted,participant,FUSPCEU,FUSPCEU::FUSPCEU_S006,participant_plus_day_to_site_ratio,1.9935625903130727
main__glasses__all_available,0.10037885207245859,0,conditional deletion from fitted contributions; the GAMM was not refitted,participant,FUSPCEU,FUSPCEU::FUSPCEU_S007,site_curve_variation,0.10037885207245859
main__glasses__all_available,0.1803993482406322,0.0018876741888731693,conditional deletion from fitted contributions; the GAMM was not refitted,participant,FUSPCEU,FUSPCEU::FUSPCEU_S007,participant_curve_variation,0.18073988343399558
main__glasses__all_available,0.019462399927889392,0.0052070374158243535,conditional deletion from fitted contributions; the GAMM was not refitted,participant,FUSPCEU,FUSPCEU::FUSPCEU_S007,participant_day_intercept_variation,0.01956374137251565
main__glasses__all_available,0.1998617481685216,0.0022109115027706787,conditional deletion from fitted contributions; the GAMM was not refitted,participant,FUSPCEU,FUSPCEU::FUSPCEU_S007,participant_plus_day_variation,0.20030362480651123
main__glasses__all_available,1.7971848105058097,0.001887674188873184,conditional deletion from fitted contributions; the GAMM was not refitted,participant,FUSPCEU,FUSPCEU::FUSPCEU_S007,participant_to_site_ratio,1.8005773098852365
main__glasses__all_available,1.991074255603672,0.0022109115027707303,conditional deletion from fitted contributions; the GAMM was not refitted,participant,FUSPCEU,FUSPCEU::FUSPCEU_S007,participant_plus_day_to_site_ratio,1.9954763445782568
main__glasses__all_available,0.10037885207245859,0,conditional deletion from fitted contributions; the GAMM was not refitted,participant,FUSPCEU,FUSPCEU::FUSPCEU_S008,site_curve_variation,0.10037885207245859
main__glasses__all_available,0.1803993482406322,0.0033232779692100294,conditional deletion from fitted contributions; the GAMM was not refitted,participant,FUSPCEU,FUSPCEU::FUSPCEU_S008,participant_curve_variation,0.18099886542030014
main__glasses__all_available,0.019462399927889392,-0.005060152030901655,conditional deletion from fitted contributions; the GAMM was not refitted,participant,FUSPCEU,FUSPCEU::FUSPCEU_S008,participant_day_intercept_variation,0.019363917225368062
main__glasses__all_available,0.1998617481685216,0.0025069053069832234,conditional deletion from fitted contributions; the GAMM was not refitted,participant,FUSPCEU,FUSPCEU::FUSPCEU_S008,participant_plus_day_variation,0.2003627826456682
main__glasses__all_available,1.7971848105058097,0.003323277969210033,conditional deletion from fitted contributions; the GAMM was not refitted,participant,FUSPCEU,FUSPCEU::FUSPCEU_S008,participant_to_site_ratio,1.8031573551931626
main__glasses__all_available,1.991074255603672,0.0025069053069832,conditional deletion from fitted contributions; the GAMM was not refitted,participant,FUSPCEU,FUSPCEU::FUSPCEU_S008,participant_plus_day_to_site_ratio,1.9960656902216425
main__glasses__all_available,0.10037885207245859,0,conditional deletion from fitted contributions; the GAMM was not refitted,participant,FUSPCEU,FUSPCEU::FUSPCEU_S009,site_curve_variation,0.10037885207245859
main__glasses__all_available,0.1803993482406322,0.004714505484860073,conditional deletion from fitted contributions; the GAMM was not refitted,participant,FUSPCEU,FUSPCEU::FUSPCEU_S009,participant_curve_variation,0.18124984195737784
main__glasses__all_available,0.019462399927889392,-5.028549293596734e-5,conditional deletion from fitted contributions; the GAMM was not refitted,participant,FUSPCEU,FUSPCEU::FUSPCEU_S009,participant_day_intercept_variation,0.0194614212515153
main__glasses__all_available,0.1998617481685216,0.00425051340817483,conditional deletion from fitted contributions; the GAMM was not refitted,participant,FUSPCEU,FUSPCEU::FUSPCEU_S009,participant_plus_day_variation,0.20071126320889315
main__glasses__all_available,1.7971848105058097,0.004714505484860109,conditional deletion from fitted contributions; the GAMM was not refitted,participant,FUSPCEU,FUSPCEU::FUSPCEU_S009,participant_to_site_ratio,1.8056576481522466
main__glasses__all_available,1.991074255603672,0.0042505134081748,conditional deletion from fitted contributions; the GAMM was not refitted,participant,FUSPCEU,FUSPCEU::FUSPCEU_S009,participant_plus_day_to_site_ratio,1.999537343423787
main__glasses__all_available,0.10037885207245859,0,conditional deletion from fitted contributions; the GAMM was not refitted,participant,FUSPCEU,FUSPCEU::FUSPCEU_S010,site_curve_variation,0.10037885207245859
main__glasses__all_available,0.1803993482406322,0.0025405753051916573,conditional deletion from fitted contributions; the GAMM was not refitted,participant,FUSPCEU,FUSPCEU::FUSPCEU_S010,participant_curve_variation,0.18085766636984502
main__glasses__all_available,0.019462399927889392,-0.012194643919011785,conditional deletion from fitted contributions; the GAMM was not refitted,participant,FUSPCEU,FUSPCEU::FUSPCEU_S010,participant_day_intercept_variation,0.01922506289095938
main__glasses__all_available,0.1998617481685216,0.0011056697657646438,conditional deletion from fitted contributions; the GAMM was not refitted,participant,FUSPCEU,FUSPCEU::FUSPCEU_S010,participant_plus_day_variation,0.2000827292608044
main__glasses__all_available,1.7971848105058097,0.0025405753051917484,conditional deletion from fitted contributions; the GAMM was not refitted,participant,FUSPCEU,FUSPCEU::FUSPCEU_S010,participant_to_site_ratio,1.8017506938542465
main__glasses__all_available,1.991074255603672,0.0011056697657646451,conditional deletion from fitted contributions; the GAMM was not refitted,participant,FUSPCEU,FUSPCEU::FUSPCEU_S010,participant_plus_day_to_site_ratio,1.9932757262094853
main__glasses__all_available,0.10037885207245859,0,conditional deletion from fitted contributions; the GAMM was not refitted,participant,FUSPCEU,FUSPCEU::FUSPCEU_S011,site_curve_variation,0.10037885207245859
main__glasses__all_available,0.1803993482406322,0.002430653130569785,conditional deletion from fitted contributions; the GAMM was not refitted,participant,FUSPCEU,FUSPCEU::FUSPCEU_S011,participant_curve_variation,0.18083783648118604
main__glasses__all_available,0.019462399927889392,0.0013499309753003468,conditional deletion from fitted contributions; the GAMM was not refitted,participant,FUSPCEU,FUSPCEU::FUSPCEU_S011,participant_day_intercept_variation,0.019488672824405733
main__glasses__all_available,0.1998617481685216,0.0023254131484844536,conditional deletion from fitted contributions; the GAMM was not refitted,participant,FUSPCEU,FUSPCEU::FUSPCEU_S011,participant_plus_day_variation,0.20032650930559176
main__glasses__all_available,1.7971848105058097,0.0024306531305698757,conditional deletion from fitted contributions; the GAMM was not refitted,participant,FUSPCEU,FUSPCEU::FUSPCEU_S011,participant_to_site_ratio,1.8015531433916783
main__glasses__all_available,1.991074255603672,0.0023254131484844896,conditional deletion from fitted contributions; the GAMM was not refitted,participant,FUSPCEU,FUSPCEU::FUSPCEU_S011,participant_plus_day_to_site_ratio,1.9957043258572618
main__glasses__all_available,0.10037885207245859,0,conditional deletion from fitted contributions; the GAMM was not refitted,participant,FUSPCEU,FUSPCEU::FUSPCEU_S012,site_curve_variation,0.10037885207245859
main__glasses__all_available,0.1803993482406322,0.003972619210560054,conditional deletion from fitted contributions; the GAMM was not refitted,participant,FUSPCEU,FUSPCEU::FUSPCEU_S012,participant_curve_variation,0.18111600615702544
main__glasses__all_available,0.019462399927889392,-0.004241659469135406,conditional deletion from fitted contributions; the GAMM was not refitted,participant,FUSPCEU,FUSPCEU::FUSPCEU_S012,participant_day_intercept_variation,0.01937984705494316
main__glasses__all_available,0.1998617481685216,0.003172718387874543,conditional deletion from fitted contributions; the GAMM was not refitted,participant,FUSPCEU,FUSPCEU::FUSPCEU_S012,participant_plus_day_variation,0.2004958532119686
main__glasses__all_available,1.7971848105058097,0.003972619210560061,conditional deletion from fitted contributions; the GAMM was not refitted,participant,FUSPCEU,FUSPCEU::FUSPCEU_S012,participant_to_site_ratio,1.8043243414089518
main__glasses__all_available,1.991074255603672,0.00317271838787451,conditional deletion from fitted contributions; the GAMM was not refitted,participant,FUSPCEU,FUSPCEU::FUSPCEU_S012,participant_plus_day_to_site_ratio,1.9973913735060493
main__glasses__all_available,0.10037885207245859,0,conditional deletion from fitted contributions; the GAMM was not refitted,participant,FUSPCEU,FUSPCEU::FUSPCEU_S013,site_curve_variation,0.10037885207245859
main__glasses__all_available,0.1803993482406322,9.879611973774355e-4,conditional deletion from fitted contributions; the GAMM was not refitted,participant,FUSPCEU,FUSPCEU::FUSPCEU_S013,participant_curve_variation,0.18057757579672612
main__glasses__all_available,0.019462399927889392,0.0023145150157623563,conditional deletion from fitted contributions; the GAMM was not refitted,participant,FUSPCEU,FUSPCEU::FUSPCEU_S013,participant_day_intercept_variation,0.019507445944765264
main__glasses__all_available,0.1998617481685216,0.001117140098171984,conditional deletion from fitted contributions; the GAMM was not refitted,participant,FUSPCEU,FUSPCEU::FUSPCEU_S013,participant_plus_day_variation,0.2000850217414914
main__glasses__all_available,1.7971848105058097,9.879611973774673e-4,conditional deletion from fitted contributions; the GAMM was not refitted,participant,FUSPCEU,FUSPCEU::FUSPCEU_S013,participant_to_site_ratio,1.7989603593631056
main__glasses__all_available,1.991074255603672,0.001117140098171961,conditional deletion from fitted contributions; the GAMM was not refitted,participant,FUSPCEU,FUSPCEU::FUSPCEU_S013,participant_plus_day_to_site_ratio,1.9932985644930448
main__glasses__all_available,0.10037885207245859,0,conditional deletion from fitted contributions; the GAMM was not refitted,participant,FUSPCEU,FUSPCEU::FUSPCEU_S014,site_curve_variation,0.10037885207245859
main__glasses__all_available,0.1803993482406322,-0.02251802132725449,conditional deletion from fitted contributions; the GAMM was not refitted,participant,FUSPCEU,FUSPCEU::FUSPCEU_S014,participant_curve_variation,0.17633711186952683
main__glasses__all_available,0.019462399927889392,8.503165967675072e-4,conditional deletion from fitted contributions; the GAMM was not refitted,participant,FUSPCEU,FUSPCEU::FUSPCEU_S014,participant_day_intercept_variation,0.019478949129561003
main__glasses__all_available,0.1998617481685216,-0.02024242861131425,conditional deletion from fitted contributions; the GAMM was not refitted,participant,FUSPCEU,FUSPCEU::FUSPCEU_S014,participant_plus_day_variation,0.19581606099908783
main__glasses__all_available,1.7971848105058097,-0.022518021327254483,conditional deletion from fitted contributions; the GAMM was not refitted,participant,FUSPCEU,FUSPCEU::FUSPCEU_S014,participant_to_site_ratio,1.756715764613822
main__glasses__all_available,1.991074255603672,-0.020242428611314204,conditional deletion from fitted contributions; the GAMM was not refitted,participant,FUSPCEU,FUSPCEU::FUSPCEU_S014,participant_plus_day_to_site_ratio,1.9507700771247891
main__glasses__all_available,0.10037885207245859,0,conditional deletion from fitted contributions; the GAMM was not refitted,participant,FUSPCEU,FUSPCEU::FUSPCEU_S015,site_curve_variation,0.10037885207245859
main__glasses__all_available,0.1803993482406322,0.0026758581149080246,conditional deletion from fitted contributions; the GAMM was not refitted,participant,FUSPCEU,FUSPCEU::FUSPCEU_S015,participant_curve_variation,0.180882071300546
main__glasses__all_available,0.019462399927889392,0.0048721142811917655,conditional deletion from fitted contributions; the GAMM was not refitted,participant,FUSPCEU,FUSPCEU::FUSPCEU_S015,participant_day_intercept_variation,0.019557222964524328
main__glasses__all_available,0.1998617481685216,0.002889728033709441,conditional deletion from fitted contributions; the GAMM was not refitted,participant,FUSPCEU,FUSPCEU::FUSPCEU_S015,participant_plus_day_variation,0.20043929426507034
main__glasses__all_available,1.7971848105058097,0.0026758581149080476,conditional deletion from fitted contributions; the GAMM was not refitted,participant,FUSPCEU,FUSPCEU::FUSPCEU_S015,participant_to_site_ratio,1.8019938220649911
main__glasses__all_available,1.991074255603672,0.0028897280337094092,conditional deletion from fitted contributions; the GAMM was not refitted,participant,FUSPCEU,FUSPCEU::FUSPCEU_S015,participant_plus_day_to_site_ratio,1.996827918697287
main__glasses__all_available,0.10037885207245859,0,conditional deletion from fitted contributions; the GAMM was not refitted,participant,FUSPCEU,FUSPCEU::FUSPCEU_S016,site_curve_variation,0.10037885207245859
main__glasses__all_available,0.1803993482406322,0.003607700881471592,conditional deletion from fitted contributions; the GAMM was not refitted,participant,FUSPCEU,FUSPCEU::FUSPCEU_S016,participant_curve_variation,0.18105017512829683
main__glasses__all_available,0.019462399927889392,0.002112070905114637,conditional deletion from fitted contributions; the GAMM was not refitted,participant,FUSPCEU,FUSPCEU::FUSPCEU_S016,participant_day_intercept_variation,0.019503505896520792
main__glasses__all_available,0.1998617481685216,0.0034620574604031225,conditional deletion from fitted contributions; the GAMM was not refitted,participant,FUSPCEU,FUSPCEU::FUSPCEU_S016,participant_plus_day_variation,0.20055368102481763
main__glasses__all_available,1.7971848105058097,0.0036077008814716554,conditional deletion from fitted contributions; the GAMM was not refitted,participant,FUSPCEU,FUSPCEU::FUSPCEU_S016,participant_to_site_ratio,1.803668515730839
main__glasses__all_available,1.991074255603672,0.0034620574604031164,conditional deletion from fitted contributions; the GAMM was not refitted,participant,FUSPCEU,FUSPCEU::FUSPCEU_S016,participant_plus_day_to_site_ratio,1.9979674690845013
main__glasses__all_available,0.10037885207245859,0,conditional deletion from fitted contributions; the GAMM was not refitted,participant,FUSPCEU,FUSPCEU::FUSPCEU_S017,site_curve_variation,0.10037885207245859
main__glasses__all_available,0.1803993482406322,-0.002889396627688662,conditional deletion from fitted contributions; the GAMM was not refitted,participant,FUSPCEU,FUSPCEU::FUSPCEU_S017,participant_curve_variation,0.17987810297218848
main__glasses__all_available,0.019462399927889392,-0.0026497651415736154,conditional deletion from fitted contributions; the GAMM was not refitted,participant,FUSPCEU,FUSPCEU::FUSPCEU_S017,participant_day_intercept_variation,0.019410829138989106
main__glasses__all_available,0.1998617481685216,-0.0028660614779622623,conditional deletion from fitted contributions; the GAMM was not refitted,participant,FUSPCEU,FUSPCEU::FUSPCEU_S017,participant_plus_day_variation,0.1992889321111776
main__glasses__all_available,1.7971848105058097,-0.0028893966276886053,conditional deletion from fitted contributions; the GAMM was not refitted,participant,FUSPCEU,FUSPCEU::FUSPCEU_S017,participant_to_site_ratio,1.791992030775001
main__glasses__all_available,1.991074255603672,-0.0028660614779622414,conditional deletion from fitted contributions; the GAMM was not refitted,participant,FUSPCEU,FUSPCEU::FUSPCEU_S017,participant_plus_day_to_site_ratio,1.985367714379924
main__glasses__all_available,0.10037885207245859,0,conditional deletion from fitted contributions; the GAMM was not refitted,participant,FUSPCEU,FUSPCEU::FUSPCEU_S018,site_curve_variation,0.10037885207245859
main__glasses__all_available,0.1803993482406322,-0.018886115218791515,conditional deletion from fitted contributions; the GAMM was not refitted,participant,FUSPCEU,FUSPCEU::FUSPCEU_S018,participant_curve_variation,0.17699230536436472
main__glasses__all_available,0.019462399927889392,0.003503403884745594,conditional deletion from fitted contributions; the GAMM was not refitted,participant,FUSPCEU,FUSPCEU::FUSPCEU_S018,participant_day_intercept_variation,0.019530584575403232
main__glasses__all_available,0.1998617481685216,-0.016705839208102657,conditional deletion from fitted contributions; the GAMM was not refitted,participant,FUSPCEU,FUSPCEU::FUSPCEU_S018,participant_plus_day_variation,0.19652288993976796
main__glasses__all_available,1.7971848105058097,-0.018886115218791407,conditional deletion from fitted contributions; the GAMM was not refitted,participant,FUSPCEU,FUSPCEU::FUSPCEU_S018,participant_to_site_ratio,1.7632429711051352
main__glasses__all_available,1.991074255603672,-0.01670583920810259,conditional deletion from fitted contributions; the GAMM was not refitted,participant,FUSPCEU,FUSPCEU::FUSPCEU_S018,participant_plus_day_to_site_ratio,1.9578116892381645
main__glasses__all_available,0.10037885207245859,0,conditional deletion from fitted contributions; the GAMM was not refitted,participant,FUSPCEU,FUSPCEU::FUSPCEU_S019,site_curve_variation,0.10037885207245859
main__glasses__all_available,0.1803993482406322,0.0036436816621916533,conditional deletion from fitted contributions; the GAMM was not refitted,participant,FUSPCEU,FUSPCEU::FUSPCEU_S019,participant_curve_variation,0.1810566660376879
main__glasses__all_available,0.019462399927889392,5.492062656760029e-4,conditional deletion from fitted contributions; the GAMM was not refitted,participant,FUSPCEU,FUSPCEU::FUSPCEU_S019,participant_day_intercept_variation,0.01947308879987488
main__glasses__all_available,0.1998617481685216,0.0033423437709448685,conditional deletion from fitted contributions; the GAMM was not refitted,participant,FUSPCEU,FUSPCEU::FUSPCEU_S019,participant_plus_day_variation,0.2005297548375628
main__glasses__all_available,1.7971848105058097,0.0036436816621917673,conditional deletion from fitted contributions; the GAMM was not refitted,participant,FUSPCEU,FUSPCEU::FUSPCEU_S019,participant_to_site_ratio,1.8037331798434193
main__glasses__all_available,1.991074255603672,0.003342343770944906,conditional deletion from fitted contributions; the GAMM was not refitted,participant,FUSPCEU,FUSPCEU::FUSPCEU_S019,participant_plus_day_to_site_ratio,1.9977291102393777
main__glasses__all_available,0.10037885207245859,0,conditional deletion from fitted contributions; the GAMM was not refitted,participant,FUSPCEU,FUSPCEU::FUSPCEU_S020,site_curve_variation,0.10037885207245859
main__glasses__all_available,0.1803993482406322,0.0038207195059997592,conditional deletion from fitted contributions; the GAMM was not refitted,participant,FUSPCEU,FUSPCEU::FUSPCEU_S020,participant_curve_variation,0.18108860354932482
main__glasses__all_available,0.019462399927889392,-0.0022101981235132418,conditional deletion from fitted contributions; the GAMM was not refitted,participant,FUSPCEU,FUSPCEU::FUSPCEU_S020,participant_day_intercept_variation,0.019419384168089707
main__glasses__all_available,0.1998617481685216,0.0032334328845558817,conditional deletion from fitted contributions; the GAMM was not refitted,participant,FUSPCEU,FUSPCEU::FUSPCEU_S020,participant_plus_day_variation,0.20050798771741452
main__glasses__all_available,1.7971848105058097,0.003820719505999874,conditional deletion from fitted contributions; the GAMM was not refitted,participant,FUSPCEU,FUSPCEU::FUSPCEU_S020,participant_to_site_ratio,1.804051349567196
main__glasses__all_available,1.991074255603672,0.003233432884555938,conditional deletion from fitted contributions; the GAMM was not refitted,participant,FUSPCEU,FUSPCEU::FUSPCEU_S020,participant_plus_day_to_site_ratio,1.9975122605773337
main__glasses__all_available,0.10037885207245859,0,conditional deletion from fitted contributions; the GAMM was not refitted,participant,FUSPCEU,FUSPCEU::FUSPCEU_S021,site_curve_variation,0.10037885207245859
main__glasses__all_available,0.1803993482406322,-0.00933418640233442,conditional deletion from fitted contributions; the GAMM was not refitted,participant,FUSPCEU,FUSPCEU::FUSPCEU_S021,participant_curve_variation,0.1787154670972945
main__glasses__all_available,0.019462399927889392,-0.009173813271692213,conditional deletion from fitted contributions; the GAMM was not refitted,participant,FUSPCEU,FUSPCEU::FUSPCEU_S021,participant_day_intercept_variation,0.01928385550513194
main__glasses__all_available,0.1998617481685216,-0.009318569376891427,conditional deletion from fitted contributions; the GAMM was not refitted,participant,FUSPCEU,FUSPCEU::FUSPCEU_S021,participant_plus_day_variation,0.19799932260242642
main__glasses__all_available,1.7971848105058097,-0.009334186402334388,conditional deletion from fitted contributions; the GAMM was not refitted,participant,FUSPCEU,FUSPCEU::FUSPCEU_S021,participant_to_site_ratio,1.7804095524851045
main__glasses__all_available,1.991074255603672,-0.009318569376891442,conditional deletion from fitted contributions; the GAMM was not refitted,participant,FUSPCEU,FUSPCEU::FUSPCEU_S021,participant_plus_day_to_site_ratio,1.9725202920182867
main__glasses__all_available,0.10037885207245859,0,conditional deletion from fitted contributions; the GAMM was not refitted,participant,FUSPCEU,FUSPCEU::FUSPCEU_S022,site_curve_variation,0.10037885207245859
main__glasses__all_available,0.1803993482406322,0.00426121976019933,conditional deletion from fitted contributions; the GAMM was not refitted,participant,FUSPCEU,FUSPCEU::FUSPCEU_S022,participant_curve_variation,0.18116806950808226
main__glasses__all_available,0.019462399927889392,1.5939805684966966e-4,conditional deletion from fitted contributions; the GAMM was not refitted,participant,FUSPCEU,FUSPCEU::FUSPCEU_S022,participant_day_intercept_variation,0.01946550219661953
main__glasses__all_available,0.1998617481685216,0.0038617871766507008,conditional deletion from fitted contributions; the GAMM was not refitted,participant,FUSPCEU,FUSPCEU::FUSPCEU_S022,participant_plus_day_variation,0.20063357170470178
main__glasses__all_available,1.7971848105058097,0.004261219760199383,conditional deletion from fitted contributions; the GAMM was not refitted,participant,FUSPCEU,FUSPCEU::FUSPCEU_S022,participant_to_site_ratio,1.8048430099330672
main__glasses__all_available,1.991074255603672,0.0038617871766507246,conditional deletion from fitted contributions; the GAMM was not refitted,participant,FUSPCEU,FUSPCEU::FUSPCEU_S022,participant_plus_day_to_site_ratio,1.9987633606317217
main__glasses__all_available,0.10037885207245859,0,conditional deletion from fitted contributions; the GAMM was not refitted,participant,FUSPCEU,FUSPCEU::FUSPCEU_S023,site_curve_variation,0.10037885207245859
main__glasses__all_available,0.1803993482406322,0.004223212323906857,conditional deletion from fitted contributions; the GAMM was not refitted,participant,FUSPCEU,FUSPCEU::FUSPCEU_S023,participant_curve_variation,0.1811612129913468
main__glasses__all_available,0.019462399927889392,0.004960231467866819,conditional deletion from fitted contributions; the GAMM was not refitted,participant,FUSPCEU,FUSPCEU::FUSPCEU_S023,participant_day_intercept_variation,0.019558937936451918
main__glasses__all_available,0.1998617481685216,0.004294982742537227,conditional deletion from fitted contributions; the GAMM was not refitted,participant,FUSPCEU,FUSPCEU::FUSPCEU_S023,participant_plus_day_variation,0.2007201509277987
main__glasses__all_available,1.7971848105058097,0.004223212323906892,conditional deletion from fitted contributions; the GAMM was not refitted,participant,FUSPCEU,FUSPCEU::FUSPCEU_S023,participant_to_site_ratio,1.804774703545876
main__glasses__all_available,1.991074255603672,0.004294982742537212,conditional deletion from fitted contributions; the GAMM was not refitted,participant,FUSPCEU,FUSPCEU::FUSPCEU_S023,participant_plus_day_to_site_ratio,1.9996258851706
main__glasses__all_available,0.10037885207245859,0,conditional deletion from fitted contributions; the GAMM was not refitted,participant,FUSPCEU,FUSPCEU::FUSPCEU_S024,site_curve_variation,0.10037885207245859
main__glasses__all_available,0.1803993482406322,0.0042232589826008944,conditional deletion from fitted contributions; the GAMM was not refitted,participant,FUSPCEU,FUSPCEU::FUSPCEU_S024,participant_curve_variation,0.1811612214085448
main__glasses__all_available,0.019462399927889392,-1.985512419345765e-4,conditional deletion from fitted contributions; the GAMM was not refitted,participant,FUSPCEU,FUSPCEU::FUSPCEU_S024,participant_day_intercept_variation,0.019458535644212682
main__glasses__all_available,0.1998617481685216,0.0037926661363771185,conditional deletion from fitted contributions; the GAMM was not refitted,participant,FUSPCEU,FUSPCEU::FUSPCEU_S024,participant_plus_day_variation,0.20061975705275747
main__glasses__all_available,1.7971848105058097,0.004223258982600914,conditional deletion from fitted contributions; the GAMM was not refitted,participant,FUSPCEU,FUSPCEU::FUSPCEU_S024,participant_to_site_ratio,1.8047747874001723
main__glasses__all_available,1.991074255603672,0.003792666136377172,conditional deletion from fitted contributions; the GAMM was not refitted,participant,FUSPCEU,FUSPCEU::FUSPCEU_S024,participant_plus_day_to_site_ratio,1.9986257355079124
main__glasses__all_available,0.10037885207245859,0,conditional deletion from fitted contributions; the GAMM was not refitted,participant,FUSPCEU,FUSPCEU::FUSPCEU_S025,site_curve_variation,0.10037885207245859
main__glasses__all_available,0.1803993482406322,-0.0012948793441806,conditional deletion from fitted contributions; the GAMM was not refitted,participant,FUSPCEU,FUSPCEU::FUSPCEU_S025,participant_curve_variation,0.18016575285089176
main__glasses__all_available,0.019462399927889392,0.0056374453082190185,conditional deletion from fitted contributions; the GAMM was not refitted,participant,FUSPCEU,FUSPCEU::FUSPCEU_S025,participant_day_intercept_variation,0.019572118143049554
main__glasses__all_available,0.1998617481685216,-6.198143252296435e-4,conditional deletion from fitted contributions; the GAMM was not refitted,participant,FUSPCEU,FUSPCEU::FUSPCEU_S025,participant_plus_day_variation,0.1997378709939413
main__glasses__all_available,1.7971848105058097,-0.0012948793441805342,conditional deletion from fitted contributions; the GAMM was not refitted,participant,FUSPCEU,FUSPCEU::FUSPCEU_S025,participant_to_site_ratio,1.7948576730170107
main__glasses__all_available,1.991074255603672,-6.198143252295709e-4,conditional deletion from fitted contributions; the GAMM was not refitted,participant,FUSPCEU,FUSPCEU::FUSPCEU_S025,participant_plus_day_to_site_ratio,1.989840159257453
main__glasses__all_available,0.10037885207245859,0,conditional deletion from fitted contributions; the GAMM was not refitted,participant,IZTECH,IZTECH::IZTECH_S001,site_curve_variation,0.10037885207245859
main__glasses__all_available,0.1803993482406322,-0.00535891484076789,conditional deletion from fitted contributions; the GAMM was not refitted,participant,IZTECH,IZTECH::IZTECH_S001,participant_curve_variation,0.17943260349608062
main__glasses__all_available,0.019462399927889392,-0.019174003842029982,conditional deletion from fitted contributions; the GAMM was not refitted,participant,IZTECH,IZTECH::IZTECH_S001,participant_day_intercept_variation,0.019089227796896917
main__glasses__all_available,0.1998617481685216,-0.006704218730310739,conditional deletion from fitted contributions; the GAMM was not refitted,participant,IZTECH,IZTECH::IZTECH_S001,participant_plus_day_variation,0.19852183129297754
main__glasses__all_available,1.7971848105058097,-0.005358914840767839,conditional deletion from fitted contributions; the GAMM was not refitted,participant,IZTECH,IZTECH::IZTECH_S001,participant_to_site_ratio,1.7875538501531876
main__glasses__all_available,1.991074255603672,-0.006704218730310681,conditional deletion from fitted contributions; the GAMM was not refitted,participant,IZTECH,IZTECH::IZTECH_S001,participant_plus_day_to_site_ratio,1.9777256582858145
main__glasses__all_available,0.10037885207245859,0,conditional deletion from fitted contributions; the GAMM was not refitted,participant,IZTECH,IZTECH::IZTECH_S002,site_curve_variation,0.10037885207245859
main__glasses__all_available,0.1803993482406322,0.0030804526808281656,conditional deletion from fitted contributions; the GAMM was not refitted,participant,IZTECH,IZTECH::IZTECH_S002,participant_curve_variation,0.1809550598965397
main__glasses__all_available,0.019462399927889392,0.0029363819730751106,conditional deletion from fitted contributions; the GAMM was not refitted,participant,IZTECH,IZTECH::IZTECH_S002,participant_day_intercept_variation,0.019519548968190425
main__glasses__all_available,0.1998617481685216,0.0030664231741422054,conditional deletion from fitted contributions; the GAMM was not refitted,participant,IZTECH,IZTECH::IZTECH_S002,participant_plus_day_variation,0.20047460886473012
main__glasses__all_available,1.7971848105058097,0.0030804526808281647,conditional deletion from fitted contributions; the GAMM was not refitted,participant,IZTECH,IZTECH::IZTECH_S002,participant_to_site_ratio,1.802720953273276
main__glasses__all_available,1.991074255603672,0.0030664231741422215,conditional deletion from fitted contributions; the GAMM was not refitted,participant,IZTECH,IZTECH::IZTECH_S002,participant_plus_day_to_site_ratio,1.997179731842493
main__glasses__all_available,0.10037885207245859,0,conditional deletion from fitted contributions; the GAMM was not refitted,participant,IZTECH,IZTECH::IZTECH_S003,site_curve_variation,0.10037885207245859
main__glasses__all_available,0.1803993482406322,-7.233836414557045e-4,conditional deletion from fitted contributions; the GAMM was not refitted,participant,IZTECH,IZTECH::IZTECH_S003,participant_curve_variation,0.18026885030318565
main__glasses__all_available,0.019462399927889392,0.0019333446922748085,conditional deletion from fitted contributions; the GAMM was not refitted,participant,IZTECH,IZTECH::IZTECH_S003,participant_day_intercept_variation,0.019500027455488907
main__glasses__all_available,0.1998617481685216,-4.646732588805969e-4,conditional deletion from fitted contributions; the GAMM was not refitted,participant,IZTECH,IZTECH::IZTECH_S003,participant_plus_day_variation,0.19976887775867455
main__glasses__all_available,1.7971848105058097,-7.233836414556552e-4,conditional deletion from fitted contributions; the GAMM was not refitted,participant,IZTECH,IZTECH::IZTECH_S003,participant_to_site_ratio,1.7958847564132172
main__glasses__all_available,1.991074255603672,-4.646732588805708e-4,conditional deletion from fitted contributions; the GAMM was not refitted,participant,IZTECH,IZTECH::IZTECH_S003,participant_plus_day_to_site_ratio,1.9901490566406475
main__glasses__all_available,0.10037885207245859,0,conditional deletion from fitted contributions; the GAMM was not refitted,participant,IZTECH,IZTECH::IZTECH_S004,site_curve_variation,0.10037885207245859
main__glasses__all_available,0.1803993482406322,0.0015660270310996194,conditional deletion from fitted contributions; the GAMM was not refitted,participant,IZTECH,IZTECH::IZTECH_S004,participant_curve_variation,0.18068185849636978
main__glasses__all_available,0.019462399927889392,0.003908036518448245,conditional deletion from fitted contributions; the GAMM was not refitted,participant,IZTECH,IZTECH::IZTECH_S004,participant_day_intercept_variation,0.01953845969754423
main__glasses__all_available,0.1998617481685216,0.0017940903083168767,conditional deletion from fitted contributions; the GAMM was not refitted,participant,IZTECH,IZTECH::IZTECH_S004,participant_plus_day_variation,0.200220318193914
main__glasses__all_available,1.7971848105058097,0.0015660270310996495,conditional deletion from fitted contributions; the GAMM was not refitted,participant,IZTECH,IZTECH::IZTECH_S004,participant_to_site_ratio,1.7999992504989435
main__glasses__all_available,1.991074255603672,0.0017940903083169166,conditional deletion from fitted contributions; the GAMM was not refitted,participant,IZTECH,IZTECH::IZTECH_S004,participant_plus_day_to_site_ratio,1.9946464226287899
main__glasses__all_available,0.10037885207245859,0,conditional deletion from fitted contributions; the GAMM was not refitted,participant,IZTECH,IZTECH::IZTECH_S005,site_curve_variation,0.10037885207245859
main__glasses__all_available,0.1803993482406322,0.0027313832355133766,conditional deletion from fitted contributions; the GAMM was not refitted,participant,IZTECH,IZTECH::IZTECH_S005,participant_curve_variation,0.1808920879961142
main__glasses__all_available,0.019462399927889392,0.0022344153435307663,conditional deletion from fitted contributions; the GAMM was not refitted,participant,IZTECH,IZTECH::IZTECH_S005,participant_day_intercept_variation,0.0195058870129102
main__glasses__all_available,0.1998617481685216,0.002682988843121023,conditional deletion from fitted contributions; the GAMM was not refitted,participant,IZTECH,IZTECH::IZTECH_S005,participant_plus_day_variation,0.2003979750090244
main__glasses__all_available,1.7971848105058097,0.0027313832355134898,conditional deletion from fitted contributions; the GAMM was not refitted,participant,IZTECH,IZTECH::IZTECH_S005,participant_to_site_ratio,1.8020936109683448
main__glasses__all_available,1.991074255603672,0.00268298884312106,conditional deletion from fitted contributions; the GAMM was not refitted,participant,IZTECH,IZTECH::IZTECH_S005,participant_plus_day_to_site_ratio,1.9964162856172822
main__glasses__all_available,0.10037885207245859,0,conditional deletion from fitted contributions; the GAMM was not refitted,participant,IZTECH,IZTECH::IZTECH_S006,site_curve_variation,0.10037885207245859
main__glasses__all_available,0.1803993482406322,0.004192431496024517,conditional deletion from fitted contributions; the GAMM was not refitted,participant,IZTECH,IZTECH::IZTECH_S006,participant_curve_variation,0.18115566015005852
main__glasses__all_available,0.019462399927889392,0.0019875909019010296,conditional deletion from fitted contributions; the GAMM was not refitted,participant,IZTECH,IZTECH::IZTECH_S006,participant_day_intercept_variation,0.019501083216915224
main__glasses__all_available,0.1998617481685216,0.003977725631529209,conditional deletion from fitted contributions; the GAMM was not refitted,participant,IZTECH,IZTECH::IZTECH_S006,participant_plus_day_variation,0.20065674336697376
main__glasses__all_available,1.7971848105058097,0.00419243149602462,conditional deletion from fitted contributions; the GAMM was not refitted,participant,IZTECH,IZTECH::IZTECH_S006,participant_to_site_ratio,1.8047193847095513
main__glasses__all_available,1.991074255603672,0.003977725631529221,conditional deletion from fitted contributions; the GAMM was not refitted,participant,IZTECH,IZTECH::IZTECH_S006,participant_plus_day_to_site_ratio,1.9989942027044647
main__glasses__all_available,0.10037885207245859,0,conditional deletion from fitted contributions; the GAMM was not refitted,participant,IZTECH,IZTECH::IZTECH_S007,site_curve_variation,0.10037885207245859
main__glasses__all_available,0.1803993482406322,0.0016347830238353073,conditional deletion from fitted contributions; the GAMM was not refitted,participant,IZTECH,IZTECH::IZTECH_S007,participant_curve_variation,0.18069426203264694
main__glasses__all_available,0.019462399927889392,-2.923166969086199e-4,conditional deletion from fitted contributions; the GAMM was not refitted,participant,IZTECH,IZTECH::IZTECH_S007,participant_day_intercept_variation,0.019456710743428557
main__glasses__all_available,0.1998617481685216,0.0014471233750543858,conditional deletion from fitted contributions; the GAMM was not refitted,participant,IZTECH,IZTECH::IZTECH_S007,participant_plus_day_variation,0.2001509727760755
main__glasses__all_available,1.7971848105058097,0.0016347830238353106,conditional deletion from fitted contributions; the GAMM was not refitted,participant,IZTECH,IZTECH::IZTECH_S007,participant_to_site_ratio,1.8001228177247193
main__glasses__all_available,1.991074255603672,0.0014471233750544318,conditional deletion from fitted contributions; the GAMM was not refitted,participant,IZTECH,IZTECH::IZTECH_S007,participant_plus_day_to_site_ratio,1.9939555857004252
main__glasses__all_available,0.10037885207245859,0,conditional deletion from fitted contributions; the GAMM was not refitted,participant,IZTECH,IZTECH::IZTECH_S008,site_curve_variation,0.10037885207245859
main__glasses__all_available,0.1803993482406322,-0.0010110410810082783,conditional deletion from fitted contributions; the GAMM was not refitted,participant,IZTECH,IZTECH::IZTECH_S008,participant_curve_variation,0.1802169570885738
main__glasses__all_available,0.019462399927889392,8.98723165815816e-4,conditional deletion from fitted contributions; the GAMM was not refitted,participant,IZTECH,IZTECH::IZTECH_S008,participant_day_intercept_variation,0.01947989123756696
main__glasses__all_available,0.1998617481685216,-8.250695487852226e-4,conditional deletion from fitted contributions; the GAMM was not refitted,participant,IZTECH,IZTECH::IZTECH_S008,participant_plus_day_variation,0.19969684832614076
main__glasses__all_available,1.7971848105058097,-0.0010110410810082388,conditional deletion from fitted contributions; the GAMM was not refitted,participant,IZTECH,IZTECH::IZTECH_S008,participant_to_site_ratio,1.7953677828322243
main__glasses__all_available,1.991074255603672,-8.250695487852396e-4,conditional deletion from fitted contributions; the GAMM was not refitted,participant,IZTECH,IZTECH::IZTECH_S008,participant_plus_day_to_site_ratio,1.9894314808660032
main__glasses__all_available,0.10037885207245859,0,conditional deletion from fitted contributions; the GAMM was not refitted,participant,IZTECH,IZTECH::IZTECH_S009,site_curve_variation,0.10037885207245859
main__glasses__all_available,0.1803993482406322,0.0035890806966051196,conditional deletion from fitted contributions; the GAMM was not refitted,participant,IZTECH,IZTECH::IZTECH_S009,participant_curve_variation,0.1810468160590828
main__glasses__all_available,0.019462399927889392,0.0034012196384858614,conditional deletion from fitted contributions; the GAMM was not refitted,participant,IZTECH,IZTECH::IZTECH_S009,participant_day_intercept_variation,0.019528595824736195
main__glasses__all_available,0.1998617481685216,0.0035707869156415724,conditional deletion from fitted contributions; the GAMM was not refitted,participant,IZTECH,IZTECH::IZTECH_S009,participant_plus_day_variation,0.200575411883819
main__glasses__all_available,1.7971848105058097,0.003589080696605231,conditional deletion from fitted contributions; the GAMM was not refitted,participant,IZTECH,IZTECH::IZTECH_S009,participant_to_site_ratio,1.8036350518174282
main__glasses__all_available,1.991074255603672,0.0035707869156415806,conditional deletion from fitted contributions; the GAMM was not refitted,participant,IZTECH,IZTECH::IZTECH_S009,participant_plus_day_to_site_ratio,1.9981839575036524
main__glasses__all_available,0.10037885207245859,0,conditional deletion from fitted contributions; the GAMM was not refitted,participant,IZTECH,IZTECH::IZTECH_S010,site_curve_variation,0.10037885207245859
main__glasses__all_available,0.1803993482406322,0.00274538837792644,conditional deletion from fitted contributions; the GAMM was not refitted,participant,IZTECH,IZTECH::IZTECH_S010,participant_curve_variation,0.18089461451467753
main__glasses__all_available,0.019462399927889392,0.002333272489922449,conditional deletion from fitted contributions; the GAMM was not refitted,participant,IZTECH,IZTECH::IZTECH_S010,participant_day_intercept_variation,0.019507811010229005
main__glasses__all_available,0.1998617481685216,0.0027052568154714855,conditional deletion from fitted contributions; the GAMM was not refitted,participant,IZTECH,IZTECH::IZTECH_S010,participant_plus_day_variation,0.20040242552490653
main__glasses__all_available,1.7971848105058097,0.002745388377926439,conditional deletion from fitted contributions; the GAMM was not refitted,participant,IZTECH,IZTECH::IZTECH_S010,participant_to_site_ratio,1.8021187807975583
main__glasses__all_available,1.991074255603672,0.0027052568154715554,conditional deletion from fitted contributions; the GAMM was not refitted,participant,IZTECH,IZTECH::IZTECH_S010,participant_plus_day_to_site_ratio,1.9964606228037538
main__glasses__all_available,0.10037885207245859,0,conditional deletion from fitted contributions; the GAMM was not refitted,participant,IZTECH,IZTECH::IZTECH_S011,site_curve_variation,0.10037885207245859
main__glasses__all_available,0.1803993482406322,-0.007456630335140786,conditional deletion from fitted contributions; the GAMM was not refitted,participant,IZTECH,IZTECH::IZTECH_S011,participant_curve_variation,0.17905417698810147
main__glasses__all_available,0.019462399927889392,0.003586322155144998,conditional deletion from fitted contributions; the GAMM was not refitted,participant,IZTECH,IZTECH::IZTECH_S011,participant_day_intercept_variation,0.019532198363943074
main__glasses__all_available,0.1998617481685216,-0.006381275197301221,conditional deletion from fitted contributions; the GAMM was not refitted,participant,IZTECH,IZTECH::IZTECH_S011,participant_plus_day_variation,0.19858637535204454
main__glasses__all_available,1.7971848105058097,-0.007456630335140678,conditional deletion from fitted contributions; the GAMM was not refitted,participant,IZTECH,IZTECH::IZTECH_S011,participant_to_site_ratio,1.783783867729938
main__glasses__all_available,1.991074255603672,-0.0063812751973011984,conditional deletion from fitted contributions; the GAMM was not refitted,participant,IZTECH,IZTECH::IZTECH_S011,participant_plus_day_to_site_ratio,1.9783686628404034
main__glasses__all_available,0.10037885207245859,0,conditional deletion from fitted contributions; the GAMM was not refitted,participant,IZTECH,IZTECH::IZTECH_S012,site_curve_variation,0.10037885207245859
main__glasses__all_available,0.1803993482406322,-0.0018865040608613665,conditional deletion from fitted contributions; the GAMM was not refitted,participant,IZTECH,IZTECH::IZTECH_S012,participant_curve_variation,0.1800590241375995
main__glasses__all_available,0.019462399927889392,-0.00134224554217813,conditional deletion from fitted contributions; the GAMM was not refitted,participant,IZTECH,IZTECH::IZTECH_S012,participant_day_intercept_variation,0.019436276608346095
main__glasses__all_available,0.1998617481685216,-0.0018335045396831455,conditional deletion from fitted contributions; the GAMM was not refitted,participant,IZTECH,IZTECH::IZTECH_S012,participant_plus_day_variation,0.1994953007459456
main__glasses__all_available,1.7971848105058097,-0.0018865040608612874,conditional deletion from fitted contributions; the GAMM was not refitted,participant,IZTECH,IZTECH::IZTECH_S012,participant_to_site_ratio,1.7937944140626723
main__glasses__all_available,1.991074255603672,-0.0018335045396831553,conditional deletion from fitted contributions; the GAMM was not refitted,participant,IZTECH,IZTECH::IZTECH_S012,participant_plus_day_to_site_ratio,1.9874236119171764
main__glasses__all_available,0.10037885207245859,0,conditional deletion from fitted contributions; the GAMM was not refitted,participant,IZTECH,IZTECH::IZTECH_S013,site_curve_variation,0.10037885207245859
main__glasses__all_available,0.1803993482406322,-0.002872980826781462,conditional deletion from fitted contributions; the GAMM was not refitted,participant,IZTECH,IZTECH::IZTECH_S013,participant_curve_variation,0.179881064371973
main__glasses__all_available,0.019462399927889392,-0.006678531417846951,conditional deletion from fitted contributions; the GAMM was not refitted,participant,IZTECH,IZTECH::IZTECH_S013,participant_day_intercept_variation,0.01933241967850428
main__glasses__all_available,0.1998617481685216,-0.003243562732663198,conditional deletion from fitted contributions; the GAMM was not refitted,participant,IZTECH,IZTECH::IZTECH_S013,participant_plus_day_variation,0.19921348405047726
main__glasses__all_available,1.7971848105058097,-0.0028729808267813728,conditional deletion from fitted contributions; the GAMM was not refitted,participant,IZTECH,IZTECH::IZTECH_S013,participant_to_site_ratio,1.7920215330030438
main__glasses__all_available,1.991074255603672,-0.0032435627326631456,conditional deletion from fitted contributions; the GAMM was not refitted,participant,IZTECH,IZTECH::IZTECH_S013,participant_plus_day_to_site_ratio,1.984616081350231
main__glasses__all_available,0.10037885207245859,0,conditional deletion from fitted contributions; the GAMM was not refitted,participant,IZTECH,IZTECH::IZTECH_S014,site_curve_variation,0.10037885207245859
main__glasses__all_available,0.1803993482406322,0.003090950406398965,conditional deletion from fitted contributions; the GAMM was not refitted,participant,IZTECH,IZTECH::IZTECH_S014,participant_curve_variation,0.1809569536793907
main__glasses__all_available,0.019462399927889392,-0.0017561900048998324,conditional deletion from fitted contributions; the GAMM was not refitted,participant,IZTECH,IZTECH::IZTECH_S014,participant_day_intercept_variation,0.01942822025566467
main__glasses__all_available,0.1998617481685216,0.0026189391983724025,conditional deletion from fitted contributions; the GAMM was not refitted,participant,IZTECH,IZTECH::IZTECH_S014,participant_plus_day_variation,0.20038517393505537
main__glasses__all_available,1.7971848105058097,0.003090950406399017,conditional deletion from fitted contributions; the GAMM was not refitted,participant,IZTECH,IZTECH::IZTECH_S014,participant_to_site_ratio,1.8027398196262168
main__glasses__all_available,1.991074255603672,0.002618939198372422,conditional deletion from fitted contributions; the GAMM was not refitted,participant,IZTECH,IZTECH::IZTECH_S014,participant_plus_day_to_site_ratio,1.9962887580185427
main__glasses__all_available,0.10037885207245859,0,conditional deletion from fitted contributions; the GAMM was not refitted,participant,IZTECH,IZTECH::IZTECH_S015,site_curve_variation,0.10037885207245859
main__glasses__all_available,0.1803993482406322,-0.007230589086108912,conditional deletion from fitted contributions; the GAMM was not refitted,participant,IZTECH,IZTECH::IZTECH_S015,participant_curve_variation,0.17909495468210232
main__glasses__all_available,0.019462399927889392,-2.5534154405194853e-4,conditional deletion from fitted contributions; the GAMM was not refitted,participant,IZTECH,IZTECH::IZTECH_S015,participant_day_intercept_variation,0.019457430368640848
main__glasses__all_available,0.1998617481685216,-0.006551344265608999,conditional deletion from fitted contributions; the GAMM was not refitted,participant,IZTECH,IZTECH::IZTECH_S015,participant_plus_day_variation,0.19855238505074316
main__glasses__all_available,1.7971848105058097,-0.007230589086108876,conditional deletion from fitted contributions; the GAMM was not refitted,participant,IZTECH,IZTECH::IZTECH_S015,participant_to_site_ratio,1.7841901056292457
main__glasses__all_available,1.991074255603672,-0.006551344265609023,conditional deletion from fitted contributions; the GAMM was not refitted,participant,IZTECH,IZTECH::IZTECH_S015,participant_plus_day_to_site_ratio,1.9780300426968211
main__glasses__all_available,0.10037885207245859,0,conditional deletion from fitted contributions; the GAMM was not refitted,participant,IZTECH,IZTECH::IZTECH_S016,site_curve_variation,0.10037885207245859
main__glasses__all_available,0.1803993482406322,0.002285747732004923,conditional deletion from fitted contributions; the GAMM was not refitted,participant,IZTECH,IZTECH::IZTECH_S016,participant_curve_variation,0.1808116956417284
main__glasses__all_available,0.019462399927889392,0.0033980129920460206,conditional deletion from fitted contributions; the GAMM was not refitted,participant,IZTECH,IZTECH::IZTECH_S016,participant_day_intercept_variation,0.019528533415700756
main__glasses__all_available,0.1998617481685216,0.0023940593599937458,conditional deletion from fitted contributions; the GAMM was not refitted,participant,IZTECH,IZTECH::IZTECH_S016,participant_plus_day_variation,0.20034022905742915
main__glasses__all_available,1.7971848105058097,0.0022857477320049487,conditional deletion from fitted contributions; the GAMM was not refitted,participant,IZTECH,IZTECH::IZTECH_S016,participant_to_site_ratio,1.801292721610417
main__glasses__all_available,1.991074255603672,0.0023940593599937614,conditional deletion from fitted contributions; the GAMM was not refitted,participant,IZTECH,IZTECH::IZTECH_S016,participant_plus_day_to_site_ratio,1.9958410055617426
main__glasses__all_available,0.10037885207245859,0,conditional deletion from fitted contributions; the GAMM was not refitted,participant,IZTECH,IZTECH::IZTECH_S017,site_curve_variation,0.10037885207245859
main__glasses__all_available,0.1803993482406322,0.0016237991918879651,conditional deletion from fitted contributions; the GAMM was not refitted,participant,IZTECH,IZTECH::IZTECH_S017,participant_curve_variation,0.18069228055652245
main__glasses__all_available,0.019462399927889392,0.002881309177270896,conditional deletion from fitted contributions; the GAMM was not refitted,participant,IZTECH,IZTECH::IZTECH_S017,participant_day_intercept_variation,0.019518477119413336
main__glasses__all_available,0.1998617481685216,0.0017462546515900762,conditional deletion from fitted contributions; the GAMM was not refitted,participant,IZTECH,IZTECH::IZTECH_S017,participant_plus_day_variation,0.2002107576759358
main__glasses__all_available,1.7971848105058097,0.0016237991918880647,conditional deletion from fitted contributions; the GAMM was not refitted,participant,IZTECH,IZTECH::IZTECH_S017,participant_to_site_ratio,1.8001030777487825
main__glasses__all_available,1.991074255603672,0.001746254651590067,conditional deletion from fitted contributions; the GAMM was not refitted,participant,IZTECH,IZTECH::IZTECH_S017,participant_plus_day_to_site_ratio,1.9945511782841812
main__glasses__all_available,0.10037885207245859,0,conditional deletion from fitted contributions; the GAMM was not refitted,participant,KNUST,KNUST::KNUST_S001,site_curve_variation,0.10037885207245859
main__glasses__all_available,0.1803993482406322,0.00582525566931302,conditional deletion from fitted contributions; the GAMM was not refitted,participant,KNUST,KNUST::KNUST_S001,participant_curve_variation,0.1814502205667113
main__glasses__all_available,0.019462399927889392,-0.004877323350751085,conditional deletion from fitted contributions; the GAMM was not refitted,participant,KNUST,KNUST::KNUST_S001,participant_day_intercept_variation,0.01936747551025944
main__glasses__all_available,0.1998617481685216,0.004783045866501254,conditional deletion from fitted contributions; the GAMM was not refitted,participant,KNUST,KNUST::KNUST_S001,participant_plus_day_variation,0.20081769607697075
main__glasses__all_available,1.7971848105058097,0.005825255669313109,conditional deletion from fitted contributions; the GAMM was not refitted,participant,KNUST,KNUST::KNUST_S001,participant_to_site_ratio,1.807653871512012
main__glasses__all_available,1.991074255603672,0.004783045866501179,conditional deletion from fitted contributions; the GAMM was not refitted,participant,KNUST,KNUST::KNUST_S001,participant_plus_day_to_site_ratio,2.000597655091834
main__glasses__all_available,0.10037885207245859,0,conditional deletion from fitted contributions; the GAMM was not refitted,participant,KNUST,KNUST::KNUST_S002,site_curve_variation,0.10037885207245859
main__glasses__all_available,0.1803993482406322,-0.008984031509271595,conditional deletion from fitted contributions; the GAMM was not refitted,participant,KNUST,KNUST::KNUST_S002,participant_curve_variation,0.1787786348117863
main__glasses__all_available,0.019462399927889392,-0.006103798031870461,conditional deletion from fitted contributions; the GAMM was not refitted,participant,KNUST,KNUST::KNUST_S002,participant_day_intercept_variation,0.019343605369514065
main__glasses__all_available,0.1998617481685216,-0.00870355634913433,conditional deletion from fitted contributions; the GAMM was not refitted,participant,KNUST,KNUST::KNUST_S002,participant_plus_day_variation,0.19812224018130037
main__glasses__all_available,1.7971848105058097,-0.00898403150927155,conditional deletion from fitted contributions; the GAMM was not refitted,participant,KNUST,KNUST::KNUST_S002,participant_to_site_ratio,1.7810388455402413
main__glasses__all_available,1.991074255603672,-0.00870355634913432,conditional deletion from fitted contributions; the GAMM was not refitted,participant,KNUST,KNUST::KNUST_S002,participant_plus_day_to_site_ratio,1.9737448286247148
main__glasses__all_available,0.10037885207245859,0,conditional deletion from fitted contributions; the GAMM was not refitted,participant,KNUST,KNUST::KNUST_S003,site_curve_variation,0.10037885207245859
main__glasses__all_available,0.1803993482406322,0.007300810512247068,conditional deletion from fitted contributions; the GAMM was not refitted,participant,KNUST,KNUST::KNUST_S003,participant_curve_variation,0.18171640969866992
main__glasses__all_available,0.019462399927889392,-2.3636268176107845e-5,conditional deletion from fitted contributions; the GAMM was not refitted,participant,KNUST,KNUST::KNUST_S003,participant_day_intercept_variation,0.019461939909385346
main__glasses__all_available,0.1998617481685216,0.006587560909471989,conditional deletion from fitted contributions; the GAMM was not refitted,participant,KNUST,KNUST::KNUST_S003,participant_plus_day_variation,0.20117834960805528
main__glasses__all_available,1.7971848105058097,0.007300810512247113,conditional deletion from fitted contributions; the GAMM was not refitted,participant,KNUST,KNUST::KNUST_S003,participant_to_site_ratio,1.8103057162628013
main__glasses__all_available,1.991074255603672,0.006587560909472067,conditional deletion from fitted contributions; the GAMM was not refitted,participant,KNUST,KNUST::KNUST_S003,participant_plus_day_to_site_ratio,2.004190578537743
main__glasses__all_available,0.10037885207245859,0,conditional deletion from fitted contributions; the GAMM was not refitted,participant,KNUST,KNUST::KNUST_S004,site_curve_variation,0.10037885207245859
main__glasses__all_available,0.1803993482406322,0.0019867847356951542,conditional deletion from fitted contributions; the GAMM was not refitted,participant,KNUST,KNUST::KNUST_S004,participant_curve_variation,0.18075776291204604
main__glasses__all_available,0.019462399927889392,-0.004589768919812595,conditional deletion from fitted contributions; the GAMM was not refitted,participant,KNUST,KNUST::KNUST_S004,participant_day_intercept_variation,0.019373072009595402
main__glasses__all_available,0.1998617481685216,0.0013463644523561082,conditional deletion from fitted contributions; the GAMM was not refitted,participant,KNUST,KNUST::KNUST_S004,participant_plus_day_variation,0.20013083492164144
main__glasses__all_available,1.7971848105058097,0.0019867847356951638,conditional deletion from fitted contributions; the GAMM was not refitted,participant,KNUST,KNUST::KNUST_S004,participant_to_site_ratio,1.8007554298545458
main__glasses__all_available,1.991074255603672,0.001346364452356144,conditional deletion from fitted contributions; the GAMM was not refitted,participant,KNUST,KNUST::KNUST_S004,participant_plus_day_to_site_ratio,1.9937549672034183
main__glasses__all_available,0.10037885207245859,0,conditional deletion from fitted contributions; the GAMM was not refitted,participant,KNUST,KNUST::KNUST_S005,site_curve_variation,0.10037885207245859
main__glasses__all_available,0.1803993482406322,-0.03529304839202979,conditional deletion from fitted contributions; the GAMM was not refitted,participant,KNUST,KNUST::KNUST_S005,participant_curve_variation,0.17403250531328493
main__glasses__all_available,0.019462399927889392,0.0075468184839631225,conditional deletion from fitted contributions; the GAMM was not refitted,participant,KNUST,KNUST::KNUST_S005,participant_day_intercept_variation,0.01960927912740747
main__glasses__all_available,0.1998617481685216,-0.03112133154456632,conditional deletion from fitted contributions; the GAMM was not refitted,participant,KNUST,KNUST::KNUST_S005,participant_plus_day_variation,0.1936417844406924
main__glasses__all_available,1.7971848105058097,-0.03529304839202968,conditional deletion from fitted contributions; the GAMM was not refitted,participant,KNUST,KNUST::KNUST_S005,participant_to_site_ratio,1.7337566800192075
main__glasses__all_available,1.991074255603672,-0.031121331544566276,conditional deletion from fitted contributions; the GAMM was not refitted,participant,KNUST,KNUST::KNUST_S005,participant_plus_day_to_site_ratio,1.9291093735651796
main__glasses__all_available,0.10037885207245859,0,conditional deletion from fitted contributions; the GAMM was not refitted,participant,KNUST,KNUST::KNUST_S006,site_curve_variation,0.10037885207245859
main__glasses__all_available,0.1803993482406322,0.006552190896345649,conditional deletion from fitted contributions; the GAMM was not refitted,participant,KNUST,KNUST::KNUST_S006,participant_curve_variation,0.18158135920788115
main__glasses__all_available,0.019462399927889392,0.006973977557831494,conditional deletion from fitted contributions; the GAMM was not refitted,participant,KNUST,KNUST::KNUST_S006,participant_day_intercept_variation,0.019598130268208034
main__glasses__all_available,0.1998617481685216,0.006593264192087854,conditional deletion from fitted contributions; the GAMM was not refitted,participant,KNUST,KNUST::KNUST_S006,participant_plus_day_variation,0.20117948947608918
main__glasses__all_available,1.7971848105058097,0.006552190896345666,conditional deletion from fitted contributions; the GAMM was not refitted,participant,KNUST,KNUST::KNUST_S006,participant_to_site_ratio,1.8089603084602566
main__glasses__all_available,1.991074255603672,0.006593264192087978,conditional deletion from fitted contributions; the GAMM was not refitted,participant,KNUST,KNUST::KNUST_S006,participant_plus_day_to_site_ratio,2.004201934196932
main__glasses__all_available,0.10037885207245859,0,conditional deletion from fitted contributions; the GAMM was not refitted,participant,KNUST,KNUST::KNUST_S007,site_curve_variation,0.10037885207245859
main__glasses__all_available,0.1803993482406322,0.007992247779909928,conditional deletion from fitted contributions; the GAMM was not refitted,participant,KNUST,KNUST::KNUST_S007,participant_curve_variation,0.1818411445311056
main__glasses__all_available,0.019462399927889392,0.005785634387585834,conditional deletion from fitted contributions; the GAMM was not refitted,participant,KNUST,KNUST::KNUST_S007,participant_day_intercept_variation,0.019575002258177137
main__glasses__all_available,0.1998617481685216,0.007777369281541893,conditional deletion from fitted contributions; the GAMM was not refitted,participant,KNUST,KNUST::KNUST_S007,participant_plus_day_variation,0.2014161467892827
main__glasses__all_available,1.7971848105058097,0.007992247779909978,conditional deletion from fitted contributions; the GAMM was not refitted,participant,KNUST,KNUST::KNUST_S007,participant_to_site_ratio,1.8115483568176627
main__glasses__all_available,1.991074255603672,0.007777369281541885,conditional deletion from fitted contributions; the GAMM was not refitted,participant,KNUST,KNUST::KNUST_S007,participant_plus_day_to_site_ratio,2.006559575356473
main__glasses__all_available,0.10037885207245859,0,conditional deletion from fitted contributions; the GAMM was not refitted,participant,KNUST,KNUST::KNUST_S008,site_curve_variation,0.10037885207245859
main__glasses__all_available,0.1803993482406322,-0.00633806377291769,conditional deletion from fitted contributions; the GAMM was not refitted,participant,KNUST,KNUST::KNUST_S008,participant_curve_variation,0.17925596566689028
main__glasses__all_available,0.019462399927889392,0.003764465034148554,conditional deletion from fitted contributions; the GAMM was not refitted,participant,KNUST,KNUST::KNUST_S008,participant_day_intercept_variation,0.019535665451898547
main__glasses__all_available,0.1998617481685216,-0.005354286448202395,conditional deletion from fitted contributions; the GAMM was not refitted,participant,KNUST,KNUST::KNUST_S008,participant_plus_day_variation,0.19879163111878884
main__glasses__all_available,1.7971848105058097,-0.006338063772917594,conditional deletion from fitted contributions; the GAMM was not refitted,participant,KNUST,KNUST::KNUST_S008,participant_to_site_ratio,1.785794138565105
main__glasses__all_available,1.991074255603672,-0.00535428644820235,conditional deletion from fitted contributions; the GAMM was not refitted,participant,KNUST,KNUST::KNUST_S008,participant_plus_day_to_site_ratio,1.9804134736995287
main__glasses__all_available,0.10037885207245859,0,conditional deletion from fitted contributions; the GAMM was not refitted,participant,KNUST,KNUST::KNUST_S009,site_curve_variation,0.10037885207245859
main__glasses__all_available,0.1803993482406322,0.008686651651070673,conditional deletion from fitted contributions; the GAMM was not refitted,participant,KNUST,KNUST::KNUST_S009,participant_curve_variation,0.18196641453687876
main__glasses__all_available,0.019462399927889392,-0.006207542793573283,conditional deletion from fitted contributions; the GAMM was not refitted,participant,KNUST,KNUST::KNUST_S009,participant_day_intercept_variation,0.01934158624747138
main__glasses__all_available,0.1998617481685216,0.007236265213736994,conditional deletion from fitted contributions; the GAMM was not refitted,participant,KNUST,KNUST::KNUST_S009,participant_plus_day_variation,0.20130800078435013
main__glasses__all_available,1.7971848105058097,0.008686651651070758,conditional deletion from fitted contributions; the GAMM was not refitted,participant,KNUST,KNUST::KNUST_S009,participant_to_site_ratio,1.8127963289072693
main__glasses__all_available,1.991074255603672,0.007236265213737083,conditional deletion from fitted contributions; the GAMM was not refitted,participant,KNUST,KNUST::KNUST_S009,participant_plus_day_to_site_ratio,2.0054821969774643
main__glasses__all_available,0.10037885207245859,0,conditional deletion from fitted contributions; the GAMM was not refitted,participant,KNUST,KNUST::KNUST_S010,site_curve_variation,0.10037885207245859
main__glasses__all_available,0.1803993482406322,0.007746467894657692,conditional deletion from fitted contributions; the GAMM was not refitted,participant,KNUST,KNUST::KNUST_S010,participant_curve_variation,0.18179680599999543
main__glasses__all_available,0.019462399927889392,0.006313527425275497,conditional deletion from fitted contributions; the GAMM was not refitted,participant,KNUST,KNUST::KNUST_S010,participant_day_intercept_variation,0.0195852763235958
main__glasses__all_available,0.1998617481685216,0.007606929134772223,conditional deletion from fitted contributions; the GAMM was not refitted,participant,KNUST,KNUST::KNUST_S010,participant_plus_day_variation,0.20138208232359123
main__glasses__all_available,1.7971848105058097,0.007746467894657723,conditional deletion from fitted contributions; the GAMM was not refitted,participant,KNUST,KNUST::KNUST_S010,participant_to_site_ratio,1.8111066449411595
main__glasses__all_available,1.991074255603672,0.007606929134772183,conditional deletion from fitted contributions; the GAMM was not refitted,participant,KNUST,KNUST::KNUST_S010,participant_plus_day_to_site_ratio,2.0062202163681184
main__glasses__all_available,0.10037885207245859,0,conditional deletion from fitted contributions; the GAMM was not refitted,participant,KNUST,KNUST::KNUST_S011,site_curve_variation,0.10037885207245859
main__glasses__all_available,0.1803993482406322,0.009792123841247013,conditional deletion from fitted contributions; the GAMM was not refitted,participant,KNUST,KNUST::KNUST_S011,participant_curve_variation,0.1821658409994847
main__glasses__all_available,0.019462399927889392,-0.022267087565450892,conditional deletion from fitted contributions; the GAMM was not refitted,participant,KNUST,KNUST::KNUST_S011,participant_day_intercept_variation,0.019029028964461254
main__glasses__all_available,0.1998617481685216,0.006670219827659616,conditional deletion from fitted contributions; the GAMM was not refitted,participant,KNUST,KNUST::KNUST_S011,participant_plus_day_variation,0.20119486996394598
main__glasses__all_available,1.7971848105058097,0.009792123841247013,conditional deletion from fitted contributions; the GAMM was not refitted,participant,KNUST,KNUST::KNUST_S011,participant_to_site_ratio,1.8147830667358906
main__glasses__all_available,1.991074255603672,0.006670219827659642,conditional deletion from fitted contributions; the GAMM was not refitted,participant,KNUST,KNUST::KNUST_S011,participant_plus_day_to_site_ratio,2.0043551585817423
main__glasses__all_available,0.10037885207245859,0,conditional deletion from fitted contributions; the GAMM was not refitted,participant,KNUST,KNUST::KNUST_S012,site_curve_variation,0.10037885207245859
main__glasses__all_available,0.1803993482406322,0.0020257728657678076,conditional deletion from fitted contributions; the GAMM was not refitted,participant,KNUST,KNUST::KNUST_S012,participant_curve_variation,0.18076479634530027
main__glasses__all_available,0.019462399927889392,0.005150412880469916,conditional deletion from fitted contributions; the GAMM was not refitted,participant,KNUST,KNUST::KNUST_S012,participant_day_intercept_variation,0.01956263932316285
main__glasses__all_available,0.1998617481685216,0.002330048166840118,conditional deletion from fitted contributions; the GAMM was not refitted,participant,KNUST,KNUST::KNUST_S012,participant_plus_day_variation,0.20032743566846312
main__glasses__all_available,1.7971848105058097,0.002025772865767876,conditional deletion from fitted contributions; the GAMM was not refitted,participant,KNUST,KNUST::KNUST_S012,participant_to_site_ratio,1.8008254987297025
main__glasses__all_available,1.991074255603672,0.0023300481668401887,conditional deletion from fitted contributions; the GAMM was not refitted,participant,KNUST,KNUST::KNUST_S012,participant_plus_day_to_site_ratio,1.995713554522984
main__glasses__all_available,0.10037885207245859,0,conditional deletion from fitted contributions; the GAMM was not refitted,participant,KNUST,KNUST::KNUST_S013,site_curve_variation,0.10037885207245859
main__glasses__all_available,0.1803993482406322,-0.014541792607439393,conditional deletion from fitted contributions; the GAMM was not refitted,participant,KNUST,KNUST::KNUST_S013,participant_curve_variation,0.17777601833199969
main__glasses__all_available,0.019462399927889392,0.006648588896303545,conditional deletion from fitted contributions; the GAMM was not refitted,participant,KNUST,KNUST::KNUST_S013,participant_day_intercept_variation,0.019591797423945376
main__glasses__all_available,0.1998617481685216,-0.012478287793588555,conditional deletion from fitted contributions; the GAMM was not refitted,participant,KNUST,KNUST::KNUST_S013,participant_plus_day_variation,0.19736781575594506
main__glasses__all_available,1.7971848105058097,-0.014541792607439317,conditional deletion from fitted contributions; the GAMM was not refitted,participant,KNUST,KNUST::KNUST_S013,participant_to_site_ratio,1.771050521714194
main__glasses__all_available,1.991074255603672,-0.012478287793588503,conditional deletion from fitted contributions; the GAMM was not refitted,participant,KNUST,KNUST::KNUST_S013,participant_plus_day_to_site_ratio,1.9662290580238444
main__glasses__all_available,0.10037885207245859,0,conditional deletion from fitted contributions; the GAMM was not refitted,participant,KNUST,KNUST::KNUST_S014,site_curve_variation,0.10037885207245859
main__glasses__all_available,0.1803993482406322,0.00864006314752815,conditional deletion from fitted contributions; the GAMM was not refitted,participant,KNUST,KNUST::KNUST_S014,participant_curve_variation,0.18195801000120418
main__glasses__all_available,0.019462399927889392,9.486624650564088e-4,conditional deletion from fitted contributions; the GAMM was not refitted,participant,KNUST,KNUST::KNUST_S014,participant_day_intercept_variation,0.019480863176180897
main__glasses__all_available,0.1998617481685216,0.007891079825508485,conditional deletion from fitted contributions; the GAMM was not refitted,participant,KNUST,KNUST::KNUST_S014,participant_plus_day_variation,0.20143887317738507
main__glasses__all_available,1.7971848105058097,0.008640063147528158,conditional deletion from fitted contributions; the GAMM was not refitted,participant,KNUST,KNUST::KNUST_S014,participant_to_site_ratio,1.8127126007563583
main__glasses__all_available,1.991074255603672,0.007891079825508475,conditional deletion from fitted contributions; the GAMM was not refitted,participant,KNUST,KNUST::KNUST_S014,participant_plus_day_to_site_ratio,2.0067859814931555
main__glasses__all_available,0.10037885207245859,0,conditional deletion from fitted contributions; the GAMM was not refitted,participant,KNUST,KNUST::KNUST_S015,site_curve_variation,0.10037885207245859
main__glasses__all_available,0.1803993482406322,-0.001391432712123992,conditional deletion from fitted contributions; the GAMM was not refitted,participant,KNUST,KNUST::KNUST_S015,participant_curve_variation,0.18014833468624433
main__glasses__all_available,0.019462399927889392,9.37069799000589e-4,conditional deletion from fitted contributions; the GAMM was not refitted,participant,KNUST,KNUST::KNUST_S015,participant_day_intercept_variation,0.01948063755507789
main__glasses__all_available,0.1998617481685216,-0.0011646847349853506,conditional deletion from fitted contributions; the GAMM was not refitted,participant,KNUST,KNUST::KNUST_S015,participant_plus_day_variation,0.19962897224132223
main__glasses__all_available,1.7971848105058097,-0.0013914327121239245,conditional deletion from fitted contributions; the GAMM was not refitted,participant,KNUST,KNUST::KNUST_S015,participant_to_site_ratio,1.7946841487707397
main__glasses__all_available,1.991074255603672,-0.0011646847349853753,conditional deletion from fitted contributions; the GAMM was not refitted,participant,KNUST,KNUST::KNUST_S015,participant_plus_day_to_site_ratio,1.988755281811948
main__glasses__all_available,0.10037885207245859,0,conditional deletion from fitted contributions; the GAMM was not refitted,participant,MPI,MPI::MPI_S201,site_curve_variation,0.10037885207245859
main__glasses__all_available,0.1803993482406322,-0.0062047590952583,conditional deletion from fitted contributions; the GAMM was not refitted,participant,MPI,MPI::MPI_S201,participant_curve_variation,0.17928001374385746
main__glasses__all_available,0.019462399927889392,0.001343488239151987,conditional deletion from fitted contributions; the GAMM was not refitted,participant,MPI,MPI::MPI_S201,participant_day_intercept_variation,0.019488547433298184
main__glasses__all_available,0.1998617481685216,-0.005469715948067223,conditional deletion from fitted contributions; the GAMM was not refitted,participant,MPI,MPI::MPI_S201,participant_plus_day_variation,0.19876856117715563
main__glasses__all_available,1.7971848105058097,-0.006204759095258254,conditional deletion from fitted contributions; the GAMM was not refitted,participant,MPI,MPI::MPI_S201,participant_to_site_ratio,1.7860337117069638
main__glasses__all_available,1.991074255603672,-0.005469715948067155,conditional deletion from fitted contributions; the GAMM was not refitted,participant,MPI,MPI::MPI_S201,participant_plus_day_to_site_ratio,1.9801836449940107
main__glasses__all_available,0.10037885207245859,0,conditional deletion from fitted contributions; the GAMM was not refitted,participant,MPI,MPI::MPI_S202,site_curve_variation,0.10037885207245859
main__glasses__all_available,0.1803993482406322,0.003943492780747927,conditional deletion from fitted contributions; the GAMM was not refitted,participant,MPI,MPI::MPI_S202,participant_curve_variation,0.18111075176807076
main__glasses__all_available,0.019462399927889392,-0.0014518635869213657,conditional deletion from fitted contributions; the GAMM was not refitted,participant,MPI,MPI::MPI_S202,participant_day_intercept_variation,0.01943414317811999
main__glasses__all_available,0.1998617481685216,0.003418096678975928,conditional deletion from fitted contributions; the GAMM was not refitted,participant,MPI,MPI::MPI_S202,participant_plus_day_variation,0.20054489494619074
main__glasses__all_available,1.7971848105058097,0.0039434927807479765,conditional deletion from fitted contributions; the GAMM was not refitted,participant,MPI,MPI::MPI_S202,participant_to_site_ratio,1.8042719958317093
main__glasses__all_available,1.991074255603672,0.003418096678975943,conditional deletion from fitted contributions; the GAMM was not refitted,participant,MPI,MPI::MPI_S202,participant_plus_day_to_site_ratio,1.9978799399043454
main__glasses__all_available,0.10037885207245859,0,conditional deletion from fitted contributions; the GAMM was not refitted,participant,MPI,MPI::MPI_S204,site_curve_variation,0.10037885207245859
main__glasses__all_available,0.1803993482406322,-0.004491140039497054,conditional deletion from fitted contributions; the GAMM was not refitted,participant,MPI,MPI::MPI_S204,participant_curve_variation,0.17958914950464952
main__glasses__all_available,0.019462399927889392,4.333377244056399e-5,conditional deletion from fitted contributions; the GAMM was not refitted,participant,MPI,MPI::MPI_S204,participant_day_intercept_variation,0.019463243307099014
main__glasses__all_available,0.1998617481685216,-0.004049576090421395,conditional deletion from fitted contributions; the GAMM was not refitted,participant,MPI,MPI::MPI_S204,participant_plus_day_variation,0.19905239281174852
main__glasses__all_available,1.7971848105058097,-0.004491140039496984,conditional deletion from fitted contributions; the GAMM was not refitted,participant,MPI,MPI::MPI_S204,participant_to_site_ratio,1.7891134018449713
main__glasses__all_available,1.991074255603672,-0.0040495760904214135,conditional deletion from fitted contributions; the GAMM was not refitted,participant,MPI,MPI::MPI_S204,participant_plus_day_to_site_ratio,1.9830112489039258
main__glasses__all_available,0.10037885207245859,0,conditional deletion from fitted contributions; the GAMM was not refitted,participant,MPI,MPI::MPI_S205,site_curve_variation,0.10037885207245859
main__glasses__all_available,0.1803993482406322,4.830902774043459e-5,conditional deletion from fitted contributions; the GAMM was not refitted,participant,MPI,MPI::MPI_S205,participant_curve_variation,0.1804080631577507
main__glasses__all_available,0.019462399927889392,-4.7046391992720777e-4,conditional deletion from fitted contributions; the GAMM was not refitted,participant,MPI,MPI::MPI_S205,participant_day_intercept_variation,0.019453243570928126
main__glasses__all_available,0.1998617481685216,-2.2087260159008413e-6,conditional deletion from fitted contributions; the GAMM was not refitted,participant,MPI,MPI::MPI_S205,participant_plus_day_variation,0.19986130672867883
main__glasses__all_available,1.7971848105058097,4.830902774047335e-5,conditional deletion from fitted contributions; the GAMM was not refitted,participant,MPI,MPI::MPI_S205,participant_to_site_ratio,1.7972716307566752
main__glasses__all_available,1.991074255603672,-2.20872601589617e-6,conditional deletion from fitted contributions; the GAMM was not refitted,participant,MPI,MPI::MPI_S205,participant_plus_day_to_site_ratio,1.991069857866164
main__glasses__all_available,0.10037885207245859,0,conditional deletion from fitted contributions; the GAMM was not refitted,participant,MPI,MPI::MPI_S206,site_curve_variation,0.10037885207245859
main__glasses__all_available,0.1803993482406322,-0.020109779489645853,conditional deletion from fitted contributions; the GAMM was not refitted,participant,MPI,MPI::MPI_S206,participant_curve_variation,0.17677155712743725
main__glasses__all_available,0.019462399927889392,2.1256896468173188e-4,conditional deletion from fitted contributions; the GAMM was not refitted,participant,MPI,MPI::MPI_S206,participant_day_intercept_variation,0.019466537030092285
main__glasses__all_available,0.1998617481685216,-0.018130803138660695,conditional deletion from fitted contributions; the GAMM was not refitted,participant,MPI,MPI::MPI_S206,participant_plus_day_variation,0.19623809415752955
main__glasses__all_available,1.7971848105058097,-0.0201097794896458,conditional deletion from fitted contributions; the GAMM was not refitted,participant,MPI,MPI::MPI_S206,participant_to_site_ratio,1.761043820264397
main__glasses__all_available,1.991074255603672,-0.018130803138660723,conditional deletion from fitted contributions; the GAMM was not refitted,participant,MPI,MPI::MPI_S206,participant_plus_day_to_site_ratio,1.9549744802408664
main__glasses__all_available,0.10037885207245859,0,conditional deletion from fitted contributions; the GAMM was not refitted,participant,MPI,MPI::MPI_S208,site_curve_variation,0.10037885207245859
main__glasses__all_available,0.1803993482406322,0.0022405380422951026,conditional deletion from fitted contributions; the GAMM was not refitted,participant,MPI,MPI::MPI_S208,participant_curve_variation,0.18080353984317057
main__glasses__all_available,0.019462399927889392,5.995896952102978e-4,conditional deletion from fitted contributions; the GAMM was not refitted,participant,MPI,MPI::MPI_S208,participant_day_intercept_variation,0.019474069382330216
main__glasses__all_available,0.1998617481685216,0.002080743617976055,conditional deletion from fitted contributions; the GAMM was not refitted,participant,MPI,MPI::MPI_S208,participant_plus_day_variation,0.20027760922550078
main__glasses__all_available,1.7971848105058097,0.002240538042295133,conditional deletion from fitted contributions; the GAMM was not refitted,participant,MPI,MPI::MPI_S208,participant_to_site_ratio,1.801211471442783
main__glasses__all_available,1.991074255603672,0.0020807436179761094,conditional deletion from fitted contributions; the GAMM was not refitted,participant,MPI,MPI::MPI_S208,participant_plus_day_to_site_ratio,1.995217170653936
main__glasses__all_available,0.10037885207245859,0,conditional deletion from fitted contributions; the GAMM was not refitted,participant,MPI,MPI::MPI_S209,site_curve_variation,0.10037885207245859
main__glasses__all_available,0.1803993482406322,0.002875338228301351,conditional deletion from fitted contributions; the GAMM was not refitted,participant,MPI,MPI::MPI_S209,participant_curve_variation,0.18091805738298913
main__glasses__all_available,0.019462399927889392,-7.750578070717065e-4,conditional deletion from fitted contributions; the GAMM was not refitted,participant,MPI,MPI::MPI_S209,participant_day_intercept_variation,0.01944731544288093
main__glasses__all_available,0.1998617481685216,0.0025198651666141227,conditional deletion from fitted contributions; the GAMM was not refitted,participant,MPI,MPI::MPI_S209,participant_plus_day_variation,0.20036537282587005
main__glasses__all_available,1.7971848105058097,0.002875338228301416,conditional deletion from fitted contributions; the GAMM was not refitted,participant,MPI,MPI::MPI_S209,participant_to_site_ratio,1.8023523246947797
main__glasses__all_available,1.991074255603672,0.002519865166614108,conditional deletion from fitted contributions; the GAMM was not refitted,participant,MPI,MPI::MPI_S209,participant_plus_day_to_site_ratio,1.9960914942645098
main__glasses__all_available,0.10037885207245859,0,conditional deletion from fitted contributions; the GAMM was not refitted,participant,MPI,MPI::MPI_S210,site_curve_variation,0.10037885207245859
main__glasses__all_available,0.1803993482406322,-0.004845861726558757,conditional deletion from fitted contributions; the GAMM was not refitted,participant,MPI,MPI::MPI_S210,participant_curve_variation,0.17952515794349677
main__glasses__all_available,0.019462399927889392,0.0010883571922627243,conditional deletion from fitted contributions; the GAMM was not refitted,participant,MPI,MPI::MPI_S210,participant_day_intercept_variation,0.019483581970829604
main__glasses__all_available,0.1998617481685216,-0.0042679915592250305,conditional deletion from fitted contributions; the GAMM was not refitted,participant,MPI,MPI::MPI_S210,participant_plus_day_variation,0.19900873991432638
main__glasses__all_available,1.7971848105058097,-0.0048458617265587575,conditional deletion from fitted contributions; the GAMM was not refitted,participant,MPI,MPI::MPI_S210,participant_to_site_ratio,1.7884759014170268
main__glasses__all_available,1.991074255603672,-0.004267991559224963,conditional deletion from fitted contributions; the GAMM was not refitted,participant,MPI,MPI::MPI_S210,participant_plus_day_to_site_ratio,1.9825763674869654
main__glasses__all_available,0.10037885207245859,0,conditional deletion from fitted contributions; the GAMM was not refitted,participant,MPI,MPI::MPI_S212,site_curve_variation,0.10037885207245859
main__glasses__all_available,0.1803993482406322,-0.006565395075989412,conditional deletion from fitted contributions; the GAMM was not refitted,participant,MPI,MPI::MPI_S212,participant_curve_variation,0.17921495524798145
main__glasses__all_available,0.019462399927889392,9.981192462754124e-4,conditional deletion from fitted contributions; the GAMM was not refitted,participant,MPI,MPI::MPI_S212,participant_day_intercept_variation,0.019481825723836128
main__glasses__all_available,0.1998617481685216,-0.005828865239994366,conditional deletion from fitted contributions; the GAMM was not refitted,participant,MPI,MPI::MPI_S212,participant_plus_day_variation,0.1986967809718176
main__glasses__all_available,1.7971848105058097,-0.006565395075989353,conditional deletion from fitted contributions; the GAMM was not refitted,participant,MPI,MPI::MPI_S212,participant_to_site_ratio,1.785385582200272
main__glasses__all_available,1.991074255603672,-0.005828865239994315,conditional deletion from fitted contributions; the GAMM was not refitted,participant,MPI,MPI::MPI_S212,participant_plus_day_to_site_ratio,1.9794685520849362
main__glasses__all_available,0.10037885207245859,0,conditional deletion from fitted contributions; the GAMM was not refitted,participant,MPI,MPI::MPI_S213,site_curve_variation,0.10037885207245859
main__glasses__all_available,0.1803993482406322,0.002929753564524783,conditional deletion from fitted contributions; the GAMM was not refitted,participant,MPI,MPI::MPI_S213,participant_curve_variation,0.18092787387417814
main__glasses__all_available,0.019462399927889392,0.0011544552519019517,conditional deletion from fitted contributions; the GAMM was not refitted,participant,MPI,MPI::MPI_S213,participant_day_intercept_variation,0.01948486839770076
main__glasses__all_available,0.1998617481685216,0.00275687623272814,conditional deletion from fitted contributions; the GAMM was not refitted,participant,MPI,MPI::MPI_S213,participant_plus_day_variation,0.20041274227187889
main__glasses__all_available,1.7971848105058097,0.0029297535645247934,conditional deletion from fitted contributions; the GAMM was not refitted,participant,MPI,MPI::MPI_S213,participant_to_site_ratio,1.802450119110499
main__glasses__all_available,1.991074255603672,0.002756876232728172,conditional deletion from fitted contributions; the GAMM was not refitted,participant,MPI,MPI::MPI_S213,participant_plus_day_to_site_ratio,1.9965634008965427
main__glasses__all_available,0.10037885207245859,0,conditional deletion from fitted contributions; the GAMM was not refitted,participant,MPI,MPI::MPI_S214,site_curve_variation,0.10037885207245859
main__glasses__all_available,0.1803993482406322,0.0029746436939929845,conditional deletion from fitted contributions; the GAMM was not refitted,participant,MPI,MPI::MPI_S214,participant_curve_variation,0.18093597202427664
main__glasses__all_available,0.019462399927889392,9.246815605844868e-4,conditional deletion from fitted contributions; the GAMM was not refitted,participant,MPI,MPI::MPI_S214,participant_day_intercept_variation,0.019480396450227432
main__glasses__all_available,0.1998617481685216,0.0027750197877525642,conditional deletion from fitted contributions; the GAMM was not refitted,participant,MPI,MPI::MPI_S214,participant_plus_day_variation,0.20041636847450406
main__glasses__all_available,1.7971848105058097,0.002974643693992987,conditional deletion from fitted contributions; the GAMM was not refitted,participant,MPI,MPI::MPI_S214,participant_to_site_ratio,1.8025307949693208
main__glasses__all_available,1.991074255603672,0.0027750197877525963,conditional deletion from fitted contributions; the GAMM was not refitted,participant,MPI,MPI::MPI_S214,participant_plus_day_to_site_ratio,1.996599526061857
main__glasses__all_available,0.10037885207245859,0,conditional deletion from fitted contributions; the GAMM was not refitted,participant,MPI,MPI::MPI_S215,site_curve_variation,0.10037885207245859
main__glasses__all_available,0.1803993482406322,0.005272308388292057,conditional deletion from fitted contributions; the GAMM was not refitted,participant,MPI,MPI::MPI_S215,participant_curve_variation,0.1813504692376037
main__glasses__all_available,0.019462399927889392,-7.255797753060748e-4,conditional deletion from fitted contributions; the GAMM was not refitted,participant,MPI,MPI::MPI_S215,participant_day_intercept_variation,0.019448278404122797
main__glasses__all_available,0.1998617481685216,0.004688238153580265,conditional deletion from fitted contributions; the GAMM was not refitted,participant,MPI,MPI::MPI_S215,participant_plus_day_variation,0.2007987476417265
main__glasses__all_available,1.7971848105058097,0.005272308388292171,conditional deletion from fitted contributions; the GAMM was not refitted,participant,MPI,MPI::MPI_S215,participant_to_site_ratio,1.8066601230575507
main__glasses__all_available,1.991074255603672,0.004688238153580365,conditional deletion from fitted contributions; the GAMM was not refitted,participant,MPI,MPI::MPI_S215,participant_plus_day_to_site_ratio,2.0004088858954048
main__glasses__all_available,0.10037885207245859,0,conditional deletion from fitted contributions; the GAMM was not refitted,participant,MPI,MPI::MPI_S216,site_curve_variation,0.10037885207245859
main__glasses__all_available,0.1803993482406322,-0.0021677231884871836,conditional deletion from fitted contributions; the GAMM was not refitted,participant,MPI,MPI::MPI_S216,participant_curve_variation,0.180008292390263
main__glasses__all_available,0.019462399927889392,7.290047320327877e-4,conditional deletion from fitted contributions; the GAMM was not refitted,participant,MPI,MPI::MPI_S216,participant_day_intercept_variation,0.019476588109533538
main__glasses__all_available,0.1998617481685216,-0.0018856418107945257,conditional deletion from fitted contributions; the GAMM was not refitted,participant,MPI,MPI::MPI_S216,participant_plus_day_variation,0.19948488049979654
main__glasses__all_available,1.7971848105058097,-0.0021677231884870774,conditional deletion from fitted contributions; the GAMM was not refitted,participant,MPI,MPI::MPI_S216,participant_to_site_ratio,1.7932890113180795
main__glasses__all_available,1.991074255603672,-0.0018856418107945085,conditional deletion from fitted contributions; the GAMM was not refitted,participant,MPI,MPI::MPI_S216,participant_plus_day_to_site_ratio,1.9873198027389092
main__glasses__all_available,0.10037885207245859,0,conditional deletion from fitted contributions; the GAMM was not refitted,participant,MPI,MPI::MPI_S218,site_curve_variation,0.10037885207245859
main__glasses__all_available,0.1803993482406322,0.004798439333617847,conditional deletion from fitted contributions; the GAMM was not refitted,participant,MPI,MPI::MPI_S218,participant_curve_variation,0.18126498356898907
main__glasses__all_available,0.019462399927889392,-0.0034280451931416045,conditional deletion from fitted contributions; the GAMM was not refitted,participant,MPI,MPI::MPI_S218,participant_day_intercept_variation,0.01939568194136959
main__glasses__all_available,0.1998617481685216,0.00399734991391864,conditional deletion from fitted contributions; the GAMM was not refitted,participant,MPI,MPI::MPI_S218,participant_plus_day_variation,0.20066066551035866
main__glasses__all_available,1.7971848105058097,0.004798439333617964,conditional deletion from fitted contributions; the GAMM was not refitted,participant,MPI,MPI::MPI_S218,participant_to_site_ratio,1.8058084927903215
main__glasses__all_available,1.991074255603672,0.003997349913918671,conditional deletion from fitted contributions; the GAMM was not refitted,participant,MPI,MPI::MPI_S218,participant_plus_day_to_site_ratio,1.999033276107915
main__glasses__all_available,0.10037885207245859,0,conditional deletion from fitted contributions; the GAMM was not refitted,participant,MPI,MPI::MPI_S219,site_curve_variation,0.10037885207245859
main__glasses__all_available,0.1803993482406322,0.00427242992957999,conditional deletion from fitted contributions; the GAMM was not refitted,participant,MPI,MPI::MPI_S219,participant_curve_variation,0.1811700918153322
main__glasses__all_available,0.019462399927889392,9.82063377926151e-4,conditional deletion from fitted contributions; the GAMM was not refitted,participant,MPI,MPI::MPI_S219,participant_day_intercept_variation,0.019481513238105125
main__glasses__all_available,0.1998617481685216,0.003952016292030676,conditional deletion from fitted contributions; the GAMM was not refitted,participant,MPI,MPI::MPI_S219,participant_plus_day_variation,0.20065160505343732
main__glasses__all_available,1.7971848105058097,0.004272429929579999,conditional deletion from fitted contributions; the GAMM was not refitted,participant,MPI,MPI::MPI_S219,participant_to_site_ratio,1.8048631566792013
main__glasses__all_available,1.991074255603672,0.003952016292030719,conditional deletion from fitted contributions; the GAMM was not refitted,participant,MPI,MPI::MPI_S219,participant_plus_day_to_site_ratio,1.9989430135004607
main__glasses__all_available,0.10037885207245859,0,conditional deletion from fitted contributions; the GAMM was not refitted,participant,MPI,MPI::MPI_S221,site_curve_variation,0.10037885207245859
main__glasses__all_available,0.1803993482406322,-2.87310332817159e-4,conditional deletion from fitted contributions; the GAMM was not refitted,participant,MPI,MPI::MPI_S221,participant_curve_variation,0.18034751764384918
main__glasses__all_available,0.019462399927889392,-8.626082336358683e-4,conditional deletion from fitted contributions; the GAMM was not refitted,participant,MPI,MPI::MPI_S221,participant_day_intercept_variation,0.01944561150146528
main__glasses__all_available,0.1998617481685216,-3.433324477341393e-4,conditional deletion from fitted contributions; the GAMM was not refitted,participant,MPI,MPI::MPI_S221,participant_plus_day_variation,0.19979312914531447
main__glasses__all_available,1.7971848105058097,-2.8731033281712936e-4,conditional deletion from fitted contributions; the GAMM was not refitted,participant,MPI,MPI::MPI_S221,participant_to_site_ratio,1.7966684607397694
main__glasses__all_available,1.991074255603672,-3.4333244773412117e-4,conditional deletion from fitted contributions; the GAMM was not refitted,participant,MPI,MPI::MPI_S221,participant_plus_day_to_site_ratio,1.9903906552058752
main__glasses__all_available,0.10037885207245859,0,conditional deletion from fitted contributions; the GAMM was not refitted,participant,MPI,MPI::MPI_S222,site_curve_variation,0.10037885207245859
main__glasses__all_available,0.1803993482406322,0.0018482341161770756,conditional deletion from fitted contributions; the GAMM was not refitted,participant,MPI,MPI::MPI_S222,participant_curve_variation,0.18073276847058664
main__glasses__all_available,0.019462399927889392,-6.30234076712802e-4,conditional deletion from fitted contributions; the GAMM was not refitted,participant,MPI,MPI::MPI_S222,participant_day_intercept_variation,0.019450134060240223
main__glasses__all_available,0.1998617481685216,0.0016068825838273597,conditional deletion from fitted contributions; the GAMM was not refitted,participant,MPI,MPI::MPI_S222,participant_plus_day_variation,0.20018290253082688
main__glasses__all_available,1.7971848105058097,0.0018482341161770988,conditional deletion from fitted contributions; the GAMM was not refitted,participant,MPI,MPI::MPI_S222,participant_to_site_ratio,1.8005064287856618
main__glasses__all_available,1.991074255603672,0.0016068825838273285,conditional deletion from fitted contributions; the GAMM was not refitted,participant,MPI,MPI::MPI_S222,participant_plus_day_to_site_ratio,1.9942736781481085
main__glasses__all_available,0.10037885207245859,0,conditional deletion from fitted contributions; the GAMM was not refitted,participant,MPI,MPI::MPI_S223,site_curve_variation,0.10037885207245859
main__glasses__all_available,0.1803993482406322,0.0010206803163906246,conditional deletion from fitted contributions; the GAMM was not refitted,participant,MPI,MPI::MPI_S223,participant_curve_variation,0.1805834783044711
main__glasses__all_available,0.019462399927889392,5.239620231647655e-4,conditional deletion from fitted contributions; the GAMM was not refitted,participant,MPI,MPI::MPI_S223,participant_day_intercept_variation,0.01947259748633125
main__glasses__all_available,0.1998617481685216,9.723102297540265e-4,conditional deletion from fitted contributions; the GAMM was not refitted,participant,MPI,MPI::MPI_S223,participant_plus_day_variation,0.20005607579080237
main__glasses__all_available,1.7971848105058097,0.0010206803163906296,conditional deletion from fitted contributions; the GAMM was not refitted,participant,MPI,MPI::MPI_S223,participant_to_site_ratio,1.7990191616668092
main__glasses__all_available,1.991074255603672,9.723102297540413e-4,conditional deletion from fitted contributions; the GAMM was not refitted,participant,MPI,MPI::MPI_S223,participant_plus_day_to_site_ratio,1.9930101974705954
main__glasses__all_available,0.10037885207245859,0,conditional deletion from fitted contributions; the GAMM was not refitted,participant,MPI,MPI::MPI_S224,site_curve_variation,0.10037885207245859
main__glasses__all_available,0.1803993482406322,-2.352812174514753e-5,conditional deletion from fitted contributions; the GAMM was not refitted,participant,MPI,MPI::MPI_S224,participant_curve_variation,0.18039510378280404
main__glasses__all_available,0.019462399927889392,-0.0019965465860488367,conditional deletion from fitted contributions; the GAMM was not refitted,participant,MPI,MPI::MPI_S224,participant_day_intercept_variation,0.019423542339757047
main__glasses__all_available,0.1998617481685216,-2.1565930627285036e-4,conditional deletion from fitted contributions; the GAMM was not refitted,participant,MPI,MPI::MPI_S224,participant_plus_day_variation,0.1998186461225611
main__glasses__all_available,1.7971848105058097,-2.3528121745028754e-5,conditional deletion from fitted contributions; the GAMM was not refitted,participant,MPI,MPI::MPI_S224,participant_to_site_ratio,1.7971425261227898
main__glasses__all_available,1.991074255603672,-2.1565930627279962e-4,conditional deletion from fitted contributions; the GAMM was not refitted,participant,MPI,MPI::MPI_S224,participant_plus_day_to_site_ratio,1.990644861910971
main__glasses__all_available,0.10037885207245859,0,conditional deletion from fitted contributions; the GAMM was not refitted,participant,MPI,MPI::MPI_S225,site_curve_variation,0.10037885207245859
main__glasses__all_available,0.1803993482406322,-2.3002879888197496e-4,conditional deletion from fitted contributions; the GAMM was not refitted,participant,MPI,MPI::MPI_S225,participant_curve_variation,0.1803578511952373
main__glasses__all_available,0.019462399927889392,-3.0608143283476145e-4,conditional deletion from fitted contributions; the GAMM was not refitted,participant,MPI,MPI::MPI_S225,participant_day_intercept_variation,0.01945644284863306
main__glasses__all_available,0.1998617481685216,-2.3743475220278505e-4,conditional deletion from fitted contributions; the GAMM was not refitted,participant,MPI,MPI::MPI_S225,participant_plus_day_variation,0.19981429404387038
main__glasses__all_available,1.7971848105058097,-2.3002879888191612e-4,conditional deletion from fitted contributions; the GAMM was not refitted,participant,MPI,MPI::MPI_S225,participant_to_site_ratio,1.7967714062424802
main__glasses__all_available,1.991074255603672,-2.37434752202783e-4,conditional deletion from fitted contributions; the GAMM was not refitted,participant,MPI,MPI::MPI_S225,participant_plus_day_to_site_ratio,1.9906015053811754
main__glasses__all_available,0.10037885207245859,0,conditional deletion from fitted contributions; the GAMM was not refitted,participant,MPI,MPI::MPI_S226,site_curve_variation,0.10037885207245859
main__glasses__all_available,0.1803993482406322,0.0018545073213674912,conditional deletion from fitted contributions; the GAMM was not refitted,participant,MPI,MPI::MPI_S226,participant_curve_variation,0.18073390015271437
main__glasses__all_available,0.019462399927889392,6.658194998134301e-4,conditional deletion from fitted contributions; the GAMM was not refitted,participant,MPI,MPI::MPI_S226,participant_day_intercept_variation,0.01947535837327455
main__glasses__all_available,0.1998617481685216,0.001738753716765808,conditional deletion from fitted contributions; the GAMM was not refitted,participant,MPI,MPI::MPI_S226,participant_plus_day_variation,0.20020925852598892
main__glasses__all_available,1.7971848105058097,0.001854507321367523,conditional deletion from fitted contributions; the GAMM was not refitted,participant,MPI,MPI::MPI_S226,participant_to_site_ratio,1.8005177028947432
main__glasses__all_available,1.991074255603672,0.0017387537167658472,conditional deletion from fitted contributions; the GAMM was not refitted,participant,MPI,MPI::MPI_S226,participant_plus_day_to_site_ratio,1.9945362433659597
main__glasses__all_available,0.10037885207245859,0,conditional deletion from fitted contributions; the GAMM was not refitted,participant,MPI,MPI::MPI_S227,site_curve_variation,0.10037885207245859
main__glasses__all_available,0.1803993482406322,1.795728338502508e-4,conditional deletion from fitted contributions; the GAMM was not refitted,participant,MPI,MPI::MPI_S227,participant_curve_variation,0.1804317430628205
main__glasses__all_available,0.019462399927889392,6.336123724511112e-4,conditional deletion from fitted contributions; the GAMM was not refitted,participant,MPI,MPI::MPI_S227,participant_day_intercept_variation,0.019474731545281294
main__glasses__all_available,0.1998617481685216,2.2378689263984414e-4,conditional deletion from fitted contributions; the GAMM was not refitted,participant,MPI,MPI::MPI_S227,participant_plus_day_variation,0.1999064746081018
main__glasses__all_available,1.7971848105058097,1.7957283385026615e-4,conditional deletion from fitted contributions; the GAMM was not refitted,participant,MPI,MPI::MPI_S227,participant_to_site_ratio,1.7975075360751849
main__glasses__all_available,1.991074255603672,2.2378689263985894e-4,conditional deletion from fitted contributions; the GAMM was not refitted,participant,MPI,MPI::MPI_S227,participant_plus_day_to_site_ratio,1.9915198319243488
main__glasses__all_available,0.10037885207245859,0,conditional deletion from fitted contributions; the GAMM was not refitted,participant,MPI,MPI::MPI_S228,site_curve_variation,0.10037885207245859
main__glasses__all_available,0.1803993482406322,0.005384555072194385,conditional deletion from fitted contributions; the GAMM was not refitted,participant,MPI,MPI::MPI_S228,participant_curve_variation,0.18137071846622185
main__glasses__all_available,0.019462399927889392,4.189299826329454e-4,conditional deletion from fitted contributions; the GAMM was not refitted,participant,MPI,MPI::MPI_S228,participant_day_intercept_variation,0.019470553310753178
main__glasses__all_available,0.1998617481685216,0.004901005907481161,conditional deletion from fitted contributions; the GAMM was not refitted,participant,MPI,MPI::MPI_S228,participant_plus_day_variation,0.20084127177697503
main__glasses__all_available,1.7971848105058097,0.005384555072194436,conditional deletion from fitted contributions; the GAMM was not refitted,participant,MPI,MPI::MPI_S228,participant_to_site_ratio,1.8068618510928895
main__glasses__all_available,1.991074255603672,0.004901005907481187,conditional deletion from fitted contributions; the GAMM was not refitted,participant,MPI,MPI::MPI_S228,participant_plus_day_to_site_ratio,2.0008325222926193
main__glasses__all_available,0.10037885207245859,0,conditional deletion from fitted contributions; the GAMM was not refitted,participant,MPI,MPI::MPI_S229,site_curve_variation,0.10037885207245859
main__glasses__all_available,0.1803993482406322,0.0026406685659339196,conditional deletion from fitted contributions; the GAMM was not refitted,participant,MPI,MPI::MPI_S229,participant_curve_variation,0.1808757231288462
main__glasses__all_available,0.019462399927889392,0.0013268377589488796,conditional deletion from fitted contributions; the GAMM was not refitted,participant,MPI,MPI::MPI_S229,participant_day_intercept_variation,0.01948822337499348
main__glasses__all_available,0.1998617481685216,0.002512728623261311,conditional deletion from fitted contributions; the GAMM was not refitted,participant,MPI,MPI::MPI_S229,participant_plus_day_variation,0.20036394650383968
main__glasses__all_available,1.7971848105058097,0.0026406685659339712,conditional deletion from fitted contributions; the GAMM was not refitted,participant,MPI,MPI::MPI_S229,participant_to_site_ratio,1.8019305799420864
main__glasses__all_available,1.991074255603672,0.0025127286232613033,conditional deletion from fitted contributions; the GAMM was not refitted,participant,MPI,MPI::MPI_S229,participant_plus_day_to_site_ratio,1.996077284876766
main__glasses__all_available,0.10037885207245859,0,conditional deletion from fitted contributions; the GAMM was not refitted,participant,MPI,MPI::MPI_S230,site_curve_variation,0.10037885207245859
main__glasses__all_available,0.1803993482406322,9.325032944231229e-4,conditional deletion from fitted contributions; the GAMM was not refitted,participant,MPI,MPI::MPI_S230,participant_curve_variation,0.18056757122717837
main__glasses__all_available,0.019462399927889392,3.9535527316750845e-5,conditional deletion from fitted contributions; the GAMM was not refitted,participant,MPI,MPI::MPI_S230,participant_day_intercept_variation,0.01946316938413339
main__glasses__all_available,0.1998617481685216,8.455467058542861e-4,conditional deletion from fitted contributions; the GAMM was not refitted,participant,MPI,MPI::MPI_S230,participant_plus_day_variation,0.20003074061131176
main__glasses__all_available,1.7971848105058097,9.325032944232326e-4,conditional deletion from fitted contributions; the GAMM was not refitted,participant,MPI,MPI::MPI_S230,participant_to_site_ratio,1.7988606912622938
main__glasses__all_available,1.991074255603672,8.455467058542998e-4,conditional deletion from fitted contributions; the GAMM was not refitted,participant,MPI,MPI::MPI_S230,participant_plus_day_to_site_ratio,1.992757801881609
main__glasses__all_available,0.10037885207245859,0,conditional deletion from fitted contributions; the GAMM was not refitted,participant,MPI,MPI::MPI_S231,site_curve_variation,0.10037885207245859
main__glasses__all_available,0.1803993482406322,0.0017095513594518003,conditional deletion from fitted contributions; the GAMM was not refitted,participant,MPI,MPI::MPI_S231,participant_curve_variation,0.1807077501916612
main__glasses__all_available,0.019462399927889392,-0.0010378785851948586,conditional deletion from fitted contributions; the GAMM was not refitted,participant,MPI,MPI::MPI_S231,participant_day_intercept_variation,0.019442200319787738
main__glasses__all_available,0.1998617481685216,0.0014420085162285834,conditional deletion from fitted contributions; the GAMM was not refitted,participant,MPI,MPI::MPI_S231,participant_plus_day_variation,0.20014995051144893
main__glasses__all_available,1.7971848105058097,0.0017095513594518358,conditional deletion from fitted contributions; the GAMM was not refitted,participant,MPI,MPI::MPI_S231,participant_to_site_ratio,1.800257190241796
main__glasses__all_available,1.991074255603672,0.001442008516228574,conditional deletion from fitted contributions; the GAMM was not refitted,participant,MPI,MPI::MPI_S231,participant_plus_day_to_site_ratio,1.993945401636696
main__glasses__all_available,0.10037885207245859,0,conditional deletion from fitted contributions; the GAMM was not refitted,participant,RISE,RISE::RISE_S001,site_curve_variation,0.10037885207245859
main__glasses__all_available,0.1803993482406322,0.005195042464360132,conditional deletion from fitted contributions; the GAMM was not refitted,participant,RISE,RISE::RISE_S001,participant_curve_variation,0.18133653051528517
main__glasses__all_available,0.019462399927889392,0.0018531543886098397,conditional deletion from fitted contributions; the GAMM was not refitted,participant,RISE,RISE::RISE_S001,participant_day_intercept_variation,0.01949846675972864
main__glasses__all_available,0.1998617481685216,0.004869611696138966,conditional deletion from fitted contributions; the GAMM was not refitted,participant,RISE,RISE::RISE_S001,participant_plus_day_variation,0.2008349972750138
main__glasses__all_available,1.7971848105058097,0.005195042464360175,conditional deletion from fitted contributions; the GAMM was not refitted,participant,RISE,RISE::RISE_S001,participant_to_site_ratio,1.8065212619126905
main__glasses__all_available,1.991074255603672,0.004869611696138996,conditional deletion from fitted contributions; the GAMM was not refitted,participant,RISE,RISE::RISE_S001,participant_plus_day_to_site_ratio,2.000770014086641
main__glasses__all_available,0.10037885207245859,0,conditional deletion from fitted contributions; the GAMM was not refitted,participant,RISE,RISE::RISE_S002,site_curve_variation,0.10037885207245859
main__glasses__all_available,0.1803993482406322,-0.003604966281204377,conditional deletion from fitted contributions; the GAMM was not refitted,participant,RISE,RISE::RISE_S002,participant_curve_variation,0.17974901467307347
main__glasses__all_available,0.019462399927889392,0.00513060854932951,conditional deletion from fitted contributions; the GAMM was not refitted,participant,RISE,RISE::RISE_S002,participant_day_intercept_variation,0.01956225388334989
main__glasses__all_available,0.1998617481685216,-0.002754301996968757,conditional deletion from fitted contributions; the GAMM was not refitted,participant,RISE,RISE::RISE_S002,participant_plus_day_variation,0.19931126855642337
main__glasses__all_available,1.7971848105058097,-0.0036049662812042927,conditional deletion from fitted contributions; the GAMM was not refitted,participant,RISE,RISE::RISE_S002,participant_to_site_ratio,1.7907060198628437
main__glasses__all_available,1.991074255603672,-0.002754301996968688,conditional deletion from fitted contributions; the GAMM was not refitted,participant,RISE,RISE::RISE_S002,participant_plus_day_to_site_ratio,1.9855902358053499
main__glasses__all_available,0.10037885207245859,0,conditional deletion from fitted contributions; the GAMM was not refitted,participant,RISE,RISE::RISE_S003,site_curve_variation,0.10037885207245859
main__glasses__all_available,0.1803993482406322,-0.002507098276882615,conditional deletion from fitted contributions; the GAMM was not refitted,participant,RISE,RISE::RISE_S003,participant_curve_variation,0.17994706934550736
main__glasses__all_available,0.019462399927889392,-0.001166027288661308,conditional deletion from fitted contributions; the GAMM was not refitted,participant,RISE,RISE::RISE_S003,participant_day_intercept_variation,0.019439706238470633
main__glasses__all_available,0.1998617481685216,-0.002376505704048509,conditional deletion from fitted contributions; the GAMM was not refitted,participant,RISE,RISE::RISE_S003,participant_plus_day_variation,0.199386775583978
main__glasses__all_available,1.7971848105058097,-0.0025070982768825635,conditional deletion from fitted contributions; the GAMM was not refitted,participant,RISE,RISE::RISE_S003,participant_to_site_ratio,1.792679091564151
main__glasses__all_available,1.991074255603672,-0.002376505704048463,conditional deletion from fitted contributions; the GAMM was not refitted,participant,RISE,RISE::RISE_S003,participant_plus_day_to_site_ratio,1.9863424562780458
main__glasses__all_available,0.10037885207245859,0,conditional deletion from fitted contributions; the GAMM was not refitted,participant,RISE,RISE::RISE_S004,site_curve_variation,0.10037885207245859
main__glasses__all_available,0.1803993482406322,0.005144082016893691,conditional deletion from fitted contributions; the GAMM was not refitted,participant,RISE,RISE::RISE_S004,participant_curve_variation,0.18132733728377617
main__glasses__all_available,0.019462399927889392,-0.0023420449443536133,conditional deletion from fitted contributions; the GAMM was not refitted,participant,RISE,RISE::RISE_S004,participant_day_intercept_variation,0.01941681811253329
main__glasses__all_available,0.1998617481685216,0.004415088109025424,conditional deletion from fitted contributions; the GAMM was not refitted,participant,RISE,RISE::RISE_S004,participant_plus_day_variation,0.20074415539630946
main__glasses__all_available,1.7971848105058097,0.005144082016893726,conditional deletion from fitted contributions; the GAMM was not refitted,participant,RISE,RISE::RISE_S004,participant_to_site_ratio,1.8064296765705672
main__glasses__all_available,1.991074255603672,0.004415088109025464,conditional deletion from fitted contributions; the GAMM was not refitted,participant,RISE,RISE::RISE_S004,participant_plus_day_to_site_ratio,1.9998650238737745
main__glasses__all_available,0.10037885207245859,0,conditional deletion from fitted contributions; the GAMM was not refitted,participant,RISE,RISE::RISE_S005,site_curve_variation,0.10037885207245859
main__glasses__all_available,0.1803993482406322,0.004124245134888687,conditional deletion from fitted contributions; the GAMM was not refitted,participant,RISE,RISE::RISE_S005,participant_curve_variation,0.1811433593749507
main__glasses__all_available,0.019462399927889392,0.0031326443308275606,conditional deletion from fitted contributions; the GAMM was not refitted,participant,RISE,RISE::RISE_S005,participant_day_intercept_variation,0.019523368704687794
main__glasses__all_available,0.1998617481685216,0.00402768372884522,conditional deletion from fitted contributions; the GAMM was not refitted,participant,RISE,RISE::RISE_S005,participant_plus_day_variation,0.2006667280796385
main__glasses__all_available,1.7971848105058097,0.004124245134888807,conditional deletion from fitted contributions; the GAMM was not refitted,participant,RISE,RISE::RISE_S005,participant_to_site_ratio,1.8045968412170343
main__glasses__all_available,1.991074255603672,0.004027683728845187,conditional deletion from fitted contributions; the GAMM was not refitted,participant,RISE,RISE::RISE_S005,participant_plus_day_to_site_ratio,1.9990936729858895
main__glasses__all_available,0.10037885207245859,0,conditional deletion from fitted contributions; the GAMM was not refitted,participant,RISE,RISE::RISE_S006,site_curve_variation,0.10037885207245859
main__glasses__all_available,0.1803993482406322,0.004596356370093754,conditional deletion from fitted contributions; the GAMM was not refitted,participant,RISE,RISE::RISE_S006,participant_curve_variation,0.1812285279340788
main__glasses__all_available,0.019462399927889392,0.0036075485462285593,conditional deletion from fitted contributions; the GAMM was not refitted,participant,RISE,RISE::RISE_S006,participant_day_intercept_variation,0.01953261148045537
main__glasses__all_available,0.1998617481685216,0.004500066942545766,conditional deletion from fitted contributions; the GAMM was not refitted,participant,RISE,RISE::RISE_S006,participant_plus_day_variation,0.20076113941453416
main__glasses__all_available,1.7971848105058097,0.004596356370093751,conditional deletion from fitted contributions; the GAMM was not refitted,participant,RISE,RISE::RISE_S006,participant_to_site_ratio,1.8054453123578138
main__glasses__all_available,1.991074255603672,0.004500066942545893,conditional deletion from fitted contributions; the GAMM was not refitted,participant,RISE,RISE::RISE_S006,participant_plus_day_to_site_ratio,2.0000342230414683
main__glasses__all_available,0.10037885207245859,0,conditional deletion from fitted contributions; the GAMM was not refitted,participant,RISE,RISE::RISE_S007,site_curve_variation,0.10037885207245859
main__glasses__all_available,0.1803993482406322,0.004493175632813746,conditional deletion from fitted contributions; the GAMM was not refitted,participant,RISE,RISE::RISE_S007,participant_curve_variation,0.18120991419632249
main__glasses__all_available,0.019462399927889392,0.0026821566247437834,conditional deletion from fitted contributions; the GAMM was not refitted,participant,RISE,RISE::RISE_S007,participant_day_intercept_variation,0.019514601132789394
main__glasses__all_available,0.1998617481685216,0.004316819844199502,conditional deletion from fitted contributions; the GAMM was not refitted,participant,RISE,RISE::RISE_S007,participant_plus_day_variation,0.20072451532911187
main__glasses__all_available,1.7971848105058097,0.004493175632813866,conditional deletion from fitted contributions; the GAMM was not refitted,participant,RISE,RISE::RISE_S007,participant_to_site_ratio,1.8052598775040376
main__glasses__all_available,1.991074255603672,0.0043168198441994755,conditional deletion from fitted contributions; the GAMM was not refitted,participant,RISE,RISE::RISE_S007,participant_plus_day_to_site_ratio,1.9996693644615366
main__glasses__all_available,0.10037885207245859,0,conditional deletion from fitted contributions; the GAMM was not refitted,participant,RISE,RISE::RISE_S008,site_curve_variation,0.10037885207245859
main__glasses__all_available,0.1803993482406322,-0.004611884648197043,conditional deletion from fitted contributions; the GAMM was not refitted,participant,RISE,RISE::RISE_S008,participant_curve_variation,0.17956736725593647
main__glasses__all_available,0.019462399927889392,8.381500105249874e-4,conditional deletion from fitted contributions; the GAMM was not refitted,participant,RISE,RISE::RISE_S008,participant_day_intercept_variation,0.019478712338593794
main__glasses__all_available,0.1998617481685216,-0.004081164011952672,conditional deletion from fitted contributions; the GAMM was not refitted,participant,RISE,RISE::RISE_S008,participant_plus_day_variation,0.19904607959453027
main__glasses__all_available,1.7971848105058097,-0.004611884648196998,conditional deletion from fitted contributions; the GAMM was not refitted,participant,RISE,RISE::RISE_S008,participant_to_site_ratio,1.7888964014682651
main__glasses__all_available,1.991074255603672,-0.00408116401195262,conditional deletion from fitted contributions; the GAMM was not refitted,participant,RISE,RISE::RISE_S008,participant_plus_day_to_site_ratio,1.982948355006577
main__glasses__all_available,0.10037885207245859,0,conditional deletion from fitted contributions; the GAMM was not refitted,participant,RISE,RISE::RISE_S009,site_curve_variation,0.10037885207245859
main__glasses__all_available,0.1803993482406322,-0.010105838475210942,conditional deletion from fitted contributions; the GAMM was not refitted,participant,RISE,RISE::RISE_S009,participant_curve_variation,0.17857626156627904
main__glasses__all_available,0.019462399927889392,0.00250040607412302,conditional deletion from fitted contributions; the GAMM was not refitted,participant,RISE,RISE::RISE_S009,participant_day_intercept_variation,0.019511063830886098
main__glasses__all_available,0.1998617481685216,-0.008878251029107739,conditional deletion from fitted contributions; the GAMM was not refitted,participant,RISE,RISE::RISE_S009,participant_plus_day_variation,0.19808732539716514
main__glasses__all_available,1.7971848105058097,-0.01010583847521089,conditional deletion from fitted contributions; the GAMM was not refitted,participant,RISE,RISE::RISE_S009,participant_to_site_ratio,1.7790227511007355
main__glasses__all_available,1.991074255603672,-0.008878251029107758,conditional deletion from fitted contributions; the GAMM was not refitted,participant,RISE,RISE::RISE_S009,participant_plus_day_to_site_ratio,1.9733969985448288
main__glasses__all_available,0.10037885207245859,0,conditional deletion from fitted contributions; the GAMM was not refitted,participant,RISE,RISE::RISE_S010,site_curve_variation,0.10037885207245859
main__glasses__all_available,0.1803993482406322,0.005109769470751988,conditional deletion from fitted contributions; the GAMM was not refitted,participant,RISE,RISE::RISE_S010,participant_curve_variation,0.18132114732281573
main__glasses__all_available,0.019462399927889392,-0.0204464659377593,conditional deletion from fitted contributions; the GAMM was not refitted,participant,RISE,RISE::RISE_S010,participant_day_intercept_variation,0.019064462630696753
main__glasses__all_available,0.1998617481685216,0.0026211207987091993,conditional deletion from fitted contributions; the GAMM was not refitted,participant,RISE,RISE::RISE_S010,participant_plus_day_variation,0.20038560995351248
main__glasses__all_available,1.7971848105058097,0.0051097694707520356,conditional deletion from fitted contributions; the GAMM was not refitted,participant,RISE,RISE::RISE_S010,participant_to_site_ratio,1.8063680105838316
main__glasses__all_available,1.991074255603672,0.0026211207987092283,conditional deletion from fitted contributions; the GAMM was not refitted,participant,RISE,RISE::RISE_S010,participant_plus_day_to_site_ratio,1.9962931017468093
main__glasses__all_available,0.10037885207245859,0,conditional deletion from fitted contributions; the GAMM was not refitted,participant,RISE,RISE::RISE_S012,site_curve_variation,0.10037885207245859
main__glasses__all_available,0.1803993482406322,-0.007456234939633721,conditional deletion from fitted contributions; the GAMM was not refitted,participant,RISE,RISE::RISE_S012,participant_curve_variation,0.17905424831719324
main__glasses__all_available,0.019462399927889392,-0.0024631213835561326,conditional deletion from fitted contributions; the GAMM was not refitted,participant,RISE,RISE::RISE_S012,participant_day_intercept_variation,0.019414461674451686
main__glasses__all_available,0.1998617481685216,-0.006970008966908807,conditional deletion from fitted contributions; the GAMM was not refitted,participant,RISE,RISE::RISE_S012,participant_plus_day_variation,0.19846870999164493
main__glasses__all_available,1.7971848105058097,-0.007456234939633658,conditional deletion from fitted contributions; the GAMM was not refitted,participant,RISE,RISE::RISE_S012,participant_to_site_ratio,1.7837845783287374
main__glasses__all_available,1.991074255603672,-0.006970008966908763,conditional deletion from fitted contributions; the GAMM was not refitted,participant,RISE,RISE::RISE_S012,participant_plus_day_to_site_ratio,1.9771964501883332
main__glasses__all_available,0.10037885207245859,0,conditional deletion from fitted contributions; the GAMM was not refitted,participant,RISE,RISE::RISE_S013,site_curve_variation,0.10037885207245859
main__glasses__all_available,0.1803993482406322,0.002522416140250721,conditional deletion from fitted contributions; the GAMM was not refitted,participant,RISE,RISE::RISE_S013,participant_curve_variation,0.18085439046832508
main__glasses__all_available,0.019462399927889392,0.0029180652237389536,conditional deletion from fitted contributions; the GAMM was not refitted,participant,RISE,RISE::RISE_S013,participant_day_intercept_variation,0.019519192480289466
main__glasses__all_available,0.1998617481685216,0.002560944176578386,conditional deletion from fitted contributions; the GAMM was not refitted,participant,RISE,RISE::RISE_S013,participant_plus_day_variation,0.20037358294861454
main__glasses__all_available,1.7971848105058097,0.0025224161402507494,conditional deletion from fitted contributions; the GAMM was not refitted,participant,RISE,RISE::RISE_S013,participant_to_site_ratio,1.801718058478843
main__glasses__all_available,1.991074255603672,0.002560944176578362,conditional deletion from fitted contributions; the GAMM was not refitted,participant,RISE,RISE::RISE_S013,participant_plus_day_to_site_ratio,1.9961732856236953
main__glasses__all_available,0.10037885207245859,0,conditional deletion from fitted contributions; the GAMM was not refitted,participant,RISE,RISE::RISE_S016,site_curve_variation,0.10037885207245859
main__glasses__all_available,0.1803993482406322,-0.0028990646089243305,conditional deletion from fitted contributions; the GAMM was not refitted,participant,RISE,RISE::RISE_S016,participant_curve_variation,0.17987635887467476
main__glasses__all_available,0.019462399927889392,0.0037549258062050325,conditional deletion from fitted contributions; the GAMM was not refitted,participant,RISE,RISE::RISE_S016,participant_day_intercept_variation,0.019535479795629307
main__glasses__all_available,0.1998617481685216,-0.0022511035870563965,conditional deletion from fitted contributions; the GAMM was not refitted,participant,RISE,RISE::RISE_S016,participant_plus_day_variation,0.19941183867030407
main__glasses__all_available,1.7971848105058097,-0.0028990646089242134,conditional deletion from fitted contributions; the GAMM was not refitted,participant,RISE,RISE::RISE_S016,participant_to_site_ratio,1.7919746556259761
main__glasses__all_available,1.991074255603672,-0.0022511035870564256,conditional deletion from fitted contributions; the GAMM was not refitted,participant,RISE,RISE::RISE_S016,participant_plus_day_to_site_ratio,1.9865921412047869
main__glasses__all_available,0.10037885207245859,0,conditional deletion from fitted contributions; the GAMM was not refitted,participant,THUAS,THUAS::THUAS_S001,site_curve_variation,0.10037885207245859
main__glasses__all_available,0.1803993482406322,-0.02441835239275015,conditional deletion from fitted contributions; the GAMM was not refitted,participant,THUAS,THUAS::THUAS_S001,participant_curve_variation,0.17599429338387
main__glasses__all_available,0.019462399927889392,-0.010610030628339139,conditional deletion from fitted contributions; the GAMM was not refitted,participant,THUAS,THUAS::THUAS_S001,participant_day_intercept_variation,0.0192559032685535
main__glasses__all_available,0.1998617481685216,-0.023073707492089392,conditional deletion from fitted contributions; the GAMM was not refitted,participant,THUAS,THUAS::THUAS_S001,participant_plus_day_variation,0.1952501966524235
main__glasses__all_available,1.7971848105058097,-0.02441835239275007,conditional deletion from fitted contributions; the GAMM was not refitted,participant,THUAS,THUAS::THUAS_S001,participant_to_site_ratio,1.753300518487981
main__glasses__all_available,1.991074255603672,-0.023073707492089406,conditional deletion from fitted contributions; the GAMM was not refitted,participant,THUAS,THUAS::THUAS_S001,participant_plus_day_to_site_ratio,1.9451327906348432
main__glasses__all_available,0.10037885207245859,0,conditional deletion from fitted contributions; the GAMM was not refitted,participant,THUAS,THUAS::THUAS_S002,site_curve_variation,0.10037885207245859
main__glasses__all_available,0.1803993482406322,-0.009873796132632161,conditional deletion from fitted contributions; the GAMM was not refitted,participant,THUAS,THUAS::THUAS_S002,participant_curve_variation,0.17861812185364448
main__glasses__all_available,0.019462399927889392,-0.0030179766667499473,conditional deletion from fitted contributions; the GAMM was not refitted,participant,THUAS,THUAS::THUAS_S002,participant_day_intercept_variation,0.019403662859028066
main__glasses__all_available,0.1998617481685216,-0.009206181136260315,conditional deletion from fitted contributions; the GAMM was not refitted,participant,THUAS,THUAS::THUAS_S002,participant_plus_day_variation,0.19802178471267254
main__glasses__all_available,1.7971848105058097,-0.009873796132632099,conditional deletion from fitted contributions; the GAMM was not refitted,participant,THUAS,THUAS::THUAS_S002,participant_to_site_ratio,1.7794397740742123
main__glasses__all_available,1.991074255603672,-0.009206181136260334,conditional deletion from fitted contributions; the GAMM was not refitted,participant,THUAS,THUAS::THUAS_S002,participant_plus_day_to_site_ratio,1.97274406535084
main__glasses__all_available,0.10037885207245859,0,conditional deletion from fitted contributions; the GAMM was not refitted,participant,THUAS,THUAS::THUAS_S003,site_curve_variation,0.10037885207245859
main__glasses__all_available,0.1803993482406322,0.004002863979666835,conditional deletion from fitted contributions; the GAMM was not refitted,participant,THUAS,THUAS::THUAS_S003,participant_curve_variation,0.18112146229366
main__glasses__all_available,0.019462399927889392,0.010637910319145318,conditional deletion from fitted contributions; the GAMM was not refitted,participant,THUAS,THUAS::THUAS_S003,participant_day_intercept_variation,0.01966943919291762
main__glasses__all_available,0.1998617481685216,0.004648980240443812,conditional deletion from fitted contributions; the GAMM was not refitted,participant,THUAS,THUAS::THUAS_S003,participant_plus_day_variation,0.2007909014865776
main__glasses__all_available,1.7971848105058097,0.004002863979666955,conditional deletion from fitted contributions; the GAMM was not refitted,participant,THUAS,THUAS::THUAS_S003,participant_to_site_ratio,1.804378696848588
main__glasses__all_available,1.991074255603672,0.004648980240443925,conditional deletion from fitted contributions; the GAMM was not refitted,participant,THUAS,THUAS::THUAS_S003,participant_plus_day_to_site_ratio,2.00033072047523
main__glasses__all_available,0.10037885207245859,0,conditional deletion from fitted contributions; the GAMM was not refitted,participant,THUAS,THUAS::THUAS_S005,site_curve_variation,0.10037885207245859
main__glasses__all_available,0.1803993482406322,0.007898580949440839,conditional deletion from fitted contributions; the GAMM was not refitted,participant,THUAS,THUAS::THUAS_S005,participant_curve_variation,0.1818242470959372
main__glasses__all_available,0.019462399927889392,0.020172699040714274,conditional deletion from fitted contributions; the GAMM was not refitted,participant,THUAS,THUAS::THUAS_S005,participant_day_intercept_variation,0.019855009064244724
main__glasses__all_available,0.1998617481685216,0.009093826148902827,conditional deletion from fitted contributions; the GAMM was not refitted,participant,THUAS,THUAS::THUAS_S005,participant_plus_day_variation,0.20167925616018192
main__glasses__all_available,1.7971848105058097,0.00789858094944094,conditional deletion from fitted contributions; the GAMM was not refitted,participant,THUAS,THUAS::THUAS_S005,participant_to_site_ratio,1.8113800202126955
main__glasses__all_available,1.991074255603672,0.009093826148902738,conditional deletion from fitted contributions; the GAMM was not refitted,participant,THUAS,THUAS::THUAS_S005,participant_plus_day_to_site_ratio,2.0091807387336877
main__glasses__all_available,0.10037885207245859,0,conditional deletion from fitted contributions; the GAMM was not refitted,participant,THUAS,THUAS::THUAS_S006,site_curve_variation,0.10037885207245859
main__glasses__all_available,0.1803993482406322,0.005456274863252109,conditional deletion from fitted contributions; the GAMM was not refitted,participant,THUAS,THUAS::THUAS_S006,participant_curve_variation,0.18138365666978462
main__glasses__all_available,0.019462399927889392,0.01796386584107638,conditional deletion from fitted contributions; the GAMM was not refitted,participant,THUAS,THUAS::THUAS_S006,participant_day_intercept_variation,0.019812019869139372
main__glasses__all_available,0.1998617481685216,0.0066742554922398604,conditional deletion from fitted contributions; the GAMM was not refitted,participant,THUAS,THUAS::THUAS_S006,participant_plus_day_variation,0.201195676538924
main__glasses__all_available,1.7971848105058097,0.0054562748632521205,conditional deletion from fitted contributions; the GAMM was not refitted,participant,THUAS,THUAS::THUAS_S006,participant_to_site_ratio,1.806990744811991
main__glasses__all_available,1.991074255603672,0.006674255492239779,conditional deletion from fitted contributions; the GAMM was not refitted,participant,THUAS,THUAS::THUAS_S006,participant_plus_day_to_site_ratio,2.004363193889592
main__glasses__all_available,0.10037885207245859,0,conditional deletion from fitted contributions; the GAMM was not refitted,participant,THUAS,THUAS::THUAS_S007,site_curve_variation,0.10037885207245859
main__glasses__all_available,0.1803993482406322,0.002433346807230114,conditional deletion from fitted contributions; the GAMM was not refitted,participant,THUAS,THUAS::THUAS_S007,participant_curve_variation,0.18083832241869993
main__glasses__all_available,0.019462399927889392,-0.04771975354431101,conditional deletion from fitted contributions; the GAMM was not refitted,participant,THUAS,THUAS::THUAS_S007,participant_day_intercept_variation,0.018533658999949694
main__glasses__all_available,0.1998617481685216,-0.0024505276990722897,conditional deletion from fitted contributions; the GAMM was not refitted,participant,THUAS,THUAS::THUAS_S007,participant_plus_day_variation,0.19937198141864962
main__glasses__all_available,1.7971848105058097,0.0024333468072302174,conditional deletion from fitted contributions; the GAMM was not refitted,participant,THUAS,THUAS::THUAS_S007,participant_to_site_ratio,1.8015579844264566
main__glasses__all_available,1.991074255603672,-0.002450527699072247,conditional deletion from fitted contributions; the GAMM was not refitted,participant,THUAS,THUAS::THUAS_S007,participant_plus_day_to_site_ratio,1.9861950729894056
main__glasses__all_available,0.10037885207245859,0,conditional deletion from fitted contributions; the GAMM was not refitted,participant,THUAS,THUAS::THUAS_S010,site_curve_variation,0.10037885207245859
main__glasses__all_available,0.1803993482406322,0.0032310500236811,conditional deletion from fitted contributions; the GAMM was not refitted,participant,THUAS,THUAS::THUAS_S010,participant_curve_variation,0.18098222755903715
main__glasses__all_available,0.019462399927889392,-0.03191463460470869,conditional deletion from fitted contributions; the GAMM was not refitted,participant,THUAS,THUAS::THUAS_S010,participant_day_intercept_variation,0.018841264545660093
main__glasses__all_available,0.1998617481685216,-1.9141263485843136e-4,conditional deletion from fitted contributions; the GAMM was not refitted,participant,THUAS,THUAS::THUAS_S010,participant_plus_day_variation,0.19982349210469724
main__glasses__all_available,1.7971848105058097,0.003231050023681214,conditional deletion from fitted contributions; the GAMM was not refitted,participant,THUAS,THUAS::THUAS_S010,participant_to_site_ratio,1.802991604530354
main__glasses__all_available,1.991074255603672,-1.9141263485840723e-4,conditional deletion from fitted contributions; the GAMM was not refitted,participant,THUAS,THUAS::THUAS_S010,participant_plus_day_to_site_ratio,1.9906931388342082
main__glasses__all_available,0.10037885207245859,0,conditional deletion from fitted contributions; the GAMM was not refitted,participant,THUAS,THUAS::THUAS_S011,site_curve_variation,0.10037885207245859
main__glasses__all_available,0.1803993482406322,-0.0016590487721247454,conditional deletion from fitted contributions; the GAMM was not refitted,participant,THUAS,THUAS::THUAS_S011,participant_curve_variation,0.18010005692344147
main__glasses__all_available,0.019462399927889392,0.020146351875436806,conditional deletion from fitted contributions; the GAMM was not refitted,participant,THUAS,THUAS::THUAS_S011,participant_day_intercept_variation,0.019854496285177128
main__glasses__all_available,0.1998617481685216,4.643461840369676e-4,conditional deletion from fitted contributions; the GAMM was not refitted,participant,THUAS,THUAS::THUAS_S011,participant_plus_day_variation,0.1999545532086186
main__glasses__all_available,1.7971848105058097,-0.0016590487721246385,conditional deletion from fitted contributions; the GAMM was not refitted,participant,THUAS,THUAS::THUAS_S011,participant_to_site_ratio,1.794203193252659
main__glasses__all_available,1.991074255603672,4.643461840369462e-4,conditional deletion from fitted contributions; the GAMM was not refitted,participant,THUAS,THUAS::THUAS_S011,participant_plus_day_to_site_ratio,1.9919988033363958
main__glasses__all_available,0.10037885207245859,0,conditional deletion from fitted contributions; the GAMM was not refitted,participant,THUAS,THUAS::THUAS_S014,site_curve_variation,0.10037885207245859
main__glasses__all_available,0.1803993482406322,0.005179700559948706,conditional deletion from fitted contributions; the GAMM was not refitted,participant,THUAS,THUAS::THUAS_S014,participant_curve_variation,0.18133376284572858
main__glasses__all_available,0.019462399927889392,0.018222413445117294,conditional deletion from fitted contributions; the GAMM was not refitted,participant,THUAS,THUAS::THUAS_S014,participant_day_intercept_variation,0.019817051826009614
main__glasses__all_available,0.1998617481685216,0.006449790993170357,conditional deletion from fitted contributions; the GAMM was not refitted,participant,THUAS,THUAS::THUAS_S014,participant_plus_day_variation,0.2011508146717382
main__glasses__all_available,1.7971848105058097,0.005179700559948754,conditional deletion from fitted contributions; the GAMM was not refitted,participant,THUAS,THUAS::THUAS_S014,participant_to_site_ratio,1.806493689675118
main__glasses__all_available,1.991074255603672,0.006449790993170274,conditional deletion from fitted contributions; the GAMM was not refitted,participant,THUAS,THUAS::THUAS_S014,participant_plus_day_to_site_ratio,2.003916268404198
main__glasses__all_available,0.10037885207245859,0,conditional deletion from fitted contributions; the GAMM was not refitted,participant,THUAS,THUAS::THUAS_S015,site_curve_variation,0.10037885207245859
main__glasses__all_available,0.1803993482406322,0.005567971913550293,conditional deletion from fitted contributions; the GAMM was not refitted,participant,THUAS,THUAS::THUAS_S015,participant_curve_variation,0.18140380674485881
main__glasses__all_available,0.019462399927889392,-0.04598383865087206,conditional deletion from fitted contributions; the GAMM was not refitted,participant,THUAS,THUAS::THUAS_S015,participant_day_intercept_variation,0.018567444069846582
main__glasses__all_available,0.1998617481685216,5.478919662579985e-4,conditional deletion from fitted contributions; the GAMM was not refitted,participant,THUAS,THUAS::THUAS_S015,participant_plus_day_variation,0.1999712508147054
main__glasses__all_available,1.7971848105058097,0.005567971913550305,conditional deletion from fitted contributions; the GAMM was not refitted,participant,THUAS,THUAS::THUAS_S015,participant_to_site_ratio,1.8071914850541653
main__glasses__all_available,1.991074255603672,5.478919662580561e-4,conditional deletion from fitted contributions; the GAMM was not refitted,participant,THUAS,THUAS::THUAS_S015,participant_plus_day_to_site_ratio,1.9921651491925405
main__glasses__all_available,0.10037885207245859,0,conditional deletion from fitted contributions; the GAMM was not refitted,participant,THUAS,THUAS::THUAS_S016,site_curve_variation,0.10037885207245859
main__glasses__all_available,0.1803993482406322,-0.003985215265889324,conditional deletion from fitted contributions; the GAMM was not refitted,participant,THUAS,THUAS::THUAS_S016,participant_curve_variation,0.17968041800406714
main__glasses__all_available,0.019462399927889392,0.014767344697082982,conditional deletion from fitted contributions; the GAMM was not refitted,participant,THUAS,THUAS::THUAS_S016,participant_day_intercept_variation,0.019749807896257018
main__glasses__all_available,0.1998617481685216,-0.0021591038412891827,conditional deletion from fitted contributions; the GAMM was not refitted,participant,THUAS,THUAS::THUAS_S016,participant_plus_day_variation,0.19943022590032417
main__glasses__all_available,1.7971848105058097,-0.003985215265889283,conditional deletion from fitted contributions; the GAMM was not refitted,participant,THUAS,THUAS::THUAS_S016,participant_to_site_ratio,1.7900226421633576
main__glasses__all_available,1.991074255603672,-0.002159103841289192,conditional deletion from fitted contributions; the GAMM was not refitted,participant,THUAS,THUAS::THUAS_S016,participant_plus_day_to_site_ratio,1.986775319530106
main__glasses__all_available,0.10037885207245859,0,conditional deletion from fitted contributions; the GAMM was not refitted,participant,THUAS,THUAS::THUAS_S017,site_curve_variation,0.10037885207245859
main__glasses__all_available,0.1803993482406322,0.007532986806333881,conditional deletion from fitted contributions; the GAMM was not refitted,participant,THUAS,THUAS::THUAS_S017,participant_curve_variation,0.1817582941508001
main__glasses__all_available,0.019462399927889392,0.01752593893985433,conditional deletion from fitted contributions; the GAMM was not refitted,participant,THUAS,THUAS::THUAS_S017,participant_day_intercept_variation,0.019803496760648607
main__glasses__all_available,0.1998617481685216,0.008506093629750806,conditional deletion from fitted contributions; the GAMM was not refitted,participant,THUAS,THUAS::THUAS_S017,participant_plus_day_variation,0.2015617909114487
main__glasses__all_available,1.7971848105058097,0.007532986806333983,conditional deletion from fitted contributions; the GAMM was not refitted,participant,THUAS,THUAS::THUAS_S017,participant_to_site_ratio,1.8107229799718938
main__glasses__all_available,1.991074255603672,0.008506093629750933,conditional deletion from fitted contributions; the GAMM was not refitted,participant,THUAS,THUAS::THUAS_S017,participant_plus_day_to_site_ratio,2.0080105196456235
main__glasses__all_available,0.10037885207245859,0,conditional deletion from fitted contributions; the GAMM was not refitted,participant,THUAS,THUAS::THUAS_S018,site_curve_variation,0.10037885207245859
main__glasses__all_available,0.1803993482406322,-0.0013663633397075004,conditional deletion from fitted contributions; the GAMM was not refitted,participant,THUAS,THUAS::THUAS_S018,participant_curve_variation,0.18015285718468907
main__glasses__all_available,0.019462399927889392,0.01980970993655381,conditional deletion from fitted contributions; the GAMM was not refitted,participant,THUAS,THUAS::THUAS_S018,participant_day_intercept_variation,0.019847944425130087
main__glasses__all_available,0.1998617481685216,6.957481487668444e-4,conditional deletion from fitted contributions; the GAMM was not refitted,participant,THUAS,THUAS::THUAS_S018,participant_plus_day_variation,0.20000080160981915
main__glasses__all_available,1.7971848105058097,-0.0013663633397074109,conditional deletion from fitted contributions; the GAMM was not refitted,participant,THUAS,THUAS::THUAS_S018,participant_to_site_ratio,1.7947292030660555
main__glasses__all_available,1.991074255603672,6.957481487668225e-4,conditional deletion from fitted contributions; the GAMM was not refitted,participant,THUAS,THUAS::THUAS_S018,participant_plus_day_to_site_ratio,1.9924595418310656
main__glasses__all_available,0.10037885207245859,0,conditional deletion from fitted contributions; the GAMM was not refitted,participant,TUM,TUM::TUM_S001,site_curve_variation,0.10037885207245859
main__glasses__all_available,0.1803993482406322,0.008648266759915221,conditional deletion from fitted contributions; the GAMM was not refitted,participant,TUM,TUM::TUM_S001,participant_curve_variation,0.18195948992753203
main__glasses__all_available,0.019462399927889392,0.0030096481871692317,conditional deletion from fitted contributions; the GAMM was not refitted,participant,TUM,TUM::TUM_S001,participant_day_intercept_variation,0.019520974904550327
main__glasses__all_available,0.1998617481685216,0.008099181951495126,conditional deletion from fitted contributions; the GAMM was not refitted,participant,TUM,TUM::TUM_S001,participant_plus_day_variation,0.20148046483208235
main__glasses__all_available,1.7971848105058097,0.008648266759915306,conditional deletion from fitted contributions; the GAMM was not refitted,participant,TUM,TUM::TUM_S001,participant_to_site_ratio,1.8127273441639318
main__glasses__all_available,1.991074255603672,0.00809918195149511,conditional deletion from fitted contributions; the GAMM was not refitted,participant,TUM,TUM::TUM_S001,participant_plus_day_to_site_ratio,2.007200328278744
main__glasses__all_available,0.10037885207245859,0,conditional deletion from fitted contributions; the GAMM was not refitted,participant,TUM,TUM::TUM_S002,site_curve_variation,0.10037885207245859
main__glasses__all_available,0.1803993482406322,0.01923068892782423,conditional deletion from fitted contributions; the GAMM was not refitted,participant,TUM,TUM::TUM_S002,participant_curve_variation,0.18386855198943003
main__glasses__all_available,0.019462399927889392,-0.011958488259932606,conditional deletion from fitted contributions; the GAMM was not refitted,participant,TUM,TUM::TUM_S002,participant_day_intercept_variation,0.019229659046841614
main__glasses__all_available,0.1998617481685216,0.016193508249618162,conditional deletion from fitted contributions; the GAMM was not refitted,participant,TUM,TUM::TUM_S002,participant_plus_day_variation,0.20309821103627165
main__glasses__all_available,1.7971848105058097,0.0192306889278243,conditional deletion from fitted contributions; the GAMM was not refitted,participant,TUM,TUM::TUM_S002,participant_to_site_ratio,1.8317459125424578
main__glasses__all_available,1.991074255603672,0.01619350824961818,conditional deletion from fitted contributions; the GAMM was not refitted,participant,TUM,TUM::TUM_S002,participant_plus_day_to_site_ratio,2.0233167329873925
main__glasses__all_available,0.10037885207245859,0,conditional deletion from fitted contributions; the GAMM was not refitted,participant,TUM,TUM::TUM_S003,site_curve_variation,0.10037885207245859
main__glasses__all_available,0.1803993482406322,0.01660493919141658,conditional deletion from fitted contributions; the GAMM was not refitted,participant,TUM,TUM::TUM_S003,participant_curve_variation,0.18339486844833908
main__glasses__all_available,0.019462399927889392,0.006979394788908732,conditional deletion from fitted contributions; the GAMM was not refitted,participant,TUM,TUM::TUM_S003,participant_day_intercept_variation,0.01959823570052576
main__glasses__all_available,0.1998617481685216,0.015667610280797318,conditional deletion from fitted contributions; the GAMM was not refitted,participant,TUM,TUM::TUM_S003,participant_plus_day_variation,0.20299310414886484
main__glasses__all_available,1.7971848105058097,0.016604939191416604,conditional deletion from fitted contributions; the GAMM was not refitted,participant,TUM,TUM::TUM_S003,participant_to_site_ratio,1.8270269549999962
main__glasses__all_available,1.991074255603672,0.01566761028079732,conditional deletion from fitted contributions; the GAMM was not refitted,participant,TUM,TUM::TUM_S003,participant_plus_day_to_site_ratio,2.022269631080599
main__glasses__all_available,0.10037885207245859,0,conditional deletion from fitted contributions; the GAMM was not refitted,participant,TUM,TUM::TUM_S004,site_curve_variation,0.10037885207245859
main__glasses__all_available,0.1803993482406322,0.010964394445246066,conditional deletion from fitted contributions; the GAMM was not refitted,participant,TUM,TUM::TUM_S004,participant_curve_variation,0.1823773178524078
main__glasses__all_available,0.019462399927889392,-0.004104755529993945,conditional deletion from fitted contributions; the GAMM was not refitted,participant,TUM,TUM::TUM_S004,participant_day_intercept_variation,0.019382511534158434
main__glasses__all_available,0.1998617481685216,0.009496970958365625,conditional deletion from fitted contributions; the GAMM was not refitted,participant,TUM,TUM::TUM_S004,participant_plus_day_variation,0.20175982938656623
main__glasses__all_available,1.7971848105058097,0.010964394445246065,conditional deletion from fitted contributions; the GAMM was not refitted,participant,TUM,TUM::TUM_S004,participant_to_site_ratio,1.8168898536592002
main__glasses__all_available,1.991074255603672,0.009496970958365545,conditional deletion from fitted contributions; the GAMM was not refitted,participant,TUM,TUM::TUM_S004,participant_plus_day_to_site_ratio,2.0099834299850894
main__glasses__all_available,0.10037885207245859,0,conditional deletion from fitted contributions; the GAMM was not refitted,participant,TUM,TUM::TUM_S005,site_curve_variation,0.10037885207245859
main__glasses__all_available,0.1803993482406322,-0.015215157938802158,conditional deletion from fitted contributions; the GAMM was not refitted,participant,TUM,TUM::TUM_S005,participant_curve_variation,0.177654543665094
main__glasses__all_available,0.019462399927889392,-0.0034412921626119455,conditional deletion from fitted contributions; the GAMM was not refitted,participant,TUM,TUM::TUM_S005,participant_day_intercept_variation,0.019395424123551927
main__glasses__all_available,0.1998617481685216,-0.014068626966600958,conditional deletion from fitted contributions; the GAMM was not refitted,participant,TUM,TUM::TUM_S005,participant_plus_day_variation,0.19704996778864592
main__glasses__all_available,1.7971848105058097,-0.015215157938802052,conditional deletion from fitted contributions; the GAMM was not refitted,participant,TUM,TUM::TUM_S005,participant_to_site_ratio,1.7698403597687478
main__glasses__all_available,1.991074255603672,-0.014068626966600937,conditional deletion from fitted contributions; the GAMM was not refitted,participant,TUM,TUM::TUM_S005,participant_plus_day_to_site_ratio,1.9630625746387813
main__glasses__all_available,0.10037885207245859,0,conditional deletion from fitted contributions; the GAMM was not refitted,participant,TUM,TUM::TUM_S006,site_curve_variation,0.10037885207245859
main__glasses__all_available,0.1803993482406322,0.015984873554295023,conditional deletion from fitted contributions; the GAMM was not refitted,participant,TUM,TUM::TUM_S006,participant_curve_variation,0.18328300901153594
main__glasses__all_available,0.019462399927889392,0.003580156594100635,conditional deletion from fitted contributions; the GAMM was not refitted,participant,TUM,TUM::TUM_S006,participant_day_intercept_variation,0.01953207836732825
main__glasses__all_available,0.1998617481685216,0.014776910726570724,conditional deletion from fitted contributions; the GAMM was not refitted,participant,TUM,TUM::TUM_S006,participant_plus_day_variation,0.2028150873788642
main__glasses__all_available,1.7971848105058097,0.015984873554295034,conditional deletion from fitted contributions; the GAMM was not refitted,participant,TUM,TUM::TUM_S006,participant_to_site_ratio,1.8259125824554447
main__glasses__all_available,1.991074255603672,0.014776910726570672,conditional deletion from fitted contributions; the GAMM was not refitted,participant,TUM,TUM::TUM_S006,participant_plus_day_to_site_ratio,2.0204961821287006
main__glasses__all_available,0.10037885207245859,0,conditional deletion from fitted contributions; the GAMM was not refitted,participant,TUM,TUM::TUM_S007,site_curve_variation,0.10037885207245859
main__glasses__all_available,0.1803993482406322,-0.06890245328551738,conditional deletion from fitted contributions; the GAMM was not refitted,participant,TUM,TUM::TUM_S007,participant_curve_variation,0.16796939057574425
main__glasses__all_available,0.019462399927889392,0.008679047841332388,conditional deletion from fitted contributions; the GAMM was not refitted,participant,TUM,TUM::TUM_S007,participant_day_intercept_variation,0.019631315027970688
main__glasses__all_available,0.1998617481685216,-0.06134761992809273,conditional deletion from fitted contributions; the GAMM was not refitted,participant,TUM,TUM::TUM_S007,participant_plus_day_variation,0.18760070560371495
main__glasses__all_available,1.7971848105058097,-0.06890245328551735,conditional deletion from fitted contributions; the GAMM was not refitted,participant,TUM,TUM::TUM_S007,participant_to_site_ratio,1.6733543680544918
main__glasses__all_available,1.991074255603672,-0.06134761992809267,conditional deletion from fitted contributions; the GAMM was not refitted,participant,TUM,TUM::TUM_S007,participant_plus_day_to_site_ratio,1.868926588922288
main__glasses__all_available,0.10037885207245859,0,conditional deletion from fitted contributions; the GAMM was not refitted,participant,TUM,TUM::TUM_S008,site_curve_variation,0.10037885207245859
main__glasses__all_available,0.1803993482406322,-0.006926907753281965,conditional deletion from fitted contributions; the GAMM was not refitted,participant,TUM,TUM::TUM_S008,participant_curve_variation,0.17914973859661715
main__glasses__all_available,0.019462399927889392,0.005705829234015476,conditional deletion from fitted contributions; the GAMM was not refitted,participant,TUM,TUM::TUM_S008,participant_day_intercept_variation,0.019573449058362044
main__glasses__all_available,0.1998617481685216,-0.005696740491744134,conditional deletion from fitted contributions; the GAMM was not refitted,participant,TUM,TUM::TUM_S008,participant_plus_day_variation,0.1987231876549792
main__glasses__all_available,1.7971848105058097,-0.006926907753281897,conditional deletion from fitted contributions; the GAMM was not refitted,participant,TUM,TUM::TUM_S008,participant_to_site_ratio,1.7847358771078365
main__glasses__all_available,1.991074255603672,-0.0056967404917441546,conditional deletion from fitted contributions; the GAMM was not refitted,participant,TUM,TUM::TUM_S008,participant_plus_day_to_site_ratio,1.9797316222697052
main__glasses__all_available,0.10037885207245859,0,conditional deletion from fitted contributions; the GAMM was not refitted,participant,TUM,TUM::TUM_S009,site_curve_variation,0.10037885207245859
main__glasses__all_available,0.1803993482406322,-2.3161168679048058e-4,conditional deletion from fitted contributions; the GAMM was not refitted,participant,TUM,TUM::TUM_S009,participant_curve_variation,0.18035756564329028
main__glasses__all_available,0.019462399927889392,0.0030932445122383665,conditional deletion from fitted contributions; the GAMM was not refitted,participant,TUM,TUM::TUM_S009,participant_day_intercept_variation,0.019522601889661324
main__glasses__all_available,0.1998617481685216,9.216052895962188e-5,conditional deletion from fitted contributions; the GAMM was not refitted,participant,TUM,TUM::TUM_S009,participant_plus_day_variation,0.1998801675329516
main__glasses__all_available,1.7971848105058097,-2.3161168679041005e-4,conditional deletion from fitted contributions; the GAMM was not refitted,participant,TUM,TUM::TUM_S009,participant_to_site_ratio,1.7967685615003743
main__glasses__all_available,1.991074255603672,9.216052895959515e-5,conditional deletion from fitted contributions; the GAMM was not refitted,participant,TUM,TUM::TUM_S009,participant_plus_day_to_site_ratio,1.9912577540602663
main__glasses__all_available,0.10037885207245859,0,conditional deletion from fitted contributions; the GAMM was not refitted,participant,TUM,TUM::TUM_S010,site_curve_variation,0.10037885207245859
main__glasses__all_available,0.1803993482406322,0.019842967785695016,conditional deletion from fitted contributions; the GAMM was not refitted,participant,TUM,TUM::TUM_S010,participant_curve_variation,0.18397900669633144
main__glasses__all_available,0.019462399927889392,-0.011542785205226154,conditional deletion from fitted contributions; the GAMM was not refitted,participant,TUM,TUM::TUM_S010,participant_day_intercept_variation,0.019237749625943556
main__glasses__all_available,0.1998617481685216,0.016786644690631243,conditional deletion from fitted contributions; the GAMM was not refitted,participant,TUM,TUM::TUM_S010,participant_plus_day_variation,0.20321675632227498
main__glasses__all_available,1.7971848105058097,0.019842967785695026,conditional deletion from fitted contributions; the GAMM was not refitted,participant,TUM,TUM::TUM_S010,participant_to_site_ratio,1.832846290805617
main__glasses__all_available,1.991074255603672,0.016786644690631333,conditional deletion from fitted contributions; the GAMM was not refitted,participant,TUM,TUM::TUM_S010,participant_plus_day_to_site_ratio,2.024497711685154
main__glasses__all_available,0.10037885207245859,0,conditional deletion from fitted contributions; the GAMM was not refitted,participant,UCR,UCR::UCR_S001,site_curve_variation,0.10037885207245859
main__glasses__all_available,0.1803993482406322,-0.008287099226743777,conditional deletion from fitted contributions; the GAMM was not refitted,participant,UCR,UCR::UCR_S001,participant_curve_variation,0.17890436094132217
main__glasses__all_available,0.019462399927889392,0.004470148154979604,conditional deletion from fitted contributions; the GAMM was not refitted,participant,UCR,UCR::UCR_S001,participant_day_intercept_variation,0.019549399739018522
main__glasses__all_available,0.1998617481685216,-0.007044807228413123,conditional deletion from fitted contributions; the GAMM was not refitted,participant,UCR,UCR::UCR_S001,participant_plus_day_variation,0.1984537606803407
main__glasses__all_available,1.7971848105058097,-0.008287099226743703,conditional deletion from fitted contributions; the GAMM was not refitted,participant,UCR,UCR::UCR_S001,participant_to_site_ratio,1.7822913616523515
main__glasses__all_available,1.991074255603672,-0.007044807228413064,conditional deletion from fitted contributions; the GAMM was not refitted,participant,UCR,UCR::UCR_S001,participant_plus_day_to_site_ratio,1.977047521295488
main__glasses__all_available,0.10037885207245859,0,conditional deletion from fitted contributions; the GAMM was not refitted,participant,UCR,UCR::UCR_S002,site_curve_variation,0.10037885207245859
main__glasses__all_available,0.1803993482406322,0.008305062207357335,conditional deletion from fitted contributions; the GAMM was not refitted,participant,UCR,UCR::UCR_S002,participant_curve_variation,0.18189757604993737
main__glasses__all_available,0.019462399927889392,0.005554113887897003,conditional deletion from fitted contributions; the GAMM was not refitted,participant,UCR,UCR::UCR_S002,participant_day_intercept_variation,0.019570496313620688
main__glasses__all_available,0.1998617481685216,0.008037176747208344,conditional deletion from fitted contributions; the GAMM was not refitted,participant,UCR,UCR::UCR_S002,participant_plus_day_variation,0.20146807236355804
main__glasses__all_available,1.7971848105058097,0.00830506220735736,conditional deletion from fitted contributions; the GAMM was not refitted,participant,UCR,UCR::UCR_S002,participant_to_site_ratio,1.8121105421551782
main__glasses__all_available,1.991074255603672,0.008037176747208288,conditional deletion from fitted contributions; the GAMM was not refitted,participant,UCR,UCR::UCR_S002,participant_plus_day_to_site_ratio,2.007076871312775
main__glasses__all_available,0.10037885207245859,0,conditional deletion from fitted contributions; the GAMM was not refitted,participant,UCR,UCR::UCR_S003,site_curve_variation,0.10037885207245859
main__glasses__all_available,0.1803993482406322,-0.03696206860999921,conditional deletion from fitted contributions; the GAMM was not refitted,participant,UCR,UCR::UCR_S003,participant_curve_variation,0.1737314151537628
main__glasses__all_available,0.019462399927889392,-0.007240062497094501,conditional deletion from fitted contributions; the GAMM was not refitted,participant,UCR,UCR::UCR_S003,participant_day_intercept_variation,0.019321490936068025
main__glasses__all_available,0.1998617481685216,-0.034067760044556424,conditional deletion from fitted contributions; the GAMM was not refitted,participant,UCR,UCR::UCR_S003,participant_plus_day_variation,0.19305290608983083
main__glasses__all_available,1.7971848105058097,-0.036962068609999156,conditional deletion from fitted contributions; the GAMM was not refitted,participant,UCR,UCR::UCR_S003,participant_to_site_ratio,1.7307571422350456
main__glasses__all_available,1.991074255603672,-0.03406776004455646,conditional deletion from fitted contributions; the GAMM was not refitted,participant,UCR,UCR::UCR_S003,participant_plus_day_to_site_ratio,1.9232428156328722
main__glasses__all_available,0.10037885207245859,0,conditional deletion from fitted contributions; the GAMM was not refitted,participant,UCR,UCR::UCR_S004,site_curve_variation,0.10037885207245859
main__glasses__all_available,0.1803993482406322,0.008800468162883782,conditional deletion from fitted contributions; the GAMM was not refitted,participant,UCR,UCR::UCR_S004,participant_curve_variation,0.18198694696142886
main__glasses__all_available,0.019462399927889392,0.0010031959266247731,conditional deletion from fitted contributions; the GAMM was not refitted,participant,UCR,UCR::UCR_S004,participant_day_intercept_variation,0.019481924528219393
main__glasses__all_available,0.1998617481685216,0.008041175141586159,conditional deletion from fitted contributions; the GAMM was not refitted,participant,UCR,UCR::UCR_S004,participant_plus_day_variation,0.20146887148964826
main__glasses__all_available,1.7971848105058097,0.008800468162883867,conditional deletion from fitted contributions; the GAMM was not refitted,participant,UCR,UCR::UCR_S004,participant_to_site_ratio,1.8130008782134845
main__glasses__all_available,1.991074255603672,0.008041175141586077,conditional deletion from fitted contributions; the GAMM was not refitted,participant,UCR,UCR::UCR_S004,participant_plus_day_to_site_ratio,2.0070848324128843
main__glasses__all_available,0.10037885207245859,0,conditional deletion from fitted contributions; the GAMM was not refitted,participant,UCR,UCR::UCR_S005,site_curve_variation,0.10037885207245859
main__glasses__all_available,0.1803993482406322,0.008104116266980979,conditional deletion from fitted contributions; the GAMM was not refitted,participant,UCR,UCR::UCR_S005,participant_curve_variation,0.18186132553326187
main__glasses__all_available,0.019462399927889392,-0.0012882701826025945,conditional deletion from fitted contributions; the GAMM was not refitted,participant,UCR,UCR::UCR_S005,participant_day_intercept_variation,0.019437327098380405
main__glasses__all_available,0.1998617481685216,0.007189492117866821,conditional deletion from fitted contributions; the GAMM was not refitted,participant,UCR,UCR::UCR_S005,participant_plus_day_variation,0.20129865263164226
main__glasses__all_available,1.7971848105058097,0.008104116266981064,conditional deletion from fitted contributions; the GAMM was not refitted,participant,UCR,UCR::UCR_S005,participant_to_site_ratio,1.811749405163401
main__glasses__all_available,1.991074255603672,0.007189492117866885,conditional deletion from fitted contributions; the GAMM was not refitted,participant,UCR,UCR::UCR_S005,participant_plus_day_to_site_ratio,2.0053890682704223
main__glasses__all_available,0.10037885207245859,0,conditional deletion from fitted contributions; the GAMM was not refitted,participant,UCR,UCR::UCR_S006,site_curve_variation,0.10037885207245859
main__glasses__all_available,0.1803993482406322,0.020039521199520894,conditional deletion from fitted contributions; the GAMM was not refitted,participant,UCR,UCR::UCR_S006,participant_curve_variation,0.1840144648040801
main__glasses__all_available,0.019462399927889392,-0.002499125289804106,conditional deletion from fitted contributions; the GAMM was not refitted,participant,UCR,UCR::UCR_S006,participant_day_intercept_variation,0.019413760952029322
main__glasses__all_available,0.1998617481685216,0.017844723266308083,conditional deletion from fitted contributions; the GAMM was not refitted,participant,UCR,UCR::UCR_S006,participant_plus_day_variation,0.20342822575610942
main__glasses__all_available,1.7971848105058097,0.02003952119952094,conditional deletion from fitted contributions; the GAMM was not refitted,participant,UCR,UCR::UCR_S006,participant_to_site_ratio,1.833199533615398
main__glasses__all_available,1.991074255603672,0.017844723266308045,conditional deletion from fitted contributions; the GAMM was not refitted,participant,UCR,UCR::UCR_S006,participant_plus_day_to_site_ratio,2.02660442469759
