.model_row_id,site,participant_key,local_date,value,response_value,photoperiod_hours,photoperiod_centered_hours,latitude_deg,absolute_latitude_10deg_centered,metric_support_available,metric_support_valid_minutes,metric_support_expected_minutes,metric_any_censored
BAUA::BAUA_S001::2025-06-11,BAUA,BAUA::BAUA_S001,2025-06-11,430.00000000000006,7.166666666666668,18.13485554655393,4.22361971941225,51.498204,1.225052773019581,FALSE,,,
BAUA::BAUA_S001::2025-06-12,BAUA,BAUA::BAUA_S001,2025-06-12,428,7.133333333333334,18.15373947189914,4.242503644757461,51.498204,1.225052773019581,FALSE,,,
BAUA::BAUA_S001::2025-06-13,BAUA,BAUA::BAUA_S001,2025-06-13,368,6.133333333333334,18.170627665254806,4.259391838113126,51.498204,1.225052773019581,FALSE,,,
BAUA::BAUA_S001::2025-06-14,BAUA,BAUA::BAUA_S001,2025-06-14,386.99999999999994,6.449999999999999,18.18549463795291,4.274258810811231,51.498204,1.225052773019581,FALSE,,,
BAUA::BAUA_S001::2025-06-15,BAUA,BAUA::BAUA_S001,2025-06-15,673.0000000000001,11.216666666666669,18.198317792680527,4.287081965538848,51.498204,1.225052773019581,FALSE,,,
BAUA::BAUA_S001::2025-06-16,BAUA,BAUA::BAUA_S001,2025-06-16,443,7.383333333333334,18.20907755719291,4.29784173005123,51.498204,1.225052773019581,FALSE,,,
BAUA::BAUA_S002::2025-06-11,BAUA,BAUA::BAUA_S002,2025-06-11,386.99999999999994,6.449999999999999,18.13485554655393,4.22361971941225,51.498204,1.225052773019581,FALSE,,,
BAUA::BAUA_S002::2025-06-12,BAUA,BAUA::BAUA_S002,2025-06-12,382,6.366666666666666,18.15373947189914,4.242503644757461,51.498204,1.225052773019581,FALSE,,,
BAUA::BAUA_S002::2025-06-13,BAUA,BAUA::BAUA_S002,2025-06-13,478.0000000000001,7.966666666666669,18.170627665254806,4.259391838113126,51.498204,1.225052773019581,FALSE,,,
BAUA::BAUA_S002::2025-06-14,BAUA,BAUA::BAUA_S002,2025-06-14,637,10.616666666666667,18.18549463795291,4.274258810811231,51.498204,1.225052773019581,FALSE,,,
BAUA::BAUA_S002::2025-06-15,BAUA,BAUA::BAUA_S002,2025-06-15,442,7.366666666666666,18.198317792680527,4.287081965538848,51.498204,1.225052773019581,FALSE,,,
BAUA::BAUA_S002::2025-06-16,BAUA,BAUA::BAUA_S002,2025-06-16,446,7.433333333333334,18.20907755719291,4.29784173005123,51.498204,1.225052773019581,FALSE,,,
BAUA::BAUA_S003::2025-06-11,BAUA,BAUA::BAUA_S003,2025-06-11,539,8.983333333333333,18.13485554655393,4.22361971941225,51.498204,1.225052773019581,FALSE,,,
BAUA::BAUA_S003::2025-06-12,BAUA,BAUA::BAUA_S003,2025-06-12,628.0000000000001,10.466666666666669,18.15373947189914,4.242503644757461,51.498204,1.225052773019581,FALSE,,,
BAUA::BAUA_S003::2025-06-13,BAUA,BAUA::BAUA_S003,2025-06-13,622,10.366666666666667,18.170627665254806,4.259391838113126,51.498204,1.225052773019581,FALSE,,,
BAUA::BAUA_S003::2025-06-14,BAUA,BAUA::BAUA_S003,2025-06-14,641.0000000000002,10.683333333333337,18.18549463795291,4.274258810811231,51.498204,1.225052773019581,FALSE,,,
BAUA::BAUA_S003::2025-06-15,BAUA,BAUA::BAUA_S003,2025-06-15,1024.9999999999998,17.08333333333333,18.198317792680527,4.287081965538848,51.498204,1.225052773019581,FALSE,,,
BAUA::BAUA_S003::2025-06-16,BAUA,BAUA::BAUA_S003,2025-06-16,931.9999999999999,15.533333333333331,18.20907755719291,4.29784173005123,51.498204,1.225052773019581,FALSE,,,
BAUA::BAUA_S004::2025-06-11,BAUA,BAUA::BAUA_S004,2025-06-11,428,7.133333333333334,18.13485554655393,4.22361971941225,51.498204,1.225052773019581,FALSE,,,
BAUA::BAUA_S004::2025-06-12,BAUA,BAUA::BAUA_S004,2025-06-12,416.99999999999994,6.949999999999999,18.15373947189914,4.242503644757461,51.498204,1.225052773019581,FALSE,,,
BAUA::BAUA_S004::2025-06-13,BAUA,BAUA::BAUA_S004,2025-06-13,416,6.933333333333334,18.170627665254806,4.259391838113126,51.498204,1.225052773019581,FALSE,,,
BAUA::BAUA_S004::2025-06-14,BAUA,BAUA::BAUA_S004,2025-06-14,476.99999999999994,7.949999999999999,18.18549463795291,4.274258810811231,51.498204,1.225052773019581,FALSE,,,
BAUA::BAUA_S004::2025-06-15,BAUA,BAUA::BAUA_S004,2025-06-15,547,9.116666666666667,18.198317792680527,4.287081965538848,51.498204,1.225052773019581,FALSE,,,
BAUA::BAUA_S004::2025-06-16,BAUA,BAUA::BAUA_S004,2025-06-16,401,6.683333333333334,18.20907755719291,4.29784173005123,51.498204,1.225052773019581,FALSE,,,
BAUA::BAUA_S005::2025-06-11,BAUA,BAUA::BAUA_S005,2025-06-11,518,8.633333333333333,18.13485554655393,4.22361971941225,51.498204,1.225052773019581,FALSE,,,
BAUA::BAUA_S005::2025-06-12,BAUA,BAUA::BAUA_S005,2025-06-12,489.9999999999999,8.166666666666664,18.15373947189914,4.242503644757461,51.498204,1.225052773019581,FALSE,,,
BAUA::BAUA_S005::2025-06-13,BAUA,BAUA::BAUA_S005,2025-06-13,504.9999999999999,8.416666666666664,18.170627665254806,4.259391838113126,51.498204,1.225052773019581,FALSE,,,
BAUA::BAUA_S005::2025-06-14,BAUA,BAUA::BAUA_S005,2025-06-14,613.0000000000001,10.216666666666669,18.18549463795291,4.274258810811231,51.498204,1.225052773019581,FALSE,,,
BAUA::BAUA_S005::2025-06-15,BAUA,BAUA::BAUA_S005,2025-06-15,794,13.233333333333333,18.198317792680527,4.287081965538848,51.498204,1.225052773019581,FALSE,,,
BAUA::BAUA_S006::2025-06-11,BAUA,BAUA::BAUA_S006,2025-06-11,516.0000000000001,8.600000000000001,18.13485554655393,4.22361971941225,51.498204,1.225052773019581,FALSE,,,
BAUA::BAUA_S006::2025-06-12,BAUA,BAUA::BAUA_S006,2025-06-12,436.9999999999999,7.283333333333331,18.15373947189914,4.242503644757461,51.498204,1.225052773019581,FALSE,,,
BAUA::BAUA_S006::2025-06-13,BAUA,BAUA::BAUA_S006,2025-06-13,491.0000000000002,8.183333333333337,18.170627665254806,4.259391838113126,51.498204,1.225052773019581,FALSE,,,
BAUA::BAUA_S006::2025-06-15,BAUA,BAUA::BAUA_S006,2025-06-15,717.0000000000002,11.950000000000005,18.198317792680527,4.287081965538848,51.498204,1.225052773019581,FALSE,,,
BAUA::BAUA_S006::2025-06-16,BAUA,BAUA::BAUA_S006,2025-06-16,796,13.266666666666667,18.20907755719291,4.29784173005123,51.498204,1.225052773019581,FALSE,,,
BAUA::BAUA_S006::2025-06-17,BAUA,BAUA::BAUA_S006,2025-06-17,44.00000000000006,0.7333333333333343,18.217757501800854,4.306521674659175,51.498204,1.225052773019581,FALSE,,,
BAUA::BAUA_S007::2025-06-25,BAUA,BAUA::BAUA_S007,2025-06-25,326,5.433333333333334,18.211450270281897,4.300214443140218,51.498204,1.225052773019581,FALSE,,,
BAUA::BAUA_S007::2025-06-26,BAUA,BAUA::BAUA_S007,2025-06-26,473.9999999999999,7.899999999999998,18.201224926577673,4.289989099435994,51.498204,1.225052773019581,FALSE,,,
BAUA::BAUA_S007::2025-06-27,BAUA,BAUA::BAUA_S007,2025-06-27,360,6,18.188940423462125,4.277704596320445,51.498204,1.225052773019581,FALSE,,,
BAUA::BAUA_S007::2025-06-28,BAUA,BAUA::BAUA_S007,2025-06-28,413,6.883333333333334,18.174617048899332,4.263381221757653,51.498204,1.225052773019581,FALSE,,,
BAUA::BAUA_S007::2025-06-29,BAUA,BAUA::BAUA_S007,2025-06-29,601,10.016666666666667,18.15827808989419,4.24704226275251,51.498204,1.225052773019581,FALSE,,,
BAUA::BAUA_S007::2025-06-30,BAUA,BAUA::BAUA_S007,2025-06-30,323.9999999999999,5.399999999999998,18.13994969639513,4.228713869253452,51.498204,1.225052773019581,FALSE,,,
BAUA::BAUA_S009::2025-06-25,BAUA,BAUA::BAUA_S009,2025-06-25,521.0000000000002,8.683333333333337,18.211450270281897,4.300214443140218,51.498204,1.225052773019581,FALSE,,,
BAUA::BAUA_S009::2025-06-26,BAUA,BAUA::BAUA_S009,2025-06-26,676,11.266666666666667,18.201224926577673,4.289989099435994,51.498204,1.225052773019581,FALSE,,,
BAUA::BAUA_S009::2025-06-27,BAUA,BAUA::BAUA_S009,2025-06-27,476.99999999999994,7.949999999999999,18.188940423462125,4.277704596320445,51.498204,1.225052773019581,FALSE,,,
BAUA::BAUA_S009::2025-06-28,BAUA,BAUA::BAUA_S009,2025-06-28,647.9999999999998,10.799999999999995,18.174617048899332,4.263381221757653,51.498204,1.225052773019581,FALSE,,,
BAUA::BAUA_S009::2025-06-29,BAUA,BAUA::BAUA_S009,2025-06-29,426.0000000000001,7.100000000000002,18.15827808989419,4.24704226275251,51.498204,1.225052773019581,FALSE,,,
BAUA::BAUA_S009::2025-06-30,BAUA,BAUA::BAUA_S009,2025-06-30,469,7.816666666666666,18.13994969639513,4.228713869253452,51.498204,1.225052773019581,FALSE,,,
BAUA::BAUA_S011::2025-06-25,BAUA,BAUA::BAUA_S011,2025-06-25,1008.9999999999998,16.816666666666663,18.211450270281897,4.300214443140218,51.498204,1.225052773019581,FALSE,,,
BAUA::BAUA_S011::2025-06-26,BAUA,BAUA::BAUA_S011,2025-06-26,898.0000000000001,14.966666666666669,18.201224926577673,4.289989099435994,51.498204,1.225052773019581,FALSE,,,
BAUA::BAUA_S011::2025-06-28,BAUA,BAUA::BAUA_S011,2025-06-28,638.9999999999999,10.649999999999999,18.174617048899332,4.263381221757653,51.498204,1.225052773019581,FALSE,,,
BAUA::BAUA_S012::2025-07-16,BAUA,BAUA::BAUA_S012,2025-07-16,382,6.366666666666666,17.605919546220036,3.6946837190783572,51.498204,1.225052773019581,FALSE,,,
BAUA::BAUA_S012::2025-07-17,BAUA,BAUA::BAUA_S012,2025-07-17,368.9999999999999,6.149999999999998,17.559705352187155,3.648469525045476,51.498204,1.225052773019581,FALSE,,,
BAUA::BAUA_S012::2025-07-18,BAUA,BAUA::BAUA_S012,2025-07-18,334,5.566666666666666,17.51226164135668,3.601025814215001,51.498204,1.225052773019581,FALSE,,,
BAUA::BAUA_S012::2025-07-19,BAUA,BAUA::BAUA_S012,2025-07-19,539,8.983333333333333,17.463635578751564,3.552399751609885,51.498204,1.225052773019581,FALSE,,,
BAUA::BAUA_S012::2025-07-20,BAUA,BAUA::BAUA_S012,2025-07-20,729.9999999999999,12.166666666666664,17.413873874545096,3.5026380474034173,51.498204,1.225052773019581,FALSE,,,
BAUA::BAUA_S012::2025-07-21,BAUA,BAUA::BAUA_S012,2025-07-21,961,16.016666666666666,17.36302268412378,3.4517868569821015,51.498204,1.225052773019581,FALSE,,,
BAUA::BAUA_S013::2025-07-16,BAUA,BAUA::BAUA_S013,2025-07-16,570,9.5,17.605919546220036,3.6946837190783572,51.498204,1.225052773019581,FALSE,,,
BAUA::BAUA_S013::2025-07-17,BAUA,BAUA::BAUA_S013,2025-07-17,635.0000000000001,10.583333333333336,17.559705352187155,3.648469525045476,51.498204,1.225052773019581,FALSE,,,
BAUA::BAUA_S013::2025-07-18,BAUA,BAUA::BAUA_S013,2025-07-18,530.0000000000001,8.833333333333336,17.51226164135668,3.601025814215001,51.498204,1.225052773019581,FALSE,,,
BAUA::BAUA_S013::2025-07-19,BAUA,BAUA::BAUA_S013,2025-07-19,585,9.75,17.463635578751564,3.552399751609885,51.498204,1.225052773019581,FALSE,,,
BAUA::BAUA_S013::2025-07-20,BAUA,BAUA::BAUA_S013,2025-07-20,590.0000000000001,9.833333333333336,17.413873874545096,3.5026380474034173,51.498204,1.225052773019581,FALSE,,,
BAUA::BAUA_S013::2025-07-21,BAUA,BAUA::BAUA_S013,2025-07-21,554,9.233333333333333,17.36302268412378,3.4517868569821015,51.498204,1.225052773019581,FALSE,,,
BAUA::BAUA_S014::2025-07-16,BAUA,BAUA::BAUA_S014,2025-07-16,457,7.616666666666666,17.605919546220036,3.6946837190783572,51.498204,1.225052773019581,FALSE,,,
BAUA::BAUA_S014::2025-07-17,BAUA,BAUA::BAUA_S014,2025-07-17,450,7.5,17.559705352187155,3.648469525045476,51.498204,1.225052773019581,FALSE,,,
BAUA::BAUA_S014::2025-07-18,BAUA,BAUA::BAUA_S014,2025-07-18,375,6.25,17.51226164135668,3.601025814215001,51.498204,1.225052773019581,FALSE,,,
BAUA::BAUA_S014::2025-07-19,BAUA,BAUA::BAUA_S014,2025-07-19,406.9999999999999,6.783333333333331,17.463635578751564,3.552399751609885,51.498204,1.225052773019581,FALSE,,,
BAUA::BAUA_S014::2025-07-20,BAUA,BAUA::BAUA_S014,2025-07-20,515.0000000000001,8.583333333333336,17.413873874545096,3.5026380474034173,51.498204,1.225052773019581,FALSE,,,
BAUA::BAUA_S014::2025-07-21,BAUA,BAUA::BAUA_S014,2025-07-21,419.00000000000006,6.983333333333334,17.36302268412378,3.4517868569821015,51.498204,1.225052773019581,FALSE,,,
BAUA::BAUA_S015::2025-07-23,BAUA,BAUA::BAUA_S015,2025-07-23,516.0000000000001,8.600000000000001,17.25823315329022,3.346997326148541,51.498204,1.225052773019581,FALSE,,,
BAUA::BAUA_S015::2025-07-24,BAUA,BAUA::BAUA_S015,2025-07-24,515.0000000000001,8.583333333333336,17.20438357512156,3.293147747979882,51.498204,1.225052773019581,FALSE,,,
BAUA::BAUA_S015::2025-07-26,BAUA,BAUA::BAUA_S015,2025-07-26,488.9999999999999,8.149999999999999,17.093990320430862,3.182754493289183,51.498204,1.225052773019581,FALSE,,,
BAUA::BAUA_S015::2025-07-27,BAUA,BAUA::BAUA_S015,2025-07-27,443,7.383333333333334,17.037530069549877,3.126294242408198,51.498204,1.225052773019581,FALSE,,,
BAUA::BAUA_S015::2025-07-28,BAUA,BAUA::BAUA_S015,2025-07-28,424.99999999999994,7.083333333333332,16.98028136703703,3.0690455398953507,51.498204,1.225052773019581,FALSE,,,
BAUA::BAUA_S016::2025-07-23,BAUA,BAUA::BAUA_S016,2025-07-23,366.0000000000001,6.100000000000002,17.25823315329022,3.346997326148541,51.498204,1.225052773019581,FALSE,,,
BAUA::BAUA_S016::2025-07-24,BAUA,BAUA::BAUA_S016,2025-07-24,533,8.883333333333333,17.20438357512156,3.293147747979882,51.498204,1.225052773019581,FALSE,,,
BAUA::BAUA_S016::2025-07-25,BAUA,BAUA::BAUA_S016,2025-07-25,561.0000000000001,9.350000000000001,17.14962189859814,3.2383860714564623,51.498204,1.225052773019581,FALSE,,,
BAUA::BAUA_S016::2025-07-26,BAUA,BAUA::BAUA_S016,2025-07-26,541.9999999999999,9.033333333333331,17.093990320430862,3.182754493289183,51.498204,1.225052773019581,FALSE,,,
BAUA::BAUA_S016::2025-07-27,BAUA,BAUA::BAUA_S016,2025-07-27,780,13,17.037530069549877,3.126294242408198,51.498204,1.225052773019581,FALSE,,,
BAUA::BAUA_S016::2025-07-28,BAUA,BAUA::BAUA_S016,2025-07-28,577,9.616666666666667,16.98028136703703,3.0690455398953507,51.498204,1.225052773019581,FALSE,,,
BAUA::BAUA_S018::2025-09-09,BAUA,BAUA::BAUA_S018,2025-09-09,560.0000000000001,9.333333333333336,14.173865788976352,0.2626299618346728,51.498204,1.225052773019581,FALSE,,,
BAUA::BAUA_S018::2025-09-10,BAUA,BAUA::BAUA_S018,2025-09-10,476,7.933333333333334,14.106545170876714,0.19530934373503506,51.498204,1.225052773019581,FALSE,,,
BAUA::BAUA_S018::2025-09-11,BAUA,BAUA::BAUA_S018,2025-09-11,697,11.616666666666667,14.039288122190369,0.12805229504868976,51.498204,1.225052773019581,FALSE,,,
BAUA::BAUA_S018::2025-09-12,BAUA,BAUA::BAUA_S018,2025-09-12,618.9999999999998,10.316666666666663,13.972100253105163,0.060864425963483626,51.498204,1.225052773019581,FALSE,,,
BAUA::BAUA_S018::2025-09-13,BAUA,BAUA::BAUA_S018,2025-09-13,635.0000000000001,10.583333333333336,13.904986972941293,-0.0062488542003862335,51.498204,1.225052773019581,FALSE,,,
BAUA::BAUA_S022::2025-09-24,BAUA,BAUA::BAUA_S022,2025-09-24,448.0000000000001,7.466666666666669,13.17307060652309,-0.7381652206185887,51.498204,1.225052773019581,FALSE,,,
BAUA::BAUA_S022::2025-09-26,BAUA,BAUA::BAUA_S022,2025-09-26,476.99999999999994,7.949999999999999,13.041522514886326,-0.8697133122553531,51.498204,1.225052773019581,FALSE,,,
BAUA::BAUA_S022::2025-09-27,BAUA,BAUA::BAUA_S022,2025-09-27,632.9999999999998,10.549999999999995,12.975956710047193,-0.9352791170944865,51.498204,1.225052773019581,FALSE,,,
BAUA::BAUA_S022::2025-09-28,BAUA,BAUA::BAUA_S022,2025-09-28,613.0000000000001,10.216666666666669,12.910536039935218,-1.000699787206461,51.498204,1.225052773019581,FALSE,,,
BAUA::BAUA_S022::2025-09-29,BAUA,BAUA::BAUA_S022,2025-09-29,563,9.383333333333333,12.845265362262726,-1.0659704648789532,51.498204,1.225052773019581,FALSE,,,
BAUA::BAUA_S024::2025-10-14,BAUA,BAUA::BAUA_S024,2025-10-14,541.9999999999999,9.033333333333331,11.888039366337988,-2.0231964608036908,51.498204,1.225052773019581,FALSE,,,
BAUA::BAUA_S024::2025-10-16,BAUA,BAUA::BAUA_S024,2025-10-16,533.9999999999999,8.899999999999999,11.764196532567341,-2.1470392945743377,51.498204,1.225052773019581,FALSE,,,
BAUA::BAUA_S024::2025-10-18,BAUA,BAUA::BAUA_S024,2025-10-18,605.0000000000001,10.083333333333336,11.641457739075024,-2.269778088066655,51.498204,1.225052773019581,FALSE,,,
BAUA::BAUA_S024::2025-10-19,BAUA,BAUA::BAUA_S024,2025-10-19,586,9.766666666666667,11.580528282059564,-2.330707545082115,51.498204,1.225052773019581,FALSE,,,
BAUA::BAUA_S025::2025-10-14,BAUA,BAUA::BAUA_S025,2025-10-14,611.0000000000002,10.183333333333337,11.888039366337988,-2.0231964608036908,51.498204,1.225052773019581,FALSE,,,
BAUA::BAUA_S025::2025-10-15,BAUA,BAUA::BAUA_S025,2025-10-15,516.0000000000001,8.600000000000001,11.825984905560812,-2.085250921580867,51.498204,1.225052773019581,FALSE,,,
BAUA::BAUA_S025::2025-10-16,BAUA,BAUA::BAUA_S025,2025-10-16,626.0000000000002,10.433333333333337,11.764196532567341,-2.1470392945743377,51.498204,1.225052773019581,FALSE,,,
BAUA::BAUA_S025::2025-10-17,BAUA,BAUA::BAUA_S025,2025-10-17,591.0000000000001,9.850000000000001,11.702684059407975,-2.208551767733704,51.498204,1.225052773019581,FALSE,,,
BAUA::BAUA_S025::2025-10-18,BAUA,BAUA::BAUA_S025,2025-10-18,588.9999999999998,9.816666666666663,11.641457739075024,-2.269778088066655,51.498204,1.225052773019581,FALSE,,,
BAUA::BAUA_S025::2025-10-19,BAUA,BAUA::BAUA_S025,2025-10-19,661,11.016666666666667,11.580528282059564,-2.330707545082115,51.498204,1.225052773019581,FALSE,,,
FUSPCEU::FUSPCEU_S003::2024-10-08,FUSPCEU,FUSPCEU::FUSPCEU_S003,2024-10-08,581.0000000000002,9.683333333333337,12.348446626994345,-1.5627892001473338,40.4165,0.11688237301958049,FALSE,,,
FUSPCEU::FUSPCEU_S003::2024-10-09,FUSPCEU,FUSPCEU::FUSPCEU_S003,2024-10-09,727,12.116666666666667,12.305623547832171,-1.6056122793095078,40.4165,0.11688237301958049,FALSE,,,
FUSPCEU::FUSPCEU_S003::2024-10-10,FUSPCEU,FUSPCEU::FUSPCEU_S003,2024-10-10,516.0000000000001,8.600000000000001,12.26295735961861,-1.6482784675230686,40.4165,0.11688237301958049,FALSE,,,
FUSPCEU::FUSPCEU_S003::2024-10-11,FUSPCEU,FUSPCEU::FUSPCEU_S003,2024-10-11,676.9999999999999,11.283333333333331,12.220454689529207,-1.690781137612472,40.4165,0.11688237301958049,FALSE,,,
FUSPCEU::FUSPCEU_S003::2024-10-12,FUSPCEU,FUSPCEU::FUSPCEU_S003,2024-10-12,756.0000000000001,12.600000000000001,12.178122354679637,-1.7331134724620423,40.4165,0.11688237301958049,FALSE,,,
FUSPCEU::FUSPCEU_S003::2024-10-13,FUSPCEU,FUSPCEU::FUSPCEU_S003,2024-10-13,755.0000000000001,12.583333333333336,12.13596737186114,-1.7752684552805391,40.4165,0.11688237301958049,FALSE,,,
FUSPCEU::FUSPCEU_S004::2024-10-08,FUSPCEU,FUSPCEU::FUSPCEU_S004,2024-10-08,792.0000000000002,13.200000000000005,12.348446626994345,-1.5627892001473338,40.4165,0.11688237301958049,FALSE,,,
FUSPCEU::FUSPCEU_S004::2024-10-09,FUSPCEU,FUSPCEU::FUSPCEU_S004,2024-10-09,509.00000000000006,8.483333333333334,12.305623547832171,-1.6056122793095078,40.4165,0.11688237301958049,FALSE,,,
FUSPCEU::FUSPCEU_S004::2024-10-11,FUSPCEU,FUSPCEU::FUSPCEU_S004,2024-10-11,494.00000000000006,8.233333333333334,12.220454689529207,-1.690781137612472,40.4165,0.11688237301958049,FALSE,,,
FUSPCEU::FUSPCEU_S004::2024-10-12,FUSPCEU,FUSPCEU::FUSPCEU_S004,2024-10-12,978.9999999999998,16.316666666666663,12.178122354679637,-1.7331134724620423,40.4165,0.11688237301958049,FALSE,,,
FUSPCEU::FUSPCEU_S004::2024-10-13,FUSPCEU,FUSPCEU::FUSPCEU_S004,2024-10-13,617.9999999999998,10.299999999999995,12.13596737186114,-1.7752684552805391,40.4165,0.11688237301958049,FALSE,,,
FUSPCEU::FUSPCEU_S005::2024-10-15,FUSPCEU,FUSPCEU::FUSPCEU_S005,2024-10-15,554,9.233333333333333,12.052218589584033,-1.8590172375576461,40.4165,0.11688237301958049,FALSE,,,
FUSPCEU::FUSPCEU_S005::2024-10-16,FUSPCEU,FUSPCEU::FUSPCEU_S005,2024-10-16,582.0000000000002,9.700000000000005,12.010639912883441,-1.900595914258238,40.4165,0.11688237301958049,FALSE,,,
FUSPCEU::FUSPCEU_S005::2024-10-17,FUSPCEU,FUSPCEU::FUSPCEU_S005,2024-10-17,840,14,11.969268852670988,-1.9419669744706916,40.4165,0.11688237301958049,FALSE,,,
FUSPCEU::FUSPCEU_S005::2024-10-18,FUSPCEU,FUSPCEU::FUSPCEU_S005,2024-10-18,527.9999999999998,8.799999999999995,11.928113571604094,-1.9831222555375856,40.4165,0.11688237301958049,FALSE,,,
FUSPCEU::FUSPCEU_S005::2024-10-19,FUSPCEU,FUSPCEU::FUSPCEU_S005,2024-10-19,608,10.133333333333333,11.88718248864015,-2.0240533385015294,40.4165,0.11688237301958049,FALSE,,,
FUSPCEU::FUSPCEU_S006::2024-10-15,FUSPCEU,FUSPCEU::FUSPCEU_S006,2024-10-15,552.0000000000002,9.200000000000005,12.052218589584033,-1.8590172375576461,40.4165,0.11688237301958049,FALSE,,,
FUSPCEU::FUSPCEU_S006::2024-10-16,FUSPCEU,FUSPCEU::FUSPCEU_S006,2024-10-16,635.0000000000001,10.583333333333336,12.010639912883441,-1.900595914258238,40.4165,0.11688237301958049,FALSE,,,
FUSPCEU::FUSPCEU_S006::2024-10-17,FUSPCEU,FUSPCEU::FUSPCEU_S006,2024-10-17,681.0000000000001,11.350000000000001,11.969268852670988,-1.9419669744706916,40.4165,0.11688237301958049,FALSE,,,
FUSPCEU::FUSPCEU_S006::2024-10-18,FUSPCEU,FUSPCEU::FUSPCEU_S006,2024-10-18,537.0000000000002,8.950000000000005,11.928113571604094,-1.9831222555375856,40.4165,0.11688237301958049,FALSE,,,
FUSPCEU::FUSPCEU_S006::2024-10-19,FUSPCEU,FUSPCEU::FUSPCEU_S006,2024-10-19,648.9999999999998,10.816666666666663,11.88718248864015,-2.0240533385015294,40.4165,0.11688237301958049,FALSE,,,
FUSPCEU::FUSPCEU_S007::2024-10-22,FUSPCEU,FUSPCEU::FUSPCEU_S007,2024-10-22,531.0000000000001,8.850000000000001,11.765822637412283,-2.145413189729396,40.4165,0.11688237301958049,FALSE,,,
FUSPCEU::FUSPCEU_S007::2024-10-23,FUSPCEU,FUSPCEU::FUSPCEU_S007,2024-10-23,545.0000000000001,9.083333333333336,11.725877948668268,-2.185357878473411,40.4165,0.11688237301958049,FALSE,,,
FUSPCEU::FUSPCEU_S007::2024-10-24,FUSPCEU,FUSPCEU::FUSPCEU_S007,2024-10-24,4.999999999999929,0.08333333333333215,11.68620367626349,-2.2250321508781887,40.4165,0.11688237301958049,FALSE,,,
FUSPCEU::FUSPCEU_S007::2024-10-25,FUSPCEU,FUSPCEU::FUSPCEU_S007,2024-10-25,548,9.133333333333333,11.646809936960539,-2.2644258901811405,40.4165,0.11688237301958049,FALSE,,,
FUSPCEU::FUSPCEU_S007::2024-10-26,FUSPCEU,FUSPCEU::FUSPCEU_S007,2024-10-26,747.0000000000002,12.450000000000005,11.607707152366638,-2.303528674775041,40.4165,0.11688237301958049,FALSE,,,
FUSPCEU::FUSPCEU_S007::2024-10-27,FUSPCEU,FUSPCEU::FUSPCEU_S007,2024-10-27,676.9999999999999,11.283333333333331,11.568906053569581,-2.3423297735720983,40.4165,0.11688237301958049,FALSE,,,
FUSPCEU::FUSPCEU_S008::2024-10-22,FUSPCEU,FUSPCEU::FUSPCEU_S008,2024-10-22,526.9999999999999,8.783333333333331,11.765822637412283,-2.145413189729396,40.4165,0.11688237301958049,FALSE,,,
FUSPCEU::FUSPCEU_S008::2024-10-23,FUSPCEU,FUSPCEU::FUSPCEU_S008,2024-10-23,523.0000000000001,8.716666666666669,11.725877948668268,-2.185357878473411,40.4165,0.11688237301958049,FALSE,,,
FUSPCEU::FUSPCEU_S008::2024-10-24,FUSPCEU,FUSPCEU::FUSPCEU_S008,2024-10-24,525,8.75,11.68620367626349,-2.2250321508781887,40.4165,0.11688237301958049,FALSE,,,
FUSPCEU::FUSPCEU_S008::2024-10-25,FUSPCEU,FUSPCEU::FUSPCEU_S008,2024-10-25,526.9999999999999,8.783333333333331,11.646809936960539,-2.2644258901811405,40.4165,0.11688237301958049,FALSE,,,
FUSPCEU::FUSPCEU_S009::2024-11-04,FUSPCEU,FUSPCEU::FUSPCEU_S009,2024-11-04,914,15.233333333333333,11.270750055644248,-2.6404857714974312,40.4165,0.11688237301958049,FALSE,,,
FUSPCEU::FUSPCEU_S009::2024-11-05,FUSPCEU,FUSPCEU::FUSPCEU_S009,2024-11-05,516.0000000000001,8.600000000000001,11.235199311110708,-2.6760365160309707,40.4165,0.11688237301958049,FALSE,,,
FUSPCEU::FUSPCEU_S009::2024-11-06,FUSPCEU,FUSPCEU::FUSPCEU_S009,2024-11-06,503,8.383333333333333,11.200074996153514,-2.711160830988165,40.4165,0.11688237301958049,FALSE,,,
FUSPCEU::FUSPCEU_S009::2024-11-07,FUSPCEU,FUSPCEU::FUSPCEU_S009,2024-11-07,515.0000000000001,8.583333333333336,11.165391299592125,-2.745844527549554,40.4165,0.11688237301958049,FALSE,,,
FUSPCEU::FUSPCEU_S009::2024-11-08,FUSPCEU,FUSPCEU::FUSPCEU_S009,2024-11-08,517,8.616666666666667,11.131162701845168,-2.7800731252965107,40.4165,0.11688237301958049,FALSE,,,
FUSPCEU::FUSPCEU_S009::2024-11-09,FUSPCEU,FUSPCEU::FUSPCEU_S009,2024-11-09,676,11.266666666666667,11.097403965526157,-2.8138318616155225,40.4165,0.11688237301958049,FALSE,,,
FUSPCEU::FUSPCEU_S009::2024-11-10,FUSPCEU,FUSPCEU::FUSPCEU_S009,2024-11-10,606.0000000000001,10.100000000000001,11.06413012444973,-2.84710570269195,40.4165,0.11688237301958049,FALSE,,,
FUSPCEU::FUSPCEU_S010::2024-11-04,FUSPCEU,FUSPCEU::FUSPCEU_S010,2024-11-04,916.9999999999999,15.283333333333331,11.270750055644248,-2.6404857714974312,40.4165,0.11688237301958049,FALSE,,,
FUSPCEU::FUSPCEU_S010::2024-11-05,FUSPCEU,FUSPCEU::FUSPCEU_S010,2024-11-05,457,7.616666666666666,11.235199311110708,-2.6760365160309707,40.4165,0.11688237301958049,FALSE,,,
FUSPCEU::FUSPCEU_S010::2024-11-06,FUSPCEU,FUSPCEU::FUSPCEU_S010,2024-11-06,494.00000000000006,8.233333333333334,11.200074996153514,-2.711160830988165,40.4165,0.11688237301958049,FALSE,,,
FUSPCEU::FUSPCEU_S010::2024-11-07,FUSPCEU,FUSPCEU::FUSPCEU_S010,2024-11-07,528.9999999999998,8.816666666666663,11.165391299592125,-2.745844527549554,40.4165,0.11688237301958049,FALSE,,,
FUSPCEU::FUSPCEU_S011::2024-11-12,FUSPCEU,FUSPCEU::FUSPCEU_S011,2024-11-12,488.9999999999999,8.149999999999999,10.999098544253243,-2.9121372828884358,40.4165,0.11688237301958049,FALSE,,,
FUSPCEU::FUSPCEU_S011::2024-11-13,FUSPCEU,FUSPCEU::FUSPCEU_S011,2024-11-13,487,8.116666666666667,10.967372110684712,-2.943863716456967,40.4165,0.11688237301958049,FALSE,,,
FUSPCEU::FUSPCEU_S011::2024-11-14,FUSPCEU,FUSPCEU::FUSPCEU_S011,2024-11-14,542.9999999999998,9.049999999999995,10.936193150546815,-2.975042676594864,40.4165,0.11688237301958049,FALSE,,,
FUSPCEU::FUSPCEU_S011::2024-11-16,FUSPCEU,FUSPCEU::FUSPCEU_S011,2024-11-16,612.0000000000002,10.200000000000005,10.875542518695196,-3.0356933084464828,40.4165,0.11688237301958049,FALSE,,,
FUSPCEU::FUSPCEU_S011::2024-11-17,FUSPCEU,FUSPCEU::FUSPCEU_S011,2024-11-17,721.9999999999999,12.033333333333331,10.84610369225343,-3.0651321348882483,40.4165,0.11688237301958049,FALSE,,,
FUSPCEU::FUSPCEU_S012::2024-12-03,FUSPCEU,FUSPCEU::FUSPCEU_S012,2024-12-03,518.9999999999999,8.649999999999999,10.469824230074883,-3.4414115970667964,40.4165,0.11688237301958049,FALSE,,,
FUSPCEU::FUSPCEU_S012::2024-12-04,FUSPCEU,FUSPCEU::FUSPCEU_S012,2024-12-04,563.9999999999999,9.399999999999999,10.453057371642855,-3.4581784554988246,40.4165,0.11688237301958049,FALSE,,,
FUSPCEU::FUSPCEU_S012::2024-12-05,FUSPCEU,FUSPCEU::FUSPCEU_S012,2024-12-05,561.0000000000001,9.350000000000001,10.437175499664413,-3.4740603274772663,40.4165,0.11688237301958049,FALSE,,,
FUSPCEU::FUSPCEU_S012::2024-12-06,FUSPCEU,FUSPCEU::FUSPCEU_S012,2024-12-06,761.0000000000002,12.683333333333337,10.42219187537829,-3.4890439517633887,40.4165,0.11688237301958049,FALSE,,,
FUSPCEU::FUSPCEU_S012::2024-12-07,FUSPCEU,FUSPCEU::FUSPCEU_S012,2024-12-07,688.0000000000001,11.466666666666669,10.408119205898709,-3.5031166212429703,40.4165,0.11688237301958049,FALSE,,,
FUSPCEU::FUSPCEU_S013::2024-11-19,FUSPCEU,FUSPCEU::FUSPCEU_S013,2024-11-19,487,8.116666666666667,10.789082120656968,-3.1221537064847116,40.4165,0.11688237301958049,FALSE,,,
FUSPCEU::FUSPCEU_S013::2024-11-20,FUSPCEU,FUSPCEU::FUSPCEU_S013,2024-11-20,480,8,10.761532905565367,-3.1497029215763117,40.4165,0.11688237301958049,FALSE,,,
FUSPCEU::FUSPCEU_S013::2024-11-21,FUSPCEU,FUSPCEU::FUSPCEU_S013,2024-11-21,482.99999999999983,8.049999999999997,10.73464718706078,-3.176588640080899,40.4165,0.11688237301958049,FALSE,,,
FUSPCEU::FUSPCEU_S013::2024-11-22,FUSPCEU,FUSPCEU::FUSPCEU_S013,2024-11-22,572.9999999999998,9.549999999999995,10.708441830012534,-3.2027939971291453,40.4165,0.11688237301958049,FALSE,,,
FUSPCEU::FUSPCEU_S013::2024-11-23,FUSPCEU,FUSPCEU::FUSPCEU_S013,2024-11-23,593.9999999999999,9.899999999999999,10.682933683130477,-3.2283021440112023,40.4165,0.11688237301958049,FALSE,,,
FUSPCEU::FUSPCEU_S013::2024-11-24,FUSPCEU,FUSPCEU::FUSPCEU_S013,2024-11-24,586,9.766666666666667,10.65813954671224,-3.253096280429439,40.4165,0.11688237301958049,FALSE,,,
FUSPCEU::FUSPCEU_S014::2024-11-20,FUSPCEU,FUSPCEU::FUSPCEU_S014,2024-11-20,251,4.183333333333334,10.761532905565367,-3.1497029215763117,40.4165,0.11688237301958049,FALSE,,,
FUSPCEU::FUSPCEU_S014::2024-11-21,FUSPCEU,FUSPCEU::FUSPCEU_S014,2024-11-21,283.0000000000001,4.716666666666669,10.73464718706078,-3.176588640080899,40.4165,0.11688237301958049,FALSE,,,
FUSPCEU::FUSPCEU_S014::2024-11-22,FUSPCEU,FUSPCEU::FUSPCEU_S014,2024-11-22,268.0000000000001,4.466666666666669,10.708441830012534,-3.2027939971291453,40.4165,0.11688237301958049,FALSE,,,
FUSPCEU::FUSPCEU_S014::2024-11-23,FUSPCEU,FUSPCEU::FUSPCEU_S014,2024-11-23,356.99999999999994,5.949999999999999,10.682933683130477,-3.2283021440112023,40.4165,0.11688237301958049,FALSE,,,
FUSPCEU::FUSPCEU_S014::2024-11-24,FUSPCEU,FUSPCEU::FUSPCEU_S014,2024-11-24,405,6.75,10.65813954671224,-3.253096280429439,40.4165,0.11688237301958049,FALSE,,,
FUSPCEU::FUSPCEU_S015::2024-11-26,FUSPCEU,FUSPCEU::FUSPCEU_S015,2024-11-26,644,10.733333333333333,10.61076005200545,-3.3004757751362295,40.4165,0.11688237301958049,FALSE,,,
FUSPCEU::FUSPCEU_S015::2024-11-27,FUSPCEU,FUSPCEU::FUSPCEU_S015,2024-11-27,517,8.616666666666667,10.588207732571496,-3.3230280945701836,40.4165,0.11688237301958049,FALSE,,,
FUSPCEU::FUSPCEU_S015::2024-11-28,FUSPCEU,FUSPCEU::FUSPCEU_S015,2024-11-28,543.9999999999998,9.066666666666663,10.566435426274936,-3.3448004008667436,40.4165,0.11688237301958049,FALSE,,,
FUSPCEU::FUSPCEU_S015::2024-11-29,FUSPCEU,FUSPCEU::FUSPCEU_S015,2024-11-29,818.9999999999999,13.649999999999999,10.545459147691727,-3.3657766794499526,40.4165,0.11688237301958049,FALSE,,,
FUSPCEU::FUSPCEU_S015::2024-11-30,FUSPCEU,FUSPCEU::FUSPCEU_S015,2024-11-30,532,8.866666666666667,10.525294639203283,-3.3859411879383963,40.4165,0.11688237301958049,FALSE,,,
FUSPCEU::FUSPCEU_S015::2024-12-01,FUSPCEU,FUSPCEU::FUSPCEU_S015,2024-12-01,600,10,10.505957330796454,-3.4052784963452254,40.4165,0.11688237301958049,FALSE,,,
FUSPCEU::FUSPCEU_S016::2024-11-26,FUSPCEU,FUSPCEU::FUSPCEU_S016,2024-11-26,571,9.516666666666667,10.61076005200545,-3.3004757751362295,40.4165,0.11688237301958049,FALSE,,,
FUSPCEU::FUSPCEU_S016::2024-11-27,FUSPCEU,FUSPCEU::FUSPCEU_S016,2024-11-27,555,9.25,10.588207732571496,-3.3230280945701836,40.4165,0.11688237301958049,FALSE,,,
FUSPCEU::FUSPCEU_S016::2024-11-29,FUSPCEU,FUSPCEU::FUSPCEU_S016,2024-11-29,600,10,10.545459147691727,-3.3657766794499526,40.4165,0.11688237301958049,FALSE,,,
FUSPCEU::FUSPCEU_S016::2024-11-30,FUSPCEU,FUSPCEU::FUSPCEU_S016,2024-11-30,661,11.016666666666667,10.525294639203283,-3.3859411879383963,40.4165,0.11688237301958049,FALSE,,,
FUSPCEU::FUSPCEU_S016::2024-12-01,FUSPCEU,FUSPCEU::FUSPCEU_S016,2024-12-01,651.0000000000001,10.850000000000001,10.505957330796454,-3.4052784963452254,40.4165,0.11688237301958049,FALSE,,,
FUSPCEU::FUSPCEU_S017::2024-12-03,FUSPCEU,FUSPCEU::FUSPCEU_S017,2024-12-03,510.99999999999994,8.516666666666666,10.469824230074883,-3.4414115970667964,40.4165,0.11688237301958049,FALSE,,,
FUSPCEU::FUSPCEU_S017::2024-12-04,FUSPCEU,FUSPCEU::FUSPCEU_S017,2024-12-04,605.0000000000001,10.083333333333336,10.453057371642855,-3.4581784554988246,40.4165,0.11688237301958049,FALSE,,,
FUSPCEU::FUSPCEU_S017::2024-12-05,FUSPCEU,FUSPCEU::FUSPCEU_S017,2024-12-05,555,9.25,10.437175499664413,-3.4740603274772663,40.4165,0.11688237301958049,FALSE,,,
FUSPCEU::FUSPCEU_S017::2024-12-06,FUSPCEU,FUSPCEU::FUSPCEU_S017,2024-12-06,672.0000000000002,11.200000000000005,10.42219187537829,-3.4890439517633887,40.4165,0.11688237301958049,FALSE,,,
FUSPCEU::FUSPCEU_S017::2024-12-07,FUSPCEU,FUSPCEU::FUSPCEU_S017,2024-12-07,735,12.25,10.408119205898709,-3.5031166212429703,40.4165,0.11688237301958049,FALSE,,,
FUSPCEU::FUSPCEU_S017::2024-12-08,FUSPCEU,FUSPCEU::FUSPCEU_S017,2024-12-08,743.9999999999999,12.399999999999999,10.394969606002173,-3.5162662211395066,40.4165,0.11688237301958049,FALSE,,,
FUSPCEU::FUSPCEU_S018::2024-12-10,FUSPCEU,FUSPCEU::FUSPCEU_S018,2024-12-10,931,15.516666666666667,10.371484889454312,-3.5397509376873675,40.4165,0.11688237301958049,FALSE,,,
FUSPCEU::FUSPCEU_S018::2024-12-11,FUSPCEU,FUSPCEU::FUSPCEU_S018,2024-12-11,673.0000000000001,11.216666666666669,10.361170710656378,-3.5500651164853014,40.4165,0.11688237301958049,FALSE,,,
FUSPCEU::FUSPCEU_S018::2024-12-12,FUSPCEU,FUSPCEU::FUSPCEU_S018,2024-12-12,780,13,10.351821409728792,-3.5594144174128868,40.4165,0.11688237301958049,FALSE,,,
FUSPCEU::FUSPCEU_S018::2024-12-13,FUSPCEU,FUSPCEU::FUSPCEU_S018,2024-12-13,905.0000000000001,15.083333333333336,10.343445607622465,-3.567790219519214,40.4165,0.11688237301958049,FALSE,,,
FUSPCEU::FUSPCEU_S018::2024-12-14,FUSPCEU,FUSPCEU::FUSPCEU_S018,2024-12-14,785.0000000000001,13.083333333333336,10.336051132281622,-3.5751846948600576,40.4165,0.11688237301958049,FALSE,,,
FUSPCEU::FUSPCEU_S018::2024-12-15,FUSPCEU,FUSPCEU::FUSPCEU_S018,2024-12-15,883.0000000000001,14.716666666666669,10.329644992086623,-3.5815908350550565,40.4165,0.11688237301958049,FALSE,,,
FUSPCEU::FUSPCEU_S019::2024-12-10,FUSPCEU,FUSPCEU::FUSPCEU_S019,2024-12-10,526.9999999999999,8.783333333333331,10.371484889454312,-3.5397509376873675,40.4165,0.11688237301958049,FALSE,,,
FUSPCEU::FUSPCEU_S019::2024-12-11,FUSPCEU,FUSPCEU::FUSPCEU_S019,2024-12-11,620.0000000000001,10.333333333333336,10.361170710656378,-3.5500651164853014,40.4165,0.11688237301958049,FALSE,,,
FUSPCEU::FUSPCEU_S019::2024-12-13,FUSPCEU,FUSPCEU::FUSPCEU_S019,2024-12-13,548,9.133333333333333,10.343445607622465,-3.567790219519214,40.4165,0.11688237301958049,FALSE,,,
FUSPCEU::FUSPCEU_S019::2024-12-14,FUSPCEU,FUSPCEU::FUSPCEU_S019,2024-12-14,794,13.233333333333333,10.336051132281622,-3.5751846948600576,40.4165,0.11688237301958049,FALSE,,,
FUSPCEU::FUSPCEU_S019::2024-12-15,FUSPCEU,FUSPCEU::FUSPCEU_S019,2024-12-15,698.9999999999999,11.649999999999999,10.329644992086623,-3.5815908350550565,40.4165,0.11688237301958049,FALSE,,,
FUSPCEU::FUSPCEU_S020::2025-01-21,FUSPCEU,FUSPCEU::FUSPCEU_S020,2025-01-21,533,8.883333333333333,10.77204123781787,-3.139194589323809,40.4165,0.11688237301958049,FALSE,,,
FUSPCEU::FUSPCEU_S020::2025-01-22,FUSPCEU,FUSPCEU::FUSPCEU_S020,2025-01-22,526,8.766666666666667,10.800073096619712,-3.1111627305219667,40.4165,0.11688237301958049,FALSE,,,
FUSPCEU::FUSPCEU_S020::2025-01-23,FUSPCEU,FUSPCEU::FUSPCEU_S020,2025-01-23,518.9999999999999,8.649999999999999,10.828762292199665,-3.0824735349420145,40.4165,0.11688237301958049,FALSE,,,
FUSPCEU::FUSPCEU_S020::2025-01-24,FUSPCEU,FUSPCEU::FUSPCEU_S020,2025-01-24,771.0000000000001,12.850000000000001,10.858091982603073,-3.0531438445386065,40.4165,0.11688237301958049,FALSE,,,
FUSPCEU::FUSPCEU_S020::2025-01-25,FUSPCEU,FUSPCEU::FUSPCEU_S020,2025-01-25,826.9999999999999,13.783333333333331,10.888045382764604,-3.023190444377075,40.4165,0.11688237301958049,FALSE,,,
FUSPCEU::FUSPCEU_S020::2025-01-26,FUSPCEU,FUSPCEU::FUSPCEU_S020,2025-01-26,819.9999999999999,13.666666666666664,10.91860579205884,-2.99263003508284,40.4165,0.11688237301958049,FALSE,,,
FUSPCEU::FUSPCEU_S021::2025-01-21,FUSPCEU,FUSPCEU::FUSPCEU_S021,2025-01-21,698,11.633333333333333,10.77204123781787,-3.139194589323809,40.4165,0.11688237301958049,FALSE,,,
FUSPCEU::FUSPCEU_S021::2025-01-23,FUSPCEU,FUSPCEU::FUSPCEU_S021,2025-01-23,678.9999999999998,11.316666666666663,10.828762292199665,-3.0824735349420145,40.4165,0.11688237301958049,FALSE,,,
FUSPCEU::FUSPCEU_S021::2025-01-26,FUSPCEU,FUSPCEU::FUSPCEU_S021,2025-01-26,796,13.266666666666667,10.91860579205884,-2.99263003508284,40.4165,0.11688237301958049,FALSE,,,
FUSPCEU::FUSPCEU_S022::2025-01-28,FUSPCEU,FUSPCEU::FUSPCEU_S022,2025-01-28,648.9999999999998,10.816666666666663,10.981481417152617,-2.9297544099890622,40.4165,0.11688237301958049,FALSE,,,
FUSPCEU::FUSPCEU_S022::2025-01-29,FUSPCEU,FUSPCEU::FUSPCEU_S022,2025-01-29,533.9999999999999,8.899999999999999,11.013763885233137,-2.8974719419085417,40.4165,0.11688237301958049,FALSE,,,
FUSPCEU::FUSPCEU_S022::2025-01-30,FUSPCEU,FUSPCEU::FUSPCEU_S022,2025-01-30,804.9999999999999,13.416666666666664,11.046587911711798,-2.864647915429881,40.4165,0.11688237301958049,FALSE,,,
FUSPCEU::FUSPCEU_S022::2025-01-31,FUSPCEU,FUSPCEU::FUSPCEU_S022,2025-01-31,521.0000000000002,8.683333333333337,11.079937583009402,-2.8312982441322774,40.4165,0.11688237301958049,FALSE,,,
FUSPCEU::FUSPCEU_S022::2025-02-01,FUSPCEU,FUSPCEU::FUSPCEU_S022,2025-02-01,773.9999999999999,12.899999999999999,11.113797203765975,-2.7974386233757045,40.4165,0.11688237301958049,FALSE,,,
FUSPCEU::FUSPCEU_S022::2025-02-02,FUSPCEU,FUSPCEU::FUSPCEU_S022,2025-02-02,733.0000000000001,12.216666666666669,11.148151313198937,-2.763084513942742,40.4165,0.11688237301958049,FALSE,,,
FUSPCEU::FUSPCEU_S023::2025-01-28,FUSPCEU,FUSPCEU::FUSPCEU_S023,2025-01-28,578.9999999999999,9.649999999999999,10.981481417152617,-2.9297544099890622,40.4165,0.11688237301958049,FALSE,,,
FUSPCEU::FUSPCEU_S023::2025-01-29,FUSPCEU,FUSPCEU::FUSPCEU_S023,2025-01-29,518,8.633333333333333,11.013763885233137,-2.8974719419085417,40.4165,0.11688237301958049,FALSE,,,
FUSPCEU::FUSPCEU_S023::2025-01-30,FUSPCEU,FUSPCEU::FUSPCEU_S023,2025-01-30,551.0000000000002,9.183333333333337,11.046587911711798,-2.864647915429881,40.4165,0.11688237301958049,FALSE,,,
FUSPCEU::FUSPCEU_S023::2025-01-31,FUSPCEU,FUSPCEU::FUSPCEU_S023,2025-01-31,533,8.883333333333333,11.079937583009402,-2.8312982441322774,40.4165,0.11688237301958049,FALSE,,,
FUSPCEU::FUSPCEU_S023::2025-02-01,FUSPCEU,FUSPCEU::FUSPCEU_S023,2025-02-01,616.9999999999999,10.283333333333331,11.113797203765975,-2.7974386233757045,40.4165,0.11688237301958049,FALSE,,,
FUSPCEU::FUSPCEU_S023::2025-02-02,FUSPCEU,FUSPCEU::FUSPCEU_S023,2025-02-02,680.0000000000001,11.333333333333336,11.148151313198937,-2.763084513942742,40.4165,0.11688237301958049,FALSE,,,
FUSPCEU::FUSPCEU_S024::2025-02-04,FUSPCEU,FUSPCEU::FUSPCEU_S024,2025-02-04,502,8.366666666666667,11.218282416065534,-2.692953411076145,40.4165,0.11688237301958049,FALSE,,,
FUSPCEU::FUSPCEU_S024::2025-02-05,FUSPCEU,FUSPCEU::FUSPCEU_S024,2025-02-05,504.9999999999999,8.416666666666664,11.254029786454307,-2.657206040687372,40.4165,0.11688237301958049,FALSE,,,
FUSPCEU::FUSPCEU_S024::2025-02-06,FUSPCEU,FUSPCEU::FUSPCEU_S024,2025-02-06,532,8.866666666666667,11.290212421417236,-2.6210234057244435,40.4165,0.11688237301958049,FALSE,,,
FUSPCEU::FUSPCEU_S024::2025-02-08,FUSPCEU,FUSPCEU::FUSPCEU_S024,2025-02-08,644,10.733333333333333,11.36382739689615,-2.547408430245529,40.4165,0.11688237301958049,FALSE,,,
FUSPCEU::FUSPCEU_S024::2025-02-09,FUSPCEU,FUSPCEU::FUSPCEU_S024,2025-02-09,819.9999999999999,13.666666666666664,11.401232449942166,-2.5100033771995136,40.4165,0.11688237301958049,FALSE,,,
FUSPCEU::FUSPCEU_S025::2025-02-04,FUSPCEU,FUSPCEU::FUSPCEU_S025,2025-02-04,508.0000000000001,8.466666666666669,11.218282416065534,-2.692953411076145,40.4165,0.11688237301958049,FALSE,,,
FUSPCEU::FUSPCEU_S025::2025-02-05,FUSPCEU,FUSPCEU::FUSPCEU_S025,2025-02-05,504.9999999999999,8.416666666666664,11.254029786454307,-2.657206040687372,40.4165,0.11688237301958049,FALSE,,,
FUSPCEU::FUSPCEU_S025::2025-02-06,FUSPCEU,FUSPCEU::FUSPCEU_S025,2025-02-06,511.9999999999999,8.533333333333331,11.290212421417236,-2.6210234057244435,40.4165,0.11688237301958049,FALSE,,,
IZTECH::IZTECH_S001::2024-12-26,IZTECH,IZTECH::IZTECH_S001,2024-12-26,556,9.266666666666667,10.496976461079386,-3.414259366062293,38.32,-0.0927676269804194,FALSE,,,
IZTECH::IZTECH_S001::2024-12-27,IZTECH,IZTECH::IZTECH_S001,2024-12-27,601,10.016666666666667,10.50212588707606,-3.409109940065619,38.32,-0.0927676269804194,FALSE,,,
IZTECH::IZTECH_S001::2024-12-28,IZTECH,IZTECH::IZTECH_S001,2024-12-28,549.9999999999999,9.166666666666664,10.50819456073973,-3.4030412664019494,38.32,-0.0927676269804194,FALSE,,,
IZTECH::IZTECH_S001::2024-12-29,IZTECH,IZTECH::IZTECH_S001,2024-12-29,557.9999999999998,9.299999999999995,10.515177495413356,-3.396058331728323,38.32,-0.0927676269804194,FALSE,,,
IZTECH::IZTECH_S001::2024-12-30,IZTECH,IZTECH::IZTECH_S001,2024-12-30,618.9999999999998,10.316666666666663,10.523068928983477,-3.388166898158202,38.32,-0.0927676269804194,FALSE,,,
IZTECH::IZTECH_S002::2025-01-07,IZTECH,IZTECH::IZTECH_S002,2025-01-07,687.0000000000002,11.450000000000005,10.617976313961877,-3.2932595131798017,38.32,-0.0927676269804194,FALSE,,,
IZTECH::IZTECH_S002::2025-01-08,IZTECH,IZTECH::IZTECH_S002,2025-01-08,672.0000000000002,11.200000000000005,10.63366825911734,-3.27756756802434,38.32,-0.0927676269804194,FALSE,,,
IZTECH::IZTECH_S002::2025-01-09,IZTECH,IZTECH::IZTECH_S002,2025-01-09,713.9999999999999,11.899999999999999,10.650173718598154,-3.261062108543525,38.32,-0.0927676269804194,FALSE,,,
IZTECH::IZTECH_S002::2025-01-10,IZTECH,IZTECH::IZTECH_S002,2025-01-10,630,10.5,10.667480112777817,-3.2437557143638625,38.32,-0.0927676269804194,FALSE,,,
IZTECH::IZTECH_S002::2025-01-11,IZTECH,IZTECH::IZTECH_S002,2025-01-11,710.0000000000001,11.833333333333336,10.685574437181154,-3.225661389960525,38.32,-0.0927676269804194,FALSE,,,
IZTECH::IZTECH_S002::2025-01-12,IZTECH,IZTECH::IZTECH_S002,2025-01-12,736.9999999999999,12.283333333333331,10.704443298247126,-3.206792528894553,38.32,-0.0927676269804194,FALSE,,,
IZTECH::IZTECH_S003::2025-01-07,IZTECH,IZTECH::IZTECH_S003,2025-01-07,652,10.866666666666667,10.617976313961877,-3.2932595131798017,38.32,-0.0927676269804194,FALSE,,,
IZTECH::IZTECH_S003::2025-01-08,IZTECH,IZTECH::IZTECH_S003,2025-01-08,654.9999999999999,10.916666666666664,10.63366825911734,-3.27756756802434,38.32,-0.0927676269804194,FALSE,,,
IZTECH::IZTECH_S003::2025-01-09,IZTECH,IZTECH::IZTECH_S003,2025-01-09,75.99999999999994,1.2666666666666657,10.650173718598154,-3.261062108543525,38.32,-0.0927676269804194,FALSE,,,
IZTECH::IZTECH_S003::2025-01-10,IZTECH,IZTECH::IZTECH_S003,2025-01-10,530.0000000000001,8.833333333333336,10.667480112777817,-3.2437557143638625,38.32,-0.0927676269804194,FALSE,,,
IZTECH::IZTECH_S003::2025-01-11,IZTECH,IZTECH::IZTECH_S003,2025-01-11,954.9999999999999,15.916666666666664,10.685574437181154,-3.225661389960525,38.32,-0.0927676269804194,FALSE,,,
IZTECH::IZTECH_S003::2025-01-12,IZTECH,IZTECH::IZTECH_S003,2025-01-12,38.999999999999915,0.6499999999999986,10.704443298247126,-3.206792528894553,38.32,-0.0927676269804194,FALSE,,,
IZTECH::IZTECH_S004::2025-01-22,IZTECH,IZTECH::IZTECH_S004,2025-01-22,623.9999999999999,10.399999999999999,10.9325787850221,-2.978657042119579,38.32,-0.0927676269804194,FALSE,,,
IZTECH::IZTECH_S004::2025-01-23,IZTECH,IZTECH::IZTECH_S004,2025-01-23,562,9.366666666666667,10.959008137186368,-2.9522276899553113,38.32,-0.0927676269804194,FALSE,,,
IZTECH::IZTECH_S004::2025-01-24,IZTECH,IZTECH::IZTECH_S004,2025-01-24,602.9999999999998,10.049999999999995,10.986033838391304,-2.9252019887503753,38.32,-0.0927676269804194,FALSE,,,
IZTECH::IZTECH_S004::2025-01-25,IZTECH,IZTECH::IZTECH_S004,2025-01-25,645,10.75,11.013640581170717,-2.8975952459709617,38.32,-0.0927676269804194,FALSE,,,
IZTECH::IZTECH_S004::2025-01-26,IZTECH,IZTECH::IZTECH_S004,2025-01-26,631,10.516666666666667,11.0418131228288,-2.8694227043128784,38.32,-0.0927676269804194,FALSE,,,
IZTECH::IZTECH_S005::2025-01-21,IZTECH,IZTECH::IZTECH_S005,2025-01-21,571.9999999999999,9.533333333333331,10.906761128637525,-3.004474698504154,38.32,-0.0927676269804194,FALSE,,,
IZTECH::IZTECH_S005::2025-01-22,IZTECH,IZTECH::IZTECH_S005,2025-01-22,795,13.25,10.9325787850221,-2.978657042119579,38.32,-0.0927676269804194,FALSE,,,
IZTECH::IZTECH_S005::2025-01-23,IZTECH,IZTECH::IZTECH_S005,2025-01-23,593.9999999999999,9.899999999999999,10.959008137186368,-2.9522276899553113,38.32,-0.0927676269804194,FALSE,,,
IZTECH::IZTECH_S005::2025-01-24,IZTECH,IZTECH::IZTECH_S005,2025-01-24,539,8.983333333333333,10.986033838391304,-2.9252019887503753,38.32,-0.0927676269804194,FALSE,,,
IZTECH::IZTECH_S005::2025-01-25,IZTECH,IZTECH::IZTECH_S005,2025-01-25,867.0000000000002,14.450000000000005,11.013640581170717,-2.8975952459709617,38.32,-0.0927676269804194,FALSE,,,
IZTECH::IZTECH_S005::2025-01-26,IZTECH,IZTECH::IZTECH_S005,2025-01-26,804.9999999999999,13.416666666666664,11.0418131228288,-2.8694227043128784,38.32,-0.0927676269804194,FALSE,,,
IZTECH::IZTECH_S006::2025-02-18,IZTECH,IZTECH::IZTECH_S006,2025-02-18,793.0000000000001,13.216666666666669,11.813367618785964,-2.097868208355715,38.32,-0.0927676269804194,FALSE,,,
IZTECH::IZTECH_S006::2025-02-19,IZTECH,IZTECH::IZTECH_S006,2025-02-19,460.00000000000006,7.666666666666668,11.851021302806007,-2.060214524335672,38.32,-0.0927676269804194,FALSE,,,
IZTECH::IZTECH_S006::2025-02-20,IZTECH,IZTECH::IZTECH_S006,2025-02-20,491.0000000000002,8.183333333333337,11.888926246033774,-2.022309581107905,38.32,-0.0927676269804194,FALSE,,,
IZTECH::IZTECH_S006::2025-02-21,IZTECH,IZTECH::IZTECH_S006,2025-02-21,620.0000000000001,10.333333333333336,11.927073288957278,-1.9841625381844015,38.32,-0.0927676269804194,FALSE,,,
IZTECH::IZTECH_S006::2025-02-22,IZTECH,IZTECH::IZTECH_S006,2025-02-22,704,11.733333333333333,11.965453527503543,-1.945782299638136,38.32,-0.0927676269804194,FALSE,,,
IZTECH::IZTECH_S006::2025-02-23,IZTECH,IZTECH::IZTECH_S006,2025-02-23,740.0000000000001,12.333333333333336,12.004058307475514,-1.9071775196661651,38.32,-0.0927676269804194,FALSE,,,
IZTECH::IZTECH_S007::2025-02-25,IZTECH,IZTECH::IZTECH_S007,2025-02-25,600,10,12.08190808110767,-1.829327746034009,38.32,-0.0927676269804194,FALSE,,,
IZTECH::IZTECH_S007::2025-02-26,IZTECH,IZTECH::IZTECH_S007,2025-02-26,504.9999999999999,8.416666666666664,12.121136951049168,-1.790098876092511,38.32,-0.0927676269804194,FALSE,,,
IZTECH::IZTECH_S007::2025-02-27,IZTECH,IZTECH::IZTECH_S007,2025-02-27,563.9999999999999,9.399999999999999,12.160558099481795,-1.750677727659884,38.32,-0.0927676269804194,FALSE,,,
IZTECH::IZTECH_S007::2025-02-28,IZTECH,IZTECH::IZTECH_S007,2025-02-28,747.0000000000002,12.450000000000005,12.200164010590978,-1.7110718165507013,38.32,-0.0927676269804194,FALSE,,,
IZTECH::IZTECH_S007::2025-03-01,IZTECH,IZTECH::IZTECH_S007,2025-03-01,594.9999999999999,9.916666666666664,12.23994737168153,-1.6712884554601484,38.32,-0.0927676269804194,FALSE,,,
IZTECH::IZTECH_S008::2025-03-04,IZTECH,IZTECH::IZTECH_S008,2025-03-04,461,7.683333333333334,12.36029188712438,-1.5509439400172997,38.32,-0.0927676269804194,FALSE,,,
IZTECH::IZTECH_S008::2025-03-05,IZTECH,IZTECH::IZTECH_S008,2025-03-05,493.0000000000001,8.216666666666669,12.400715667472946,-1.510520159668733,38.32,-0.0927676269804194,FALSE,,,
IZTECH::IZTECH_S008::2025-03-06,IZTECH,IZTECH::IZTECH_S008,2025-03-06,571.9999999999999,9.533333333333331,12.441283061040773,-1.4699527661009064,38.32,-0.0927676269804194,FALSE,,,
IZTECH::IZTECH_S008::2025-03-07,IZTECH,IZTECH::IZTECH_S008,2025-03-07,460.00000000000006,7.666666666666668,12.481987778014608,-1.4292480491270716,38.32,-0.0927676269804194,FALSE,,,
IZTECH::IZTECH_S008::2025-03-09,IZTECH,IZTECH::IZTECH_S008,2025-03-09,480,8,12.563784693280855,-1.3474511338608242,38.32,-0.0927676269804194,FALSE,,,
IZTECH::IZTECH_S009::2025-03-20,IZTECH,IZTECH::IZTECH_S009,2025-03-20,621.0000000000001,10.350000000000001,13.02098494960202,-0.8902508775396587,38.32,-0.0927676269804194,FALSE,,,
IZTECH::IZTECH_S009::2025-03-21,IZTECH,IZTECH::IZTECH_S009,2025-03-21,728,12.133333333333333,13.063008562657568,-0.8482272644841107,38.32,-0.0927676269804194,FALSE,,,
IZTECH::IZTECH_S009::2025-03-22,IZTECH,IZTECH::IZTECH_S009,2025-03-22,738.9999999999998,12.316666666666663,13.105085474186474,-0.8061503529552052,38.32,-0.0927676269804194,FALSE,,,
IZTECH::IZTECH_S009::2025-03-24,IZTECH,IZTECH::IZTECH_S009,2025-03-24,813.9999999999998,13.566666666666663,13.189377503262627,-0.7218583238790526,38.32,-0.0927676269804194,FALSE,,,
IZTECH::IZTECH_S009::2025-03-25,IZTECH,IZTECH::IZTECH_S009,2025-03-25,789.9999999999999,13.166666666666664,13.23158166481389,-0.6796541623277896,38.32,-0.0927676269804194,FALSE,,,
IZTECH::IZTECH_S009::2025-03-26,IZTECH,IZTECH::IZTECH_S009,2025-03-26,780,13,13.27381718940205,-0.6374186377396285,38.32,-0.0927676269804194,FALSE,,,
IZTECH::IZTECH_S010::2025-04-15,IZTECH,IZTECH::IZTECH_S010,2025-04-15,533.9999999999999,8.899999999999999,14.115496115022236,0.2042602878805564,38.32,-0.0927676269804194,FALSE,,,
IZTECH::IZTECH_S010::2025-04-16,IZTECH,IZTECH::IZTECH_S010,2025-04-16,656.0000000000002,10.933333333333337,14.15687135650052,0.24563552935884125,38.32,-0.0927676269804194,FALSE,,,
IZTECH::IZTECH_S010::2025-04-18,IZTECH,IZTECH::IZTECH_S010,2025-04-18,537.0000000000002,8.950000000000005,14.239221658243073,0.3279858311013939,38.32,-0.0927676269804194,FALSE,,,
IZTECH::IZTECH_S010::2025-04-19,IZTECH,IZTECH::IZTECH_S010,2025-04-19,587.9999999999998,9.799999999999995,14.280176197157965,0.3689403700162863,38.32,-0.0927676269804194,FALSE,,,
IZTECH::IZTECH_S010::2025-04-20,IZTECH,IZTECH::IZTECH_S010,2025-04-20,576.0000000000001,9.600000000000001,14.320969442592727,0.4097336154510476,38.32,-0.0927676269804194,FALSE,,,
IZTECH::IZTECH_S011::2025-04-15,IZTECH,IZTECH::IZTECH_S011,2025-04-15,537.0000000000002,8.950000000000005,14.115496115022236,0.2042602878805564,38.32,-0.0927676269804194,FALSE,,,
IZTECH::IZTECH_S011::2025-04-16,IZTECH,IZTECH::IZTECH_S011,2025-04-16,546.0000000000001,9.100000000000001,14.15687135650052,0.24563552935884125,38.32,-0.0927676269804194,FALSE,,,
IZTECH::IZTECH_S011::2025-04-17,IZTECH,IZTECH::IZTECH_S011,2025-04-17,548.9999999999999,9.149999999999999,14.198116571439638,0.2868807442979584,38.32,-0.0927676269804194,FALSE,,,
IZTECH::IZTECH_S011::2025-04-18,IZTECH,IZTECH::IZTECH_S011,2025-04-18,547,9.116666666666667,14.239221658243073,0.3279858311013939,38.32,-0.0927676269804194,FALSE,,,
IZTECH::IZTECH_S011::2025-04-19,IZTECH,IZTECH::IZTECH_S011,2025-04-19,613.0000000000001,10.216666666666669,14.280176197157965,0.3689403700162863,38.32,-0.0927676269804194,FALSE,,,
IZTECH::IZTECH_S011::2025-04-20,IZTECH,IZTECH::IZTECH_S011,2025-04-20,62.0000000000001,1.033333333333335,14.320969442592727,0.4097336154510476,38.32,-0.0927676269804194,FALSE,,,
IZTECH::IZTECH_S012::2025-04-22,IZTECH,IZTECH::IZTECH_S012,2025-04-22,752.9999999999998,12.549999999999995,14.402027399937312,0.4907915727956329,38.32,-0.0927676269804194,FALSE,,,
IZTECH::IZTECH_S012::2025-04-23,IZTECH,IZTECH::IZTECH_S012,2025-04-23,445.00000000000006,7.416666666666668,14.442268930408689,0.5310331032670099,38.32,-0.0927676269804194,FALSE,,,
IZTECH::IZTECH_S012::2025-04-24,IZTECH,IZTECH::IZTECH_S012,2025-04-24,672.0000000000002,11.200000000000005,14.482302793529298,0.5710669663876189,38.32,-0.0927676269804194,FALSE,,,
IZTECH::IZTECH_S012::2025-04-25,IZTECH,IZTECH::IZTECH_S012,2025-04-25,512.9999999999998,8.549999999999995,14.522116519543859,0.6108806924021799,38.32,-0.0927676269804194,FALSE,,,
IZTECH::IZTECH_S012::2025-04-26,IZTECH,IZTECH::IZTECH_S012,2025-04-26,714.9999999999999,11.916666666666664,14.561697279877134,0.6504614527354544,38.32,-0.0927676269804194,FALSE,,,
IZTECH::IZTECH_S012::2025-04-27,IZTECH,IZTECH::IZTECH_S012,2025-04-27,421.9999999999999,7.033333333333331,14.60103188349141,0.6897960563497314,38.32,-0.0927676269804194,FALSE,,,
IZTECH::IZTECH_S013::2025-04-22,IZTECH,IZTECH::IZTECH_S013,2025-04-22,534.9999999999999,8.916666666666664,14.402027399937312,0.4907915727956329,38.32,-0.0927676269804194,FALSE,,,
IZTECH::IZTECH_S013::2025-04-23,IZTECH,IZTECH::IZTECH_S013,2025-04-23,972.0000000000002,16.200000000000003,14.442268930408689,0.5310331032670099,38.32,-0.0927676269804194,FALSE,,,
IZTECH::IZTECH_S013::2025-04-24,IZTECH,IZTECH::IZTECH_S013,2025-04-24,826.9999999999999,13.783333333333331,14.482302793529298,0.5710669663876189,38.32,-0.0927676269804194,FALSE,,,
IZTECH::IZTECH_S013::2025-04-25,IZTECH,IZTECH::IZTECH_S013,2025-04-25,510.99999999999994,8.516666666666666,14.522116519543859,0.6108806924021799,38.32,-0.0927676269804194,FALSE,,,
IZTECH::IZTECH_S013::2025-04-26,IZTECH,IZTECH::IZTECH_S013,2025-04-26,749,12.483333333333333,14.561697279877134,0.6504614527354544,38.32,-0.0927676269804194,FALSE,,,
IZTECH::IZTECH_S014::2025-04-29,IZTECH,IZTECH::IZTECH_S014,2025-04-29,587.9999999999998,9.799999999999995,14.678908035159111,0.7676722080174319,38.32,-0.0927676269804194,FALSE,,,
IZTECH::IZTECH_S014::2025-04-30,IZTECH,IZTECH::IZTECH_S014,2025-04-30,557.9999999999998,9.299999999999995,14.71742137697008,0.8061855498284007,38.32,-0.0927676269804194,FALSE,,,
IZTECH::IZTECH_S014::2025-05-01,IZTECH,IZTECH::IZTECH_S014,2025-05-01,637,10.616666666666667,14.755632150570552,0.8443963234288727,38.32,-0.0927676269804194,FALSE,,,
IZTECH::IZTECH_S014::2025-05-02,IZTECH,IZTECH::IZTECH_S014,2025-05-02,571,9.516666666666667,14.793525343338649,0.8822895161969697,38.32,-0.0927676269804194,FALSE,,,
IZTECH::IZTECH_S014::2025-05-03,IZTECH,IZTECH::IZTECH_S014,2025-05-03,577,9.616666666666667,14.831085583964983,0.9198497568233037,38.32,-0.0927676269804194,FALSE,,,
IZTECH::IZTECH_S014::2025-05-04,IZTECH,IZTECH::IZTECH_S014,2025-05-04,612.0000000000002,10.200000000000005,14.868297146558762,0.9570613194170825,38.32,-0.0927676269804194,FALSE,,,
IZTECH::IZTECH_S015::2025-04-29,IZTECH,IZTECH::IZTECH_S015,2025-04-29,979.9999999999998,16.33333333333333,14.678908035159111,0.7676722080174319,38.32,-0.0927676269804194,FALSE,,,
IZTECH::IZTECH_S015::2025-04-30,IZTECH,IZTECH::IZTECH_S015,2025-04-30,981.0000000000001,16.35,14.71742137697008,0.8061855498284007,38.32,-0.0927676269804194,FALSE,,,
IZTECH::IZTECH_S015::2025-05-01,IZTECH,IZTECH::IZTECH_S015,2025-05-01,851.0000000000002,14.183333333333337,14.755632150570552,0.8443963234288727,38.32,-0.0927676269804194,FALSE,,,
IZTECH::IZTECH_S015::2025-05-02,IZTECH,IZTECH::IZTECH_S015,2025-05-02,766,12.766666666666667,14.793525343338649,0.8822895161969697,38.32,-0.0927676269804194,FALSE,,,
IZTECH::IZTECH_S015::2025-05-03,IZTECH,IZTECH::IZTECH_S015,2025-05-03,861.0000000000001,14.350000000000001,14.831085583964983,0.9198497568233037,38.32,-0.0927676269804194,FALSE,,,
IZTECH::IZTECH_S015::2025-05-04,IZTECH,IZTECH::IZTECH_S015,2025-05-04,704,11.733333333333333,14.868297146558762,0.9570613194170825,38.32,-0.0927676269804194,FALSE,,,
IZTECH::IZTECH_S016::2025-05-06,IZTECH,IZTECH::IZTECH_S016,2025-05-06,540,9,14.941609600252576,1.030373773110897,38.32,-0.0927676269804194,FALSE,,,
IZTECH::IZTECH_S016::2025-05-07,IZTECH,IZTECH::IZTECH_S016,2025-05-07,545.0000000000001,9.083333333333336,14.97767732905017,1.066441501908491,38.32,-0.0927676269804194,FALSE,,,
IZTECH::IZTECH_S016::2025-05-08,IZTECH,IZTECH::IZTECH_S016,2025-05-08,547,9.116666666666667,15.013330074350039,1.1020942472083597,38.32,-0.0927676269804194,FALSE,,,
IZTECH::IZTECH_S016::2025-05-09,IZTECH,IZTECH::IZTECH_S016,2025-05-09,543.9999999999998,9.066666666666663,15.048550457292134,1.1373146301504544,38.32,-0.0927676269804194,FALSE,,,
IZTECH::IZTECH_S016::2025-05-10,IZTECH,IZTECH::IZTECH_S016,2025-05-10,597.0000000000002,9.950000000000005,15.083320802648862,1.1720849755071825,38.32,-0.0927676269804194,FALSE,,,
IZTECH::IZTECH_S016::2025-05-11,IZTECH,IZTECH::IZTECH_S016,2025-05-11,698,11.633333333333333,15.117623154189852,1.2063873270481729,38.32,-0.0927676269804194,FALSE,,,
IZTECH::IZTECH_S017::2025-05-27,IZTECH,IZTECH::IZTECH_S017,2025-05-27,676.9999999999999,11.283333333333331,15.587403438157505,1.676167611015826,38.32,-0.0927676269804194,FALSE,,,
IZTECH::IZTECH_S017::2025-05-28,IZTECH,IZTECH::IZTECH_S017,2025-05-28,569,9.483333333333333,15.610839857392842,1.6996040302511624,38.32,-0.0927676269804194,FALSE,,,
IZTECH::IZTECH_S017::2025-05-29,IZTECH,IZTECH::IZTECH_S017,2025-05-29,569,9.483333333333333,15.633464889923731,1.722229062782052,38.32,-0.0927676269804194,FALSE,,,
IZTECH::IZTECH_S017::2025-05-30,IZTECH,IZTECH::IZTECH_S017,2025-05-30,481.9999999999999,8.033333333333331,15.65526044540935,1.7440246182676713,38.32,-0.0927676269804194,FALSE,,,
IZTECH::IZTECH_S017::2025-05-31,IZTECH,IZTECH::IZTECH_S017,2025-05-31,626.0000000000002,10.433333333333337,15.676208808090951,1.7649729809492722,38.32,-0.0927676269804194,FALSE,,,
IZTECH::IZTECH_S017::2025-06-01,IZTECH,IZTECH::IZTECH_S017,2025-06-01,758,12.633333333333333,15.696292682422532,1.7850568552808532,38.32,-0.0927676269804194,FALSE,,,
KNUST::KNUST_S001::2024-10-08,KNUST,KNUST::KNUST_S001,2024-10-08,693.9999999999998,11.566666666666663,12.71061712841193,-1.20061869872975,6.6750074282377385,-3.2572668841566452,FALSE,,,
KNUST::KNUST_S001::2024-10-09,KNUST,KNUST::KNUST_S001,2024-10-09,521.0000000000002,8.683333333333337,12.705258833169937,-1.205976993971742,6.6750074282377385,-3.2572668841566452,FALSE,,,
KNUST::KNUST_S001::2024-10-11,KNUST,KNUST::KNUST_S001,2024-10-11,521.0000000000002,8.683333333333337,12.694696087572309,-1.2165397395693702,6.6750074282377385,-3.2572668841566452,FALSE,,,
KNUST::KNUST_S001::2024-10-12,KNUST,KNUST::KNUST_S001,2024-10-12,711.0000000000001,11.850000000000001,12.689493022296164,-1.2217428048455155,6.6750074282377385,-3.2572668841566452,FALSE,,,
KNUST::KNUST_S002::2024-10-16,KNUST,KNUST::KNUST_S002,2024-10-16,609.9999999999999,10.166666666666664,12.66921862827407,-1.2420171988676092,6.6750074282377385,-3.2572668841566452,FALSE,,,
KNUST::KNUST_S002::2024-10-17,KNUST,KNUST::KNUST_S002,2024-10-17,563,9.383333333333333,12.664287823637327,-1.246948003504352,6.6750074282377385,-3.2572668841566452,FALSE,,,
KNUST::KNUST_S002::2024-10-18,KNUST,KNUST::KNUST_S002,2024-10-18,480,8,12.659413449234433,-1.2518223779072457,6.6750074282377385,-3.2572668841566452,FALSE,,,
KNUST::KNUST_S002::2024-10-19,KNUST,KNUST::KNUST_S002,2024-10-19,545.0000000000001,9.083333333333336,12.654596153762606,-1.2566396733790732,6.6750074282377385,-3.2572668841566452,FALSE,,,
KNUST::KNUST_S002::2024-10-20,KNUST,KNUST::KNUST_S002,2024-10-20,706,11.766666666666667,12.64983658240901,-1.2613992447326687,6.6750074282377385,-3.2572668841566452,FALSE,,,
KNUST::KNUST_S003::2024-10-22,KNUST,KNUST::KNUST_S003,2024-10-22,464.00000000000006,7.733333333333334,12.640493177175522,-1.2707426499661576,6.6750074282377385,-3.2572668841566452,FALSE,,,
KNUST::KNUST_S003::2024-10-23,KNUST,KNUST::KNUST_S003,2024-10-23,480.99999999999994,8.016666666666666,12.63591061969598,-1.2753252074456984,6.6750074282377385,-3.2572668841566452,FALSE,,,
KNUST::KNUST_S003::2024-10-24,KNUST,KNUST::KNUST_S003,2024-10-24,676,11.266666666666667,12.6313883396652,-1.279847487476479,6.6750074282377385,-3.2572668841566452,FALSE,,,
KNUST::KNUST_S003::2024-10-25,KNUST,KNUST::KNUST_S003,2024-10-25,454.99999999999994,7.583333333333332,12.626926970415646,-1.2843088567260335,6.6750074282377385,-3.2572668841566452,FALSE,,,
KNUST::KNUST_S003::2024-10-27,KNUST,KNUST::KNUST_S003,2024-10-27,561.0000000000001,9.350000000000001,12.618189491497146,-1.293046335644533,6.6750074282377385,-3.2572668841566452,FALSE,,,
KNUST::KNUST_S004::2024-10-30,KNUST,KNUST::KNUST_S004,2024-10-30,480,8,12.605555876758363,-1.3056799503833165,6.6750074282377385,-3.2572668841566452,FALSE,,,
KNUST::KNUST_S004::2024-11-01,KNUST,KNUST::KNUST_S004,2024-11-01,518,8.633333333333333,12.597455877727933,-1.313779949413746,6.6750074282377385,-3.2572668841566452,FALSE,,,
KNUST::KNUST_S004::2024-11-02,KNUST,KNUST::KNUST_S004,2024-11-02,507.00000000000017,8.450000000000003,12.593504488004578,-1.3177313391371008,6.6750074282377385,-3.2572668841566452,FALSE,,,
KNUST::KNUST_S005::2024-11-07,KNUST,KNUST::KNUST_S005,2024-11-07,524,8.733333333333333,12.57475878742006,-1.3364770397216184,6.6750074282377385,-3.2572668841566452,FALSE,,,
KNUST::KNUST_S005::2024-11-09,KNUST,KNUST::KNUST_S005,2024-11-09,639.9999999999999,10.666666666666664,12.56774415632089,-1.3434916708207894,6.6750074282377385,-3.2572668841566452,FALSE,,,
KNUST::KNUST_S006::2024-11-12,KNUST,KNUST::KNUST_S006,2024-11-12,501.0000000000001,8.350000000000001,12.557756095329921,-1.353479731811758,6.6750074282377385,-3.2572668841566452,FALSE,,,
KNUST::KNUST_S006::2024-11-13,KNUST,KNUST::KNUST_S006,2024-11-13,825,13.75,12.55457161227862,-1.3566642148630592,6.6750074282377385,-3.2572668841566452,FALSE,,,
KNUST::KNUST_S006::2024-11-14,KNUST,KNUST::KNUST_S006,2024-11-14,501.0000000000001,8.350000000000001,12.55146060248216,-1.3597752246595185,6.6750074282377385,-3.2572668841566452,FALSE,,,
KNUST::KNUST_S006::2024-11-15,KNUST,KNUST::KNUST_S006,2024-11-15,443.9999999999999,7.399999999999998,12.548423685232798,-1.362812141908881,6.6750074282377385,-3.2572668841566452,FALSE,,,
KNUST::KNUST_S006::2024-11-16,KNUST,KNUST::KNUST_S006,2024-11-16,481.9999999999999,8.033333333333331,12.545461477438609,-1.36577434970307,6.6750074282377385,-3.2572668841566452,FALSE,,,
KNUST::KNUST_S006::2024-11-17,KNUST,KNUST::KNUST_S006,2024-11-17,558.9999999999998,9.316666666666663,12.542574592497614,-1.3686612346440654,6.6750074282377385,-3.2572668841566452,FALSE,,,
KNUST::KNUST_S007::2024-11-19,KNUST,KNUST::KNUST_S007,2024-11-19,562,9.366666666666667,12.53702922715081,-1.3742065999908686,6.6750074282377385,-3.2572668841566452,FALSE,,,
KNUST::KNUST_S007::2024-11-20,KNUST,KNUST::KNUST_S007,2024-11-20,518,8.633333333333333,12.534371952944332,-1.3768638741973476,6.6750074282377385,-3.2572668841566452,FALSE,,,
KNUST::KNUST_S007::2024-11-21,KNUST,KNUST::KNUST_S007,2024-11-21,652,10.866666666666667,12.531792413393656,-1.3794434137480227,6.6750074282377385,-3.2572668841566452,FALSE,,,
KNUST::KNUST_S007::2024-11-22,KNUST,KNUST::KNUST_S007,2024-11-22,480.99999999999994,8.016666666666666,12.529291197525131,-1.381944629616548,6.6750074282377385,-3.2572668841566452,FALSE,,,
KNUST::KNUST_S008::2024-11-27,KNUST,KNUST::KNUST_S008,2024-11-27,476,7.933333333333334,12.517980072233412,-1.3932557549082674,6.6750074282377385,-3.2572668841566452,FALSE,,,
KNUST::KNUST_S008::2024-11-28,KNUST,KNUST::KNUST_S008,2024-11-28,519.9999999999999,8.666666666666664,12.515960734354126,-1.3952750927875535,6.6750074282377385,-3.2572668841566452,FALSE,,,
KNUST::KNUST_S008::2024-11-29,KNUST,KNUST::KNUST_S008,2024-11-29,481.9999999999999,8.033333333333331,12.514023609823651,-1.3972122173180281,6.6750074282377385,-3.2572668841566452,FALSE,,,
KNUST::KNUST_S008::2024-11-30,KNUST,KNUST::KNUST_S008,2024-11-30,662.9999999999998,11.049999999999995,12.512169211175706,-1.3990666159659728,6.6750074282377385,-3.2572668841566452,FALSE,,,
KNUST::KNUST_S008::2024-12-01,KNUST,KNUST::KNUST_S008,2024-12-01,851.0000000000002,14.183333333333337,12.510398037830988,-1.4008377893106907,6.6750074282377385,-3.2572668841566452,FALSE,,,
KNUST::KNUST_S009::2024-12-03,KNUST,KNUST::KNUST_S009,2024-12-03,523.0000000000001,8.716666666666669,12.507107292148802,-1.4041285349928767,6.6750074282377385,-3.2572668841566452,FALSE,,,
KNUST::KNUST_S009::2024-12-04,KNUST,KNUST::KNUST_S009,2024-12-04,416.99999999999994,6.949999999999999,12.505588644080692,-1.405647183060987,6.6750074282377385,-3.2572668841566452,FALSE,,,
KNUST::KNUST_S009::2024-12-05,KNUST,KNUST::KNUST_S009,2024-12-05,494.00000000000006,8.233333333333334,12.50415506793393,-1.4070807592077497,6.6750074282377385,-3.2572668841566452,FALSE,,,
KNUST::KNUST_S009::2024-12-06,KNUST,KNUST::KNUST_S009,2024-12-06,900,15,12.50280698345767,-1.4084288436840087,6.6750074282377385,-3.2572668841566452,FALSE,,,
KNUST::KNUST_S009::2024-12-07,KNUST,KNUST::KNUST_S009,2024-12-07,728,12.133333333333333,12.501544791857402,-1.4096910352842773,6.6750074282377385,-3.2572668841566452,FALSE,,,
KNUST::KNUST_S009::2024-12-08,KNUST,KNUST::KNUST_S009,2024-12-08,495,8.25,12.500368875066439,-1.4108669520752404,6.6750074282377385,-3.2572668841566452,FALSE,,,
KNUST::KNUST_S010::2024-12-10,KNUST,KNUST::KNUST_S010,2024-12-10,600,10,12.498277292450268,-1.4129585346914109,6.6750074282377385,-3.2572668841566452,FALSE,,,
KNUST::KNUST_S010::2024-12-11,KNUST,KNUST::KNUST_S010,2024-12-11,489.9999999999999,8.166666666666664,12.49736228691207,-1.4138735402296092,6.6750074282377385,-3.2572668841566452,FALSE,,,
KNUST::KNUST_S010::2024-12-12,KNUST,KNUST::KNUST_S010,2024-12-12,683,11.383333333333333,12.496534875300195,-1.4147009518414837,6.6750074282377385,-3.2572668841566452,FALSE,,,
KNUST::KNUST_S010::2024-12-13,KNUST,KNUST::KNUST_S010,2024-12-13,579.9999999999999,9.666666666666664,12.495795331663556,-1.4154404954781228,6.6750074282377385,-3.2572668841566452,FALSE,,,
KNUST::KNUST_S010::2024-12-14,KNUST,KNUST::KNUST_S010,2024-12-14,699.9999999999999,11.666666666666664,12.495143906407886,-1.416091920733793,6.6750074282377385,-3.2572668841566452,FALSE,,,
KNUST::KNUST_S010::2024-12-15,KNUST,KNUST::KNUST_S010,2024-12-15,561.0000000000001,9.350000000000001,12.494580825832156,-1.4166550013095236,6.6750074282377385,-3.2572668841566452,FALSE,,,
KNUST::KNUST_S011::2024-12-17,KNUST,KNUST::KNUST_S011,2024-12-17,435,7.25,12.493720479806264,-1.4175153473354154,6.6750074282377385,-3.2572668841566452,FALSE,,,
KNUST::KNUST_S011::2024-12-18,KNUST,KNUST::KNUST_S011,2024-12-18,428,7.133333333333334,12.493423541718059,-1.4178122854236204,6.6750074282377385,-3.2572668841566452,FALSE,,,
KNUST::KNUST_S011::2024-12-19,KNUST,KNUST::KNUST_S011,2024-12-19,488,8.133333333333333,12.493215602106519,-1.4180202250351606,6.6750074282377385,-3.2572668841566452,FALSE,,,
KNUST::KNUST_S011::2024-12-20,KNUST,KNUST::KNUST_S011,2024-12-20,568.0000000000001,9.466666666666669,12.49309675971667,-1.4181390674250096,6.6750074282377385,-3.2572668841566452,FALSE,,,
KNUST::KNUST_S012::2025-01-07,KNUST,KNUST::KNUST_S012,2025-01-07,808.0000000000001,13.466666666666669,12.50614821129375,-1.405087615847929,6.6750074282377385,-3.2572668841566452,FALSE,,,
KNUST::KNUST_S012::2025-01-08,KNUST,KNUST::KNUST_S012,2025-01-08,441.0000000000001,7.350000000000002,12.507706261078516,-1.4035295660631633,6.6750074282377385,-3.2572668841566452,FALSE,,,
KNUST::KNUST_S012::2025-01-09,KNUST,KNUST::KNUST_S012,2025-01-09,552.0000000000002,9.200000000000005,12.509350015123685,-1.4018858120179942,6.6750074282377385,-3.2572668841566452,FALSE,,,
KNUST::KNUST_S012::2025-01-10,KNUST,KNUST::KNUST_S012,2025-01-10,533,8.883333333333333,12.51107906738917,-1.4001567597525089,6.6750074282377385,-3.2572668841566452,FALSE,,,
KNUST::KNUST_S012::2025-01-11,KNUST,KNUST::KNUST_S012,2025-01-11,441.0000000000001,7.350000000000002,12.512892994681994,-1.3983428324596847,6.6750074282377385,-3.2572668841566452,FALSE,,,
KNUST::KNUST_S012::2025-01-12,KNUST,KNUST::KNUST_S012,2025-01-12,458.9999999999999,7.649999999999998,12.51479135685497,-1.3964444702867098,6.6750074282377385,-3.2572668841566452,FALSE,,,
KNUST::KNUST_S013::2025-01-14,KNUST,KNUST::KNUST_S013,2025-01-14,591.0000000000001,9.850000000000001,12.518839546640715,-1.3923962805009644,6.6750074282377385,-3.2572668841566452,FALSE,,,
KNUST::KNUST_S013::2025-01-15,KNUST,KNUST::KNUST_S013,2025-01-15,469.99999999999994,7.833333333333332,12.520988418327438,-1.3902474088142416,6.6750074282377385,-3.2572668841566452,FALSE,,,
KNUST::KNUST_S013::2025-01-16,KNUST,KNUST::KNUST_S013,2025-01-16,472,7.866666666666666,12.523219814168081,-1.3880160129735977,6.6750074282377385,-3.2572668841566452,FALSE,,,
KNUST::KNUST_S013::2025-01-17,KNUST,KNUST::KNUST_S013,2025-01-17,515.0000000000001,8.583333333333336,12.525533223284615,-1.3857026038570641,6.6750074282377385,-3.2572668841566452,FALSE,,,
KNUST::KNUST_S013::2025-01-18,KNUST,KNUST::KNUST_S013,2025-01-18,601,10.016666666666667,12.527928123142985,-1.3833077039986943,6.6750074282377385,-3.2572668841566452,FALSE,,,
KNUST::KNUST_S013::2025-01-19,KNUST,KNUST::KNUST_S013,2025-01-19,453.00000000000006,7.550000000000001,12.530403979950481,-1.3808318471911978,6.6750074282377385,-3.2572668841566452,FALSE,,,
KNUST::KNUST_S014::2025-01-21,KNUST,KNUST::KNUST_S014,2025-01-21,581.0000000000002,9.683333333333337,12.535596380896038,-1.375639446245641,6.6750074282377385,-3.2572668841566452,FALSE,,,
KNUST::KNUST_S014::2025-01-22,KNUST,KNUST::KNUST_S014,2025-01-22,478.0000000000001,7.966666666666669,12.53831181022856,-1.3729240169131192,6.6750074282377385,-3.2572668841566452,FALSE,,,
KNUST::KNUST_S014::2025-01-23,KNUST,KNUST::KNUST_S014,2025-01-23,504.9999999999999,8.416666666666664,12.541105968819725,-1.3701298583219543,6.6750074282377385,-3.2572668841566452,FALSE,,,
KNUST::KNUST_S014::2025-01-24,KNUST,KNUST::KNUST_S014,2025-01-24,776.0000000000002,12.933333333333337,12.54397827969657,-1.3672575474451083,6.6750074282377385,-3.2572668841566452,FALSE,,,
KNUST::KNUST_S014::2025-01-25,KNUST,KNUST::KNUST_S014,2025-01-25,503,8.383333333333333,12.546928159528308,-1.364307667613371,6.6750074282377385,-3.2572668841566452,FALSE,,,
KNUST::KNUST_S014::2025-01-26,KNUST,KNUST::KNUST_S014,2025-01-26,596.0000000000002,9.933333333333337,12.549955018825,-1.3612808083166783,6.6750074282377385,-3.2572668841566452,FALSE,,,
KNUST::KNUST_S015::2025-01-28,KNUST,KNUST::KNUST_S015,2025-01-28,423.00000000000006,7.050000000000001,12.556237291826141,-1.3549985353155378,6.6750074282377385,-3.2572668841566452,FALSE,,,
KNUST::KNUST_S015::2025-01-29,KNUST,KNUST::KNUST_S015,2025-01-29,458,7.633333333333334,12.55949150145054,-1.35174432569114,6.6750074282377385,-3.2572668841566452,FALSE,,,
KNUST::KNUST_S015::2025-01-30,KNUST,KNUST::KNUST_S015,2025-01-30,471.0000000000001,7.850000000000002,12.562820283836789,-1.34841554330489,6.6750074282377385,-3.2572668841566452,FALSE,,,
KNUST::KNUST_S015::2025-01-31,KNUST,KNUST::KNUST_S015,2025-01-31,480,8,12.56622302737501,-1.3450127997666694,6.6750074282377385,-3.2572668841566452,FALSE,,,
KNUST::KNUST_S015::2025-02-01,KNUST,KNUST::KNUST_S015,2025-02-01,488,8.133333333333333,12.569699117210176,-1.3415367099315034,6.6750074282377385,-3.2572668841566452,FALSE,,,
KNUST::KNUST_S015::2025-02-02,KNUST,KNUST::KNUST_S015,2025-02-02,532,8.866666666666667,12.57324793583817,-1.3379878913035093,6.6750074282377385,-3.2572668841566452,FALSE,,,
MPI::MPI_S201::2023-08-15,MPI,MPI::MPI_S201,2023-08-15,476,7.933333333333334,15.526877130932277,1.6156413037905981,48.5216,0.9273923730195803,FALSE,,,
MPI::MPI_S201::2023-08-16,MPI,MPI::MPI_S201,2023-08-16,431,7.183333333333334,15.468913411365614,1.557677584223935,48.5216,0.9273923730195803,FALSE,,,
MPI::MPI_S201::2023-08-18,MPI,MPI::MPI_S201,2023-08-18,435,7.25,15.352251759370168,1.4410159322284883,48.5216,0.9273923730195803,FALSE,,,
MPI::MPI_S201::2023-08-20,MPI,MPI::MPI_S201,2023-08-20,443,7.383333333333334,15.234725877245268,1.3234900501035884,48.5216,0.9273923730195803,FALSE,,,
MPI::MPI_S202::2023-08-15,MPI,MPI::MPI_S202,2023-08-15,492.00000000000017,8.200000000000003,15.526877130932277,1.6156413037905981,48.5216,0.9273923730195803,FALSE,,,
MPI::MPI_S202::2023-08-16,MPI,MPI::MPI_S202,2023-08-16,489.9999999999999,8.166666666666664,15.468913411365614,1.557677584223935,48.5216,0.9273923730195803,FALSE,,,
MPI::MPI_S202::2023-08-17,MPI,MPI::MPI_S202,2023-08-17,702.0000000000002,11.700000000000005,15.410699046254159,1.4994632191124797,48.5216,0.9273923730195803,FALSE,,,
MPI::MPI_S202::2023-08-18,MPI,MPI::MPI_S202,2023-08-18,663.9999999999998,11.066666666666663,15.352251759370168,1.4410159322284883,48.5216,0.9273923730195803,FALSE,,,
MPI::MPI_S202::2023-08-19,MPI,MPI::MPI_S202,2023-08-19,431,7.183333333333334,15.293588583270708,1.3823527561290287,48.5216,0.9273923730195803,FALSE,,,
MPI::MPI_S202::2023-08-20,MPI,MPI::MPI_S202,2023-08-20,651.0000000000001,10.850000000000001,15.234725877245268,1.3234900501035884,48.5216,0.9273923730195803,FALSE,,,
MPI::MPI_S204::2023-08-15,MPI,MPI::MPI_S204,2023-08-15,445.00000000000006,7.416666666666668,15.526877130932277,1.6156413037905981,48.5216,0.9273923730195803,FALSE,,,
MPI::MPI_S204::2023-08-16,MPI,MPI::MPI_S204,2023-08-16,423.00000000000006,7.050000000000001,15.468913411365614,1.557677584223935,48.5216,0.9273923730195803,FALSE,,,
MPI::MPI_S204::2023-08-17,MPI,MPI::MPI_S204,2023-08-17,478.0000000000001,7.966666666666669,15.410699046254159,1.4994632191124797,48.5216,0.9273923730195803,FALSE,,,
MPI::MPI_S204::2023-08-19,MPI,MPI::MPI_S204,2023-08-19,104.00000000000006,1.7333333333333343,15.293588583270708,1.3823527561290287,48.5216,0.9273923730195803,FALSE,,,
MPI::MPI_S204::2023-08-20,MPI,MPI::MPI_S204,2023-08-20,534.9999999999999,8.916666666666664,15.234725877245268,1.3234900501035884,48.5216,0.9273923730195803,FALSE,,,
MPI::MPI_S205::2023-08-29,MPI,MPI::MPI_S205,2023-08-29,653,10.883333333333333,14.69837254093753,0.7871367137958512,48.5216,0.9273923730195803,FALSE,,,
MPI::MPI_S205::2023-08-30,MPI,MPI::MPI_S205,2023-08-30,652,10.866666666666667,14.638279576963848,0.7270437498221689,48.5216,0.9273923730195803,FALSE,,,
MPI::MPI_S205::2023-08-31,MPI,MPI::MPI_S205,2023-08-31,616,10.266666666666667,14.57812803414133,0.6668922069996501,48.5216,0.9273923730195803,FALSE,,,
MPI::MPI_S205::2023-09-01,MPI,MPI::MPI_S205,2023-09-01,633.9999999999998,10.566666666666663,14.517927701208327,0.606691874066648,48.5216,0.9273923730195803,FALSE,,,
MPI::MPI_S205::2023-09-02,MPI,MPI::MPI_S205,2023-09-02,571.9999999999999,9.533333333333331,14.457687950929007,0.5464521237873274,48.5216,0.9273923730195803,FALSE,,,
MPI::MPI_S205::2023-09-03,MPI,MPI::MPI_S205,2023-09-03,623.9999999999999,10.399999999999999,14.397417760160234,0.48618193301855506,48.5216,0.9273923730195803,FALSE,,,
MPI::MPI_S206::2023-08-31,MPI,MPI::MPI_S206,2023-08-31,1020,17,14.57812803414133,0.6668922069996501,48.5216,0.9273923730195803,FALSE,,,
MPI::MPI_S206::2023-09-01,MPI,MPI::MPI_S206,2023-09-01,665.0000000000001,11.083333333333336,14.517927701208327,0.606691874066648,48.5216,0.9273923730195803,FALSE,,,
MPI::MPI_S206::2023-09-02,MPI,MPI::MPI_S206,2023-09-02,864.9999999999999,14.416666666666664,14.457687950929007,0.5464521237873274,48.5216,0.9273923730195803,FALSE,,,
MPI::MPI_S206::2023-09-03,MPI,MPI::MPI_S206,2023-09-03,883.0000000000001,14.716666666666669,14.397417760160234,0.48618193301855506,48.5216,0.9273923730195803,FALSE,,,
MPI::MPI_S208::2023-09-05,MPI,MPI::MPI_S208,2023-09-05,435.99999999999994,7.266666666666666,14.27682010571162,0.3655842785699406,48.5216,0.9273923730195803,FALSE,,,
MPI::MPI_S208::2023-09-06,MPI,MPI::MPI_S208,2023-09-06,480.99999999999994,8.016666666666666,14.216508796612422,0.30527296947074234,48.5216,0.9273923730195803,FALSE,,,
MPI::MPI_S208::2023-09-07,MPI,MPI::MPI_S208,2023-09-07,532,8.866666666666667,14.15619939578904,0.24496356864736057,48.5216,0.9273923730195803,FALSE,,,
MPI::MPI_S208::2023-09-10,MPI,MPI::MPI_S208,2023-09-10,901.9999999999999,15.033333333333331,13.975354231331083,0.06411840418940429,48.5216,0.9273923730195803,FALSE,,,
MPI::MPI_S209::2023-09-05,MPI,MPI::MPI_S209,2023-09-05,494.00000000000006,8.233333333333334,14.27682010571162,0.3655842785699406,48.5216,0.9273923730195803,FALSE,,,
MPI::MPI_S209::2023-09-06,MPI,MPI::MPI_S209,2023-09-06,567.0000000000002,9.450000000000005,14.216508796612422,0.30527296947074234,48.5216,0.9273923730195803,FALSE,,,
MPI::MPI_S209::2023-09-07,MPI,MPI::MPI_S209,2023-09-07,792.0000000000002,13.200000000000005,14.15619939578904,0.24496356864736057,48.5216,0.9273923730195803,FALSE,,,
MPI::MPI_S209::2023-09-08,MPI,MPI::MPI_S209,2023-09-08,578,9.633333333333333,14.095899198982451,0.18466337184077197,48.5216,0.9273923730195803,FALSE,,,
MPI::MPI_S209::2023-09-09,MPI,MPI::MPI_S209,2023-09-09,569,9.483333333333333,14.035615224308438,0.12437939716675928,48.5216,0.9273923730195803,FALSE,,,
MPI::MPI_S209::2023-09-10,MPI,MPI::MPI_S209,2023-09-10,569,9.483333333333333,13.975354231331083,0.06411840418940429,48.5216,0.9273923730195803,FALSE,,,
MPI::MPI_S210::2023-09-05,MPI,MPI::MPI_S210,2023-09-05,431.99999999999994,7.199999999999999,14.27682010571162,0.3655842785699406,48.5216,0.9273923730195803,FALSE,,,
MPI::MPI_S210::2023-09-06,MPI,MPI::MPI_S210,2023-09-06,441.0000000000001,7.350000000000002,14.216508796612422,0.30527296947074234,48.5216,0.9273923730195803,FALSE,,,
MPI::MPI_S210::2023-09-07,MPI,MPI::MPI_S210,2023-09-07,416,6.933333333333334,14.15619939578904,0.24496356864736057,48.5216,0.9273923730195803,FALSE,,,
MPI::MPI_S210::2023-09-08,MPI,MPI::MPI_S210,2023-09-08,465,7.75,14.095899198982451,0.18466337184077197,48.5216,0.9273923730195803,FALSE,,,
MPI::MPI_S210::2023-09-09,MPI,MPI::MPI_S210,2023-09-09,493.0000000000001,8.216666666666669,14.035615224308438,0.12437939716675928,48.5216,0.9273923730195803,FALSE,,,
MPI::MPI_S210::2023-09-10,MPI,MPI::MPI_S210,2023-09-10,456.0000000000001,7.600000000000002,13.975354231331083,0.06411840418940429,48.5216,0.9273923730195803,FALSE,,,
MPI::MPI_S212::2023-09-12,MPI,MPI::MPI_S212,2023-09-12,424,7.066666666666666,13.854927047292392,-0.05630877984928695,48.5216,0.9273923730195803,FALSE,,,
MPI::MPI_S212::2023-09-13,MPI,MPI::MPI_S212,2023-09-13,439.99999999999994,7.333333333333332,13.79477325008975,-0.1164625770519283,48.5216,0.9273923730195803,FALSE,,,
MPI::MPI_S212::2023-09-14,MPI,MPI::MPI_S212,2023-09-14,461,7.683333333333334,13.734667259256044,-0.17656856788563502,48.5216,0.9273923730195803,FALSE,,,
MPI::MPI_S212::2023-09-15,MPI,MPI::MPI_S212,2023-09-15,430.00000000000006,7.166666666666668,13.674614819288253,-0.23662100785342588,48.5216,0.9273923730195803,FALSE,,,
MPI::MPI_S212::2023-09-16,MPI,MPI::MPI_S212,2023-09-16,375,6.25,13.614621526532703,-0.29661430060897587,48.5216,0.9273923730195803,FALSE,,,
MPI::MPI_S212::2023-09-17,MPI,MPI::MPI_S212,2023-09-17,465,7.75,13.554692846271728,-0.3565429808699516,48.5216,0.9273923730195803,FALSE,,,
MPI::MPI_S213::2023-09-12,MPI,MPI::MPI_S213,2023-09-12,448.0000000000001,7.466666666666669,13.854927047292392,-0.05630877984928695,48.5216,0.9273923730195803,FALSE,,,
MPI::MPI_S213::2023-09-13,MPI,MPI::MPI_S213,2023-09-13,488,8.133333333333333,13.79477325008975,-0.1164625770519283,48.5216,0.9273923730195803,FALSE,,,
MPI::MPI_S213::2023-09-14,MPI,MPI::MPI_S213,2023-09-14,501.0000000000001,8.350000000000001,13.734667259256044,-0.17656856788563502,48.5216,0.9273923730195803,FALSE,,,
MPI::MPI_S213::2023-09-15,MPI,MPI::MPI_S213,2023-09-15,569,9.483333333333333,13.674614819288253,-0.23662100785342588,48.5216,0.9273923730195803,FALSE,,,
MPI::MPI_S213::2023-09-16,MPI,MPI::MPI_S213,2023-09-16,900,15,13.614621526532703,-0.29661430060897587,48.5216,0.9273923730195803,FALSE,,,
MPI::MPI_S213::2023-09-17,MPI,MPI::MPI_S213,2023-09-17,573.9999999999998,9.566666666666663,13.554692846271728,-0.3565429808699516,48.5216,0.9273923730195803,FALSE,,,
MPI::MPI_S214::2023-09-26,MPI,MPI::MPI_S214,2023-09-26,481.9999999999999,8.033333333333331,13.019101703498098,-0.8921341236435811,48.5216,0.9273923730195803,FALSE,,,
MPI::MPI_S214::2023-09-27,MPI,MPI::MPI_S214,2023-09-27,638.9999999999999,10.649999999999999,12.960103347566392,-0.9511324795752873,48.5216,0.9273923730195803,FALSE,,,
MPI::MPI_S214::2023-09-28,MPI,MPI::MPI_S214,2023-09-28,515.0000000000001,8.583333333333336,12.901226014362441,-1.0100098127792378,48.5216,0.9273923730195803,FALSE,,,
MPI::MPI_S214::2023-09-29,MPI,MPI::MPI_S214,2023-09-29,551.0000000000002,9.183333333333337,12.842474931279819,-1.0687608958618604,48.5216,0.9273923730195803,FALSE,,,
MPI::MPI_S214::2023-09-30,MPI,MPI::MPI_S214,2023-09-30,531.0000000000001,8.850000000000001,12.783855413132244,-1.1273804140094352,48.5216,0.9273923730195803,FALSE,,,
MPI::MPI_S214::2023-10-01,MPI,MPI::MPI_S214,2023-10-01,546.0000000000001,9.100000000000001,12.725372879107793,-1.1858629480338863,48.5216,0.9273923730195803,FALSE,,,
MPI::MPI_S215::2023-10-03,MPI,MPI::MPI_S215,2023-10-03,523.0000000000001,8.716666666666669,12.608841055432956,-1.3023947717087232,48.5216,0.9273923730195803,FALSE,,,
MPI::MPI_S215::2023-10-04,MPI,MPI::MPI_S215,2023-10-04,530.0000000000001,8.833333333333336,12.550803268353144,-1.3604325587885349,48.5216,0.9273923730195803,FALSE,,,
MPI::MPI_S215::2023-10-05,MPI,MPI::MPI_S215,2023-10-05,713,11.883333333333333,12.492925502525436,-1.4183103246162432,48.5216,0.9273923730195803,FALSE,,,
MPI::MPI_S215::2023-10-06,MPI,MPI::MPI_S215,2023-10-06,557.9999999999998,9.299999999999995,12.435213937693172,-1.476021889448507,48.5216,0.9273923730195803,FALSE,,,
MPI::MPI_S215::2023-10-07,MPI,MPI::MPI_S215,2023-10-07,650.0000000000001,10.833333333333336,12.37767495340771,-1.5335608737339683,48.5216,0.9273923730195803,FALSE,,,
MPI::MPI_S215::2023-10-08,MPI,MPI::MPI_S215,2023-10-08,690,11.5,12.320315145055453,-1.5909206820862263,48.5216,0.9273923730195803,FALSE,,,
MPI::MPI_S216::2023-10-03,MPI,MPI::MPI_S216,2023-10-03,686.0000000000002,11.433333333333337,12.608841055432956,-1.3023947717087232,48.5216,0.9273923730195803,FALSE,,,
MPI::MPI_S216::2023-10-04,MPI,MPI::MPI_S216,2023-10-04,821.0000000000002,13.683333333333337,12.550803268353144,-1.3604325587885349,48.5216,0.9273923730195803,FALSE,,,
MPI::MPI_S216::2023-10-05,MPI,MPI::MPI_S216,2023-10-05,669.9999999999999,11.166666666666664,12.492925502525436,-1.4183103246162432,48.5216,0.9273923730195803,FALSE,,,
MPI::MPI_S216::2023-10-06,MPI,MPI::MPI_S216,2023-10-06,699.9999999999999,11.666666666666664,12.435213937693172,-1.476021889448507,48.5216,0.9273923730195803,FALSE,,,
MPI::MPI_S216::2023-10-07,MPI,MPI::MPI_S216,2023-10-07,781,13.016666666666667,12.37767495340771,-1.5335608737339683,48.5216,0.9273923730195803,FALSE,,,
MPI::MPI_S216::2023-10-08,MPI,MPI::MPI_S216,2023-10-08,687.0000000000002,11.450000000000005,12.320315145055453,-1.5909206820862263,48.5216,0.9273923730195803,FALSE,,,
MPI::MPI_S218::2023-10-17,MPI,MPI::MPI_S218,2023-10-17,524,8.733333333333333,11.813354904519187,-2.097880922622492,48.5216,0.9273923730195803,FALSE,,,
MPI::MPI_S218::2023-10-18,MPI,MPI::MPI_S218,2023-10-18,717.0000000000002,11.950000000000005,11.758208182454108,-2.1530276446875707,48.5216,0.9273923730195803,FALSE,,,
MPI::MPI_S218::2023-10-19,MPI,MPI::MPI_S218,2023-10-19,598.0000000000001,9.966666666666669,11.703331843945715,-2.2079039831959637,48.5216,0.9273923730195803,FALSE,,,
MPI::MPI_S218::2023-10-20,MPI,MPI::MPI_S218,2023-10-20,753.9999999999998,12.566666666666663,11.648736263447338,-2.262499563694341,48.5216,0.9273923730195803,FALSE,,,
MPI::MPI_S218::2023-10-21,MPI,MPI::MPI_S218,2023-10-21,736,12.266666666666667,11.594432223902809,-2.3168036032388706,48.5216,0.9273923730195803,FALSE,,,
MPI::MPI_S218::2023-10-22,MPI,MPI::MPI_S218,2023-10-22,744.9999999999999,12.416666666666664,11.540430928402477,-2.370804898739202,48.5216,0.9273923730195803,FALSE,,,
MPI::MPI_S219::2023-10-17,MPI,MPI::MPI_S219,2023-10-17,525,8.75,11.813354904519187,-2.097880922622492,48.5216,0.9273923730195803,FALSE,,,
MPI::MPI_S219::2023-10-18,MPI,MPI::MPI_S219,2023-10-18,598.0000000000001,9.966666666666669,11.758208182454108,-2.1530276446875707,48.5216,0.9273923730195803,FALSE,,,
MPI::MPI_S219::2023-10-19,MPI,MPI::MPI_S219,2023-10-19,605.0000000000001,10.083333333333336,11.703331843945715,-2.2079039831959637,48.5216,0.9273923730195803,FALSE,,,
MPI::MPI_S219::2023-10-20,MPI,MPI::MPI_S219,2023-10-20,633.9999999999998,10.566666666666663,11.648736263447338,-2.262499563694341,48.5216,0.9273923730195803,FALSE,,,
MPI::MPI_S219::2023-10-21,MPI,MPI::MPI_S219,2023-10-21,636.0000000000001,10.600000000000001,11.594432223902809,-2.3168036032388706,48.5216,0.9273923730195803,FALSE,,,
MPI::MPI_S219::2023-10-22,MPI,MPI::MPI_S219,2023-10-22,615,10.25,11.540430928402477,-2.370804898739202,48.5216,0.9273923730195803,FALSE,,,
MPI::MPI_S221::2023-10-24,MPI,MPI::MPI_S221,2023-10-24,578,9.633333333333333,11.433383559452162,-2.477852267689517,48.5216,0.9273923730195803,FALSE,,,
MPI::MPI_S221::2023-10-25,MPI,MPI::MPI_S221,2023-10-25,631,10.516666666666667,11.380362103184064,-2.5308737239576153,48.5216,0.9273923730195803,FALSE,,,
MPI::MPI_S221::2023-10-26,MPI,MPI::MPI_S221,2023-10-26,608,10.133333333333333,11.327692646781603,-2.583543180360076,48.5216,0.9273923730195803,FALSE,,,
MPI::MPI_S221::2023-10-27,MPI,MPI::MPI_S221,2023-10-27,662.9999999999998,11.049999999999995,11.275388667914603,-2.635847159227076,48.5216,0.9273923730195803,FALSE,,,
MPI::MPI_S221::2023-10-28,MPI,MPI::MPI_S221,2023-10-28,893,14.883333333333333,11.22346412844128,-2.6877716987003986,48.5216,0.9273923730195803,FALSE,,,
MPI::MPI_S221::2023-10-29,MPI,MPI::MPI_S221,2023-10-29,17.0000000000001,0.283333333333335,11.17193348189195,-2.7393023452497296,48.5216,0.9273923730195803,FALSE,,,
MPI::MPI_S222::2023-10-24,MPI,MPI::MPI_S222,2023-10-24,623.9999999999999,10.399999999999999,11.433383559452162,-2.477852267689517,48.5216,0.9273923730195803,FALSE,,,
MPI::MPI_S222::2023-10-25,MPI,MPI::MPI_S222,2023-10-25,507.00000000000017,8.450000000000003,11.380362103184064,-2.5308737239576153,48.5216,0.9273923730195803,FALSE,,,
MPI::MPI_S222::2023-10-26,MPI,MPI::MPI_S222,2023-10-26,716.0000000000002,11.933333333333337,11.327692646781603,-2.583543180360076,48.5216,0.9273923730195803,FALSE,,,
MPI::MPI_S222::2023-10-27,MPI,MPI::MPI_S222,2023-10-27,498.9999999999998,8.316666666666663,11.275388667914603,-2.635847159227076,48.5216,0.9273923730195803,FALSE,,,
MPI::MPI_S222::2023-10-28,MPI,MPI::MPI_S222,2023-10-28,732.0000000000002,12.200000000000005,11.22346412844128,-2.6877716987003986,48.5216,0.9273923730195803,FALSE,,,
MPI::MPI_S222::2023-10-29,MPI,MPI::MPI_S222,2023-10-29,827.9999999999998,13.799999999999995,11.17193348189195,-2.7393023452497296,48.5216,0.9273923730195803,FALSE,,,
MPI::MPI_S223::2023-10-31,MPI,MPI::MPI_S223,2023-10-31,601,10.016666666666667,11.070114180511899,-2.84112164662978,48.5216,0.9273923730195803,FALSE,,,
MPI::MPI_S223::2023-11-01,MPI,MPI::MPI_S223,2023-11-01,794,13.233333333333333,11.019856946600807,-2.8913788805408718,48.5216,0.9273923730195803,FALSE,,,
MPI::MPI_S223::2023-11-02,MPI,MPI::MPI_S223,2023-11-02,587.9999999999998,9.799999999999995,10.970056454804208,-2.941179372337471,48.5216,0.9273923730195803,FALSE,,,
MPI::MPI_S223::2023-11-03,MPI,MPI::MPI_S223,2023-11-03,583.0000000000001,9.716666666666669,10.92072969449891,-2.9905061326427695,48.5216,0.9273923730195803,FALSE,,,
MPI::MPI_S223::2023-11-04,MPI,MPI::MPI_S223,2023-11-04,782.9999999999998,13.049999999999995,10.871894168191487,-3.0393416589501925,48.5216,0.9273923730195803,FALSE,,,
MPI::MPI_S223::2023-11-05,MPI,MPI::MPI_S223,2023-11-05,766,12.766666666666667,10.8235678901275,-3.0876679370141797,48.5216,0.9273923730195803,FALSE,,,
MPI::MPI_S224::2023-10-31,MPI,MPI::MPI_S224,2023-10-31,526.9999999999999,8.783333333333331,11.070114180511899,-2.84112164662978,48.5216,0.9273923730195803,FALSE,,,
MPI::MPI_S224::2023-11-01,MPI,MPI::MPI_S224,2023-11-01,648.9999999999998,10.816666666666663,11.019856946600807,-2.8913788805408718,48.5216,0.9273923730195803,FALSE,,,
MPI::MPI_S224::2023-11-02,MPI,MPI::MPI_S224,2023-11-02,594.9999999999999,9.916666666666664,10.970056454804208,-2.941179372337471,48.5216,0.9273923730195803,FALSE,,,
MPI::MPI_S224::2023-11-03,MPI,MPI::MPI_S224,2023-11-03,691,11.516666666666667,10.92072969449891,-2.9905061326427695,48.5216,0.9273923730195803,FALSE,,,
MPI::MPI_S224::2023-11-04,MPI,MPI::MPI_S224,2023-11-04,489.9999999999999,8.166666666666664,10.871894168191487,-3.0393416589501925,48.5216,0.9273923730195803,FALSE,,,
MPI::MPI_S224::2023-11-05,MPI,MPI::MPI_S224,2023-11-05,581.0000000000002,9.683333333333337,10.8235678901275,-3.0876679370141797,48.5216,0.9273923730195803,FALSE,,,
MPI::MPI_S225::2023-10-31,MPI,MPI::MPI_S225,2023-10-31,445.00000000000006,7.416666666666668,11.070114180511899,-2.84112164662978,48.5216,0.9273923730195803,FALSE,,,
MPI::MPI_S225::2023-11-01,MPI,MPI::MPI_S225,2023-11-01,556.9999999999999,9.283333333333331,11.019856946600807,-2.8913788805408718,48.5216,0.9273923730195803,FALSE,,,
MPI::MPI_S225::2023-11-02,MPI,MPI::MPI_S225,2023-11-02,496.9999999999999,8.283333333333331,10.970056454804208,-2.941179372337471,48.5216,0.9273923730195803,FALSE,,,
MPI::MPI_S225::2023-11-03,MPI,MPI::MPI_S225,2023-11-03,465.99999999999994,7.766666666666666,10.92072969449891,-2.9905061326427695,48.5216,0.9273923730195803,FALSE,,,
MPI::MPI_S225::2023-11-04,MPI,MPI::MPI_S225,2023-11-04,460.00000000000006,7.666666666666668,10.871894168191487,-3.0393416589501925,48.5216,0.9273923730195803,FALSE,,,
MPI::MPI_S225::2023-11-05,MPI,MPI::MPI_S225,2023-11-05,591.0000000000001,9.850000000000001,10.8235678901275,-3.0876679370141797,48.5216,0.9273923730195803,FALSE,,,
MPI::MPI_S226::2023-10-31,MPI,MPI::MPI_S226,2023-10-31,643.0000000000001,10.716666666666669,11.070114180511899,-2.84112164662978,48.5216,0.9273923730195803,FALSE,,,
MPI::MPI_S226::2023-11-01,MPI,MPI::MPI_S226,2023-11-01,611.0000000000002,10.183333333333337,11.019856946600807,-2.8913788805408718,48.5216,0.9273923730195803,FALSE,,,
MPI::MPI_S226::2023-11-02,MPI,MPI::MPI_S226,2023-11-02,587.9999999999998,9.799999999999995,10.970056454804208,-2.941179372337471,48.5216,0.9273923730195803,FALSE,,,
MPI::MPI_S226::2023-11-03,MPI,MPI::MPI_S226,2023-11-03,528.9999999999998,8.816666666666663,10.92072969449891,-2.9905061326427695,48.5216,0.9273923730195803,FALSE,,,
MPI::MPI_S226::2023-11-05,MPI,MPI::MPI_S226,2023-11-05,631.9999999999999,10.533333333333331,10.8235678901275,-3.0876679370141797,48.5216,0.9273923730195803,FALSE,,,
MPI::MPI_S227::2023-10-31,MPI,MPI::MPI_S227,2023-10-31,11.000000000000014,0.18333333333333357,11.070114180511899,-2.84112164662978,48.5216,0.9273923730195803,FALSE,,,
MPI::MPI_S227::2023-11-01,MPI,MPI::MPI_S227,2023-11-01,729.9999999999999,12.166666666666664,11.019856946600807,-2.8913788805408718,48.5216,0.9273923730195803,FALSE,,,
MPI::MPI_S227::2023-11-02,MPI,MPI::MPI_S227,2023-11-02,596.0000000000002,9.933333333333337,10.970056454804208,-2.941179372337471,48.5216,0.9273923730195803,FALSE,,,
MPI::MPI_S227::2023-11-03,MPI,MPI::MPI_S227,2023-11-03,729.9999999999999,12.166666666666664,10.92072969449891,-2.9905061326427695,48.5216,0.9273923730195803,FALSE,,,
MPI::MPI_S227::2023-11-04,MPI,MPI::MPI_S227,2023-11-04,611.0000000000002,10.183333333333337,10.871894168191487,-3.0393416589501925,48.5216,0.9273923730195803,FALSE,,,
MPI::MPI_S227::2023-11-05,MPI,MPI::MPI_S227,2023-11-05,11.000000000000014,0.18333333333333357,10.8235678901275,-3.0876679370141797,48.5216,0.9273923730195803,FALSE,,,
MPI::MPI_S228::2023-11-07,MPI,MPI::MPI_S228,2023-11-07,615,10.25,10.728517672552004,-3.1827181545896757,48.5216,0.9273923730195803,FALSE,,,
MPI::MPI_S228::2023-11-08,MPI,MPI::MPI_S228,2023-11-08,543.9999999999998,9.066666666666663,10.681832281417316,-3.229403545724363,48.5216,0.9273923730195803,FALSE,,,
MPI::MPI_S228::2023-11-09,MPI,MPI::MPI_S228,2023-11-09,695.0000000000001,11.583333333333336,10.635733218855329,-3.2755026082863505,48.5216,0.9273923730195803,FALSE,,,
MPI::MPI_S228::2023-11-10,MPI,MPI::MPI_S228,2023-11-10,590.0000000000001,9.833333333333336,10.590240970518854,-3.320994856622825,48.5216,0.9273923730195803,FALSE,,,
MPI::MPI_S228::2023-11-11,MPI,MPI::MPI_S228,2023-11-11,644,10.733333333333333,10.54537648419539,-3.3658593429462886,48.5216,0.9273923730195803,FALSE,,,
MPI::MPI_S228::2023-11-12,MPI,MPI::MPI_S228,2023-11-12,741.0000000000001,12.350000000000001,10.501161154309909,-3.4100746728317706,48.5216,0.9273923730195803,FALSE,,,
MPI::MPI_S229::2023-11-07,MPI,MPI::MPI_S229,2023-11-07,454.99999999999994,7.583333333333332,10.728517672552004,-3.1827181545896757,48.5216,0.9273923730195803,FALSE,,,
MPI::MPI_S229::2023-11-08,MPI,MPI::MPI_S229,2023-11-08,454,7.566666666666666,10.681832281417316,-3.229403545724363,48.5216,0.9273923730195803,FALSE,,,
MPI::MPI_S229::2023-11-09,MPI,MPI::MPI_S229,2023-11-09,483.9999999999998,8.066666666666663,10.635733218855329,-3.2755026082863505,48.5216,0.9273923730195803,FALSE,,,
MPI::MPI_S229::2023-11-10,MPI,MPI::MPI_S229,2023-11-10,457,7.616666666666666,10.590240970518854,-3.320994856622825,48.5216,0.9273923730195803,FALSE,,,
MPI::MPI_S229::2023-11-11,MPI,MPI::MPI_S229,2023-11-11,509.00000000000006,8.483333333333334,10.54537648419539,-3.3658593429462886,48.5216,0.9273923730195803,FALSE,,,
MPI::MPI_S229::2023-11-12,MPI,MPI::MPI_S229,2023-11-12,510,8.5,10.501161154309909,-3.4100746728317706,48.5216,0.9273923730195803,FALSE,,,
MPI::MPI_S230::2023-11-07,MPI,MPI::MPI_S230,2023-11-07,605.0000000000001,10.083333333333336,10.728517672552004,-3.1827181545896757,48.5216,0.9273923730195803,FALSE,,,
MPI::MPI_S230::2023-11-09,MPI,MPI::MPI_S230,2023-11-09,600,10,10.635733218855329,-3.2755026082863505,48.5216,0.9273923730195803,FALSE,,,
MPI::MPI_S230::2023-11-10,MPI,MPI::MPI_S230,2023-11-10,545.0000000000001,9.083333333333336,10.590240970518854,-3.320994856622825,48.5216,0.9273923730195803,FALSE,,,
MPI::MPI_S230::2023-11-11,MPI,MPI::MPI_S230,2023-11-11,493.0000000000001,8.216666666666669,10.54537648419539,-3.3658593429462886,48.5216,0.9273923730195803,FALSE,,,
MPI::MPI_S230::2023-11-12,MPI,MPI::MPI_S230,2023-11-12,825,13.75,10.501161154309909,-3.4100746728317706,48.5216,0.9273923730195803,FALSE,,,
MPI::MPI_S231::2023-11-07,MPI,MPI::MPI_S231,2023-11-07,539,8.983333333333333,10.728517672552004,-3.1827181545896757,48.5216,0.9273923730195803,FALSE,,,
MPI::MPI_S231::2023-11-08,MPI,MPI::MPI_S231,2023-11-08,611.0000000000002,10.183333333333337,10.681832281417316,-3.229403545724363,48.5216,0.9273923730195803,FALSE,,,
MPI::MPI_S231::2023-11-09,MPI,MPI::MPI_S231,2023-11-09,616.9999999999999,10.283333333333331,10.635733218855329,-3.2755026082863505,48.5216,0.9273923730195803,FALSE,,,
MPI::MPI_S231::2023-11-10,MPI,MPI::MPI_S231,2023-11-10,693.9999999999998,11.566666666666663,10.590240970518854,-3.320994856622825,48.5216,0.9273923730195803,FALSE,,,
MPI::MPI_S231::2023-11-11,MPI,MPI::MPI_S231,2023-11-11,593,9.883333333333333,10.54537648419539,-3.3658593429462886,48.5216,0.9273923730195803,FALSE,,,
MPI::MPI_S231::2023-11-12,MPI,MPI::MPI_S231,2023-11-12,662.9999999999998,11.049999999999995,10.501161154309909,-3.4100746728317706,48.5216,0.9273923730195803,FALSE,,,
RISE::RISE_S001::2025-03-04,RISE,RISE::RISE_S001,2025-03-04,510,8.5,12.179657288326158,-1.731578538815521,57.715675,1.8467998730195805,FALSE,,,
RISE::RISE_S001::2025-03-05,RISE,RISE::RISE_S001,2025-03-05,516.0000000000001,8.600000000000001,12.261009983155462,-1.6502258439862167,57.715675,1.8467998730195805,FALSE,,,
RISE::RISE_S001::2025-03-06,RISE,RISE::RISE_S001,2025-03-06,458.9999999999999,7.649999999999998,12.34262978831927,-1.5686060388224092,57.715675,1.8467998730195805,FALSE,,,
RISE::RISE_S001::2025-03-07,RISE,RISE::RISE_S001,2025-03-07,554,9.233333333333333,12.424510966539383,-1.4867248606022958,57.715675,1.8467998730195805,FALSE,,,
RISE::RISE_S001::2025-03-08,RISE,RISE::RISE_S001,2025-03-08,524,8.733333333333333,12.506648212075234,-1.4045876150664451,57.715675,1.8467998730195805,FALSE,,,
RISE::RISE_S001::2025-03-09,RISE,RISE::RISE_S001,2025-03-09,541.9999999999999,9.033333333333331,12.58903662721316,-1.3221991999285194,57.715675,1.8467998730195805,FALSE,,,
RISE::RISE_S002::2025-03-18,RISE,RISE::RISE_S002,2025-03-18,413,6.883333333333334,13.341199753284455,-0.5700360738572243,57.715675,1.8467998730195805,FALSE,,,
RISE::RISE_S002::2025-03-19,RISE,RISE::RISE_S002,2025-03-19,413.9999999999999,6.899999999999998,13.42590415040652,-0.485331676735159,57.715675,1.8467998730195805,FALSE,,,
RISE::RISE_S002::2025-03-20,RISE,RISE::RISE_S002,2025-03-20,405.99999999999994,6.766666666666666,13.510826363431082,-0.4004094637105968,57.715675,1.8467998730195805,FALSE,,,
RISE::RISE_S002::2025-03-21,RISE,RISE::RISE_S002,2025-03-21,405,6.75,13.595964657399389,-0.3152711697422905,57.715675,1.8467998730195805,FALSE,,,
RISE::RISE_S002::2025-03-22,RISE,RISE::RISE_S002,2025-03-22,765,12.75,13.68131742046939,-0.22991840667228836,57.715675,1.8467998730195805,FALSE,,,
RISE::RISE_S002::2025-03-23,RISE,RISE::RISE_S002,2025-03-23,773,12.883333333333333,13.766883142524295,-0.1443526846173846,57.715675,1.8467998730195805,FALSE,,,
RISE::RISE_S003::2025-03-18,RISE,RISE::RISE_S003,2025-03-18,404.00000000000006,6.733333333333334,13.341199753284455,-0.5700360738572243,57.715675,1.8467998730195805,FALSE,,,
RISE::RISE_S003::2025-03-19,RISE,RISE::RISE_S003,2025-03-19,416.99999999999994,6.949999999999999,13.42590415040652,-0.485331676735159,57.715675,1.8467998730195805,FALSE,,,
RISE::RISE_S003::2025-03-20,RISE,RISE::RISE_S003,2025-03-20,416,6.933333333333334,13.510826363431082,-0.4004094637105968,57.715675,1.8467998730195805,FALSE,,,
RISE::RISE_S003::2025-03-21,RISE,RISE::RISE_S003,2025-03-21,382,6.366666666666666,13.595964657399389,-0.3152711697422905,57.715675,1.8467998730195805,FALSE,,,
RISE::RISE_S003::2025-03-22,RISE,RISE::RISE_S003,2025-03-22,621.0000000000001,10.350000000000001,13.68131742046939,-0.22991840667228836,57.715675,1.8467998730195805,FALSE,,,
RISE::RISE_S003::2025-03-23,RISE,RISE::RISE_S003,2025-03-23,756.0000000000001,12.600000000000001,13.766883142524295,-0.1443526846173846,57.715675,1.8467998730195805,FALSE,,,
RISE::RISE_S004::2025-03-25,RISE,RISE::RISE_S004,2025-03-25,409,6.816666666666666,13.938647803200615,0.02741197605893575,57.715675,1.8467998730195805,FALSE,,,
RISE::RISE_S004::2025-03-26,RISE,RISE::RISE_S004,2025-03-26,472,7.866666666666666,14.024844036764568,0.11360820962288898,57.715675,1.8467998730195805,FALSE,,,
RISE::RISE_S004::2025-03-27,RISE,RISE::RISE_S004,2025-03-27,406.9999999999999,6.783333333333331,14.111247775289748,0.20001194814806844,57.715675,1.8467998730195805,FALSE,,,
RISE::RISE_S004::2025-03-28,RISE,RISE::RISE_S004,2025-03-28,426.0000000000001,7.100000000000002,14.19785769297017,0.28662186582849003,57.715675,1.8467998730195805,FALSE,,,
RISE::RISE_S004::2025-03-29,RISE,RISE::RISE_S004,2025-03-29,434.00000000000006,7.233333333333334,14.284672434462442,0.37343660732076245,57.715675,1.8467998730195805,FALSE,,,
RISE::RISE_S004::2025-03-30,RISE,RISE::RISE_S004,2025-03-30,569,9.483333333333333,14.371690592434671,0.460454765292992,57.715675,1.8467998730195805,FALSE,,,
RISE::RISE_S005::2025-04-01,RISE,RISE::RISE_S005,2025-04-01,416,6.933333333333334,14.54633112874296,0.6350953016012806,57.715675,1.8467998730195805,FALSE,,,
RISE::RISE_S005::2025-04-02,RISE,RISE::RISE_S005,2025-04-02,406.9999999999999,6.783333333333331,14.633950222267044,0.7227143951253652,57.715675,1.8467998730195805,FALSE,,,
RISE::RISE_S005::2025-04-03,RISE,RISE::RISE_S005,2025-04-03,416.99999999999994,6.949999999999999,14.721766114168696,0.8105302870270172,57.715675,1.8467998730195805,FALSE,,,
RISE::RISE_S005::2025-04-04,RISE,RISE::RISE_S005,2025-04-04,411.0000000000001,6.850000000000002,14.809776781466272,0.8985409543245932,57.715675,1.8467998730195805,FALSE,,,
RISE::RISE_S005::2025-04-05,RISE,RISE::RISE_S005,2025-04-05,485.0000000000001,8.083333333333336,14.897980003555615,0.9867441764139357,57.715675,1.8467998730195805,FALSE,,,
RISE::RISE_S005::2025-04-06,RISE,RISE::RISE_S005,2025-04-06,507.00000000000017,8.450000000000003,14.986373335785336,1.0751375086436568,57.715675,1.8467998730195805,FALSE,,,
RISE::RISE_S006::2025-04-15,RISE,RISE::RISE_S006,2025-04-15,502,8.366666666666667,15.78991743306319,1.8786816059215106,57.715675,1.8467998730195805,FALSE,,,
RISE::RISE_S006::2025-04-16,RISE,RISE::RISE_S006,2025-04-16,534.9999999999999,8.916666666666664,15.880007472435633,1.9687716452939537,57.715675,1.8467998730195805,FALSE,,,
RISE::RISE_S006::2025-04-17,RISE,RISE::RISE_S006,2025-04-17,502,8.366666666666667,15.970237473911709,2.05900164677003,57.715675,1.8467998730195805,FALSE,,,
RISE::RISE_S006::2025-04-18,RISE,RISE::RISE_S006,2025-04-18,463.0000000000001,7.716666666666669,16.060599889622793,2.149364062481114,57.715675,1.8467998730195805,FALSE,,,
RISE::RISE_S006::2025-04-19,RISE,RISE::RISE_S006,2025-04-19,510,8.5,16.15108650598261,2.2398506788409325,57.715675,1.8467998730195805,FALSE,,,
RISE::RISE_S006::2025-04-20,RISE,RISE::RISE_S006,2025-04-20,541,9.016666666666667,16.241688398917518,2.3304525717758384,57.715675,1.8467998730195805,FALSE,,,
RISE::RISE_S007::2025-04-15,RISE,RISE::RISE_S007,2025-04-15,454,7.566666666666666,15.78991743306319,1.8786816059215106,57.715675,1.8467998730195805,FALSE,,,
RISE::RISE_S007::2025-04-16,RISE,RISE::RISE_S007,2025-04-16,513.9999999999998,8.566666666666663,15.880007472435633,1.9687716452939537,57.715675,1.8467998730195805,FALSE,,,
RISE::RISE_S007::2025-04-17,RISE,RISE::RISE_S007,2025-04-17,487,8.116666666666667,15.970237473911709,2.05900164677003,57.715675,1.8467998730195805,FALSE,,,
RISE::RISE_S007::2025-04-18,RISE,RISE::RISE_S007,2025-04-18,663.9999999999998,11.066666666666663,16.060599889622793,2.149364062481114,57.715675,1.8467998730195805,FALSE,,,
RISE::RISE_S007::2025-04-19,RISE,RISE::RISE_S007,2025-04-19,601.9999999999999,10.033333333333331,16.15108650598261,2.2398506788409325,57.715675,1.8467998730195805,FALSE,,,
RISE::RISE_S007::2025-04-20,RISE,RISE::RISE_S007,2025-04-20,593,9.883333333333333,16.241688398917518,2.3304525717758384,57.715675,1.8467998730195805,FALSE,,,
RISE::RISE_S008::2025-04-29,RISE,RISE::RISE_S008,2025-04-29,403.0000000000001,6.716666666666669,17.06040390630563,3.1491680791639514,57.715675,1.8467998730195805,FALSE,,,
RISE::RISE_S008::2025-04-30,RISE,RISE::RISE_S008,2025-04-30,355.00000000000006,5.916666666666668,17.151474550233946,3.2402387230922667,57.715675,1.8467998730195805,FALSE,,,
RISE::RISE_S008::2025-05-01,RISE,RISE::RISE_S008,2025-05-01,508.0000000000001,8.466666666666669,17.242500105102856,3.3312642779611767,57.715675,1.8467998730195805,FALSE,,,
RISE::RISE_S008::2025-05-02,RISE,RISE::RISE_S008,2025-05-02,586.9999999999999,9.783333333333331,17.33345867547724,3.4222228483355597,57.715675,1.8467998730195805,FALSE,,,
RISE::RISE_S008::2025-05-03,RISE,RISE::RISE_S008,2025-05-03,542.9999999999998,9.049999999999995,17.424326815075343,3.513090987933664,57.715675,1.8467998730195805,FALSE,,,
RISE::RISE_S008::2025-05-04,RISE,RISE::RISE_S008,2025-05-04,434.00000000000006,7.233333333333334,17.515079435838594,3.6038436086969146,57.715675,1.8467998730195805,FALSE,,,
RISE::RISE_S009::2025-05-27,RISE,RISE::RISE_S009,2025-05-27,360,6,19.47890533533361,5.567669508191932,57.715675,1.8467998730195805,FALSE,,,
RISE::RISE_S009::2025-05-28,RISE,RISE::RISE_S009,2025-05-28,368.9999999999999,6.149999999999998,19.55297898358769,5.64174315644601,57.715675,1.8467998730195805,FALSE,,,
RISE::RISE_S009::2025-05-29,RISE,RISE::RISE_S009,2025-05-29,457,7.616666666666666,19.625408908989694,5.714173081848015,57.715675,1.8467998730195805,FALSE,,,
RISE::RISE_S009::2025-05-30,RISE,RISE::RISE_S009,2025-05-30,409.99999999999994,6.833333333333332,19.696082001328467,5.784846174186788,57.715675,1.8467998730195805,FALSE,,,
RISE::RISE_S009::2025-05-31,RISE,RISE::RISE_S009,2025-05-31,450.99999999999994,7.516666666666666,19.76488055811988,5.853644730978202,57.715675,1.8467998730195805,FALSE,,,
RISE::RISE_S009::2025-06-01,RISE,RISE::RISE_S009,2025-06-01,428.9999999999999,7.149999999999998,19.831682472030323,5.920446644888644,57.715675,1.8467998730195805,FALSE,,,
RISE::RISE_S010::2025-06-10,RISE,RISE::RISE_S010,2025-06-10,478.0000000000001,7.966666666666669,20.321251919137108,6.410016091995429,57.715675,1.8467998730195805,FALSE,,,
RISE::RISE_S010::2025-06-11,RISE,RISE::RISE_S010,2025-06-11,442,7.366666666666666,20.360735110441844,6.449499283300165,57.715675,1.8467998730195805,FALSE,,,
RISE::RISE_S010::2025-06-12,RISE,RISE::RISE_S010,2025-06-12,623.9999999999999,10.399999999999999,20.396744766698944,6.485508939557265,57.715675,1.8467998730195805,FALSE,,,
RISE::RISE_S010::2025-06-13,RISE,RISE::RISE_S010,2025-06-13,802,13.366666666666667,20.429159809152285,6.517923982010606,57.715675,1.8467998730195805,FALSE,,,
RISE::RISE_S010::2025-06-14,RISE,RISE::RISE_S010,2025-06-14,427,7.116666666666666,20.457867281238237,6.546631454096557,57.715675,1.8467998730195805,FALSE,,,
RISE::RISE_S012::2025-06-10,RISE,RISE::RISE_S012,2025-06-10,495.99999999999994,8.266666666666666,20.321251919137108,6.410016091995429,57.715675,1.8467998730195805,FALSE,,,
RISE::RISE_S012::2025-06-11,RISE,RISE::RISE_S012,2025-06-11,480.99999999999994,8.016666666666666,20.360735110441844,6.449499283300165,57.715675,1.8467998730195805,FALSE,,,
RISE::RISE_S012::2025-06-12,RISE,RISE::RISE_S012,2025-06-12,496.9999999999999,8.283333333333331,20.396744766698944,6.485508939557265,57.715675,1.8467998730195805,FALSE,,,
RISE::RISE_S012::2025-06-13,RISE,RISE::RISE_S012,2025-06-13,476,7.933333333333334,20.429159809152285,6.517923982010606,57.715675,1.8467998730195805,FALSE,,,
RISE::RISE_S012::2025-06-14,RISE,RISE::RISE_S012,2025-06-14,480.99999999999994,8.016666666666666,20.457867281238237,6.546631454096557,57.715675,1.8467998730195805,FALSE,,,
RISE::RISE_S012::2025-06-15,RISE,RISE::RISE_S012,2025-06-15,497.99999999999983,8.299999999999997,20.482763924863605,6.5715280977219255,57.715675,1.8467998730195805,FALSE,,,
RISE::RISE_S012::2025-06-16,RISE,RISE::RISE_S012,2025-06-16,485.0000000000001,8.083333333333336,20.503757714099354,6.592521886957675,57.715675,1.8467998730195805,FALSE,,,
RISE::RISE_S013::2025-06-24,RISE,RISE::RISE_S013,2025-06-24,416,6.933333333333334,20.52484733098083,6.6136115038391505,57.715675,1.8467998730195805,FALSE,,,
RISE::RISE_S013::2025-06-25,RISE,RISE::RISE_S013,2025-06-25,427,7.116666666666666,20.508991887436974,6.5977560602952945,57.715675,1.8467998730195805,FALSE,,,
RISE::RISE_S013::2025-06-26,RISE,RISE::RISE_S013,2025-06-26,415.00000000000006,6.916666666666668,20.489147805107965,6.577911977966286,57.715675,1.8467998730195805,FALSE,,,
RISE::RISE_S013::2025-06-27,RISE,RISE::RISE_S013,2025-06-27,496.9999999999999,8.283333333333331,20.465393348733585,6.554157521591906,57.715675,1.8467998730195805,FALSE,,,
RISE::RISE_S013::2025-06-28,RISE,RISE::RISE_S013,2025-06-28,598.0000000000001,9.966666666666669,20.43781963951058,6.5265838123689,57.715675,1.8467998730195805,FALSE,,,
RISE::RISE_S013::2025-06-29,RISE,RISE::RISE_S013,2025-06-29,486.0000000000001,8.100000000000001,20.406529225375916,6.495293398234237,57.715675,1.8467998730195805,FALSE,,,
RISE::RISE_S016::2025-10-07,RISE,RISE::RISE_S016,2025-10-07,431,7.183333333333334,12.295595754848586,-1.6156400722930933,57.715675,1.8467998730195805,FALSE,,,
RISE::RISE_S016::2025-10-08,RISE,RISE::RISE_S016,2025-10-08,427,7.116666666666666,12.215335908797051,-1.6958999183446277,57.715675,1.8467998730195805,FALSE,,,
RISE::RISE_S016::2025-10-09,RISE,RISE::RISE_S016,2025-10-09,416.99999999999994,6.949999999999999,12.135332807037566,-1.7759030201041135,57.715675,1.8467998730195805,FALSE,,,
RISE::RISE_S016::2025-10-10,RISE,RISE::RISE_S016,2025-10-10,482.99999999999983,8.049999999999997,12.055592330296834,-1.855643496844845,57.715675,1.8467998730195805,FALSE,,,
RISE::RISE_S016::2025-10-11,RISE,RISE::RISE_S016,2025-10-11,533.9999999999999,8.899999999999999,11.976120831569036,-1.9351149955726434,57.715675,1.8467998730195805,FALSE,,,
RISE::RISE_S016::2025-10-12,RISE,RISE::RISE_S016,2025-10-12,566.0000000000002,9.433333333333337,11.896925158434444,-2.0143106687072354,57.715675,1.8467998730195805,FALSE,,,
THUAS::THUAS_S001::2025-02-23,THUAS,THUAS::THUAS_S001,2025-02-23,620.0000000000001,10.333333333333336,11.654367930557992,-2.256867896583687,52.0116,1.2763923730195805,FALSE,,,
THUAS::THUAS_S001::2025-02-24,THUAS,THUAS::THUAS_S001,2025-02-24,1037,17.283333333333335,11.717774412168398,-2.1934614149732816,52.0116,1.2763923730195805,FALSE,,,
THUAS::THUAS_S001::2025-02-25,THUAS,THUAS::THUAS_S001,2025-02-25,808.0000000000001,13.466666666666669,11.781480873823165,-2.129754953318514,52.0116,1.2763923730195805,FALSE,,,
THUAS::THUAS_S001::2025-02-26,THUAS,THUAS::THUAS_S001,2025-02-26,605.0000000000001,10.083333333333336,11.845476604236497,-2.065759222905182,52.0116,1.2763923730195805,FALSE,,,
THUAS::THUAS_S001::2025-02-27,THUAS,THUAS::THUAS_S001,2025-02-27,567.0000000000002,9.450000000000005,11.909751350416078,-2.001484476725601,52.0116,1.2763923730195805,FALSE,,,
THUAS::THUAS_S001::2025-02-28,THUAS,THUAS::THUAS_S001,2025-02-28,798.9999999999998,13.316666666666663,11.974295300576422,-1.936940526565257,52.0116,1.2763923730195805,FALSE,,,
THUAS::THUAS_S001::2025-03-02,THUAS,THUAS::THUAS_S001,2025-03-02,931.9999999999999,15.533333333333331,12.10415366133054,-1.8070821658111385,52.0116,1.2763923730195805,FALSE,,,
THUAS::THUAS_S002::2025-03-04,THUAS,THUAS::THUAS_S002,2025-03-04,498.9999999999998,8.316666666666663,12.234981320500374,-1.676254506641305,52.0116,1.2763923730195805,FALSE,,,
THUAS::THUAS_S002::2025-03-05,THUAS,THUAS::THUAS_S002,2025-03-05,569,9.483333333333333,12.300738272799386,-1.6104975543422935,52.0116,1.2763923730195805,FALSE,,,
THUAS::THUAS_S002::2025-03-06,THUAS,THUAS::THUAS_S002,2025-03-06,511.9999999999999,8.533333333333331,12.366713795595698,-1.5445220315459807,52.0116,1.2763923730195805,FALSE,,,
THUAS::THUAS_S002::2025-03-07,THUAS,THUAS::THUAS_S002,2025-03-07,541.9999999999999,9.033333333333331,12.432900649176704,-1.4783351779649756,52.0116,1.2763923730195805,FALSE,,,
THUAS::THUAS_S002::2025-03-08,THUAS,THUAS::THUAS_S002,2025-03-08,893.9999999999999,14.899999999999999,12.499291886356142,-1.4119439407855374,52.0116,1.2763923730195805,FALSE,,,
THUAS::THUAS_S003::2025-03-18,THUAS,THUAS::THUAS_S003,2025-03-18,450,7.5,13.173087510267893,-0.7381483168737866,52.0116,1.2763923730195805,FALSE,,,
THUAS::THUAS_S003::2025-03-19,THUAS,THUAS::THUAS_S003,2025-03-19,476,7.933333333333334,13.241332811580763,-0.6699030155609158,52.0116,1.2763923730195805,FALSE,,,
THUAS::THUAS_S003::2025-03-20,THUAS,THUAS::THUAS_S003,2025-03-20,489.9999999999999,8.166666666666664,13.309714924295744,-0.6015209028459356,52.0116,1.2763923730195805,FALSE,,,
THUAS::THUAS_S003::2025-03-21,THUAS,THUAS::THUAS_S003,2025-03-21,468.00000000000006,7.800000000000001,13.378228944804933,-0.5330068823367462,52.0116,1.2763923730195805,FALSE,,,
THUAS::THUAS_S003::2025-03-22,THUAS,THUAS::THUAS_S003,2025-03-22,703.0000000000001,11.716666666666669,13.446869988971287,-0.46436583817039256,52.0116,1.2763923730195805,FALSE,,,
THUAS::THUAS_S003::2025-03-23,THUAS,THUAS::THUAS_S003,2025-03-23,532,8.866666666666667,13.515633172988892,-0.3956026541527873,52.0116,1.2763923730195805,FALSE,,,
THUAS::THUAS_S005::2025-03-25,THUAS,THUAS::THUAS_S005,2025-03-25,531.0000000000001,8.850000000000001,13.653506302436194,-0.2577295247054856,52.0116,1.2763923730195805,FALSE,,,
THUAS::THUAS_S005::2025-03-26,THUAS,THUAS::THUAS_S005,2025-03-26,511.9999999999999,8.533333333333331,13.72260629620817,-0.18862953093350932,52.0116,1.2763923730195805,FALSE,,,
THUAS::THUAS_S005::2025-03-27,THUAS,THUAS::THUAS_S005,2025-03-27,480,8,13.791808485322528,-0.11942734181915071,52.0116,1.2763923730195805,FALSE,,,
THUAS::THUAS_S005::2025-03-28,THUAS,THUAS::THUAS_S005,2025-03-28,563.9999999999999,9.399999999999999,13.861107677883572,-0.05012814925810716,52.0116,1.2763923730195805,FALSE,,,
THUAS::THUAS_S005::2025-03-29,THUAS,THUAS::THUAS_S005,2025-03-29,491.0000000000002,8.183333333333337,13.930498557686805,0.01926273054512606,52.0116,1.2763923730195805,FALSE,,,
THUAS::THUAS_S005::2025-03-30,THUAS,THUAS::THUAS_S005,2025-03-30,549.9999999999999,9.166666666666664,13.9999756623639,0.08873983522222062,52.0116,1.2763923730195805,FALSE,,,
THUAS::THUAS_S006::2025-04-01,THUAS,THUAS::THUAS_S006,2025-04-01,552.0000000000002,9.200000000000005,14.13916583571169,0.2279300085700111,52.0116,1.2763923730195805,FALSE,,,
THUAS::THUAS_S006::2025-04-02,THUAS,THUAS::THUAS_S006,2025-04-02,575.0000000000001,9.583333333333336,14.208867051866319,0.29763122472463976,52.0116,1.2763923730195805,FALSE,,,
THUAS::THUAS_S006::2025-04-03,THUAS,THUAS::THUAS_S006,2025-04-03,541,9.016666666666667,14.27863074236446,0.3673949152227802,52.0116,1.2763923730195805,FALSE,,,
THUAS::THUAS_S006::2025-04-05,THUAS,THUAS::THUAS_S006,2025-04-05,578,9.633333333333333,14.418319160474672,0.5070833333329929,52.0116,1.2763923730195805,FALSE,,,
THUAS::THUAS_S006::2025-04-06,THUAS,THUAS::THUAS_S006,2025-04-06,74.00000000000006,1.2333333333333343,14.488229966627227,0.5769941394855476,52.0116,1.2763923730195805,FALSE,,,
THUAS::THUAS_S007::2025-04-08,THUAS,THUAS::THUAS_S007,2025-04-08,546.0000000000001,9.100000000000001,14.628147530357042,0.7169117032153629,52.0116,1.2763923730195805,FALSE,,,
THUAS::THUAS_S007::2025-04-09,THUAS,THUAS::THUAS_S007,2025-04-09,519.9999999999999,8.666666666666664,14.698138311372864,0.7869024842311845,52.0116,1.2763923730195805,FALSE,,,
THUAS::THUAS_S007::2025-04-10,THUAS,THUAS::THUAS_S007,2025-04-10,648.9999999999998,10.816666666666663,14.76813911543952,0.8569032882978416,52.0116,1.2763923730195805,FALSE,,,
THUAS::THUAS_S007::2025-04-12,THUAS,THUAS::THUAS_S007,2025-04-12,489.9999999999999,8.166666666666664,14.908134275078773,0.9968984479370935,52.0116,1.2763923730195805,FALSE,,,
THUAS::THUAS_S007::2025-04-13,THUAS,THUAS::THUAS_S007,2025-04-13,683,11.383333333333333,14.978109200398126,1.0668733732564473,52.0116,1.2763923730195805,FALSE,,,
THUAS::THUAS_S010::2025-06-03,THUAS,THUAS::THUAS_S010,2025-06-03,623.9999999999999,10.399999999999999,18.042194473081164,4.130958645939485,52.0116,1.2763923730195805,FALSE,,,
THUAS::THUAS_S010::2025-06-05,THUAS,THUAS::THUAS_S010,2025-06-05,523.0000000000001,8.716666666666669,18.110051562454967,4.198815735313287,52.0116,1.2763923730195805,FALSE,,,
THUAS::THUAS_S010::2025-06-06,THUAS,THUAS::THUAS_S010,2025-06-06,352,5.866666666666666,18.14129734608862,4.2300615189469415,52.0116,1.2763923730195805,FALSE,,,
THUAS::THUAS_S010::2025-06-07,THUAS,THUAS::THUAS_S010,2025-06-07,667,11.116666666666667,18.170695600642098,4.259459773500419,52.0116,1.2763923730195805,FALSE,,,
THUAS::THUAS_S010::2025-06-08,THUAS,THUAS::THUAS_S010,2025-06-08,742,12.366666666666667,18.198204170399244,4.2869683432575645,52.0116,1.2763923730195805,FALSE,,,
THUAS::THUAS_S010::2025-06-09,THUAS,THUAS::THUAS_S010,2025-06-09,548,9.133333333333333,18.223782843152684,4.312547016011004,52.0116,1.2763923730195805,FALSE,,,
THUAS::THUAS_S011::2025-05-13,THUAS,THUAS::THUAS_S011,2025-05-13,456.0000000000001,7.600000000000002,16.991607664691077,3.0803718375493983,52.0116,1.2763923730195805,FALSE,,,
THUAS::THUAS_S011::2025-05-14,THUAS,THUAS::THUAS_S011,2025-05-14,501.0000000000001,8.350000000000001,17.05210279080603,3.140866963664349,52.0116,1.2763923730195805,FALSE,,,
THUAS::THUAS_S011::2025-05-15,THUAS,THUAS::THUAS_S011,2025-05-15,480.99999999999994,8.016666666666666,17.111836332347657,3.200600505205978,52.0116,1.2763923730195805,FALSE,,,
THUAS::THUAS_S011::2025-05-16,THUAS,THUAS::THUAS_S011,2025-05-16,461.99999999999994,7.699999999999999,17.170767495963307,3.2595316688216283,52.0116,1.2763923730195805,FALSE,,,
THUAS::THUAS_S011::2025-05-17,THUAS,THUAS::THUAS_S011,2025-05-17,442,7.366666666666666,17.22885436197122,3.31761853482954,52.0116,1.2763923730195805,FALSE,,,
THUAS::THUAS_S011::2025-05-18,THUAS,THUAS::THUAS_S011,2025-05-18,626.0000000000002,10.433333333333337,17.286053916414577,3.374818089272898,52.0116,1.2763923730195805,FALSE,,,
THUAS::THUAS_S014::2025-07-08,THUAS,THUAS::THUAS_S014,2025-07-08,495.99999999999994,8.266666666666666,18.05177746653557,4.14054163939389,52.0116,1.2763923730195805,FALSE,,,
THUAS::THUAS_S014::2025-07-09,THUAS,THUAS::THUAS_S014,2025-07-09,524,8.733333333333333,18.01588496943315,4.1046491422914695,52.0116,1.2763923730195805,FALSE,,,
THUAS::THUAS_S014::2025-07-10,THUAS,THUAS::THUAS_S014,2025-07-10,543.9999999999998,9.066666666666663,17.978340305818453,4.067104478676773,52.0116,1.2763923730195805,FALSE,,,
THUAS::THUAS_S014::2025-07-11,THUAS,THUAS::THUAS_S014,2025-07-11,563.9999999999999,9.399999999999999,17.939192422562176,4.0279565954204966,52.0116,1.2763923730195805,FALSE,,,
THUAS::THUAS_S014::2025-07-12,THUAS,THUAS::THUAS_S014,2025-07-12,570,9.5,17.898490925100116,3.987255097958437,52.0116,1.2763923730195805,FALSE,,,
THUAS::THUAS_S014::2025-07-13,THUAS,THUAS::THUAS_S014,2025-07-13,560.0000000000001,9.333333333333336,17.856285890539485,3.9450500633978063,52.0116,1.2763923730195805,FALSE,,,
THUAS::THUAS_S015::2025-07-08,THUAS,THUAS::THUAS_S015,2025-07-08,557.9999999999998,9.299999999999995,18.05177746653557,4.14054163939389,52.0116,1.2763923730195805,FALSE,,,
THUAS::THUAS_S015::2025-07-09,THUAS,THUAS::THUAS_S015,2025-07-09,602.9999999999998,10.049999999999995,18.01588496943315,4.1046491422914695,52.0116,1.2763923730195805,FALSE,,,
THUAS::THUAS_S015::2025-07-10,THUAS,THUAS::THUAS_S015,2025-07-10,479.00000000000006,7.983333333333334,17.978340305818453,4.067104478676773,52.0116,1.2763923730195805,FALSE,,,
THUAS::THUAS_S015::2025-07-11,THUAS,THUAS::THUAS_S015,2025-07-11,585,9.75,17.939192422562176,4.0279565954204966,52.0116,1.2763923730195805,FALSE,,,
THUAS::THUAS_S015::2025-07-12,THUAS,THUAS::THUAS_S015,2025-07-12,548.9999999999999,9.149999999999999,17.898490925100116,3.987255097958437,52.0116,1.2763923730195805,FALSE,,,
THUAS::THUAS_S015::2025-07-13,THUAS,THUAS::THUAS_S015,2025-07-13,651.0000000000001,10.850000000000001,17.856285890539485,3.9450500633978063,52.0116,1.2763923730195805,FALSE,,,
THUAS::THUAS_S016::2025-07-08,THUAS,THUAS::THUAS_S016,2025-07-08,556,9.266666666666667,18.05177746653557,4.14054163939389,52.0116,1.2763923730195805,FALSE,,,
THUAS::THUAS_S016::2025-07-09,THUAS,THUAS::THUAS_S016,2025-07-09,542.9999999999998,9.049999999999995,18.01588496943315,4.1046491422914695,52.0116,1.2763923730195805,FALSE,,,
THUAS::THUAS_S016::2025-07-10,THUAS,THUAS::THUAS_S016,2025-07-10,543.9999999999998,9.066666666666663,17.978340305818453,4.067104478676773,52.0116,1.2763923730195805,FALSE,,,
THUAS::THUAS_S016::2025-07-11,THUAS,THUAS::THUAS_S016,2025-07-11,522.0000000000002,8.700000000000005,17.939192422562176,4.0279565954204966,52.0116,1.2763923730195805,FALSE,,,
THUAS::THUAS_S016::2025-07-12,THUAS,THUAS::THUAS_S016,2025-07-12,608,10.133333333333333,17.898490925100116,3.987255097958437,52.0116,1.2763923730195805,FALSE,,,
THUAS::THUAS_S016::2025-07-13,THUAS,THUAS::THUAS_S016,2025-07-13,586,9.766666666666667,17.856285890539485,3.9450500633978063,52.0116,1.2763923730195805,FALSE,,,
THUAS::THUAS_S017::2025-09-09,THUAS,THUAS::THUAS_S017,2025-09-09,593,9.883333333333333,14.2053072239293,0.2940713967876203,52.0116,1.2763923730195805,FALSE,,,
THUAS::THUAS_S017::2025-09-10,THUAS,THUAS::THUAS_S017,2025-09-10,506.0000000000002,8.433333333333337,14.136658898790678,0.22542307164899889,52.0116,1.2763923730195805,FALSE,,,
THUAS::THUAS_S017::2025-09-11,THUAS,THUAS::THUAS_S017,2025-09-11,510,8.5,14.068081025481224,0.15684519833954447,52.0116,1.2763923730195805,FALSE,,,
THUAS::THUAS_S017::2025-09-12,THUAS,THUAS::THUAS_S017,2025-09-12,464.00000000000006,7.733333333333334,13.99957904915015,0.08834322200847033,52.0116,1.2763923730195805,FALSE,,,
THUAS::THUAS_S017::2025-09-13,THUAS,THUAS::THUAS_S017,2025-09-13,633.9999999999998,10.566666666666663,13.931158213880327,0.019922386738647546,52.0116,1.2763923730195805,FALSE,,,
THUAS::THUAS_S017::2025-09-14,THUAS,THUAS::THUAS_S017,2025-09-14,616,10.266666666666667,13.862823584808243,-0.048412242333435884,52.0116,1.2763923730195805,FALSE,,,
THUAS::THUAS_S018::2025-09-23,THUAS,THUAS::THUAS_S018,2025-09-23,518,8.633333333333333,13.252464475962851,-0.658771351178828,52.0116,1.2763923730195805,FALSE,,,
THUAS::THUAS_S018::2025-09-24,THUAS,THUAS::THUAS_S018,2025-09-24,471.0000000000001,7.850000000000002,13.185245578487715,-0.7259902486539644,52.0116,1.2763923730195805,FALSE,,,
THUAS::THUAS_S018::2025-09-25,THUAS,THUAS::THUAS_S018,2025-09-25,493.0000000000001,8.216666666666669,13.118162540859647,-0.7930732862820324,52.0116,1.2763923730195805,FALSE,,,
THUAS::THUAS_S018::2025-09-26,THUAS,THUAS::THUAS_S018,2025-09-26,480.99999999999994,8.016666666666666,13.05121983177132,-0.8600159953703592,52.0116,1.2763923730195805,FALSE,,,
THUAS::THUAS_S018::2025-09-27,THUAS,THUAS::THUAS_S018,2025-09-27,591.0000000000001,9.850000000000001,12.984421993957625,-0.9268138331840543,52.0116,1.2763923730195805,FALSE,,,
TUM::TUM_S001::2024-05-14,TUM,TUM::TUM_S001,2024-05-14,579.9999999999999,9.666666666666664,16.407798154950143,2.496562327808464,48.1333,0.8885623730195804,FALSE,,,
TUM::TUM_S001::2024-05-15,TUM,TUM::TUM_S001,2024-05-15,480.99999999999994,8.016666666666666,16.456689239475462,2.5454534123337833,48.1333,0.8885623730195804,FALSE,,,
TUM::TUM_S001::2024-05-16,TUM,TUM::TUM_S001,2024-05-16,606.0000000000001,10.100000000000001,16.50482180317243,2.5935859760307505,48.1333,0.8885623730195804,FALSE,,,
TUM::TUM_S001::2024-05-17,TUM,TUM::TUM_S001,2024-05-17,567.0000000000002,9.450000000000005,16.552163121700286,2.6409272945586064,48.1333,0.8885623730195804,FALSE,,,
TUM::TUM_S001::2024-05-18,TUM,TUM::TUM_S001,2024-05-18,472,7.866666666666666,16.598679932951928,2.6874441058102487,48.1333,0.8885623730195804,FALSE,,,
TUM::TUM_S001::2024-05-19,TUM,TUM::TUM_S001,2024-05-19,366.0000000000001,6.100000000000002,16.64433848268456,2.733102655542881,48.1333,0.8885623730195804,FALSE,,,
TUM::TUM_S002::2024-05-28,TUM,TUM::TUM_S002,2024-05-28,14.000000000000057,0.23333333333333428,17.01090464512507,3.0996688179833907,48.1333,0.8885623730195804,FALSE,,,
TUM::TUM_S002::2024-05-29,TUM,TUM::TUM_S002,2024-05-29,479.00000000000006,7.983333333333334,17.046058657566707,3.134822830425028,48.1333,0.8885623730195804,FALSE,,,
TUM::TUM_S002::2024-05-30,TUM,TUM::TUM_S002,2024-05-30,453.00000000000006,7.550000000000001,17.079968775775697,3.168732948634018,48.1333,0.8885623730195804,FALSE,,,
TUM::TUM_S002::2024-05-31,TUM,TUM::TUM_S002,2024-05-31,602.9999999999998,10.049999999999995,17.11260074065791,3.2013649135162314,48.1333,0.8885623730195804,FALSE,,,
TUM::TUM_S002::2024-06-01,TUM,TUM::TUM_S002,2024-06-01,678.9999999999998,11.316666666666663,17.143920845124455,3.232685017982776,48.1333,0.8885623730195804,FALSE,,,
TUM::TUM_S002::2024-06-02,TUM,TUM::TUM_S002,2024-06-02,0,0,17.17389604330063,3.2626602161589506,48.1333,0.8885623730195804,FALSE,,,
TUM::TUM_S003::2024-06-04,TUM,TUM::TUM_S003,2024-06-04,781,13.016666666666667,17.229683514038722,3.318447686897043,48.1333,0.8885623730195804,FALSE,,,
TUM::TUM_S003::2024-06-05,TUM,TUM::TUM_S003,2024-06-05,623.9999999999999,10.399999999999999,17.255434011883207,3.3441981847415274,48.1333,0.8885623730195804,FALSE,,,
TUM::TUM_S003::2024-06-06,TUM,TUM::TUM_S003,2024-06-06,545.0000000000001,9.083333333333336,17.279716282222005,3.3684804550803253,48.1333,0.8885623730195804,FALSE,,,
TUM::TUM_S003::2024-06-07,TUM,TUM::TUM_S003,2024-06-07,668.9999999999999,11.149999999999999,17.30250227868557,3.39126645154389,48.1333,0.8885623730195804,FALSE,,,
TUM::TUM_S003::2024-06-08,TUM,TUM::TUM_S003,2024-06-08,671.0000000000002,11.183333333333337,17.323765294618077,3.412529467476398,48.1333,0.8885623730195804,FALSE,,,
TUM::TUM_S003::2024-06-09,TUM,TUM::TUM_S003,2024-06-09,662.9999999999998,11.049999999999995,17.343480072021485,3.432244244879806,48.1333,0.8885623730195804,FALSE,,,
TUM::TUM_S004::2024-06-11,TUM,TUM::TUM_S004,2024-06-11,485.0000000000001,8.083333333333336,17.378171757062276,3.466935929920597,48.1333,0.8885623730195804,FALSE,,,
TUM::TUM_S004::2024-06-12,TUM,TUM::TUM_S004,2024-06-12,439.99999999999994,7.333333333333332,17.393106327851612,3.481870500709933,48.1333,0.8885623730195804,FALSE,,,
TUM::TUM_S004::2024-06-13,TUM,TUM::TUM_S004,2024-06-13,608.9999999999999,10.149999999999999,17.4064081744353,3.49517234729362,48.1333,0.8885623730195804,FALSE,,,
TUM::TUM_S004::2024-06-14,TUM,TUM::TUM_S004,2024-06-14,572.9999999999998,9.549999999999995,17.4180607806974,3.5068249535557197,48.1333,0.8885623730195804,FALSE,,,
TUM::TUM_S004::2024-06-16,TUM,TUM::TUM_S004,2024-06-16,1001.0000000000002,16.683333333333337,17.436362307866414,3.525126480724735,48.1333,0.8885623730195804,FALSE,,,
TUM::TUM_S005::2024-06-18,TUM,TUM::TUM_S005,2024-06-18,415.00000000000006,6.916666666666668,17.447920072807207,3.536684245665528,48.1333,0.8885623730195804,FALSE,,,
TUM::TUM_S005::2024-06-19,TUM,TUM::TUM_S005,2024-06-19,710.0000000000001,11.833333333333336,17.451151154239973,3.539915327098294,48.1333,0.8885623730195804,FALSE,,,
TUM::TUM_S005::2024-06-20,TUM,TUM::TUM_S005,2024-06-20,644,10.733333333333333,17.452678093645307,3.541442266503628,48.1333,0.8885623730195804,FALSE,,,
TUM::TUM_S005::2024-06-21,TUM,TUM::TUM_S005,2024-06-21,1112,18.533333333333335,17.452499517268606,3.541263690126927,48.1333,0.8885623730195804,FALSE,,,
TUM::TUM_S005::2024-06-22,TUM,TUM::TUM_S005,2024-06-22,774.9999999999999,12.916666666666664,17.450616327722866,3.5393805005811867,48.1333,0.8885623730195804,FALSE,,,
TUM::TUM_S005::2024-06-23,TUM,TUM::TUM_S005,2024-06-23,30.999999999999943,0.5166666666666657,17.447031699485247,3.5357958723435683,48.1333,0.8885623730195804,FALSE,,,
TUM::TUM_S006::2024-06-25,TUM,TUM::TUM_S006,2024-06-25,556.9999999999999,9.283333333333331,17.434782080054283,3.5235462529126043,48.1333,0.8885623730195804,FALSE,,,
TUM::TUM_S006::2024-06-26,TUM,TUM::TUM_S006,2024-06-26,548.9999999999999,9.149999999999999,17.42613460249371,3.514898775352032,48.1333,0.8885623730195804,FALSE,,,
TUM::TUM_S006::2024-06-27,TUM,TUM::TUM_S006,2024-06-27,458.9999999999999,7.649999999999998,17.415820629066893,3.5045848019252137,48.1333,0.8885623730195804,FALSE,,,
TUM::TUM_S006::2024-06-28,TUM,TUM::TUM_S006,2024-06-28,476,7.933333333333334,17.403854245874616,3.4926184187329365,48.1333,0.8885623730195804,FALSE,,,
TUM::TUM_S006::2024-06-29,TUM,TUM::TUM_S006,2024-06-29,581.0000000000002,9.683333333333337,17.390251560144954,3.4790157330032745,48.1333,0.8885623730195804,FALSE,,,
TUM::TUM_S006::2024-06-30,TUM,TUM::TUM_S006,2024-06-30,650.0000000000001,10.833333333333336,17.375030625594988,3.463794798453309,48.1333,0.8885623730195804,FALSE,,,
TUM::TUM_S007::2024-07-02,TUM,TUM::TUM_S007,2024-07-02,561.0000000000001,9.350000000000001,17.339815451171663,3.428579624029984,48.1333,0.8885623730195804,FALSE,,,
TUM::TUM_S007::2024-07-03,TUM,TUM::TUM_S007,2024-07-03,877,14.616666666666667,17.319866269760663,3.4086304426189837,48.1333,0.8885623730195804,FALSE,,,
TUM::TUM_S007::2024-07-04,TUM,TUM::TUM_S007,2024-07-04,909.9999999999999,15.166666666666664,17.298388759096465,3.3871529319547857,48.1333,0.8885623730195804,FALSE,,,
TUM::TUM_S007::2024-07-05,TUM,TUM::TUM_S007,2024-07-05,927.0000000000002,15.450000000000005,17.275409334103266,3.3641735069615866,48.1333,0.8885623730195804,FALSE,,,
TUM::TUM_S007::2024-07-06,TUM,TUM::TUM_S007,2024-07-06,868.0000000000001,14.466666666666669,17.250955771075354,3.339719943933675,48.1333,0.8885623730195804,FALSE,,,
TUM::TUM_S007::2024-07-07,TUM,TUM::TUM_S007,2024-07-07,762.0000000000002,12.700000000000005,17.225057096150188,3.3138212690085087,48.1333,0.8885623730195804,FALSE,,,
TUM::TUM_S008::2024-07-09,TUM,TUM::TUM_S008,2024-07-09,360.99999999999994,6.016666666666666,17.169046083688738,3.2578102565470584,48.1333,0.8885623730195804,FALSE,,,
TUM::TUM_S008::2024-07-10,TUM,TUM::TUM_S008,2024-07-10,428.9999999999999,7.149999999999998,17.138997023701666,3.227761196559987,48.1333,0.8885623730195804,FALSE,,,
TUM::TUM_S008::2024-07-11,TUM,TUM::TUM_S008,2024-07-11,439.99999999999994,7.333333333333332,17.10762917962339,3.196393352481712,48.1333,0.8885623730195804,FALSE,,,
TUM::TUM_S008::2024-07-12,TUM,TUM::TUM_S008,2024-07-12,427,7.116666666666666,17.074976120856075,3.1637402937143957,48.1333,0.8885623730195804,FALSE,,,
TUM::TUM_S008::2024-07-13,TUM,TUM::TUM_S008,2024-07-13,494.00000000000006,8.233333333333334,17.041071989602514,3.129836162460835,48.1333,0.8885623730195804,FALSE,,,
TUM::TUM_S008::2024-07-14,TUM,TUM::TUM_S008,2024-07-14,358.0000000000001,5.966666666666669,17.005951392915513,3.094715565773834,48.1333,0.8885623730195804,FALSE,,,
TUM::TUM_S009::2024-07-16,TUM,TUM::TUM_S009,2024-07-16,644,10.733333333333333,16.932200935615434,3.0209651084737548,48.1333,0.8885623730195804,FALSE,,,
TUM::TUM_S009::2024-07-17,TUM,TUM::TUM_S009,2024-07-17,626.0000000000002,10.433333333333337,16.89364169617494,2.9824058690332595,48.1333,0.8885623730195804,FALSE,,,
TUM::TUM_S009::2024-07-18,TUM,TUM::TUM_S009,2024-07-18,539,8.983333333333333,16.85400704509682,2.9427712179551424,48.1333,0.8885623730195804,FALSE,,,
TUM::TUM_S009::2024-07-19,TUM,TUM::TUM_S009,2024-07-19,479.00000000000006,7.983333333333334,16.813332432177333,2.902096605035654,48.1333,0.8885623730195804,FALSE,,,
TUM::TUM_S009::2024-07-20,TUM,TUM::TUM_S009,2024-07-20,525,8.75,16.77165320912997,2.86041738198829,48.1333,0.8885623730195804,FALSE,,,
TUM::TUM_S009::2024-07-21,TUM,TUM::TUM_S009,2024-07-21,371.99999999999994,6.199999999999999,16.729004553026623,2.817768725884944,48.1333,0.8885623730195804,FALSE,,,
TUM::TUM_S010::2024-07-23,TUM,TUM::TUM_S010,2024-07-23,592,9.866666666666667,16.640938344730273,2.729702517588594,48.1333,0.8885623730195804,FALSE,,,
TUM::TUM_S010::2024-07-24,TUM,TUM::TUM_S010,2024-07-24,645,10.75,16.595589646233453,2.6843538190917737,48.1333,0.8885623730195804,FALSE,,,
TUM::TUM_S010::2024-07-25,TUM,TUM::TUM_S010,2024-07-25,624.9999999999999,10.416666666666664,16.54940910299619,2.638173275854511,48.1333,0.8885623730195804,FALSE,,,
TUM::TUM_S010::2024-07-26,TUM,TUM::TUM_S010,2024-07-26,716.0000000000002,11.933333333333337,16.502430035074553,2.5911942079328742,48.1333,0.8885623730195804,FALSE,,,
TUM::TUM_S010::2024-07-27,TUM,TUM::TUM_S010,2024-07-27,489.9999999999999,8.166666666666664,16.454685231116084,2.543449403974405,48.1333,0.8885623730195804,FALSE,,,
TUM::TUM_S010::2024-07-28,TUM,TUM::TUM_S010,2024-07-28,872.9999999999998,14.549999999999995,16.40620690557692,2.49497107843524,48.1333,0.8885623730195804,FALSE,,,
UCR::UCR_S001::2025-06-17,UCR,UCR::UCR_S001,2025-06-17,420,7,13.473499963151085,-0.4377358639905946,9.9372,-2.931047626980419,FALSE,,,
UCR::UCR_S001::2025-06-18,UCR,UCR::UCR_S001,2025-06-18,413.9999999999999,6.899999999999998,13.474199655519591,-0.4370361716220881,9.9372,-2.931047626980419,FALSE,,,
UCR::UCR_S001::2025-06-19,UCR,UCR::UCR_S001,2025-06-19,418.0000000000001,6.966666666666669,13.474654420481787,-0.43658140665989187,9.9372,-2.931047626980419,FALSE,,,
UCR::UCR_S001::2025-06-22,UCR,UCR::UCR_S001,2025-06-22,488,8.133333333333333,13.474547087020344,-0.4366887401213351,9.9372,-2.931047626980419,FALSE,,,
UCR::UCR_S002::2025-06-17,UCR,UCR::UCR_S002,2025-06-17,434.00000000000006,7.233333333333334,13.473499963151085,-0.4377358639905946,9.9372,-2.931047626980419,FALSE,,,
UCR::UCR_S002::2025-06-18,UCR,UCR::UCR_S002,2025-06-18,488,8.133333333333333,13.474199655519591,-0.4370361716220881,9.9372,-2.931047626980419,FALSE,,,
UCR::UCR_S002::2025-06-19,UCR,UCR::UCR_S002,2025-06-19,364.99999999999994,6.083333333333332,13.474654420481787,-0.43658140665989187,9.9372,-2.931047626980419,FALSE,,,
UCR::UCR_S002::2025-06-20,UCR,UCR::UCR_S002,2025-06-20,531.0000000000001,8.850000000000001,13.474863940808508,-0.4363718863331716,9.9372,-2.931047626980419,FALSE,,,
UCR::UCR_S002::2025-06-21,UCR,UCR::UCR_S002,2025-06-21,446,7.433333333333334,13.47482812086741,-0.4364077062742684,9.9372,-2.931047626980419,FALSE,,,
UCR::UCR_S002::2025-06-22,UCR,UCR::UCR_S002,2025-06-22,491.0000000000002,8.183333333333337,13.474547087020344,-0.4366887401213351,9.9372,-2.931047626980419,FALSE,,,
UCR::UCR_S003::2025-06-17,UCR,UCR::UCR_S003,2025-06-17,597.0000000000002,9.950000000000005,13.473499963151085,-0.4377358639905946,9.9372,-2.931047626980419,FALSE,,,
UCR::UCR_S003::2025-06-18,UCR,UCR::UCR_S003,2025-06-18,602.9999999999998,10.049999999999995,13.474199655519591,-0.4370361716220881,9.9372,-2.931047626980419,FALSE,,,
UCR::UCR_S003::2025-06-19,UCR,UCR::UCR_S003,2025-06-19,556.9999999999999,9.283333333333331,13.474654420481787,-0.43658140665989187,9.9372,-2.931047626980419,FALSE,,,
UCR::UCR_S003::2025-06-22,UCR,UCR::UCR_S003,2025-06-22,663.9999999999998,11.066666666666663,13.474547087020344,-0.4366887401213351,9.9372,-2.931047626980419,FALSE,,,
UCR::UCR_S004::2025-06-24,UCR,UCR::UCR_S004,2025-06-24,368.9999999999999,6.149999999999998,13.473250989052984,-0.4379848380886955,9.9372,-2.931047626980419,FALSE,,,
UCR::UCR_S004::2025-06-25,UCR,UCR::UCR_S004,2025-06-25,374.00000000000006,6.233333333333334,13.472237280209859,-0.4389985469318205,9.9372,-2.931047626980419,FALSE,,,
UCR::UCR_S004::2025-06-26,UCR,UCR::UCR_S004,2025-06-26,479.00000000000006,7.983333333333334,13.470981064306365,-0.4402547628353144,9.9372,-2.931047626980419,FALSE,,,
UCR::UCR_S004::2025-06-27,UCR,UCR::UCR_S004,2025-06-27,456.0000000000001,7.600000000000002,13.469483559065395,-0.441752268076284,9.9372,-2.931047626980419,FALSE,,,
UCR::UCR_S004::2025-06-28,UCR,UCR::UCR_S004,2025-06-28,652,10.866666666666667,13.467746192746691,-0.4434896343949877,9.9372,-2.931047626980419,FALSE,,,
UCR::UCR_S004::2025-06-29,UCR,UCR::UCR_S004,2025-06-29,598.0000000000001,9.966666666666669,13.465770600769256,-0.4454652263724235,9.9372,-2.931047626980419,FALSE,,,
UCR::UCR_S005::2025-06-24,UCR,UCR::UCR_S005,2025-06-24,623,10.383333333333333,13.473250989052984,-0.4379848380886955,9.9372,-2.931047626980419,FALSE,,,
UCR::UCR_S005::2025-06-25,UCR,UCR::UCR_S005,2025-06-25,554,9.233333333333333,13.472237280209859,-0.4389985469318205,9.9372,-2.931047626980419,FALSE,,,
UCR::UCR_S005::2025-06-26,UCR,UCR::UCR_S005,2025-06-26,540,9,13.470981064306365,-0.4402547628353144,9.9372,-2.931047626980419,FALSE,,,
UCR::UCR_S005::2025-06-29,UCR,UCR::UCR_S005,2025-06-29,552.0000000000002,9.200000000000005,13.465770600769256,-0.4454652263724235,9.9372,-2.931047626980419,FALSE,,,
UCR::UCR_S006::2025-06-24,UCR,UCR::UCR_S006,2025-06-24,483.9999999999998,8.066666666666663,13.473250989052984,-0.4379848380886955,9.9372,-2.931047626980419,FALSE,,,
UCR::UCR_S006::2025-06-25,UCR,UCR::UCR_S006,2025-06-25,409,6.816666666666666,13.472237280209859,-0.4389985469318205,9.9372,-2.931047626980419,FALSE,,,
UCR::UCR_S006::2025-06-26,UCR,UCR::UCR_S006,2025-06-26,431.99999999999994,7.199999999999999,13.470981064306365,-0.4402547628353144,9.9372,-2.931047626980419,FALSE,,,
UCR::UCR_S006::2025-06-27,UCR,UCR::UCR_S006,2025-06-27,461.99999999999994,7.699999999999999,13.469483559065395,-0.441752268076284,9.9372,-2.931047626980419,FALSE,,,
UCR::UCR_S006::2025-06-28,UCR,UCR::UCR_S006,2025-06-28,624.9999999999999,10.416666666666664,13.467746192746691,-0.4434896343949877,9.9372,-2.931047626980419,FALSE,,,
UCR::UCR_S006::2025-06-29,UCR,UCR::UCR_S006,2025-06-29,540,9,13.465770600769256,-0.4454652263724235,9.9372,-2.931047626980419,FALSE,,,
