panel,model_row_id,site,participant_key,x,y
residual_fitted,BAUA::BAUA_S001::2025-06-11,BAUA,BAUA::BAUA_S001,0.848277097044328,0.3193965784517085
residual_fitted,BAUA::BAUA_S001::2025-06-13,BAUA,BAUA::BAUA_S001,0.8491933982477147,0.570022648414255
residual_fitted,BAUA::BAUA_S001::2025-06-14,BAUA,BAUA::BAUA_S001,0.849574215081291,-0.23398830084529101
residual_fitted,BAUA::BAUA_S002::2025-06-11,BAUA,BAUA::BAUA_S002,0.8323659460537469,0.170661785778519
residual_fitted,BAUA::BAUA_S002::2025-06-12,BAUA,BAUA::BAUA_S002,0.8328496569477862,0.27410316704051885
residual_fitted,BAUA::BAUA_S002::2025-06-13,BAUA,BAUA::BAUA_S002,0.8332822472571336,0.48371592993449364
residual_fitted,BAUA::BAUA_S002::2025-06-14,BAUA,BAUA::BAUA_S002,0.83366306409071,-0.9977293390310145
residual_fitted,BAUA::BAUA_S002::2025-06-15,BAUA,BAUA::BAUA_S002,0.8339915286193665,0.3529195916909762
residual_fitted,BAUA::BAUA_S002::2025-06-16,BAUA,BAUA::BAUA_S002,0.8342671395009387,0.16542944051961106
residual_fitted,BAUA::BAUA_S003::2025-06-12,BAUA,BAUA::BAUA_S003,0.6938137635772927,0.6956498958027821
residual_fitted,BAUA::BAUA_S003::2025-06-14,BAUA,BAUA::BAUA_S003,0.6946271707202165,-0.30788306432554413
residual_fitted,BAUA::BAUA_S003::2025-06-15,BAUA,BAUA::BAUA_S003,0.694955635248873,-0.49066967587785626
residual_fitted,BAUA::BAUA_S003::2025-06-16,BAUA,BAUA::BAUA_S003,0.6952312461304452,-1.2509663692718411
residual_fitted,BAUA::BAUA_S004::2025-06-11,BAUA,BAUA::BAUA_S004,0.8493409173691113,0.18771125827761617
residual_fitted,BAUA::BAUA_S004::2025-06-12,BAUA,BAUA::BAUA_S004,0.8498246282631506,-0.025316767511460454
residual_fitted,BAUA::BAUA_S004::2025-06-13,BAUA,BAUA::BAUA_S004,0.850257218572498,-0.02978822629029108
residual_fitted,BAUA::BAUA_S004::2025-06-14,BAUA,BAUA::BAUA_S004,0.8506380354060744,0.5366199187309533
residual_fitted,BAUA::BAUA_S005::2025-06-12,BAUA,BAUA::BAUA_S005,0.7511623772581272,0.2717623906796873
residual_fitted,BAUA::BAUA_S005::2025-06-13,BAUA,BAUA::BAUA_S005,0.7515949675674746,-0.8819544470674545
residual_fitted,BAUA::BAUA_S006::2025-06-11,BAUA,BAUA::BAUA_S006,0.8624111581275973,0.24819258723542365
residual_fitted,BAUA::BAUA_S006::2025-06-13,BAUA,BAUA::BAUA_S006,0.863327459330984,0.5905239963216657
residual_fitted,BAUA::BAUA_S009::2025-06-25,BAUA,BAUA::BAUA_S009,0.8835510931440677,0.9424682570403294
residual_fitted,BAUA::BAUA_S009::2025-06-26,BAUA,BAUA::BAUA_S009,0.8832891714273371,-0.5640711518298517
residual_fitted,BAUA::BAUA_S009::2025-06-27,BAUA,BAUA::BAUA_S009,0.8829745044353731,-0.38188509638200224
residual_fitted,BAUA::BAUA_S009::2025-06-28,BAUA,BAUA::BAUA_S009,0.8826076118434585,-0.12056374469627965
residual_fitted,BAUA::BAUA_S009::2025-06-29,BAUA,BAUA::BAUA_S009,0.8821890901471707,0.5114105042282949
residual_fitted,BAUA::BAUA_S009::2025-06-30,BAUA,BAUA::BAUA_S009,0.8817196091762569,0.70005108437462
residual_fitted,BAUA::BAUA_S012::2025-07-20,BAUA,BAUA::BAUA_S012,0.8002848288615141,0.2725692111188761
residual_fitted,BAUA::BAUA_S013::2025-07-16,BAUA,BAUA::BAUA_S013,0.7461773812669745,-0.36299939604187864
residual_fitted,BAUA::BAUA_S013::2025-07-17,BAUA,BAUA::BAUA_S013,0.7449936067760095,-0.14590344607285466
residual_fitted,BAUA::BAUA_S013::2025-07-18,BAUA,BAUA::BAUA_S013,0.7437783382678562,0.3158190849767106
residual_fitted,BAUA::BAUA_S013::2025-07-19,BAUA,BAUA::BAUA_S013,0.7425327838724458,0.13753392338238382
residual_fitted,BAUA::BAUA_S013::2025-07-20,BAUA,BAUA::BAUA_S013,0.7412581400687552,0.1189801693639742
residual_fitted,BAUA::BAUA_S013::2025-07-21,BAUA,BAUA::BAUA_S013,0.7399555891249234,-0.556298984411038
residual_fitted,BAUA::BAUA_S014::2025-07-17,BAUA,BAUA::BAUA_S014,0.8067681394058173,0.364769672305722
residual_fitted,BAUA::BAUA_S014::2025-07-18,BAUA,BAUA::BAUA_S014,0.8055528708976641,-0.15018771067953618
residual_fitted,BAUA::BAUA_S014::2025-07-20,BAUA,BAUA::BAUA_S014,0.8030326726985632,0.11540301960209685
residual_fitted,BAUA::BAUA_S014::2025-07-21,BAUA,BAUA::BAUA_S014,0.8017301217547312,-0.021782673470462397
residual_fitted,BAUA::BAUA_S015::2025-07-24,BAUA,BAUA::BAUA_S015,0.7261402210413503,-0.5218583103373188
residual_fitted,BAUA::BAUA_S015::2025-07-26,BAUA,BAUA::BAUA_S015,0.7233125028129532,-0.09746878405717486
residual_fitted,BAUA::BAUA_S016::2025-07-23,BAUA,BAUA::BAUA_S016,0.6831445168132444,-0.5003896528587027
residual_fitted,BAUA::BAUA_S016::2025-07-25,BAUA,BAUA::BAUA_S016,0.6803624444342538,0.6504904902673759
residual_fitted,BAUA::BAUA_S016::2025-07-26,BAUA,BAUA::BAUA_S016,0.6789374440744141,-0.798231407142137
residual_fitted,BAUA::BAUA_S016::2025-07-27,BAUA,BAUA::BAUA_S016,0.6774912173004745,-0.6848304528732282
residual_fitted,BAUA::BAUA_S016::2025-07-28,BAUA,BAUA::BAUA_S016,0.6760247943736278,0.13819338276712592
residual_fitted,BAUA::BAUA_S018::2025-09-10,BAUA,BAUA::BAUA_S018,0.7054955302315771,0.1739958092417699
residual_fitted,BAUA::BAUA_S018::2025-09-12,BAUA,BAUA::BAUA_S018,0.7020517297406582,0.27898654333035605
residual_fitted,BAUA::BAUA_S018::2025-09-13,BAUA,BAUA::BAUA_S018,0.7003326261032248,0.457746411127065
residual_fitted,BAUA::BAUA_S018::2025-09-14,BAUA,BAUA::BAUA_S018,0.6986155669927142,-0.7687726918323967
residual_fitted,BAUA::BAUA_S022::2025-09-24,BAUA,BAUA::BAUA_S022,0.6613411822922546,0.14000482600829628
residual_fitted,BAUA::BAUA_S022::2025-09-25,BAUA,BAUA::BAUA_S022,0.6596546448854568,-0.8668410420792612
residual_fitted,BAUA::BAUA_S022::2025-09-26,BAUA,BAUA::BAUA_S022,0.6579715838718225,-0.378697730283915
residual_fitted,BAUA::BAUA_S022::2025-09-27,BAUA,BAUA::BAUA_S022,0.6562921187448761,0.6433368551806659
residual_fitted,BAUA::BAUA_S022::2025-09-28,BAUA,BAUA::BAUA_S022,0.6546163712374049,0.8291747991149649
residual_fitted,BAUA::BAUA_S022::2025-09-29,BAUA,BAUA::BAUA_S022,0.6529444657794903,-0.4875316137579872
residual_fitted,BAUA::BAUA_S024::2025-10-14,BAUA,BAUA::BAUA_S024,0.624069836116747,-0.3475864789821922
residual_fitted,BAUA::BAUA_S024::2025-10-15,BAUA,BAUA::BAUA_S024,0.6224803139092117,-1.0056386000987765
residual_fitted,BAUA::BAUA_S024::2025-10-17,BAUA,BAUA::BAUA_S024,0.6193219683090204,-0.05518862119931545
residual_fitted,BAUA::BAUA_S024::2025-10-18,BAUA,BAUA::BAUA_S024,0.6177536588815266,0.4262495454856112
residual_fitted,BAUA::BAUA_S024::2025-10-19,BAUA,BAUA::BAUA_S024,0.6161929535944899,0.8051318353051227
residual_fitted,BAUA::BAUA_S025::2025-10-14,BAUA,BAUA::BAUA_S025,0.6489803872860547,0.2973767463673554
residual_fitted,BAUA::BAUA_S025::2025-10-15,BAUA,BAUA::BAUA_S025,0.6473908650785193,-0.0852448383402
residual_fitted,BAUA::BAUA_S025::2025-10-17,BAUA,BAUA::BAUA_S025,0.644232519478328,0.1484278839610624
residual_fitted,BAUA::BAUA_S025::2025-10-18,BAUA,BAUA::BAUA_S025,0.6426642100508342,-0.2145606257807393
residual_fitted,FUSPCEU::FUSPCEU_S003::2024-10-08,FUSPCEU,FUSPCEU::FUSPCEU_S003,0.6707683891669656,-0.34651124449243564
residual_fitted,FUSPCEU::FUSPCEU_S003::2024-10-09,FUSPCEU,FUSPCEU::FUSPCEU_S003,0.6696714779301128,-0.1993871502005193
residual_fitted,FUSPCEU::FUSPCEU_S003::2024-10-10,FUSPCEU,FUSPCEU::FUSPCEU_S003,0.6685785854478163,-0.04644718870708564
residual_fitted,FUSPCEU::FUSPCEU_S003::2024-10-11,FUSPCEU,FUSPCEU::FUSPCEU_S003,0.6674898814748781,-0.106461379425584
residual_fitted,FUSPCEU::FUSPCEU_S003::2024-10-12,FUSPCEU,FUSPCEU::FUSPCEU_S003,0.6664055406314078,-0.2056424181036329
residual_fitted,FUSPCEU::FUSPCEU_S003::2024-10-13,FUSPCEU,FUSPCEU::FUSPCEU_S003,0.665325742652196,0.4685785882993491
residual_fitted,FUSPCEU::FUSPCEU_S004::2024-10-08,FUSPCEU,FUSPCEU::FUSPCEU_S004,0.7283057879238034,-0.7626781984713059
residual_fitted,FUSPCEU::FUSPCEU_S004::2024-10-09,FUSPCEU,FUSPCEU::FUSPCEU_S004,0.7272088766869507,-0.35847862478723247
residual_fitted,FUSPCEU::FUSPCEU_S004::2024-10-13,FUSPCEU,FUSPCEU::FUSPCEU_S004,0.7228631414090338,1.4314112880442393
residual_fitted,FUSPCEU::FUSPCEU_S005::2024-10-15,FUSPCEU,FUSPCEU::FUSPCEU_S005,0.7238759532732011,0.0192805267908301
residual_fitted,FUSPCEU::FUSPCEU_S005::2024-10-17,FUSPCEU,FUSPCEU::FUSPCEU_S005,0.72175119951205,0.331926228810617
residual_fitted,FUSPCEU::FUSPCEU_S006::2024-10-15,FUSPCEU,FUSPCEU::FUSPCEU_S006,0.7142289996409016,-0.4611836860688843
residual_fitted,FUSPCEU::FUSPCEU_S006::2024-10-16,FUSPCEU,FUSPCEU::FUSPCEU_S006,0.7131639637168471,-0.24686881257460958
residual_fitted,FUSPCEU::FUSPCEU_S006::2024-10-17,FUSPCEU,FUSPCEU::FUSPCEU_S006,0.7121042458797505,-0.2759044930878643
residual_fitted,FUSPCEU::FUSPCEU_S006::2024-10-18,FUSPCEU,FUSPCEU::FUSPCEU_S006,0.711050055215713,-0.04340107351084094
residual_fitted,FUSPCEU::FUSPCEU_S006::2024-10-19,FUSPCEU,FUSPCEU::FUSPCEU_S006,0.7100016073759472,1.2534664340953172
residual_fitted,FUSPCEU::FUSPCEU_S007::2024-10-22,FUSPCEU,FUSPCEU::FUSPCEU_S007,0.6377007430279804,-0.10809980296548648
residual_fitted,FUSPCEU::FUSPCEU_S007::2024-10-23,FUSPCEU,FUSPCEU::FUSPCEU_S007,0.6366775616315665,-0.6904606096725453
residual_fitted,FUSPCEU::FUSPCEU_S007::2024-10-24,FUSPCEU,FUSPCEU::FUSPCEU_S007,0.6356613069374577,-0.026393924862068107
residual_fitted,FUSPCEU::FUSPCEU_S007::2024-10-25,FUSPCEU,FUSPCEU::FUSPCEU_S007,0.6346522380860701,-0.11361197926351388
residual_fitted,FUSPCEU::FUSPCEU_S007::2024-10-26,FUSPCEU,FUSPCEU::FUSPCEU_S007,0.6336506220264019,0.2404996447463392
residual_fitted,FUSPCEU::FUSPCEU_S007::2024-10-27,FUSPCEU,FUSPCEU::FUSPCEU_S007,0.6326567336347815,0.026913834402018205
residual_fitted,FUSPCEU::FUSPCEU_S008::2024-10-22,FUSPCEU,FUSPCEU::FUSPCEU_S008,0.6118376375975105,0.19262128115182037
residual_fitted,FUSPCEU::FUSPCEU_S008::2024-10-23,FUSPCEU,FUSPCEU::FUSPCEU_S008,0.6108144562010966,-0.09605600602543879
residual_fitted,FUSPCEU::FUSPCEU_S008::2024-10-24,FUSPCEU,FUSPCEU::FUSPCEU_S008,0.6097982015069878,0.25045281840436867
residual_fitted,FUSPCEU::FUSPCEU_S008::2024-10-25,FUSPCEU,FUSPCEU::FUSPCEU_S008,0.6087891326556002,-0.4375463503221768
residual_fitted,FUSPCEU::FUSPCEU_S008::2024-10-26,FUSPCEU,FUSPCEU::FUSPCEU_S008,0.607787516595932,0.7463505845741649
residual_fitted,FUSPCEU::FUSPCEU_S008::2024-10-27,FUSPCEU,FUSPCEU::FUSPCEU_S008,0.6067936282043116,-1.6623590481214505
residual_fitted,FUSPCEU::FUSPCEU_S009::2024-11-04,FUSPCEU,FUSPCEU::FUSPCEU_S009,0.6385750949166591,-0.005511522568935923
residual_fitted,FUSPCEU::FUSPCEU_S009::2024-11-05,FUSPCEU,FUSPCEU::FUSPCEU_S009,0.6376644642025613,-0.329313404128966
residual_fitted,FUSPCEU::FUSPCEU_S009::2024-11-06,FUSPCEU,FUSPCEU::FUSPCEU_S009,0.6367647564627841,0.006159497054832018
residual_fitted,FUSPCEU::FUSPCEU_S009::2024-11-07,FUSPCEU,FUSPCEU::FUSPCEU_S009,0.6358763351432966,0.13257791254636292
residual_fitted,FUSPCEU::FUSPCEU_S009::2024-11-09,FUSPCEU,FUSPCEU::FUSPCEU_S009,0.6341348426546739,-0.10935833054959614
residual_fitted,FUSPCEU::FUSPCEU_S009::2024-11-10,FUSPCEU,FUSPCEU::FUSPCEU_S009,0.6332825347196989,-0.18992243987648802
residual_fitted,FUSPCEU::FUSPCEU_S010::2024-11-04,FUSPCEU,FUSPCEU::FUSPCEU_S010,0.7378833928579974,-0.03412600904427565
residual_fitted,FUSPCEU::FUSPCEU_S010::2024-11-05,FUSPCEU,FUSPCEU::FUSPCEU_S010,0.7369727621438996,-0.3024274089318481
residual_fitted,FUSPCEU::FUSPCEU_S010::2024-11-06,FUSPCEU,FUSPCEU::FUSPCEU_S010,0.7360730544041224,1.2866413394485368
residual_fitted,FUSPCEU::FUSPCEU_S010::2024-11-07,FUSPCEU,FUSPCEU::FUSPCEU_S010,0.7351846330846349,-0.15766025426097663
residual_fitted,FUSPCEU::FUSPCEU_S011::2024-11-12,FUSPCEU,FUSPCEU::FUSPCEU_S011,0.6724147580894342,0.7724382162966773
residual_fitted,FUSPCEU::FUSPCEU_S011::2024-11-13,FUSPCEU,FUSPCEU::FUSPCEU_S011,0.671602086927821,0.33855576353151773
residual_fitted,FUSPCEU::FUSPCEU_S011::2024-11-14,FUSPCEU,FUSPCEU::FUSPCEU_S011,0.6708034392733839,-0.31624844270668867
residual_fitted,FUSPCEU::FUSPCEU_S011::2024-11-16,FUSPCEU,FUSPCEU::FUSPCEU_S011,0.6692498760803144,-0.30960757755801893
residual_fitted,FUSPCEU::FUSPCEU_S011::2024-11-17,FUSPCEU,FUSPCEU::FUSPCEU_S011,0.6684958018718382,-0.45145171628857417
residual_fitted,FUSPCEU::FUSPCEU_S012::2024-12-03,FUSPCEU,FUSPCEU::FUSPCEU_S012,0.6782561300872292,-0.02176644962778568
residual_fitted,FUSPCEU::FUSPCEU_S012::2024-12-04,FUSPCEU,FUSPCEU::FUSPCEU_S012,0.6778266477664657,-0.6060467925711448
residual_fitted,FUSPCEU::FUSPCEU_S012::2024-12-05,FUSPCEU,FUSPCEU::FUSPCEU_S012,0.6774198343337036,0.2855989086872125
residual_fitted,FUSPCEU::FUSPCEU_S012::2024-12-08,FUSPCEU,FUSPCEU::FUSPCEU_S012,0.6763387322755308,0.6274563914050322
residual_fitted,FUSPCEU::FUSPCEU_S013::2024-11-19,FUSPCEU,FUSPCEU::FUSPCEU_S013,0.7326348672519145,0.026777112768578318
residual_fitted,FUSPCEU::FUSPCEU_S013::2024-11-22,FUSPCEU,FUSPCEU::FUSPCEU_S013,0.7305692698525318,0.4936236962470112
residual_fitted,FUSPCEU::FUSPCEU_S013::2024-11-23,FUSPCEU,FUSPCEU::FUSPCEU_S013,0.7299158798232848,0.3639594652433441
residual_fitted,FUSPCEU::FUSPCEU_S014::2024-11-21,FUSPCEU,FUSPCEU::FUSPCEU_S014,0.7243536791320154,-0.13471325364939815
residual_fitted,FUSPCEU::FUSPCEU_S014::2024-11-23,FUSPCEU,FUSPCEU::FUSPCEU_S014,0.723029040066633,0.6841373499968207
residual_fitted,FUSPCEU::FUSPCEU_S014::2024-11-24,FUSPCEU,FUSPCEU::FUSPCEU_S014,0.7223939393831389,0.24563000145526123
residual_fitted,FUSPCEU::FUSPCEU_S015::2024-11-26,FUSPCEU,FUSPCEU::FUSPCEU_S015,0.7470260369178255,1.4004147853034845
residual_fitted,FUSPCEU::FUSPCEU_S015::2024-11-27,FUSPCEU,FUSPCEU::FUSPCEU_S015,0.7464483602750388,-0.2435144349712539
residual_fitted,FUSPCEU::FUSPCEU_S015::2024-11-28,FUSPCEU,FUSPCEU::FUSPCEU_S015,0.7458906636335046,-0.015301049235767573
residual_fitted,FUSPCEU::FUSPCEU_S015::2024-11-30,FUSPCEU,FUSPCEU::FUSPCEU_S015,0.7448368442325,-0.17987842611440213
residual_fitted,FUSPCEU::FUSPCEU_S015::2024-12-01,FUSPCEU,FUSPCEU::FUSPCEU_S015,0.7443415199518333,0.16849167215260538
residual_fitted,FUSPCEU::FUSPCEU_S016::2024-11-26,FUSPCEU,FUSPCEU::FUSPCEU_S016,0.7113042650062184,0.30348575673432754
residual_fitted,FUSPCEU::FUSPCEU_S016::2024-11-29,FUSPCEU,FUSPCEU::FUSPCEU_S016,0.7096315852942551,1.3389965696652695
residual_fitted,FUSPCEU::FUSPCEU_S016::2024-11-30,FUSPCEU,FUSPCEU::FUSPCEU_S016,0.7091150723208928,-0.4119885425596867
residual_fitted,FUSPCEU::FUSPCEU_S016::2024-12-01,FUSPCEU,FUSPCEU::FUSPCEU_S016,0.7086197480402261,-0.5635089258041054
residual_fitted,FUSPCEU::FUSPCEU_S017::2024-12-03,FUSPCEU,FUSPCEU::FUSPCEU_S017,0.6478568507119641,0.17931121679099926
residual_fitted,FUSPCEU::FUSPCEU_S017::2024-12-04,FUSPCEU,FUSPCEU::FUSPCEU_S017,0.6474273683912006,-0.0846215708524062
residual_fitted,FUSPCEU::FUSPCEU_S017::2024-12-06,FUSPCEU,FUSPCEU::FUSPCEU_S017,0.6466367500997083,0.6999428183787876
residual_fitted,FUSPCEU::FUSPCEU_S017::2024-12-08,FUSPCEU,FUSPCEU::FUSPCEU_S017,0.6459394529002657,-0.9035978374025719
residual_fitted,FUSPCEU::FUSPCEU_S018::2024-12-10,FUSPCEU,FUSPCEU::FUSPCEU_S018,0.5739247782833072,1.0621126435756048
residual_fitted,FUSPCEU::FUSPCEU_S018::2024-12-11,FUSPCEU,FUSPCEU::FUSPCEU_S018,0.5736605810596672,-0.4451432115872558
residual_fitted,FUSPCEU::FUSPCEU_S018::2024-12-12,FUSPCEU,FUSPCEU::FUSPCEU_S018,0.5734210991390574,-0.5619303413915953
residual_fitted,FUSPCEU::FUSPCEU_S018::2024-12-14,FUSPCEU,FUSPCEU::FUSPCEU_S018,0.5730171441951689,-0.4510987691631278
residual_fitted,FUSPCEU::FUSPCEU_S018::2024-12-15,FUSPCEU,FUSPCEU::FUSPCEU_S018,0.5728530512036739,-0.6389664778172738
residual_fitted,FUSPCEU::FUSPCEU_S019::2024-12-11,FUSPCEU,FUSPCEU::FUSPCEU_S019,0.6322936143179968,0.0291601121947777
residual_fitted,FUSPCEU::FUSPCEU_S019::2024-12-12,FUSPCEU,FUSPCEU::FUSPCEU_S019,0.632054132397387,-0.04888900721917228
residual_fitted,FUSPCEU::FUSPCEU_S019::2024-12-13,FUSPCEU,FUSPCEU::FUSPCEU_S019,0.6318395866050751,-0.25496419142307164
residual_fitted,FUSPCEU::FUSPCEU_S020::2025-01-21,FUSPCEU,FUSPCEU::FUSPCEU_S020,0.6527945299249099,-0.42714242895550697
residual_fitted,FUSPCEU::FUSPCEU_S020::2025-01-22,FUSPCEU,FUSPCEU::FUSPCEU_S020,0.6535125647208937,-0.6351978800572128
residual_fitted,FUSPCEU::FUSPCEU_S020::2025-01-24,FUSPCEU,FUSPCEU::FUSPCEU_S020,0.6549987158625201,-0.34794552626501657
residual_fitted,FUSPCEU::FUSPCEU_S020::2025-01-25,FUSPCEU,FUSPCEU::FUSPCEU_S020,0.6557659708535659,0.8429027752199086
residual_fitted,FUSPCEU::FUSPCEU_S020::2025-01-26,FUSPCEU,FUSPCEU::FUSPCEU_S020,0.6565487743561051,0.4220616182784911
residual_fitted,FUSPCEU::FUSPCEU_S022::2025-01-28,FUSPCEU,FUSPCEU::FUSPCEU_S022,0.6579464829233387,0.29866043851573154
residual_fitted,FUSPCEU::FUSPCEU_S022::2025-01-30,FUSPCEU,FUSPCEU::FUSPCEU_S022,0.6596141828382279,0.3133980352410877
residual_fitted,FUSPCEU::FUSPCEU_S022::2025-01-31,FUSPCEU,FUSPCEU::FUSPCEU_S022,0.6604684331608903,-0.2248970615669561
residual_fitted,FUSPCEU::FUSPCEU_S022::2025-02-01,FUSPCEU,FUSPCEU::FUSPCEU_S022,0.6613357458158912,-0.14741187470544076
residual_fitted,FUSPCEU::FUSPCEU_S022::2025-02-02,FUSPCEU,FUSPCEU::FUSPCEU_S022,0.6622157247759836,-0.3878311156036252
residual_fitted,FUSPCEU::FUSPCEU_S023::2025-01-28,FUSPCEU,FUSPCEU::FUSPCEU_S023,0.5719933792841442,1.7366874784299018
residual_fitted,FUSPCEU::FUSPCEU_S023::2025-01-29,FUSPCEU,FUSPCEU::FUSPCEU_S023,0.5728202932446457,-1.2045698213215696
residual_fitted,FUSPCEU::FUSPCEU_S023::2025-01-31,FUSPCEU,FUSPCEU::FUSPCEU_S023,0.5745153295216958,0.05518124206355081
residual_fitted,FUSPCEU::FUSPCEU_S023::2025-02-01,FUSPCEU,FUSPCEU::FUSPCEU_S023,0.5753826421766967,-0.721871423177973
residual_fitted,FUSPCEU::FUSPCEU_S023::2025-02-02,FUSPCEU,FUSPCEU::FUSPCEU_S023,0.576262621136789,-1.128119428653933
residual_fitted,FUSPCEU::FUSPCEU_S024::2025-02-04,FUSPCEU,FUSPCEU::FUSPCEU_S024,0.6523999705298713,0.2973795124287123
residual_fitted,FUSPCEU::FUSPCEU_S024::2025-02-05,FUSPCEU,FUSPCEU::FUSPCEU_S024,0.6533156378063621,-0.38912463436198785
residual_fitted,FUSPCEU::FUSPCEU_S024::2025-02-06,FUSPCEU,FUSPCEU::FUSPCEU_S024,0.6542424543652432,0.11844592612387708
residual_fitted,FUSPCEU::FUSPCEU_S024::2025-02-08,FUSPCEU,FUSPCEU::FUSPCEU_S024,0.6561280986342518,-0.5674895543456617
residual_fitted,FUSPCEU::FUSPCEU_S024::2025-02-09,FUSPCEU,FUSPCEU::FUSPCEU_S024,0.6570862273770697,0.24212467237661428
residual_fitted,FUSPCEU::FUSPCEU_S025::2025-02-04,FUSPCEU,FUSPCEU::FUSPCEU_S025,0.7068044818406168,0.2730632602602264
residual_fitted,FUSPCEU::FUSPCEU_S025::2025-02-05,FUSPCEU,FUSPCEU::FUSPCEU_S025,0.7077201491171077,0.6394639153793154
residual_fitted,FUSPCEU::FUSPCEU_S025::2025-02-06,FUSPCEU,FUSPCEU::FUSPCEU_S025,0.7086469656759887,-0.5056922061313643
residual_fitted,IZTECH::IZTECH_S001::2024-12-25,IZTECH,IZTECH::IZTECH_S001,0.6756213760620159,0.07855217508510087
residual_fitted,IZTECH::IZTECH_S001::2024-12-26,IZTECH,IZTECH::IZTECH_S001,0.675729624458356,-1.7361854939240318
residual_fitted,IZTECH::IZTECH_S001::2024-12-27,IZTECH,IZTECH::IZTECH_S001,0.6758615267724727,0.17812986142863618
residual_fitted,IZTECH::IZTECH_S001::2024-12-28,IZTECH,IZTECH::IZTECH_S001,0.6760169755740234,2.6988615829685235e-4
residual_fitted,IZTECH::IZTECH_S001::2024-12-29,IZTECH,IZTECH::IZTECH_S001,0.6761958431300136,0.31384085746893725
residual_fitted,IZTECH::IZTECH_S001::2024-12-30,IZTECH,IZTECH::IZTECH_S001,0.6763979818441672,1.6135004705721387
residual_fitted,IZTECH::IZTECH_S002::2025-01-07,IZTECH,IZTECH::IZTECH_S002,0.6060620884654626,-0.22372312111852494
residual_fitted,IZTECH::IZTECH_S002::2025-01-08,IZTECH,IZTECH::IZTECH_S002,0.6064640369312401,-0.586544027370532
residual_fitted,IZTECH::IZTECH_S002::2025-01-10,IZTECH,IZTECH::IZTECH_S002,0.6073301260342338,-0.42865757300391844
residual_fitted,IZTECH::IZTECH_S002::2025-01-11,IZTECH,IZTECH::IZTECH_S002,0.6077936113358422,0.45613809677850614
residual_fitted,IZTECH::IZTECH_S002::2025-01-12,IZTECH,IZTECH::IZTECH_S002,0.6082769363590497,0.2872776327283282
residual_fitted,IZTECH::IZTECH_S003::2025-01-07,IZTECH,IZTECH::IZTECH_S003,0.6831701527486969,-0.4443776321084712
residual_fitted,IZTECH::IZTECH_S003::2025-01-08,IZTECH,IZTECH::IZTECH_S003,0.6835721012144744,-0.45661437170884694
residual_fitted,IZTECH::IZTECH_S003::2025-01-09,IZTECH,IZTECH::IZTECH_S003,0.6839948878129194,-0.26670098058749914
residual_fitted,IZTECH::IZTECH_S003::2025-01-10,IZTECH,IZTECH::IZTECH_S003,0.6844381903174681,-1.1412359364997822
residual_fitted,IZTECH::IZTECH_S003::2025-01-11,IZTECH,IZTECH::IZTECH_S003,0.6849016756190764,2.068534153028068
residual_fitted,IZTECH::IZTECH_S003::2025-01-12,IZTECH,IZTECH::IZTECH_S003,0.6853850006422839,0.7447967130407973
residual_fitted,IZTECH::IZTECH_S004::2025-01-22,IZTECH,IZTECH::IZTECH_S004,0.6681197420928894,-0.014942827074347742
residual_fitted,IZTECH::IZTECH_S004::2025-01-23,IZTECH,IZTECH::IZTECH_S004,0.6687967287537956,-0.09976104517240082
residual_fitted,IZTECH::IZTECH_S004::2025-01-24,IZTECH,IZTECH::IZTECH_S004,0.6694889908684196,-0.019208731057217255
residual_fitted,IZTECH::IZTECH_S004::2025-01-25,IZTECH,IZTECH::IZTECH_S004,0.6701961363367069,0.33788290442241575
residual_fitted,IZTECH::IZTECH_S004::2025-01-26,IZTECH,IZTECH::IZTECH_S004,0.6709177747176935,7.628506873037674e-4
residual_fitted,IZTECH::IZTECH_S005::2025-01-21,IZTECH,IZTECH::IZTECH_S005,0.5921317252913746,-0.20809940883109268
residual_fitted,IZTECH::IZTECH_S005::2025-01-22,IZTECH,IZTECH::IZTECH_S005,0.5927930433925366,-0.6369807613239321
residual_fitted,IZTECH::IZTECH_S005::2025-01-23,IZTECH,IZTECH::IZTECH_S005,0.5934700300534428,0.18943162806304426
residual_fitted,IZTECH::IZTECH_S005::2025-01-24,IZTECH,IZTECH::IZTECH_S005,0.5941622921680668,0.11825928735995908
residual_fitted,IZTECH::IZTECH_S005::2025-01-25,IZTECH,IZTECH::IZTECH_S005,0.5948694376363541,-0.3656016272019393
residual_fitted,IZTECH::IZTECH_S005::2025-01-26,IZTECH,IZTECH::IZTECH_S005,0.5955910760173407,0.13091323463508134
residual_fitted,IZTECH::IZTECH_S006::2025-02-18,IZTECH,IZTECH::IZTECH_S006,0.6700188697512616,-0.3345732947305225
residual_fitted,IZTECH::IZTECH_S006::2025-02-19,IZTECH,IZTECH::IZTECH_S006,0.6709833671652394,0.19634356155314533
residual_fitted,IZTECH::IZTECH_S006::2025-02-21,IZTECH,IZTECH::IZTECH_S006,0.6729314353524515,-0.0021554384963353907
residual_fitted,IZTECH::IZTECH_S006::2025-02-22,IZTECH,IZTECH::IZTECH_S006,0.6739145434277735,0.5743130003845192
residual_fitted,IZTECH::IZTECH_S006::2025-02-23,IZTECH,IZTECH::IZTECH_S006,0.674903403121564,-0.49713550067258244
residual_fitted,IZTECH::IZTECH_S007::2025-02-25,IZTECH,IZTECH::IZTECH_S007,0.5967483874185777,-0.15132033859678165
residual_fitted,IZTECH::IZTECH_S007::2025-02-26,IZTECH,IZTECH::IZTECH_S007,0.5977532331487249,0.042250879994014
residual_fitted,IZTECH::IZTECH_S007::2025-03-01,IZTECH,IZTECH::IZTECH_S007,0.6007965567022061,-0.9934847015628029
residual_fitted,IZTECH::IZTECH_S008::2025-03-04,IZTECH,IZTECH::IZTECH_S008,0.6366684923423716,-0.1287578443568873
residual_fitted,IZTECH::IZTECH_S008::2025-03-06,IZTECH,IZTECH::IZTECH_S008,0.6387430776009033,0.14336680815576697
residual_fitted,IZTECH::IZTECH_S008::2025-03-07,IZTECH,IZTECH::IZTECH_S008,0.6397857270860657,-0.6919625134668673
residual_fitted,IZTECH::IZTECH_S009::2025-03-20,IZTECH,IZTECH::IZTECH_S009,0.8108810727693518,0.3987053968399979
residual_fitted,IZTECH::IZTECH_S009::2025-03-22,IZTECH,IZTECH::IZTECH_S009,0.8130353039046827,0.814962381943915
residual_fitted,IZTECH::IZTECH_S009::2025-03-24,IZTECH,IZTECH::IZTECH_S009,0.8151944404189111,0.14864793777223825
residual_fitted,IZTECH::IZTECH_S010::2025-04-15,IZTECH,IZTECH::IZTECH_S010,0.8498178841885508,-0.1155749792887601
residual_fitted,IZTECH::IZTECH_S010::2025-04-16,IZTECH,IZTECH::IZTECH_S010,0.8508777091285824,0.28348540210572454
residual_fitted,IZTECH::IZTECH_S010::2025-04-19,IZTECH,IZTECH::IZTECH_S010,0.8540361570478286,0.7491400198486543
residual_fitted,IZTECH::IZTECH_S010::2025-04-20,IZTECH,IZTECH::IZTECH_S010,0.8550810741855156,0.5866251514480361
residual_fitted,IZTECH::IZTECH_S011::2025-04-17,IZTECH,IZTECH::IZTECH_S011,0.7684419436928064,0.26156210624792303
residual_fitted,IZTECH::IZTECH_S011::2025-04-20,IZTECH,IZTECH::IZTECH_S011,0.7715888144336305,0.15941449302835767
residual_fitted,IZTECH::IZTECH_S012::2025-04-22,IZTECH,IZTECH::IZTECH_S012,0.6640612861366408,0.0650782619374322
residual_fitted,IZTECH::IZTECH_S012::2025-04-24,IZTECH,IZTECH::IZTECH_S012,0.6661175367145208,-1.1610633475762515
residual_fitted,IZTECH::IZTECH_S012::2025-04-26,IZTECH,IZTECH::IZTECH_S012,0.6681512228931648,0.09565687588055742
residual_fitted,IZTECH::IZTECH_S013::2025-04-22,IZTECH,IZTECH::IZTECH_S013,0.7126566227470293,0.5305151851675912
residual_fitted,IZTECH::IZTECH_S013::2025-04-23,IZTECH,IZTECH::IZTECH_S013,0.7136874077308702,0.0061027872370660995
residual_fitted,IZTECH::IZTECH_S013::2025-04-24,IZTECH,IZTECH::IZTECH_S013,0.7147128733249093,-0.5232481565555704
residual_fitted,IZTECH::IZTECH_S013::2025-04-25,IZTECH,IZTECH::IZTECH_S013,0.7157327001169286,-0.7363293601892804
residual_fitted,IZTECH::IZTECH_S013::2025-04-26,IZTECH,IZTECH::IZTECH_S013,0.7167465595035533,0.5362596445574253
residual_fitted,IZTECH::IZTECH_S013::2025-04-27,IZTECH,IZTECH::IZTECH_S013,0.7177541135969487,-0.18346064822810287
residual_fitted,IZTECH::IZTECH_S014::2025-04-30,IZTECH,IZTECH::IZTECH_S014,0.6484208623234686,0.0669890482011673
residual_fitted,IZTECH::IZTECH_S014::2025-05-01,IZTECH,IZTECH::IZTECH_S014,0.649399629561865,-0.7118499795688429
residual_fitted,IZTECH::IZTECH_S014::2025-05-02,IZTECH,IZTECH::IZTECH_S014,0.650370261981597,-0.6630500713909785
residual_fitted,IZTECH::IZTECH_S015::2025-04-29,IZTECH,IZTECH::IZTECH_S015,0.6929868765086079,0.27518502571940895
residual_fitted,IZTECH::IZTECH_S015::2025-05-02,IZTECH,IZTECH::IZTECH_S015,0.6959227936761665,-0.50174255673369506
residual_fitted,IZTECH::IZTECH_S015::2025-05-03,IZTECH,IZTECH::IZTECH_S015,0.6968848975418387,-1.0898153783939337
residual_fitted,IZTECH::IZTECH_S015::2025-05-04,IZTECH,IZTECH::IZTECH_S015,0.6978380700354696,0.5991715176311314
residual_fitted,IZTECH::IZTECH_S016::2025-05-08,IZTECH,IZTECH::IZTECH_S016,0.7722734494652151,0.2819146869767697
residual_fitted,IZTECH::IZTECH_S016::2025-05-09,IZTECH,IZTECH::IZTECH_S016,0.7731756179820827,-0.012184474903730721
residual_fitted,IZTECH::IZTECH_S016::2025-05-10,IZTECH,IZTECH::IZTECH_S016,0.7740662588065457,-0.06985412770424392
residual_fitted,IZTECH::IZTECH_S017::2025-05-29,IZTECH,IZTECH::IZTECH_S017,0.9163494299696154,0.5077725427948689
residual_fitted,IZTECH::IZTECH_S017::2025-05-30,IZTECH,IZTECH::IZTECH_S017,0.9169077221380763,-0.5361233686467652
residual_fitted,IZTECH::IZTECH_S017::2025-05-31,IZTECH,IZTECH::IZTECH_S017,0.917444313501161,0.7240570719074468
residual_fitted,IZTECH::IZTECH_S017::2025-06-01,IZTECH,IZTECH::IZTECH_S017,0.9179587610342405,1.1665100792556073
residual_fitted,KNUST::KNUST_S001::2024-10-09,KNUST,KNUST::KNUST_S001,0.7346277678533235,0.6697705800478648
residual_fitted,KNUST::KNUST_S001::2024-10-11,KNUST,KNUST::KNUST_S001,0.7343572036023462,1.0307687651866453
residual_fitted,KNUST::KNUST_S001::2024-10-12,KNUST,KNUST::KNUST_S001,0.7342239273205107,-0.38397365589774674
residual_fitted,KNUST::KNUST_S001::2024-10-13,KNUST,KNUST::KNUST_S001,0.7340920115911724,-2.2597504628528795
residual_fitted,KNUST::KNUST_S002::2024-10-15,KNUST,KNUST::KNUST_S002,0.7466295302290069,-1.6828526745715997
residual_fitted,KNUST::KNUST_S002::2024-10-17,KNUST,KNUST::KNUST_S002,0.746375496816915,0.905617596259222
residual_fitted,KNUST::KNUST_S003::2024-10-22,KNUST,KNUST::KNUST_S003,0.7542217252020625,0.9027468601692853
residual_fitted,KNUST::KNUST_S003::2024-10-23,KNUST,KNUST::KNUST_S003,0.754104343199386,0.38690439950314703
residual_fitted,KNUST::KNUST_S003::2024-10-24,KNUST,KNUST::KNUST_S003,0.7539885052008346,-0.9908148975662509
residual_fitted,KNUST::KNUST_S003::2024-10-25,KNUST,KNUST::KNUST_S003,0.7538742274291906,0.44582044521184233
residual_fitted,KNUST::KNUST_S003::2024-10-26,KNUST,KNUST::KNUST_S003,0.7537615260733084,-1.3802212414814388
residual_fitted,KNUST::KNUST_S003::2024-10-27,KNUST,KNUST::KNUST_S003,0.7536504173016851,-0.03201967357893555
residual_fitted,KNUST::KNUST_S004::2024-11-01,KNUST,KNUST::KNUST_S004,0.8023274489862507,0.1061994876187846
residual_fitted,KNUST::KNUST_S004::2024-11-02,KNUST,KNUST::KNUST_S004,0.8022262343171159,-0.1356695393832692
residual_fitted,KNUST::KNUST_S005::2024-11-07,KNUST,KNUST::KNUST_S005,0.5756424133892867,-0.4412413837597586
residual_fitted,KNUST::KNUST_S005::2024-11-08,KNUST,KNUST::KNUST_S005,0.5755516726628508,-0.3252901847227667
residual_fitted,KNUST::KNUST_S005::2024-11-09,KNUST,KNUST::KNUST_S005,0.5754627339307892,-2.1949730936815244
residual_fitted,KNUST::KNUST_S006::2024-11-12,KNUST,KNUST::KNUST_S006,0.7531778921295802,-0.05388967247589973
residual_fitted,KNUST::KNUST_S006::2024-11-13,KNUST,KNUST::KNUST_S006,0.7530963217401808,-0.4031771825300139
residual_fitted,KNUST::KNUST_S006::2024-11-15,KNUST,KNUST::KNUST_S006,0.7529388428668291,-0.22452193492884603
residual_fitted,KNUST::KNUST_S006::2024-11-16,KNUST,KNUST::KNUST_S006,0.7528629660480923,-0.0949476300043829
residual_fitted,KNUST::KNUST_S006::2024-11-17,KNUST,KNUST::KNUST_S006,0.752789018620835,0.12289868426550178
residual_fitted,KNUST::KNUST_S007::2024-11-19,KNUST,KNUST::KNUST_S007,1.4746504708181964,15.185123619627882
residual_fitted,KNUST::KNUST_S007::2024-11-22,KNUST,KNUST::KNUST_S007,1.4744522615391449,-6.476067589064704
residual_fitted,KNUST::KNUST_S008::2024-11-28,KNUST,KNUST::KNUST_S008,0.8019650546830346,-0.17880162816910491
residual_fitted,KNUST::KNUST_S008::2024-11-29,KNUST,KNUST::KNUST_S008,0.8019154353257573,0.15441212154005016
residual_fitted,KNUST::KNUST_S008::2024-11-30,KNUST,KNUST::KNUST_S008,0.8018679349882213,0.29826054115681605
residual_fitted,KNUST::KNUST_S008::2024-12-01,KNUST,KNUST::KNUST_S008,0.801822566463065,-0.28097057960287497
residual_fitted,KNUST::KNUST_S009::2024-12-04,KNUST,KNUST::KNUST_S009,0.7632522105606551,0.20152155493169346
residual_fitted,KNUST::KNUST_S009::2024-12-07,KNUST,KNUST::KNUST_S009,0.7631486274687643,-0.17116991556861874
residual_fitted,KNUST::KNUST_S009::2024-12-08,KNUST,KNUST::KNUST_S009,0.763118506413323,-0.5360208171002231
residual_fitted,KNUST::KNUST_S010::2024-12-10,KNUST,KNUST::KNUST_S010,0.8105490363682808,-0.5275313439824901
residual_fitted,KNUST::KNUST_S010::2024-12-11,KNUST,KNUST::KNUST_S010,0.8105255985427842,-0.32306971204203766
residual_fitted,KNUST::KNUST_S010::2024-12-12,KNUST,KNUST::KNUST_S010,0.8105044044317504,0.24957760125274564
residual_fitted,KNUST::KNUST_S010::2024-12-13,KNUST,KNUST::KNUST_S010,0.8104854610549301,0.5352748983042834
residual_fitted,KNUST::KNUST_S010::2024-12-14,KNUST,KNUST::KNUST_S010,0.810468774826455,0.17583697971156578
residual_fitted,KNUST::KNUST_S011::2024-12-17,KNUST,KNUST::KNUST_S011,0.7202164579487554,0.5325621099910911
residual_fitted,KNUST::KNUST_S011::2024-12-18,KNUST,KNUST::KNUST_S011,0.7202088518930496,0.6038109327744008
residual_fitted,KNUST::KNUST_S011::2024-12-20,KNUST,KNUST::KNUST_S011,0.7202004813868568,-0.09147637835093085
residual_fitted,KNUST::KNUST_S011::2024-12-21,KNUST,KNUST::KNUST_S011,0.7201997213232897,-1.530485594048758
residual_fitted,KNUST::KNUST_S011::2024-12-22,KNUST,KNUST::KNUST_S011,0.7202012465091228,-0.5742109308827296
residual_fitted,KNUST::KNUST_S012::2025-01-07,KNUST,KNUST::KNUST_S012,0.7940467356856045,-0.13065872187255606
residual_fitted,KNUST::KNUST_S012::2025-01-09,KNUST,KNUST::KNUST_S012,0.7941287497459656,0.7056224490867882
residual_fitted,KNUST::KNUST_S012::2025-01-10,KNUST,KNUST::KNUST_S012,0.7941730393415813,0.7300734962953611
residual_fitted,KNUST::KNUST_S012::2025-01-11,KNUST,KNUST::KNUST_S012,0.7942195030071856,-0.5854511982323578
residual_fitted,KNUST::KNUST_S012::2025-01-12,KNUST,KNUST::KNUST_S012,0.7942681294684277,-0.8261082298594714
residual_fitted,KNUST::KNUST_S013::2025-01-14,KNUST,KNUST::KNUST_S013,0.7403447573334418,-0.039717588084464406
residual_fitted,KNUST::KNUST_S013::2025-01-15,KNUST,KNUST::KNUST_S013,0.740399800584554,-0.3185545829038139
residual_fitted,KNUST::KNUST_S013::2025-01-17,KNUST,KNUST::KNUST_S013,0.7405162155580769,-0.44885450384009173
residual_fitted,KNUST::KNUST_S014::2025-01-21,KNUST,KNUST::KNUST_S014,0.7170833311264608,-0.25346384482934936
residual_fitted,KNUST::KNUST_S014::2025-01-22,KNUST,KNUST::KNUST_S014,0.717152886726058,-0.44717254873724394
residual_fitted,KNUST::KNUST_S014::2025-01-23,KNUST,KNUST::KNUST_S014,0.7172244589720562,0.36463549797751194
residual_fitted,KNUST::KNUST_S014::2025-01-24,KNUST,KNUST::KNUST_S014,0.7172980330853193,-0.8301111944221384
residual_fitted,KNUST::KNUST_S014::2025-01-25,KNUST,KNUST::KNUST_S014,0.717373594123855,0.6071223085682038
residual_fitted,KNUST::KNUST_S014::2025-01-26,KNUST,KNUST::KNUST_S014,0.7174511269879058,-0.5553491418337743
residual_fitted,KNUST::KNUST_S015::2025-01-29,KNUST,KNUST::KNUST_S015,0.8664013147364678,-0.19834771573345272
residual_fitted,KNUST::KNUST_S015::2025-01-30,KNUST,KNUST::KNUST_S015,0.8664865813468086,0.9106799452967648
residual_fitted,KNUST::KNUST_S015::2025-01-31,KNUST,KNUST::KNUST_S015,0.8665737424687135,-0.08110558401810583
residual_fitted,KNUST::KNUST_S015::2025-02-01,KNUST,KNUST::KNUST_S015,0.8666627823526991,0.18280169583714045
residual_fitted,RISE::RISE_S001::2025-03-05,RISE,RISE::RISE_S001,0.6773368371337942,0.08447150247497502
residual_fitted,RISE::RISE_S002::2025-03-20,RISE,RISE::RISE_S002,0.7623422863428324,0.058053550575919884
residual_fitted,RISE::RISE_S002::2025-03-22,RISE,RISE::RISE_S002,0.7667094070615453,0.39662205026367536
residual_fitted,RISE::RISE_S002::2025-03-23,RISE,RISE::RISE_S002,0.7689011691638452,0.3169709727571087
residual_fitted,RISE::RISE_S003::2025-03-18,RISE,RISE::RISE_S003,0.6996650928480388,0.7353234685595621
residual_fitted,RISE::RISE_S003::2025-03-19,RISE,RISE::RISE_S003,0.7018347921511215,-0.07125701790976127
residual_fitted,RISE::RISE_S003::2025-03-20,RISE,RISE::RISE_S003,0.7040100707987,0.03893091619355348
residual_fitted,RISE::RISE_S003::2025-03-21,RISE,RISE::RISE_S003,0.7061908843498843,0.6612729528905323
residual_fitted,RISE::RISE_S003::2025-03-22,RISE,RISE::RISE_S003,0.708377191517413,-1.3490559151065047
residual_fitted,RISE::RISE_S004::2025-03-26,RISE,RISE::RISE_S004,0.6756568018994246,0.7625192485521045
residual_fitted,RISE::RISE_S004::2025-03-27,RISE,RISE::RISE_S004,0.6778700297557266,-0.6115406878229928
residual_fitted,RISE::RISE_S004::2025-03-28,RISE,RISE::RISE_S004,0.6800885388817696,-0.6741787937688106
residual_fitted,RISE::RISE_S005::2025-04-01,RISE,RISE::RISE_S005,0.7694119488530844,0.9324773989240362
residual_fitted,RISE::RISE_S005::2025-04-02,RISE,RISE::RISE_S005,0.7716563079727413,-0.026598450883143786
residual_fitted,RISE::RISE_S005::2025-04-03,RISE,RISE::RISE_S005,0.773905708073943,0.3783635924357585
residual_fitted,RISE::RISE_S005::2025-04-04,RISE,RISE::RISE_S005,0.7761600973381062,-0.3679304009769494
residual_fitted,RISE::RISE_S005::2025-04-05,RISE,RISE::RISE_S005,0.7784194188845558,-0.07237913193450973
residual_fitted,RISE::RISE_S005::2025-04-06,RISE,RISE::RISE_S005,0.7806836100936568,-0.32456889919863574
residual_fitted,RISE::RISE_S006::2025-04-16,RISE,RISE::RISE_S006,0.7120489120775684,-0.6675019528302403
residual_fitted,RISE::RISE_S007::2025-04-15,RISE,RISE::RISE_S007,0.784221384587292,1.5167891582303625
residual_fitted,RISE::RISE_S007::2025-04-17,RISE,RISE::RISE_S007,0.7888402742819683,0.4817902430627007
residual_fitted,RISE::RISE_S007::2025-04-18,RISE,RISE::RISE_S007,0.7911549034754289,-0.29504165064704707
residual_fitted,RISE::RISE_S007::2025-04-19,RISE,RISE::RISE_S007,0.7934727140628922,-0.3792451172145846
residual_fitted,RISE::RISE_S007::2025-04-20,RISE,RISE::RISE_S007,0.7957934774546152,-1.0259618672625999
residual_fitted,RISE::RISE_S008::2025-04-29,RISE,RISE::RISE_S008,0.8306060815794402,-0.4937755955774592
residual_fitted,RISE::RISE_S008::2025-04-30,RISE,RISE::RISE_S008,0.8329388520066685,-0.2479091938232691
residual_fitted,RISE::RISE_S008::2025-05-01,RISE,RISE::RISE_S008,0.8352704674796786,0.4482697837932284
residual_fitted,RISE::RISE_S008::2025-05-02,RISE,RISE::RISE_S008,0.8376003671478895,0.3552051594101744
residual_fitted,RISE::RISE_S008::2025-05-03,RISE,RISE::RISE_S008,0.8399279504358541,0.034770749685313164
residual_fitted,RISE::RISE_S008::2025-05-04,RISE,RISE::RISE_S008,0.8422525747140861,0.3812583610954371
residual_fitted,RISE::RISE_S010::2025-06-10,RISE,RISE::RISE_S010,0.8029238947460644,-0.5259320690447552
residual_fitted,RISE::RISE_S010::2025-06-11,RISE,RISE::RISE_S010,0.8039352549064339,-0.5155093874077713
residual_fitted,RISE::RISE_S010::2025-06-12,RISE,RISE::RISE_S010,0.8048576406235849,-0.055146871674527524
residual_fitted,RISE::RISE_S010::2025-06-14,RISE,RISE::RISE_S010,0.8064232910703669,0.13229180698111212
residual_fitted,RISE::RISE_S012::2025-06-10,RISE,RISE::RISE_S012,0.9325092203116866,0.24593615221396642
residual_fitted,RISE::RISE_S012::2025-06-11,RISE,RISE::RISE_S012,0.9335205804720561,1.031559160602168
residual_fitted,RISE::RISE_S012::2025-06-12,RISE,RISE::RISE_S012,0.9344429661892071,-0.31741997389194393
residual_fitted,RISE::RISE_S012::2025-06-13,RISE,RISE::RISE_S012,0.9352732760362751,0.21164885179049267
residual_fitted,RISE::RISE_S012::2025-06-14,RISE,RISE::RISE_S012,0.9360086166359891,0.34033987968770346
residual_fitted,RISE::RISE_S012::2025-06-15,RISE,RISE::RISE_S012,0.93664634303696,-0.6740269951667652
residual_fitted,RISE::RISE_S012::2025-06-16,RISE,RISE::RISE_S012,0.9371840979991756,-0.12191552945523988
residual_fitted,RISE::RISE_S013::2025-06-25,RISE,RISE::RISE_S013,0.8586722387125021,-0.014612072077027841
residual_fitted,RISE::RISE_S013::2025-06-28,RISE,RISE::RISE_S013,0.8568491647993237,-0.28911986569513337
residual_fitted,RISE::RISE_S016::2025-10-08,RISE,RISE::RISE_S016,0.6369378358629031,-0.16214473036822674
residual_fitted,RISE::RISE_S016::2025-10-10,RISE,RISE::RISE_S016,0.6328460113210863,-0.5620468764626474
residual_fitted,RISE::RISE_S016::2025-10-11,RISE,RISE::RISE_S016,0.630810352473811,0.2999540860207402
residual_fitted,THUAS::THUAS_S001::2025-02-22,THUAS,THUAS::THUAS_S001,0.6045153171379655,-0.15154313198731478
residual_fitted,THUAS::THUAS_S001::2025-02-23,THUAS,THUAS::THUAS_S001,0.6061315007683235,0.2580613520571028
residual_fitted,THUAS::THUAS_S001::2025-02-24,THUAS,THUAS::THUAS_S001,0.6077556549283816,-0.1877972414181439
residual_fitted,THUAS::THUAS_S001::2025-02-25,THUAS,THUAS::THUAS_S001,0.6093874930637151,0.13030391203349484
residual_fitted,THUAS::THUAS_S001::2025-02-26,THUAS,THUAS::THUAS_S001,0.6110267408052223,0.5607338905056286
residual_fitted,THUAS::THUAS_S001::2025-02-27,THUAS,THUAS::THUAS_S001,0.6126731355229688,-0.24021202813468812
residual_fitted,THUAS::THUAS_S001::2025-02-28,THUAS,THUAS::THUAS_S001,0.6143264258885125,-0.24143598704427088
residual_fitted,THUAS::THUAS_S002::2025-03-04,THUAS,THUAS::THUAS_S002,0.5199178495529714,1.0857223375840903
residual_fitted,THUAS::THUAS_S002::2025-03-05,THUAS,THUAS::THUAS_S002,0.5216022109134614,0.32173949600052554
residual_fitted,THUAS::THUAS_S002::2025-03-07,THUAS,THUAS::THUAS_S002,0.5249875442097529,1.5697110694344938
residual_fitted,THUAS::THUAS_S002::2025-03-09,THUAS,THUAS::THUAS_S002,0.5283938256001006,-4.159911201631456
residual_fitted,THUAS::THUAS_S003::2025-03-18,THUAS,THUAS::THUAS_S003,0.6859126986824754,0.4083721122098563
residual_fitted,THUAS::THUAS_S003::2025-03-19,THUAS,THUAS::THUAS_S003,0.6876607989904656,1.3763529631137217
residual_fitted,THUAS::THUAS_S003::2025-03-20,THUAS,THUAS::THUAS_S003,0.689412403716336,-0.49138304378960324
residual_fitted,THUAS::THUAS_S003::2025-03-21,THUAS,THUAS::THUAS_S003,0.6911673872543922,-0.39516291735577636
residual_fitted,THUAS::THUAS_S003::2025-03-22,THUAS,THUAS::THUAS_S003,0.6929256244976841,-0.5429478233604453
residual_fitted,THUAS::THUAS_S003::2025-03-23,THUAS,THUAS::THUAS_S003,0.6946869903477444,0.3029877601345098
residual_fitted,THUAS::THUAS_S005::2025-03-25,THUAS,THUAS::THUAS_S005,0.6370273019955199,0.09190340321565044
residual_fitted,THUAS::THUAS_S005::2025-03-26,THUAS,THUAS::THUAS_S005,0.6387972952122124,0.46207028286999857
residual_fitted,THUAS::THUAS_S005::2025-03-27,THUAS,THUAS::THUAS_S005,0.64056990615798,0.06467983779249303
residual_fitted,THUAS::THUAS_S005::2025-03-29,THUAS,THUAS::THUAS_S005,0.6441224460918825,-0.45536883250521143
residual_fitted,THUAS::THUAS_S005::2025-03-30,THUAS,THUAS::THUAS_S005,0.6459020989873617,-0.29857346644695987
residual_fitted,THUAS::THUAS_S006::2025-04-01,THUAS,THUAS::THUAS_S006,0.6897980702609428,0.8009677169334037
residual_fitted,THUAS::THUAS_S006::2025-04-02,THUAS,THUAS::THUAS_S006,0.6915834637617876,-0.31006723689675053
residual_fitted,THUAS::THUAS_S006::2025-04-03,THUAS,THUAS::THUAS_S006,0.6933704575401173,-0.10319558784122643
residual_fitted,THUAS::THUAS_S007::2025-04-08,THUAS,THUAS::THUAS_S007,0.5816665358711852,0.4502632748422374
residual_fitted,THUAS::THUAS_S007::2025-04-09,THUAS,THUAS::THUAS_S007,0.5834593465628595,1.184872607189994
residual_fitted,THUAS::THUAS_S007::2025-04-10,THUAS,THUAS::THUAS_S007,0.5852524139945274,0.1312422608317519
residual_fitted,THUAS::THUAS_S007::2025-04-11,THUAS,THUAS::THUAS_S007,0.5870455072489704,-3.8658345587011347
residual_fitted,THUAS::THUAS_S007::2025-04-12,THUAS,THUAS::THUAS_S007,0.5888383836799798,0.6500835797059977
residual_fitted,THUAS::THUAS_S007::2025-04-13,THUAS,THUAS::THUAS_S007,0.5906307882287056,0.2724419995235832
residual_fitted,THUAS::THUAS_S010::2025-06-05,THUAS,THUAS::THUAS_S010,0.7729446034877399,0.04176569878745181
residual_fitted,THUAS::THUAS_S010::2025-06-06,THUAS,THUAS::THUAS_S010,0.7737449628229999,0.6808129907084871
residual_fitted,THUAS::THUAS_S010::2025-06-07,THUAS,THUAS::THUAS_S010,0.7744979977843917,-0.643250647344462
residual_fitted,THUAS::THUAS_S010::2025-06-09,THUAS,THUAS::THUAS_S010,0.7758578251014058,0.06759955068730233
residual_fitted,THUAS::THUAS_S011::2025-05-13,THUAS,THUAS::THUAS_S011,0.7543980092842494,-0.00874896436349654
residual_fitted,THUAS::THUAS_S011::2025-05-14,THUAS,THUAS::THUAS_S011,0.755947589204904,-0.779847265083646
residual_fitted,THUAS::THUAS_S011::2025-05-15,THUAS,THUAS::THUAS_S011,0.7574776611711417,-0.5403290098301977
residual_fitted,THUAS::THUAS_S011::2025-05-16,THUAS,THUAS::THUAS_S011,0.7589871802630782,0.10382206989741405
residual_fitted,THUAS::THUAS_S011::2025-05-17,THUAS,THUAS::THUAS_S011,0.7604750727099604,0.6945997214412742
residual_fitted,THUAS::THUAS_S011::2025-05-18,THUAS,THUAS::THUAS_S011,0.7619402367112289,0.8084341470196689
residual_fitted,THUAS::THUAS_S014::2025-07-08,THUAS,THUAS::THUAS_S014,0.7982652837731435,0.12823061333842317
residual_fitted,THUAS::THUAS_S014::2025-07-09,THUAS,THUAS::THUAS_S014,0.7973458990824432,0.29556630782534166
residual_fitted,THUAS::THUAS_S014::2025-07-11,THUAS,THUAS::THUAS_S014,0.7953814229613536,-0.46827259832893625
residual_fitted,THUAS::THUAS_S014::2025-07-12,THUAS,THUAS::THUAS_S014,0.7943388559438399,0.5391098398966373
residual_fitted,THUAS::THUAS_S015::2025-07-08,THUAS,THUAS::THUAS_S015,0.7083606847796625,0.4370260818715409
residual_fitted,THUAS::THUAS_S015::2025-07-09,THUAS,THUAS::THUAS_S015,0.7074413000889622,0.4536409146343517
residual_fitted,THUAS::THUAS_S015::2025-07-10,THUAS,THUAS::THUAS_S015,0.706479595227739,1.1490158320306563
residual_fitted,THUAS::THUAS_S015::2025-07-11,THUAS,THUAS::THUAS_S015,0.7054768239678726,-0.9255306572523206
residual_fitted,THUAS::THUAS_S015::2025-07-12,THUAS,THUAS::THUAS_S015,0.7044342569503589,0.5013144279557404
residual_fitted,THUAS::THUAS_S015::2025-07-13,THUAS,THUAS::THUAS_S015,0.7033531768980349,-2.2866844478298405
residual_fitted,THUAS::THUAS_S016::2025-07-08,THUAS,THUAS::THUAS_S016,0.7683353500685682,0.11423136677890301
residual_fitted,THUAS::THUAS_S016::2025-07-09,THUAS,THUAS::THUAS_S016,0.7674159653778679,-0.1430207142361602
residual_fitted,THUAS::THUAS_S016::2025-07-10,THUAS,THUAS::THUAS_S016,0.7664542605166447,0.2792146378406335
residual_fitted,THUAS::THUAS_S016::2025-07-11,THUAS,THUAS::THUAS_S016,0.7654514892567783,0.08873632275398842
residual_fitted,THUAS::THUAS_S016::2025-07-12,THUAS,THUAS::THUAS_S016,0.7644089222392646,-0.23264856766624267
residual_fitted,THUAS::THUAS_S017::2025-09-09,THUAS,THUAS::THUAS_S017,0.7046339082964065,-0.2789070983248852
residual_fitted,THUAS::THUAS_S017::2025-09-10,THUAS,THUAS::THUAS_S017,0.7028754845513391,0.15881052179725635
residual_fitted,THUAS::THUAS_S017::2025-09-11,THUAS,THUAS::THUAS_S017,0.7011188654266908,0.18510291418825967
residual_fitted,THUAS::THUAS_S017::2025-09-12,THUAS,THUAS::THUAS_S017,0.6993641903997126,0.5186982572606231
residual_fitted,THUAS::THUAS_S017::2025-09-13,THUAS,THUAS::THUAS_S017,0.6976115937973504,-0.2578424954860132
residual_fitted,THUAS::THUAS_S017::2025-09-14,THUAS,THUAS::THUAS_S017,0.6958612053628461,0.23225893609729142
residual_fitted,THUAS::THUAS_S018::2025-09-23,THUAS,THUAS::THUAS_S018,0.6686514301327781,0.32728183132211414
residual_fitted,THUAS::THUAS_S018::2025-09-24,THUAS,THUAS::THUAS_S018,0.666929621112691,0.44662170666535744
residual_fitted,THUAS::THUAS_S018::2025-09-25,THUAS,THUAS::THUAS_S018,0.6652112921364451,0.04135157928625829
residual_fitted,THUAS::THUAS_S018::2025-09-27,THUAS,THUAS::THUAS_S018,0.661785534073507,-0.40724060320445493
residual_fitted,TUM::TUM_S001::2024-05-14,TUM,TUM::TUM_S001,0.7068481731228591,0.8176882156171054
residual_fitted,TUM::TUM_S001::2024-05-15,TUM,TUM::TUM_S001,0.7081005160427748,-0.26268391349382025
residual_fitted,TUM::TUM_S001::2024-05-16,TUM,TUM::TUM_S001,0.7093334294859623,0.2519989770927721
residual_fitted,TUM::TUM_S001::2024-05-17,TUM,TUM::TUM_S001,0.7105460752199128,-0.5596462018033883
residual_fitted,TUM::TUM_S001::2024-05-18,TUM,TUM::TUM_S001,0.711737601237256,0.6495023900201226
residual_fitted,TUM::TUM_S001::2024-05-19,TUM,TUM::TUM_S001,0.712907142924589,-0.19320545875975542
residual_fitted,TUM::TUM_S002::2024-05-28,TUM,TUM::TUM_S002,0.6750340278047211,-0.07721871600548973
residual_fitted,TUM::TUM_S002::2024-05-30,TUM,TUM::TUM_S002,0.6768031023891815,-0.033304879105496905
residual_fitted,TUM::TUM_S002::2024-06-02,TUM,TUM::TUM_S002,0.679209045100699,0.20129123594505213
residual_fitted,TUM::TUM_S003::2024-06-04,TUM,TUM::TUM_S003,0.6112566648082286,0.00906010238343318
residual_fitted,TUM::TUM_S003::2024-06-05,TUM,TUM::TUM_S003,0.6119162626464223,-0.10579904325050415
residual_fitted,TUM::TUM_S003::2024-06-07,TUM,TUM::TUM_S003,0.6131219141727678,-0.584726542927083
residual_fitted,TUM::TUM_S003::2024-06-08,TUM,TUM::TUM_S003,0.61366656536465,-0.2751020960547103
residual_fitted,TUM::TUM_S003::2024-06-09,TUM,TUM::TUM_S003,0.6141715584966001,0.14762135579102043
residual_fitted,TUM::TUM_S004::2024-06-11,TUM,TUM::TUM_S004,0.743063862820408,1.0585337240535837
residual_fitted,TUM::TUM_S004::2024-06-12,TUM,TUM::TUM_S004,0.7434464111760356,0.018023694707100166
residual_fitted,TUM::TUM_S004::2024-06-13,TUM,TUM::TUM_S004,0.7437871373749453,0.5213104976442369
residual_fitted,TUM::TUM_S004::2024-06-14,TUM,TUM::TUM_S004,0.7440856183575741,0.5135329234576003
residual_fitted,TUM::TUM_S004::2024-06-15,TUM,TUM::TUM_S004,0.7443414824571433,-1.6457485805299756
residual_fitted,TUM::TUM_S004::2024-06-16,TUM,TUM::TUM_S004,0.7445544111486584,0.3853093251792236
residual_fitted,TUM::TUM_S005::2024-06-18,TUM,TUM::TUM_S005,0.5642897666175357,-0.37763542668258465
residual_fitted,TUM::TUM_S005::2024-06-19,TUM,TUM::TUM_S005,0.5643725306223698,-0.269745385795581
residual_fitted,TUM::TUM_S005::2024-06-20,TUM,TUM::TUM_S005,0.5644116431062096,-0.41488018563147494
residual_fitted,TUM::TUM_S005::2024-06-21,TUM,TUM::TUM_S005,0.5644070688803933,-0.32591930587275925
residual_fitted,TUM::TUM_S005::2024-06-22,TUM,TUM::TUM_S005,0.5643588310653118,-0.27032812932103173
residual_fitted,TUM::TUM_S005::2024-06-23,TUM,TUM::TUM_S005,0.564267010975054,0.16802082458565012
residual_fitted,TUM::TUM_S006::2024-06-25,TUM,TUM::TUM_S006,0.682768449314766,0.08985687351472953
residual_fitted,TUM::TUM_S006::2024-06-26,TUM,TUM::TUM_S006,0.6825469445679752,-4.375118293854372e-4
residual_fitted,TUM::TUM_S006::2024-06-27,TUM,TUM::TUM_S006,0.682282752604907,0.6307335989673555
residual_fitted,TUM::TUM_S006::2024-06-28,TUM,TUM::TUM_S006,0.6819762342403964,-0.4236392575914765
residual_fitted,TUM::TUM_S006::2024-06-29,TUM,TUM::TUM_S006,0.6816278020603626,-0.09526713019148457
residual_fitted,TUM::TUM_S006::2024-06-30,TUM,TUM::TUM_S006,0.6812379185099521,-0.15097925704496595
residual_fitted,TUM::TUM_S007::2024-07-02,TUM,TUM::TUM_S007,0.5961721159505193,0.47616746544258437
residual_fitted,TUM::TUM_S007::2024-07-03,TUM,TUM::TUM_S007,0.5956611185705115,-0.5532064312136383
residual_fitted,TUM::TUM_S007::2024-07-04,TUM,TUM::TUM_S007,0.5951109731057737,0.2511090673738907
residual_fitted,TUM::TUM_S007::2024-07-05,TUM,TUM::TUM_S007,0.5945223561733948,-0.39589821330076846
residual_fitted,TUM::TUM_S007::2024-07-06,TUM,TUM::TUM_S007,0.5938959792618976,-0.4671677738715181
residual_fitted,TUM::TUM_S007::2024-07-07,TUM,TUM::TUM_S007,0.5932325858744809,-0.3521436751219986
residual_fitted,TUM::TUM_S008::2024-07-09,TUM,TUM::TUM_S008,0.7505157785485118,-0.572873786290735
residual_fitted,TUM::TUM_S008::2024-07-11,TUM,TUM::TUM_S008,0.7489425873273282,0.06776138558855026
residual_fitted,TUM::TUM_S008::2024-07-14,TUM,TUM::TUM_S008,0.7463381154173143,1.5221723011419015
residual_fitted,TUM::TUM_S009::2024-07-16,TUM,TUM::TUM_S009,0.7826691161260821,0.18727240020330865
residual_fitted,TUM::TUM_S009::2024-07-17,TUM,TUM::TUM_S009,0.7816814229509464,0.3489994157757057
residual_fitted,TUM::TUM_S009::2024-07-18,TUM,TUM::TUM_S009,0.7806661831553289,1.7090691598892602
residual_fitted,TUM::TUM_S009::2024-07-19,TUM,TUM::TUM_S009,0.7796243047841577,0.12937732348321665
residual_fitted,TUM::TUM_S009::2024-07-21,TUM,TUM::TUM_S009,0.7774642499718901,-0.8620330489387906
residual_fitted,TUM::TUM_S010::2024-07-25,TUM,TUM::TUM_S010,0.5879802875008739,1.0942113664142228
residual_fitted,TUM::TUM_S010::2024-07-26,TUM,TUM::TUM_S010,0.5867769207998259,-2.097709554881377
residual_fitted,TUM::TUM_S010::2024-07-27,TUM,TUM::TUM_S010,0.5855539398048106,1.5872025464357946
residual_fitted,TUM::TUM_S010::2024-07-28,TUM,TUM::TUM_S010,0.5843121696876659,-1.4685266651976865
residual_fitted,UCR::UCR_S001::2025-06-17,UCR,UCR::UCR_S001,0.6928172478300516,-0.20583299573687994
residual_fitted,UCR::UCR_S001::2025-06-18,UCR,UCR::UCR_S001,0.6928351704184402,0.036966320146336676
residual_fitted,UCR::UCR_S001::2025-06-19,UCR,UCR::UCR_S001,0.6928468192023884,0.26505050738401975
residual_fitted,UCR::UCR_S001::2025-06-22,UCR,UCR::UCR_S001,0.6928440698606259,-0.22782110095053668
residual_fitted,UCR::UCR_S002::2025-06-17,UCR,UCR::UCR_S002,0.7485843690579667,0.18756949302625028
residual_fitted,UCR::UCR_S002::2025-06-18,UCR,UCR::UCR_S002,0.7486022916463553,0.2885536332751816
residual_fitted,UCR::UCR_S002::2025-06-19,UCR,UCR::UCR_S002,0.7486139404303035,0.392777786968158
residual_fitted,UCR::UCR_S002::2025-06-20,UCR,UCR::UCR_S002,0.7486193072840007,-0.8339400521365481
residual_fitted,UCR::UCR_S002::2025-06-21,UCR,UCR::UCR_S002,0.7486183897578289,0.059791626391197276
residual_fitted,UCR::UCR_S002::2025-06-22,UCR,UCR::UCR_S002,0.7486111910885409,0.4967791487701373
residual_fitted,UCR::UCR_S003::2025-06-18,UCR,UCR::UCR_S003,0.7115996781391124,-0.5702301627079032
residual_fitted,UCR::UCR_S003::2025-06-22,UCR,UCR::UCR_S003,0.711608577581298,0.6819245952937919
residual_fitted,UCR::UCR_S004::2025-06-24,UCR,UCR::UCR_S004,0.7553834935641074,0.019953573632071578
residual_fitted,UCR::UCR_S004::2025-06-25,UCR,UCR::UCR_S004,0.7553575274579171,0.12823338458090885
residual_fitted,UCR::UCR_S004::2025-06-26,UCR,UCR::UCR_S004,0.7553253495443384,0.5315960939646188
residual_fitted,UCR::UCR_S005::2025-06-24,UCR,UCR::UCR_S005,0.6131386041224778,-0.7206826944016843
residual_fitted,UCR::UCR_S005::2025-06-25,UCR,UCR::UCR_S005,0.6131126380162875,-0.3432478334294543
residual_fitted,UCR::UCR_S005::2025-06-26,UCR,UCR::UCR_S005,0.6130804601027088,-0.29437267694991875
residual_fitted,UCR::UCR_S005::2025-06-29,UCR,UCR::UCR_S005,0.6129469943147531,0.19350330667231705
residual_fitted,UCR::UCR_S006::2025-06-24,UCR,UCR::UCR_S006,0.6962860791158871,-0.17141687220488047
residual_fitted,UCR::UCR_S006::2025-06-25,UCR,UCR::UCR_S006,0.6962601130096968,0.1428842769098226
residual_fitted,UCR::UCR_S006::2025-06-26,UCR,UCR::UCR_S006,0.6962279350961181,0.15936833455419655
residual_fitted,UCR::UCR_S006::2025-06-27,UCR,UCR::UCR_S006,0.6961895765670678,-0.21740769305119098
normal_qq,KNUST::KNUST_S007::2024-11-22,KNUST,KNUST::KNUST_S007,-3.0755935200224385,-6.476067589064704
normal_qq,THUAS::THUAS_S002::2025-03-09,THUAS,THUAS::THUAS_S002,-2.7316125497317856,-4.159911201631456
normal_qq,THUAS::THUAS_S007::2025-04-11,THUAS,THUAS::THUAS_S007,-2.5587739610969606,-3.8658345587011347
normal_qq,THUAS::THUAS_S015::2025-07-13,THUAS,THUAS::THUAS_S015,-2.4395422638528803,-2.2866844478298405
normal_qq,KNUST::KNUST_S001::2024-10-13,KNUST,KNUST::KNUST_S001,-2.3473484530727524,-2.2597504628528795
normal_qq,KNUST::KNUST_S005::2024-11-09,KNUST,KNUST::KNUST_S005,-2.271623774122817,-2.1949730936815244
normal_qq,TUM::TUM_S010::2024-07-26,TUM,TUM::TUM_S010,-2.2070448752211815,-2.097709554881377
normal_qq,IZTECH::IZTECH_S001::2024-12-26,IZTECH,IZTECH::IZTECH_S001,-2.1505389935653283,-1.7361854939240318
normal_qq,KNUST::KNUST_S002::2024-10-15,KNUST,KNUST::KNUST_S002,-2.1001654928444693,-1.6828526745715997
normal_qq,FUSPCEU::FUSPCEU_S008::2024-10-27,FUSPCEU,FUSPCEU::FUSPCEU_S008,-2.054617475632879,-1.6623590481214505
normal_qq,TUM::TUM_S004::2024-06-15,TUM,TUM::TUM_S004,-2.012971315885617,-1.6457485805299756
normal_qq,KNUST::KNUST_S011::2024-12-21,KNUST,KNUST::KNUST_S011,-1.9745492097786856,-1.530485594048758
normal_qq,TUM::TUM_S010::2024-07-28,TUM,TUM::TUM_S010,-1.93883848430715,-1.4685266651976865
normal_qq,KNUST::KNUST_S003::2024-10-26,KNUST,KNUST::KNUST_S003,-1.9054416225932784,-1.3802212414814388
normal_qq,RISE::RISE_S003::2025-03-22,RISE,RISE::RISE_S003,-1.874043935180575,-1.3490559151065047
normal_qq,BAUA::BAUA_S003::2025-06-16,BAUA,BAUA::BAUA_S003,-1.8443918759831066,-1.2509663692718411
normal_qq,FUSPCEU::FUSPCEU_S023::2025-01-29,FUSPCEU,FUSPCEU::FUSPCEU_S023,-1.816278046662079,-1.2045698213215696
normal_qq,IZTECH::IZTECH_S012::2025-04-24,IZTECH,IZTECH::IZTECH_S012,-1.789530551442466,-1.1610633475762515
normal_qq,IZTECH::IZTECH_S003::2025-01-10,IZTECH,IZTECH::IZTECH_S003,-1.7640052669907673,-1.1412359364997822
normal_qq,FUSPCEU::FUSPCEU_S023::2025-02-02,FUSPCEU,FUSPCEU::FUSPCEU_S023,-1.7395801166617315,-1.128119428653933
normal_qq,IZTECH::IZTECH_S015::2025-05-03,IZTECH,IZTECH::IZTECH_S015,-1.7161507545162822,-1.0898153783939337
normal_qq,RISE::RISE_S007::2025-04-20,RISE,RISE::RISE_S007,-1.6936272609809357,-1.0259618672625999
normal_qq,BAUA::BAUA_S024::2025-10-15,BAUA,BAUA::BAUA_S024,-1.671931577541872,-1.0056386000987765
normal_qq,BAUA::BAUA_S002::2025-06-14,BAUA,BAUA::BAUA_S002,-1.6509954900494,-0.9977293390310145
normal_qq,IZTECH::IZTECH_S007::2025-03-01,IZTECH,IZTECH::IZTECH_S007,-1.630759025206413,-0.9934847015628029
normal_qq,KNUST::KNUST_S003::2024-10-24,KNUST,KNUST::KNUST_S003,-1.6111691623526765,-0.9908148975662509
normal_qq,THUAS::THUAS_S015::2025-07-11,THUAS,THUAS::THUAS_S015,-1.5921787887395713,-0.9255306572523206
normal_qq,FUSPCEU::FUSPCEU_S017::2024-12-08,FUSPCEU,FUSPCEU::FUSPCEU_S017,-1.5737458449096935,-0.9035978374025719
normal_qq,BAUA::BAUA_S005::2025-06-13,BAUA,BAUA::BAUA_S005,-1.5558326199983867,-0.8819544470674545
normal_qq,BAUA::BAUA_S022::2025-09-25,BAUA,BAUA::BAUA_S022,-1.5384051663670917,-0.8668410420792612
normal_qq,TUM::TUM_S009::2024-07-21,TUM,TUM::TUM_S009,-1.5214328100363927,-0.8620330489387906
normal_qq,UCR::UCR_S002::2025-06-20,UCR,UCR::UCR_S002,-1.5048877386399935,-0.8339400521365481
normal_qq,KNUST::KNUST_S014::2025-01-24,KNUST,KNUST::KNUST_S014,-1.488744652573306,-0.8301111944221384
normal_qq,KNUST::KNUST_S012::2025-01-12,KNUST,KNUST::KNUST_S012,-1.472980468013717,-0.8261082298594714
normal_qq,BAUA::BAUA_S016::2025-07-26,BAUA,BAUA::BAUA_S016,-1.4575740627932237,-0.798231407142137
normal_qq,THUAS::THUAS_S011::2025-05-14,THUAS,THUAS::THUAS_S011,-1.442506057886384,-0.779847265083646
normal_qq,BAUA::BAUA_S018::2025-09-14,BAUA,BAUA::BAUA_S018,-1.427758628666674,-0.7687726918323967
normal_qq,FUSPCEU::FUSPCEU_S004::2024-10-08,FUSPCEU,FUSPCEU::FUSPCEU_S004,-1.4133153411769859,-0.7626781984713059
normal_qq,IZTECH::IZTECH_S013::2025-04-25,IZTECH,IZTECH::IZTECH_S013,-1.3991610095249483,-0.7363293601892804
normal_qq,FUSPCEU::FUSPCEU_S023::2025-02-01,FUSPCEU,FUSPCEU::FUSPCEU_S023,-1.385281571203101,-0.721871423177973
normal_qq,UCR::UCR_S005::2025-06-24,UCR,UCR::UCR_S005,-1.3716639776869213,-0.7206826944016843
normal_qq,IZTECH::IZTECH_S014::2025-05-01,IZTECH,IZTECH::IZTECH_S014,-1.3582960981098582,-0.7118499795688429
normal_qq,IZTECH::IZTECH_S008::2025-03-07,IZTECH,IZTECH::IZTECH_S008,-1.345166634176639,-0.6919625134668673
normal_qq,FUSPCEU::FUSPCEU_S007::2024-10-23,FUSPCEU,FUSPCEU::FUSPCEU_S007,-1.3322650447715882,-0.6904606096725453
normal_qq,BAUA::BAUA_S016::2025-07-27,BAUA,BAUA::BAUA_S016,-1.3195814789610074,-0.6848304528732282
normal_qq,RISE::RISE_S004::2025-03-28,RISE,RISE::RISE_S004,-1.3071067162883863,-0.6741787937688106
normal_qq,RISE::RISE_S012::2025-06-15,RISE,RISE::RISE_S012,-1.2948321134265808,-0.6740269951667652
normal_qq,RISE::RISE_S006::2025-04-16,RISE,RISE::RISE_S006,-1.2827495563886286,-0.6675019528302403
normal_qq,IZTECH::IZTECH_S014::2025-05-02,IZTECH,IZTECH::IZTECH_S014,-1.2708514176137302,-0.6630500713909785
normal_qq,THUAS::THUAS_S010::2025-06-07,THUAS,THUAS::THUAS_S010,-1.2591305173412575,-0.643250647344462
normal_qq,FUSPCEU::FUSPCEU_S018::2024-12-15,FUSPCEU,FUSPCEU::FUSPCEU_S018,-1.2475800887667299,-0.6389664778172738
normal_qq,IZTECH::IZTECH_S005::2025-01-22,IZTECH,IZTECH::IZTECH_S005,-1.2361937465422157,-0.6369807613239321
normal_qq,FUSPCEU::FUSPCEU_S020::2025-01-22,FUSPCEU,FUSPCEU::FUSPCEU_S020,-1.2249654582417124,-0.6351978800572128
normal_qq,RISE::RISE_S004::2025-03-27,RISE,RISE::RISE_S004,-1.2138895184614755,-0.6115406878229928
normal_qq,FUSPCEU::FUSPCEU_S012::2024-12-04,FUSPCEU,FUSPCEU::FUSPCEU_S012,-1.2029605252674647,-0.6060467925711448
normal_qq,IZTECH::IZTECH_S002::2025-01-08,IZTECH,IZTECH::IZTECH_S002,-1.192173358738194,-0.586544027370532
normal_qq,KNUST::KNUST_S012::2025-01-11,KNUST,KNUST::KNUST_S012,-1.1815231613823027,-0.5854511982323578
normal_qq,TUM::TUM_S003::2024-06-07,TUM,TUM::TUM_S003,-1.1710053202368726,-0.584726542927083
normal_qq,KNUST::KNUST_S011::2024-12-22,KNUST,KNUST::KNUST_S011,-1.160615450475613,-0.5742109308827296
normal_qq,TUM::TUM_S008::2024-07-09,TUM,TUM::TUM_S008,-1.1503493803760079,-0.572873786290735
normal_qq,UCR::UCR_S003::2025-06-18,UCR,UCR::UCR_S003,-1.1402031375118855,-0.5702301627079032
normal_qq,FUSPCEU::FUSPCEU_S024::2025-02-08,FUSPCEU,FUSPCEU::FUSPCEU_S024,-1.130172936052964,-0.5674895543456617
normal_qq,BAUA::BAUA_S009::2025-06-26,BAUA,BAUA::BAUA_S009,-1.1202551650661197,-0.5640711518298517
normal_qq,FUSPCEU::FUSPCEU_S016::2024-12-01,FUSPCEU,FUSPCEU::FUSPCEU_S016,-1.1104463777246414,-0.5635089258041054
normal_qq,RISE::RISE_S016::2025-10-10,RISE,RISE::RISE_S016,-1.1007432813418447,-0.5620468764626474
normal_qq,FUSPCEU::FUSPCEU_S018::2024-12-12,FUSPCEU,FUSPCEU::FUSPCEU_S018,-1.091142728154289,-0.5619303413915953
normal_qq,TUM::TUM_S001::2024-05-17,TUM,TUM::TUM_S001,-1.0816417067876591,-0.5596462018033883
normal_qq,BAUA::BAUA_S013::2025-07-21,BAUA,BAUA::BAUA_S013,-1.0722373343452634,-0.556298984411038
normal_qq,KNUST::KNUST_S014::2025-01-26,KNUST,KNUST::KNUST_S014,-1.0629268490651795,-0.5553491418337743
normal_qq,TUM::TUM_S007::2024-07-03,TUM,TUM::TUM_S007,-1.0537076034975024,-0.5532064312136383
normal_qq,THUAS::THUAS_S003::2025-03-22,THUAS,THUAS::THUAS_S003,-1.04457705815789,-0.5429478233604453
normal_qq,THUAS::THUAS_S011::2025-05-15,THUAS,THUAS::THUAS_S011,-1.0355327756178943,-0.5403290098301977
normal_qq,IZTECH::IZTECH_S017::2025-05-30,IZTECH,IZTECH::IZTECH_S017,-1.0265724149963313,-0.5361233686467652
normal_qq,KNUST::KNUST_S009::2024-12-08,KNUST,KNUST::KNUST_S009,-1.0176937268193196,-0.5360208171002231
normal_qq,KNUST::KNUST_S010::2024-12-10,KNUST,KNUST::KNUST_S010,-1.0088945482196412,-0.5275313439824901
normal_qq,RISE::RISE_S010::2025-06-10,RISE,RISE::RISE_S010,-1.0001727984487692,-0.5259320690447552
normal_qq,IZTECH::IZTECH_S013::2025-04-24,IZTECH,IZTECH::IZTECH_S013,-0.9915264746773305,-0.5232481565555704
normal_qq,BAUA::BAUA_S015::2025-07-24,BAUA,BAUA::BAUA_S015,-0.9829536480619332,-0.5218583103373188
normal_qq,RISE::RISE_S010::2025-06-11,RISE,RISE::RISE_S010,-0.9744524600582513,-0.5155093874077713
normal_qq,FUSPCEU::FUSPCEU_S025::2025-02-06,FUSPCEU,FUSPCEU::FUSPCEU_S025,-0.9660211189620004,-0.5056922061313643
normal_qq,IZTECH::IZTECH_S015::2025-05-02,IZTECH,IZTECH::IZTECH_S015,-0.9576578966610289,-0.50174255673369506
normal_qq,BAUA::BAUA_S016::2025-07-23,BAUA,BAUA::BAUA_S016,-0.9493611255831791,-0.5003896528587027
normal_qq,IZTECH::IZTECH_S006::2025-02-23,IZTECH,IZTECH::IZTECH_S006,-0.9411291958258481,-0.49713550067258244
normal_qq,RISE::RISE_S008::2025-04-29,RISE,RISE::RISE_S008,-0.932960552454368,-0.4937755955774592
normal_qq,THUAS::THUAS_S003::2025-03-20,THUAS,THUAS::THUAS_S003,-0.9248536929573621,-0.49138304378960324
normal_qq,BAUA::BAUA_S003::2025-06-15,BAUA,BAUA::BAUA_S003,-0.9168071648482093,-0.49066967587785626
normal_qq,BAUA::BAUA_S022::2025-09-29,BAUA,BAUA::BAUA_S022,-0.9088195634026022,-0.4875316137579872
normal_qq,THUAS::THUAS_S014::2025-07-11,THUAS,THUAS::THUAS_S014,-0.9008895295230022,-0.46827259832893625
normal_qq,TUM::TUM_S007::2024-07-06,TUM,TUM::TUM_S007,-0.8930157477214904,-0.4671677738715181
normal_qq,FUSPCEU::FUSPCEU_S006::2024-10-15,FUSPCEU,FUSPCEU::FUSPCEU_S006,-0.8851969442131855,-0.4611836860688843
normal_qq,IZTECH::IZTECH_S003::2025-01-08,IZTECH,IZTECH::IZTECH_S003,-0.8774318851129956,-0.45661437170884694
normal_qq,THUAS::THUAS_S005::2025-03-29,THUAS,THUAS::THUAS_S005,-0.8697193747290208,-0.45536883250521143
normal_qq,FUSPCEU::FUSPCEU_S011::2024-11-17,FUSPCEU,FUSPCEU::FUSPCEU_S011,-0.862058253946415,-0.45145171628857417
normal_qq,FUSPCEU::FUSPCEU_S018::2024-12-14,FUSPCEU,FUSPCEU::FUSPCEU_S018,-0.8544473986959894,-0.4510987691631278
normal_qq,KNUST::KNUST_S013::2025-01-17,KNUST,KNUST::KNUST_S013,-0.8468857185022443,-0.44885450384009173
normal_qq,KNUST::KNUST_S014::2025-01-22,KNUST,KNUST::KNUST_S014,-0.8393721551059073,-0.44717254873724394
normal_qq,FUSPCEU::FUSPCEU_S018::2024-12-11,FUSPCEU,FUSPCEU::FUSPCEU_S018,-0.8319056811564154,-0.4451432115872558
normal_qq,IZTECH::IZTECH_S003::2025-01-07,IZTECH,IZTECH::IZTECH_S003,-0.8244852989700869,-0.4443776321084712
normal_qq,KNUST::KNUST_S005::2024-11-07,KNUST,KNUST::KNUST_S005,-0.817110039350045,-0.4412413837597586
normal_qq,FUSPCEU::FUSPCEU_S008::2024-10-25,FUSPCEU,FUSPCEU::FUSPCEU_S008,-0.8097789604642175,-0.4375463503221768
normal_qq,IZTECH::IZTECH_S002::2025-01-10,IZTECH,IZTECH::IZTECH_S002,-0.8024911467779954,-0.42865757300391844
normal_qq,FUSPCEU::FUSPCEU_S020::2025-01-21,FUSPCEU,FUSPCEU::FUSPCEU_S020,-0.7952457080383633,-0.42714242895550697
normal_qq,TUM::TUM_S006::2024-06-28,TUM,TUM::TUM_S006,-0.7880417783065325,-0.4236392575914765
normal_qq,TUM::TUM_S005::2024-06-20,TUM,TUM::TUM_S005,-0.7808785150363052,-0.41488018563147494
normal_qq,FUSPCEU::FUSPCEU_S016::2024-11-30,FUSPCEU,FUSPCEU::FUSPCEU_S016,-0.7737550981955786,-0.4119885425596867
normal_qq,THUAS::THUAS_S018::2025-09-27,THUAS,THUAS::THUAS_S018,-0.7666707294285746,-0.40724060320445493
normal_qq,KNUST::KNUST_S006::2024-11-13,KNUST,KNUST::KNUST_S006,-0.7596246312565285,-0.4031771825300139
normal_qq,TUM::TUM_S007::2024-07-05,TUM,TUM::TUM_S007,-0.7526160463147259,-0.39589821330076846
normal_qq,THUAS::THUAS_S003::2025-03-21,THUAS,THUAS::THUAS_S003,-0.7456442366239036,-0.39516291735577636
normal_qq,FUSPCEU::FUSPCEU_S024::2025-02-05,FUSPCEU,FUSPCEU::FUSPCEU_S024,-0.7387084828941567,-0.38912463436198785
normal_qq,FUSPCEU::FUSPCEU_S022::2025-02-02,FUSPCEU,FUSPCEU::FUSPCEU_S022,-0.7318080838596177,-0.3878311156036252
normal_qq,KNUST::KNUST_S001::2024-10-12,KNUST,KNUST::KNUST_S001,-0.7249423556422703,-0.38397365589774674
normal_qq,BAUA::BAUA_S009::2025-06-27,BAUA,BAUA::BAUA_S009,-0.7181106311433686,-0.38188509638200224
normal_qq,RISE::RISE_S007::2025-04-19,RISE,RISE::RISE_S007,-0.7113122594610234,-0.3792451172145846
normal_qq,BAUA::BAUA_S022::2025-09-26,BAUA,BAUA::BAUA_S022,-0.7045466053326045,-0.378697730283915
normal_qq,TUM::TUM_S005::2024-06-18,TUM,TUM::TUM_S005,-0.6978130486006843,-0.37763542668258465
normal_qq,RISE::RISE_S005::2025-04-04,RISE,RISE::RISE_S005,-0.691110983701336,-0.3679304009769494
normal_qq,IZTECH::IZTECH_S005::2025-01-25,IZTECH,IZTECH::IZTECH_S005,-0.6844398191736502,-0.3656016272019393
normal_qq,BAUA::BAUA_S013::2025-07-16,BAUA,BAUA::BAUA_S013,-0.6777989771894227,-0.36299939604187864
normal_qq,FUSPCEU::FUSPCEU_S004::2024-10-09,FUSPCEU,FUSPCEU::FUSPCEU_S004,-0.6711878931020037,-0.35847862478723247
normal_qq,TUM::TUM_S007::2024-07-07,TUM,TUM::TUM_S007,-0.6646060150133767,-0.3521436751219986
normal_qq,FUSPCEU::FUSPCEU_S020::2025-01-24,FUSPCEU,FUSPCEU::FUSPCEU_S020,-0.6580528033585735,-0.34794552626501657
normal_qq,BAUA::BAUA_S024::2025-10-14,BAUA,BAUA::BAUA_S024,-0.6515277305065936,-0.3475864789821922
normal_qq,FUSPCEU::FUSPCEU_S003::2024-10-08,FUSPCEU,FUSPCEU::FUSPCEU_S003,-0.6450302803770309,-0.34651124449243564
normal_qq,UCR::UCR_S005::2025-06-25,UCR,UCR::UCR_S005,-0.6385599480716668,-0.3432478334294543
normal_qq,IZTECH::IZTECH_S006::2025-02-18,IZTECH,IZTECH::IZTECH_S006,-0.632116239520322,-0.3345732947305225
normal_qq,FUSPCEU::FUSPCEU_S009::2024-11-05,FUSPCEU,FUSPCEU::FUSPCEU_S009,-0.625698671140297,-0.329313404128966
normal_qq,TUM::TUM_S005::2024-06-21,TUM,TUM::TUM_S005,-0.6193067695087761,-0.32591930587275925
normal_qq,KNUST::KNUST_S005::2024-11-08,KNUST,KNUST::KNUST_S005,-0.6129400710475934,-0.3252901847227667
normal_qq,RISE::RISE_S005::2025-04-06,RISE,RISE::RISE_S005,-0.6065981217197967,-0.32456889919863574
normal_qq,KNUST::KNUST_S010::2024-12-11,KNUST,KNUST::KNUST_S010,-0.6002804767374748,-0.32306971204203766
normal_qq,KNUST::KNUST_S013::2025-01-15,KNUST,KNUST::KNUST_S013,-0.5939867002803402,-0.3185545829038139
normal_qq,RISE::RISE_S012::2025-06-12,RISE,RISE::RISE_S012,-0.5877163652245848,-0.31741997389194393
normal_qq,FUSPCEU::FUSPCEU_S011::2024-11-14,FUSPCEU,FUSPCEU::FUSPCEU_S011,-0.5814690528815564,-0.31624844270668867
normal_qq,THUAS::THUAS_S006::2025-04-02,THUAS,THUAS::THUAS_S006,-0.5752443527458193,-0.31006723689675053
normal_qq,FUSPCEU::FUSPCEU_S011::2024-11-16,FUSPCEU,FUSPCEU::FUSPCEU_S011,-0.5690418622521916,-0.30960757755801893
normal_qq,BAUA::BAUA_S003::2025-06-14,BAUA,BAUA::BAUA_S003,-0.5628611865413657,-0.30788306432554413
normal_qq,FUSPCEU::FUSPCEU_S010::2024-11-05,FUSPCEU,FUSPCEU::FUSPCEU_S010,-0.5567019382337465,-0.3024274089318481
normal_qq,THUAS::THUAS_S005::2025-03-30,THUAS,THUAS::THUAS_S005,-0.5505637372111492,-0.29857346644695987
normal_qq,RISE::RISE_S007::2025-04-18,RISE,RISE::RISE_S007,-0.5444462104060299,-0.29504165064704707
normal_qq,UCR::UCR_S005::2025-06-26,UCR,UCR::UCR_S005,-0.5383489915979216,-0.29437267694991875
normal_qq,RISE::RISE_S013::2025-06-28,RISE,RISE::RISE_S013,-0.5322717212167817,-0.28911986569513337
normal_qq,KNUST::KNUST_S008::2024-12-01,KNUST,KNUST::KNUST_S008,-0.5262140461529569,-0.28097057960287497
normal_qq,THUAS::THUAS_S017::2025-09-09,THUAS,THUAS::THUAS_S017,-0.5201756195734936,-0.2789070983248852
normal_qq,FUSPCEU::FUSPCEU_S006::2024-10-17,FUSPCEU,FUSPCEU::FUSPCEU_S006,-0.514156100744534,-0.2759044930878643
normal_qq,TUM::TUM_S003::2024-06-08,TUM,TUM::TUM_S003,-0.5081551548595451,-0.2751020960547103
normal_qq,TUM::TUM_S005::2024-06-22,TUM,TUM::TUM_S005,-0.5021724528731477,-0.27032812932103173
normal_qq,TUM::TUM_S005::2024-06-19,TUM,TUM::TUM_S005,-0.49620767134031596,-0.269745385795581
normal_qq,IZTECH::IZTECH_S003::2025-01-09,IZTECH,IZTECH::IZTECH_S003,-0.4902604922607338,-0.26670098058749914
normal_qq,TUM::TUM_S001::2024-05-15,TUM,TUM::TUM_S001,-0.4843306029281037,-0.26268391349382025
normal_qq,THUAS::THUAS_S017::2025-09-13,THUAS,THUAS::THUAS_S017,-0.478417695784205,-0.2578424954860132
normal_qq,FUSPCEU::FUSPCEU_S019::2024-12-13,FUSPCEU,FUSPCEU::FUSPCEU_S019,-0.4725214682775249,-0.25496419142307164
normal_qq,KNUST::KNUST_S014::2025-01-21,KNUST,KNUST::KNUST_S014,-0.46664162272627213,-0.25346384482934936
normal_qq,RISE::RISE_S008::2025-04-30,RISE,RISE::RISE_S008,-0.46077786618561073,-0.2479091938232691
normal_qq,FUSPCEU::FUSPCEU_S006::2024-10-16,FUSPCEU,FUSPCEU::FUSPCEU_S006,-0.4549299103189445,-0.24686881257460958
normal_qq,FUSPCEU::FUSPCEU_S015::2024-11-27,FUSPCEU,FUSPCEU::FUSPCEU_S015,-0.44909747127310057,-0.2435144349712539
normal_qq,THUAS::THUAS_S001::2025-02-28,THUAS,THUAS::THUAS_S001,-0.44328026955725874,-0.24143598704427088
normal_qq,THUAS::THUAS_S001::2025-02-27,THUAS,THUAS::THUAS_S001,-0.43747802992548623,-0.24021202813468812
normal_qq,BAUA::BAUA_S001::2025-06-14,BAUA,BAUA::BAUA_S001,-0.43169048126274057,-0.23398830084529101
normal_qq,THUAS::THUAS_S016::2025-07-12,THUAS,THUAS::THUAS_S016,-0.42591735647420864,-0.23264856766624267
normal_qq,UCR::UCR_S001::2025-06-22,UCR,UCR::UCR_S001,-0.4201583923778571,-0.22782110095053668
normal_qq,FUSPCEU::FUSPCEU_S022::2025-01-31,FUSPCEU,FUSPCEU::FUSPCEU_S022,-0.4144133296000764,-0.2248970615669561
normal_qq,KNUST::KNUST_S006::2024-11-15,KNUST,KNUST::KNUST_S006,-0.40868191247429747,-0.22452193492884603
normal_qq,IZTECH::IZTECH_S002::2025-01-07,IZTECH,IZTECH::IZTECH_S002,-0.4029638889424783,-0.22372312111852494
normal_qq,UCR::UCR_S006::2025-06-27,UCR,UCR::UCR_S006,-0.3972590104593491,-0.21740769305119098
normal_qq,BAUA::BAUA_S025::2025-10-18,BAUA,BAUA::BAUA_S025,-0.391567031899317,-0.2145606257807393
normal_qq,IZTECH::IZTECH_S005::2025-01-21,IZTECH,IZTECH::IZTECH_S005,-0.3858877114659337,-0.20809940883109268
normal_qq,UCR::UCR_S001::2025-06-17,UCR,UCR::UCR_S001,-0.38022081060382984,-0.20583299573687994
normal_qq,FUSPCEU::FUSPCEU_S003::2024-10-12,FUSPCEU,FUSPCEU::FUSPCEU_S003,-0.37456609391303114,-0.2056424181036329
normal_qq,FUSPCEU::FUSPCEU_S003::2024-10-09,FUSPCEU,FUSPCEU::FUSPCEU_S003,-0.3689233290655655,-0.1993871502005193
normal_qq,KNUST::KNUST_S015::2025-01-29,KNUST,KNUST::KNUST_S015,-0.3632922867242818,-0.19834771573345272
normal_qq,TUM::TUM_S001::2024-05-19,TUM,TUM::TUM_S001,-0.35767274046380126,-0.19320545875975542
normal_qq,FUSPCEU::FUSPCEU_S009::2024-11-10,FUSPCEU,FUSPCEU::FUSPCEU_S009,-0.35206446669352104,-0.18992243987648802
normal_qq,THUAS::THUAS_S001::2025-02-24,THUAS,THUAS::THUAS_S001,-0.346467244582603,-0.1877972414181439
normal_qq,IZTECH::IZTECH_S013::2025-04-27,IZTECH,IZTECH::IZTECH_S013,-0.3408808559868713,-0.18346064822810287
normal_qq,FUSPCEU::FUSPCEU_S015::2024-11-30,FUSPCEU,FUSPCEU::FUSPCEU_S015,-0.3353050853775558,-0.17987842611440213
normal_qq,KNUST::KNUST_S008::2024-11-28,KNUST,KNUST::KNUST_S008,-0.3297397197718129,-0.17880162816910491
normal_qq,UCR::UCR_S006::2025-06-24,UCR,UCR::UCR_S006,-0.3241845486649611,-0.17141687220488047
normal_qq,KNUST::KNUST_S009::2024-12-07,KNUST,KNUST::KNUST_S009,-0.3186393639643752,-0.17116991556861874
normal_qq,RISE::RISE_S016::2025-10-08,RISE,RISE::RISE_S016,-0.3131039599249737,-0.16214473036822674
normal_qq,FUSPCEU::FUSPCEU_S010::2024-11-07,FUSPCEU,FUSPCEU::FUSPCEU_S010,-0.30757813308625076,-0.15766025426097663
normal_qq,THUAS::THUAS_S001::2025-02-22,THUAS,THUAS::THUAS_S001,-0.3020616822107925,-0.15154313198731478
normal_qq,IZTECH::IZTECH_S007::2025-02-25,IZTECH,IZTECH::IZTECH_S007,-0.2965544082242309,-0.15132033859678165
normal_qq,TUM::TUM_S006::2024-06-30,TUM,TUM::TUM_S006,-0.29105611415658084,-0.15097925704496595
normal_qq,BAUA::BAUA_S014::2025-07-18,BAUA,BAUA::BAUA_S014,-0.28556660508491427,-0.15018771067953618
normal_qq,FUSPCEU::FUSPCEU_S022::2025-02-01,FUSPCEU,FUSPCEU::FUSPCEU_S022,-0.28008568807732365,-0.14741187470544076
normal_qq,BAUA::BAUA_S013::2025-07-17,BAUA,BAUA::BAUA_S013,-0.2746131721381314,-0.14590344607285466
normal_qq,THUAS::THUAS_S016::2025-07-09,THUAS,THUAS::THUAS_S016,-0.2691488681542987,-0.1430207142361602
normal_qq,KNUST::KNUST_S004::2024-11-02,KNUST,KNUST::KNUST_S004,-0.26369258884299435,-0.1356695393832692
normal_qq,FUSPCEU::FUSPCEU_S014::2024-11-21,FUSPCEU,FUSPCEU::FUSPCEU_S014,-0.25824414870028217,-0.13471325364939815
normal_qq,KNUST::KNUST_S012::2025-01-07,KNUST,KNUST::KNUST_S012,-0.25280336395088676,-0.13065872187255606
normal_qq,IZTECH::IZTECH_S008::2025-03-04,IZTECH,IZTECH::IZTECH_S008,-0.24737005249900199,-0.1287578443568873
normal_qq,RISE::RISE_S012::2025-06-16,RISE,RISE::RISE_S012,-0.24194403388010152,-0.12191552945523988
normal_qq,BAUA::BAUA_S009::2025-06-28,BAUA,BAUA::BAUA_S009,-0.23652512921372074,-0.12056374469627965
normal_qq,IZTECH::IZTECH_S010::2025-04-15,IZTECH,IZTECH::IZTECH_S010,-0.23111316115717154,-0.1155749792887601
normal_qq,FUSPCEU::FUSPCEU_S007::2024-10-25,FUSPCEU,FUSPCEU::FUSPCEU_S007,-0.22570795386015938,-0.11361197926351388
normal_qq,FUSPCEU::FUSPCEU_S009::2024-11-09,FUSPCEU,FUSPCEU::FUSPCEU_S009,-0.22030933292026827,-0.10935833054959614
normal_qq,FUSPCEU::FUSPCEU_S007::2024-10-22,FUSPCEU,FUSPCEU::FUSPCEU_S007,-0.2149171253392843,-0.10809980296548648
normal_qq,FUSPCEU::FUSPCEU_S003::2024-10-11,FUSPCEU,FUSPCEU::FUSPCEU_S003,-0.20953115948032633,-0.106461379425584
normal_qq,TUM::TUM_S003::2024-06-05,TUM,TUM::TUM_S003,-0.204151265025754,-0.10579904325050415
normal_qq,THUAS::THUAS_S006::2025-04-03,THUAS,THUAS::THUAS_S006,-0.19877727293582587,-0.10319558784122643
normal_qq,IZTECH::IZTECH_S004::2025-01-23,IZTECH,IZTECH::IZTECH_S004,-0.19340901540807895,-0.09976104517240082
normal_qq,BAUA::BAUA_S015::2025-07-26,BAUA,BAUA::BAUA_S015,-0.188046325837403,-0.09746878405717486
normal_qq,FUSPCEU::FUSPCEU_S008::2024-10-23,FUSPCEU,FUSPCEU::FUSPCEU_S008,-0.18268903877678386,-0.09605600602543879
normal_qq,TUM::TUM_S006::2024-06-29,TUM,TUM::TUM_S006,-0.17733698989868937,-0.09526713019148457
normal_qq,KNUST::KNUST_S006::2024-11-16,KNUST,KNUST::KNUST_S006,-0.17199001595707425,-0.0949476300043829
normal_qq,KNUST::KNUST_S011::2024-12-20,KNUST,KNUST::KNUST_S011,-0.16664795474997976,-0.09147637835093085
normal_qq,BAUA::BAUA_S025::2025-10-15,BAUA,BAUA::BAUA_S025,-0.16131064508270337,-0.0852448383402
normal_qq,FUSPCEU::FUSPCEU_S017::2024-12-04,FUSPCEU,FUSPCEU::FUSPCEU_S017,-0.15597792673151786,-0.0846215708524062
normal_qq,KNUST::KNUST_S015::2025-01-31,KNUST,KNUST::KNUST_S015,-0.1506496404079157,-0.08110558401810583
normal_qq,TUM::TUM_S002::2024-05-28,TUM,TUM::TUM_S002,-0.14532562772335808,-0.07721871600548973
normal_qq,RISE::RISE_S005::2025-04-05,RISE,RISE::RISE_S005,-0.1400057311545069,-0.07237913193450973
normal_qq,RISE::RISE_S003::2025-03-19,RISE,RISE::RISE_S003,-0.13468979400891953,-0.07125701790976127
normal_qq,IZTECH::IZTECH_S016::2025-05-10,IZTECH,IZTECH::IZTECH_S016,-0.1293776603911862,-0.06985412770424392
normal_qq,BAUA::BAUA_S024::2025-10-17,BAUA,BAUA::BAUA_S024,-0.12406917516948873,-0.05518862119931545
normal_qq,RISE::RISE_S010::2025-06-12,RISE,RISE::RISE_S010,-0.11876418394256442,-0.055146871674527524
normal_qq,KNUST::KNUST_S006::2024-11-12,KNUST,KNUST::KNUST_S006,-0.11346253300705295,-0.05388967247589973
normal_qq,FUSPCEU::FUSPCEU_S019::2024-12-12,FUSPCEU,FUSPCEU::FUSPCEU_S019,-0.10816406932521015,-0.04888900721917228
normal_qq,FUSPCEU::FUSPCEU_S003::2024-10-10,FUSPCEU,FUSPCEU::FUSPCEU_S003,-0.10286864049296912,-0.04644718870708564
normal_qq,FUSPCEU::FUSPCEU_S006::2024-10-18,FUSPCEU,FUSPCEU::FUSPCEU_S006,-0.0975760947083316,-0.04340107351084094
normal_qq,KNUST::KNUST_S013::2025-01-14,KNUST,KNUST::KNUST_S013,-0.09228628074007243,-0.039717588084464406
normal_qq,FUSPCEU::FUSPCEU_S010::2024-11-04,FUSPCEU,FUSPCEU::FUSPCEU_S010,-0.08699904789673818,-0.03412600904427565
normal_qq,TUM::TUM_S002::2024-05-30,TUM,TUM::TUM_S002,-0.08171424599592614,-0.033304879105496905
normal_qq,KNUST::KNUST_S003::2024-10-27,KNUST,KNUST::KNUST_S003,-0.07643172533382425,-0.03201967357893555
normal_qq,BAUA::BAUA_S004::2025-06-13,BAUA,BAUA::BAUA_S004,-0.07115133665499712,-0.02978822629029108
normal_qq,RISE::RISE_S005::2025-04-02,RISE,RISE::RISE_S005,-0.06587293112240203,-0.026598450883143786
normal_qq,FUSPCEU::FUSPCEU_S007::2024-10-24,FUSPCEU,FUSPCEU::FUSPCEU_S007,-0.060596360287618535,-0.026393924862068107
normal_qq,BAUA::BAUA_S004::2025-06-12,BAUA,BAUA::BAUA_S004,-0.05532147606127608,-0.025316767511460454
normal_qq,BAUA::BAUA_S014::2025-07-21,BAUA,BAUA::BAUA_S014,-0.050048130683665475,-0.021782673470462397
normal_qq,FUSPCEU::FUSPCEU_S012::2024-12-03,FUSPCEU,FUSPCEU::FUSPCEU_S012,-0.044776176695516236,-0.02176644962778568
normal_qq,IZTECH::IZTECH_S004::2025-01-24,IZTECH,IZTECH::IZTECH_S004,-0.03950546690892787,-0.019208731057217255
normal_qq,FUSPCEU::FUSPCEU_S015::2024-11-28,FUSPCEU,FUSPCEU::FUSPCEU_S015,-0.0342358543784379,-0.015301049235767573
normal_qq,IZTECH::IZTECH_S004::2025-01-22,IZTECH,IZTECH::IZTECH_S004,-0.028967192372212666,-0.014942827074347742
normal_qq,RISE::RISE_S013::2025-06-25,RISE,RISE::RISE_S013,-0.023699334343346163,-0.014612072077027841
normal_qq,IZTECH::IZTECH_S016::2025-05-09,IZTECH,IZTECH::IZTECH_S016,-0.018432133901252062,-0.012184474903730721
normal_qq,THUAS::THUAS_S011::2025-05-13,THUAS,THUAS::THUAS_S011,-0.013165444783135185,-0.00874896436349654
normal_qq,FUSPCEU::FUSPCEU_S009::2024-11-04,FUSPCEU,FUSPCEU::FUSPCEU_S009,-0.0078991208255261,-0.005511522568935923
normal_qq,IZTECH::IZTECH_S006::2025-02-21,IZTECH,IZTECH::IZTECH_S006,-0.0026330159358670478,-0.0021554384963353907
normal_qq,TUM::TUM_S006::2024-06-26,TUM,TUM::TUM_S006,0.0026330159358670478,-4.375118293854372e-4
normal_qq,IZTECH::IZTECH_S001::2024-12-28,IZTECH,IZTECH::IZTECH_S001,0.0078991208255261,2.6988615829685235e-4
normal_qq,IZTECH::IZTECH_S004::2025-01-26,IZTECH,IZTECH::IZTECH_S004,0.013165444783135185,7.628506873037674e-4
normal_qq,IZTECH::IZTECH_S013::2025-04-23,IZTECH,IZTECH::IZTECH_S013,0.018432133901252062,0.0061027872370660995
normal_qq,FUSPCEU::FUSPCEU_S009::2024-11-06,FUSPCEU,FUSPCEU::FUSPCEU_S009,0.02369933434334602,0.006159497054832018
normal_qq,TUM::TUM_S003::2024-06-04,TUM,TUM::TUM_S003,0.028967192372212524,0.00906010238343318
normal_qq,TUM::TUM_S004::2024-06-12,TUM,TUM::TUM_S004,0.034235854378437756,0.018023694707100166
normal_qq,FUSPCEU::FUSPCEU_S005::2024-10-15,FUSPCEU,FUSPCEU::FUSPCEU_S005,0.03950546690892802,0.0192805267908301
normal_qq,UCR::UCR_S004::2025-06-24,UCR,UCR::UCR_S004,0.044776176695516375,0.019953573632071578
normal_qq,FUSPCEU::FUSPCEU_S013::2024-11-19,FUSPCEU,FUSPCEU::FUSPCEU_S013,0.05004813068366561,0.026777112768578318
normal_qq,FUSPCEU::FUSPCEU_S007::2024-10-27,FUSPCEU,FUSPCEU::FUSPCEU_S007,0.055321476061276215,0.026913834402018205
normal_qq,FUSPCEU::FUSPCEU_S019::2024-12-11,FUSPCEU,FUSPCEU::FUSPCEU_S019,0.060596360287618535,0.0291601121947777
normal_qq,RISE::RISE_S008::2025-05-03,RISE,RISE::RISE_S008,0.06587293112240203,0.034770749685313164
normal_qq,UCR::UCR_S001::2025-06-18,UCR,UCR::UCR_S001,0.07115133665499712,0.036966320146336676
normal_qq,RISE::RISE_S003::2025-03-20,RISE,RISE::RISE_S003,0.07643172533382425,0.03893091619355348
normal_qq,THUAS::THUAS_S018::2025-09-25,THUAS,THUAS::THUAS_S018,0.08171424599592614,0.04135157928625829
normal_qq,THUAS::THUAS_S010::2025-06-05,THUAS,THUAS::THUAS_S010,0.08699904789673818,0.04176569878745181
normal_qq,IZTECH::IZTECH_S007::2025-02-26,IZTECH,IZTECH::IZTECH_S007,0.09228628074007243,0.042250879994014
normal_qq,FUSPCEU::FUSPCEU_S023::2025-01-31,FUSPCEU,FUSPCEU::FUSPCEU_S023,0.0975760947083316,0.05518124206355081
normal_qq,RISE::RISE_S002::2025-03-20,RISE,RISE::RISE_S002,0.10286864049296898,0.058053550575919884
normal_qq,UCR::UCR_S002::2025-06-21,UCR,UCR::UCR_S002,0.10816406932521001,0.059791626391197276
normal_qq,THUAS::THUAS_S005::2025-03-27,THUAS,THUAS::THUAS_S005,0.11346253300705281,0.06467983779249303
normal_qq,IZTECH::IZTECH_S012::2025-04-22,IZTECH,IZTECH::IZTECH_S012,0.11876418394256456,0.0650782619374322
normal_qq,IZTECH::IZTECH_S014::2025-04-30,IZTECH,IZTECH::IZTECH_S014,0.12406917516948889,0.0669890482011673
normal_qq,THUAS::THUAS_S010::2025-06-09,THUAS,THUAS::THUAS_S010,0.12937766039118634,0.06759955068730233
normal_qq,TUM::TUM_S008::2024-07-11,TUM,TUM::TUM_S008,0.1346897940089197,0.06776138558855026
normal_qq,IZTECH::IZTECH_S001::2024-12-25,IZTECH,IZTECH::IZTECH_S001,0.1400057311545069,0.07855217508510087
normal_qq,RISE::RISE_S001::2025-03-05,RISE,RISE::RISE_S001,0.14532562772335808,0.08447150247497502
normal_qq,THUAS::THUAS_S016::2025-07-11,THUAS,THUAS::THUAS_S016,0.1506496404079157,0.08873632275398842
normal_qq,TUM::TUM_S006::2024-06-25,TUM,TUM::TUM_S006,0.15597792673151786,0.08985687351472953
normal_qq,THUAS::THUAS_S005::2025-03-25,THUAS,THUAS::THUAS_S005,0.16131064508270337,0.09190340321565044
normal_qq,IZTECH::IZTECH_S012::2025-04-26,IZTECH,IZTECH::IZTECH_S012,0.16664795474997976,0.09565687588055742
normal_qq,THUAS::THUAS_S011::2025-05-16,THUAS,THUAS::THUAS_S011,0.17199001595707425,0.10382206989741405
normal_qq,KNUST::KNUST_S004::2024-11-01,KNUST,KNUST::KNUST_S004,0.17733698989868923,0.1061994876187846
normal_qq,THUAS::THUAS_S016::2025-07-08,THUAS,THUAS::THUAS_S016,0.18268903877678366,0.11423136677890301
normal_qq,BAUA::BAUA_S014::2025-07-20,BAUA,BAUA::BAUA_S014,0.18804632583740283,0.11540301960209685
normal_qq,IZTECH::IZTECH_S005::2025-01-24,IZTECH,IZTECH::IZTECH_S005,0.19340901540807875,0.11825928735995908
normal_qq,FUSPCEU::FUSPCEU_S024::2025-02-06,FUSPCEU,FUSPCEU::FUSPCEU_S024,0.198777272935826,0.11844592612387708
normal_qq,BAUA::BAUA_S013::2025-07-20,BAUA,BAUA::BAUA_S013,0.20415126502575412,0.1189801693639742
normal_qq,KNUST::KNUST_S006::2024-11-17,KNUST,KNUST::KNUST_S006,0.20953115948032647,0.12289868426550178
normal_qq,THUAS::THUAS_S014::2025-07-08,THUAS,THUAS::THUAS_S014,0.21491712533928448,0.12823061333842317
normal_qq,UCR::UCR_S004::2025-06-25,UCR,UCR::UCR_S004,0.22030933292026827,0.12823338458090885
normal_qq,TUM::TUM_S009::2024-07-19,TUM,TUM::TUM_S009,0.22570795386015938,0.12937732348321665
normal_qq,THUAS::THUAS_S001::2025-02-25,THUAS,THUAS::THUAS_S001,0.23111316115717154,0.13030391203349484
normal_qq,IZTECH::IZTECH_S005::2025-01-26,IZTECH,IZTECH::IZTECH_S005,0.23652512921372074,0.13091323463508134
normal_qq,THUAS::THUAS_S007::2025-04-10,THUAS,THUAS::THUAS_S007,0.24194403388010152,0.1312422608317519
normal_qq,RISE::RISE_S010::2025-06-14,RISE,RISE::RISE_S010,0.24737005249900199,0.13229180698111212
normal_qq,FUSPCEU::FUSPCEU_S009::2024-11-07,FUSPCEU,FUSPCEU::FUSPCEU_S009,0.25280336395088676,0.13257791254636292
normal_qq,BAUA::BAUA_S013::2025-07-19,BAUA,BAUA::BAUA_S013,0.258244148700282,0.13753392338238382
normal_qq,BAUA::BAUA_S016::2025-07-28,BAUA,BAUA::BAUA_S016,0.2636925888429942,0.13819338276712592
normal_qq,BAUA::BAUA_S022::2025-09-24,BAUA,BAUA::BAUA_S022,0.26914886815429856,0.14000482600829628
normal_qq,UCR::UCR_S006::2025-06-25,UCR,UCR::UCR_S006,0.2746131721381313,0.1428842769098226
normal_qq,IZTECH::IZTECH_S008::2025-03-06,IZTECH,IZTECH::IZTECH_S008,0.28008568807732376,0.14336680815576697
normal_qq,TUM::TUM_S003::2024-06-09,TUM,TUM::TUM_S003,0.2855666050849144,0.14762135579102043
normal_qq,BAUA::BAUA_S025::2025-10-17,BAUA,BAUA::BAUA_S025,0.291056114156581,0.1484278839610624
normal_qq,IZTECH::IZTECH_S009::2025-03-24,IZTECH,IZTECH::IZTECH_S009,0.29655440822423107,0.14864793777223825
normal_qq,KNUST::KNUST_S008::2024-11-29,KNUST,KNUST::KNUST_S008,0.3020616822107925,0.15441212154005016
normal_qq,THUAS::THUAS_S017::2025-09-10,THUAS,THUAS::THUAS_S017,0.30757813308625076,0.15881052179725635
normal_qq,UCR::UCR_S006::2025-06-26,UCR,UCR::UCR_S006,0.3131039599249737,0.15936833455419655
normal_qq,IZTECH::IZTECH_S011::2025-04-20,IZTECH,IZTECH::IZTECH_S011,0.3186393639643752,0.15941449302835767
normal_qq,BAUA::BAUA_S002::2025-06-16,BAUA,BAUA::BAUA_S002,0.3241845486649611,0.16542944051961106
normal_qq,TUM::TUM_S005::2024-06-23,TUM,TUM::TUM_S005,0.3297397197718129,0.16802082458565012
normal_qq,FUSPCEU::FUSPCEU_S015::2024-12-01,FUSPCEU,FUSPCEU::FUSPCEU_S015,0.3353050853775558,0.16849167215260538
normal_qq,BAUA::BAUA_S002::2025-06-11,BAUA,BAUA::BAUA_S002,0.34088085598687123,0.170661785778519
normal_qq,BAUA::BAUA_S018::2025-09-10,BAUA,BAUA::BAUA_S018,0.34646724458260275,0.1739958092417699
normal_qq,KNUST::KNUST_S010::2024-12-14,KNUST,KNUST::KNUST_S010,0.35206446669352093,0.17583697971156578
normal_qq,IZTECH::IZTECH_S001::2024-12-27,IZTECH,IZTECH::IZTECH_S001,0.3576727404638011,0.17812986142863618
normal_qq,FUSPCEU::FUSPCEU_S017::2024-12-03,FUSPCEU,FUSPCEU::FUSPCEU_S017,0.3632922867242821,0.17931121679099926
normal_qq,KNUST::KNUST_S015::2025-02-01,KNUST,KNUST::KNUST_S015,0.3689233290655657,0.18280169583714045
normal_qq,THUAS::THUAS_S017::2025-09-11,THUAS,THUAS::THUAS_S017,0.37456609391303125,0.18510291418825967
normal_qq,TUM::TUM_S009::2024-07-16,TUM,TUM::TUM_S009,0.38022081060382995,0.18727240020330865
normal_qq,UCR::UCR_S002::2025-06-17,UCR,UCR::UCR_S002,0.3858877114659337,0.18756949302625028
normal_qq,BAUA::BAUA_S004::2025-06-11,BAUA,BAUA::BAUA_S004,0.391567031899317,0.18771125827761617
normal_qq,IZTECH::IZTECH_S005::2025-01-23,IZTECH,IZTECH::IZTECH_S005,0.3972590104593491,0.18943162806304426
normal_qq,FUSPCEU::FUSPCEU_S008::2024-10-22,FUSPCEU,FUSPCEU::FUSPCEU_S008,0.4029638889424783,0.19262128115182037
normal_qq,UCR::UCR_S005::2025-06-29,UCR,UCR::UCR_S005,0.40868191247429747,0.19350330667231705
normal_qq,IZTECH::IZTECH_S006::2025-02-19,IZTECH,IZTECH::IZTECH_S006,0.4144133296000764,0.19634356155314533
normal_qq,TUM::TUM_S002::2024-06-02,TUM,TUM::TUM_S002,0.4201583923778571,0.20129123594505213
normal_qq,KNUST::KNUST_S009::2024-12-04,KNUST,KNUST::KNUST_S009,0.42591735647420836,0.20152155493169346
normal_qq,RISE::RISE_S012::2025-06-13,RISE,RISE::RISE_S012,0.43169048126274046,0.21164885179049267
normal_qq,THUAS::THUAS_S017::2025-09-14,THUAS,THUAS::THUAS_S017,0.437478029925486,0.23225893609729142
normal_qq,FUSPCEU::FUSPCEU_S007::2024-10-26,FUSPCEU,FUSPCEU::FUSPCEU_S007,0.44328026955725847,0.2404996447463392
normal_qq,FUSPCEU::FUSPCEU_S024::2025-02-09,FUSPCEU,FUSPCEU::FUSPCEU_S024,0.4490974712731008,0.24212467237661428
normal_qq,FUSPCEU::FUSPCEU_S014::2024-11-24,FUSPCEU,FUSPCEU::FUSPCEU_S014,0.45492991031894464,0.24563000145526123
normal_qq,RISE::RISE_S012::2025-06-10,RISE,RISE::RISE_S012,0.46077786618561084,0.24593615221396642
normal_qq,BAUA::BAUA_S006::2025-06-11,BAUA,BAUA::BAUA_S006,0.46664162272627224,0.24819258723542365
normal_qq,KNUST::KNUST_S010::2024-12-12,KNUST,KNUST::KNUST_S010,0.4725214682775249,0.24957760125274564
normal_qq,FUSPCEU::FUSPCEU_S008::2024-10-24,FUSPCEU,FUSPCEU::FUSPCEU_S008,0.478417695784205,0.25045281840436867
normal_qq,TUM::TUM_S007::2024-07-04,TUM,TUM::TUM_S007,0.4843306029281037,0.2511090673738907
normal_qq,TUM::TUM_S001::2024-05-16,TUM,TUM::TUM_S001,0.4902604922607338,0.2519989770927721
normal_qq,THUAS::THUAS_S001::2025-02-23,THUAS,THUAS::THUAS_S001,0.49620767134031596,0.2580613520571028
normal_qq,IZTECH::IZTECH_S011::2025-04-17,IZTECH,IZTECH::IZTECH_S011,0.5021724528731477,0.26156210624792303
normal_qq,UCR::UCR_S001::2025-06-19,UCR,UCR::UCR_S001,0.5081551548595451,0.26505050738401975
normal_qq,BAUA::BAUA_S005::2025-06-12,BAUA,BAUA::BAUA_S005,0.5141561007445338,0.2717623906796873
normal_qq,THUAS::THUAS_S007::2025-04-13,THUAS,THUAS::THUAS_S007,0.5201756195734935,0.2724419995235832
normal_qq,BAUA::BAUA_S012::2025-07-20,BAUA,BAUA::BAUA_S012,0.5262140461529566,0.2725692111188761
normal_qq,FUSPCEU::FUSPCEU_S025::2025-02-04,FUSPCEU,FUSPCEU::FUSPCEU_S025,0.5322717212167816,0.2730632602602264
normal_qq,BAUA::BAUA_S002::2025-06-12,BAUA,BAUA::BAUA_S002,0.5383489915979219,0.27410316704051885
normal_qq,IZTECH::IZTECH_S015::2025-04-29,IZTECH,IZTECH::IZTECH_S015,0.5444462104060299,0.27518502571940895
normal_qq,BAUA::BAUA_S018::2025-09-12,BAUA,BAUA::BAUA_S018,0.5505637372111493,0.27898654333035605
normal_qq,THUAS::THUAS_S016::2025-07-10,THUAS,THUAS::THUAS_S016,0.5567019382337465,0.2792146378406335
normal_qq,IZTECH::IZTECH_S016::2025-05-08,IZTECH,IZTECH::IZTECH_S016,0.5628611865413657,0.2819146869767697
normal_qq,IZTECH::IZTECH_S010::2025-04-16,IZTECH,IZTECH::IZTECH_S010,0.5690418622521916,0.28348540210572454
normal_qq,FUSPCEU::FUSPCEU_S012::2024-12-05,FUSPCEU,FUSPCEU::FUSPCEU_S012,0.5752443527458193,0.2855989086872125
normal_qq,IZTECH::IZTECH_S002::2025-01-12,IZTECH,IZTECH::IZTECH_S002,0.5814690528815564,0.2872776327283282
normal_qq,UCR::UCR_S002::2025-06-18,UCR,UCR::UCR_S002,0.5877163652245848,0.2885536332751816
normal_qq,THUAS::THUAS_S014::2025-07-09,THUAS,THUAS::THUAS_S014,0.5939867002803402,0.29556630782534166
normal_qq,BAUA::BAUA_S025::2025-10-14,BAUA,BAUA::BAUA_S025,0.6002804767374748,0.2973767463673554
normal_qq,FUSPCEU::FUSPCEU_S024::2025-02-04,FUSPCEU,FUSPCEU::FUSPCEU_S024,0.6065981217197963,0.2973795124287123
normal_qq,KNUST::KNUST_S008::2024-11-30,KNUST,KNUST::KNUST_S008,0.6129400710475931,0.29826054115681605
normal_qq,FUSPCEU::FUSPCEU_S022::2025-01-28,FUSPCEU,FUSPCEU::FUSPCEU_S022,0.619306769508776,0.29866043851573154
normal_qq,RISE::RISE_S016::2025-10-11,RISE,RISE::RISE_S016,0.6256986711402968,0.2999540860207402
normal_qq,THUAS::THUAS_S003::2025-03-23,THUAS,THUAS::THUAS_S003,0.6321162395203221,0.3029877601345098
normal_qq,FUSPCEU::FUSPCEU_S016::2024-11-26,FUSPCEU,FUSPCEU::FUSPCEU_S016,0.6385599480716672,0.30348575673432754
normal_qq,FUSPCEU::FUSPCEU_S022::2025-01-30,FUSPCEU,FUSPCEU::FUSPCEU_S022,0.6450302803770309,0.3133980352410877
normal_qq,IZTECH::IZTECH_S001::2024-12-29,IZTECH,IZTECH::IZTECH_S001,0.6515277305065936,0.31384085746893725
normal_qq,BAUA::BAUA_S013::2025-07-18,BAUA,BAUA::BAUA_S013,0.6580528033585735,0.3158190849767106
normal_qq,RISE::RISE_S002::2025-03-23,RISE,RISE::RISE_S002,0.6646060150133767,0.3169709727571087
normal_qq,BAUA::BAUA_S001::2025-06-11,BAUA,BAUA::BAUA_S001,0.6711878931020037,0.3193965784517085
normal_qq,THUAS::THUAS_S002::2025-03-05,THUAS,THUAS::THUAS_S002,0.6777989771894227,0.32173949600052554
normal_qq,THUAS::THUAS_S018::2025-09-23,THUAS,THUAS::THUAS_S018,0.6844398191736502,0.32728183132211414
normal_qq,FUSPCEU::FUSPCEU_S005::2024-10-17,FUSPCEU,FUSPCEU::FUSPCEU_S005,0.691110983701336,0.331926228810617
normal_qq,IZTECH::IZTECH_S004::2025-01-25,IZTECH,IZTECH::IZTECH_S004,0.6978130486006843,0.33788290442241575
normal_qq,FUSPCEU::FUSPCEU_S011::2024-11-13,FUSPCEU,FUSPCEU::FUSPCEU_S011,0.7045466053326045,0.33855576353151773
normal_qq,RISE::RISE_S012::2025-06-14,RISE,RISE::RISE_S012,0.7113122594610234,0.34033987968770346
normal_qq,TUM::TUM_S009::2024-07-17,TUM,TUM::TUM_S009,0.7181106311433683,0.3489994157757057
normal_qq,BAUA::BAUA_S002::2025-06-15,BAUA,BAUA::BAUA_S002,0.7249423556422703,0.3529195916909762
normal_qq,RISE::RISE_S008::2025-05-02,RISE,RISE::RISE_S008,0.7318080838596177,0.3552051594101744
normal_qq,FUSPCEU::FUSPCEU_S013::2024-11-23,FUSPCEU,FUSPCEU::FUSPCEU_S013,0.7387084828941567,0.3639594652433441
normal_qq,KNUST::KNUST_S014::2025-01-23,KNUST,KNUST::KNUST_S014,0.7456442366239036,0.36463549797751194
normal_qq,BAUA::BAUA_S014::2025-07-17,BAUA,BAUA::BAUA_S014,0.7526160463147259,0.364769672305722
normal_qq,RISE::RISE_S005::2025-04-03,RISE,RISE::RISE_S005,0.7596246312565285,0.3783635924357585
normal_qq,RISE::RISE_S008::2025-05-04,RISE,RISE::RISE_S008,0.7666707294285746,0.3812583610954371
normal_qq,TUM::TUM_S004::2024-06-16,TUM,TUM::TUM_S004,0.7737550981955786,0.3853093251792236
normal_qq,KNUST::KNUST_S003::2024-10-23,KNUST,KNUST::KNUST_S003,0.7808785150363052,0.38690439950314703
normal_qq,UCR::UCR_S002::2025-06-19,UCR,UCR::UCR_S002,0.7880417783065325,0.392777786968158
normal_qq,RISE::RISE_S002::2025-03-22,RISE,RISE::RISE_S002,0.7952457080383633,0.39662205026367536
normal_qq,IZTECH::IZTECH_S009::2025-03-20,IZTECH,IZTECH::IZTECH_S009,0.8024911467779954,0.3987053968399979
normal_qq,THUAS::THUAS_S003::2025-03-18,THUAS,THUAS::THUAS_S003,0.8097789604642175,0.4083721122098563
normal_qq,FUSPCEU::FUSPCEU_S020::2025-01-26,FUSPCEU,FUSPCEU::FUSPCEU_S020,0.8171100393500448,0.4220616182784911
normal_qq,BAUA::BAUA_S024::2025-10-18,BAUA,BAUA::BAUA_S024,0.8244852989700868,0.4262495454856112
normal_qq,THUAS::THUAS_S015::2025-07-08,THUAS,THUAS::THUAS_S015,0.8319056811564156,0.4370260818715409
normal_qq,KNUST::KNUST_S003::2024-10-25,KNUST,KNUST::KNUST_S003,0.8393721551059073,0.44582044521184233
normal_qq,THUAS::THUAS_S018::2025-09-24,THUAS,THUAS::THUAS_S018,0.8468857185022443,0.44662170666535744
normal_qq,RISE::RISE_S008::2025-05-01,RISE,RISE::RISE_S008,0.8544473986959894,0.4482697837932284
normal_qq,THUAS::THUAS_S007::2025-04-08,THUAS,THUAS::THUAS_S007,0.862058253946415,0.4502632748422374
normal_qq,THUAS::THUAS_S015::2025-07-09,THUAS,THUAS::THUAS_S015,0.8697193747290208,0.4536409146343517
normal_qq,IZTECH::IZTECH_S002::2025-01-11,IZTECH,IZTECH::IZTECH_S002,0.8774318851129956,0.45613809677850614
normal_qq,BAUA::BAUA_S018::2025-09-13,BAUA,BAUA::BAUA_S018,0.8851969442131855,0.457746411127065
normal_qq,THUAS::THUAS_S005::2025-03-26,THUAS,THUAS::THUAS_S005,0.8930157477214904,0.46207028286999857
normal_qq,FUSPCEU::FUSPCEU_S003::2024-10-13,FUSPCEU,FUSPCEU::FUSPCEU_S003,0.9008895295230022,0.4685785882993491
normal_qq,TUM::TUM_S007::2024-07-02,TUM,TUM::TUM_S007,0.9088195634026022,0.47616746544258437
normal_qq,RISE::RISE_S007::2025-04-17,RISE,RISE::RISE_S007,0.9168071648482093,0.4817902430627007
normal_qq,BAUA::BAUA_S002::2025-06-13,BAUA,BAUA::BAUA_S002,0.9248536929573621,0.48371592993449364
normal_qq,FUSPCEU::FUSPCEU_S013::2024-11-22,FUSPCEU,FUSPCEU::FUSPCEU_S013,0.9329605524543676,0.4936236962470112
normal_qq,UCR::UCR_S002::2025-06-22,UCR,UCR::UCR_S002,0.9411291958258478,0.4967791487701373
normal_qq,THUAS::THUAS_S015::2025-07-12,THUAS,THUAS::THUAS_S015,0.9493611255831791,0.5013144279557404
normal_qq,IZTECH::IZTECH_S017::2025-05-29,IZTECH,IZTECH::IZTECH_S017,0.9576578966610292,0.5077725427948689
normal_qq,BAUA::BAUA_S009::2025-06-29,BAUA,BAUA::BAUA_S009,0.9660211189620004,0.5114105042282949
normal_qq,TUM::TUM_S004::2024-06-14,TUM,TUM::TUM_S004,0.9744524600582513,0.5135329234576003
normal_qq,THUAS::THUAS_S017::2025-09-12,THUAS,THUAS::THUAS_S017,0.9829536480619332,0.5186982572606231
normal_qq,TUM::TUM_S004::2024-06-13,TUM,TUM::TUM_S004,0.9915264746773305,0.5213104976442369
normal_qq,IZTECH::IZTECH_S013::2025-04-22,IZTECH,IZTECH::IZTECH_S013,1.0001727984487692,0.5305151851675912
normal_qq,UCR::UCR_S004::2025-06-26,UCR,UCR::UCR_S004,1.0088945482196412,0.5315960939646188
normal_qq,KNUST::KNUST_S011::2024-12-17,KNUST,KNUST::KNUST_S011,1.0176937268193196,0.5325621099910911
normal_qq,KNUST::KNUST_S010::2024-12-13,KNUST,KNUST::KNUST_S010,1.0265724149963313,0.5352748983042834
normal_qq,IZTECH::IZTECH_S013::2025-04-26,IZTECH,IZTECH::IZTECH_S013,1.0355327756178943,0.5362596445574253
normal_qq,BAUA::BAUA_S004::2025-06-14,BAUA,BAUA::BAUA_S004,1.04457705815789,0.5366199187309533
normal_qq,THUAS::THUAS_S014::2025-07-12,THUAS,THUAS::THUAS_S014,1.0537076034975024,0.5391098398966373
normal_qq,THUAS::THUAS_S001::2025-02-26,THUAS,THUAS::THUAS_S001,1.0629268490651793,0.5607338905056286
normal_qq,BAUA::BAUA_S001::2025-06-13,BAUA,BAUA::BAUA_S001,1.072237334345263,0.570022648414255
normal_qq,IZTECH::IZTECH_S006::2025-02-22,IZTECH,IZTECH::IZTECH_S006,1.0816417067876598,0.5743130003845192
normal_qq,IZTECH::IZTECH_S010::2025-04-20,IZTECH,IZTECH::IZTECH_S010,1.0911427281542894,0.5866251514480361
normal_qq,BAUA::BAUA_S006::2025-06-13,BAUA,BAUA::BAUA_S006,1.1007432813418447,0.5905239963216657
normal_qq,IZTECH::IZTECH_S015::2025-05-04,IZTECH,IZTECH::IZTECH_S015,1.1104463777246414,0.5991715176311314
normal_qq,KNUST::KNUST_S011::2024-12-18,KNUST,KNUST::KNUST_S011,1.1202551650661197,0.6038109327744008
normal_qq,KNUST::KNUST_S014::2025-01-25,KNUST,KNUST::KNUST_S014,1.130172936052964,0.6071223085682038
normal_qq,FUSPCEU::FUSPCEU_S012::2024-12-08,FUSPCEU,FUSPCEU::FUSPCEU_S012,1.1402031375118855,0.6274563914050322
normal_qq,TUM::TUM_S006::2024-06-27,TUM,TUM::TUM_S006,1.1503493803760079,0.6307335989673555
normal_qq,FUSPCEU::FUSPCEU_S025::2025-02-05,FUSPCEU,FUSPCEU::FUSPCEU_S025,1.160615450475613,0.6394639153793154
normal_qq,BAUA::BAUA_S022::2025-09-27,BAUA,BAUA::BAUA_S022,1.1710053202368726,0.6433368551806659
normal_qq,TUM::TUM_S001::2024-05-18,TUM,TUM::TUM_S001,1.1815231613823027,0.6495023900201226
normal_qq,THUAS::THUAS_S007::2025-04-12,THUAS,THUAS::THUAS_S007,1.192173358738194,0.6500835797059977
normal_qq,BAUA::BAUA_S016::2025-07-25,BAUA,BAUA::BAUA_S016,1.2029605252674642,0.6504904902673759
normal_qq,RISE::RISE_S003::2025-03-21,RISE,RISE::RISE_S003,1.2138895184614753,0.6612729528905323
normal_qq,KNUST::KNUST_S001::2024-10-09,KNUST,KNUST::KNUST_S001,1.2249654582417122,0.6697705800478648
normal_qq,THUAS::THUAS_S010::2025-06-06,THUAS,THUAS::THUAS_S010,1.2361937465422161,0.6808129907084871
normal_qq,UCR::UCR_S003::2025-06-22,UCR,UCR::UCR_S003,1.24758008876673,0.6819245952937919
normal_qq,FUSPCEU::FUSPCEU_S014::2024-11-23,FUSPCEU,FUSPCEU::FUSPCEU_S014,1.2591305173412577,0.6841373499968207
normal_qq,THUAS::THUAS_S011::2025-05-17,THUAS,THUAS::THUAS_S011,1.2708514176137302,0.6945997214412742
normal_qq,BAUA::BAUA_S003::2025-06-12,BAUA,BAUA::BAUA_S003,1.2827495563886286,0.6956498958027821
normal_qq,FUSPCEU::FUSPCEU_S017::2024-12-06,FUSPCEU,FUSPCEU::FUSPCEU_S017,1.2948321134265808,0.6999428183787876
normal_qq,BAUA::BAUA_S009::2025-06-30,BAUA,BAUA::BAUA_S009,1.3071067162883863,0.70005108437462
normal_qq,KNUST::KNUST_S012::2025-01-09,KNUST,KNUST::KNUST_S012,1.3195814789610074,0.7056224490867882
normal_qq,IZTECH::IZTECH_S017::2025-05-31,IZTECH,IZTECH::IZTECH_S017,1.3322650447715882,0.7240570719074468
normal_qq,KNUST::KNUST_S012::2025-01-10,KNUST,KNUST::KNUST_S012,1.345166634176639,0.7300734962953611
normal_qq,RISE::RISE_S003::2025-03-18,RISE,RISE::RISE_S003,1.3582960981098582,0.7353234685595621
normal_qq,IZTECH::IZTECH_S003::2025-01-12,IZTECH,IZTECH::IZTECH_S003,1.3716639776869213,0.7447967130407973
normal_qq,FUSPCEU::FUSPCEU_S008::2024-10-26,FUSPCEU,FUSPCEU::FUSPCEU_S008,1.3852815712031004,0.7463505845741649
normal_qq,IZTECH::IZTECH_S010::2025-04-19,IZTECH,IZTECH::IZTECH_S010,1.399161009524948,0.7491400198486543
normal_qq,RISE::RISE_S004::2025-03-26,RISE,RISE::RISE_S004,1.4133153411769859,0.7625192485521045
normal_qq,FUSPCEU::FUSPCEU_S011::2024-11-12,FUSPCEU,FUSPCEU::FUSPCEU_S011,1.4277586286666744,0.7724382162966773
normal_qq,THUAS::THUAS_S006::2025-04-01,THUAS,THUAS::THUAS_S006,1.4425060578863842,0.8009677169334037
normal_qq,BAUA::BAUA_S024::2025-10-19,BAUA,BAUA::BAUA_S024,1.457574062793224,0.8051318353051227
normal_qq,THUAS::THUAS_S011::2025-05-18,THUAS,THUAS::THUAS_S011,1.472980468013717,0.8084341470196689
normal_qq,IZTECH::IZTECH_S009::2025-03-22,IZTECH,IZTECH::IZTECH_S009,1.488744652573306,0.814962381943915
normal_qq,TUM::TUM_S001::2024-05-14,TUM,TUM::TUM_S001,1.5048877386399935,0.8176882156171054
normal_qq,BAUA::BAUA_S022::2025-09-28,BAUA,BAUA::BAUA_S022,1.5214328100363927,0.8291747991149649
normal_qq,FUSPCEU::FUSPCEU_S020::2025-01-25,FUSPCEU,FUSPCEU::FUSPCEU_S020,1.5384051663670917,0.8429027752199086
normal_qq,KNUST::KNUST_S003::2024-10-22,KNUST,KNUST::KNUST_S003,1.5558326199983867,0.9027468601692853
normal_qq,KNUST::KNUST_S002::2024-10-17,KNUST,KNUST::KNUST_S002,1.5737458449096935,0.905617596259222
normal_qq,KNUST::KNUST_S015::2025-01-30,KNUST,KNUST::KNUST_S015,1.5921787887395713,0.9106799452967648
normal_qq,RISE::RISE_S005::2025-04-01,RISE,RISE::RISE_S005,1.6111691623526765,0.9324773989240362
normal_qq,BAUA::BAUA_S009::2025-06-25,BAUA,BAUA::BAUA_S009,1.6307590252064124,0.9424682570403294
normal_qq,KNUST::KNUST_S001::2024-10-11,KNUST,KNUST::KNUST_S001,1.6509954900493993,1.0307687651866453
normal_qq,RISE::RISE_S012::2025-06-11,RISE,RISE::RISE_S012,1.6719315775418713,1.031559160602168
normal_qq,TUM::TUM_S004::2024-06-11,TUM,TUM::TUM_S004,1.6936272609809362,1.0585337240535837
normal_qq,FUSPCEU::FUSPCEU_S018::2024-12-10,FUSPCEU,FUSPCEU::FUSPCEU_S018,1.7161507545162826,1.0621126435756048
normal_qq,THUAS::THUAS_S002::2025-03-04,THUAS,THUAS::THUAS_S002,1.7395801166617317,1.0857223375840903
normal_qq,TUM::TUM_S010::2024-07-25,TUM,TUM::TUM_S010,1.764005266990768,1.0942113664142228
normal_qq,THUAS::THUAS_S015::2025-07-10,THUAS,THUAS::THUAS_S015,1.7895305514424662,1.1490158320306563
normal_qq,IZTECH::IZTECH_S017::2025-06-01,IZTECH,IZTECH::IZTECH_S017,1.8162780466620791,1.1665100792556073
normal_qq,THUAS::THUAS_S007::2025-04-09,THUAS,THUAS::THUAS_S007,1.8443918759831066,1.184872607189994
normal_qq,FUSPCEU::FUSPCEU_S006::2024-10-19,FUSPCEU,FUSPCEU::FUSPCEU_S006,1.874043935180575,1.2534664340953172
normal_qq,FUSPCEU::FUSPCEU_S010::2024-11-06,FUSPCEU,FUSPCEU::FUSPCEU_S010,1.9054416225932784,1.2866413394485368
normal_qq,FUSPCEU::FUSPCEU_S016::2024-11-29,FUSPCEU,FUSPCEU::FUSPCEU_S016,1.93883848430715,1.3389965696652695
normal_qq,THUAS::THUAS_S003::2025-03-19,THUAS,THUAS::THUAS_S003,1.9745492097786852,1.3763529631137217
normal_qq,FUSPCEU::FUSPCEU_S015::2024-11-26,FUSPCEU,FUSPCEU::FUSPCEU_S015,2.012971315885616,1.4004147853034845
normal_qq,FUSPCEU::FUSPCEU_S004::2024-10-13,FUSPCEU,FUSPCEU::FUSPCEU_S004,2.054617475632878,1.4314112880442393
normal_qq,RISE::RISE_S007::2025-04-15,RISE,RISE::RISE_S007,2.100165492844468,1.5167891582303625
normal_qq,TUM::TUM_S008::2024-07-14,TUM,TUM::TUM_S008,2.1505389935653265,1.5221723011419015
normal_qq,THUAS::THUAS_S002::2025-03-07,THUAS,THUAS::THUAS_S002,2.207044875221183,1.5697110694344938
normal_qq,TUM::TUM_S010::2024-07-27,TUM,TUM::TUM_S010,2.2716237741228182,1.5872025464357946
normal_qq,IZTECH::IZTECH_S001::2024-12-30,IZTECH,IZTECH::IZTECH_S001,2.3473484530727537,1.6135004705721387
normal_qq,TUM::TUM_S009::2024-07-18,TUM,TUM::TUM_S009,2.439542263852882,1.7090691598892602
normal_qq,FUSPCEU::FUSPCEU_S023::2025-01-28,FUSPCEU,FUSPCEU::FUSPCEU_S023,2.5587739610969624,1.7366874784299018
normal_qq,IZTECH::IZTECH_S003::2025-01-11,IZTECH,IZTECH::IZTECH_S003,2.7316125497317874,2.068534153028068
normal_qq,KNUST::KNUST_S007::2024-11-19,KNUST,KNUST::KNUST_S007,3.0755935200224394,15.185123619627882
