"endpoint","table_id","row","column","expected","actual","exact_value"
"tbl-main-samples","samples",1,"Sample","Any valid period","Any valid period",TRUE
"tbl-main-samples","samples",1,"Window periods","2298","2298",TRUE
"tbl-main-samples","samples",1,"Participants","140","140",TRUE
"tbl-main-samples","samples",1,"Wake-anchored cycles","794","794",TRUE
"tbl-main-samples","samples",1,"Valid minutes","1043192","1043192",TRUE
"tbl-main-samples","samples",2,"Sample","At least 80% coverage","At least 80% coverage",TRUE
"tbl-main-samples","samples",2,"Window periods","2069","2069",TRUE
"tbl-main-samples","samples",2,"Participants","140","140",TRUE
"tbl-main-samples","samples",2,"Wake-anchored cycles","762","762",TRUE
"tbl-main-samples","samples",2,"Valid minutes","996868","996868",TRUE
"tbl-main-adherence-levels","levels",1,"Sample","Any valid period","Any valid period",TRUE
"tbl-main-adherence-levels","levels",1,"Window","Daytime","Daytime",TRUE
"tbl-main-adherence-levels","levels",1,"Day type","Work day","Work day",TRUE
"tbl-main-adherence-levels","levels",1,"Recommendation adherence (95% CI)","26.6% (24.5% to 28.7%)","26.6% (24.5% to 28.7%)",TRUE
"tbl-main-adherence-levels","levels",2,"Sample","Any valid period","Any valid period",TRUE
"tbl-main-adherence-levels","levels",2,"Window","Daytime","Daytime",TRUE
"tbl-main-adherence-levels","levels",2,"Day type","Free day","Free day",TRUE
"tbl-main-adherence-levels","levels",2,"Recommendation adherence (95% CI)","21.5% (19.2% to 23.8%)","21.5% (19.2% to 23.8%)",TRUE
"tbl-main-adherence-levels","levels",3,"Sample","Any valid period","Any valid period",TRUE
"tbl-main-adherence-levels","levels",3,"Window","Pre-sleep","Pre-sleep",TRUE
"tbl-main-adherence-levels","levels",3,"Day type","Work day","Work day",TRUE
"tbl-main-adherence-levels","levels",3,"Recommendation adherence (95% CI)","62.0% (58.8% to 65.2%)","62.0% (58.8% to 65.2%)",TRUE
"tbl-main-adherence-levels","levels",4,"Sample","Any valid period","Any valid period",TRUE
"tbl-main-adherence-levels","levels",4,"Window","Pre-sleep","Pre-sleep",TRUE
"tbl-main-adherence-levels","levels",4,"Day type","Free day","Free day",TRUE
"tbl-main-adherence-levels","levels",4,"Recommendation adherence (95% CI)","67.9% (64.2% to 71.6%)","67.9% (64.2% to 71.6%)",TRUE
"tbl-main-adherence-levels","levels",5,"Sample","Any valid period","Any valid period",TRUE
"tbl-main-adherence-levels","levels",5,"Window","Sleep","Sleep",TRUE
"tbl-main-adherence-levels","levels",5,"Day type","Work day","Work day",TRUE
"tbl-main-adherence-levels","levels",5,"Recommendation adherence (95% CI)","90.4% (88.9% to 91.9%)","90.4% (88.9% to 91.9%)",TRUE
"tbl-main-adherence-levels","levels",6,"Sample","Any valid period","Any valid period",TRUE
"tbl-main-adherence-levels","levels",6,"Window","Sleep","Sleep",TRUE
"tbl-main-adherence-levels","levels",6,"Day type","Free day","Free day",TRUE
"tbl-main-adherence-levels","levels",6,"Recommendation adherence (95% CI)","83.9% (81.4% to 86.5%)","83.9% (81.4% to 86.5%)",TRUE
"tbl-main-adherence-levels","levels",7,"Sample","At least 80% coverage","At least 80% coverage",TRUE
"tbl-main-adherence-levels","levels",7,"Window","Daytime","Daytime",TRUE
"tbl-main-adherence-levels","levels",7,"Day type","Work day","Work day",TRUE
"tbl-main-adherence-levels","levels",7,"Recommendation adherence (95% CI)","26.9% (24.8% to 29.1%)","26.9% (24.8% to 29.1%)",TRUE
"tbl-main-adherence-levels","levels",8,"Sample","At least 80% coverage","At least 80% coverage",TRUE
"tbl-main-adherence-levels","levels",8,"Window","Daytime","Daytime",TRUE
"tbl-main-adherence-levels","levels",8,"Day type","Free day","Free day",TRUE
"tbl-main-adherence-levels","levels",8,"Recommendation adherence (95% CI)","21.3% (18.9% to 23.6%)","21.3% (18.9% to 23.6%)",TRUE
"tbl-main-adherence-levels","levels",9,"Sample","At least 80% coverage","At least 80% coverage",TRUE
"tbl-main-adherence-levels","levels",9,"Window","Pre-sleep","Pre-sleep",TRUE
"tbl-main-adherence-levels","levels",9,"Day type","Work day","Work day",TRUE
"tbl-main-adherence-levels","levels",9,"Recommendation adherence (95% CI)","62.7% (59.4% to 66.0%)","62.7% (59.4% to 66.0%)",TRUE
"tbl-main-adherence-levels","levels",10,"Sample","At least 80% coverage","At least 80% coverage",TRUE
"tbl-main-adherence-levels","levels",10,"Window","Pre-sleep","Pre-sleep",TRUE
"tbl-main-adherence-levels","levels",10,"Day type","Free day","Free day",TRUE
"tbl-main-adherence-levels","levels",10,"Recommendation adherence (95% CI)","66.8% (62.7% to 70.9%)","66.8% (62.7% to 70.9%)",TRUE
"tbl-main-adherence-levels","levels",11,"Sample","At least 80% coverage","At least 80% coverage",TRUE
"tbl-main-adherence-levels","levels",11,"Window","Sleep","Sleep",TRUE
"tbl-main-adherence-levels","levels",11,"Day type","Work day","Work day",TRUE
"tbl-main-adherence-levels","levels",11,"Recommendation adherence (95% CI)","90.1% (88.5% to 91.6%)","90.1% (88.5% to 91.6%)",TRUE
"tbl-main-adherence-levels","levels",12,"Sample","At least 80% coverage","At least 80% coverage",TRUE
"tbl-main-adherence-levels","levels",12,"Window","Sleep","Sleep",TRUE
"tbl-main-adherence-levels","levels",12,"Day type","Free day","Free day",TRUE
"tbl-main-adherence-levels","levels",12,"Recommendation adherence (95% CI)","83.8% (81.3% to 86.3%)","83.8% (81.3% to 86.3%)",TRUE
"tbl-main-primary-results","primary",1,"Sample","Any valid period","Any valid period",TRUE
"tbl-main-primary-results","primary",1,"Window","Daytime","Daytime",TRUE
"tbl-main-primary-results","primary",1,"Free minus Work (95% CI)","-5.1 pp (-7.8 pp to -2.4 pp)","-5.1 pp (-7.8 pp to -2.4 pp)",TRUE
"tbl-main-primary-results","primary",1,"Raw p","<0.001","<0.001",TRUE
"tbl-main-primary-results","primary",1,"FDR-adjusted p","<0.001","<0.001",TRUE
"tbl-main-primary-results","primary",2,"Sample","Any valid period","Any valid period",TRUE
"tbl-main-primary-results","primary",2,"Window","Pre-sleep","Pre-sleep",TRUE
"tbl-main-primary-results","primary",2,"Free minus Work (95% CI)","+5.9 pp (+1.4 pp to +10.5 pp)","+5.9 pp (+1.4 pp to +10.5 pp)",TRUE
"tbl-main-primary-results","primary",2,"Raw p","0.011","0.011",TRUE
"tbl-main-primary-results","primary",2,"FDR-adjusted p","0.011","0.011",TRUE
"tbl-main-primary-results","primary",3,"Sample","Any valid period","Any valid period",TRUE
"tbl-main-primary-results","primary",3,"Window","Sleep","Sleep",TRUE
"tbl-main-primary-results","primary",3,"Free minus Work (95% CI)","-6.5 pp (-9.1 pp to -3.8 pp)","-6.5 pp (-9.1 pp to -3.8 pp)",TRUE
"tbl-main-primary-results","primary",3,"Raw p","<0.001","<0.001",TRUE
"tbl-main-primary-results","primary",3,"FDR-adjusted p","<0.001","<0.001",TRUE
"tbl-main-primary-results","primary",4,"Sample","At least 80% coverage","At least 80% coverage",TRUE
"tbl-main-primary-results","primary",4,"Window","Daytime","Daytime",TRUE
"tbl-main-primary-results","primary",4,"Free minus Work (95% CI)","-5.7 pp (-8.5 pp to -2.9 pp)","-5.7 pp (-8.5 pp to -2.9 pp)",TRUE
"tbl-main-primary-results","primary",4,"Raw p","<0.001","<0.001",TRUE
"tbl-main-primary-results","primary",4,"FDR-adjusted p","<0.001","<0.001",TRUE
"tbl-main-primary-results","primary",5,"Sample","At least 80% coverage","At least 80% coverage",TRUE
"tbl-main-primary-results","primary",5,"Window","Pre-sleep","Pre-sleep",TRUE
"tbl-main-primary-results","primary",5,"Free minus Work (95% CI)","+4.1 pp (-0.9 pp to +9.1 pp)","+4.1 pp (-0.9 pp to +9.1 pp)",TRUE
"tbl-main-primary-results","primary",5,"Raw p","0.105","0.105",TRUE
"tbl-main-primary-results","primary",5,"FDR-adjusted p","0.105","0.105",TRUE
"tbl-main-primary-results","primary",6,"Sample","At least 80% coverage","At least 80% coverage",TRUE
"tbl-main-primary-results","primary",6,"Window","Sleep","Sleep",TRUE
"tbl-main-primary-results","primary",6,"Free minus Work (95% CI)","-6.3 pp (-9.0 pp to -3.6 pp)","-6.3 pp (-9.0 pp to -3.6 pp)",TRUE
"tbl-main-primary-results","primary",6,"Raw p","<0.001","<0.001",TRUE
"tbl-main-primary-results","primary",6,"FDR-adjusted p","<0.001","<0.001",TRUE
"tbl-main-site-interactions","interactions",1,"Sample","Any valid period","Any valid period",TRUE
"tbl-main-site-interactions","interactions",1,"Comparison","Window by site by day type","Window by site by day type",TRUE
"tbl-main-site-interactions","interactions",1,"Wald statistic","32.67","32.67",TRUE
"tbl-main-site-interactions","interactions",1,"df","16","16",TRUE
"tbl-main-site-interactions","interactions",1,"Raw p","0.008","0.008",TRUE
"tbl-main-site-interactions","interactions",1,"FDR-adjusted p","0.008","0.008",TRUE
"tbl-main-site-interactions","interactions",2,"Sample","At least 80% coverage","At least 80% coverage",TRUE
"tbl-main-site-interactions","interactions",2,"Comparison","Window by site by day type","Window by site by day type",TRUE
"tbl-main-site-interactions","interactions",2,"Wald statistic","30.71","30.71",TRUE
"tbl-main-site-interactions","interactions",2,"df","16","16",TRUE
"tbl-main-site-interactions","interactions",2,"Raw p","0.015","0.015",TRUE
"tbl-main-site-interactions","interactions",2,"FDR-adjusted p","0.015","0.015",TRUE
"tbl-main-site-interactions","interactions",3,"Sample","Any valid period","Any valid period",TRUE
"tbl-main-site-interactions","interactions",3,"Comparison","Daytime site by day type","Daytime site by day type",TRUE
"tbl-main-site-interactions","interactions",3,"Wald statistic","26.14","26.14",TRUE
"tbl-main-site-interactions","interactions",3,"df","8","8",TRUE
"tbl-main-site-interactions","interactions",3,"Raw p","<0.001","<0.001",TRUE
"tbl-main-site-interactions","interactions",3,"FDR-adjusted p","0.002","0.002",TRUE
"tbl-main-site-interactions","interactions",4,"Sample","Any valid period","Any valid period",TRUE
"tbl-main-site-interactions","interactions",4,"Comparison","Pre-sleep site by day type","Pre-sleep site by day type",TRUE
"tbl-main-site-interactions","interactions",4,"Wald statistic","4.41","4.41",TRUE
"tbl-main-site-interactions","interactions",4,"df","8","8",TRUE
"tbl-main-site-interactions","interactions",4,"Raw p","0.818","0.818",TRUE
"tbl-main-site-interactions","interactions",4,"FDR-adjusted p","0.818","0.818",TRUE
"tbl-main-site-interactions","interactions",5,"Sample","Any valid period","Any valid period",TRUE
"tbl-main-site-interactions","interactions",5,"Comparison","Sleep site by day type","Sleep site by day type",TRUE
"tbl-main-site-interactions","interactions",5,"Wald statistic","24.93","24.93",TRUE
"tbl-main-site-interactions","interactions",5,"df","8","8",TRUE
"tbl-main-site-interactions","interactions",5,"Raw p","0.002","0.002",TRUE
"tbl-main-site-interactions","interactions",5,"FDR-adjusted p","0.002","0.002",TRUE
"tbl-main-site-interactions","interactions",6,"Sample","At least 80% coverage","At least 80% coverage",TRUE
"tbl-main-site-interactions","interactions",6,"Comparison","Daytime site by day type","Daytime site by day type",TRUE
"tbl-main-site-interactions","interactions",6,"Wald statistic","22.87","22.87",TRUE
"tbl-main-site-interactions","interactions",6,"df","8","8",TRUE
"tbl-main-site-interactions","interactions",6,"Raw p","0.004","0.004",TRUE
"tbl-main-site-interactions","interactions",6,"FDR-adjusted p","0.005","0.005",TRUE
"tbl-main-site-interactions","interactions",7,"Sample","At least 80% coverage","At least 80% coverage",TRUE
"tbl-main-site-interactions","interactions",7,"Comparison","Pre-sleep site by day type","Pre-sleep site by day type",TRUE
"tbl-main-site-interactions","interactions",7,"Wald statistic","4.58","4.58",TRUE
"tbl-main-site-interactions","interactions",7,"df","8","8",TRUE
"tbl-main-site-interactions","interactions",7,"Raw p","0.801","0.801",TRUE
"tbl-main-site-interactions","interactions",7,"FDR-adjusted p","0.801","0.801",TRUE
"tbl-main-site-interactions","interactions",8,"Sample","At least 80% coverage","At least 80% coverage",TRUE
"tbl-main-site-interactions","interactions",8,"Comparison","Sleep site by day type","Sleep site by day type",TRUE
"tbl-main-site-interactions","interactions",8,"Wald statistic","25.99","25.99",TRUE
"tbl-main-site-interactions","interactions",8,"df","8","8",TRUE
"tbl-main-site-interactions","interactions",8,"Raw p","0.001","0.001",TRUE
"tbl-main-site-interactions","interactions",8,"FDR-adjusted p","0.003","0.003",TRUE
"tbl-main-compact-adherence","compact",1,"Location","Equal-site average","Equal-site average",TRUE
"tbl-main-compact-adherence","compact",1,"work_daytime","26.6% (24.5% to 28.7%)","26.6% (24.5% to 28.7%)",TRUE
"tbl-main-compact-adherence","compact",1,"work_pre","62.0% (58.8% to 65.2%)","62.0% (58.8% to 65.2%)",TRUE
"tbl-main-compact-adherence","compact",1,"work_sleep","90.4% (88.9% to 91.9%)","90.4% (88.9% to 91.9%)",TRUE
"tbl-main-compact-adherence","compact",1,"free_daytime","-5.1 pp (-7.8 pp to -2.4 pp) p = <0.001 21.5% (19.2% to 23.8%)","-5.1 pp (-7.8 pp to -2.4 pp) p = <0.001 21.5% (19.2% to 23.8%)",TRUE
"tbl-main-compact-adherence","compact",1,"free_pre","+5.9 pp (+1.4 pp to +10.5 pp) p = 0.011 67.9% (64.2% to 71.6%)","+5.9 pp (+1.4 pp to +10.5 pp) p = 0.011 67.9% (64.2% to 71.6%)",TRUE
"tbl-main-compact-adherence","compact",1,"free_sleep","-6.5 pp (-9.1 pp to -3.8 pp) p = <0.001 83.9% (81.4% to 86.5%)","-6.5 pp (-9.1 pp to -3.8 pp) p = <0.001 83.9% (81.4% to 86.5%)",TRUE
"tbl-main-compact-adherence","compact",2,"Location","","",TRUE
"tbl-main-compact-adherence","compact",2,"work_daytime","","",TRUE
"tbl-main-compact-adherence","compact",2,"work_pre","","",TRUE
"tbl-main-compact-adherence","compact",2,"work_sleep","","",TRUE
"tbl-main-compact-adherence","compact",2,"free_daytime","","",TRUE
"tbl-main-compact-adherence","compact",2,"free_pre","","",TRUE
"tbl-main-compact-adherence","compact",2,"free_sleep","","",TRUE
"tbl-main-compact-adherence","compact",3,"Location","Borås (SE)","Borås (SE)",TRUE
"tbl-main-compact-adherence","compact",3,"work_daytime","+8.6 pp (+2.3 pp to +15.0 pp) p = 0.032 35.2% (28.4% to 42.0%)","+8.6 pp (+2.3 pp to +15.0 pp) p = 0.032 35.2% (28.4% to 42.0%)",TRUE
"tbl-main-compact-adherence","compact",3,"work_pre","+6.9 pp (-1.1 pp to +14.9 pp) p = 0.208 68.9% (60.6% to 77.1%)","+6.9 pp (-1.1 pp to +14.9 pp) p = 0.208 68.9% (60.6% to 77.1%)",TRUE
"tbl-main-compact-adherence","compact",3,"work_sleep","+5.7 pp (+3.8 pp to +7.7 pp) p = <0.001 96.2% (94.4% to 97.9%)","+5.7 pp (+3.8 pp to +7.7 pp) p = <0.001 96.2% (94.4% to 97.9%)",TRUE
"tbl-main-compact-adherence","compact",3,"free_daytime","+8.6 pp (+1.7 pp to +15.4 pp) p = 0.053 30.0% (22.7% to 37.4%)","+8.6 pp (+1.7 pp to +15.4 pp) p = 0.053 30.0% (22.7% to 37.4%)",TRUE
"tbl-main-compact-adherence","compact",3,"free_pre","+0.4 pp (-9.0 pp to +9.9 pp) p = 0.997 68.3% (58.3% to 78.3%)","+0.4 pp (-9.0 pp to +9.9 pp) p = 0.997 68.3% (58.3% to 78.3%)",TRUE
"tbl-main-compact-adherence","compact",3,"free_sleep","+2.6 pp (-6.5 pp to +11.6 pp) p = 0.746 86.5% (77.0% to 96.0%)","+2.6 pp (-6.5 pp to +11.6 pp) p = 0.746 86.5% (77.0% to 96.0%)",TRUE
"tbl-main-compact-adherence","compact",4,"Location","Delft (NL)","Delft (NL)",TRUE
"tbl-main-compact-adherence","compact",4,"work_daytime","+3.9 pp (-2.4 pp to +10.3 pp) p = 0.395 30.5% (23.6% to 37.4%)","+3.9 pp (-2.4 pp to +10.3 pp) p = 0.395 30.5% (23.6% to 37.4%)",TRUE
"tbl-main-compact-adherence","compact",4,"work_pre","+2.9 pp (-7.6 pp to +13.3 pp) p = 0.746 64.8% (53.5% to 76.1%)","+2.9 pp (-7.6 pp to +13.3 pp) p = 0.746 64.8% (53.5% to 76.1%)",TRUE
"tbl-main-compact-adherence","compact",4,"work_sleep","+0.0 pp (-3.4 pp to +3.4 pp) p = 0.997 90.4% (86.8% to 94.1%)","+0.0 pp (-3.4 pp to +3.4 pp) p = 0.997 90.4% (86.8% to 94.1%)",TRUE
"tbl-main-compact-adherence","compact",4,"free_daytime","+6.9 pp (-0.9 pp to +14.7 pp) p = 0.197 28.4% (19.9% to 36.9%)","+6.9 pp (-0.9 pp to +14.7 pp) p = 0.197 28.4% (19.9% to 36.9%)",TRUE
"tbl-main-compact-adherence","compact",4,"free_pre","+5.0 pp (-5.5 pp to +15.4 pp) p = 0.590 72.9% (61.8% to 84.0%)","+5.0 pp (-5.5 pp to +15.4 pp) p = 0.590 72.9% (61.8% to 84.0%)",TRUE
"tbl-main-compact-adherence","compact",4,"free_sleep","-2.4 pp (-8.7 pp to +4.0 pp) p = 0.631 81.6% (74.8% to 88.4%)","-2.4 pp (-8.7 pp to +4.0 pp) p = 0.631 81.6% (74.8% to 88.4%)",TRUE
"tbl-main-compact-adherence","compact",5,"Location","Dortmund (DE)","Dortmund (DE)",TRUE
"tbl-main-compact-adherence","compact",5,"work_daytime","+2.2 pp (-3.3 pp to +7.7 pp) p = 0.631 28.8% (23.0% to 34.6%)","+2.2 pp (-3.3 pp to +7.7 pp) p = 0.631 28.8% (23.0% to 34.6%)",TRUE
"tbl-main-compact-adherence","compact",5,"work_pre","-3.5 pp (-11.4 pp to +4.3 pp) p = 0.601 58.5% (50.4% to 66.6%)","-3.5 pp (-11.4 pp to +4.3 pp) p = 0.601 58.5% (50.4% to 66.6%)",TRUE
"tbl-main-compact-adherence","compact",5,"work_sleep","+0.1 pp (-3.1 pp to +3.2 pp) p = 0.997 90.5% (87.1% to 93.8%)","+0.1 pp (-3.1 pp to +3.2 pp) p = 0.997 90.5% (87.1% to 93.8%)",TRUE
"tbl-main-compact-adherence","compact",5,"free_daytime","+17.0 pp (+9.8 pp to +24.2 pp) p = <0.001 38.5% (30.7% to 46.3%)","+17.0 pp (+9.8 pp to +24.2 pp) p = <0.001 38.5% (30.7% to 46.3%)",TRUE
"tbl-main-compact-adherence","compact",5,"free_pre","-1.0 pp (-10.6 pp to +8.5 pp) p = 0.940 66.9% (56.8% to 77.0%)","-1.0 pp (-10.6 pp to +8.5 pp) p = 0.940 66.9% (56.8% to 77.0%)",TRUE
"tbl-main-compact-adherence","compact",5,"free_sleep","+2.5 pp (-3.1 pp to +8.1 pp) p = 0.601 86.4% (80.6% to 92.2%)","+2.5 pp (-3.1 pp to +8.1 pp) p = 0.601 86.4% (80.6% to 92.2%)",TRUE
"tbl-main-compact-adherence","compact",6,"Location","Tübingen (DE)","Tübingen (DE)",TRUE
"tbl-main-compact-adherence","compact",6,"work_daytime","-2.6 pp (-6.8 pp to +1.6 pp) p = 0.395 24.0% (19.8% to 28.2%)","-2.6 pp (-6.8 pp to +1.6 pp) p = 0.395 24.0% (19.8% to 28.2%)",TRUE
"tbl-main-compact-adherence","compact",6,"work_pre","-0.6 pp (-7.3 pp to +6.1 pp) p = 0.948 61.4% (54.8% to 68.0%)","-0.6 pp (-7.3 pp to +6.1 pp) p = 0.948 61.4% (54.8% to 68.0%)",TRUE
"tbl-main-compact-adherence","compact",6,"work_sleep","+0.6 pp (-2.0 pp to +3.1 pp) p = 0.803 91.0% (88.4% to 93.6%)","+0.6 pp (-2.0 pp to +3.1 pp) p = 0.803 91.0% (88.4% to 93.6%)",TRUE
"tbl-main-compact-adherence","compact",6,"free_daytime","-4.4 pp (-8.5 pp to -0.3 pp) p = 0.094 17.1% (13.2% to 21.0%)","-4.4 pp (-8.5 pp to -0.3 pp) p = 0.094 17.1% (13.2% to 21.0%)",TRUE
"tbl-main-compact-adherence","compact",6,"free_pre","-5.8 pp (-13.3 pp to +1.7 pp) p = 0.262 62.1% (54.6% to 69.6%)","-5.8 pp (-13.3 pp to +1.7 pp) p = 0.262 62.1% (54.6% to 69.6%)",TRUE
"tbl-main-compact-adherence","compact",6,"free_sleep","+0.0 pp (-4.4 pp to +4.4 pp) p = 0.997 83.9% (79.6% to 88.3%)","+0.0 pp (-4.4 pp to +4.4 pp) p = 0.997 83.9% (79.6% to 88.3%)",TRUE
"tbl-main-compact-adherence","compact",7,"Location","Munich (DE)","Munich (DE)",TRUE
"tbl-main-compact-adherence","compact",7,"work_daytime","+4.6 pp (-2.7 pp to +11.9 pp) p = 0.395 31.2% (23.3% to 39.1%)","+4.6 pp (-2.7 pp to +11.9 pp) p = 0.395 31.2% (23.3% to 39.1%)",TRUE
"tbl-main-compact-adherence","compact",7,"work_pre","-3.8 pp (-14.0 pp to +6.4 pp) p = 0.631 58.1% (47.2% to 69.1%)","-3.8 pp (-14.0 pp to +6.4 pp) p = 0.631 58.1% (47.2% to 69.1%)",TRUE
"tbl-main-compact-adherence","compact",7,"work_sleep","-13.8 pp (-20.7 pp to -7.0 pp) p = <0.001 76.6% (69.0% to 84.2%)","-13.8 pp (-20.7 pp to -7.0 pp) p = <0.001 76.6% (69.0% to 84.2%)",TRUE
"tbl-main-compact-adherence","compact",7,"free_daytime","-2.2 pp (-8.0 pp to +3.6 pp) p = 0.631 19.2% (13.2% to 25.3%)","-2.2 pp (-8.0 pp to +3.6 pp) p = 0.631 19.2% (13.2% to 25.3%)",TRUE
"tbl-main-compact-adherence","compact",7,"free_pre","-8.4 pp (-20.0 pp to +3.3 pp) p = 0.305 59.5% (46.9% to 72.1%)","-8.4 pp (-20.0 pp to +3.3 pp) p = 0.305 59.5% (46.9% to 72.1%)",TRUE
"tbl-main-compact-adherence","compact",7,"free_sleep","-17.2 pp (-26.1 pp to -8.3 pp) p = <0.001 66.7% (57.0% to 76.5%)","-17.2 pp (-26.1 pp to -8.3 pp) p = <0.001 66.7% (57.0% to 76.5%)",TRUE
"tbl-main-compact-adherence","compact",8,"Location","Madrid (ES)","Madrid (ES)",TRUE
"tbl-main-compact-adherence","compact",8,"work_daytime","+4.0 pp (-1.1 pp to +9.0 pp) p = 0.262 30.5% (25.2% to 35.8%)","+4.0 pp (-1.1 pp to +9.0 pp) p = 0.262 30.5% (25.2% to 35.8%)",TRUE
"tbl-main-compact-adherence","compact",8,"work_pre","-1.0 pp (-9.3 pp to +7.3 pp) p = 0.931 61.0% (52.3% to 69.6%)","-1.0 pp (-9.3 pp to +7.3 pp) p = 0.931 61.0% (52.3% to 69.6%)",TRUE
"tbl-main-compact-adherence","compact",8,"work_sleep","+7.1 pp (+5.6 pp to +8.7 pp) p = <0.001 97.6% (96.5% to 98.6%)","+7.1 pp (+5.6 pp to +8.7 pp) p = <0.001 97.6% (96.5% to 98.6%)",TRUE
"tbl-main-compact-adherence","compact",8,"free_daytime","-5.2 pp (-10.1 pp to -0.4 pp) p = 0.094 16.3% (11.4% to 21.1%)","-5.2 pp (-10.1 pp to -0.4 pp) p = 0.094 16.3% (11.4% to 21.1%)",TRUE
"tbl-main-compact-adherence","compact",8,"free_pre","+0.2 pp (-8.7 pp to +9.1 pp) p = 0.997 68.1% (58.9% to 77.3%)","+0.2 pp (-8.7 pp to +9.1 pp) p = 0.997 68.1% (58.9% to 77.3%)",TRUE
"tbl-main-compact-adherence","compact",8,"free_sleep","+10.5 pp (+7.3 pp to +13.8 pp) p = <0.001 94.5% (91.9% to 97.0%)","+10.5 pp (+7.3 pp to +13.8 pp) p = <0.001 94.5% (91.9% to 97.0%)",TRUE
"tbl-main-compact-adherence","compact",9,"Location","Izmir (TR)","Izmir (TR)",TRUE
"tbl-main-compact-adherence","compact",9,"work_daytime","-7.4 pp (-11.7 pp to -3.0 pp) p = 0.004 19.2% (14.8% to 23.6%)","-7.4 pp (-11.7 pp to -3.0 pp) p = 0.004 19.2% (14.8% to 23.6%)",TRUE
"tbl-main-compact-adherence","compact",9,"work_pre","-6.6 pp (-14.2 pp to +0.9 pp) p = 0.197 55.3% (47.7% to 63.0%)","-6.6 pp (-14.2 pp to +0.9 pp) p = 0.197 55.3% (47.7% to 63.0%)",TRUE
"tbl-main-compact-adherence","compact",9,"work_sleep","-6.1 pp (-10.6 pp to -1.5 pp) p = 0.033 84.3% (79.4% to 89.3%)","-6.1 pp (-10.6 pp to -1.5 pp) p = 0.033 84.3% (79.4% to 89.3%)",TRUE
"tbl-main-compact-adherence","compact",9,"free_daytime","-4.4 pp (-9.7 pp to +1.0 pp) p = 0.236 17.1% (11.7% to 22.6%)","-4.4 pp (-9.7 pp to +1.0 pp) p = 0.236 17.1% (11.7% to 22.6%)",TRUE
"tbl-main-compact-adherence","compact",9,"free_pre","-10.6 pp (-21.0 pp to -0.3 pp) p = 0.114 57.3% (46.3% to 68.3%)","-10.6 pp (-21.0 pp to -0.3 pp) p = 0.114 57.3% (46.3% to 68.3%)",TRUE
"tbl-main-compact-adherence","compact",9,"free_sleep","-8.4 pp (-14.6 pp to -2.3 pp) p = 0.032 75.5% (68.9% to 82.1%)","-8.4 pp (-14.6 pp to -2.3 pp) p = 0.032 75.5% (68.9% to 82.1%)",TRUE
"tbl-main-compact-adherence","compact",10,"Location","San José (CR)","San José (CR)",TRUE
"tbl-main-compact-adherence","compact",10,"work_daytime","-7.7 pp (-14.3 pp to -1.2 pp) p = 0.068 18.8% (11.8% to 25.9%)","-7.7 pp (-14.3 pp to -1.2 pp) p = 0.068 18.8% (11.8% to 25.9%)",TRUE
"tbl-main-compact-adherence","compact",10,"work_pre","-5.0 pp (-17.8 pp to +7.7 pp) p = 0.631 57.0% (43.1% to 70.8%)","-5.0 pp (-17.8 pp to +7.7 pp) p = 0.631 57.0% (43.1% to 70.8%)",TRUE
"tbl-main-compact-adherence","compact",10,"work_sleep","-1.1 pp (-6.1 pp to +3.8 pp) p = 0.803 89.3% (83.8% to 94.8%)","-1.1 pp (-6.1 pp to +3.8 pp) p = 0.803 89.3% (83.8% to 94.8%)",TRUE
"tbl-main-compact-adherence","compact",10,"free_daytime","-4.4 pp (-14.0 pp to +5.1 pp) p = 0.598 17.1% (6.5% to 27.6%)","-4.4 pp (-14.0 pp to +5.1 pp) p = 0.598 17.1% (6.5% to 27.6%)",TRUE
"tbl-main-compact-adherence","compact",10,"free_pre","+4.7 pp (-10.3 pp to +19.7 pp) p = 0.706 72.6% (56.1% to 89.2%)","+4.7 pp (-10.3 pp to +19.7 pp) p = 0.706 72.6% (56.1% to 89.2%)",TRUE
"tbl-main-compact-adherence","compact",10,"free_sleep","-1.4 pp (-12.3 pp to +9.4 pp) p = 0.931 82.5% (70.4% to 94.6%)","-1.4 pp (-12.3 pp to +9.4 pp) p = 0.931 82.5% (70.4% to 94.6%)",TRUE
"tbl-main-compact-adherence","compact",11,"Location","Kumasi (GH)","Kumasi (GH)",TRUE
"tbl-main-compact-adherence","compact",11,"work_daytime","-5.6 pp (-10.8 pp to -0.4 pp) p = 0.094 21.0% (15.5% to 26.4%)","-5.6 pp (-10.8 pp to -0.4 pp) p = 0.094 21.0% (15.5% to 26.4%)",TRUE
"tbl-main-compact-adherence","compact",11,"work_pre","+10.9 pp (+0.9 pp to +20.9 pp) p = 0.094 72.9% (62.2% to 83.6%)","+10.9 pp (+0.9 pp to +20.9 pp) p = 0.094 72.9% (62.2% to 83.6%)",TRUE
"tbl-main-compact-adherence","compact",11,"work_sleep","+7.6 pp (+6.0 pp to +9.1 pp) p = <0.001 98.0% (96.8% to 99.1%)","+7.6 pp (+6.0 pp to +9.1 pp) p = <0.001 98.0% (96.8% to 99.1%)",TRUE
"tbl-main-compact-adherence","compact",11,"free_daytime","-11.8 pp (-15.8 pp to -7.8 pp) p = <0.001 9.7% (6.0% to 13.4%)","-11.8 pp (-15.8 pp to -7.8 pp) p = <0.001 9.7% (6.0% to 13.4%)",TRUE
"tbl-main-compact-adherence","compact",11,"free_pre","+15.5 pp (+9.0 pp to +22.0 pp) p = <0.001 83.4% (77.2% to 89.6%)","+15.5 pp (+9.0 pp to +22.0 pp) p = <0.001 83.4% (77.2% to 89.6%)",TRUE
"tbl-main-compact-adherence","compact",11,"free_sleep","+13.9 pp (+11.3 pp to +16.4 pp) p = <0.001 97.8% (96.5% to 99.1%)","+13.9 pp (+11.3 pp to +16.4 pp) p = <0.001 97.8% (96.5% to 99.1%)",TRUE
"tbl-main-endpoint-calibration","endpoints",1,"Sample","Any valid period","Any valid period",TRUE
"tbl-main-endpoint-calibration","endpoints",1,"Window","Sleep","Sleep",TRUE
"tbl-main-endpoint-calibration","endpoints",1,"Endpoint","all-no period","all-no period",TRUE
"tbl-main-endpoint-calibration","endpoints",1,"Observed periods","7","7",TRUE
"tbl-main-endpoint-calibration","endpoints",1,"Predicted median","6.0","6.0",TRUE
"tbl-main-endpoint-calibration","endpoints",1,"95% predictive envelope","2.0 to 12.0","2.0 to 12.0",TRUE
"tbl-main-endpoint-calibration","endpoints",1,"In envelope","Yes","Yes",TRUE
"tbl-main-endpoint-calibration","endpoints",1,"Applicable to endpoint check","Yes","Yes",TRUE
"tbl-main-endpoint-calibration","endpoints",2,"Sample","Any valid period","Any valid period",TRUE
"tbl-main-endpoint-calibration","endpoints",2,"Window","Sleep","Sleep",TRUE
"tbl-main-endpoint-calibration","endpoints",2,"Endpoint","all-yes period","all-yes period",TRUE
"tbl-main-endpoint-calibration","endpoints",2,"Observed periods","308","308",TRUE
"tbl-main-endpoint-calibration","endpoints",2,"Predicted median","302.0","302.0",TRUE
"tbl-main-endpoint-calibration","endpoints",2,"95% predictive envelope","280.0 to 326.0","280.0 to 326.0",TRUE
"tbl-main-endpoint-calibration","endpoints",2,"In envelope","Yes","Yes",TRUE
"tbl-main-endpoint-calibration","endpoints",2,"Applicable to endpoint check","Yes","Yes",TRUE
"tbl-main-endpoint-calibration","endpoints",3,"Sample","Any valid period","Any valid period",TRUE
"tbl-main-endpoint-calibration","endpoints",3,"Window","Daytime","Daytime",TRUE
"tbl-main-endpoint-calibration","endpoints",3,"Endpoint","all-no period","all-no period",TRUE
"tbl-main-endpoint-calibration","endpoints",3,"Observed periods","28","28",TRUE
"tbl-main-endpoint-calibration","endpoints",3,"Predicted median","27.0","27.0",TRUE
"tbl-main-endpoint-calibration","endpoints",3,"95% predictive envelope","18.0 to 37.0","18.0 to 37.0",TRUE
"tbl-main-endpoint-calibration","endpoints",3,"In envelope","Yes","Yes",TRUE
"tbl-main-endpoint-calibration","endpoints",3,"Applicable to endpoint check","Yes","Yes",TRUE
"tbl-main-endpoint-calibration","endpoints",4,"Sample","Any valid period","Any valid period",TRUE
"tbl-main-endpoint-calibration","endpoints",4,"Window","Daytime","Daytime",TRUE
"tbl-main-endpoint-calibration","endpoints",4,"Endpoint","all-yes period","all-yes period",TRUE
"tbl-main-endpoint-calibration","endpoints",4,"Observed periods","1","1",TRUE
"tbl-main-endpoint-calibration","endpoints",4,"Predicted median","0.0","0.0",TRUE
"tbl-main-endpoint-calibration","endpoints",4,"95% predictive envelope","0.0 to 0.0","0.0 to 0.0",TRUE
"tbl-main-endpoint-calibration","endpoints",4,"In envelope","No","No",TRUE
"tbl-main-endpoint-calibration","endpoints",4,"Applicable to endpoint check","No","No",TRUE
"tbl-main-endpoint-calibration","endpoints",5,"Sample","Any valid period","Any valid period",TRUE
"tbl-main-endpoint-calibration","endpoints",5,"Window","Pre-sleep","Pre-sleep",TRUE
"tbl-main-endpoint-calibration","endpoints",5,"Endpoint","all-no period","all-no period",TRUE
"tbl-main-endpoint-calibration","endpoints",5,"Observed periods","16","16",TRUE
"tbl-main-endpoint-calibration","endpoints",5,"Predicted median","11.0","11.0",TRUE
"tbl-main-endpoint-calibration","endpoints",5,"95% predictive envelope","5.0 to 18.0","5.0 to 18.0",TRUE
"tbl-main-endpoint-calibration","endpoints",5,"In envelope","Yes","Yes",TRUE
"tbl-main-endpoint-calibration","endpoints",5,"Applicable to endpoint check","Yes","Yes",TRUE
"tbl-main-endpoint-calibration","endpoints",6,"Sample","Any valid period","Any valid period",TRUE
"tbl-main-endpoint-calibration","endpoints",6,"Window","Pre-sleep","Pre-sleep",TRUE
"tbl-main-endpoint-calibration","endpoints",6,"Endpoint","all-yes period","all-yes period",TRUE
"tbl-main-endpoint-calibration","endpoints",6,"Observed periods","88","88",TRUE
"tbl-main-endpoint-calibration","endpoints",6,"Predicted median","80.0","80.0",TRUE
"tbl-main-endpoint-calibration","endpoints",6,"95% predictive envelope","65.0 to 96.0","65.0 to 96.0",TRUE
"tbl-main-endpoint-calibration","endpoints",6,"In envelope","Yes","Yes",TRUE
"tbl-main-endpoint-calibration","endpoints",6,"Applicable to endpoint check","Yes","Yes",TRUE
"tbl-main-endpoint-calibration","endpoints",7,"Sample","At least 80% coverage","At least 80% coverage",TRUE
"tbl-main-endpoint-calibration","endpoints",7,"Window","Sleep","Sleep",TRUE
"tbl-main-endpoint-calibration","endpoints",7,"Endpoint","all-no period","all-no period",TRUE
"tbl-main-endpoint-calibration","endpoints",7,"Observed periods","6","6",TRUE
"tbl-main-endpoint-calibration","endpoints",7,"Predicted median","6.0","6.0",TRUE
"tbl-main-endpoint-calibration","endpoints",7,"95% predictive envelope","1.2 to 10.8","1.2 to 10.8",TRUE
"tbl-main-endpoint-calibration","endpoints",7,"In envelope","Yes","Yes",TRUE
"tbl-main-endpoint-calibration","endpoints",7,"Applicable to endpoint check","Yes","Yes",TRUE
"tbl-main-endpoint-calibration","endpoints",8,"Sample","At least 80% coverage","At least 80% coverage",TRUE
"tbl-main-endpoint-calibration","endpoints",8,"Window","Sleep","Sleep",TRUE
"tbl-main-endpoint-calibration","endpoints",8,"Endpoint","all-yes period","all-yes period",TRUE
"tbl-main-endpoint-calibration","endpoints",8,"Observed periods","282","282",TRUE
"tbl-main-endpoint-calibration","endpoints",8,"Predicted median","278.0","278.0",TRUE
"tbl-main-endpoint-calibration","endpoints",8,"95% predictive envelope","256.2 to 300.8","256.2 to 300.8",TRUE
"tbl-main-endpoint-calibration","endpoints",8,"In envelope","Yes","Yes",TRUE
"tbl-main-endpoint-calibration","endpoints",8,"Applicable to endpoint check","Yes","Yes",TRUE
"tbl-main-endpoint-calibration","endpoints",9,"Sample","At least 80% coverage","At least 80% coverage",TRUE
"tbl-main-endpoint-calibration","endpoints",9,"Window","Daytime","Daytime",TRUE
"tbl-main-endpoint-calibration","endpoints",9,"Endpoint","all-no period","all-no period",TRUE
"tbl-main-endpoint-calibration","endpoints",9,"Observed periods","25","25",TRUE
"tbl-main-endpoint-calibration","endpoints",9,"Predicted median","25.0","25.0",TRUE
"tbl-main-endpoint-calibration","endpoints",9,"95% predictive envelope","16.2 to 34.8","16.2 to 34.8",TRUE
"tbl-main-endpoint-calibration","endpoints",9,"In envelope","Yes","Yes",TRUE
"tbl-main-endpoint-calibration","endpoints",9,"Applicable to endpoint check","Yes","Yes",TRUE
"tbl-main-endpoint-calibration","endpoints",10,"Sample","At least 80% coverage","At least 80% coverage",TRUE
"tbl-main-endpoint-calibration","endpoints",10,"Window","Daytime","Daytime",TRUE
"tbl-main-endpoint-calibration","endpoints",10,"Endpoint","all-yes period","all-yes period",TRUE
"tbl-main-endpoint-calibration","endpoints",10,"Observed periods","1","1",TRUE
"tbl-main-endpoint-calibration","endpoints",10,"Predicted median","0.0","0.0",TRUE
"tbl-main-endpoint-calibration","endpoints",10,"95% predictive envelope","0.0 to 0.0","0.0 to 0.0",TRUE
"tbl-main-endpoint-calibration","endpoints",10,"In envelope","No","No",TRUE
"tbl-main-endpoint-calibration","endpoints",10,"Applicable to endpoint check","No","No",TRUE
"tbl-main-endpoint-calibration","endpoints",11,"Sample","At least 80% coverage","At least 80% coverage",TRUE
"tbl-main-endpoint-calibration","endpoints",11,"Window","Pre-sleep","Pre-sleep",TRUE
"tbl-main-endpoint-calibration","endpoints",11,"Endpoint","all-no period","all-no period",TRUE
"tbl-main-endpoint-calibration","endpoints",11,"Observed periods","9","9",TRUE
"tbl-main-endpoint-calibration","endpoints",11,"Predicted median","8.0","8.0",TRUE
"tbl-main-endpoint-calibration","endpoints",11,"95% predictive envelope","3.0 to 14.0","3.0 to 14.0",TRUE
"tbl-main-endpoint-calibration","endpoints",11,"In envelope","Yes","Yes",TRUE
"tbl-main-endpoint-calibration","endpoints",11,"Applicable to endpoint check","Yes","Yes",TRUE
"tbl-main-endpoint-calibration","endpoints",12,"Sample","At least 80% coverage","At least 80% coverage",TRUE
"tbl-main-endpoint-calibration","endpoints",12,"Window","Pre-sleep","Pre-sleep",TRUE
"tbl-main-endpoint-calibration","endpoints",12,"Endpoint","all-yes period","all-yes period",TRUE
"tbl-main-endpoint-calibration","endpoints",12,"Observed periods","60","60",TRUE
"tbl-main-endpoint-calibration","endpoints",12,"Predicted median","55.0","55.0",TRUE
"tbl-main-endpoint-calibration","endpoints",12,"95% predictive envelope","40.0 to 70.5","40.0 to 70.5",TRUE
"tbl-main-endpoint-calibration","endpoints",12,"In envelope","Yes","Yes",TRUE
"tbl-main-endpoint-calibration","endpoints",12,"Applicable to endpoint check","Yes","Yes",TRUE
"tbl-main-coverage-gate","coverage",1,"Window","Pre-sleep","Pre-sleep",TRUE
"tbl-main-coverage-gate","coverage",1,"Any valid period","+5.9 pp (+1.4 pp to +10.5 pp)","+5.9 pp (+1.4 pp to +10.5 pp)",TRUE
"tbl-main-coverage-gate","coverage",1,"At least 80%","+4.1 pp (-0.9 pp to +9.1 pp)","+4.1 pp (-0.9 pp to +9.1 pp)",TRUE
"tbl-main-coverage-gate","coverage",1,"Absolute shift (pp)","1.80","1.80",TRUE
"tbl-main-coverage-gate","coverage",1,"Direction retained","Yes","Yes",TRUE
"tbl-main-coverage-gate","coverage",1,"CI conclusion retained","No","No",TRUE
"tbl-main-coverage-gate","coverage",1,"Coverage criterion met","No","No",TRUE
"tbl-main-coverage-gate","coverage",2,"Window","Sleep","Sleep",TRUE
"tbl-main-coverage-gate","coverage",2,"Any valid period","-6.5 pp (-9.1 pp to -3.8 pp)","-6.5 pp (-9.1 pp to -3.8 pp)",TRUE
"tbl-main-coverage-gate","coverage",2,"At least 80%","-6.3 pp (-9.0 pp to -3.6 pp)","-6.3 pp (-9.0 pp to -3.6 pp)",TRUE
"tbl-main-coverage-gate","coverage",2,"Absolute shift (pp)","0.22","0.22",TRUE
"tbl-main-coverage-gate","coverage",2,"Direction retained","Yes","Yes",TRUE
"tbl-main-coverage-gate","coverage",2,"CI conclusion retained","Yes","Yes",TRUE
"tbl-main-coverage-gate","coverage",2,"Coverage criterion met","Yes","Yes",TRUE
"tbl-main-coverage-gate","coverage",3,"Window","Daytime","Daytime",TRUE
"tbl-main-coverage-gate","coverage",3,"Any valid period","-5.1 pp (-7.8 pp to -2.4 pp)","-5.1 pp (-7.8 pp to -2.4 pp)",TRUE
"tbl-main-coverage-gate","coverage",3,"At least 80%","-5.7 pp (-8.5 pp to -2.9 pp)","-5.7 pp (-8.5 pp to -2.9 pp)",TRUE
"tbl-main-coverage-gate","coverage",3,"Absolute shift (pp)","0.59","0.59",TRUE
"tbl-main-coverage-gate","coverage",3,"Direction retained","Yes","Yes",TRUE
"tbl-main-coverage-gate","coverage",3,"CI conclusion retained","Yes","Yes",TRUE
"tbl-main-coverage-gate","coverage",3,"Coverage criterion met","Yes","Yes",TRUE
"tbl-main-random-effects","random",1,"Sample","Any valid period","Any valid period",TRUE
"tbl-main-random-effects","random",1,"Retained random effect","Mean participant intercept","Mean participant intercept",TRUE
"tbl-main-random-effects","random",1,"SD (logit scale)","0.319","0.319",TRUE
"tbl-main-random-effects","random",2,"Sample","At least 80% coverage","At least 80% coverage",TRUE
"tbl-main-random-effects","random",2,"Retained random effect","Mean participant intercept","Mean participant intercept",TRUE
"tbl-main-random-effects","random",2,"SD (logit scale)","0.303","0.303",TRUE
"tbl-main-r2-partition","r2",1,"Sample","Any valid period","Any valid period",TRUE
"tbl-main-r2-partition","r2",1,"Reference","global","global",TRUE
"tbl-main-r2-partition","r2",1,"Fixed share / marginal R² (%)","57.96","57.96",TRUE
"tbl-main-r2-partition","r2",1,"Participant increment (pp of explained variance)","2.27","2.27",TRUE
"tbl-main-r2-partition","r2",1,"Observation and distribution share (%)","39.77","39.77",TRUE
"tbl-main-r2-partition","r2",1,"Conditional R² (%)","60.23","60.23",TRUE
"tbl-main-r2-partition","r2",2,"Sample","Any valid period","Any valid period",TRUE
"tbl-main-r2-partition","r2",2,"Reference","Daytime","Daytime",TRUE
"tbl-main-r2-partition","r2",2,"Fixed share / marginal R² (%)","13.96","13.96",TRUE
"tbl-main-r2-partition","r2",2,"Participant increment (pp of explained variance)","7.69","7.69",TRUE
"tbl-main-r2-partition","r2",2,"Observation and distribution share (%)","78.35","78.35",TRUE
"tbl-main-r2-partition","r2",2,"Conditional R² (%)","21.65","21.65",TRUE
"tbl-main-r2-partition","r2",3,"Sample","Any valid period","Any valid period",TRUE
"tbl-main-r2-partition","r2",3,"Reference","Pre-sleep","Pre-sleep",TRUE
"tbl-main-r2-partition","r2",3,"Fixed share / marginal R² (%)","5.34","5.34",TRUE
"tbl-main-r2-partition","r2",3,"Participant increment (pp of explained variance)","4.51","4.51",TRUE
"tbl-main-r2-partition","r2",3,"Observation and distribution share (%)","90.15","90.15",TRUE
"tbl-main-r2-partition","r2",3,"Conditional R² (%)","9.85","9.85",TRUE
"tbl-main-r2-partition","r2",4,"Sample","Any valid period","Any valid period",TRUE
"tbl-main-r2-partition","r2",4,"Reference","Sleep","Sleep",TRUE
"tbl-main-r2-partition","r2",4,"Fixed share / marginal R² (%)","16.97","16.97",TRUE
"tbl-main-r2-partition","r2",4,"Participant increment (pp of explained variance)","2.84","2.84",TRUE
"tbl-main-r2-partition","r2",4,"Observation and distribution share (%)","80.20","80.20",TRUE
"tbl-main-r2-partition","r2",4,"Conditional R² (%)","19.80","19.80",TRUE
"tbl-main-r2-partition","r2",5,"Sample","At least 80% coverage","At least 80% coverage",TRUE
"tbl-main-r2-partition","r2",5,"Reference","global","global",TRUE
"tbl-main-r2-partition","r2",5,"Fixed share / marginal R² (%)","58.28","58.28",TRUE
"tbl-main-r2-partition","r2",5,"Participant increment (pp of explained variance)","2.10","2.10",TRUE
"tbl-main-r2-partition","r2",5,"Observation and distribution share (%)","39.62","39.62",TRUE
"tbl-main-r2-partition","r2",5,"Conditional R² (%)","60.38","60.38",TRUE
"tbl-main-r2-partition","r2",6,"Sample","At least 80% coverage","At least 80% coverage",TRUE
"tbl-main-r2-partition","r2",6,"Reference","Daytime","Daytime",TRUE
"tbl-main-r2-partition","r2",6,"Fixed share / marginal R² (%)","14.27","14.27",TRUE
"tbl-main-r2-partition","r2",6,"Participant increment (pp of explained variance)","6.91","6.91",TRUE
"tbl-main-r2-partition","r2",6,"Observation and distribution share (%)","78.82","78.82",TRUE
"tbl-main-r2-partition","r2",6,"Conditional R² (%)","21.18","21.18",TRUE
"tbl-main-r2-partition","r2",7,"Sample","At least 80% coverage","At least 80% coverage",TRUE
"tbl-main-r2-partition","r2",7,"Reference","Pre-sleep","Pre-sleep",TRUE
"tbl-main-r2-partition","r2",7,"Fixed share / marginal R² (%)","5.59","5.59",TRUE
"tbl-main-r2-partition","r2",7,"Participant increment (pp of explained variance)","4.26","4.26",TRUE
"tbl-main-r2-partition","r2",7,"Observation and distribution share (%)","90.15","90.15",TRUE
"tbl-main-r2-partition","r2",7,"Conditional R² (%)","9.85","9.85",TRUE
"tbl-main-r2-partition","r2",8,"Sample","At least 80% coverage","At least 80% coverage",TRUE
"tbl-main-r2-partition","r2",8,"Reference","Sleep","Sleep",TRUE
"tbl-main-r2-partition","r2",8,"Fixed share / marginal R² (%)","17.73","17.73",TRUE
"tbl-main-r2-partition","r2",8,"Participant increment (pp of explained variance)","2.63","2.63",TRUE
"tbl-main-r2-partition","r2",8,"Observation and distribution share (%)","79.64","79.64",TRUE
"tbl-main-r2-partition","r2",8,"Conditional R² (%)","20.36","20.36",TRUE
"tbl-main-shapley-global","shapley_global",1,"Sample","Any valid period","Any valid period",TRUE
"tbl-main-shapley-global","shapley_global",1,"Reference","global","global",TRUE
"tbl-main-shapley-global","shapley_global",1,"Predictor","Recommendation window","Recommendation window",TRUE
"tbl-main-shapley-global","shapley_global",1,"Absolute R² contribution (pp)","54.61","54.61",TRUE
"tbl-main-shapley-global","shapley_global",1,"Relative fixed-effect weight (%)","94.23","94.23",TRUE
"tbl-main-shapley-global","shapley_global",2,"Sample","Any valid period","Any valid period",TRUE
"tbl-main-shapley-global","shapley_global",2,"Reference","global","global",TRUE
"tbl-main-shapley-global","shapley_global",2,"Predictor","Site","Site",TRUE
"tbl-main-shapley-global","shapley_global",2,"Absolute R² contribution (pp)","2.76","2.76",TRUE
"tbl-main-shapley-global","shapley_global",2,"Relative fixed-effect weight (%)","4.76","4.76",TRUE
"tbl-main-shapley-global","shapley_global",3,"Sample","Any valid period","Any valid period",TRUE
"tbl-main-shapley-global","shapley_global",3,"Reference","global","global",TRUE
"tbl-main-shapley-global","shapley_global",3,"Predictor","Day type","Day type",TRUE
"tbl-main-shapley-global","shapley_global",3,"Absolute R² contribution (pp)","0.59","0.59",TRUE
"tbl-main-shapley-global","shapley_global",3,"Relative fixed-effect weight (%)","1.01","1.01",TRUE
"tbl-main-shapley-global","shapley_global",4,"Sample","At least 80% coverage","At least 80% coverage",TRUE
"tbl-main-shapley-global","shapley_global",4,"Reference","global","global",TRUE
"tbl-main-shapley-global","shapley_global",4,"Predictor","Recommendation window","Recommendation window",TRUE
"tbl-main-shapley-global","shapley_global",4,"Absolute R² contribution (pp)","54.75","54.75",TRUE
"tbl-main-shapley-global","shapley_global",4,"Relative fixed-effect weight (%)","93.94","93.94",TRUE
"tbl-main-shapley-global","shapley_global",5,"Sample","At least 80% coverage","At least 80% coverage",TRUE
"tbl-main-shapley-global","shapley_global",5,"Reference","global","global",TRUE
"tbl-main-shapley-global","shapley_global",5,"Predictor","Site","Site",TRUE
"tbl-main-shapley-global","shapley_global",5,"Absolute R² contribution (pp)","2.95","2.95",TRUE
"tbl-main-shapley-global","shapley_global",5,"Relative fixed-effect weight (%)","5.07","5.07",TRUE
"tbl-main-shapley-global","shapley_global",6,"Sample","At least 80% coverage","At least 80% coverage",TRUE
"tbl-main-shapley-global","shapley_global",6,"Reference","global","global",TRUE
"tbl-main-shapley-global","shapley_global",6,"Predictor","Day type","Day type",TRUE
"tbl-main-shapley-global","shapley_global",6,"Absolute R² contribution (pp)","0.58","0.58",TRUE
"tbl-main-shapley-global","shapley_global",6,"Relative fixed-effect weight (%)","0.99","0.99",TRUE
"tbl-main-shapley-within","shapley_within",1,"Sample","Any valid period","Any valid period",TRUE
"tbl-main-shapley-within","shapley_within",1,"Reference","Daytime","Daytime",TRUE
"tbl-main-shapley-within","shapley_within",1,"Predictor","Site","Site",TRUE
"tbl-main-shapley-within","shapley_within",1,"Absolute R² contribution (pp)","10.98","10.98",TRUE
"tbl-main-shapley-within","shapley_within",1,"Relative fixed-effect weight (%)","78.68","78.68",TRUE
"tbl-main-shapley-within","shapley_within",2,"Sample","Any valid period","Any valid period",TRUE
"tbl-main-shapley-within","shapley_within",2,"Reference","Daytime","Daytime",TRUE
"tbl-main-shapley-within","shapley_within",2,"Predictor","Day type","Day type",TRUE
"tbl-main-shapley-within","shapley_within",2,"Absolute R² contribution (pp)","2.98","2.98",TRUE
"tbl-main-shapley-within","shapley_within",2,"Relative fixed-effect weight (%)","21.32","21.32",TRUE
"tbl-main-shapley-within","shapley_within",3,"Sample","Any valid period","Any valid period",TRUE
"tbl-main-shapley-within","shapley_within",3,"Reference","Pre-sleep","Pre-sleep",TRUE
"tbl-main-shapley-within","shapley_within",3,"Predictor","Site","Site",TRUE
"tbl-main-shapley-within","shapley_within",3,"Absolute R² contribution (pp)","4.11","4.11",TRUE
"tbl-main-shapley-within","shapley_within",3,"Relative fixed-effect weight (%)","76.91","76.91",TRUE
"tbl-main-shapley-within","shapley_within",4,"Sample","Any valid period","Any valid period",TRUE
"tbl-main-shapley-within","shapley_within",4,"Reference","Pre-sleep","Pre-sleep",TRUE
"tbl-main-shapley-within","shapley_within",4,"Predictor","Day type","Day type",TRUE
"tbl-main-shapley-within","shapley_within",4,"Absolute R² contribution (pp)","1.23","1.23",TRUE
"tbl-main-shapley-within","shapley_within",4,"Relative fixed-effect weight (%)","23.09","23.09",TRUE
"tbl-main-shapley-within","shapley_within",5,"Sample","Any valid period","Any valid period",TRUE
"tbl-main-shapley-within","shapley_within",5,"Reference","Sleep","Sleep",TRUE
"tbl-main-shapley-within","shapley_within",5,"Predictor","Site","Site",TRUE
"tbl-main-shapley-within","shapley_within",5,"Absolute R² contribution (pp)","14.09","14.09",TRUE
"tbl-main-shapley-within","shapley_within",5,"Relative fixed-effect weight (%)","83.04","83.04",TRUE
"tbl-main-shapley-within","shapley_within",6,"Sample","Any valid period","Any valid period",TRUE
"tbl-main-shapley-within","shapley_within",6,"Reference","Sleep","Sleep",TRUE
"tbl-main-shapley-within","shapley_within",6,"Predictor","Day type","Day type",TRUE
"tbl-main-shapley-within","shapley_within",6,"Absolute R² contribution (pp)","2.88","2.88",TRUE
"tbl-main-shapley-within","shapley_within",6,"Relative fixed-effect weight (%)","16.96","16.96",TRUE
"tbl-main-shapley-within","shapley_within",7,"Sample","At least 80% coverage","At least 80% coverage",TRUE
"tbl-main-shapley-within","shapley_within",7,"Reference","Daytime","Daytime",TRUE
"tbl-main-shapley-within","shapley_within",7,"Predictor","Site","Site",TRUE
"tbl-main-shapley-within","shapley_within",7,"Absolute R² contribution (pp)","11.06","11.06",TRUE
"tbl-main-shapley-within","shapley_within",7,"Relative fixed-effect weight (%)","77.47","77.47",TRUE
"tbl-main-shapley-within","shapley_within",8,"Sample","At least 80% coverage","At least 80% coverage",TRUE
"tbl-main-shapley-within","shapley_within",8,"Reference","Daytime","Daytime",TRUE
"tbl-main-shapley-within","shapley_within",8,"Predictor","Day type","Day type",TRUE
"tbl-main-shapley-within","shapley_within",8,"Absolute R² contribution (pp)","3.22","3.22",TRUE
"tbl-main-shapley-within","shapley_within",8,"Relative fixed-effect weight (%)","22.53","22.53",TRUE
"tbl-main-shapley-within","shapley_within",9,"Sample","At least 80% coverage","At least 80% coverage",TRUE
"tbl-main-shapley-within","shapley_within",9,"Reference","Pre-sleep","Pre-sleep",TRUE
"tbl-main-shapley-within","shapley_within",9,"Predictor","Site","Site",TRUE
"tbl-main-shapley-within","shapley_within",9,"Absolute R² contribution (pp)","4.76","4.76",TRUE
"tbl-main-shapley-within","shapley_within",9,"Relative fixed-effect weight (%)","85.22","85.22",TRUE
"tbl-main-shapley-within","shapley_within",10,"Sample","At least 80% coverage","At least 80% coverage",TRUE
"tbl-main-shapley-within","shapley_within",10,"Reference","Pre-sleep","Pre-sleep",TRUE
"tbl-main-shapley-within","shapley_within",10,"Predictor","Day type","Day type",TRUE
"tbl-main-shapley-within","shapley_within",10,"Absolute R² contribution (pp)","0.83","0.83",TRUE
"tbl-main-shapley-within","shapley_within",10,"Relative fixed-effect weight (%)","14.78","14.78",TRUE
"tbl-main-shapley-within","shapley_within",11,"Sample","At least 80% coverage","At least 80% coverage",TRUE
"tbl-main-shapley-within","shapley_within",11,"Reference","Sleep","Sleep",TRUE
"tbl-main-shapley-within","shapley_within",11,"Predictor","Site","Site",TRUE
"tbl-main-shapley-within","shapley_within",11,"Absolute R² contribution (pp)","15.00","15.00",TRUE
"tbl-main-shapley-within","shapley_within",11,"Relative fixed-effect weight (%)","84.60","84.60",TRUE
"tbl-main-shapley-within","shapley_within",12,"Sample","At least 80% coverage","At least 80% coverage",TRUE
"tbl-main-shapley-within","shapley_within",12,"Reference","Sleep","Sleep",TRUE
"tbl-main-shapley-within","shapley_within",12,"Predictor","Day type","Day type",TRUE
"tbl-main-shapley-within","shapley_within",12,"Absolute R² contribution (pp)","2.73","2.73",TRUE
"tbl-main-shapley-within","shapley_within",12,"Relative fixed-effect weight (%)","15.40","15.40",TRUE
"tbl-main-placement","chest",1,"Window","Daytime","Daytime",TRUE
"tbl-main-placement","chest",1,"Near-eye reference (95% CI)","-5.1 pp (-7.8 pp to -2.4 pp)","-5.1 pp (-7.8 pp to -2.4 pp)",TRUE
"tbl-main-placement","chest",1,"Chest comparison (95% CI)","-5.5 pp (-7.6 pp to -3.3 pp)","-5.5 pp (-7.6 pp to -3.3 pp)",TRUE
"tbl-main-placement","chest",1,"Difference in point estimates (pp)","-0.37","-0.37",TRUE
"tbl-main-placement","chest",1,"Direction retained","Yes","Yes",TRUE
"tbl-main-placement","chest",1,"CI conclusion retained","Yes","Yes",TRUE
"tbl-main-placement","chest",2,"Window","Pre-sleep","Pre-sleep",TRUE
"tbl-main-placement","chest",2,"Near-eye reference (95% CI)","+5.9 pp (+1.4 pp to +10.5 pp)","+5.9 pp (+1.4 pp to +10.5 pp)",TRUE
"tbl-main-placement","chest",2,"Chest comparison (95% CI)","+4.8 pp (+0.9 pp to +8.8 pp)","+4.8 pp (+0.9 pp to +8.8 pp)",TRUE
"tbl-main-placement","chest",2,"Difference in point estimates (pp)","-1.08","-1.08",TRUE
"tbl-main-placement","chest",2,"Direction retained","Yes","Yes",TRUE
"tbl-main-placement","chest",2,"CI conclusion retained","Yes","Yes",TRUE
"tbl-main-grouping-sensitivity","grouping",1,"Sample","Any valid period","Any valid period",TRUE
"tbl-main-grouping-sensitivity","grouping",1,"Window","Daytime","Daytime",TRUE
"tbl-main-grouping-sensitivity","grouping",1,"Wake-anchored grouping (95% CI)","-5.1 pp (-7.8 pp to -2.4 pp)","-5.1 pp (-7.8 pp to -2.4 pp)",TRUE
"tbl-main-grouping-sensitivity","grouping",1,"Diary-indexed grouping (95% CI)","-4.9 pp (-7.6 pp to -2.2 pp)","-4.9 pp (-7.6 pp to -2.2 pp)",TRUE
"tbl-main-grouping-sensitivity","grouping",1,"Point-estimate difference (pp)","-0.16","-0.16",TRUE
"tbl-main-grouping-sensitivity","grouping",1,"Direction retained","Yes","Yes",TRUE
"tbl-main-grouping-sensitivity","grouping",1,"CI conclusion retained","Yes","Yes",TRUE
"tbl-main-grouping-sensitivity","grouping",2,"Sample","Any valid period","Any valid period",TRUE
"tbl-main-grouping-sensitivity","grouping",2,"Window","Pre-sleep","Pre-sleep",TRUE
"tbl-main-grouping-sensitivity","grouping",2,"Wake-anchored grouping (95% CI)","+5.9 pp (+1.4 pp to +10.5 pp)","+5.9 pp (+1.4 pp to +10.5 pp)",TRUE
"tbl-main-grouping-sensitivity","grouping",2,"Diary-indexed grouping (95% CI)","+8.0 pp (+3.3 pp to +12.7 pp)","+8.0 pp (+3.3 pp to +12.7 pp)",TRUE
"tbl-main-grouping-sensitivity","grouping",2,"Point-estimate difference (pp)","-2.06","-2.06",TRUE
"tbl-main-grouping-sensitivity","grouping",2,"Direction retained","Yes","Yes",TRUE
"tbl-main-grouping-sensitivity","grouping",2,"CI conclusion retained","Yes","Yes",TRUE
"tbl-main-grouping-sensitivity","grouping",3,"Sample","Any valid period","Any valid period",TRUE
"tbl-main-grouping-sensitivity","grouping",3,"Window","Sleep","Sleep",TRUE
"tbl-main-grouping-sensitivity","grouping",3,"Wake-anchored grouping (95% CI)","-6.5 pp (-9.1 pp to -3.8 pp)","-6.5 pp (-9.1 pp to -3.8 pp)",TRUE
"tbl-main-grouping-sensitivity","grouping",3,"Diary-indexed grouping (95% CI)","-6.1 pp (-8.8 pp to -3.5 pp)","-6.1 pp (-8.8 pp to -3.5 pp)",TRUE
"tbl-main-grouping-sensitivity","grouping",3,"Point-estimate difference (pp)","-0.36","-0.36",TRUE
"tbl-main-grouping-sensitivity","grouping",3,"Direction retained","Yes","Yes",TRUE
"tbl-main-grouping-sensitivity","grouping",3,"CI conclusion retained","Yes","Yes",TRUE
"tbl-main-grouping-sensitivity","grouping",4,"Sample","At least 80% coverage","At least 80% coverage",TRUE
"tbl-main-grouping-sensitivity","grouping",4,"Window","Daytime","Daytime",TRUE
"tbl-main-grouping-sensitivity","grouping",4,"Wake-anchored grouping (95% CI)","-5.7 pp (-8.5 pp to -2.9 pp)","-5.7 pp (-8.5 pp to -2.9 pp)",TRUE
"tbl-main-grouping-sensitivity","grouping",4,"Diary-indexed grouping (95% CI)","-5.5 pp (-8.3 pp to -2.7 pp)","-5.5 pp (-8.3 pp to -2.7 pp)",TRUE
"tbl-main-grouping-sensitivity","grouping",4,"Point-estimate difference (pp)","-0.14","-0.14",TRUE
"tbl-main-grouping-sensitivity","grouping",4,"Direction retained","Yes","Yes",TRUE
"tbl-main-grouping-sensitivity","grouping",4,"CI conclusion retained","Yes","Yes",TRUE
"tbl-main-grouping-sensitivity","grouping",5,"Sample","At least 80% coverage","At least 80% coverage",TRUE
"tbl-main-grouping-sensitivity","grouping",5,"Window","Pre-sleep","Pre-sleep",TRUE
"tbl-main-grouping-sensitivity","grouping",5,"Wake-anchored grouping (95% CI)","+4.1 pp (-0.9 pp to +9.1 pp)","+4.1 pp (-0.9 pp to +9.1 pp)",TRUE
"tbl-main-grouping-sensitivity","grouping",5,"Diary-indexed grouping (95% CI)","+8.9 pp (+3.7 pp to +14.0 pp)","+8.9 pp (+3.7 pp to +14.0 pp)",TRUE
"tbl-main-grouping-sensitivity","grouping",5,"Point-estimate difference (pp)","-4.74","-4.74",TRUE
"tbl-main-grouping-sensitivity","grouping",5,"Direction retained","Yes","Yes",TRUE
"tbl-main-grouping-sensitivity","grouping",5,"CI conclusion retained","No","No",TRUE
"tbl-main-grouping-sensitivity","grouping",6,"Sample","At least 80% coverage","At least 80% coverage",TRUE
"tbl-main-grouping-sensitivity","grouping",6,"Window","Sleep","Sleep",TRUE
"tbl-main-grouping-sensitivity","grouping",6,"Wake-anchored grouping (95% CI)","-6.3 pp (-9.0 pp to -3.6 pp)","-6.3 pp (-9.0 pp to -3.6 pp)",TRUE
"tbl-main-grouping-sensitivity","grouping",6,"Diary-indexed grouping (95% CI)","-6.1 pp (-8.7 pp to -3.4 pp)","-6.1 pp (-8.7 pp to -3.4 pp)",TRUE
"tbl-main-grouping-sensitivity","grouping",6,"Point-estimate difference (pp)","-0.21","-0.21",TRUE
"tbl-main-grouping-sensitivity","grouping",6,"Direction retained","Yes","Yes",TRUE
"tbl-main-grouping-sensitivity","grouping",6,"CI conclusion retained","Yes","Yes",TRUE
"tbl-main-all-sensitivities","sensitivities",1,"Scenario","Complementary chest","Complementary chest",TRUE
"tbl-main-all-sensitivities","sensitivities",1,"Window","Daytime","Daytime",TRUE
"tbl-main-all-sensitivities","sensitivities",1,"Free minus Work (95% CI)","-5.5 pp (-7.6 pp to -3.3 pp)","-5.5 pp (-7.6 pp to -3.3 pp)",TRUE
"tbl-main-all-sensitivities","sensitivities",1,"Primary comparator (95% CI)","-5.1 pp (-7.8 pp to -2.4 pp)","-5.1 pp (-7.8 pp to -2.4 pp)",TRUE
"tbl-main-all-sensitivities","sensitivities",1,"Point-estimate shift (pp)","-0.37","-0.37",TRUE
"tbl-main-all-sensitivities","sensitivities",1,"Direction retained","Yes","Yes",TRUE
"tbl-main-all-sensitivities","sensitivities",1,"CI conclusion retained","Yes","Yes",TRUE
"tbl-main-all-sensitivities","sensitivities",2,"Scenario","Complementary chest","Complementary chest",TRUE
"tbl-main-all-sensitivities","sensitivities",2,"Window","Pre-sleep","Pre-sleep",TRUE
"tbl-main-all-sensitivities","sensitivities",2,"Free minus Work (95% CI)","+4.8 pp (+0.9 pp to +8.8 pp)","+4.8 pp (+0.9 pp to +8.8 pp)",TRUE
"tbl-main-all-sensitivities","sensitivities",2,"Primary comparator (95% CI)","+5.9 pp (+1.4 pp to +10.5 pp)","+5.9 pp (+1.4 pp to +10.5 pp)",TRUE
"tbl-main-all-sensitivities","sensitivities",2,"Point-estimate shift (pp)","-1.08","-1.08",TRUE
"tbl-main-all-sensitivities","sensitivities",2,"Direction retained","Yes","Yes",TRUE
"tbl-main-all-sensitivities","sensitivities",2,"CI conclusion retained","Yes","Yes",TRUE
"tbl-main-all-sensitivities","sensitivities",3,"Scenario","Calendar-day chunks","Calendar-day chunks",TRUE
"tbl-main-all-sensitivities","sensitivities",3,"Window","Daytime","Daytime",TRUE
"tbl-main-all-sensitivities","sensitivities",3,"Free minus Work (95% CI)","-5.4 pp (-8.0 pp to -2.9 pp)","-5.4 pp (-8.0 pp to -2.9 pp)",TRUE
"tbl-main-all-sensitivities","sensitivities",3,"Primary comparator (95% CI)","-5.1 pp (-7.8 pp to -2.4 pp)","-5.1 pp (-7.8 pp to -2.4 pp)",TRUE
"tbl-main-all-sensitivities","sensitivities",3,"Point-estimate shift (pp)","-0.35","-0.35",TRUE
"tbl-main-all-sensitivities","sensitivities",3,"Direction retained","Yes","Yes",TRUE
"tbl-main-all-sensitivities","sensitivities",3,"CI conclusion retained","Yes","Yes",TRUE
"tbl-main-all-sensitivities","sensitivities",4,"Scenario","Calendar-day chunks","Calendar-day chunks",TRUE
"tbl-main-all-sensitivities","sensitivities",4,"Window","Pre-sleep","Pre-sleep",TRUE
"tbl-main-all-sensitivities","sensitivities",4,"Free minus Work (95% CI)","+5.5 pp (+1.5 pp to +9.6 pp)","+5.5 pp (+1.5 pp to +9.6 pp)",TRUE
"tbl-main-all-sensitivities","sensitivities",4,"Primary comparator (95% CI)","+5.9 pp (+1.4 pp to +10.5 pp)","+5.9 pp (+1.4 pp to +10.5 pp)",TRUE
"tbl-main-all-sensitivities","sensitivities",4,"Point-estimate shift (pp)","-0.38","-0.38",TRUE
"tbl-main-all-sensitivities","sensitivities",4,"Direction retained","Yes","Yes",TRUE
"tbl-main-all-sensitivities","sensitivities",4,"CI conclusion retained","Yes","Yes",TRUE
"tbl-main-all-sensitivities","sensitivities",5,"Scenario","Calendar-day chunks","Calendar-day chunks",TRUE
"tbl-main-all-sensitivities","sensitivities",5,"Window","Sleep","Sleep",TRUE
"tbl-main-all-sensitivities","sensitivities",5,"Free minus Work (95% CI)","-6.1 pp (-8.8 pp to -3.4 pp)","-6.1 pp (-8.8 pp to -3.4 pp)",TRUE
"tbl-main-all-sensitivities","sensitivities",5,"Primary comparator (95% CI)","-6.5 pp (-9.1 pp to -3.8 pp)","-6.5 pp (-9.1 pp to -3.8 pp)",TRUE
"tbl-main-all-sensitivities","sensitivities",5,"Point-estimate shift (pp)","+0.42","+0.42",TRUE
"tbl-main-all-sensitivities","sensitivities",5,"Direction retained","Yes","Yes",TRUE
"tbl-main-all-sensitivities","sensitivities",5,"CI conclusion retained","Yes","Yes",TRUE
"tbl-main-all-sensitivities","sensitivities",6,"Scenario","Fractional model, equal periods","Fractional model, equal periods",TRUE
"tbl-main-all-sensitivities","sensitivities",6,"Window","Daytime","Daytime",TRUE
"tbl-main-all-sensitivities","sensitivities",6,"Free minus Work (95% CI)","-4.8 pp (-7.7 pp to -2.0 pp)","-4.8 pp (-7.7 pp to -2.0 pp)",TRUE
"tbl-main-all-sensitivities","sensitivities",6,"Primary comparator (95% CI)","-5.1 pp (-7.8 pp to -2.4 pp)","-5.1 pp (-7.8 pp to -2.4 pp)",TRUE
"tbl-main-all-sensitivities","sensitivities",6,"Point-estimate shift (pp)","+0.24","+0.24",TRUE
"tbl-main-all-sensitivities","sensitivities",6,"Direction retained","Yes","Yes",TRUE
"tbl-main-all-sensitivities","sensitivities",6,"CI conclusion retained","Yes","Yes",TRUE
"tbl-main-all-sensitivities","sensitivities",7,"Scenario","Fractional model, equal periods","Fractional model, equal periods",TRUE
"tbl-main-all-sensitivities","sensitivities",7,"Window","Pre-sleep","Pre-sleep",TRUE
"tbl-main-all-sensitivities","sensitivities",7,"Free minus Work (95% CI)","+7.9 pp (+2.7 pp to +13.0 pp)","+7.9 pp (+2.7 pp to +13.0 pp)",TRUE
"tbl-main-all-sensitivities","sensitivities",7,"Primary comparator (95% CI)","+5.9 pp (+1.4 pp to +10.5 pp)","+5.9 pp (+1.4 pp to +10.5 pp)",TRUE
"tbl-main-all-sensitivities","sensitivities",7,"Point-estimate shift (pp)","+1.96","+1.96",TRUE
"tbl-main-all-sensitivities","sensitivities",7,"Direction retained","Yes","Yes",TRUE
"tbl-main-all-sensitivities","sensitivities",7,"CI conclusion retained","Yes","Yes",TRUE
"tbl-main-all-sensitivities","sensitivities",8,"Scenario","Fractional model, equal periods","Fractional model, equal periods",TRUE
"tbl-main-all-sensitivities","sensitivities",8,"Window","Sleep","Sleep",TRUE
"tbl-main-all-sensitivities","sensitivities",8,"Free minus Work (95% CI)","-6.9 pp (-10.7 pp to -3.1 pp)","-6.9 pp (-10.7 pp to -3.1 pp)",TRUE
"tbl-main-all-sensitivities","sensitivities",8,"Primary comparator (95% CI)","-6.5 pp (-9.1 pp to -3.8 pp)","-6.5 pp (-9.1 pp to -3.8 pp)",TRUE
"tbl-main-all-sensitivities","sensitivities",8,"Point-estimate shift (pp)","-0.40","-0.40",TRUE
"tbl-main-all-sensitivities","sensitivities",8,"Direction retained","Yes","Yes",TRUE
"tbl-main-all-sensitivities","sensitivities",8,"CI conclusion retained","Yes","Yes",TRUE
"tbl-main-all-sensitivities","sensitivities",9,"Scenario","Fractional model, minute weighting","Fractional model, minute weighting",TRUE
"tbl-main-all-sensitivities","sensitivities",9,"Window","Daytime","Daytime",TRUE
"tbl-main-all-sensitivities","sensitivities",9,"Free minus Work (95% CI)","-5.1 pp (-8.0 pp to -2.2 pp)","-5.1 pp (-8.0 pp to -2.2 pp)",TRUE
"tbl-main-all-sensitivities","sensitivities",9,"Primary comparator (95% CI)","-5.1 pp (-7.8 pp to -2.4 pp)","-5.1 pp (-7.8 pp to -2.4 pp)",TRUE
"tbl-main-all-sensitivities","sensitivities",9,"Point-estimate shift (pp)","-0.02","-0.02",TRUE
"tbl-main-all-sensitivities","sensitivities",9,"Direction retained","Yes","Yes",TRUE
"tbl-main-all-sensitivities","sensitivities",9,"CI conclusion retained","Yes","Yes",TRUE
"tbl-main-all-sensitivities","sensitivities",10,"Scenario","Fractional model, minute weighting","Fractional model, minute weighting",TRUE
"tbl-main-all-sensitivities","sensitivities",10,"Window","Pre-sleep","Pre-sleep",TRUE
"tbl-main-all-sensitivities","sensitivities",10,"Free minus Work (95% CI)","+7.1 pp (+1.8 pp to +12.4 pp)","+7.1 pp (+1.8 pp to +12.4 pp)",TRUE
"tbl-main-all-sensitivities","sensitivities",10,"Primary comparator (95% CI)","+5.9 pp (+1.4 pp to +10.5 pp)","+5.9 pp (+1.4 pp to +10.5 pp)",TRUE
"tbl-main-all-sensitivities","sensitivities",10,"Point-estimate shift (pp)","+1.18","+1.18",TRUE
"tbl-main-all-sensitivities","sensitivities",10,"Direction retained","Yes","Yes",TRUE
"tbl-main-all-sensitivities","sensitivities",10,"CI conclusion retained","Yes","Yes",TRUE
"tbl-main-all-sensitivities","sensitivities",11,"Scenario","Fractional model, minute weighting","Fractional model, minute weighting",TRUE
"tbl-main-all-sensitivities","sensitivities",11,"Window","Sleep","Sleep",TRUE
"tbl-main-all-sensitivities","sensitivities",11,"Free minus Work (95% CI)","-7.5 pp (-11.3 pp to -3.7 pp)","-7.5 pp (-11.3 pp to -3.7 pp)",TRUE
"tbl-main-all-sensitivities","sensitivities",11,"Primary comparator (95% CI)","-6.5 pp (-9.1 pp to -3.8 pp)","-6.5 pp (-9.1 pp to -3.8 pp)",TRUE
"tbl-main-all-sensitivities","sensitivities",11,"Point-estimate shift (pp)","-1.01","-1.01",TRUE
"tbl-main-all-sensitivities","sensitivities",11,"Direction retained","Yes","Yes",TRUE
"tbl-main-all-sensitivities","sensitivities",11,"CI conclusion retained","Yes","Yes",TRUE
"tbl-main-all-sensitivities","sensitivities",12,"Scenario","Beta-binomial benchmark","Beta-binomial benchmark",TRUE
"tbl-main-all-sensitivities","sensitivities",12,"Window","Daytime","Daytime",TRUE
"tbl-main-all-sensitivities","sensitivities",12,"Free minus Work (95% CI)","-5.0 pp (-7.4 pp to -2.5 pp)","-5.0 pp (-7.4 pp to -2.5 pp)",TRUE
"tbl-main-all-sensitivities","sensitivities",12,"Primary comparator (95% CI)","-5.1 pp (-7.8 pp to -2.4 pp)","-5.1 pp (-7.8 pp to -2.4 pp)",TRUE
"tbl-main-all-sensitivities","sensitivities",12,"Point-estimate shift (pp)","+0.10","+0.10",TRUE
"tbl-main-all-sensitivities","sensitivities",12,"Direction retained","Yes","Yes",TRUE
"tbl-main-all-sensitivities","sensitivities",12,"CI conclusion retained","Yes","Yes",TRUE
"tbl-main-all-sensitivities","sensitivities",13,"Scenario","Beta-binomial benchmark","Beta-binomial benchmark",TRUE
"tbl-main-all-sensitivities","sensitivities",13,"Window","Pre-sleep","Pre-sleep",TRUE
"tbl-main-all-sensitivities","sensitivities",13,"Free minus Work (95% CI)","+5.5 pp (+1.5 pp to +9.6 pp)","+5.5 pp (+1.5 pp to +9.6 pp)",TRUE
"tbl-main-all-sensitivities","sensitivities",13,"Primary comparator (95% CI)","+5.9 pp (+1.4 pp to +10.5 pp)","+5.9 pp (+1.4 pp to +10.5 pp)",TRUE
"tbl-main-all-sensitivities","sensitivities",13,"Point-estimate shift (pp)","-0.37","-0.37",TRUE
"tbl-main-all-sensitivities","sensitivities",13,"Direction retained","Yes","Yes",TRUE
"tbl-main-all-sensitivities","sensitivities",13,"CI conclusion retained","Yes","Yes",TRUE
"tbl-main-all-sensitivities","sensitivities",14,"Scenario","Beta-binomial benchmark","Beta-binomial benchmark",TRUE
"tbl-main-all-sensitivities","sensitivities",14,"Window","Sleep","Sleep",TRUE
"tbl-main-all-sensitivities","sensitivities",14,"Free minus Work (95% CI)","-6.4 pp (-8.9 pp to -4.0 pp)","-6.4 pp (-8.9 pp to -4.0 pp)",TRUE
"tbl-main-all-sensitivities","sensitivities",14,"Primary comparator (95% CI)","-6.5 pp (-9.1 pp to -3.8 pp)","-6.5 pp (-9.1 pp to -3.8 pp)",TRUE
"tbl-main-all-sensitivities","sensitivities",14,"Point-estimate shift (pp)","+0.06","+0.06",TRUE
"tbl-main-all-sensitivities","sensitivities",14,"Direction retained","Yes","Yes",TRUE
"tbl-main-all-sensitivities","sensitivities",14,"CI conclusion retained","Yes","Yes",TRUE
"tbl-main-all-sensitivities","sensitivities",15,"Scenario","Actual-date temporal, any valid","Actual-date temporal, any valid",TRUE
"tbl-main-all-sensitivities","sensitivities",15,"Window","Daytime","Daytime",TRUE
"tbl-main-all-sensitivities","sensitivities",15,"Free minus Work (95% CI)","-4.1 pp (-6.6 pp to -1.5 pp)","-4.1 pp (-6.6 pp to -1.5 pp)",TRUE
"tbl-main-all-sensitivities","sensitivities",15,"Primary comparator (95% CI)","-5.1 pp (-7.8 pp to -2.4 pp)","-5.1 pp (-7.8 pp to -2.4 pp)",TRUE
"tbl-main-all-sensitivities","sensitivities",15,"Point-estimate shift (pp)","+1.00","+1.00",TRUE
"tbl-main-all-sensitivities","sensitivities",15,"Direction retained","Yes","Yes",TRUE
"tbl-main-all-sensitivities","sensitivities",15,"CI conclusion retained","Yes","Yes",TRUE
"tbl-main-all-sensitivities","sensitivities",16,"Scenario","Actual-date temporal, any valid","Actual-date temporal, any valid",TRUE
"tbl-main-all-sensitivities","sensitivities",16,"Window","Pre-sleep","Pre-sleep",TRUE
"tbl-main-all-sensitivities","sensitivities",16,"Free minus Work (95% CI)","+5.4 pp (+1.2 pp to +9.5 pp)","+5.4 pp (+1.2 pp to +9.5 pp)",TRUE
"tbl-main-all-sensitivities","sensitivities",16,"Primary comparator (95% CI)","+5.9 pp (+1.4 pp to +10.5 pp)","+5.9 pp (+1.4 pp to +10.5 pp)",TRUE
"tbl-main-all-sensitivities","sensitivities",16,"Point-estimate shift (pp)","-0.54","-0.54",TRUE
"tbl-main-all-sensitivities","sensitivities",16,"Direction retained","Yes","Yes",TRUE
"tbl-main-all-sensitivities","sensitivities",16,"CI conclusion retained","Yes","Yes",TRUE
"tbl-main-all-sensitivities","sensitivities",17,"Scenario","Actual-date temporal, any valid","Actual-date temporal, any valid",TRUE
"tbl-main-all-sensitivities","sensitivities",17,"Window","Sleep","Sleep",TRUE
"tbl-main-all-sensitivities","sensitivities",17,"Free minus Work (95% CI)","-5.8 pp (-8.3 pp to -3.3 pp)","-5.8 pp (-8.3 pp to -3.3 pp)",TRUE
"tbl-main-all-sensitivities","sensitivities",17,"Primary comparator (95% CI)","-6.5 pp (-9.1 pp to -3.8 pp)","-6.5 pp (-9.1 pp to -3.8 pp)",TRUE
"tbl-main-all-sensitivities","sensitivities",17,"Point-estimate shift (pp)","+0.65","+0.65",TRUE
"tbl-main-all-sensitivities","sensitivities",17,"Direction retained","Yes","Yes",TRUE
"tbl-main-all-sensitivities","sensitivities",17,"CI conclusion retained","Yes","Yes",TRUE
"tbl-main-all-sensitivities","sensitivities",18,"Scenario","Actual-date temporal, at least 80%","Actual-date temporal, at least 80%",TRUE
"tbl-main-all-sensitivities","sensitivities",18,"Window","Daytime","Daytime",TRUE
"tbl-main-all-sensitivities","sensitivities",18,"Free minus Work (95% CI)","-4.6 pp (-7.3 pp to -2.0 pp)","-4.6 pp (-7.3 pp to -2.0 pp)",TRUE
"tbl-main-all-sensitivities","sensitivities",18,"Primary comparator (95% CI)","-5.7 pp (-8.5 pp to -2.9 pp)","-5.7 pp (-8.5 pp to -2.9 pp)",TRUE
"tbl-main-all-sensitivities","sensitivities",18,"Point-estimate shift (pp)","+1.03","+1.03",TRUE
"tbl-main-all-sensitivities","sensitivities",18,"Direction retained","Yes","Yes",TRUE
"tbl-main-all-sensitivities","sensitivities",18,"CI conclusion retained","Yes","Yes",TRUE
"tbl-main-all-sensitivities","sensitivities",19,"Scenario","Actual-date temporal, at least 80%","Actual-date temporal, at least 80%",TRUE
"tbl-main-all-sensitivities","sensitivities",19,"Window","Pre-sleep","Pre-sleep",TRUE
"tbl-main-all-sensitivities","sensitivities",19,"Free minus Work (95% CI)","+4.1 pp (-0.5 pp to +8.6 pp)","+4.1 pp (-0.5 pp to +8.6 pp)",TRUE
"tbl-main-all-sensitivities","sensitivities",19,"Primary comparator (95% CI)","+4.1 pp (-0.9 pp to +9.1 pp)","+4.1 pp (-0.9 pp to +9.1 pp)",TRUE
"tbl-main-all-sensitivities","sensitivities",19,"Point-estimate shift (pp)","-0.04","-0.04",TRUE
"tbl-main-all-sensitivities","sensitivities",19,"Direction retained","Yes","Yes",TRUE
"tbl-main-all-sensitivities","sensitivities",19,"CI conclusion retained","Yes","Yes",TRUE
"tbl-main-all-sensitivities","sensitivities",20,"Scenario","Actual-date temporal, at least 80%","Actual-date temporal, at least 80%",TRUE
"tbl-main-all-sensitivities","sensitivities",20,"Window","Sleep","Sleep",TRUE
"tbl-main-all-sensitivities","sensitivities",20,"Free minus Work (95% CI)","-5.6 pp (-8.1 pp to -3.1 pp)","-5.6 pp (-8.1 pp to -3.1 pp)",TRUE
"tbl-main-all-sensitivities","sensitivities",20,"Primary comparator (95% CI)","-6.3 pp (-9.0 pp to -3.6 pp)","-6.3 pp (-9.0 pp to -3.6 pp)",TRUE
"tbl-main-all-sensitivities","sensitivities",20,"Point-estimate shift (pp)","+0.65","+0.65",TRUE
"tbl-main-all-sensitivities","sensitivities",20,"Direction retained","Yes","Yes",TRUE
"tbl-main-all-sensitivities","sensitivities",20,"CI conclusion retained","Yes","Yes",TRUE
"tbl-main-all-sensitivities","sensitivities",21,"Scenario","Both day types observed","Both day types observed",TRUE
"tbl-main-all-sensitivities","sensitivities",21,"Window","Daytime","Daytime",TRUE
"tbl-main-all-sensitivities","sensitivities",21,"Free minus Work (95% CI)","-4.8 pp (-7.7 pp to -1.9 pp)","-4.8 pp (-7.7 pp to -1.9 pp)",TRUE
"tbl-main-all-sensitivities","sensitivities",21,"Primary comparator (95% CI)","-5.1 pp (-7.8 pp to -2.4 pp)","-5.1 pp (-7.8 pp to -2.4 pp)",TRUE
"tbl-main-all-sensitivities","sensitivities",21,"Point-estimate shift (pp)","+0.28","+0.28",TRUE
"tbl-main-all-sensitivities","sensitivities",21,"Direction retained","Yes","Yes",TRUE
"tbl-main-all-sensitivities","sensitivities",21,"CI conclusion retained","Yes","Yes",TRUE
"tbl-main-all-sensitivities","sensitivities",22,"Scenario","Both day types observed","Both day types observed",TRUE
"tbl-main-all-sensitivities","sensitivities",22,"Window","Pre-sleep","Pre-sleep",TRUE
"tbl-main-all-sensitivities","sensitivities",22,"Free minus Work (95% CI)","+3.8 pp (-0.7 pp to +8.4 pp)","+3.8 pp (-0.7 pp to +8.4 pp)",TRUE
"tbl-main-all-sensitivities","sensitivities",22,"Primary comparator (95% CI)","+5.9 pp (+1.4 pp to +10.5 pp)","+5.9 pp (+1.4 pp to +10.5 pp)",TRUE
"tbl-main-all-sensitivities","sensitivities",22,"Point-estimate shift (pp)","-2.08","-2.08",TRUE
"tbl-main-all-sensitivities","sensitivities",22,"Direction retained","Yes","Yes",TRUE
"tbl-main-all-sensitivities","sensitivities",22,"CI conclusion retained","No","No",TRUE
"tbl-main-all-sensitivities","sensitivities",23,"Scenario","Both day types observed","Both day types observed",TRUE
"tbl-main-all-sensitivities","sensitivities",23,"Window","Sleep","Sleep",TRUE
"tbl-main-all-sensitivities","sensitivities",23,"Free minus Work (95% CI)","-7.1 pp (-9.8 pp to -4.5 pp)","-7.1 pp (-9.8 pp to -4.5 pp)",TRUE
"tbl-main-all-sensitivities","sensitivities",23,"Primary comparator (95% CI)","-6.5 pp (-9.1 pp to -3.8 pp)","-6.5 pp (-9.1 pp to -3.8 pp)",TRUE
"tbl-main-all-sensitivities","sensitivities",23,"Point-estimate shift (pp)","-0.65","-0.65",TRUE
"tbl-main-all-sensitivities","sensitivities",23,"Direction retained","Yes","Yes",TRUE
"tbl-main-all-sensitivities","sensitivities",23,"CI conclusion retained","Yes","Yes",TRUE
"tbl-main-all-sensitivities","sensitivities",24,"Scenario","Complete three-window cycles","Complete three-window cycles",TRUE
"tbl-main-all-sensitivities","sensitivities",24,"Window","Daytime","Daytime",TRUE
"tbl-main-all-sensitivities","sensitivities",24,"Free minus Work (95% CI)","-5.3 pp (-8.0 pp to -2.5 pp)","-5.3 pp (-8.0 pp to -2.5 pp)",TRUE
"tbl-main-all-sensitivities","sensitivities",24,"Primary comparator (95% CI)","-5.1 pp (-7.8 pp to -2.4 pp)","-5.1 pp (-7.8 pp to -2.4 pp)",TRUE
"tbl-main-all-sensitivities","sensitivities",24,"Point-estimate shift (pp)","-0.18","-0.18",TRUE
"tbl-main-all-sensitivities","sensitivities",24,"Direction retained","Yes","Yes",TRUE
"tbl-main-all-sensitivities","sensitivities",24,"CI conclusion retained","Yes","Yes",TRUE
"tbl-main-all-sensitivities","sensitivities",25,"Scenario","Complete three-window cycles","Complete three-window cycles",TRUE
"tbl-main-all-sensitivities","sensitivities",25,"Window","Pre-sleep","Pre-sleep",TRUE
"tbl-main-all-sensitivities","sensitivities",25,"Free minus Work (95% CI)","+5.5 pp (+0.9 pp to +10.1 pp)","+5.5 pp (+0.9 pp to +10.1 pp)",TRUE
"tbl-main-all-sensitivities","sensitivities",25,"Primary comparator (95% CI)","+5.9 pp (+1.4 pp to +10.5 pp)","+5.9 pp (+1.4 pp to +10.5 pp)",TRUE
"tbl-main-all-sensitivities","sensitivities",25,"Point-estimate shift (pp)","-0.39","-0.39",TRUE
"tbl-main-all-sensitivities","sensitivities",25,"Direction retained","Yes","Yes",TRUE
"tbl-main-all-sensitivities","sensitivities",25,"CI conclusion retained","Yes","Yes",TRUE
"tbl-main-all-sensitivities","sensitivities",26,"Scenario","Complete three-window cycles","Complete three-window cycles",TRUE
"tbl-main-all-sensitivities","sensitivities",26,"Window","Sleep","Sleep",TRUE
"tbl-main-all-sensitivities","sensitivities",26,"Free minus Work (95% CI)","-7.0 pp (-9.6 pp to -4.3 pp)","-7.0 pp (-9.6 pp to -4.3 pp)",TRUE
"tbl-main-all-sensitivities","sensitivities",26,"Primary comparator (95% CI)","-6.5 pp (-9.1 pp to -3.8 pp)","-6.5 pp (-9.1 pp to -3.8 pp)",TRUE
"tbl-main-all-sensitivities","sensitivities",26,"Point-estimate shift (pp)","-0.47","-0.47",TRUE
"tbl-main-all-sensitivities","sensitivities",26,"Direction retained","Yes","Yes",TRUE
"tbl-main-all-sensitivities","sensitivities",26,"CI conclusion retained","Yes","Yes",TRUE
"tbl-main-all-sensitivities","sensitivities",27,"Scenario","Common dispersion","Common dispersion",TRUE
"tbl-main-all-sensitivities","sensitivities",27,"Window","Daytime","Daytime",TRUE
"tbl-main-all-sensitivities","sensitivities",27,"Free minus Work (95% CI)","-5.2 pp (-8.5 pp to -1.9 pp)","-5.2 pp (-8.5 pp to -1.9 pp)",TRUE
"tbl-main-all-sensitivities","sensitivities",27,"Primary comparator (95% CI)","-5.1 pp (-7.8 pp to -2.4 pp)","-5.1 pp (-7.8 pp to -2.4 pp)",TRUE
"tbl-main-all-sensitivities","sensitivities",27,"Point-estimate shift (pp)","-0.12","-0.12",TRUE
"tbl-main-all-sensitivities","sensitivities",27,"Direction retained","Yes","Yes",TRUE
"tbl-main-all-sensitivities","sensitivities",27,"CI conclusion retained","Yes","Yes",TRUE
"tbl-main-all-sensitivities","sensitivities",28,"Scenario","Common dispersion","Common dispersion",TRUE
"tbl-main-all-sensitivities","sensitivities",28,"Window","Pre-sleep","Pre-sleep",TRUE
"tbl-main-all-sensitivities","sensitivities",28,"Free minus Work (95% CI)","+6.7 pp (+2.7 pp to +10.7 pp)","+6.7 pp (+2.7 pp to +10.7 pp)",TRUE
"tbl-main-all-sensitivities","sensitivities",28,"Primary comparator (95% CI)","+5.9 pp (+1.4 pp to +10.5 pp)","+5.9 pp (+1.4 pp to +10.5 pp)",TRUE
"tbl-main-all-sensitivities","sensitivities",28,"Point-estimate shift (pp)","+0.77","+0.77",TRUE
"tbl-main-all-sensitivities","sensitivities",28,"Direction retained","Yes","Yes",TRUE
"tbl-main-all-sensitivities","sensitivities",28,"CI conclusion retained","Yes","Yes",TRUE
"tbl-main-all-sensitivities","sensitivities",29,"Scenario","Common dispersion","Common dispersion",TRUE
"tbl-main-all-sensitivities","sensitivities",29,"Window","Sleep","Sleep",TRUE
"tbl-main-all-sensitivities","sensitivities",29,"Free minus Work (95% CI)","-6.4 pp (-9.2 pp to -3.6 pp)","-6.4 pp (-9.2 pp to -3.6 pp)",TRUE
"tbl-main-all-sensitivities","sensitivities",29,"Primary comparator (95% CI)","-6.5 pp (-9.1 pp to -3.8 pp)","-6.5 pp (-9.1 pp to -3.8 pp)",TRUE
"tbl-main-all-sensitivities","sensitivities",29,"Point-estimate shift (pp)","+0.10","+0.10",TRUE
"tbl-main-all-sensitivities","sensitivities",29,"Direction retained","Yes","Yes",TRUE
"tbl-main-all-sensitivities","sensitivities",29,"CI conclusion retained","Yes","Yes",TRUE
"tbl-main-all-sensitivities","sensitivities",30,"Scenario","Exclude zero periods, conditional route","Exclude zero periods, conditional route",TRUE
"tbl-main-all-sensitivities","sensitivities",30,"Window","Daytime","Daytime",TRUE
"tbl-main-all-sensitivities","sensitivities",30,"Free minus Work (95% CI)","-4.5 pp (-7.2 pp to -1.8 pp)","-4.5 pp (-7.2 pp to -1.8 pp)",TRUE
"tbl-main-all-sensitivities","sensitivities",30,"Primary comparator (95% CI)","-5.1 pp (-7.8 pp to -2.4 pp)","-5.1 pp (-7.8 pp to -2.4 pp)",TRUE
"tbl-main-all-sensitivities","sensitivities",30,"Point-estimate shift (pp)","+0.60","+0.60",TRUE
"tbl-main-all-sensitivities","sensitivities",30,"Direction retained","Yes","Yes",TRUE
"tbl-main-all-sensitivities","sensitivities",30,"CI conclusion retained","Yes","Yes",TRUE
"tbl-main-all-sensitivities","sensitivities",31,"Scenario","Exclude zero periods, conditional route","Exclude zero periods, conditional route",TRUE
"tbl-main-all-sensitivities","sensitivities",31,"Window","Pre-sleep","Pre-sleep",TRUE
"tbl-main-all-sensitivities","sensitivities",31,"Free minus Work (95% CI)","+6.1 pp (+1.7 pp to +10.5 pp)","+6.1 pp (+1.7 pp to +10.5 pp)",TRUE
"tbl-main-all-sensitivities","sensitivities",31,"Primary comparator (95% CI)","+5.9 pp (+1.4 pp to +10.5 pp)","+5.9 pp (+1.4 pp to +10.5 pp)",TRUE
"tbl-main-all-sensitivities","sensitivities",31,"Point-estimate shift (pp)","+0.19","+0.19",TRUE
"tbl-main-all-sensitivities","sensitivities",31,"Direction retained","Yes","Yes",TRUE
"tbl-main-all-sensitivities","sensitivities",31,"CI conclusion retained","Yes","Yes",TRUE
"tbl-main-all-sensitivities","sensitivities",32,"Scenario","Exclude zero periods, conditional route","Exclude zero periods, conditional route",TRUE
"tbl-main-all-sensitivities","sensitivities",32,"Window","Sleep","Sleep",TRUE
"tbl-main-all-sensitivities","sensitivities",32,"Free minus Work (95% CI)","-6.4 pp (-9.0 pp to -3.8 pp)","-6.4 pp (-9.0 pp to -3.8 pp)",TRUE
"tbl-main-all-sensitivities","sensitivities",32,"Primary comparator (95% CI)","-6.5 pp (-9.1 pp to -3.8 pp)","-6.5 pp (-9.1 pp to -3.8 pp)",TRUE
"tbl-main-all-sensitivities","sensitivities",32,"Point-estimate shift (pp)","+0.13","+0.13",TRUE
"tbl-main-all-sensitivities","sensitivities",32,"Direction retained","Yes","Yes",TRUE
"tbl-main-all-sensitivities","sensitivities",32,"CI conclusion retained","Yes","Yes",TRUE
"tbl-main-all-sensitivities","sensitivities",33,"Scenario","Strict rather than inclusive thresholds","Strict rather than inclusive thresholds",TRUE
"tbl-main-all-sensitivities","sensitivities",33,"Window","Daytime","Daytime",TRUE
"tbl-main-all-sensitivities","sensitivities",33,"Free minus Work (95% CI)","-5.1 pp (-7.8 pp to -2.4 pp)","-5.1 pp (-7.8 pp to -2.4 pp)",TRUE
"tbl-main-all-sensitivities","sensitivities",33,"Primary comparator (95% CI)","-5.1 pp (-7.8 pp to -2.4 pp)","-5.1 pp (-7.8 pp to -2.4 pp)",TRUE
"tbl-main-all-sensitivities","sensitivities",33,"Point-estimate shift (pp)","-0.00","-0.00",TRUE
"tbl-main-all-sensitivities","sensitivities",33,"Direction retained","Yes","Yes",TRUE
"tbl-main-all-sensitivities","sensitivities",33,"CI conclusion retained","Yes","Yes",TRUE
"tbl-main-all-sensitivities","sensitivities",34,"Scenario","Strict rather than inclusive thresholds","Strict rather than inclusive thresholds",TRUE
"tbl-main-all-sensitivities","sensitivities",34,"Window","Pre-sleep","Pre-sleep",TRUE
"tbl-main-all-sensitivities","sensitivities",34,"Free minus Work (95% CI)","+5.9 pp (+1.4 pp to +10.5 pp)","+5.9 pp (+1.4 pp to +10.5 pp)",TRUE
"tbl-main-all-sensitivities","sensitivities",34,"Primary comparator (95% CI)","+5.9 pp (+1.4 pp to +10.5 pp)","+5.9 pp (+1.4 pp to +10.5 pp)",TRUE
"tbl-main-all-sensitivities","sensitivities",34,"Point-estimate shift (pp)","-0.00","-0.00",TRUE
"tbl-main-all-sensitivities","sensitivities",34,"Direction retained","Yes","Yes",TRUE
"tbl-main-all-sensitivities","sensitivities",34,"CI conclusion retained","Yes","Yes",TRUE
"tbl-main-all-sensitivities","sensitivities",35,"Scenario","Strict rather than inclusive thresholds","Strict rather than inclusive thresholds",TRUE
"tbl-main-all-sensitivities","sensitivities",35,"Window","Sleep","Sleep",TRUE
"tbl-main-all-sensitivities","sensitivities",35,"Free minus Work (95% CI)","-6.5 pp (-9.1 pp to -3.8 pp)","-6.5 pp (-9.1 pp to -3.8 pp)",TRUE
"tbl-main-all-sensitivities","sensitivities",35,"Primary comparator (95% CI)","-6.5 pp (-9.1 pp to -3.8 pp)","-6.5 pp (-9.1 pp to -3.8 pp)",TRUE
"tbl-main-all-sensitivities","sensitivities",35,"Point-estimate shift (pp)","-0.00","-0.00",TRUE
"tbl-main-all-sensitivities","sensitivities",35,"Direction retained","Yes","Yes",TRUE
"tbl-main-all-sensitivities","sensitivities",35,"CI conclusion retained","Yes","Yes",TRUE
"tbl-main-all-sensitivities","sensitivities",36,"Scenario","At least 70% coverage","At least 70% coverage",TRUE
"tbl-main-all-sensitivities","sensitivities",36,"Window","Daytime","Daytime",TRUE
"tbl-main-all-sensitivities","sensitivities",36,"Free minus Work (95% CI)","-5.2 pp (-8.0 pp to -2.5 pp)","-5.2 pp (-8.0 pp to -2.5 pp)",TRUE
"tbl-main-all-sensitivities","sensitivities",36,"Primary comparator (95% CI)","-5.1 pp (-7.8 pp to -2.4 pp)","-5.1 pp (-7.8 pp to -2.4 pp)",TRUE
"tbl-main-all-sensitivities","sensitivities",36,"Point-estimate shift (pp)","-0.16","-0.16",TRUE
"tbl-main-all-sensitivities","sensitivities",36,"Direction retained","Yes","Yes",TRUE
"tbl-main-all-sensitivities","sensitivities",36,"CI conclusion retained","Yes","Yes",TRUE
"tbl-main-all-sensitivities","sensitivities",37,"Scenario","At least 70% coverage","At least 70% coverage",TRUE
"tbl-main-all-sensitivities","sensitivities",37,"Window","Pre-sleep","Pre-sleep",TRUE
"tbl-main-all-sensitivities","sensitivities",37,"Free minus Work (95% CI)","+4.3 pp (-0.4 pp to +9.1 pp)","+4.3 pp (-0.4 pp to +9.1 pp)",TRUE
"tbl-main-all-sensitivities","sensitivities",37,"Primary comparator (95% CI)","+5.9 pp (+1.4 pp to +10.5 pp)","+5.9 pp (+1.4 pp to +10.5 pp)",TRUE
"tbl-main-all-sensitivities","sensitivities",37,"Point-estimate shift (pp)","-1.57","-1.57",TRUE
"tbl-main-all-sensitivities","sensitivities",37,"Direction retained","Yes","Yes",TRUE
"tbl-main-all-sensitivities","sensitivities",37,"CI conclusion retained","No","No",TRUE
"tbl-main-all-sensitivities","sensitivities",38,"Scenario","At least 70% coverage","At least 70% coverage",TRUE
"tbl-main-all-sensitivities","sensitivities",38,"Window","Sleep","Sleep",TRUE
"tbl-main-all-sensitivities","sensitivities",38,"Free minus Work (95% CI)","-6.6 pp (-9.2 pp to -3.9 pp)","-6.6 pp (-9.2 pp to -3.9 pp)",TRUE
"tbl-main-all-sensitivities","sensitivities",38,"Primary comparator (95% CI)","-6.5 pp (-9.1 pp to -3.8 pp)","-6.5 pp (-9.1 pp to -3.8 pp)",TRUE
"tbl-main-all-sensitivities","sensitivities",38,"Point-estimate shift (pp)","-0.06","-0.06",TRUE
"tbl-main-all-sensitivities","sensitivities",38,"Direction retained","Yes","Yes",TRUE
"tbl-main-all-sensitivities","sensitivities",38,"CI conclusion retained","Yes","Yes",TRUE
"tbl-main-all-sensitivities","sensitivities",39,"Scenario","At least 90% coverage","At least 90% coverage",TRUE
"tbl-main-all-sensitivities","sensitivities",39,"Window","Daytime","Daytime",TRUE
"tbl-main-all-sensitivities","sensitivities",39,"Free minus Work (95% CI)","-5.3 pp (-8.5 pp to -2.1 pp)","-5.3 pp (-8.5 pp to -2.1 pp)",TRUE
"tbl-main-all-sensitivities","sensitivities",39,"Primary comparator (95% CI)","-5.1 pp (-7.8 pp to -2.4 pp)","-5.1 pp (-7.8 pp to -2.4 pp)",TRUE
"tbl-main-all-sensitivities","sensitivities",39,"Point-estimate shift (pp)","-0.22","-0.22",TRUE
"tbl-main-all-sensitivities","sensitivities",39,"Direction retained","Yes","Yes",TRUE
"tbl-main-all-sensitivities","sensitivities",39,"CI conclusion retained","Yes","Yes",TRUE
"tbl-main-all-sensitivities","sensitivities",40,"Scenario","At least 90% coverage","At least 90% coverage",TRUE
"tbl-main-all-sensitivities","sensitivities",40,"Window","Pre-sleep","Pre-sleep",TRUE
"tbl-main-all-sensitivities","sensitivities",40,"Free minus Work (95% CI)","+2.4 pp (-2.9 pp to +7.7 pp)","+2.4 pp (-2.9 pp to +7.7 pp)",TRUE
"tbl-main-all-sensitivities","sensitivities",40,"Primary comparator (95% CI)","+5.9 pp (+1.4 pp to +10.5 pp)","+5.9 pp (+1.4 pp to +10.5 pp)",TRUE
"tbl-main-all-sensitivities","sensitivities",40,"Point-estimate shift (pp)","-3.54","-3.54",TRUE
"tbl-main-all-sensitivities","sensitivities",40,"Direction retained","Yes","Yes",TRUE
"tbl-main-all-sensitivities","sensitivities",40,"CI conclusion retained","No","No",TRUE
"tbl-main-all-sensitivities","sensitivities",41,"Scenario","At least 90% coverage","At least 90% coverage",TRUE
"tbl-main-all-sensitivities","sensitivities",41,"Window","Sleep","Sleep",TRUE
"tbl-main-all-sensitivities","sensitivities",41,"Free minus Work (95% CI)","-6.4 pp (-9.1 pp to -3.7 pp)","-6.4 pp (-9.1 pp to -3.7 pp)",TRUE
"tbl-main-all-sensitivities","sensitivities",41,"Primary comparator (95% CI)","-6.5 pp (-9.1 pp to -3.8 pp)","-6.5 pp (-9.1 pp to -3.8 pp)",TRUE
"tbl-main-all-sensitivities","sensitivities",41,"Point-estimate shift (pp)","+0.12","+0.12",TRUE
"tbl-main-all-sensitivities","sensitivities",41,"Direction retained","Yes","Yes",TRUE
"tbl-main-all-sensitivities","sensitivities",41,"CI conclusion retained","Yes","Yes",TRUE
"tbl-main-all-sensitivities","sensitivities",42,"Scenario","More than 30 valid minutes","More than 30 valid minutes",TRUE
"tbl-main-all-sensitivities","sensitivities",42,"Window","Daytime","Daytime",TRUE
"tbl-main-all-sensitivities","sensitivities",42,"Free minus Work (95% CI)","-5.0 pp (-7.8 pp to -2.3 pp)","-5.0 pp (-7.8 pp to -2.3 pp)",TRUE
"tbl-main-all-sensitivities","sensitivities",42,"Primary comparator (95% CI)","-5.1 pp (-7.8 pp to -2.4 pp)","-5.1 pp (-7.8 pp to -2.4 pp)",TRUE
"tbl-main-all-sensitivities","sensitivities",42,"Point-estimate shift (pp)","+0.04","+0.04",TRUE
"tbl-main-all-sensitivities","sensitivities",42,"Direction retained","Yes","Yes",TRUE
"tbl-main-all-sensitivities","sensitivities",42,"CI conclusion retained","Yes","Yes",TRUE
"tbl-main-all-sensitivities","sensitivities",43,"Scenario","More than 30 valid minutes","More than 30 valid minutes",TRUE
"tbl-main-all-sensitivities","sensitivities",43,"Window","Pre-sleep","Pre-sleep",TRUE
"tbl-main-all-sensitivities","sensitivities",43,"Free minus Work (95% CI)","+5.9 pp (+1.4 pp to +10.5 pp)","+5.9 pp (+1.4 pp to +10.5 pp)",TRUE
"tbl-main-all-sensitivities","sensitivities",43,"Primary comparator (95% CI)","+5.9 pp (+1.4 pp to +10.5 pp)","+5.9 pp (+1.4 pp to +10.5 pp)",TRUE
"tbl-main-all-sensitivities","sensitivities",43,"Point-estimate shift (pp)","+0.03","+0.03",TRUE
"tbl-main-all-sensitivities","sensitivities",43,"Direction retained","Yes","Yes",TRUE
"tbl-main-all-sensitivities","sensitivities",43,"CI conclusion retained","Yes","Yes",TRUE
"tbl-main-all-sensitivities","sensitivities",44,"Scenario","More than 30 valid minutes","More than 30 valid minutes",TRUE
"tbl-main-all-sensitivities","sensitivities",44,"Window","Sleep","Sleep",TRUE
"tbl-main-all-sensitivities","sensitivities",44,"Free minus Work (95% CI)","-6.5 pp (-9.1 pp to -3.8 pp)","-6.5 pp (-9.1 pp to -3.8 pp)",TRUE
"tbl-main-all-sensitivities","sensitivities",44,"Primary comparator (95% CI)","-6.5 pp (-9.1 pp to -3.8 pp)","-6.5 pp (-9.1 pp to -3.8 pp)",TRUE
"tbl-main-all-sensitivities","sensitivities",44,"Point-estimate shift (pp)","+0.01","+0.01",TRUE
"tbl-main-all-sensitivities","sensitivities",44,"Direction retained","Yes","Yes",TRUE
"tbl-main-all-sensitivities","sensitivities",44,"CI conclusion retained","Yes","Yes",TRUE
"tbl-main-all-sensitivities","sensitivities",45,"Scenario","More than 5 valid minutes","More than 5 valid minutes",TRUE
"tbl-main-all-sensitivities","sensitivities",45,"Window","Daytime","Daytime",TRUE
"tbl-main-all-sensitivities","sensitivities",45,"Free minus Work (95% CI)","-5.1 pp (-7.8 pp to -2.4 pp)","-5.1 pp (-7.8 pp to -2.4 pp)",TRUE
"tbl-main-all-sensitivities","sensitivities",45,"Primary comparator (95% CI)","-5.1 pp (-7.8 pp to -2.4 pp)","-5.1 pp (-7.8 pp to -2.4 pp)",TRUE
"tbl-main-all-sensitivities","sensitivities",45,"Point-estimate shift (pp)","+0.00","+0.00",TRUE
"tbl-main-all-sensitivities","sensitivities",45,"Direction retained","Yes","Yes",TRUE
"tbl-main-all-sensitivities","sensitivities",45,"CI conclusion retained","Yes","Yes",TRUE
"tbl-main-all-sensitivities","sensitivities",46,"Scenario","More than 5 valid minutes","More than 5 valid minutes",TRUE
"tbl-main-all-sensitivities","sensitivities",46,"Window","Pre-sleep","Pre-sleep",TRUE
"tbl-main-all-sensitivities","sensitivities",46,"Free minus Work (95% CI)","+5.8 pp (+1.3 pp to +10.4 pp)","+5.8 pp (+1.3 pp to +10.4 pp)",TRUE
"tbl-main-all-sensitivities","sensitivities",46,"Primary comparator (95% CI)","+5.9 pp (+1.4 pp to +10.5 pp)","+5.9 pp (+1.4 pp to +10.5 pp)",TRUE
"tbl-main-all-sensitivities","sensitivities",46,"Point-estimate shift (pp)","-0.08","-0.08",TRUE
"tbl-main-all-sensitivities","sensitivities",46,"Direction retained","Yes","Yes",TRUE
"tbl-main-all-sensitivities","sensitivities",46,"CI conclusion retained","Yes","Yes",TRUE
"tbl-main-all-sensitivities","sensitivities",47,"Scenario","More than 5 valid minutes","More than 5 valid minutes",TRUE
"tbl-main-all-sensitivities","sensitivities",47,"Window","Sleep","Sleep",TRUE
"tbl-main-all-sensitivities","sensitivities",47,"Free minus Work (95% CI)","-6.5 pp (-9.2 pp to -3.9 pp)","-6.5 pp (-9.2 pp to -3.9 pp)",TRUE
"tbl-main-all-sensitivities","sensitivities",47,"Primary comparator (95% CI)","-6.5 pp (-9.1 pp to -3.8 pp)","-6.5 pp (-9.1 pp to -3.8 pp)",TRUE
"tbl-main-all-sensitivities","sensitivities",47,"Point-estimate shift (pp)","-0.02","-0.02",TRUE
"tbl-main-all-sensitivities","sensitivities",47,"Direction retained","Yes","Yes",TRUE
"tbl-main-all-sensitivities","sensitivities",47,"CI conclusion retained","Yes","Yes",TRUE
"tbl-main-all-sensitivities","sensitivities",48,"Scenario","Participant deletion 1","Participant deletion 1",TRUE
"tbl-main-all-sensitivities","sensitivities",48,"Window","Daytime","Daytime",TRUE
"tbl-main-all-sensitivities","sensitivities",48,"Free minus Work (95% CI)","-5.7 pp (-8.4 pp to -3.0 pp)","-5.7 pp (-8.4 pp to -3.0 pp)",TRUE
"tbl-main-all-sensitivities","sensitivities",48,"Primary comparator (95% CI)","-5.1 pp (-7.8 pp to -2.4 pp)","-5.1 pp (-7.8 pp to -2.4 pp)",TRUE
"tbl-main-all-sensitivities","sensitivities",48,"Point-estimate shift (pp)","-0.60","-0.60",TRUE
"tbl-main-all-sensitivities","sensitivities",48,"Direction retained","Yes","Yes",TRUE
"tbl-main-all-sensitivities","sensitivities",48,"CI conclusion retained","Yes","Yes",TRUE
"tbl-main-all-sensitivities","sensitivities",49,"Scenario","Participant deletion 1","Participant deletion 1",TRUE
"tbl-main-all-sensitivities","sensitivities",49,"Window","Pre-sleep","Pre-sleep",TRUE
"tbl-main-all-sensitivities","sensitivities",49,"Free minus Work (95% CI)","+5.9 pp (+1.3 pp to +10.4 pp)","+5.9 pp (+1.3 pp to +10.4 pp)",TRUE
"tbl-main-all-sensitivities","sensitivities",49,"Primary comparator (95% CI)","+5.9 pp (+1.4 pp to +10.5 pp)","+5.9 pp (+1.4 pp to +10.5 pp)",TRUE
"tbl-main-all-sensitivities","sensitivities",49,"Point-estimate shift (pp)","-0.05","-0.05",TRUE
"tbl-main-all-sensitivities","sensitivities",49,"Direction retained","Yes","Yes",TRUE
"tbl-main-all-sensitivities","sensitivities",49,"CI conclusion retained","Yes","Yes",TRUE
"tbl-main-all-sensitivities","sensitivities",50,"Scenario","Participant deletion 1","Participant deletion 1",TRUE
"tbl-main-all-sensitivities","sensitivities",50,"Window","Sleep","Sleep",TRUE
"tbl-main-all-sensitivities","sensitivities",50,"Free minus Work (95% CI)","-6.3 pp (-8.9 pp to -3.7 pp)","-6.3 pp (-8.9 pp to -3.7 pp)",TRUE
"tbl-main-all-sensitivities","sensitivities",50,"Primary comparator (95% CI)","-6.5 pp (-9.1 pp to -3.8 pp)","-6.5 pp (-9.1 pp to -3.8 pp)",TRUE
"tbl-main-all-sensitivities","sensitivities",50,"Point-estimate shift (pp)","+0.19","+0.19",TRUE
"tbl-main-all-sensitivities","sensitivities",50,"Direction retained","Yes","Yes",TRUE
"tbl-main-all-sensitivities","sensitivities",50,"CI conclusion retained","Yes","Yes",TRUE
"tbl-main-all-sensitivities","sensitivities",51,"Scenario","Participant deletion 2","Participant deletion 2",TRUE
"tbl-main-all-sensitivities","sensitivities",51,"Window","Daytime","Daytime",TRUE
"tbl-main-all-sensitivities","sensitivities",51,"Free minus Work (95% CI)","-5.1 pp (-7.8 pp to -2.3 pp)","-5.1 pp (-7.8 pp to -2.3 pp)",TRUE
"tbl-main-all-sensitivities","sensitivities",51,"Primary comparator (95% CI)","-5.1 pp (-7.8 pp to -2.4 pp)","-5.1 pp (-7.8 pp to -2.4 pp)",TRUE
"tbl-main-all-sensitivities","sensitivities",51,"Point-estimate shift (pp)","+0.04","+0.04",TRUE
"tbl-main-all-sensitivities","sensitivities",51,"Direction retained","Yes","Yes",TRUE
"tbl-main-all-sensitivities","sensitivities",51,"CI conclusion retained","Yes","Yes",TRUE
"tbl-main-all-sensitivities","sensitivities",52,"Scenario","Participant deletion 2","Participant deletion 2",TRUE
"tbl-main-all-sensitivities","sensitivities",52,"Window","Pre-sleep","Pre-sleep",TRUE
"tbl-main-all-sensitivities","sensitivities",52,"Free minus Work (95% CI)","+5.8 pp (+1.2 pp to +10.4 pp)","+5.8 pp (+1.2 pp to +10.4 pp)",TRUE
"tbl-main-all-sensitivities","sensitivities",52,"Primary comparator (95% CI)","+5.9 pp (+1.4 pp to +10.5 pp)","+5.9 pp (+1.4 pp to +10.5 pp)",TRUE
"tbl-main-all-sensitivities","sensitivities",52,"Point-estimate shift (pp)","-0.12","-0.12",TRUE
"tbl-main-all-sensitivities","sensitivities",52,"Direction retained","Yes","Yes",TRUE
"tbl-main-all-sensitivities","sensitivities",52,"CI conclusion retained","Yes","Yes",TRUE
"tbl-main-all-sensitivities","sensitivities",53,"Scenario","Participant deletion 2","Participant deletion 2",TRUE
"tbl-main-all-sensitivities","sensitivities",53,"Window","Sleep","Sleep",TRUE
"tbl-main-all-sensitivities","sensitivities",53,"Free minus Work (95% CI)","-6.5 pp (-9.2 pp to -3.8 pp)","-6.5 pp (-9.2 pp to -3.8 pp)",TRUE
"tbl-main-all-sensitivities","sensitivities",53,"Primary comparator (95% CI)","-6.5 pp (-9.1 pp to -3.8 pp)","-6.5 pp (-9.1 pp to -3.8 pp)",TRUE
"tbl-main-all-sensitivities","sensitivities",53,"Point-estimate shift (pp)","-0.01","-0.01",TRUE
"tbl-main-all-sensitivities","sensitivities",53,"Direction retained","Yes","Yes",TRUE
"tbl-main-all-sensitivities","sensitivities",53,"CI conclusion retained","Yes","Yes",TRUE
"tbl-main-all-sensitivities","sensitivities",54,"Scenario","Participant deletion 3","Participant deletion 3",TRUE
"tbl-main-all-sensitivities","sensitivities",54,"Window","Daytime","Daytime",TRUE
"tbl-main-all-sensitivities","sensitivities",54,"Free minus Work (95% CI)","-5.2 pp (-8.0 pp to -2.5 pp)","-5.2 pp (-8.0 pp to -2.5 pp)",TRUE
"tbl-main-all-sensitivities","sensitivities",54,"Primary comparator (95% CI)","-5.1 pp (-7.8 pp to -2.4 pp)","-5.1 pp (-7.8 pp to -2.4 pp)",TRUE
"tbl-main-all-sensitivities","sensitivities",54,"Point-estimate shift (pp)","-0.14","-0.14",TRUE
"tbl-main-all-sensitivities","sensitivities",54,"Direction retained","Yes","Yes",TRUE
"tbl-main-all-sensitivities","sensitivities",54,"CI conclusion retained","Yes","Yes",TRUE
"tbl-main-all-sensitivities","sensitivities",55,"Scenario","Participant deletion 3","Participant deletion 3",TRUE
"tbl-main-all-sensitivities","sensitivities",55,"Window","Pre-sleep","Pre-sleep",TRUE
"tbl-main-all-sensitivities","sensitivities",55,"Free minus Work (95% CI)","+6.2 pp (+1.6 pp to +10.7 pp)","+6.2 pp (+1.6 pp to +10.7 pp)",TRUE
"tbl-main-all-sensitivities","sensitivities",55,"Primary comparator (95% CI)","+5.9 pp (+1.4 pp to +10.5 pp)","+5.9 pp (+1.4 pp to +10.5 pp)",TRUE
"tbl-main-all-sensitivities","sensitivities",55,"Point-estimate shift (pp)","+0.25","+0.25",TRUE
"tbl-main-all-sensitivities","sensitivities",55,"Direction retained","Yes","Yes",TRUE
"tbl-main-all-sensitivities","sensitivities",55,"CI conclusion retained","Yes","Yes",TRUE
"tbl-main-all-sensitivities","sensitivities",56,"Scenario","Participant deletion 3","Participant deletion 3",TRUE
"tbl-main-all-sensitivities","sensitivities",56,"Window","Sleep","Sleep",TRUE
"tbl-main-all-sensitivities","sensitivities",56,"Free minus Work (95% CI)","-6.4 pp (-9.0 pp to -3.9 pp)","-6.4 pp (-9.0 pp to -3.9 pp)",TRUE
"tbl-main-all-sensitivities","sensitivities",56,"Primary comparator (95% CI)","-6.5 pp (-9.1 pp to -3.8 pp)","-6.5 pp (-9.1 pp to -3.8 pp)",TRUE
"tbl-main-all-sensitivities","sensitivities",56,"Point-estimate shift (pp)","+0.05","+0.05",TRUE
"tbl-main-all-sensitivities","sensitivities",56,"Direction retained","Yes","Yes",TRUE
"tbl-main-all-sensitivities","sensitivities",56,"CI conclusion retained","Yes","Yes",TRUE
"tbl-main-all-sensitivities","sensitivities",57,"Scenario","Participant deletion 5","Participant deletion 5",TRUE
"tbl-main-all-sensitivities","sensitivities",57,"Window","Daytime","Daytime",TRUE
"tbl-main-all-sensitivities","sensitivities",57,"Free minus Work (95% CI)","-5.3 pp (-8.0 pp to -2.6 pp)","-5.3 pp (-8.0 pp to -2.6 pp)",TRUE
"tbl-main-all-sensitivities","sensitivities",57,"Primary comparator (95% CI)","-5.1 pp (-7.8 pp to -2.4 pp)","-5.1 pp (-7.8 pp to -2.4 pp)",TRUE
"tbl-main-all-sensitivities","sensitivities",57,"Point-estimate shift (pp)","-0.21","-0.21",TRUE
"tbl-main-all-sensitivities","sensitivities",57,"Direction retained","Yes","Yes",TRUE
"tbl-main-all-sensitivities","sensitivities",57,"CI conclusion retained","Yes","Yes",TRUE
"tbl-main-all-sensitivities","sensitivities",58,"Scenario","Participant deletion 5","Participant deletion 5",TRUE
"tbl-main-all-sensitivities","sensitivities",58,"Window","Pre-sleep","Pre-sleep",TRUE
"tbl-main-all-sensitivities","sensitivities",58,"Free minus Work (95% CI)","+5.8 pp (+1.2 pp to +10.4 pp)","+5.8 pp (+1.2 pp to +10.4 pp)",TRUE
"tbl-main-all-sensitivities","sensitivities",58,"Primary comparator (95% CI)","+5.9 pp (+1.4 pp to +10.5 pp)","+5.9 pp (+1.4 pp to +10.5 pp)",TRUE
"tbl-main-all-sensitivities","sensitivities",58,"Point-estimate shift (pp)","-0.11","-0.11",TRUE
"tbl-main-all-sensitivities","sensitivities",58,"Direction retained","Yes","Yes",TRUE
"tbl-main-all-sensitivities","sensitivities",58,"CI conclusion retained","Yes","Yes",TRUE
"tbl-main-all-sensitivities","sensitivities",59,"Scenario","Participant deletion 5","Participant deletion 5",TRUE
"tbl-main-all-sensitivities","sensitivities",59,"Window","Sleep","Sleep",TRUE
"tbl-main-all-sensitivities","sensitivities",59,"Free minus Work (95% CI)","-6.7 pp (-9.3 pp to -4.0 pp)","-6.7 pp (-9.3 pp to -4.0 pp)",TRUE
"tbl-main-all-sensitivities","sensitivities",59,"Primary comparator (95% CI)","-6.5 pp (-9.1 pp to -3.8 pp)","-6.5 pp (-9.1 pp to -3.8 pp)",TRUE
"tbl-main-all-sensitivities","sensitivities",59,"Point-estimate shift (pp)","-0.17","-0.17",TRUE
"tbl-main-all-sensitivities","sensitivities",59,"Direction retained","Yes","Yes",TRUE
"tbl-main-all-sensitivities","sensitivities",59,"CI conclusion retained","Yes","Yes",TRUE
"tbl-main-all-sensitivities","sensitivities",60,"Scenario","Omit Dortmund (DE)","Omit Dortmund (DE)",TRUE
"tbl-main-all-sensitivities","sensitivities",60,"Window","Daytime","Daytime",TRUE
"tbl-main-all-sensitivities","sensitivities",60,"Free minus Work (95% CI)","-7.0 pp (-9.7 pp to -4.2 pp)","-7.0 pp (-9.7 pp to -4.2 pp)",TRUE
"tbl-main-all-sensitivities","sensitivities",60,"Primary comparator (95% CI)","-5.1 pp (-7.8 pp to -2.4 pp)","-5.1 pp (-7.8 pp to -2.4 pp)",TRUE
"tbl-main-all-sensitivities","sensitivities",60,"Point-estimate shift (pp)","-1.90","-1.90",TRUE
"tbl-main-all-sensitivities","sensitivities",60,"Direction retained","Yes","Yes",TRUE
"tbl-main-all-sensitivities","sensitivities",60,"CI conclusion retained","Yes","Yes",TRUE
"tbl-main-all-sensitivities","sensitivities",61,"Scenario","Omit Dortmund (DE)","Omit Dortmund (DE)",TRUE
"tbl-main-all-sensitivities","sensitivities",61,"Window","Pre-sleep","Pre-sleep",TRUE
"tbl-main-all-sensitivities","sensitivities",61,"Free minus Work (95% CI)","+5.7 pp (+0.8 pp to +10.6 pp)","+5.7 pp (+0.8 pp to +10.6 pp)",TRUE
"tbl-main-all-sensitivities","sensitivities",61,"Primary comparator (95% CI)","+5.9 pp (+1.4 pp to +10.5 pp)","+5.9 pp (+1.4 pp to +10.5 pp)",TRUE
"tbl-main-all-sensitivities","sensitivities",61,"Point-estimate shift (pp)","-0.21","-0.21",TRUE
"tbl-main-all-sensitivities","sensitivities",61,"Direction retained","Yes","Yes",TRUE
"tbl-main-all-sensitivities","sensitivities",61,"CI conclusion retained","Yes","Yes",TRUE
"tbl-main-all-sensitivities","sensitivities",62,"Scenario","Omit Dortmund (DE)","Omit Dortmund (DE)",TRUE
"tbl-main-all-sensitivities","sensitivities",62,"Window","Sleep","Sleep",TRUE
"tbl-main-all-sensitivities","sensitivities",62,"Free minus Work (95% CI)","-6.7 pp (-9.6 pp to -3.8 pp)","-6.7 pp (-9.6 pp to -3.8 pp)",TRUE
"tbl-main-all-sensitivities","sensitivities",62,"Primary comparator (95% CI)","-6.5 pp (-9.1 pp to -3.8 pp)","-6.5 pp (-9.1 pp to -3.8 pp)",TRUE
"tbl-main-all-sensitivities","sensitivities",62,"Point-estimate shift (pp)","-0.21","-0.21",TRUE
"tbl-main-all-sensitivities","sensitivities",62,"Direction retained","Yes","Yes",TRUE
"tbl-main-all-sensitivities","sensitivities",62,"CI conclusion retained","Yes","Yes",TRUE
"tbl-main-all-sensitivities","sensitivities",63,"Scenario","Omit Madrid (ES)","Omit Madrid (ES)",TRUE
"tbl-main-all-sensitivities","sensitivities",63,"Window","Daytime","Daytime",TRUE
"tbl-main-all-sensitivities","sensitivities",63,"Free minus Work (95% CI)","-3.9 pp (-6.9 pp to -0.9 pp)","-3.9 pp (-6.9 pp to -0.9 pp)",TRUE
"tbl-main-all-sensitivities","sensitivities",63,"Primary comparator (95% CI)","-5.1 pp (-7.8 pp to -2.4 pp)","-5.1 pp (-7.8 pp to -2.4 pp)",TRUE
"tbl-main-all-sensitivities","sensitivities",63,"Point-estimate shift (pp)","+1.18","+1.18",TRUE
"tbl-main-all-sensitivities","sensitivities",63,"Direction retained","Yes","Yes",TRUE
"tbl-main-all-sensitivities","sensitivities",63,"CI conclusion retained","Yes","Yes",TRUE
"tbl-main-all-sensitivities","sensitivities",64,"Scenario","Omit Madrid (ES)","Omit Madrid (ES)",TRUE
"tbl-main-all-sensitivities","sensitivities",64,"Window","Pre-sleep","Pre-sleep",TRUE
"tbl-main-all-sensitivities","sensitivities",64,"Free minus Work (95% CI)","+5.4 pp (+0.5 pp to +10.3 pp)","+5.4 pp (+0.5 pp to +10.3 pp)",TRUE
"tbl-main-all-sensitivities","sensitivities",64,"Primary comparator (95% CI)","+5.9 pp (+1.4 pp to +10.5 pp)","+5.9 pp (+1.4 pp to +10.5 pp)",TRUE
"tbl-main-all-sensitivities","sensitivities",64,"Point-estimate shift (pp)","-0.50","-0.50",TRUE
"tbl-main-all-sensitivities","sensitivities",64,"Direction retained","Yes","Yes",TRUE
"tbl-main-all-sensitivities","sensitivities",64,"CI conclusion retained","Yes","Yes",TRUE
"tbl-main-all-sensitivities","sensitivities",65,"Scenario","Omit Madrid (ES)","Omit Madrid (ES)",TRUE
"tbl-main-all-sensitivities","sensitivities",65,"Window","Sleep","Sleep",TRUE
"tbl-main-all-sensitivities","sensitivities",65,"Free minus Work (95% CI)","-7.0 pp (-9.9 pp to -4.0 pp)","-7.0 pp (-9.9 pp to -4.0 pp)",TRUE
"tbl-main-all-sensitivities","sensitivities",65,"Primary comparator (95% CI)","-6.5 pp (-9.1 pp to -3.8 pp)","-6.5 pp (-9.1 pp to -3.8 pp)",TRUE
"tbl-main-all-sensitivities","sensitivities",65,"Point-estimate shift (pp)","-0.50","-0.50",TRUE
"tbl-main-all-sensitivities","sensitivities",65,"Direction retained","Yes","Yes",TRUE
"tbl-main-all-sensitivities","sensitivities",65,"CI conclusion retained","Yes","Yes",TRUE
"tbl-main-all-sensitivities","sensitivities",66,"Scenario","Omit Izmir (TR)","Omit Izmir (TR)",TRUE
"tbl-main-all-sensitivities","sensitivities",66,"Window","Daytime","Daytime",TRUE
"tbl-main-all-sensitivities","sensitivities",66,"Free minus Work (95% CI)","-5.4 pp (-8.4 pp to -2.4 pp)","-5.4 pp (-8.4 pp to -2.4 pp)",TRUE
"tbl-main-all-sensitivities","sensitivities",66,"Primary comparator (95% CI)","-5.1 pp (-7.8 pp to -2.4 pp)","-5.1 pp (-7.8 pp to -2.4 pp)",TRUE
"tbl-main-all-sensitivities","sensitivities",66,"Point-estimate shift (pp)","-0.33","-0.33",TRUE
"tbl-main-all-sensitivities","sensitivities",66,"Direction retained","Yes","Yes",TRUE
"tbl-main-all-sensitivities","sensitivities",66,"CI conclusion retained","Yes","Yes",TRUE
"tbl-main-all-sensitivities","sensitivities",67,"Scenario","Omit Izmir (TR)","Omit Izmir (TR)",TRUE
"tbl-main-all-sensitivities","sensitivities",67,"Window","Pre-sleep","Pre-sleep",TRUE
"tbl-main-all-sensitivities","sensitivities",67,"Free minus Work (95% CI)","+6.6 pp (+1.7 pp to +11.5 pp)","+6.6 pp (+1.7 pp to +11.5 pp)",TRUE
"tbl-main-all-sensitivities","sensitivities",67,"Primary comparator (95% CI)","+5.9 pp (+1.4 pp to +10.5 pp)","+5.9 pp (+1.4 pp to +10.5 pp)",TRUE
"tbl-main-all-sensitivities","sensitivities",67,"Point-estimate shift (pp)","+0.69","+0.69",TRUE
"tbl-main-all-sensitivities","sensitivities",67,"Direction retained","Yes","Yes",TRUE
"tbl-main-all-sensitivities","sensitivities",67,"CI conclusion retained","Yes","Yes",TRUE
"tbl-main-all-sensitivities","sensitivities",68,"Scenario","Omit Izmir (TR)","Omit Izmir (TR)",TRUE
"tbl-main-all-sensitivities","sensitivities",68,"Window","Sleep","Sleep",TRUE
"tbl-main-all-sensitivities","sensitivities",68,"Free minus Work (95% CI)","-5.9 pp (-8.8 pp to -3.1 pp)","-5.9 pp (-8.8 pp to -3.1 pp)",TRUE
"tbl-main-all-sensitivities","sensitivities",68,"Primary comparator (95% CI)","-6.5 pp (-9.1 pp to -3.8 pp)","-6.5 pp (-9.1 pp to -3.8 pp)",TRUE
"tbl-main-all-sensitivities","sensitivities",68,"Point-estimate shift (pp)","+0.55","+0.55",TRUE
"tbl-main-all-sensitivities","sensitivities",68,"Direction retained","Yes","Yes",TRUE
"tbl-main-all-sensitivities","sensitivities",68,"CI conclusion retained","Yes","Yes",TRUE
"tbl-main-all-sensitivities","sensitivities",69,"Scenario","Omit Kumasi (GH)","Omit Kumasi (GH)",TRUE
"tbl-main-all-sensitivities","sensitivities",69,"Window","Daytime","Daytime",TRUE
"tbl-main-all-sensitivities","sensitivities",69,"Free minus Work (95% CI)","-4.2 pp (-7.3 pp to -1.2 pp)","-4.2 pp (-7.3 pp to -1.2 pp)",TRUE
"tbl-main-all-sensitivities","sensitivities",69,"Primary comparator (95% CI)","-5.1 pp (-7.8 pp to -2.4 pp)","-5.1 pp (-7.8 pp to -2.4 pp)",TRUE
"tbl-main-all-sensitivities","sensitivities",69,"Point-estimate shift (pp)","+0.85","+0.85",TRUE
"tbl-main-all-sensitivities","sensitivities",69,"Direction retained","Yes","Yes",TRUE
"tbl-main-all-sensitivities","sensitivities",69,"CI conclusion retained","Yes","Yes",TRUE
"tbl-main-all-sensitivities","sensitivities",70,"Scenario","Omit Kumasi (GH)","Omit Kumasi (GH)",TRUE
"tbl-main-all-sensitivities","sensitivities",70,"Window","Pre-sleep","Pre-sleep",TRUE
"tbl-main-all-sensitivities","sensitivities",70,"Free minus Work (95% CI)","+5.5 pp (+0.6 pp to +10.4 pp)","+5.5 pp (+0.6 pp to +10.4 pp)",TRUE
"tbl-main-all-sensitivities","sensitivities",70,"Primary comparator (95% CI)","+5.9 pp (+1.4 pp to +10.5 pp)","+5.9 pp (+1.4 pp to +10.5 pp)",TRUE
"tbl-main-all-sensitivities","sensitivities",70,"Point-estimate shift (pp)","-0.43","-0.43",TRUE
"tbl-main-all-sensitivities","sensitivities",70,"Direction retained","Yes","Yes",TRUE
"tbl-main-all-sensitivities","sensitivities",70,"CI conclusion retained","Yes","Yes",TRUE
"tbl-main-all-sensitivities","sensitivities",71,"Scenario","Omit Kumasi (GH)","Omit Kumasi (GH)",TRUE
"tbl-main-all-sensitivities","sensitivities",71,"Window","Sleep","Sleep",TRUE
"tbl-main-all-sensitivities","sensitivities",71,"Free minus Work (95% CI)","-7.2 pp (-10.1 pp to -4.4 pp)","-7.2 pp (-10.1 pp to -4.4 pp)",TRUE
"tbl-main-all-sensitivities","sensitivities",71,"Primary comparator (95% CI)","-6.5 pp (-9.1 pp to -3.8 pp)","-6.5 pp (-9.1 pp to -3.8 pp)",TRUE
"tbl-main-all-sensitivities","sensitivities",71,"Point-estimate shift (pp)","-0.75","-0.75",TRUE
"tbl-main-all-sensitivities","sensitivities",71,"Direction retained","Yes","Yes",TRUE
"tbl-main-all-sensitivities","sensitivities",71,"CI conclusion retained","Yes","Yes",TRUE
"tbl-main-all-sensitivities","sensitivities",72,"Scenario","Omit Tübingen (DE)","Omit Tübingen (DE)",TRUE
"tbl-main-all-sensitivities","sensitivities",72,"Window","Daytime","Daytime",TRUE
"tbl-main-all-sensitivities","sensitivities",72,"Free minus Work (95% CI)","-4.8 pp (-7.7 pp to -1.9 pp)","-4.8 pp (-7.7 pp to -1.9 pp)",TRUE
"tbl-main-all-sensitivities","sensitivities",72,"Primary comparator (95% CI)","-5.1 pp (-7.8 pp to -2.4 pp)","-5.1 pp (-7.8 pp to -2.4 pp)",TRUE
"tbl-main-all-sensitivities","sensitivities",72,"Point-estimate shift (pp)","+0.26","+0.26",TRUE
"tbl-main-all-sensitivities","sensitivities",72,"Direction retained","Yes","Yes",TRUE
"tbl-main-all-sensitivities","sensitivities",72,"CI conclusion retained","Yes","Yes",TRUE
"tbl-main-all-sensitivities","sensitivities",73,"Scenario","Omit Tübingen (DE)","Omit Tübingen (DE)",TRUE
"tbl-main-all-sensitivities","sensitivities",73,"Window","Pre-sleep","Pre-sleep",TRUE
"tbl-main-all-sensitivities","sensitivities",73,"Free minus Work (95% CI)","+6.7 pp (+1.7 pp to +11.8 pp)","+6.7 pp (+1.7 pp to +11.8 pp)",TRUE
"tbl-main-all-sensitivities","sensitivities",73,"Primary comparator (95% CI)","+5.9 pp (+1.4 pp to +10.5 pp)","+5.9 pp (+1.4 pp to +10.5 pp)",TRUE
"tbl-main-all-sensitivities","sensitivities",73,"Point-estimate shift (pp)","+0.82","+0.82",TRUE
"tbl-main-all-sensitivities","sensitivities",73,"Direction retained","Yes","Yes",TRUE
"tbl-main-all-sensitivities","sensitivities",73,"CI conclusion retained","Yes","Yes",TRUE
"tbl-main-all-sensitivities","sensitivities",74,"Scenario","Omit Tübingen (DE)","Omit Tübingen (DE)",TRUE
"tbl-main-all-sensitivities","sensitivities",74,"Window","Sleep","Sleep",TRUE
"tbl-main-all-sensitivities","sensitivities",74,"Free minus Work (95% CI)","-6.3 pp (-9.3 pp to -3.3 pp)","-6.3 pp (-9.3 pp to -3.3 pp)",TRUE
"tbl-main-all-sensitivities","sensitivities",74,"Primary comparator (95% CI)","-6.5 pp (-9.1 pp to -3.8 pp)","-6.5 pp (-9.1 pp to -3.8 pp)",TRUE
"tbl-main-all-sensitivities","sensitivities",74,"Point-estimate shift (pp)","+0.19","+0.19",TRUE
"tbl-main-all-sensitivities","sensitivities",74,"Direction retained","Yes","Yes",TRUE
"tbl-main-all-sensitivities","sensitivities",74,"CI conclusion retained","Yes","Yes",TRUE
"tbl-main-all-sensitivities","sensitivities",75,"Scenario","Omit Borås (SE)","Omit Borås (SE)",TRUE
"tbl-main-all-sensitivities","sensitivities",75,"Window","Daytime","Daytime",TRUE
"tbl-main-all-sensitivities","sensitivities",75,"Free minus Work (95% CI)","-5.1 pp (-8.0 pp to -2.3 pp)","-5.1 pp (-8.0 pp to -2.3 pp)",TRUE
"tbl-main-all-sensitivities","sensitivities",75,"Primary comparator (95% CI)","-5.1 pp (-7.8 pp to -2.4 pp)","-5.1 pp (-7.8 pp to -2.4 pp)",TRUE
"tbl-main-all-sensitivities","sensitivities",75,"Point-estimate shift (pp)","-0.03","-0.03",TRUE
"tbl-main-all-sensitivities","sensitivities",75,"Direction retained","Yes","Yes",TRUE
"tbl-main-all-sensitivities","sensitivities",75,"CI conclusion retained","Yes","Yes",TRUE
"tbl-main-all-sensitivities","sensitivities",76,"Scenario","Omit Borås (SE)","Omit Borås (SE)",TRUE
"tbl-main-all-sensitivities","sensitivities",76,"Window","Pre-sleep","Pre-sleep",TRUE
"tbl-main-all-sensitivities","sensitivities",76,"Free minus Work (95% CI)","+6.9 pp (+2.0 pp to +11.7 pp)","+6.9 pp (+2.0 pp to +11.7 pp)",TRUE
"tbl-main-all-sensitivities","sensitivities",76,"Primary comparator (95% CI)","+5.9 pp (+1.4 pp to +10.5 pp)","+5.9 pp (+1.4 pp to +10.5 pp)",TRUE
"tbl-main-all-sensitivities","sensitivities",76,"Point-estimate shift (pp)","+0.95","+0.95",TRUE
"tbl-main-all-sensitivities","sensitivities",76,"Direction retained","Yes","Yes",TRUE
"tbl-main-all-sensitivities","sensitivities",76,"CI conclusion retained","Yes","Yes",TRUE
"tbl-main-all-sensitivities","sensitivities",77,"Scenario","Omit Borås (SE)","Omit Borås (SE)",TRUE
"tbl-main-all-sensitivities","sensitivities",77,"Window","Sleep","Sleep",TRUE
"tbl-main-all-sensitivities","sensitivities",77,"Free minus Work (95% CI)","-6.5 pp (-9.4 pp to -3.6 pp)","-6.5 pp (-9.4 pp to -3.6 pp)",TRUE
"tbl-main-all-sensitivities","sensitivities",77,"Primary comparator (95% CI)","-6.5 pp (-9.1 pp to -3.8 pp)","-6.5 pp (-9.1 pp to -3.8 pp)",TRUE
"tbl-main-all-sensitivities","sensitivities",77,"Point-estimate shift (pp)","-0.02","-0.02",TRUE
"tbl-main-all-sensitivities","sensitivities",77,"Direction retained","Yes","Yes",TRUE
"tbl-main-all-sensitivities","sensitivities",77,"CI conclusion retained","Yes","Yes",TRUE
"tbl-main-all-sensitivities","sensitivities",78,"Scenario","Omit Delft (NL)","Omit Delft (NL)",TRUE
"tbl-main-all-sensitivities","sensitivities",78,"Window","Daytime","Daytime",TRUE
"tbl-main-all-sensitivities","sensitivities",78,"Free minus Work (95% CI)","-5.5 pp (-8.3 pp to -2.7 pp)","-5.5 pp (-8.3 pp to -2.7 pp)",TRUE
"tbl-main-all-sensitivities","sensitivities",78,"Primary comparator (95% CI)","-5.1 pp (-7.8 pp to -2.4 pp)","-5.1 pp (-7.8 pp to -2.4 pp)",TRUE
"tbl-main-all-sensitivities","sensitivities",78,"Point-estimate shift (pp)","-0.39","-0.39",TRUE
"tbl-main-all-sensitivities","sensitivities",78,"Direction retained","Yes","Yes",TRUE
"tbl-main-all-sensitivities","sensitivities",78,"CI conclusion retained","Yes","Yes",TRUE
"tbl-main-all-sensitivities","sensitivities",79,"Scenario","Omit Delft (NL)","Omit Delft (NL)",TRUE
"tbl-main-all-sensitivities","sensitivities",79,"Window","Pre-sleep","Pre-sleep",TRUE
"tbl-main-all-sensitivities","sensitivities",79,"Free minus Work (95% CI)","+5.5 pp (+0.8 pp to +10.2 pp)","+5.5 pp (+0.8 pp to +10.2 pp)",TRUE
"tbl-main-all-sensitivities","sensitivities",79,"Primary comparator (95% CI)","+5.9 pp (+1.4 pp to +10.5 pp)","+5.9 pp (+1.4 pp to +10.5 pp)",TRUE
"tbl-main-all-sensitivities","sensitivities",79,"Point-estimate shift (pp)","-0.38","-0.38",TRUE
"tbl-main-all-sensitivities","sensitivities",79,"Direction retained","Yes","Yes",TRUE
"tbl-main-all-sensitivities","sensitivities",79,"CI conclusion retained","Yes","Yes",TRUE
"tbl-main-all-sensitivities","sensitivities",80,"Scenario","Omit Delft (NL)","Omit Delft (NL)",TRUE
"tbl-main-all-sensitivities","sensitivities",80,"Window","Sleep","Sleep",TRUE
"tbl-main-all-sensitivities","sensitivities",80,"Free minus Work (95% CI)","-6.1 pp (-8.9 pp to -3.2 pp)","-6.1 pp (-8.9 pp to -3.2 pp)",TRUE
"tbl-main-all-sensitivities","sensitivities",80,"Primary comparator (95% CI)","-6.5 pp (-9.1 pp to -3.8 pp)","-6.5 pp (-9.1 pp to -3.8 pp)",TRUE
"tbl-main-all-sensitivities","sensitivities",80,"Point-estimate shift (pp)","+0.44","+0.44",TRUE
"tbl-main-all-sensitivities","sensitivities",80,"Direction retained","Yes","Yes",TRUE
"tbl-main-all-sensitivities","sensitivities",80,"CI conclusion retained","Yes","Yes",TRUE
"tbl-main-all-sensitivities","sensitivities",81,"Scenario","Omit Munich (DE)","Omit Munich (DE)",TRUE
"tbl-main-all-sensitivities","sensitivities",81,"Window","Daytime","Daytime",TRUE
"tbl-main-all-sensitivities","sensitivities",81,"Free minus Work (95% CI)","-4.3 pp (-7.1 pp to -1.4 pp)","-4.3 pp (-7.1 pp to -1.4 pp)",TRUE
"tbl-main-all-sensitivities","sensitivities",81,"Primary comparator (95% CI)","-5.1 pp (-7.8 pp to -2.4 pp)","-5.1 pp (-7.8 pp to -2.4 pp)",TRUE
"tbl-main-all-sensitivities","sensitivities",81,"Point-estimate shift (pp)","+0.80","+0.80",TRUE
"tbl-main-all-sensitivities","sensitivities",81,"Direction retained","Yes","Yes",TRUE
"tbl-main-all-sensitivities","sensitivities",81,"CI conclusion retained","Yes","Yes",TRUE
"tbl-main-all-sensitivities","sensitivities",82,"Scenario","Omit Munich (DE)","Omit Munich (DE)",TRUE
"tbl-main-all-sensitivities","sensitivities",82,"Window","Pre-sleep","Pre-sleep",TRUE
"tbl-main-all-sensitivities","sensitivities",82,"Free minus Work (95% CI)","+6.3 pp (+1.6 pp to +11.1 pp)","+6.3 pp (+1.6 pp to +11.1 pp)",TRUE
"tbl-main-all-sensitivities","sensitivities",82,"Primary comparator (95% CI)","+5.9 pp (+1.4 pp to +10.5 pp)","+5.9 pp (+1.4 pp to +10.5 pp)",TRUE
"tbl-main-all-sensitivities","sensitivities",82,"Point-estimate shift (pp)","+0.41","+0.41",TRUE
"tbl-main-all-sensitivities","sensitivities",82,"Direction retained","Yes","Yes",TRUE
"tbl-main-all-sensitivities","sensitivities",82,"CI conclusion retained","Yes","Yes",TRUE
"tbl-main-all-sensitivities","sensitivities",83,"Scenario","Omit Munich (DE)","Omit Munich (DE)",TRUE
"tbl-main-all-sensitivities","sensitivities",83,"Window","Sleep","Sleep",TRUE
"tbl-main-all-sensitivities","sensitivities",83,"Free minus Work (95% CI)","-6.2 pp (-8.8 pp to -3.6 pp)","-6.2 pp (-8.8 pp to -3.6 pp)",TRUE
"tbl-main-all-sensitivities","sensitivities",83,"Primary comparator (95% CI)","-6.5 pp (-9.1 pp to -3.8 pp)","-6.5 pp (-9.1 pp to -3.8 pp)",TRUE
"tbl-main-all-sensitivities","sensitivities",83,"Point-estimate shift (pp)","+0.30","+0.30",TRUE
"tbl-main-all-sensitivities","sensitivities",83,"Direction retained","Yes","Yes",TRUE
"tbl-main-all-sensitivities","sensitivities",83,"CI conclusion retained","Yes","Yes",TRUE
"tbl-main-all-sensitivities","sensitivities",84,"Scenario","Omit San José (CR)","Omit San José (CR)",TRUE
"tbl-main-all-sensitivities","sensitivities",84,"Window","Daytime","Daytime",TRUE
"tbl-main-all-sensitivities","sensitivities",84,"Free minus Work (95% CI)","-5.5 pp (-8.2 pp to -2.8 pp)","-5.5 pp (-8.2 pp to -2.8 pp)",TRUE
"tbl-main-all-sensitivities","sensitivities",84,"Primary comparator (95% CI)","-5.1 pp (-7.8 pp to -2.4 pp)","-5.1 pp (-7.8 pp to -2.4 pp)",TRUE
"tbl-main-all-sensitivities","sensitivities",84,"Point-estimate shift (pp)","-0.42","-0.42",TRUE
"tbl-main-all-sensitivities","sensitivities",84,"Direction retained","Yes","Yes",TRUE
"tbl-main-all-sensitivities","sensitivities",84,"CI conclusion retained","Yes","Yes",TRUE
"tbl-main-all-sensitivities","sensitivities",85,"Scenario","Omit San José (CR)","Omit San José (CR)",TRUE
"tbl-main-all-sensitivities","sensitivities",85,"Window","Pre-sleep","Pre-sleep",TRUE
"tbl-main-all-sensitivities","sensitivities",85,"Free minus Work (95% CI)","+4.8 pp (+0.3 pp to +9.2 pp)","+4.8 pp (+0.3 pp to +9.2 pp)",TRUE
"tbl-main-all-sensitivities","sensitivities",85,"Primary comparator (95% CI)","+5.9 pp (+1.4 pp to +10.5 pp)","+5.9 pp (+1.4 pp to +10.5 pp)",TRUE
"tbl-main-all-sensitivities","sensitivities",85,"Point-estimate shift (pp)","-1.13","-1.13",TRUE
"tbl-main-all-sensitivities","sensitivities",85,"Direction retained","Yes","Yes",TRUE
"tbl-main-all-sensitivities","sensitivities",85,"CI conclusion retained","Yes","Yes",TRUE
"tbl-main-all-sensitivities","sensitivities",86,"Scenario","Omit San José (CR)","Omit San José (CR)",TRUE
"tbl-main-all-sensitivities","sensitivities",86,"Window","Sleep","Sleep",TRUE
"tbl-main-all-sensitivities","sensitivities",86,"Free minus Work (95% CI)","-6.5 pp (-9.0 pp to -4.0 pp)","-6.5 pp (-9.0 pp to -4.0 pp)",TRUE
"tbl-main-all-sensitivities","sensitivities",86,"Primary comparator (95% CI)","-6.5 pp (-9.1 pp to -3.8 pp)","-6.5 pp (-9.1 pp to -3.8 pp)",TRUE
"tbl-main-all-sensitivities","sensitivities",86,"Point-estimate shift (pp)","+0.01","+0.01",TRUE
"tbl-main-all-sensitivities","sensitivities",86,"Direction retained","Yes","Yes",TRUE
"tbl-main-all-sensitivities","sensitivities",86,"CI conclusion retained","Yes","Yes",TRUE
"tbl-main-weighting","weighting",1,"Window","Daytime","Daytime",TRUE
"tbl-main-weighting","weighting",1,"Observed-site weighting (95% CI)","-5.5 pp (-8.0 pp to -3.0 pp)","-5.5 pp (-8.0 pp to -3.0 pp)",TRUE
"tbl-main-weighting","weighting",1,"Equal-site effect (pp)","-5.1 pp","-5.1 pp",TRUE
"tbl-main-weighting","weighting",1,"Point-estimate shift (pp)","-0.40","-0.40",TRUE
"tbl-main-weighting","weighting",2,"Window","Pre-sleep","Pre-sleep",TRUE
"tbl-main-weighting","weighting",2,"Observed-site weighting (95% CI)","+4.9 pp (+0.7 pp to +9.1 pp)","+4.9 pp (+0.7 pp to +9.1 pp)",TRUE
"tbl-main-weighting","weighting",2,"Equal-site effect (pp)","+5.9 pp","+5.9 pp",TRUE
"tbl-main-weighting","weighting",2,"Point-estimate shift (pp)","-1.03","-1.03",TRUE
"tbl-main-weighting","weighting",3,"Window","Sleep","Sleep",TRUE
"tbl-main-weighting","weighting",3,"Observed-site weighting (95% CI)","-6.2 pp (-8.5 pp to -4.0 pp)","-6.2 pp (-8.5 pp to -4.0 pp)",TRUE
"tbl-main-weighting","weighting",3,"Equal-site effect (pp)","-6.5 pp","-6.5 pp",TRUE
"tbl-main-weighting","weighting",3,"Point-estimate shift (pp)","+0.25","+0.25",TRUE
"tbl-main-route-dispositions","routes",1,"Model / sensitivity","Calendar-day chunks","Calendar-day chunks",TRUE
"tbl-main-route-dispositions","routes",1,"Stored disposition","acceptable with limitations","acceptable with limitations",TRUE
"tbl-main-route-dispositions","routes",1,"Structural failure","Not available","Not available",TRUE
"tbl-main-route-dispositions","routes",1,"Hard failure","FALSE","FALSE",TRUE
"tbl-main-route-dispositions","routes",1,"Recorded reason","","",TRUE
"tbl-main-route-dispositions","routes",2,"Model / sensitivity","Complementary chest","Complementary chest",TRUE
"tbl-main-route-dispositions","routes",2,"Stored disposition","acceptable with cautions","acceptable with cautions",TRUE
"tbl-main-route-dispositions","routes",2,"Structural failure","FALSE","FALSE",TRUE
"tbl-main-route-dispositions","routes",2,"Hard failure","Not available","Not available",TRUE
"tbl-main-route-dispositions","routes",2,"Recorded reason","","",TRUE
"tbl-main-route-dispositions","routes",3,"Model / sensitivity","Ordinary-binomial diagnostic","Ordinary-binomial diagnostic",TRUE
"tbl-main-route-dispositions","routes",3,"Stored disposition","not acceptable","not acceptable",TRUE
"tbl-main-route-dispositions","routes",3,"Structural failure","Not available","Not available",TRUE
"tbl-main-route-dispositions","routes",3,"Hard failure","TRUE","TRUE",TRUE
"tbl-main-route-dispositions","routes",3,"Recorded reason","","",TRUE
"tbl-main-route-dispositions","routes",4,"Model / sensitivity","Fractional model, equal periods","Fractional model, equal periods",TRUE
"tbl-main-route-dispositions","routes",4,"Stored disposition","acceptable","acceptable",TRUE
"tbl-main-route-dispositions","routes",4,"Structural failure","Not available","Not available",TRUE
"tbl-main-route-dispositions","routes",4,"Hard failure","FALSE","FALSE",TRUE
"tbl-main-route-dispositions","routes",4,"Recorded reason","","",TRUE
"tbl-main-route-dispositions","routes",5,"Model / sensitivity","Fractional model, minute weighting","Fractional model, minute weighting",TRUE
"tbl-main-route-dispositions","routes",5,"Stored disposition","acceptable","acceptable",TRUE
"tbl-main-route-dispositions","routes",5,"Structural failure","Not available","Not available",TRUE
"tbl-main-route-dispositions","routes",5,"Hard failure","FALSE","FALSE",TRUE
"tbl-main-route-dispositions","routes",5,"Recorded reason","","",TRUE
"tbl-main-route-dispositions","routes",6,"Model / sensitivity","Participant deletion 1","Participant deletion 1",TRUE
"tbl-main-route-dispositions","routes",6,"Stored disposition","acceptable with cautions","acceptable with cautions",TRUE
"tbl-main-route-dispositions","routes",6,"Structural failure","FALSE","FALSE",TRUE
"tbl-main-route-dispositions","routes",6,"Hard failure","Not available","Not available",TRUE
"tbl-main-route-dispositions","routes",6,"Recorded reason","","",TRUE
"tbl-main-route-dispositions","routes",7,"Model / sensitivity","Participant deletion 2","Participant deletion 2",TRUE
"tbl-main-route-dispositions","routes",7,"Stored disposition","acceptable with cautions","acceptable with cautions",TRUE
"tbl-main-route-dispositions","routes",7,"Structural failure","FALSE","FALSE",TRUE
"tbl-main-route-dispositions","routes",7,"Hard failure","Not available","Not available",TRUE
"tbl-main-route-dispositions","routes",7,"Recorded reason","","",TRUE
"tbl-main-route-dispositions","routes",8,"Model / sensitivity","Participant deletion 3","Participant deletion 3",TRUE
"tbl-main-route-dispositions","routes",8,"Stored disposition","acceptable with cautions","acceptable with cautions",TRUE
"tbl-main-route-dispositions","routes",8,"Structural failure","FALSE","FALSE",TRUE
"tbl-main-route-dispositions","routes",8,"Hard failure","Not available","Not available",TRUE
"tbl-main-route-dispositions","routes",8,"Recorded reason","","",TRUE
"tbl-main-route-dispositions","routes",9,"Model / sensitivity","Participant deletion 4","Participant deletion 4",TRUE
"tbl-main-route-dispositions","routes",9,"Stored disposition","structural failure","structural failure",TRUE
"tbl-main-route-dispositions","routes",9,"Structural failure","TRUE","TRUE",TRUE
"tbl-main-route-dispositions","routes",9,"Hard failure","Not available","Not available",TRUE
"tbl-main-route-dispositions","routes",9,"Recorded reason","hard_fit_gate","hard_fit_gate",TRUE
"tbl-main-route-dispositions","routes",10,"Model / sensitivity","Participant deletion 5","Participant deletion 5",TRUE
"tbl-main-route-dispositions","routes",10,"Stored disposition","acceptable with cautions","acceptable with cautions",TRUE
"tbl-main-route-dispositions","routes",10,"Structural failure","FALSE","FALSE",TRUE
"tbl-main-route-dispositions","routes",10,"Hard failure","Not available","Not available",TRUE
"tbl-main-route-dispositions","routes",10,"Recorded reason","","",TRUE
"tbl-main-route-dispositions","routes",11,"Model / sensitivity","Omit Dortmund (DE)","Omit Dortmund (DE)",TRUE
"tbl-main-route-dispositions","routes",11,"Stored disposition","acceptable with cautions","acceptable with cautions",TRUE
"tbl-main-route-dispositions","routes",11,"Structural failure","FALSE","FALSE",TRUE
"tbl-main-route-dispositions","routes",11,"Hard failure","Not available","Not available",TRUE
"tbl-main-route-dispositions","routes",11,"Recorded reason","","",TRUE
"tbl-main-route-dispositions","routes",12,"Model / sensitivity","Omit Madrid (ES)","Omit Madrid (ES)",TRUE
"tbl-main-route-dispositions","routes",12,"Stored disposition","acceptable with cautions","acceptable with cautions",TRUE
"tbl-main-route-dispositions","routes",12,"Structural failure","FALSE","FALSE",TRUE
"tbl-main-route-dispositions","routes",12,"Hard failure","Not available","Not available",TRUE
"tbl-main-route-dispositions","routes",12,"Recorded reason","","",TRUE
"tbl-main-route-dispositions","routes",13,"Model / sensitivity","Omit Izmir (TR)","Omit Izmir (TR)",TRUE
"tbl-main-route-dispositions","routes",13,"Stored disposition","acceptable with cautions","acceptable with cautions",TRUE
"tbl-main-route-dispositions","routes",13,"Structural failure","FALSE","FALSE",TRUE
"tbl-main-route-dispositions","routes",13,"Hard failure","Not available","Not available",TRUE
"tbl-main-route-dispositions","routes",13,"Recorded reason","","",TRUE
"tbl-main-route-dispositions","routes",14,"Model / sensitivity","Omit Kumasi (GH)","Omit Kumasi (GH)",TRUE
"tbl-main-route-dispositions","routes",14,"Stored disposition","acceptable with cautions","acceptable with cautions",TRUE
"tbl-main-route-dispositions","routes",14,"Structural failure","FALSE","FALSE",TRUE
"tbl-main-route-dispositions","routes",14,"Hard failure","Not available","Not available",TRUE
"tbl-main-route-dispositions","routes",14,"Recorded reason","","",TRUE
"tbl-main-route-dispositions","routes",15,"Model / sensitivity","Omit Tübingen (DE)","Omit Tübingen (DE)",TRUE
"tbl-main-route-dispositions","routes",15,"Stored disposition","acceptable with cautions","acceptable with cautions",TRUE
"tbl-main-route-dispositions","routes",15,"Structural failure","FALSE","FALSE",TRUE
"tbl-main-route-dispositions","routes",15,"Hard failure","Not available","Not available",TRUE
"tbl-main-route-dispositions","routes",15,"Recorded reason","","",TRUE
"tbl-main-route-dispositions","routes",16,"Model / sensitivity","Omit Borås (SE)","Omit Borås (SE)",TRUE
"tbl-main-route-dispositions","routes",16,"Stored disposition","acceptable with cautions","acceptable with cautions",TRUE
"tbl-main-route-dispositions","routes",16,"Structural failure","FALSE","FALSE",TRUE
"tbl-main-route-dispositions","routes",16,"Hard failure","Not available","Not available",TRUE
"tbl-main-route-dispositions","routes",16,"Recorded reason","","",TRUE
"tbl-main-route-dispositions","routes",17,"Model / sensitivity","Omit Delft (NL)","Omit Delft (NL)",TRUE
"tbl-main-route-dispositions","routes",17,"Stored disposition","acceptable with cautions","acceptable with cautions",TRUE
"tbl-main-route-dispositions","routes",17,"Structural failure","FALSE","FALSE",TRUE
"tbl-main-route-dispositions","routes",17,"Hard failure","Not available","Not available",TRUE
"tbl-main-route-dispositions","routes",17,"Recorded reason","","",TRUE
"tbl-main-route-dispositions","routes",18,"Model / sensitivity","Omit Munich (DE)","Omit Munich (DE)",TRUE
"tbl-main-route-dispositions","routes",18,"Stored disposition","acceptable with cautions","acceptable with cautions",TRUE
"tbl-main-route-dispositions","routes",18,"Structural failure","FALSE","FALSE",TRUE
"tbl-main-route-dispositions","routes",18,"Hard failure","Not available","Not available",TRUE
"tbl-main-route-dispositions","routes",18,"Recorded reason","","",TRUE
"tbl-main-route-dispositions","routes",19,"Model / sensitivity","Omit San José (CR)","Omit San José (CR)",TRUE
"tbl-main-route-dispositions","routes",19,"Stored disposition","acceptable with cautions","acceptable with cautions",TRUE
"tbl-main-route-dispositions","routes",19,"Structural failure","FALSE","FALSE",TRUE
"tbl-main-route-dispositions","routes",19,"Hard failure","Not available","Not available",TRUE
"tbl-main-route-dispositions","routes",19,"Recorded reason","","",TRUE
"tbl-main-route-dispositions","routes",20,"Model / sensitivity","Primary, at least 80% coverage","Primary, at least 80% coverage",TRUE
"tbl-main-route-dispositions","routes",20,"Stored disposition","acceptable with cautions","acceptable with cautions",TRUE
"tbl-main-route-dispositions","routes",20,"Structural failure","FALSE","FALSE",TRUE
"tbl-main-route-dispositions","routes",20,"Hard failure","Not available","Not available",TRUE
"tbl-main-route-dispositions","routes",20,"Recorded reason","","",TRUE
"tbl-main-route-dispositions","routes",21,"Model / sensitivity","Primary, any valid period","Primary, any valid period",TRUE
"tbl-main-route-dispositions","routes",21,"Stored disposition","acceptable with cautions","acceptable with cautions",TRUE
"tbl-main-route-dispositions","routes",21,"Structural failure","FALSE","FALSE",TRUE
"tbl-main-route-dispositions","routes",21,"Hard failure","Not available","Not available",TRUE
"tbl-main-route-dispositions","routes",21,"Recorded reason","","",TRUE
"tbl-main-route-dispositions","routes",22,"Model / sensitivity","Both day types observed","Both day types observed",TRUE
"tbl-main-route-dispositions","routes",22,"Stored disposition","acceptable with cautions","acceptable with cautions",TRUE
"tbl-main-route-dispositions","routes",22,"Structural failure","FALSE","FALSE",TRUE
"tbl-main-route-dispositions","routes",22,"Hard failure","Not available","Not available",TRUE
"tbl-main-route-dispositions","routes",22,"Recorded reason","","",TRUE
"tbl-main-route-dispositions","routes",23,"Model / sensitivity","Complete three-window cycles","Complete three-window cycles",TRUE
"tbl-main-route-dispositions","routes",23,"Stored disposition","acceptable with cautions","acceptable with cautions",TRUE
"tbl-main-route-dispositions","routes",23,"Structural failure","FALSE","FALSE",TRUE
"tbl-main-route-dispositions","routes",23,"Hard failure","Not available","Not available",TRUE
"tbl-main-route-dispositions","routes",23,"Recorded reason","","",TRUE
"tbl-main-route-dispositions","routes",24,"Model / sensitivity","Common dispersion","Common dispersion",TRUE
"tbl-main-route-dispositions","routes",24,"Stored disposition","acceptable with cautions","acceptable with cautions",TRUE
"tbl-main-route-dispositions","routes",24,"Structural failure","FALSE","FALSE",TRUE
"tbl-main-route-dispositions","routes",24,"Hard failure","Not available","Not available",TRUE
"tbl-main-route-dispositions","routes",24,"Recorded reason","","",TRUE
"tbl-main-route-dispositions","routes",25,"Model / sensitivity","Exclude zero periods, endpoint route","Exclude zero periods, endpoint route",TRUE
"tbl-main-route-dispositions","routes",25,"Stored disposition","structural failure","structural failure",TRUE
"tbl-main-route-dispositions","routes",25,"Structural failure","TRUE","TRUE",TRUE
"tbl-main-route-dispositions","routes",25,"Hard failure","Not available","Not available",TRUE
"tbl-main-route-dispositions","routes",25,"Recorded reason","endpoint_separation","endpoint_separation",TRUE
"tbl-main-route-dispositions","routes",26,"Model / sensitivity","Exclude zero periods, conditional route","Exclude zero periods, conditional route",TRUE
"tbl-main-route-dispositions","routes",26,"Stored disposition","acceptable with cautions","acceptable with cautions",TRUE
"tbl-main-route-dispositions","routes",26,"Structural failure","FALSE","FALSE",TRUE
"tbl-main-route-dispositions","routes",26,"Hard failure","Not available","Not available",TRUE
"tbl-main-route-dispositions","routes",26,"Recorded reason","","",TRUE
"tbl-main-route-dispositions","routes",27,"Model / sensitivity","Strict rather than inclusive thresholds","Strict rather than inclusive thresholds",TRUE
"tbl-main-route-dispositions","routes",27,"Stored disposition","acceptable with cautions","acceptable with cautions",TRUE
"tbl-main-route-dispositions","routes",27,"Structural failure","FALSE","FALSE",TRUE
"tbl-main-route-dispositions","routes",27,"Hard failure","Not available","Not available",TRUE
"tbl-main-route-dispositions","routes",27,"Recorded reason","","",TRUE
"tbl-main-route-dispositions","routes",28,"Model / sensitivity","At least 70% coverage","At least 70% coverage",TRUE
"tbl-main-route-dispositions","routes",28,"Stored disposition","acceptable with cautions","acceptable with cautions",TRUE
"tbl-main-route-dispositions","routes",28,"Structural failure","FALSE","FALSE",TRUE
"tbl-main-route-dispositions","routes",28,"Hard failure","Not available","Not available",TRUE
"tbl-main-route-dispositions","routes",28,"Recorded reason","","",TRUE
"tbl-main-route-dispositions","routes",29,"Model / sensitivity","At least 90% coverage","At least 90% coverage",TRUE
"tbl-main-route-dispositions","routes",29,"Stored disposition","acceptable with cautions","acceptable with cautions",TRUE
"tbl-main-route-dispositions","routes",29,"Structural failure","FALSE","FALSE",TRUE
"tbl-main-route-dispositions","routes",29,"Hard failure","Not available","Not available",TRUE
"tbl-main-route-dispositions","routes",29,"Recorded reason","","",TRUE
"tbl-main-route-dispositions","routes",30,"Model / sensitivity","More than 30 valid minutes","More than 30 valid minutes",TRUE
"tbl-main-route-dispositions","routes",30,"Stored disposition","acceptable with cautions","acceptable with cautions",TRUE
"tbl-main-route-dispositions","routes",30,"Structural failure","FALSE","FALSE",TRUE
"tbl-main-route-dispositions","routes",30,"Hard failure","Not available","Not available",TRUE
"tbl-main-route-dispositions","routes",30,"Recorded reason","","",TRUE
"tbl-main-route-dispositions","routes",31,"Model / sensitivity","More than 5 valid minutes","More than 5 valid minutes",TRUE
"tbl-main-route-dispositions","routes",31,"Stored disposition","acceptable with cautions","acceptable with cautions",TRUE
"tbl-main-route-dispositions","routes",31,"Structural failure","FALSE","FALSE",TRUE
"tbl-main-route-dispositions","routes",31,"Hard failure","Not available","Not available",TRUE
"tbl-main-route-dispositions","routes",31,"Recorded reason","","",TRUE
"tbl-main-route-dispositions","routes",32,"Model / sensitivity","Any-valid temporal endpoint model","Any-valid temporal endpoint model",TRUE
"tbl-main-route-dispositions","routes",32,"Stored disposition","structural failure","structural failure",TRUE
"tbl-main-route-dispositions","routes",32,"Structural failure","TRUE","TRUE",TRUE
"tbl-main-route-dispositions","routes",32,"Hard failure","Not available","Not available",TRUE
"tbl-main-route-dispositions","routes",32,"Recorded reason","convergence;gradient;hessian;covariance;endpoint_uncertainty","convergence;gradient;hessian;covariance;endpoint_uncertainty",TRUE
"tbl-main-route-dispositions","routes",33,"Model / sensitivity","Any-valid temporal beta-binomial fallback","Any-valid temporal beta-binomial fallback",TRUE
"tbl-main-route-dispositions","routes",33,"Stored disposition","acceptable with limitations","acceptable with limitations",TRUE
"tbl-main-route-dispositions","routes",33,"Structural failure","FALSE","FALSE",TRUE
"tbl-main-route-dispositions","routes",33,"Hard failure","Not available","Not available",TRUE
"tbl-main-route-dispositions","routes",33,"Recorded reason","","",TRUE
"tbl-main-route-dispositions","routes",34,"Model / sensitivity","80% temporal endpoint model","80% temporal endpoint model",TRUE
"tbl-main-route-dispositions","routes",34,"Stored disposition","structural failure","structural failure",TRUE
"tbl-main-route-dispositions","routes",34,"Structural failure","TRUE","TRUE",TRUE
"tbl-main-route-dispositions","routes",34,"Hard failure","Not available","Not available",TRUE
"tbl-main-route-dispositions","routes",34,"Recorded reason","convergence;gradient;hessian;covariance;endpoint_uncertainty","convergence;gradient;hessian;covariance;endpoint_uncertainty",TRUE
"tbl-main-route-dispositions","routes",35,"Model / sensitivity","80% temporal beta-binomial fallback","80% temporal beta-binomial fallback",TRUE
"tbl-main-route-dispositions","routes",35,"Stored disposition","acceptable with limitations","acceptable with limitations",TRUE
"tbl-main-route-dispositions","routes",35,"Structural failure","FALSE","FALSE",TRUE
"tbl-main-route-dispositions","routes",35,"Hard failure","Not available","Not available",TRUE
"tbl-main-route-dispositions","routes",35,"Recorded reason","","",TRUE
"tbl-main-diagnostic-dispositions","diagnostics",1,"Sample","Any valid period","Any valid period",TRUE
"tbl-main-diagnostic-dispositions","diagnostics",1,"Check","overall adherence","overall adherence",TRUE
"tbl-main-diagnostic-dispositions","diagnostics",1,"Assessment","acceptable with limitations","acceptable with limitations",TRUE
"tbl-main-diagnostic-dispositions","diagnostics",1,"Detail","maximum absolute state-site-day-type adherence calibration difference 0.055","maximum absolute state-site-day-type adherence calibration difference 0.055",TRUE
"tbl-main-diagnostic-dispositions","diagnostics",2,"Sample","Any valid period","Any valid period",TRUE
"tbl-main-diagnostic-dispositions","diagnostics",2,"Check","endpoint probabilities","endpoint probabilities",TRUE
"tbl-main-diagnostic-dispositions","diagnostics",2,"Assessment","acceptable","acceptable",TRUE
"tbl-main-diagnostic-dispositions","diagnostics",2,"Detail","5 of 5 applicable state endpoint envelopes passed","5 of 5 applicable state endpoint envelopes passed",TRUE
"tbl-main-diagnostic-dispositions","diagnostics",3,"Sample","Any valid period","Any valid period",TRUE
"tbl-main-diagnostic-dispositions","diagnostics",3,"Check","actual date temporal dependence","actual date temporal dependence",TRUE
"tbl-main-diagnostic-dispositions","diagnostics",3,"Assessment","triggered","triggered",TRUE
"tbl-main-diagnostic-dispositions","diagnostics",3,"Detail","3 state residual series reached the temporal trigger","3 state residual series reached the temporal trigger",TRUE
"tbl-main-diagnostic-dispositions","diagnostics",4,"Sample","Any valid period","Any valid period",TRUE
"tbl-main-diagnostic-dispositions","diagnostics",4,"Check","frozen primary numerical fit","frozen primary numerical fit",TRUE
"tbl-main-diagnostic-dispositions","diagnostics",4,"Assessment","acceptable with cautions","acceptable with cautions",TRUE
"tbl-main-diagnostic-dispositions","diagnostics",4,"Detail","Stored numerical status; primary model was not refitted","Stored numerical status; primary model was not refitted",TRUE
"tbl-main-diagnostic-dispositions","diagnostics",5,"Sample","At least 80% coverage","At least 80% coverage",TRUE
"tbl-main-diagnostic-dispositions","diagnostics",5,"Check","overall adherence","overall adherence",TRUE
"tbl-main-diagnostic-dispositions","diagnostics",5,"Assessment","acceptable with limitations","acceptable with limitations",TRUE
"tbl-main-diagnostic-dispositions","diagnostics",5,"Detail","maximum absolute state-site-day-type adherence calibration difference 0.088","maximum absolute state-site-day-type adherence calibration difference 0.088",TRUE
"tbl-main-diagnostic-dispositions","diagnostics",6,"Sample","At least 80% coverage","At least 80% coverage",TRUE
"tbl-main-diagnostic-dispositions","diagnostics",6,"Check","endpoint probabilities","endpoint probabilities",TRUE
"tbl-main-diagnostic-dispositions","diagnostics",6,"Assessment","acceptable","acceptable",TRUE
"tbl-main-diagnostic-dispositions","diagnostics",6,"Detail","5 of 5 applicable state endpoint envelopes passed","5 of 5 applicable state endpoint envelopes passed",TRUE
"tbl-main-diagnostic-dispositions","diagnostics",7,"Sample","At least 80% coverage","At least 80% coverage",TRUE
"tbl-main-diagnostic-dispositions","diagnostics",7,"Check","actual date temporal dependence","actual date temporal dependence",TRUE
"tbl-main-diagnostic-dispositions","diagnostics",7,"Assessment","triggered","triggered",TRUE
"tbl-main-diagnostic-dispositions","diagnostics",7,"Detail","3 state residual series reached the temporal trigger","3 state residual series reached the temporal trigger",TRUE
"tbl-main-diagnostic-dispositions","diagnostics",8,"Sample","At least 80% coverage","At least 80% coverage",TRUE
"tbl-main-diagnostic-dispositions","diagnostics",8,"Check","frozen primary numerical fit","frozen primary numerical fit",TRUE
"tbl-main-diagnostic-dispositions","diagnostics",8,"Assessment","acceptable with cautions","acceptable with cautions",TRUE
"tbl-main-diagnostic-dispositions","diagnostics",8,"Detail","Stored numerical status; primary model was not refitted","Stored numerical status; primary model was not refitted",TRUE
"tbl-main-diagnostic-dispositions","diagnostics",9,"Sample","Complementary chest","Complementary chest",TRUE
"tbl-main-diagnostic-dispositions","diagnostics",9,"Check","overall adherence","overall adherence",TRUE
"tbl-main-diagnostic-dispositions","diagnostics",9,"Assessment","acceptable with limitations","acceptable with limitations",TRUE
"tbl-main-diagnostic-dispositions","diagnostics",9,"Detail","maximum absolute state-site-day-type adherence calibration difference 0.074","maximum absolute state-site-day-type adherence calibration difference 0.074",TRUE
"tbl-main-diagnostic-dispositions","diagnostics",10,"Sample","Complementary chest","Complementary chest",TRUE
"tbl-main-diagnostic-dispositions","diagnostics",10,"Check","endpoint probabilities","endpoint probabilities",TRUE
"tbl-main-diagnostic-dispositions","diagnostics",10,"Assessment","acceptable","acceptable",TRUE
"tbl-main-diagnostic-dispositions","diagnostics",10,"Detail","3 of 3 applicable state endpoint envelopes passed","3 of 3 applicable state endpoint envelopes passed",TRUE
"tbl-main-diagnostic-dispositions","diagnostics",11,"Sample","Complementary chest","Complementary chest",TRUE
"tbl-main-diagnostic-dispositions","diagnostics",11,"Check","actual date temporal dependence","actual date temporal dependence",TRUE
"tbl-main-diagnostic-dispositions","diagnostics",11,"Assessment","triggered","triggered",TRUE
"tbl-main-diagnostic-dispositions","diagnostics",11,"Detail","1 state residual series reached the temporal trigger","1 state residual series reached the temporal trigger",TRUE
"tbl-main-diagnostic-dispositions","diagnostics",12,"Sample","Complementary chest","Complementary chest",TRUE
"tbl-main-diagnostic-dispositions","diagnostics",12,"Check","frozen numerical fit","frozen numerical fit",TRUE
"tbl-main-diagnostic-dispositions","diagnostics",12,"Assessment","acceptable with cautions","acceptable with cautions",TRUE
"tbl-main-diagnostic-dispositions","diagnostics",12,"Detail","Separate two-window eight-site chest sensitivity; not a placement comparison test","Separate two-window eight-site chest sensitivity; not a placement comparison test",TRUE
"tbl-main-diagnostic-dispositions","diagnostics",13,"Sample","Any-valid temporal fallback","Any-valid temporal fallback",TRUE
"tbl-main-diagnostic-dispositions","diagnostics",13,"Check","overall adherence","overall adherence",TRUE
"tbl-main-diagnostic-dispositions","diagnostics",13,"Assessment","acceptable with limitations","acceptable with limitations",TRUE
"tbl-main-diagnostic-dispositions","diagnostics",13,"Detail","maximum absolute state-site-day-type adherence calibration difference 0.057","maximum absolute state-site-day-type adherence calibration difference 0.057",TRUE
"tbl-main-diagnostic-dispositions","diagnostics",14,"Sample","Any-valid temporal fallback","Any-valid temporal fallback",TRUE
"tbl-main-diagnostic-dispositions","diagnostics",14,"Check","endpoint probabilities","endpoint probabilities",TRUE
"tbl-main-diagnostic-dispositions","diagnostics",14,"Assessment","not acceptable","not acceptable",TRUE
"tbl-main-diagnostic-dispositions","diagnostics",14,"Detail","0 of 5 applicable state endpoint envelopes passed","0 of 5 applicable state endpoint envelopes passed",TRUE
"tbl-main-diagnostic-dispositions","diagnostics",15,"Sample","Any-valid temporal fallback","Any-valid temporal fallback",TRUE
"tbl-main-diagnostic-dispositions","diagnostics",15,"Check","actual date temporal dependence","actual date temporal dependence",TRUE
"tbl-main-diagnostic-dispositions","diagnostics",15,"Assessment","triggered","triggered",TRUE
"tbl-main-diagnostic-dispositions","diagnostics",15,"Detail","1 state residual series reached the temporal trigger","1 state residual series reached the temporal trigger",TRUE
"tbl-main-diagnostic-dispositions","diagnostics",16,"Sample","Any-valid temporal fallback","Any-valid temporal fallback",TRUE
"tbl-main-diagnostic-dispositions","diagnostics",16,"Check","temporal numerical fit","temporal numerical fit",TRUE
"tbl-main-diagnostic-dispositions","diagnostics",16,"Assessment","acceptable with limitations","acceptable with limitations",TRUE
"tbl-main-diagnostic-dispositions","diagnostics",16,"Detail","Selected sensitivity route BB-R0 ; not a primary replacement","Selected sensitivity route BB-R0 ; not a primary replacement",TRUE
"tbl-main-diagnostic-dispositions","diagnostics",17,"Sample","80% temporal fallback","80% temporal fallback",TRUE
"tbl-main-diagnostic-dispositions","diagnostics",17,"Check","overall adherence","overall adherence",TRUE
"tbl-main-diagnostic-dispositions","diagnostics",17,"Assessment","acceptable","acceptable",TRUE
"tbl-main-diagnostic-dispositions","diagnostics",17,"Detail","maximum absolute state-site-day-type adherence calibration difference 0.050","maximum absolute state-site-day-type adherence calibration difference 0.050",TRUE
"tbl-main-diagnostic-dispositions","diagnostics",18,"Sample","80% temporal fallback","80% temporal fallback",TRUE
"tbl-main-diagnostic-dispositions","diagnostics",18,"Check","endpoint probabilities","endpoint probabilities",TRUE
"tbl-main-diagnostic-dispositions","diagnostics",18,"Assessment","not acceptable","not acceptable",TRUE
"tbl-main-diagnostic-dispositions","diagnostics",18,"Detail","0 of 5 applicable state endpoint envelopes passed","0 of 5 applicable state endpoint envelopes passed",TRUE
"tbl-main-diagnostic-dispositions","diagnostics",19,"Sample","80% temporal fallback","80% temporal fallback",TRUE
"tbl-main-diagnostic-dispositions","diagnostics",19,"Check","actual date temporal dependence","actual date temporal dependence",TRUE
"tbl-main-diagnostic-dispositions","diagnostics",19,"Assessment","acceptable","acceptable",TRUE
"tbl-main-diagnostic-dispositions","diagnostics",19,"Detail","0 state residual series reached the temporal trigger","0 state residual series reached the temporal trigger",TRUE
"tbl-main-diagnostic-dispositions","diagnostics",20,"Sample","80% temporal fallback","80% temporal fallback",TRUE
"tbl-main-diagnostic-dispositions","diagnostics",20,"Check","temporal numerical fit","temporal numerical fit",TRUE
"tbl-main-diagnostic-dispositions","diagnostics",20,"Assessment","acceptable with limitations","acceptable with limitations",TRUE
"tbl-main-diagnostic-dispositions","diagnostics",20,"Detail","Selected sensitivity route BB-R0 ; not a primary replacement","Selected sensitivity route BB-R0 ; not a primary replacement",TRUE
