.model_row_id,site,participant_key,local_date,value,response_value,photoperiod_hours,photoperiod_centered_hours,latitude_deg,absolute_latitude_10deg_centered,metric_support_available,metric_support_valid_minutes,metric_support_expected_minutes,metric_any_censored
BAUA::BAUA_S001::2025-06-11,BAUA,BAUA::BAUA_S001,2025-06-11,14.426901344024811,1.1621729871331006,18.13485554655393,3.9885643229144474,51.498204,1.3409768196470289,TRUE,1413,1440,FALSE
BAUA::BAUA_S001::2025-06-12,BAUA,BAUA::BAUA_S001,2025-06-12,7.412682772036224,0.8757950508572134,18.15373947189914,4.007448248259658,51.498204,1.3409768196470289,TRUE,1322,1440,FALSE
BAUA::BAUA_S001::2025-06-13,BAUA,BAUA::BAUA_S001,2025-06-13,9.46872778720945,0.9808541998747532,18.170627665254806,4.024336441615324,51.498204,1.3409768196470289,TRUE,1323,1440,FALSE
BAUA::BAUA_S001::2025-06-14,BAUA,BAUA::BAUA_S001,2025-06-14,6.237542828466643,0.8019209072690267,18.18549463795291,4.0392034143134286,51.498204,1.3409768196470289,TRUE,1270,1440,FALSE
BAUA::BAUA_S001::2025-06-15,BAUA,BAUA::BAUA_S001,2025-06-15,0.2369754194907794,-0.4724017773745228,18.198317792680527,4.052026569041045,51.498204,1.3409768196470289,TRUE,1440,1440,FALSE
BAUA::BAUA_S001::2025-06-16,BAUA,BAUA::BAUA_S001,2025-06-16,9.14576289526536,0.9659427518969759,18.20907755719291,4.0627863335534276,51.498204,1.3409768196470289,TRUE,1440,1440,FALSE
BAUA::BAUA_S002::2025-06-11,BAUA,BAUA::BAUA_S002,2025-06-11,18.808844813398295,1.2766649975657625,18.13485554655393,3.9885643229144474,51.498204,1.3409768196470289,TRUE,1439,1440,FALSE
BAUA::BAUA_S002::2025-06-12,BAUA,BAUA::BAUA_S002,2025-06-12,10.240544004602429,1.014543387112103,18.15373947189914,4.007448248259658,51.498204,1.3409768196470289,TRUE,1392,1440,FALSE
BAUA::BAUA_S002::2025-06-13,BAUA,BAUA::BAUA_S002,2025-06-13,19.138369135993102,1.284168253499152,18.170627665254806,4.024336441615324,51.498204,1.3409768196470289,TRUE,1323,1440,FALSE
BAUA::BAUA_S002::2025-06-14,BAUA,BAUA::BAUA_S002,2025-06-14,5.631218644597637,0.7582469770026722,18.18549463795291,4.0392034143134286,51.498204,1.3409768196470289,TRUE,1346,1440,FALSE
BAUA::BAUA_S002::2025-06-15,BAUA,BAUA::BAUA_S002,2025-06-15,9.63085409129787,0.988150960603277,18.198317792680527,4.052026569041045,51.498204,1.3409768196470289,TRUE,1440,1440,FALSE
BAUA::BAUA_S002::2025-06-16,BAUA,BAUA::BAUA_S002,2025-06-16,9.457542013147746,0.9803462157716967,18.20907755719291,4.0627863335534276,51.498204,1.3409768196470289,TRUE,1401,1440,FALSE
BAUA::BAUA_S003::2025-06-11,BAUA,BAUA::BAUA_S003,2025-06-11,3.453590207967844,0.5506673444936291,18.13485554655393,3.9885643229144474,51.498204,1.3409768196470289,TRUE,1440,1440,FALSE
BAUA::BAUA_S003::2025-06-12,BAUA,BAUA::BAUA_S003,2025-06-12,4.488045576972591,0.6616277234684156,18.15373947189914,4.007448248259658,51.498204,1.3409768196470289,TRUE,1440,1440,FALSE
BAUA::BAUA_S003::2025-06-13,BAUA,BAUA::BAUA_S003,2025-06-13,2.19769499888943,0.36129237896913224,18.170627665254806,4.024336441615324,51.498204,1.3409768196470289,TRUE,1440,1440,FALSE
BAUA::BAUA_S003::2025-06-14,BAUA,BAUA::BAUA_S003,2025-06-14,1.755902527914215,0.26855516331570695,18.18549463795291,4.0392034143134286,51.498204,1.3409768196470289,TRUE,1439,1440,FALSE
BAUA::BAUA_S003::2025-06-15,BAUA,BAUA::BAUA_S003,2025-06-15,1.9656313453395682,0.3150528152615782,18.198317792680527,4.052026569041045,51.498204,1.3409768196470289,TRUE,1425,1440,FALSE
BAUA::BAUA_S003::2025-06-16,BAUA,BAUA::BAUA_S003,2025-06-16,0.33129774722637273,-0.36522281027442954,18.20907755719291,4.0627863335534276,51.498204,1.3409768196470289,TRUE,1416,1440,FALSE
BAUA::BAUA_S004::2025-06-11,BAUA,BAUA::BAUA_S004,2025-06-11,9.9565665923262,1.0024497337499805,18.13485554655393,3.9885643229144474,51.498204,1.3409768196470289,TRUE,1351,1440,FALSE
BAUA::BAUA_S004::2025-06-12,BAUA,BAUA::BAUA_S004,2025-06-12,12.703629219979588,1.1073330889297297,18.15373947189914,4.007448248259658,51.498204,1.3409768196470289,TRUE,1282,1440,FALSE
BAUA::BAUA_S004::2025-06-13,BAUA,BAUA::BAUA_S004,2025-06-13,7.91261716008318,0.9037743928052671,18.170627665254806,4.024336441615324,51.498204,1.3409768196470289,TRUE,1378,1440,FALSE
BAUA::BAUA_S004::2025-06-14,BAUA,BAUA::BAUA_S004,2025-06-14,9.611524463133412,0.9872874084826911,18.18549463795291,4.0392034143134286,51.498204,1.3409768196470289,TRUE,1379,1440,FALSE
BAUA::BAUA_S004::2025-06-15,BAUA,BAUA::BAUA_S004,2025-06-15,2.8777972112164636,0.47389511885322566,18.198317792680527,4.052026569041045,51.498204,1.3409768196470289,TRUE,1304,1440,FALSE
BAUA::BAUA_S004::2025-06-16,BAUA,BAUA::BAUA_S004,2025-06-16,13.171976245729176,1.1229355957138651,18.20907755719291,4.0627863335534276,51.498204,1.3409768196470289,TRUE,1300,1440,FALSE
BAUA::BAUA_S005::2025-06-11,BAUA,BAUA::BAUA_S005,2025-06-11,0.9431745165688853,0.01835696925374585,18.13485554655393,3.9885643229144474,51.498204,1.3409768196470289,TRUE,1306,1440,FALSE
BAUA::BAUA_S005::2025-06-12,BAUA,BAUA::BAUA_S005,2025-06-12,8.428811142082552,0.9308884977071488,18.15373947189914,4.007448248259658,51.498204,1.3409768196470289,TRUE,1294,1440,FALSE
BAUA::BAUA_S005::2025-06-13,BAUA,BAUA::BAUA_S005,2025-06-13,5.698391866416937,0.7633075624628664,18.170627665254806,4.024336441615324,51.498204,1.3409768196470289,TRUE,1297,1440,FALSE
BAUA::BAUA_S005::2025-06-14,BAUA,BAUA::BAUA_S005,2025-06-14,5.979014585382101,0.7838331853886135,18.18549463795291,4.0392034143134286,51.498204,1.3409768196470289,TRUE,1440,1440,FALSE
BAUA::BAUA_S005::2025-06-15,BAUA,BAUA::BAUA_S005,2025-06-15,0.4580921303139627,-0.25329410144914716,18.198317792680527,4.052026569041045,51.498204,1.3409768196470289,TRUE,1440,1440,FALSE
BAUA::BAUA_S006::2025-06-11,BAUA,BAUA::BAUA_S006,2025-06-11,11.541844566157799,1.0660217965885628,18.13485554655393,3.9885643229144474,51.498204,1.3409768196470289,TRUE,1410,1440,FALSE
BAUA::BAUA_S006::2025-06-12,BAUA,BAUA::BAUA_S006,2025-06-12,8.588596559073672,0.9389496319293165,18.15373947189914,4.007448248259658,51.498204,1.3409768196470289,TRUE,1440,1440,FALSE
BAUA::BAUA_S006::2025-06-13,BAUA,BAUA::BAUA_S006,2025-06-13,10.272584868230506,1.0158869969021591,18.170627665254806,4.024336441615324,51.498204,1.3409768196470289,TRUE,1376,1440,FALSE
BAUA::BAUA_S006::2025-06-15,BAUA,BAUA::BAUA_S006,2025-06-15,0.09316503530473164,-0.7140714822085452,18.198317792680527,4.052026569041045,51.498204,1.3409768196470289,TRUE,1440,1440,FALSE
BAUA::BAUA_S006::2025-06-16,BAUA,BAUA::BAUA_S006,2025-06-16,8.233122809966527,0.9208077823174056,18.20907755719291,4.0627863335534276,51.498204,1.3409768196470289,TRUE,1440,1440,FALSE
BAUA::BAUA_S009::2025-06-25,BAUA,BAUA::BAUA_S009,2025-06-25,82.36470203653639,1.9162680941119832,18.211450270281897,4.065159046642416,51.498204,1.3409768196470289,TRUE,1324,1440,FALSE
BAUA::BAUA_S009::2025-06-26,BAUA,BAUA::BAUA_S009,2025-06-26,7.914704280767861,0.9038875027849841,18.201224926577673,4.054933702938191,51.498204,1.3409768196470289,TRUE,1345,1440,FALSE
BAUA::BAUA_S009::2025-06-27,BAUA,BAUA::BAUA_S009,2025-06-27,23.843308332835498,1.3791841582436133,18.188940423462125,4.042649199822643,51.498204,1.3409768196470289,TRUE,1404,1440,FALSE
BAUA::BAUA_S009::2025-06-28,BAUA,BAUA::BAUA_S009,2025-06-28,13.224433235115765,1.1246487450459552,18.174617048899332,4.02832582525985,51.498204,1.3409768196470289,TRUE,1440,1440,FALSE
BAUA::BAUA_S009::2025-06-29,BAUA,BAUA::BAUA_S009,2025-06-29,80.76076902491796,1.9077378673673084,18.15827808989419,4.011986866254707,51.498204,1.3409768196470289,TRUE,1440,1440,FALSE
BAUA::BAUA_S009::2025-06-30,BAUA,BAUA::BAUA_S009,2025-06-30,40.05457979123224,1.6037350854710049,18.13994969639513,3.9936584727556497,51.498204,1.3409768196470289,TRUE,1440,1440,FALSE
BAUA::BAUA_S012::2025-07-16,BAUA,BAUA::BAUA_S012,2025-07-16,9.299479199367012,0.9731037911415062,17.605919546220036,3.4596283225805546,51.498204,1.3409768196470289,TRUE,1219,1440,FALSE
BAUA::BAUA_S012::2025-07-17,BAUA,BAUA::BAUA_S012,2025-07-17,10.489760711782067,1.024886146818841,17.559705352187155,3.4134141285476733,51.498204,1.3409768196470289,TRUE,1392,1440,FALSE
BAUA::BAUA_S012::2025-07-18,BAUA,BAUA::BAUA_S012,2025-07-18,18.41550380306407,1.2675355336100862,17.51226164135668,3.3659704177171985,51.498204,1.3409768196470289,TRUE,1440,1440,FALSE
BAUA::BAUA_S012::2025-07-19,BAUA,BAUA::BAUA_S012,2025-07-19,8.953284694637134,0.9568061776516025,17.463635578751564,3.3173443551120823,51.498204,1.3409768196470289,TRUE,1243,1440,FALSE
BAUA::BAUA_S012::2025-07-20,BAUA,BAUA::BAUA_S012,2025-07-20,30.514882602951175,1.485932598412018,17.413873874545096,3.2675826509056147,51.498204,1.3409768196470289,TRUE,1238,1440,FALSE
BAUA::BAUA_S012::2025-07-21,BAUA,BAUA::BAUA_S012,2025-07-21,3.1141907554109567,0.5070716476494833,17.36302268412378,3.216731460484299,51.498204,1.3409768196470289,TRUE,1309,1440,FALSE
BAUA::BAUA_S013::2025-07-16,BAUA,BAUA::BAUA_S013,2025-07-16,1.658109416929742,0.24504590014053576,17.605919546220036,3.4596283225805546,51.498204,1.3409768196470289,TRUE,1430,1440,FALSE
BAUA::BAUA_S013::2025-07-17,BAUA,BAUA::BAUA_S013,2025-07-17,3.4538594280704173,0.5507002454105566,17.559705352187155,3.4134141285476733,51.498204,1.3409768196470289,TRUE,1420,1440,FALSE
BAUA::BAUA_S013::2025-07-18,BAUA,BAUA::BAUA_S013,2025-07-18,7.943875619301826,0.9054653465755617,17.51226164135668,3.3659704177171985,51.498204,1.3409768196470289,TRUE,1440,1440,FALSE
BAUA::BAUA_S013::2025-07-19,BAUA,BAUA::BAUA_S013,2025-07-19,2.982070286779988,0.4888425386045397,17.463635578751564,3.3173443551120823,51.498204,1.3409768196470289,TRUE,1438,1440,FALSE
BAUA::BAUA_S013::2025-07-20,BAUA,BAUA::BAUA_S013,2025-07-20,4.361461644620639,0.6494771636895575,17.413873874545096,3.2675826509056147,51.498204,1.3409768196470289,TRUE,1440,1440,FALSE
BAUA::BAUA_S013::2025-07-21,BAUA,BAUA::BAUA_S013,2025-07-21,3.185187403842749,0.5165601489744428,17.36302268412378,3.216731460484299,51.498204,1.3409768196470289,TRUE,1338,1440,FALSE
BAUA::BAUA_S014::2025-07-16,BAUA,BAUA::BAUA_S014,2025-07-16,9.479333943661455,0.9813353133949748,17.605919546220036,3.4596283225805546,51.498204,1.3409768196470289,TRUE,1440,1440,FALSE
BAUA::BAUA_S014::2025-07-17,BAUA,BAUA::BAUA_S014,2025-07-17,17.096107861704265,1.2354301605433677,17.559705352187155,3.4134141285476733,51.498204,1.3409768196470289,TRUE,1440,1440,FALSE
BAUA::BAUA_S014::2025-07-18,BAUA,BAUA::BAUA_S014,2025-07-18,12.571140929663732,1.1028157212093095,17.51226164135668,3.3659704177171985,51.498204,1.3409768196470289,TRUE,1440,1440,FALSE
BAUA::BAUA_S014::2025-07-19,BAUA,BAUA::BAUA_S014,2025-07-19,1.0883091906716842,0.0749294560758715,17.463635578751564,3.3173443551120823,51.498204,1.3409768196470289,TRUE,1440,1440,FALSE
BAUA::BAUA_S014::2025-07-20,BAUA,BAUA::BAUA_S014,2025-07-20,15.945453383816071,1.205351993124114,17.413873874545096,3.2675826509056147,51.498204,1.3409768196470289,TRUE,1440,1440,FALSE
BAUA::BAUA_S014::2025-07-21,BAUA,BAUA::BAUA_S014,2025-07-21,10.021848610812487,1.0052598374204633,17.36302268412378,3.216731460484299,51.498204,1.3409768196470289,TRUE,1440,1440,FALSE
BAUA::BAUA_S015::2025-07-23,BAUA,BAUA::BAUA_S015,2025-07-23,29.974346930556443,1.478196205337399,17.25823315329022,3.1119419296507385,51.498204,1.3409768196470289,TRUE,1412,1440,FALSE
BAUA::BAUA_S015::2025-07-24,BAUA,BAUA::BAUA_S015,2025-07-24,3.6857212602066145,0.5781486340306716,17.20438357512156,3.0580923514820793,51.498204,1.3409768196470289,TRUE,1377,1440,FALSE
BAUA::BAUA_S015::2025-07-25,BAUA,BAUA::BAUA_S015,2025-07-25,7.32532379171805,0.8707153964256679,17.14962189859814,3.0033306749586597,51.498204,1.3409768196470289,TRUE,1164,1440,FALSE
BAUA::BAUA_S015::2025-07-26,BAUA,BAUA::BAUA_S015,2025-07-26,1.0381670351497398,0.05620600293819342,17.093990320430862,2.9476990967913803,51.498204,1.3409768196470289,TRUE,1440,1440,FALSE
BAUA::BAUA_S015::2025-07-27,BAUA,BAUA::BAUA_S015,2025-07-27,9.419713091686592,0.9786238596686166,17.037530069549877,2.8912388459103955,51.498204,1.3409768196470289,TRUE,1383,1440,FALSE
BAUA::BAUA_S015::2025-07-28,BAUA,BAUA::BAUA_S015,2025-07-28,0.27118579680104804,-0.430408650149682,16.98028136703703,2.833990143397548,51.498204,1.3409768196470289,TRUE,1204,1440,FALSE
BAUA::BAUA_S016::2025-07-23,BAUA,BAUA::BAUA_S016,2025-07-23,1.9726159094227644,0.3165188274805024,17.25823315329022,3.1119419296507385,51.498204,1.3409768196470289,TRUE,1271,1440,FALSE
BAUA::BAUA_S016::2025-07-24,BAUA,BAUA::BAUA_S016,2025-07-24,3.09019284809348,0.503816937079548,17.20438357512156,3.0580923514820793,51.498204,1.3409768196470289,TRUE,1337,1440,FALSE
BAUA::BAUA_S016::2025-07-25,BAUA,BAUA::BAUA_S016,2025-07-25,5.939371414429761,0.7809917390432003,17.14962189859814,3.0033306749586597,51.498204,1.3409768196470289,TRUE,1421,1440,FALSE
BAUA::BAUA_S016::2025-07-26,BAUA,BAUA::BAUA_S016,2025-07-26,1.3649738872424177,0.16582988357914097,17.093990320430862,2.9476990967913803,51.498204,1.3409768196470289,TRUE,1322,1440,FALSE
BAUA::BAUA_S016::2025-07-27,BAUA,BAUA::BAUA_S016,2025-07-27,0.8123976705898625,-0.03981583217581456,17.037530069549877,2.8912388459103955,51.498204,1.3409768196470289,TRUE,1343,1440,FALSE
BAUA::BAUA_S016::2025-07-28,BAUA,BAUA::BAUA_S016,2025-07-28,1.942458664200232,0.3101532759308175,16.98028136703703,2.833990143397548,51.498204,1.3409768196470289,TRUE,1307,1440,FALSE
BAUA::BAUA_S018::2025-09-09,BAUA,BAUA::BAUA_S018,2025-09-09,3.003482221982871,0.49184926191189354,14.173865788976352,0.027574565336870194,51.498204,1.3409768196470289,TRUE,1440,1440,FALSE
BAUA::BAUA_S018::2025-09-10,BAUA,BAUA::BAUA_S018,2025-09-10,3.2550625160925653,0.5257006169464649,14.106545170876714,-0.03974605276276755,51.498204,1.3409768196470289,TRUE,1440,1440,FALSE
BAUA::BAUA_S018::2025-09-11,BAUA,BAUA::BAUA_S018,2025-09-11,3.7624202629409016,0.5868595268090161,14.039288122190369,-0.10700310144911285,51.498204,1.3409768196470289,TRUE,1406,1440,FALSE
BAUA::BAUA_S018::2025-09-12,BAUA,BAUA::BAUA_S018,2025-09-12,1.7866669873487946,0.27569525028687764,13.972100253105163,-0.17419097053431898,51.498204,1.3409768196470289,TRUE,1351,1440,FALSE
BAUA::BAUA_S018::2025-09-13,BAUA,BAUA::BAUA_S018,2025-09-13,0.5683798458971342,-0.1749766541521139,13.904986972941293,-0.24130425069818884,51.498204,1.3409768196470289,TRUE,1389,1440,FALSE
BAUA::BAUA_S018::2025-09-14,BAUA,BAUA::BAUA_S018,2025-09-14,0.5868318927274098,-0.16314954677561835,13.837953510483105,-0.3083377131563765,51.498204,1.3409768196470289,TRUE,1440,1440,FALSE
BAUA::BAUA_S022::2025-09-24,BAUA,BAUA::BAUA_S022,2025-09-24,5.633470082574766,0.7584175506877765,13.17307060652309,-0.9732206171163913,51.498204,1.3409768196470289,TRUE,1430,1440,FALSE
BAUA::BAUA_S022::2025-09-25,BAUA,BAUA::BAUA_S022,2025-09-25,4.860294500243373,0.6955074619808702,13.107228702041837,-1.0390625215976446,51.498204,1.3409768196470289,TRUE,1413,1440,FALSE
BAUA::BAUA_S022::2025-09-26,BAUA,BAUA::BAUA_S022,2025-09-26,8.064897845472748,0.9119507554627639,13.041522514886326,-1.1047687087531557,51.498204,1.3409768196470289,TRUE,1440,1440,FALSE
BAUA::BAUA_S022::2025-09-27,BAUA,BAUA::BAUA_S022,2025-09-27,4.07396253060094,0.6205485461126907,12.975956710047193,-1.1703345135922891,51.498204,1.3409768196470289,TRUE,1440,1440,FALSE
BAUA::BAUA_S022::2025-09-28,BAUA,BAUA::BAUA_S022,2025-09-28,5.677461485537241,0.7617370590106186,12.910536039935218,-1.2357551837042635,51.498204,1.3409768196470289,TRUE,1440,1440,FALSE
BAUA::BAUA_S022::2025-09-29,BAUA,BAUA::BAUA_S022,2025-09-29,2.506377627189131,0.41603733905236884,12.845265362262726,-1.3010258613767558,51.498204,1.3409768196470289,TRUE,1440,1440,FALSE
BAUA::BAUA_S024::2025-10-14,BAUA,BAUA::BAUA_S024,2025-10-14,1.7770493868447168,0.27347569944711775,11.888039366337988,-2.2582518573014934,51.498204,1.3409768196470289,TRUE,1440,1440,FALSE
BAUA::BAUA_S024::2025-10-15,BAUA,BAUA::BAUA_S024,2025-10-15,2.030327973364067,0.3284464701322869,11.825984905560812,-2.3203063180786696,51.498204,1.3409768196470289,TRUE,1440,1440,FALSE
BAUA::BAUA_S024::2025-10-16,BAUA,BAUA::BAUA_S024,2025-10-16,1.4123838435673113,0.17966202925182942,11.764196532567341,-2.3820946910721403,51.498204,1.3409768196470289,TRUE,1277,1440,FALSE
BAUA::BAUA_S024::2025-10-17,BAUA,BAUA::BAUA_S024,2025-10-17,1.2849392514214688,0.14143072404952567,11.702684059407975,-2.4436071642315067,51.498204,1.3409768196470289,TRUE,1426,1440,FALSE
BAUA::BAUA_S024::2025-10-18,BAUA,BAUA::BAUA_S024,2025-10-18,2.4320805871969498,0.4034775236273083,11.641457739075024,-2.5048334845644575,51.498204,1.3409768196470289,TRUE,1426,1440,FALSE
BAUA::BAUA_S024::2025-10-19,BAUA,BAUA::BAUA_S024,2025-10-19,2.9559200073723297,0.4851419818370709,11.580528282059564,-2.5657629415799175,51.498204,1.3409768196470289,TRUE,1413,1440,FALSE
BAUA::BAUA_S025::2025-10-14,BAUA,BAUA::BAUA_S025,2025-10-14,1.9451860592300885,0.3107328237473996,11.888039366337988,-2.2582518573014934,51.498204,1.3409768196470289,TRUE,1440,1440,FALSE
BAUA::BAUA_S025::2025-10-15,BAUA,BAUA::BAUA_S025,2025-10-15,3.1700222846554396,0.5145507123146932,11.825984905560812,-2.3203063180786696,51.498204,1.3409768196470289,TRUE,1411,1440,FALSE
BAUA::BAUA_S025::2025-10-16,BAUA,BAUA::BAUA_S025,2025-10-16,1.3207445554635284,0.15251600042911936,11.764196532567341,-2.3820946910721403,51.498204,1.3409768196470289,TRUE,1406,1440,FALSE
BAUA::BAUA_S025::2025-10-17,BAUA,BAUA::BAUA_S025,2025-10-17,4.2979943628994315,0.6432546683710108,11.702684059407975,-2.4436071642315067,51.498204,1.3409768196470289,TRUE,1440,1440,FALSE
BAUA::BAUA_S025::2025-10-18,BAUA,BAUA::BAUA_S025,2025-10-18,1.7625209842058516,0.27010117445306625,11.641457739075024,-2.5048334845644575,51.498204,1.3409768196470289,TRUE,1440,1440,FALSE
BAUA::BAUA_S025::2025-10-19,BAUA,BAUA::BAUA_S025,2025-10-19,1.5583251867072843,0.21966969686855645,11.580528282059564,-2.5657629415799175,51.498204,1.3409768196470289,TRUE,1440,1440,FALSE
FUSPCEU::FUSPCEU_S003::2024-10-08,FUSPCEU,FUSPCEU::FUSPCEU_S003,2024-10-08,3.852972703315281,0.5969238153952149,12.348446626994345,-1.7978445966451364,40.4165,0.2328064196470283,TRUE,1221,1440,FALSE
FUSPCEU::FUSPCEU_S003::2024-10-09,FUSPCEU,FUSPCEU::FUSPCEU_S003,2024-10-09,8.309293459724943,0.9247595083504917,12.305623547832171,-1.8406676758073104,40.4165,0.2328064196470283,TRUE,1395,1440,FALSE
FUSPCEU::FUSPCEU_S003::2024-10-10,FUSPCEU,FUSPCEU::FUSPCEU_S003,2024-10-10,7.079076831776393,0.8560686012559259,12.26295735961861,-1.8833338640208712,40.4165,0.2328064196470283,TRUE,1440,1440,FALSE
FUSPCEU::FUSPCEU_S003::2024-10-11,FUSPCEU,FUSPCEU::FUSPCEU_S003,2024-10-11,4.591610336725725,0.6713219344670864,12.220454689529207,-1.9258365341102746,40.4165,0.2328064196470283,TRUE,1440,1440,FALSE
FUSPCEU::FUSPCEU_S003::2024-10-12,FUSPCEU,FUSPCEU::FUSPCEU_S003,2024-10-12,3.4906546570125245,0.5551736374385128,12.178122354679637,-1.9681688689598449,40.4165,0.2328064196470283,TRUE,1440,1440,FALSE
FUSPCEU::FUSPCEU_S003::2024-10-13,FUSPCEU,FUSPCEU::FUSPCEU_S003,2024-10-13,3.9078432863538253,0.602910731521269,12.13596737186114,-2.0103238517783417,40.4165,0.2328064196470283,TRUE,1440,1440,FALSE
FUSPCEU::FUSPCEU_S004::2024-10-08,FUSPCEU,FUSPCEU::FUSPCEU_S004,2024-10-08,3.202900403098383,0.5188954780096295,12.348446626994345,-1.7978445966451364,40.4165,0.2328064196470283,TRUE,1440,1440,FALSE
FUSPCEU::FUSPCEU_S004::2024-10-09,FUSPCEU,FUSPCEU::FUSPCEU_S004,2024-10-09,2.482261122894006,0.41200015679095614,12.305623547832171,-1.8406676758073104,40.4165,0.2328064196470283,TRUE,1440,1440,FALSE
FUSPCEU::FUSPCEU_S004::2024-10-11,FUSPCEU,FUSPCEU::FUSPCEU_S004,2024-10-11,5.398283502515263,0.7402271291785447,12.220454689529207,-1.9258365341102746,40.4165,0.2328064196470283,TRUE,1440,1440,FALSE
FUSPCEU::FUSPCEU_S004::2024-10-12,FUSPCEU,FUSPCEU::FUSPCEU_S004,2024-10-12,0.628758762371998,-0.13741621037779503,12.178122354679637,-1.9681688689598449,40.4165,0.2328064196470283,TRUE,1278,1440,FALSE
FUSPCEU::FUSPCEU_S004::2024-10-13,FUSPCEU,FUSPCEU::FUSPCEU_S004,2024-10-13,3.1431907932152985,0.5109724984735428,12.13596737186114,-2.0103238517783417,40.4165,0.2328064196470283,TRUE,1440,1440,FALSE
FUSPCEU::FUSPCEU_S005::2024-10-15,FUSPCEU,FUSPCEU::FUSPCEU_S005,2024-10-15,4.372679085968121,0.6505677387286548,12.052218589584033,-2.0940726340554487,40.4165,0.2328064196470283,TRUE,1440,1440,FALSE
FUSPCEU::FUSPCEU_S005::2024-10-16,FUSPCEU,FUSPCEU::FUSPCEU_S005,2024-10-16,0.2595932689287962,-0.4441884462336938,12.010639912883441,-2.1356513107560406,40.4165,0.2328064196470283,TRUE,1289,1440,FALSE
FUSPCEU::FUSPCEU_S005::2024-10-17,FUSPCEU,FUSPCEU::FUSPCEU_S005,2024-10-17,0.9447858251210409,0.019027271785637005,11.969268852670988,-2.177022370968494,40.4165,0.2328064196470283,TRUE,1309,1440,FALSE
FUSPCEU::FUSPCEU_S005::2024-10-18,FUSPCEU,FUSPCEU::FUSPCEU_S005,2024-10-18,6.891943702475934,0.8445979228010494,11.928113571604094,-2.218177652035388,40.4165,0.2328064196470283,TRUE,1439,1440,FALSE
FUSPCEU::FUSPCEU_S005::2024-10-19,FUSPCEU,FUSPCEU::FUSPCEU_S005,2024-10-19,2.817738061543551,0.46504630074030334,11.88718248864015,-2.259108734999332,40.4165,0.2328064196470283,TRUE,1337,1440,FALSE
FUSPCEU::FUSPCEU_S005::2024-10-20,FUSPCEU,FUSPCEU::FUSPCEU_S005,2024-10-20,0.012866857599143314,-0.9474335662670276,11.846484287579854,-2.2998069360596283,40.4165,0.2328064196470283,TRUE,1437,1440,FALSE
FUSPCEU::FUSPCEU_S006::2024-10-15,FUSPCEU,FUSPCEU::FUSPCEU_S006,2024-10-15,5.0889196532843295,0.7150769460070473,12.052218589584033,-2.0940726340554487,40.4165,0.2328064196470283,TRUE,1368,1440,FALSE
FUSPCEU::FUSPCEU_S006::2024-10-16,FUSPCEU,FUSPCEU::FUSPCEU_S006,2024-10-16,4.6635788309905255,0.6779333566179343,12.010639912883441,-2.1356513107560406,40.4165,0.2328064196470283,TRUE,1398,1440,FALSE
FUSPCEU::FUSPCEU_S006::2024-10-17,FUSPCEU,FUSPCEU::FUSPCEU_S006,2024-10-17,4.9144256477117585,0.7002211961173099,11.969268852670988,-2.177022370968494,40.4165,0.2328064196470283,TRUE,1419,1440,FALSE
FUSPCEU::FUSPCEU_S006::2024-10-18,FUSPCEU,FUSPCEU::FUSPCEU_S006,2024-10-18,7.45273198919942,0.8781040739098084,11.928113571604094,-2.218177652035388,40.4165,0.2328064196470283,TRUE,1369,1440,FALSE
FUSPCEU::FUSPCEU_S006::2024-10-19,FUSPCEU,FUSPCEU::FUSPCEU_S006,2024-10-19,6.660673206650568,0.8299899437783812,11.88718248864015,-2.259108734999332,40.4165,0.2328064196470283,TRUE,1384,1440,FALSE
FUSPCEU::FUSPCEU_S007::2024-10-22,FUSPCEU,FUSPCEU::FUSPCEU_S007,2024-10-22,4.136705549794776,0.6270282816684495,11.765822637412283,-2.380468586227199,40.4165,0.2328064196470283,TRUE,1385,1440,FALSE
FUSPCEU::FUSPCEU_S007::2024-10-23,FUSPCEU,FUSPCEU::FUSPCEU_S007,2024-10-23,2.631925625618065,0.4364688718677158,11.725877948668268,-2.4204132749712137,40.4165,0.2328064196470283,TRUE,1425,1440,FALSE
FUSPCEU::FUSPCEU_S007::2024-10-24,FUSPCEU,FUSPCEU::FUSPCEU_S007,2024-10-24,5.17519060834109,0.7222381566057825,11.68620367626349,-2.4600875473759913,40.4165,0.2328064196470283,TRUE,1338,1440,FALSE
FUSPCEU::FUSPCEU_S007::2024-10-25,FUSPCEU,FUSPCEU::FUSPCEU_S007,2024-10-25,3.9272711937457268,0.6050108756917779,11.646809936960539,-2.499481286678943,40.4165,0.2328064196470283,TRUE,1406,1440,FALSE
FUSPCEU::FUSPCEU_S007::2024-10-26,FUSPCEU,FUSPCEU::FUSPCEU_S007,2024-10-26,4.3739906582481245,0.6506950729489152,11.607707152366638,-2.538584071272844,40.4165,0.2328064196470283,TRUE,1440,1440,FALSE
FUSPCEU::FUSPCEU_S007::2024-10-27,FUSPCEU,FUSPCEU::FUSPCEU_S007,2024-10-27,3.501526079528246,0.5564865639563015,11.568906053569581,-2.577385170069901,40.4165,0.2328064196470283,TRUE,1365,1500,FALSE
FUSPCEU::FUSPCEU_S008::2024-10-22,FUSPCEU,FUSPCEU::FUSPCEU_S008,2024-10-22,8.983279549307403,0.9582426803508156,11.765822637412283,-2.380468586227199,40.4165,0.2328064196470283,TRUE,1440,1440,FALSE
FUSPCEU::FUSPCEU_S008::2024-10-23,FUSPCEU,FUSPCEU::FUSPCEU_S008,2024-10-23,4.791545472269411,0.6894460951229882,11.725877948668268,-2.4204132749712137,40.4165,0.2328064196470283,TRUE,1440,1440,FALSE
FUSPCEU::FUSPCEU_S008::2024-10-24,FUSPCEU,FUSPCEU::FUSPCEU_S008,2024-10-24,9.825974415896198,0.9967731514728878,11.68620367626349,-2.4600875473759913,40.4165,0.2328064196470283,TRUE,1440,1440,FALSE
FUSPCEU::FUSPCEU_S008::2024-10-25,FUSPCEU,FUSPCEU::FUSPCEU_S008,2024-10-25,0.497263837362261,-0.22383377976065497,11.646809936960539,-2.499481286678943,40.4165,0.2328064196470283,TRUE,1440,1440,FALSE
FUSPCEU::FUSPCEU_S008::2024-10-26,FUSPCEU,FUSPCEU::FUSPCEU_S008,2024-10-26,0.8850783203152268,-0.006529238813540936,11.607707152366638,-2.538584071272844,40.4165,0.2328064196470283,TRUE,1440,1440,FALSE
FUSPCEU::FUSPCEU_S008::2024-10-27,FUSPCEU,FUSPCEU::FUSPCEU_S008,2024-10-27,0.7541702858815118,-0.06845554049775679,11.568906053569581,-2.577385170069901,40.4165,0.2328064196470283,TRUE,1500,1500,FALSE
FUSPCEU::FUSPCEU_S009::2024-11-04,FUSPCEU,FUSPCEU::FUSPCEU_S009,2024-11-04,0.6273053341552802,-0.1382832272426608,11.270750055644248,-2.875541167995234,40.4165,0.2328064196470283,TRUE,1440,1440,FALSE
FUSPCEU::FUSPCEU_S009::2024-11-05,FUSPCEU,FUSPCEU::FUSPCEU_S009,2024-11-05,5.731655734035345,0.7657918779262008,11.235199311110708,-2.9110919125287733,40.4165,0.2328064196470283,TRUE,1440,1440,FALSE
FUSPCEU::FUSPCEU_S009::2024-11-06,FUSPCEU,FUSPCEU::FUSPCEU_S009,2024-11-06,5.911924803462966,0.7790135398381358,11.200074996153514,-2.9462162274859676,40.4165,0.2328064196470283,TRUE,1440,1440,FALSE
FUSPCEU::FUSPCEU_S009::2024-11-07,FUSPCEU,FUSPCEU::FUSPCEU_S009,2024-11-07,7.537135544383545,0.8829304985580056,11.165391299592125,-2.980899924047357,40.4165,0.2328064196470283,TRUE,1440,1440,FALSE
FUSPCEU::FUSPCEU_S009::2024-11-08,FUSPCEU,FUSPCEU::FUSPCEU_S009,2024-11-08,3.296911903853904,0.5310842839420801,11.131162701845168,-3.0151285217943133,40.4165,0.2328064196470283,TRUE,1440,1440,FALSE
FUSPCEU::FUSPCEU_S009::2024-11-09,FUSPCEU,FUSPCEU::FUSPCEU_S009,2024-11-09,2.1878813477330388,0.3594334976730024,11.097403965526157,-3.048887258113325,40.4165,0.2328064196470283,TRUE,1440,1440,FALSE
FUSPCEU::FUSPCEU_S009::2024-11-10,FUSPCEU,FUSPCEU::FUSPCEU_S009,2024-11-10,2.1979915999279735,0.3613484368363411,11.06413012444973,-3.0821610991897526,40.4165,0.2328064196470283,TRUE,1440,1440,FALSE
FUSPCEU::FUSPCEU_S010::2024-11-04,FUSPCEU,FUSPCEU::FUSPCEU_S010,2024-11-04,0.6334755186823298,-0.13461437708805574,11.270750055644248,-2.875541167995234,40.4165,0.2328064196470283,TRUE,1440,1440,FALSE
FUSPCEU::FUSPCEU_S010::2024-11-05,FUSPCEU,FUSPCEU::FUSPCEU_S010,2024-11-05,12.612600640452104,1.1042344040759335,11.235199311110708,-2.9110919125287733,40.4165,0.2328064196470283,TRUE,1413,1440,FALSE
FUSPCEU::FUSPCEU_S010::2024-11-06,FUSPCEU,FUSPCEU::FUSPCEU_S010,2024-11-06,11.461369923000161,1.0630092972981762,11.200074996153514,-2.9462162274859676,40.4165,0.2328064196470283,TRUE,1440,1440,FALSE
FUSPCEU::FUSPCEU_S010::2024-11-07,FUSPCEU,FUSPCEU::FUSPCEU_S010,2024-11-07,9.555507473605212,0.9847751043396137,11.165391299592125,-2.980899924047357,40.4165,0.2328064196470283,TRUE,1440,1440,FALSE
FUSPCEU::FUSPCEU_S011::2024-11-12,FUSPCEU,FUSPCEU::FUSPCEU_S011,2024-11-12,11.8220520438745,1.0763510133429957,10.999098544253243,-3.1471926793862384,40.4165,0.2328064196470283,TRUE,1440,1440,FALSE
FUSPCEU::FUSPCEU_S011::2024-11-13,FUSPCEU,FUSPCEU::FUSPCEU_S011,2024-11-13,5.228237689771443,0.7265835902338756,10.967372110684712,-3.1789191129547696,40.4165,0.2328064196470283,TRUE,1440,1440,FALSE
FUSPCEU::FUSPCEU_S011::2024-11-14,FUSPCEU,FUSPCEU::FUSPCEU_S011,2024-11-14,2.47775649125165,0.4112418891614431,10.936193150546815,-3.2100980730926665,40.4165,0.2328064196470283,TRUE,1440,1440,FALSE
FUSPCEU::FUSPCEU_S011::2024-11-16,FUSPCEU,FUSPCEU::FUSPCEU_S011,2024-11-16,19.654194207246576,1.2956593190853618,10.875542518695196,-3.2707487049442854,40.4165,0.2328064196470283,TRUE,1286,1440,FALSE
FUSPCEU::FUSPCEU_S011::2024-11-17,FUSPCEU,FUSPCEU::FUSPCEU_S011,2024-11-17,4.73525981836415,0.6844198154717975,10.84610369225343,-3.300187531386051,40.4165,0.2328064196470283,TRUE,1440,1440,FALSE
FUSPCEU::FUSPCEU_S012::2024-12-03,FUSPCEU,FUSPCEU::FUSPCEU_S012,2024-12-03,4.599918382240384,0.67209031613776,10.469824230074883,-3.676466993564599,40.4165,0.2328064196470283,TRUE,1440,1440,FALSE
FUSPCEU::FUSPCEU_S012::2024-12-04,FUSPCEU,FUSPCEU::FUSPCEU_S012,2024-12-04,5.012978319191704,0.7086739511706266,10.453057371642855,-3.6932338519966272,40.4165,0.2328064196470283,TRUE,1440,1440,FALSE
FUSPCEU::FUSPCEU_S012::2024-12-05,FUSPCEU,FUSPCEU::FUSPCEU_S012,2024-12-05,9.761131781136182,0.9939267626181255,10.437175499664413,-3.709115723975069,40.4165,0.2328064196470283,TRUE,1440,1440,FALSE
FUSPCEU::FUSPCEU_S012::2024-12-06,FUSPCEU,FUSPCEU::FUSPCEU_S012,2024-12-06,1.8975921966927873,0.30050683283754337,10.42219187537829,-3.7240993482611913,40.4165,0.2328064196470283,TRUE,1440,1440,FALSE
FUSPCEU::FUSPCEU_S012::2024-12-07,FUSPCEU,FUSPCEU::FUSPCEU_S012,2024-12-07,0.867272316353758,-0.014451241697190639,10.408119205898709,-3.738172017740773,40.4165,0.2328064196470283,TRUE,1440,1440,FALSE
FUSPCEU::FUSPCEU_S012::2024-12-08,FUSPCEU,FUSPCEU::FUSPCEU_S012,2024-12-08,0.37882010192656357,-0.31982762524030534,10.394969606002173,-3.751321617637309,40.4165,0.2328064196470283,TRUE,1440,1440,FALSE
FUSPCEU::FUSPCEU_S013::2024-11-19,FUSPCEU,FUSPCEU::FUSPCEU_S013,2024-11-19,9.464101923253976,0.9806441956820179,10.789082120656968,-3.357209102982514,40.4165,0.2328064196470283,TRUE,1440,1440,FALSE
FUSPCEU::FUSPCEU_S013::2024-11-20,FUSPCEU,FUSPCEU::FUSPCEU_S013,2024-11-20,9.62524067663054,0.9879003578886645,10.761532905565367,-3.3847583180741143,40.4165,0.2328064196470283,TRUE,1440,1440,FALSE
FUSPCEU::FUSPCEU_S013::2024-11-21,FUSPCEU,FUSPCEU::FUSPCEU_S013,2024-11-21,4.667677623914025,0.6783068820324047,10.73464718706078,-3.4116440365787017,40.4165,0.2328064196470283,TRUE,1440,1440,FALSE
FUSPCEU::FUSPCEU_S013::2024-11-22,FUSPCEU,FUSPCEU::FUSPCEU_S013,2024-11-22,7.4677435262874505,0.8789664052376139,10.708441830012534,-3.437849393626948,40.4165,0.2328064196470283,TRUE,1440,1440,FALSE
FUSPCEU::FUSPCEU_S013::2024-11-23,FUSPCEU,FUSPCEU::FUSPCEU_S013,2024-11-23,4.343203645284607,0.6476962187093738,10.682933683130477,-3.463357540509005,40.4165,0.2328064196470283,TRUE,1440,1440,FALSE
FUSPCEU::FUSPCEU_S013::2024-11-24,FUSPCEU,FUSPCEU::FUSPCEU_S013,2024-11-24,1.4697899366661455,0.19584154065735257,10.65813954671224,-3.4881516769272416,40.4165,0.2328064196470283,TRUE,1440,1440,FALSE
FUSPCEU::FUSPCEU_S014::2024-11-20,FUSPCEU,FUSPCEU::FUSPCEU_S014,2024-11-20,0.928401788514735,0.012162823261959487,10.761532905565367,-3.3847583180741143,40.4165,0.2328064196470283,TRUE,1440,1440,FALSE
FUSPCEU::FUSPCEU_S014::2024-11-21,FUSPCEU,FUSPCEU::FUSPCEU_S014,2024-11-21,4.993274390699616,0.7069970736151606,10.73464718706078,-3.4116440365787017,40.4165,0.2328064196470283,TRUE,1408,1440,FALSE
FUSPCEU::FUSPCEU_S014::2024-11-22,FUSPCEU,FUSPCEU::FUSPCEU_S014,2024-11-22,7.2089074597997005,0.8638524631902023,10.708441830012534,-3.437849393626948,40.4165,0.2328064196470283,TRUE,1440,1440,FALSE
FUSPCEU::FUSPCEU_S014::2024-11-23,FUSPCEU,FUSPCEU::FUSPCEU_S014,2024-11-23,2.8993476370353024,0.47702680523814417,10.682933683130477,-3.463357540509005,40.4165,0.2328064196470283,TRUE,1319,1440,FALSE
FUSPCEU::FUSPCEU_S014::2024-11-24,FUSPCEU,FUSPCEU::FUSPCEU_S014,2024-11-24,4.41678690248169,0.6548296014625643,10.65813954671224,-3.4881516769272416,40.4165,0.2328064196470283,TRUE,1241,1440,FALSE
FUSPCEU::FUSPCEU_S015::2024-11-26,FUSPCEU,FUSPCEU::FUSPCEU_S015,2024-11-26,5.866052196888417,0.7756870486776442,10.61076005200545,-3.535531171634032,40.4165,0.2328064196470283,TRUE,1440,1440,FALSE
FUSPCEU::FUSPCEU_S015::2024-11-27,FUSPCEU,FUSPCEU::FUSPCEU_S015,2024-11-27,8.000647960708635,0.9085197589410328,10.588207732571496,-3.558083491067986,40.4165,0.2328064196470283,TRUE,1440,1440,FALSE
FUSPCEU::FUSPCEU_S015::2024-11-28,FUSPCEU,FUSPCEU::FUSPCEU_S015,2024-11-28,6.363188228952175,0.8104468041672784,10.566435426274936,-3.579855797364546,40.4165,0.2328064196470283,TRUE,1440,1440,FALSE
FUSPCEU::FUSPCEU_S015::2024-11-29,FUSPCEU,FUSPCEU::FUSPCEU_S015,2024-11-29,4.724737130069651,0.6834736563181186,10.545459147691727,-3.6008320759477552,40.4165,0.2328064196470283,TRUE,1440,1440,FALSE
FUSPCEU::FUSPCEU_S015::2024-11-30,FUSPCEU,FUSPCEU::FUSPCEU_S015,2024-11-30,2.816873602658195,0.4649176101784986,10.525294639203283,-3.620996584436199,40.4165,0.2328064196470283,TRUE,1282,1440,FALSE
FUSPCEU::FUSPCEU_S015::2024-12-01,FUSPCEU,FUSPCEU::FUSPCEU_S015,2024-12-01,2.783480414294386,0.45991700586213713,10.505957330796454,-3.640333892843028,40.4165,0.2328064196470283,TRUE,1440,1440,FALSE
FUSPCEU::FUSPCEU_S016::2024-11-26,FUSPCEU,FUSPCEU::FUSPCEU_S016,2024-11-26,2.1744061113308475,0.356868013633537,10.61076005200545,-3.535531171634032,40.4165,0.2328064196470283,TRUE,1392,1440,FALSE
FUSPCEU::FUSPCEU_S016::2024-11-27,FUSPCEU,FUSPCEU::FUSPCEU_S016,2024-11-27,2.742962103974498,0.45377107068430356,10.588207732571496,-3.558083491067986,40.4165,0.2328064196470283,TRUE,1369,1440,FALSE
FUSPCEU::FUSPCEU_S016::2024-11-29,FUSPCEU,FUSPCEU::FUSPCEU_S016,2024-11-29,1.0442504380407418,0.05852108735552297,10.545459147691727,-3.6008320759477552,40.4165,0.2328064196470283,TRUE,1238,1440,FALSE
FUSPCEU::FUSPCEU_S016::2024-11-30,FUSPCEU,FUSPCEU::FUSPCEU_S016,2024-11-30,0.6461448997558793,-0.12717682527041854,10.525294639203283,-3.620996584436199,40.4165,0.2328064196470283,TRUE,1440,1440,FALSE
FUSPCEU::FUSPCEU_S016::2024-12-01,FUSPCEU,FUSPCEU::FUSPCEU_S016,2024-12-01,0.4742579576488415,-0.24089297795438072,10.505957330796454,-3.640333892843028,40.4165,0.2328064196470283,TRUE,1338,1440,FALSE
FUSPCEU::FUSPCEU_S017::2024-12-03,FUSPCEU,FUSPCEU::FUSPCEU_S017,2024-12-03,1.5340565448772892,0.2132670807785842,10.469824230074883,-3.676466993564599,40.4165,0.2328064196470283,TRUE,1440,1440,FALSE
FUSPCEU::FUSPCEU_S017::2024-12-04,FUSPCEU,FUSPCEU::FUSPCEU_S017,2024-12-04,2.114723754976695,0.3453195638904354,10.453057371642855,-3.6932338519966272,40.4165,0.2328064196470283,TRUE,1440,1440,FALSE
FUSPCEU::FUSPCEU_S017::2024-12-05,FUSPCEU,FUSPCEU::FUSPCEU_S017,2024-12-05,2.58066733782968,0.42824292278225473,10.437175499664413,-3.709115723975069,40.4165,0.2328064196470283,TRUE,1440,1440,FALSE
FUSPCEU::FUSPCEU_S017::2024-12-06,FUSPCEU,FUSPCEU::FUSPCEU_S017,2024-12-06,0.026280767034443098,-0.8986627888497095,10.42219187537829,-3.7240993482611913,40.4165,0.2328064196470283,TRUE,1440,1440,FALSE
FUSPCEU::FUSPCEU_S017::2024-12-07,FUSPCEU,FUSPCEU::FUSPCEU_S017,2024-12-07,0.21052748820254555,-0.5078999496056403,10.408119205898709,-3.738172017740773,40.4165,0.2328064196470283,TRUE,1239,1440,FALSE
FUSPCEU::FUSPCEU_S017::2024-12-08,FUSPCEU,FUSPCEU::FUSPCEU_S017,2024-12-08,0.3638230983012617,-0.33364762737765064,10.394969606002173,-3.751321617637309,40.4165,0.2328064196470283,TRUE,1299,1440,FALSE
FUSPCEU::FUSPCEU_S018::2024-12-10,FUSPCEU,FUSPCEU::FUSPCEU_S018,2024-12-10,1.3831068440617977,0.17117243903580892,10.371484889454312,-3.77480633418517,40.4165,0.2328064196470283,TRUE,1440,1440,FALSE
FUSPCEU::FUSPCEU_S018::2024-12-11,FUSPCEU,FUSPCEU::FUSPCEU_S018,2024-12-11,0.29440316645065256,-0.4040596070002855,10.361170710656378,-3.785120512983104,40.4165,0.2328064196470283,TRUE,1440,1440,FALSE
FUSPCEU::FUSPCEU_S018::2024-12-12,FUSPCEU,FUSPCEU::FUSPCEU_S018,2024-12-12,0.34762979516441017,-0.3490810136431765,10.351821409728792,-3.7944698139106894,40.4165,0.2328064196470283,TRUE,1440,1440,FALSE
FUSPCEU::FUSPCEU_S018::2024-12-13,FUSPCEU,FUSPCEU::FUSPCEU_S018,2024-12-13,0.6568044274846081,-0.12101633587356085,10.343445607622465,-3.8028456160170165,40.4165,0.2328064196470283,TRUE,1440,1440,FALSE
FUSPCEU::FUSPCEU_S018::2024-12-14,FUSPCEU,FUSPCEU::FUSPCEU_S018,2024-12-14,0.38805374662607695,-0.3115323489443701,10.336051132281622,-3.8102400913578602,40.4165,0.2328064196470283,TRUE,1301,1440,FALSE
FUSPCEU::FUSPCEU_S018::2024-12-15,FUSPCEU,FUSPCEU::FUSPCEU_S018,2024-12-15,0.5755700211520823,-0.17032963076636015,10.329644992086623,-3.816646231552859,40.4165,0.2328064196470283,TRUE,1440,1440,FALSE
FUSPCEU::FUSPCEU_S019::2024-12-10,FUSPCEU,FUSPCEU::FUSPCEU_S019,2024-12-10,1.6401746464785782,0.2405928369008151,10.371484889454312,-3.77480633418517,40.4165,0.2328064196470283,TRUE,1440,1440,FALSE
FUSPCEU::FUSPCEU_S019::2024-12-11,FUSPCEU,FUSPCEU::FUSPCEU_S019,2024-12-11,2.7760612486789635,0.45879813055648444,10.361170710656378,-3.785120512983104,40.4165,0.2328064196470283,TRUE,1440,1440,FALSE
FUSPCEU::FUSPCEU_S019::2024-12-12,FUSPCEU,FUSPCEU::FUSPCEU_S019,2024-12-12,0.6952855695017379,-0.09947689777184404,10.351821409728792,-3.7944698139106894,40.4165,0.2328064196470283,TRUE,1440,1440,FALSE
FUSPCEU::FUSPCEU_S019::2024-12-13,FUSPCEU,FUSPCEU::FUSPCEU_S019,2024-12-13,2.3383347043075013,0.3870933199274561,10.343445607622465,-3.8028456160170165,40.4165,0.2328064196470283,TRUE,1440,1440,FALSE
FUSPCEU::FUSPCEU_S019::2024-12-14,FUSPCEU,FUSPCEU::FUSPCEU_S019,2024-12-14,0.6686182771734069,-0.11428929254773221,10.336051132281622,-3.8102400913578602,40.4165,0.2328064196470283,TRUE,1440,1440,FALSE
FUSPCEU::FUSPCEU_S019::2024-12-15,FUSPCEU,FUSPCEU::FUSPCEU_S019,2024-12-15,1.334827656252994,0.15679973909558587,10.329644992086623,-3.816646231552859,40.4165,0.2328064196470283,TRUE,1440,1440,FALSE
FUSPCEU::FUSPCEU_S020::2025-01-21,FUSPCEU,FUSPCEU::FUSPCEU_S020,2025-01-21,2.5363678846085773,0.4210060125637083,10.77204123781787,-3.3742499858216117,40.4165,0.2328064196470283,TRUE,1440,1440,FALSE
FUSPCEU::FUSPCEU_S020::2025-01-22,FUSPCEU,FUSPCEU::FUSPCEU_S020,2025-01-22,3.1545374096937424,0.5124892679596921,10.800073096619712,-3.3462181270197693,40.4165,0.2328064196470283,TRUE,1440,1440,FALSE
FUSPCEU::FUSPCEU_S020::2025-01-23,FUSPCEU,FUSPCEU::FUSPCEU_S020,2025-01-23,3.3762509981242737,0.5411111265697498,10.828762292199665,-3.317528931439817,40.4165,0.2328064196470283,TRUE,1440,1440,FALSE
FUSPCEU::FUSPCEU_S020::2025-01-24,FUSPCEU,FUSPCEU::FUSPCEU_S020,2025-01-24,0.9456921626123994,0.019403853025153968,10.858091982603073,-3.288199241036409,40.4165,0.2328064196470283,TRUE,1440,1440,FALSE
FUSPCEU::FUSPCEU_S020::2025-01-25,FUSPCEU,FUSPCEU::FUSPCEU_S020,2025-01-25,0.77199668758029,-0.05948516480176087,10.888045382764604,-3.258245840874878,40.4165,0.2328064196470283,TRUE,1440,1440,FALSE
FUSPCEU::FUSPCEU_S020::2025-01-26,FUSPCEU,FUSPCEU::FUSPCEU_S020,2025-01-26,0.3795460382669287,-0.3191696925485953,10.91860579205884,-3.2276854315806425,40.4165,0.2328064196470283,TRUE,1440,1440,FALSE
FUSPCEU::FUSPCEU_S022::2025-01-28,FUSPCEU,FUSPCEU::FUSPCEU_S022,2025-01-28,2.4983994439562784,0.41470591462437184,10.981481417152617,-3.164809806486865,40.4165,0.2328064196470283,TRUE,1440,1440,FALSE
FUSPCEU::FUSPCEU_S022::2025-01-29,FUSPCEU,FUSPCEU::FUSPCEU_S022,2025-01-29,5.216490308029638,0.7256250264942462,11.013763885233137,-3.1325273384063443,40.4165,0.2328064196470283,TRUE,1440,1440,FALSE
FUSPCEU::FUSPCEU_S022::2025-01-30,FUSPCEU,FUSPCEU::FUSPCEU_S022,2025-01-30,0.7559805769970546,-0.06753608976058387,11.046587911711798,-3.0997033119276836,40.4165,0.2328064196470283,TRUE,1440,1440,FALSE
FUSPCEU::FUSPCEU_S022::2025-01-31,FUSPCEU,FUSPCEU::FUSPCEU_S022,2025-01-31,5.0908039424968425,0.7152346258159059,11.079937583009402,-3.06635364063008,40.4165,0.2328064196470283,TRUE,1440,1440,FALSE
FUSPCEU::FUSPCEU_S022::2025-02-01,FUSPCEU,FUSPCEU::FUSPCEU_S022,2025-02-01,1.551058086485018,0.21776235260631724,11.113797203765975,-3.032494019873507,40.4165,0.2328064196470283,TRUE,1440,1440,FALSE
FUSPCEU::FUSPCEU_S022::2025-02-02,FUSPCEU,FUSPCEU::FUSPCEU_S022,2025-02-02,1.1217362535784408,0.08697746124339358,11.148151313198937,-2.9981399104405444,40.4165,0.2328064196470283,TRUE,1440,1440,FALSE
FUSPCEU::FUSPCEU_S023::2025-01-28,FUSPCEU,FUSPCEU::FUSPCEU_S023,2025-01-28,1.311548698656187,0.1496958659705913,10.981481417152617,-3.164809806486865,40.4165,0.2328064196470283,TRUE,1440,1440,FALSE
FUSPCEU::FUSPCEU_S023::2025-01-29,FUSPCEU,FUSPCEU::FUSPCEU_S023,2025-01-29,1.7004095923777753,0.25537131814426756,11.013763885233137,-3.1325273384063443,40.4165,0.2328064196470283,TRUE,1440,1440,FALSE
FUSPCEU::FUSPCEU_S023::2025-01-30,FUSPCEU,FUSPCEU::FUSPCEU_S023,2025-01-30,2.073601922990167,0.33718000963124073,11.046587911711798,-3.0997033119276836,40.4165,0.2328064196470283,TRUE,1440,1440,FALSE
FUSPCEU::FUSPCEU_S023::2025-01-31,FUSPCEU,FUSPCEU::FUSPCEU_S023,2025-01-31,2.2947108102166136,0.37925307469826575,11.079937583009402,-3.06635364063008,40.4165,0.2328064196470283,TRUE,1440,1440,FALSE
FUSPCEU::FUSPCEU_S023::2025-02-01,FUSPCEU,FUSPCEU::FUSPCEU_S023,2025-02-01,0.7673036002015874,-0.06182885083735415,11.113797203765975,-3.032494019873507,40.4165,0.2328064196470283,TRUE,1440,1440,FALSE
FUSPCEU::FUSPCEU_S023::2025-02-02,FUSPCEU,FUSPCEU::FUSPCEU_S023,2025-02-02,0.643885508641669,-0.12849390153931112,11.148151313198937,-2.9981399104405444,40.4165,0.2328064196470283,TRUE,1440,1440,FALSE
FUSPCEU::FUSPCEU_S024::2025-02-04,FUSPCEU,FUSPCEU::FUSPCEU_S024,2025-02-04,2.108283374200248,0.34405480273239114,11.218282416065534,-2.9280088075739474,40.4165,0.2328064196470283,TRUE,1430,1440,FALSE
FUSPCEU::FUSPCEU_S024::2025-02-05,FUSPCEU,FUSPCEU::FUSPCEU_S024,2025-02-05,4.665695837629925,0.6781263207938535,11.254029786454307,-2.8922614371851747,40.4165,0.2328064196470283,TRUE,1315,1440,FALSE
FUSPCEU::FUSPCEU_S024::2025-02-06,FUSPCEU,FUSPCEU::FUSPCEU_S024,2025-02-06,3.1937329342833007,0.5176883823658688,11.290212421417236,-2.856078802222246,40.4165,0.2328064196470283,TRUE,1350,1440,FALSE
FUSPCEU::FUSPCEU_S024::2025-02-08,FUSPCEU,FUSPCEU::FUSPCEU_S024,2025-02-08,0.7344277228869153,-0.078611275414697,11.36382739689615,-2.7824638267433315,40.4165,0.2328064196470283,TRUE,1440,1440,FALSE
FUSPCEU::FUSPCEU_S024::2025-02-09,FUSPCEU,FUSPCEU::FUSPCEU_S024,2025-02-09,0.5171426412202356,-0.2096144451479874,11.401232449942166,-2.745058773697316,40.4165,0.2328064196470283,TRUE,1440,1440,FALSE
FUSPCEU::FUSPCEU_S025::2025-02-04,FUSPCEU,FUSPCEU::FUSPCEU_S025,2025-02-04,6.932196608742189,0.8470910044004976,11.218282416065534,-2.9280088075739474,40.4165,0.2328064196470283,TRUE,1287,1440,FALSE
FUSPCEU::FUSPCEU_S025::2025-02-05,FUSPCEU,FUSPCEU::FUSPCEU_S025,2025-02-05,6.0010587808241205,0.7854052092350658,11.254029786454307,-2.8922614371851747,40.4165,0.2328064196470283,TRUE,1302,1440,FALSE
FUSPCEU::FUSPCEU_S025::2025-02-06,FUSPCEU,FUSPCEU::FUSPCEU_S025,2025-02-06,7.338431296907141,0.8714813561198085,11.290212421417236,-2.856078802222246,40.4165,0.2328064196470283,TRUE,1428,1440,FALSE
FUSPCEU::FUSPCEU_S025::2025-02-09,FUSPCEU,FUSPCEU::FUSPCEU_S025,2025-02-09,2.926987974230306,0.48101069557309323,11.401232449942166,-2.745058773697316,40.4165,0.2328064196470283,TRUE,1156,1440,FALSE
IZTECH::IZTECH_S001::2024-12-24,IZTECH,IZTECH::IZTECH_S001,2024-12-24,0.009827795122737973,-0.9592877351062639,10.489451321429677,-3.6568399022098053,38.32,0.023156419647028414,TRUE,1440,1440,FALSE
IZTECH::IZTECH_S001::2024-12-25,IZTECH,IZTECH::IZTECH_S001,2024-12-25,2.1432785631750573,0.3508832062348264,10.492750476797422,-3.6535407468420598,38.32,0.023156419647028414,TRUE,1440,1440,FALSE
IZTECH::IZTECH_S001::2024-12-26,IZTECH,IZTECH::IZTECH_S001,2024-12-26,0.4687657308651243,-0.24506657849581376,10.496976461079386,-3.6493147625600955,38.32,0.023156419647028414,TRUE,1415,1440,FALSE
IZTECH::IZTECH_S001::2024-12-27,IZTECH,IZTECH::IZTECH_S001,2024-12-27,2.5450076016592376,0.4224269245201332,10.50212588707606,-3.6441653365634217,38.32,0.023156419647028414,TRUE,1440,1440,FALSE
IZTECH::IZTECH_S001::2024-12-28,IZTECH,IZTECH::IZTECH_S001,2024-12-28,2.8695275212735383,0.47268735462797423,10.50819456073973,-3.638096662899752,38.32,0.023156419647028414,TRUE,1440,1440,FALSE
IZTECH::IZTECH_S001::2024-12-29,IZTECH,IZTECH::IZTECH_S001,2024-12-29,1.4385450343202826,0.18711021288152832,10.515177495413356,-3.6311137282261257,38.32,0.023156419647028414,TRUE,1440,1440,FALSE
IZTECH::IZTECH_S001::2024-12-30,IZTECH,IZTECH::IZTECH_S001,2024-12-30,1.922185969810788,0.30582109287155756,10.523068928983477,-3.6232222946560046,38.32,0.023156419647028414,TRUE,1375,1440,FALSE
IZTECH::IZTECH_S002::2025-01-07,IZTECH,IZTECH::IZTECH_S002,2025-01-07,4.088468960614873,0.6220553013747816,10.617976313961877,-3.5283149096776043,38.32,0.023156419647028414,TRUE,1279,1440,FALSE
IZTECH::IZTECH_S002::2025-01-08,IZTECH,IZTECH::IZTECH_S002,2025-01-08,3.9093984821775325,0.6030792216310814,10.63366825911734,-3.5126229645221425,38.32,0.023156419647028414,TRUE,1440,1440,FALSE
IZTECH::IZTECH_S002::2025-01-09,IZTECH,IZTECH::IZTECH_S002,2025-01-09,5.954669883372457,0.7820904692399212,10.650173718598154,-3.496117505041328,38.32,0.023156419647028414,TRUE,1412,1440,FALSE
IZTECH::IZTECH_S002::2025-01-10,IZTECH,IZTECH::IZTECH_S002,2025-01-10,2.7650150528052966,0.45712690809506806,10.667480112777817,-3.478811110861665,38.32,0.023156419647028414,TRUE,1202,1440,FALSE
IZTECH::IZTECH_S002::2025-01-11,IZTECH,IZTECH::IZTECH_S002,2025-01-11,3.4106459270834635,0.5453870300725677,10.685574437181154,-3.4607167864583275,38.32,0.023156419647028414,TRUE,1440,1440,FALSE
IZTECH::IZTECH_S002::2025-01-12,IZTECH,IZTECH::IZTECH_S002,2025-01-12,2.1571834185446894,0.3535668512466863,10.704443298247126,-3.4418479253923557,38.32,0.023156419647028414,TRUE,1440,1440,FALSE
IZTECH::IZTECH_S003::2025-01-07,IZTECH,IZTECH::IZTECH_S003,2025-01-07,4.996279070303194,0.7072532017790762,10.617976313961877,-3.5283149096776043,38.32,0.023156419647028414,TRUE,1440,1440,FALSE
IZTECH::IZTECH_S003::2025-01-08,IZTECH,IZTECH::IZTECH_S003,2025-01-08,4.091146635738087,0.6223328557700999,10.63366825911734,-3.5126229645221425,38.32,0.023156419647028414,TRUE,1440,1440,FALSE
IZTECH::IZTECH_S003::2025-01-09,IZTECH,IZTECH::IZTECH_S003,2025-01-09,6.282536682879616,0.8049933195399646,10.650173718598154,-3.496117505041328,38.32,0.023156419647028414,TRUE,1440,1440,FALSE
IZTECH::IZTECH_S003::2025-01-10,IZTECH,IZTECH::IZTECH_S003,2025-01-10,9.074652607739093,0.9625896289570164,10.667480112777817,-3.478811110861665,38.32,0.023156419647028414,TRUE,1440,1440,FALSE
IZTECH::IZTECH_S003::2025-01-11,IZTECH,IZTECH::IZTECH_S003,2025-01-11,3.5846159056024574,0.5663922225148942,10.685574437181154,-3.4607167864583275,38.32,0.023156419647028414,TRUE,1402,1440,FALSE
IZTECH::IZTECH_S003::2025-01-12,IZTECH,IZTECH::IZTECH_S003,2025-01-12,3.4669828703721954,0.5523010237424204,10.704443298247126,-3.4418479253923557,38.32,0.023156419647028414,TRUE,1440,1440,FALSE
IZTECH::IZTECH_S004::2025-01-22,IZTECH,IZTECH::IZTECH_S004,2025-01-22,3.923377992705992,0.6045908360599072,10.9325787850221,-3.2137124386173817,38.32,0.023156419647028414,TRUE,1440,1440,FALSE
IZTECH::IZTECH_S004::2025-01-23,IZTECH,IZTECH::IZTECH_S004,2025-01-23,5.417875774596482,0.741771918866154,10.959008137186368,-3.187283086453114,38.32,0.023156419647028414,TRUE,1440,1440,FALSE
IZTECH::IZTECH_S004::2025-01-24,IZTECH,IZTECH::IZTECH_S004,2025-01-24,5.766732141077808,0.7683962599723496,10.986033838391304,-3.160257385248178,38.32,0.023156419647028414,TRUE,1440,1440,FALSE
IZTECH::IZTECH_S004::2025-01-25,IZTECH,IZTECH::IZTECH_S004,2025-01-25,3.2435450938977213,0.5242071848408042,11.013640581170717,-3.1326506424687643,38.32,0.023156419647028414,TRUE,1440,1440,FALSE
IZTECH::IZTECH_S004::2025-01-26,IZTECH,IZTECH::IZTECH_S004,2025-01-26,4.092537648522151,0.6224769712118164,11.0418131228288,-3.104478100810681,38.32,0.023156419647028414,TRUE,1395,1440,FALSE
IZTECH::IZTECH_S005::2025-01-21,IZTECH,IZTECH::IZTECH_S005,2025-01-21,5.263570132079569,0.7294539636712137,10.906761128637525,-3.2395300950019568,38.32,0.023156419647028414,TRUE,1440,1440,FALSE
IZTECH::IZTECH_S005::2025-01-22,IZTECH,IZTECH::IZTECH_S005,2025-01-22,3.2438044126563574,0.5242408665575669,10.9325787850221,-3.2137124386173817,38.32,0.023156419647028414,TRUE,1386,1440,FALSE
IZTECH::IZTECH_S005::2025-01-23,IZTECH,IZTECH::IZTECH_S005,2025-01-23,4.2057711146974635,0.6340509399635779,10.959008137186368,-3.187283086453114,38.32,0.023156419647028414,TRUE,1440,1440,FALSE
IZTECH::IZTECH_S005::2025-01-24,IZTECH,IZTECH::IZTECH_S005,2025-01-24,5.03525800513036,0.7105622682623258,10.986033838391304,-3.160257385248178,38.32,0.023156419647028414,TRUE,1387,1440,FALSE
IZTECH::IZTECH_S005::2025-01-25,IZTECH,IZTECH::IZTECH_S005,2025-01-25,2.3030109849918867,0.3807557561182804,11.013640581170717,-3.1326506424687643,38.32,0.023156419647028414,TRUE,1440,1440,FALSE
IZTECH::IZTECH_S005::2025-01-26,IZTECH,IZTECH::IZTECH_S005,2025-01-26,2.1954543017666213,0.36086865119128325,11.0418131228288,-3.104478100810681,38.32,0.023156419647028414,TRUE,1385,1440,FALSE
IZTECH::IZTECH_S006::2025-02-18,IZTECH,IZTECH::IZTECH_S006,2025-02-18,5.921552072043815,0.7797084463154192,11.813367618785964,-2.3329236048535176,38.32,0.023156419647028414,TRUE,1374,1440,FALSE
IZTECH::IZTECH_S006::2025-02-19,IZTECH,IZTECH::IZTECH_S006,2025-02-19,10.087325543739183,1.0080601845907189,11.851021302806007,-2.2952699208334746,38.32,0.023156419647028414,TRUE,1440,1440,FALSE
IZTECH::IZTECH_S006::2025-02-20,IZTECH,IZTECH::IZTECH_S006,2025-02-20,9.387816582406082,0.9771662803605246,11.888926246033774,-2.2573649776057074,38.32,0.023156419647028414,TRUE,1440,1440,FALSE
IZTECH::IZTECH_S006::2025-02-21,IZTECH,IZTECH::IZTECH_S006,2025-02-21,3.9858094298215128,0.6112781064209931,11.927073288957278,-2.219217934682204,38.32,0.023156419647028414,TRUE,1297,1440,FALSE
IZTECH::IZTECH_S006::2025-02-22,IZTECH,IZTECH::IZTECH_S006,2025-02-22,6.897221783755311,0.8449256395166314,11.965453527503543,-2.1808376961359386,38.32,0.023156419647028414,TRUE,1440,1440,FALSE
IZTECH::IZTECH_S006::2025-02-23,IZTECH,IZTECH::IZTECH_S006,2025-02-23,14.069005377285226,1.1513393651156762,12.004058307475514,-2.1422329161639677,38.32,0.023156419647028414,TRUE,1370,1440,FALSE
IZTECH::IZTECH_S007::2025-02-25,IZTECH,IZTECH::IZTECH_S007,2025-02-25,4.168383949408035,0.6302634781398273,12.08190808110767,-2.0643831425318115,38.32,0.023156419647028414,TRUE,1353,1440,FALSE
IZTECH::IZTECH_S007::2025-02-26,IZTECH,IZTECH::IZTECH_S007,2025-02-26,4.87484782945436,0.6967798010940054,12.121136951049168,-2.0251542725903136,38.32,0.023156419647028414,TRUE,1351,1440,FALSE
IZTECH::IZTECH_S007::2025-02-27,IZTECH,IZTECH::IZTECH_S007,2025-02-27,3.34425518095438,0.5370953203585255,12.160558099481795,-1.9857331241576865,38.32,0.023156419647028414,TRUE,1440,1440,FALSE
IZTECH::IZTECH_S007::2025-02-28,IZTECH,IZTECH::IZTECH_S007,2025-02-28,1.3108382388949584,0.1494772221295731,12.200164010590978,-1.946127213048504,38.32,0.023156419647028414,TRUE,1440,1440,FALSE
IZTECH::IZTECH_S007::2025-03-01,IZTECH,IZTECH::IZTECH_S007,2025-03-01,1.2447192117743076,0.1286316096115551,12.23994737168153,-1.906343851957951,38.32,0.023156419647028414,TRUE,1261,1440,FALSE
IZTECH::IZTECH_S007::2025-03-02,IZTECH,IZTECH::IZTECH_S007,2025-03-02,0.7128853846947446,-0.08997068479174514,12.279901064501868,-1.8663901591376142,38.32,0.023156419647028414,TRUE,1440,1440,FALSE
IZTECH::IZTECH_S008::2025-03-04,IZTECH,IZTECH::IZTECH_S008,2025-03-04,2.5570932514391242,0.42440679636540674,12.36029188712438,-1.7859993365151023,38.32,0.023156419647028414,TRUE,1435,1440,FALSE
IZTECH::IZTECH_S008::2025-03-05,IZTECH,IZTECH::IZTECH_S008,2025-03-05,5.610472102441916,0.7566720142020458,12.400715667472946,-1.7455755561665356,38.32,0.023156419647028414,TRUE,1393,1440,FALSE
IZTECH::IZTECH_S008::2025-03-06,IZTECH,IZTECH::IZTECH_S008,2025-03-06,2.590041773658725,0.42975902421378653,12.441283061040773,-1.705008162598709,38.32,0.023156419647028414,TRUE,1410,1440,FALSE
IZTECH::IZTECH_S008::2025-03-07,IZTECH,IZTECH::IZTECH_S008,2025-03-07,2.457512608069683,0.40781778338188845,12.481987778014608,-1.6643034456248742,38.32,0.023156419647028414,TRUE,1413,1440,FALSE
IZTECH::IZTECH_S008::2025-03-09,IZTECH,IZTECH::IZTECH_S008,2025-03-09,4.0168663324432945,0.6145667664328307,12.563784693280855,-1.5825065303586268,38.32,0.023156419647028414,TRUE,1440,1440,FALSE
IZTECH::IZTECH_S009::2025-03-20,IZTECH,IZTECH::IZTECH_S009,2025-03-20,2.41122981002899,0.39988645809747125,13.02098494960202,-1.1253062740374613,38.32,0.023156419647028414,TRUE,1365,1440,FALSE
IZTECH::IZTECH_S009::2025-03-21,IZTECH,IZTECH::IZTECH_S009,2025-03-21,3.61827019775384,0.5703409457182381,13.063008562657568,-1.0832826609819133,38.32,0.023156419647028414,TRUE,1293,1440,FALSE
IZTECH::IZTECH_S009::2025-03-22,IZTECH,IZTECH::IZTECH_S009,2025-03-22,8.351796881149298,0.9269490512700034,13.105085474186474,-1.0412057494530078,38.32,0.023156419647028414,TRUE,1307,1440,FALSE
IZTECH::IZTECH_S009::2025-03-24,IZTECH,IZTECH::IZTECH_S009,2025-03-24,5.812700195763666,0.7717858585988987,13.189377503262627,-0.9569137203768552,38.32,0.023156419647028414,TRUE,1317,1440,FALSE
IZTECH::IZTECH_S009::2025-03-25,IZTECH,IZTECH::IZTECH_S009,2025-03-25,4.730315141149117,0.6839754660718679,13.23158166481389,-0.9147095588255922,38.32,0.023156419647028414,TRUE,1366,1440,FALSE
IZTECH::IZTECH_S009::2025-03-26,IZTECH,IZTECH::IZTECH_S009,2025-03-26,17.53650148296586,1.246412439223713,13.27381718940205,-0.8724740342374311,38.32,0.023156419647028414,TRUE,1276,1440,FALSE
IZTECH::IZTECH_S010::2025-04-15,IZTECH,IZTECH::IZTECH_S010,2025-04-15,6.399743858622169,0.8128962423384195,14.115496115022236,-0.030795108617246214,38.32,0.023156419647028414,TRUE,1370,1440,FALSE
IZTECH::IZTECH_S010::2025-04-16,IZTECH,IZTECH::IZTECH_S010,2025-04-16,6.247077722515217,0.8025738164568286,14.15687135650052,0.01058013286103865,38.32,0.023156419647028414,TRUE,1375,1440,FALSE
IZTECH::IZTECH_S010::2025-04-17,IZTECH,IZTECH::IZTECH_S010,2025-04-17,3.0735173802741245,0.5015408811394906,14.198116571439638,0.0518253478001558,38.32,0.023156419647028414,TRUE,1243,1440,FALSE
IZTECH::IZTECH_S010::2025-04-18,IZTECH,IZTECH::IZTECH_S010,2025-04-18,6.271066542366124,0.8042121410781963,14.239221658243073,0.0929304346035913,38.32,0.023156419647028414,TRUE,1304,1440,FALSE
IZTECH::IZTECH_S010::2025-04-19,IZTECH,IZTECH::IZTECH_S010,2025-04-19,9.93472216886174,1.0015053526879194,14.280176197157965,0.13388497351848372,38.32,0.023156419647028414,TRUE,1332,1440,FALSE
IZTECH::IZTECH_S010::2025-04-20,IZTECH,IZTECH::IZTECH_S010,2025-04-20,9.564208306026433,0.9851662823266064,14.320969442592727,0.17467821895324498,38.32,0.023156419647028414,TRUE,1282,1440,FALSE
IZTECH::IZTECH_S011::2025-04-15,IZTECH,IZTECH::IZTECH_S011,2025-04-15,23.72233010624348,1.3769842383722715,14.115496115022236,-0.030795108617246214,38.32,0.023156419647028414,TRUE,1440,1440,FALSE
IZTECH::IZTECH_S011::2025-04-16,IZTECH,IZTECH::IZTECH_S011,2025-04-16,15.096950856382124,1.1817564590575054,14.15687135650052,0.01058013286103865,38.32,0.023156419647028414,TRUE,1397,1440,FALSE
IZTECH::IZTECH_S011::2025-04-17,IZTECH,IZTECH::IZTECH_S011,2025-04-17,21.48565481289417,1.334165227757778,14.198116571439638,0.0518253478001558,38.32,0.023156419647028414,TRUE,1440,1440,FALSE
IZTECH::IZTECH_S011::2025-04-18,IZTECH,IZTECH::IZTECH_S011,2025-04-18,14.90509484238134,1.1762387448053695,14.239221658243073,0.0929304346035913,38.32,0.023156419647028414,TRUE,1384,1440,FALSE
IZTECH::IZTECH_S011::2025-04-19,IZTECH,IZTECH::IZTECH_S011,2025-04-19,29.38952421930593,1.4696677657495978,14.280176197157965,0.13388497351848372,38.32,0.023156419647028414,TRUE,1440,1440,FALSE
IZTECH::IZTECH_S011::2025-04-20,IZTECH,IZTECH::IZTECH_S011,2025-04-20,13.257701907838834,1.1257317474664006,14.320969442592727,0.17467821895324498,38.32,0.023156419647028414,TRUE,1440,1440,FALSE
IZTECH::IZTECH_S012::2025-04-22,IZTECH,IZTECH::IZTECH_S012,2025-04-22,5.392847126322368,0.7397975121619907,14.402027399937312,0.2557361762978303,38.32,0.023156419647028414,TRUE,1380,1440,FALSE
IZTECH::IZTECH_S012::2025-04-23,IZTECH,IZTECH::IZTECH_S012,2025-04-23,21.5291630686522,1.3350397149222981,14.442268930408689,0.2959777067692073,38.32,0.023156419647028414,TRUE,1421,1440,FALSE
IZTECH::IZTECH_S012::2025-04-24,IZTECH,IZTECH::IZTECH_S012,2025-04-24,3.1819891619628686,0.5161371425587891,14.482302793529298,0.3360115698898163,38.32,0.023156419647028414,TRUE,1440,1440,FALSE
IZTECH::IZTECH_S012::2025-04-25,IZTECH,IZTECH::IZTECH_S012,2025-04-25,9.035880884583689,0.9607504285216006,14.522116519543859,0.3758252959043773,38.32,0.023156419647028414,TRUE,1440,1440,FALSE
IZTECH::IZTECH_S012::2025-04-26,IZTECH,IZTECH::IZTECH_S012,2025-04-26,11.00373283494122,1.0454690037495906,14.561697279877134,0.4154060562376518,38.32,0.023156419647028414,TRUE,1440,1440,FALSE
IZTECH::IZTECH_S012::2025-04-27,IZTECH,IZTECH::IZTECH_S012,2025-04-27,23.224363712332348,1.367809805044812,14.60103188349141,0.4547406598519288,38.32,0.023156419647028414,TRUE,1440,1440,FALSE
IZTECH::IZTECH_S013::2025-04-22,IZTECH,IZTECH::IZTECH_S013,2025-04-22,21.326260478457623,1.3309463803145556,14.402027399937312,0.2557361762978303,38.32,0.023156419647028414,TRUE,1400,1440,FALSE
IZTECH::IZTECH_S013::2025-04-23,IZTECH,IZTECH::IZTECH_S013,2025-04-23,17.189783585028103,1.2377895572752926,14.442268930408689,0.2959777067692073,38.32,0.023156419647028414,TRUE,1440,1440,FALSE
IZTECH::IZTECH_S013::2025-04-24,IZTECH,IZTECH::IZTECH_S013,2025-04-24,8.123370769306455,0.9150498718514937,14.482302793529298,0.3360115698898163,38.32,0.023156419647028414,TRUE,1440,1440,FALSE
IZTECH::IZTECH_S013::2025-04-25,IZTECH,IZTECH::IZTECH_S013,2025-04-25,15.161807335946769,1.1836059667480276,14.522116519543859,0.3758252959043773,38.32,0.023156419647028414,TRUE,1440,1440,FALSE
IZTECH::IZTECH_S013::2025-04-26,IZTECH,IZTECH::IZTECH_S013,2025-04-26,5.707811218772166,0.7640124913046411,14.561697279877134,0.4154060562376518,38.32,0.023156419647028414,TRUE,1393,1440,FALSE
IZTECH::IZTECH_S013::2025-04-27,IZTECH,IZTECH::IZTECH_S013,2025-04-27,9.20033566223128,0.9684986231371783,14.60103188349141,0.4547406598519288,38.32,0.023156419647028414,TRUE,1381,1440,FALSE
IZTECH::IZTECH_S014::2025-04-29,IZTECH,IZTECH::IZTECH_S014,2025-04-29,3.704405786610303,0.5802868335773522,14.678908035159111,0.5326168115196293,38.32,0.023156419647028414,TRUE,1413,1440,FALSE
IZTECH::IZTECH_S014::2025-04-30,IZTECH,IZTECH::IZTECH_S014,2025-04-30,6.184081879625925,0.798241835126378,14.71742137697008,0.5711301533305981,38.32,0.023156419647028414,TRUE,1379,1440,FALSE
IZTECH::IZTECH_S014::2025-05-01,IZTECH,IZTECH::IZTECH_S014,2025-05-01,3.3211559482244772,0.5341728712940081,14.755632150570552,0.6093409269310701,38.32,0.023156419647028414,TRUE,1264,1440,FALSE
IZTECH::IZTECH_S014::2025-05-02,IZTECH,IZTECH::IZTECH_S014,2025-05-02,1.6385784785357533,0.2401942992906457,14.793525343338649,0.6472341196991671,38.32,0.023156419647028414,TRUE,1306,1440,FALSE
IZTECH::IZTECH_S014::2025-05-03,IZTECH,IZTECH::IZTECH_S014,2025-05-03,5.610345040973624,0.7566623507788685,14.831085583964983,0.6847943603255011,38.32,0.023156419647028414,TRUE,1311,1440,FALSE
IZTECH::IZTECH_S014::2025-05-04,IZTECH,IZTECH::IZTECH_S014,2025-05-04,9.877896579749944,0.9990389981923906,14.868297146558762,0.7220059229192799,38.32,0.023156419647028414,TRUE,1440,1440,FALSE
IZTECH::IZTECH_S015::2025-04-29,IZTECH,IZTECH::IZTECH_S015,2025-04-29,2.308532084682173,0.3817524360387071,14.678908035159111,0.5326168115196293,38.32,0.023156419647028414,TRUE,1403,1440,FALSE
IZTECH::IZTECH_S015::2025-04-30,IZTECH,IZTECH::IZTECH_S015,2025-04-30,1.2553812770822692,0.13206148210375804,14.71742137697008,0.5711301533305981,38.32,0.023156419647028414,TRUE,1380,1440,FALSE
IZTECH::IZTECH_S015::2025-05-01,IZTECH,IZTECH::IZTECH_S015,2025-05-01,0.6881109019566436,-0.1034126648469322,14.755632150570552,0.6093409269310701,38.32,0.023156419647028414,TRUE,1297,1440,FALSE
IZTECH::IZTECH_S015::2025-05-02,IZTECH,IZTECH::IZTECH_S015,2025-05-02,1.5399121558559696,0.2148205850911209,14.793525343338649,0.6472341196991671,38.32,0.023156419647028414,TRUE,1372,1440,FALSE
IZTECH::IZTECH_S015::2025-05-03,IZTECH,IZTECH::IZTECH_S015,2025-05-03,0.9022559700043439,9.786518342295232e-4,14.831085583964983,0.6847943603255011,38.32,0.023156419647028414,TRUE,1360,1440,FALSE
IZTECH::IZTECH_S015::2025-05-04,IZTECH,IZTECH::IZTECH_S015,2025-05-04,2.488252097443167,0.4130065746227694,14.868297146558762,0.7220059229192799,38.32,0.023156419647028414,TRUE,1395,1440,FALSE
IZTECH::IZTECH_S016::2025-05-06,IZTECH,IZTECH::IZTECH_S016,2025-05-06,6.207881784641688,0.799883545665288,14.941609600252576,0.7953183766130945,38.32,0.023156419647028414,TRUE,1440,1440,FALSE
IZTECH::IZTECH_S016::2025-05-07,IZTECH,IZTECH::IZTECH_S016,2025-05-07,5.260424580386292,0.7291991899942888,14.97767732905017,0.8313861054106884,38.32,0.023156419647028414,TRUE,1322,1440,FALSE
IZTECH::IZTECH_S016::2025-05-08,IZTECH,IZTECH::IZTECH_S016,2025-05-08,6.874739263765935,0.8435279770461064,15.013330074350039,0.8670388507105571,38.32,0.023156419647028414,TRUE,1281,1440,FALSE
IZTECH::IZTECH_S016::2025-05-09,IZTECH,IZTECH::IZTECH_S016,2025-05-09,5.089783464825142,0.7151492380038751,15.048550457292134,0.9022592336526518,38.32,0.023156419647028414,TRUE,1440,1440,FALSE
IZTECH::IZTECH_S016::2025-05-10,IZTECH,IZTECH::IZTECH_S016,2025-05-10,5.0052394665404725,0.7080161179328212,15.083320802648862,0.9370295790093799,38.32,0.023156419647028414,TRUE,1419,1440,FALSE
IZTECH::IZTECH_S016::2025-05-11,IZTECH,IZTECH::IZTECH_S016,2025-05-11,3.455424100052005,0.5508914119088053,15.117623154189852,0.9713319305503703,38.32,0.023156419647028414,TRUE,1440,1440,FALSE
IZTECH::IZTECH_S017::2025-05-27,IZTECH,IZTECH::IZTECH_S017,2025-05-27,12.22785163512804,1.090887399036699,15.587403438157505,1.4411122145180233,38.32,0.023156419647028414,TRUE,1418,1440,FALSE
IZTECH::IZTECH_S017::2025-05-28,IZTECH,IZTECH::IZTECH_S017,2025-05-28,10.271704230688924,1.01585012352238,15.610839857392842,1.4645486337533598,38.32,0.023156419647028414,TRUE,1440,1440,FALSE
IZTECH::IZTECH_S017::2025-05-29,IZTECH,IZTECH::IZTECH_S017,2025-05-29,8.448429791880663,0.9318863491904145,15.633464889923731,1.4871736662842494,38.32,0.023156419647028414,TRUE,1440,1440,FALSE
IZTECH::IZTECH_S017::2025-05-30,IZTECH,IZTECH::IZTECH_S017,2025-05-30,12.305840960456457,1.0936262093262157,15.65526044540935,1.5089692217698687,38.32,0.023156419647028414,TRUE,1440,1440,FALSE
IZTECH::IZTECH_S017::2025-05-31,IZTECH,IZTECH::IZTECH_S017,2025-05-31,7.781525929667197,0.8966103086923061,15.676208808090951,1.5299175844514696,38.32,0.023156419647028414,TRUE,1440,1440,FALSE
IZTECH::IZTECH_S017::2025-06-01,IZTECH,IZTECH::IZTECH_S017,2025-06-01,7.056178202842953,0.8546811468125703,15.696292682422532,1.5500014587830506,38.32,0.023156419647028414,TRUE,1440,1440,FALSE
KNUST::KNUST_S001::2024-10-08,KNUST,KNUST::KNUST_S001,2024-10-08,0.9893361735238891,0.03716192546398159,12.71061712841193,-1.4356740952275526,6.6750074282377385,-3.141342837529198,TRUE,1440,1440,FALSE
KNUST::KNUST_S001::2024-10-09,KNUST,KNUST::KNUST_S001,2024-10-09,1.6295775442746154,0.23794003804486719,12.705258833169937,-1.4410323904695446,6.6750074282377385,-3.141342837529198,TRUE,1440,1440,FALSE
KNUST::KNUST_S001::2024-10-10,KNUST,KNUST::KNUST_S001,2024-10-10,2.768918931236515,0.4577182762996497,12.699951587319374,-1.4463396363201078,6.6750074282377385,-3.141342837529198,TRUE,1170,1440,FALSE
KNUST::KNUST_S001::2024-10-11,KNUST,KNUST::KNUST_S001,2024-10-11,65.37802343759226,1.816095561040714,12.694696087572309,-1.4515951360671728,6.6750074282377385,-3.141342837529198,TRUE,1247,1440,FALSE
KNUST::KNUST_S001::2024-10-12,KNUST,KNUST::KNUST_S001,2024-10-12,0.974292838467698,0.03112268061444027,12.689493022296164,-1.456798201343318,6.6750074282377385,-3.141342837529198,TRUE,1368,1440,FALSE
KNUST::KNUST_S001::2024-10-13,KNUST,KNUST::KNUST_S001,2024-10-13,0.20296624439415298,-0.5186057566132141,12.684343072573343,-1.4619481510661387,6.6750074282377385,-3.141342837529198,TRUE,1420,1440,FALSE
KNUST::KNUST_S002::2024-10-15,KNUST,KNUST::KNUST_S002,2024-10-15,0.23807077920590522,-0.4709923654012183,12.674205210341347,-1.472086013298135,6.6750074282377385,-3.141342837529198,TRUE,1325,1440,FALSE
KNUST::KNUST_S002::2024-10-16,KNUST,KNUST::KNUST_S002,2024-10-16,0.4912402112828834,-0.22823603647995916,12.66921862827407,-1.4770725953654118,6.6750074282377385,-3.141342837529198,TRUE,1298,1440,FALSE
KNUST::KNUST_S002::2024-10-17,KNUST,KNUST::KNUST_S002,2024-10-17,0.4245355512159492,-0.28022507148629544,12.664287823637327,-1.4820034000021547,6.6750074282377385,-3.141342837529198,TRUE,1278,1440,FALSE
KNUST::KNUST_S002::2024-10-18,KNUST,KNUST::KNUST_S002,2024-10-18,1.007705784439793,0.044424423603622226,12.659413449234433,-1.4868777744050483,6.6750074282377385,-3.141342837529198,TRUE,1305,1440,FALSE
KNUST::KNUST_S002::2024-10-19,KNUST,KNUST::KNUST_S002,2024-10-19,0.25690483555583477,-0.4474475679283701,12.654596153762606,-1.4916950698768758,6.6750074282377385,-3.141342837529198,TRUE,1374,1440,FALSE
KNUST::KNUST_S002::2024-10-20,KNUST,KNUST::KNUST_S002,2024-10-20,0.4657216193701764,-0.24739722413432777,12.64983658240901,-1.4964546412304713,6.6750074282377385,-3.141342837529198,TRUE,1427,1440,FALSE
KNUST::KNUST_S003::2024-10-22,KNUST,KNUST::KNUST_S003,2024-10-22,1.8421599292697126,0.28828498949552944,12.640493177175522,-1.5057980464639602,6.6750074282377385,-3.141342837529198,TRUE,1332,1440,FALSE
KNUST::KNUST_S003::2024-10-23,KNUST,KNUST::KNUST_S003,2024-10-23,3.889187772241478,0.6008844791599383,12.63591061969598,-1.510380603943501,6.6750074282377385,-3.141342837529198,TRUE,1327,1440,FALSE
KNUST::KNUST_S003::2024-10-24,KNUST,KNUST::KNUST_S003,2024-10-24,0.40675789958056596,-0.2951994725954688,12.6313883396652,-1.5149028839742815,6.6750074282377385,-3.141342837529198,TRUE,1303,1440,FALSE
KNUST::KNUST_S003::2024-10-25,KNUST,KNUST::KNUST_S003,2024-10-25,4.170992474676001,0.6305288062173727,12.626926970415646,-1.519364253223836,6.6750074282377385,-3.141342837529198,TRUE,1309,1440,FALSE
KNUST::KNUST_S003::2024-10-26,KNUST,KNUST::KNUST_S003,2024-10-26,0.7560450575394863,-0.06750337583011864,12.622527143955232,-1.5237640796842502,6.6750074282377385,-3.141342837529198,TRUE,1272,1440,FALSE
KNUST::KNUST_S003::2024-10-27,KNUST,KNUST::KNUST_S003,2024-10-27,0.626601108066123,-0.138703944174053,12.618189491497146,-1.5281017321423356,6.6750074282377385,-3.141342837529198,TRUE,1390,1440,FALSE
KNUST::KNUST_S004::2024-10-30,KNUST,KNUST::KNUST_S004,2024-10-30,1.9139252534105382,0.3040433477301369,12.605555876758363,-1.5407353468811191,6.6750074282377385,-3.141342837529198,TRUE,1345,1440,FALSE
KNUST::KNUST_S004::2024-11-01,KNUST,KNUST::KNUST_S004,2024-11-01,11.899346429097685,1.0791575918837653,12.597455877727933,-1.5488353459115487,6.6750074282377385,-3.141342837529198,TRUE,1393,1440,FALSE
KNUST::KNUST_S004::2024-11-02,KNUST,KNUST::KNUST_S004,2024-11-02,9.720008962537207,0.9921118841595237,12.593504488004578,-1.5527867356349034,6.6750074282377385,-3.141342837529198,TRUE,1396,1440,FALSE
KNUST::KNUST_S005::2024-11-07,KNUST,KNUST::KNUST_S005,2024-11-07,0.1291112393691898,-0.6399536053706621,12.57475878742006,-1.571532436219421,6.6750074282377385,-3.141342837529198,TRUE,1312,1440,FALSE
KNUST::KNUST_S005::2024-11-08,KNUST,KNUST::KNUST_S005,2024-11-08,0.19646079525406437,-0.5280327307333869,12.571216297215885,-1.5750749264235964,6.6750074282377385,-3.141342837529198,TRUE,1380,1440,FALSE
KNUST::KNUST_S005::2024-11-09,KNUST,KNUST::KNUST_S005,2024-11-09,0.06257504774487713,-0.7889461097768767,12.56774415632089,-1.578547067318592,6.6750074282377385,-3.141342837529198,TRUE,1360,1440,FALSE
KNUST::KNUST_S006::2024-11-12,KNUST,KNUST::KNUST_S006,2024-11-12,3.324937321398403,0.5346526280270177,12.557756095329921,-1.5885351283095606,6.6750074282377385,-3.141342837529198,TRUE,1350,1440,FALSE
KNUST::KNUST_S006::2024-11-13,KNUST,KNUST::KNUST_S006,2024-11-13,1.8436548001131388,0.28861913522078775,12.55457161227862,-1.5917196113608618,6.6750074282377385,-3.141342837529198,TRUE,1356,1440,FALSE
KNUST::KNUST_S006::2024-11-14,KNUST,KNUST::KNUST_S006,2024-11-14,2.7734751697184836,0.4584074486592628,12.55146060248216,-1.594830621157321,6.6750074282377385,-3.141342837529198,TRUE,1320,1440,FALSE
KNUST::KNUST_S006::2024-11-15,KNUST,KNUST::KNUST_S006,2024-11-15,6.107950656715662,0.7929482563169374,12.548423685232798,-1.5978675384066836,6.6750074282377385,-3.141342837529198,TRUE,1327,1440,FALSE
KNUST::KNUST_S006::2024-11-16,KNUST,KNUST::KNUST_S006,2024-11-16,7.3497877272674526,0.8721438982261724,12.545461477438609,-1.6008297462008727,6.6750074282377385,-3.141342837529198,TRUE,1285,1440,FALSE
KNUST::KNUST_S006::2024-11-17,KNUST,KNUST::KNUST_S006,2024-11-17,8.15761871194502,0.916854825847808,12.542574592497614,-1.603716631141868,6.6750074282377385,-3.141342837529198,TRUE,1256,1440,FALSE
KNUST::KNUST_S007::2024-11-19,KNUST,KNUST::KNUST_S007,2024-11-19,2.6897629368945517,0.44556730020090957,12.53702922715081,-1.6092619964886712,6.6750074282377385,-3.141342837529198,TRUE,1290,1440,FALSE
KNUST::KNUST_S007::2024-11-20,KNUST,KNUST::KNUST_S007,2024-11-20,1.2153917154872211,0.11905510228717603,12.534371952944332,-1.6119192706951502,6.6750074282377385,-3.141342837529198,TRUE,1437,1440,FALSE
KNUST::KNUST_S007::2024-11-21,KNUST,KNUST::KNUST_S007,2024-11-21,1.6102389363154581,0.2330567896168693,12.531792413393656,-1.6144988102458253,6.6750074282377385,-3.141342837529198,TRUE,1364,1440,FALSE
KNUST::KNUST_S007::2024-11-22,KNUST,KNUST::KNUST_S007,2024-11-22,1.7152740513116729,0.2589421996133648,12.529291197525131,-1.6170000261143507,6.6750074282377385,-3.141342837529198,TRUE,1361,1440,FALSE
KNUST::KNUST_S008::2024-11-27,KNUST,KNUST::KNUST_S008,2024-11-27,2.152476062967606,0.3526601844340887,12.517980072233412,-1.62831115140607,6.6750074282377385,-3.141342837529198,TRUE,1192,1440,FALSE
KNUST::KNUST_S008::2024-11-28,KNUST,KNUST::KNUST_S008,2024-11-28,6.026822788069422,0.7872353190007002,12.515960734354126,-1.630330489285356,6.6750074282377385,-3.141342837529198,TRUE,1332,1440,FALSE
KNUST::KNUST_S008::2024-11-29,KNUST,KNUST::KNUST_S008,2024-11-29,1.201875564667471,0.11456947566006967,12.514023609823651,-1.6322676138158307,6.6750074282377385,-3.141342837529198,TRUE,1285,1440,FALSE
KNUST::KNUST_S008::2024-11-30,KNUST,KNUST::KNUST_S008,2024-11-30,1.373097553630873,0.168231508282347,12.512169211175706,-1.6341220124637754,6.6750074282377385,-3.141342837529198,TRUE,1387,1440,FALSE
KNUST::KNUST_S008::2024-12-01,KNUST,KNUST::KNUST_S008,2024-12-01,3.9130018525527617,0.6034693602205708,12.510398037830988,-1.6358931858084933,6.6750074282377385,-3.141342837529198,TRUE,1401,1440,FALSE
KNUST::KNUST_S009::2024-12-03,KNUST,KNUST::KNUST_S009,2024-12-03,1.1518105464621091,0.09753860614921803,12.507107292148802,-1.6391839314906793,6.6750074282377385,-3.141342837529198,TRUE,1369,1440,FALSE
KNUST::KNUST_S009::2024-12-04,KNUST,KNUST::KNUST_S009,2024-12-04,7.770582705498087,0.8960068869224939,12.505588644080692,-1.6407025795587895,6.6750074282377385,-3.141342837529198,TRUE,1410,1440,FALSE
KNUST::KNUST_S009::2024-12-05,KNUST,KNUST::KNUST_S009,2024-12-05,7.753702413397449,0.8950744412853184,12.50415506793393,-1.6421361557055523,6.6750074282377385,-3.141342837529198,TRUE,1358,1440,FALSE
KNUST::KNUST_S009::2024-12-06,KNUST,KNUST::KNUST_S009,2024-12-06,1.6928415480855463,0.2535419081718084,12.50280698345767,-1.6434842401818113,6.6750074282377385,-3.141342837529198,TRUE,1406,1440,FALSE
KNUST::KNUST_S009::2024-12-07,KNUST,KNUST::KNUST_S009,2024-12-07,0.3830820519753423,-0.31597909762601906,12.501544791857402,-1.64474643178208,6.6750074282377385,-3.141342837529198,TRUE,1399,1440,FALSE
KNUST::KNUST_S009::2024-12-08,KNUST,KNUST::KNUST_S009,2024-12-08,2.8674974032966745,0.47239034759818105,12.500368875066439,-1.645922348573043,6.6750074282377385,-3.141342837529198,TRUE,1395,1440,FALSE
KNUST::KNUST_S010::2024-12-10,KNUST,KNUST::KNUST_S010,2024-12-10,1.2264088856699138,0.12267742257327145,12.498277292450268,-1.6480139311892135,6.6750074282377385,-3.141342837529198,TRUE,1338,1440,FALSE
KNUST::KNUST_S010::2024-12-11,KNUST,KNUST::KNUST_S010,2024-12-11,1.000358750794316,0.04153430160297448,12.49736228691207,-1.6489289367274118,6.6750074282377385,-3.141342837529198,TRUE,1288,1440,FALSE
KNUST::KNUST_S010::2024-12-12,KNUST,KNUST::KNUST_S010,2024-12-12,5.468826549729916,0.745763691283854,12.496534875300195,-1.6497563483392863,6.6750074282377385,-3.141342837529198,TRUE,1401,1440,FALSE
KNUST::KNUST_S010::2024-12-13,KNUST,KNUST::KNUST_S010,2024-12-13,2.9715978604269555,0.487364356401925,12.495795331663556,-1.6504958919759254,6.6750074282377385,-3.141342837529198,TRUE,1440,1440,FALSE
KNUST::KNUST_S010::2024-12-14,KNUST,KNUST::KNUST_S010,2024-12-14,1.2722565061842657,0.13743529854873468,12.495143906407886,-1.6511473172315956,6.6750074282377385,-3.141342837529198,TRUE,1373,1440,FALSE
KNUST::KNUST_S010::2024-12-15,KNUST,KNUST::KNUST_S010,2024-12-15,1.0467792077383187,0.059479810149599376,12.494580825832156,-1.6517103978073262,6.6750074282377385,-3.141342837529198,TRUE,1369,1440,FALSE
KNUST::KNUST_S011::2024-12-17,KNUST,KNUST::KNUST_S011,2024-12-17,8.515420984110497,0.9352765036771586,12.493720479806264,-1.652570743833218,6.6750074282377385,-3.141342837529198,TRUE,1362,1440,FALSE
KNUST::KNUST_S011::2024-12-18,KNUST,KNUST::KNUST_S011,2024-12-18,7.198990186737214,0.8632627797555991,12.493423541718059,-1.652867681921423,6.6750074282377385,-3.141342837529198,TRUE,1392,1440,FALSE
KNUST::KNUST_S011::2024-12-19,KNUST,KNUST::KNUST_S011,2024-12-19,2.0873283370116416,0.3399139793108212,12.493215602106519,-1.6530756215329632,6.6750074282377385,-3.141342837529198,TRUE,1348,1440,FALSE
KNUST::KNUST_S011::2024-12-20,KNUST,KNUST::KNUST_S011,2024-12-20,2.714737539744776,0.44943790527806976,12.49309675971667,-1.6531944639228122,6.6750074282377385,-3.141342837529198,TRUE,1417,1440,FALSE
KNUST::KNUST_S011::2024-12-21,KNUST,KNUST::KNUST_S011,2024-12-21,1.325832146084155,0.15406840186917517,12.493067087067498,-1.6532241365719837,6.6750074282377385,-3.141342837529198,TRUE,1421,1440,FALSE
KNUST::KNUST_S011::2024-12-22,KNUST,KNUST::KNUST_S011,2024-12-22,0.31662319128502325,-0.3802565587598896,12.493126629855897,-1.6531645937835844,6.6750074282377385,-3.141342837529198,TRUE,1440,1440,FALSE
KNUST::KNUST_S012::2025-01-07,KNUST,KNUST::KNUST_S012,2025-01-07,4.1592355247456005,0.6293316561031471,12.50614821129375,-1.6401430123457317,6.6750074282377385,-3.141342837529198,TRUE,1355,1440,FALSE
KNUST::KNUST_S012::2025-01-08,KNUST,KNUST::KNUST_S012,2025-01-08,9.046481574181742,0.9612540638174362,12.507706261078516,-1.6385849625609659,6.6750074282377385,-3.141342837529198,TRUE,1393,1440,FALSE
KNUST::KNUST_S012::2025-01-09,KNUST,KNUST::KNUST_S012,2025-01-09,5.344635093758745,0.735968778108777,12.509350015123685,-1.6369412085157968,6.6750074282377385,-3.141342837529198,TRUE,1440,1440,FALSE
KNUST::KNUST_S012::2025-01-10,KNUST,KNUST::KNUST_S012,2025-01-10,4.9288434776844,0.7014681184533322,12.51107906738917,-1.6352121562503115,6.6750074282377385,-3.141342837529198,TRUE,1440,1440,FALSE
KNUST::KNUST_S012::2025-01-11,KNUST,KNUST::KNUST_S012,2025-01-11,3.190506248738529,0.5172627198708833,12.512892994681994,-1.6333982289574873,6.6750074282377385,-3.141342837529198,TRUE,1440,1440,FALSE
KNUST::KNUST_S012::2025-01-12,KNUST,KNUST::KNUST_S012,2025-01-12,4.619502356542803,0.6738962072778376,12.51479135685497,-1.6314998667845124,6.6750074282377385,-3.141342837529198,TRUE,1440,1440,FALSE
KNUST::KNUST_S013::2025-01-14,KNUST,KNUST::KNUST_S013,2025-01-14,3.086534232689237,0.5033185884327616,12.518839546640715,-1.627451676998767,6.6750074282377385,-3.141342837529198,TRUE,1279,1440,FALSE
KNUST::KNUST_S013::2025-01-15,KNUST,KNUST::KNUST_S013,2025-01-15,5.092004146957987,0.7153350306721763,12.520988418327438,-1.6253028053120442,6.6750074282377385,-3.141342837529198,TRUE,1440,1440,FALSE
KNUST::KNUST_S013::2025-01-16,KNUST,KNUST::KNUST_S013,2025-01-16,2.434956483786075,0.4039705084370892,12.523219814168081,-1.6230714094714003,6.6750074282377385,-3.141342837529198,TRUE,1440,1440,FALSE
KNUST::KNUST_S013::2025-01-17,KNUST,KNUST::KNUST_S013,2025-01-17,4.889315086039331,0.698040931441134,12.525533223284615,-1.6207580003548667,6.6750074282377385,-3.141342837529198,TRUE,1438,1440,FALSE
KNUST::KNUST_S014::2025-01-21,KNUST,KNUST::KNUST_S014,2025-01-21,1.1392530320613514,0.09315999016012405,12.535596380896038,-1.6106948427434435,6.6750074282377385,-3.141342837529198,TRUE,1415,1440,FALSE
KNUST::KNUST_S014::2025-01-22,KNUST,KNUST::KNUST_S014,2025-01-22,0.8109541915199189,-0.04050346152351325,12.53831181022856,-1.6079794134109218,6.6750074282377385,-3.141342837529198,TRUE,1437,1440,FALSE
KNUST::KNUST_S014::2025-01-23,KNUST,KNUST::KNUST_S014,2025-01-23,3.2702030876227135,0.5276560721402952,12.541105968819725,-1.605185254819757,6.6750074282377385,-3.141342837529198,TRUE,1400,1440,FALSE
KNUST::KNUST_S014::2025-01-24,KNUST,KNUST::KNUST_S014,2025-01-24,0.5064261265909049,-0.21722209631097233,12.54397827969657,-1.602312943942911,6.6750074282377385,-3.141342837529198,TRUE,1415,1440,FALSE
KNUST::KNUST_S014::2025-01-25,KNUST,KNUST::KNUST_S014,2025-01-25,1.4771703593620766,0.19787860654064035,12.546928159528308,-1.5993630641111736,6.6750074282377385,-3.141342837529198,TRUE,1439,1440,FALSE
KNUST::KNUST_S014::2025-01-26,KNUST,KNUST::KNUST_S014,2025-01-26,0.3757006398726145,-0.3226662644031828,12.549955018825,-1.596336204814481,6.6750074282377385,-3.141342837529198,TRUE,1440,1440,FALSE
KNUST::KNUST_S015::2025-01-28,KNUST,KNUST::KNUST_S015,2025-01-28,11.029652251102556,1.0464815949019466,12.556237291826141,-1.5900539318133404,6.6750074282377385,-3.141342837529198,TRUE,1292,1440,FALSE
KNUST::KNUST_S015::2025-01-29,KNUST,KNUST::KNUST_S015,2025-01-29,8.02099852213465,0.9096094314569433,12.55949150145054,-1.5867997221889425,6.6750074282377385,-3.141342837529198,TRUE,1387,1440,FALSE
KNUST::KNUST_S015::2025-01-30,KNUST,KNUST::KNUST_S015,2025-01-30,4.580585166128601,0.6703001519061882,12.562820283836789,-1.5834709398026927,6.6750074282377385,-3.141342837529198,TRUE,1439,1440,FALSE
KNUST::KNUST_S015::2025-01-31,KNUST,KNUST::KNUST_S015,2025-01-31,3.3079195532352177,0.5324893343345704,12.56622302737501,-1.580068196264472,6.6750074282377385,-3.141342837529198,TRUE,1348,1440,FALSE
KNUST::KNUST_S015::2025-02-01,KNUST,KNUST::KNUST_S015,2025-02-01,2.348637962669688,0.3889245783310384,12.569699117210176,-1.576592106429306,6.6750074282377385,-3.141342837529198,TRUE,1330,1440,FALSE
RISE::RISE_S001::2025-03-04,RISE,RISE::RISE_S001,2025-03-04,5.45470162117555,0.7446607351477565,12.179657288326158,-1.9666339353133235,57.715675,1.9627239196470283,TRUE,1381,1440,FALSE
RISE::RISE_S001::2025-03-05,RISE,RISE::RISE_S001,2025-03-05,2.415535698848012,0.40063048493057696,12.261009983155462,-1.8852812404840193,57.715675,1.9627239196470283,TRUE,1406,1440,FALSE
RISE::RISE_S001::2025-03-06,RISE,RISE::RISE_S001,2025-03-06,4.827127403130465,0.6925937921838148,12.34262978831927,-1.8036614353202118,57.715675,1.9627239196470283,TRUE,1399,1440,FALSE
RISE::RISE_S001::2025-03-07,RISE,RISE::RISE_S001,2025-03-07,5.779232519415431,0.7693206365629803,12.424510966539383,-1.7217802571000984,57.715675,1.9627239196470283,TRUE,1320,1440,FALSE
RISE::RISE_S001::2025-03-08,RISE,RISE::RISE_S001,2025-03-08,4.047221844145956,0.6177572673658294,12.506648212075234,-1.6396430115642477,57.715675,1.9627239196470283,TRUE,1261,1440,FALSE
RISE::RISE_S001::2025-03-09,RISE,RISE::RISE_S001,2025-03-09,9.799482427374349,0.9956124890610613,12.58903662721316,-1.557254596426322,57.715675,1.9627239196470283,TRUE,1440,1440,FALSE
RISE::RISE_S002::2025-03-18,RISE,RISE::RISE_S002,2025-03-18,7.4832476896677225,0.8798552414671279,13.341199753284455,-0.8050914703550269,57.715675,1.9627239196470283,TRUE,1395,1440,FALSE
RISE::RISE_S002::2025-03-19,RISE,RISE::RISE_S002,2025-03-19,5.346050890745349,0.736081695297486,13.42590415040652,-0.7203870732329616,57.715675,1.9627239196470283,TRUE,1363,1440,FALSE
RISE::RISE_S002::2025-03-20,RISE,RISE::RISE_S002,2025-03-20,9.089613091745745,0.963297226766189,13.510826363431082,-0.6354648602083994,57.715675,1.9627239196470283,TRUE,1337,1440,FALSE
RISE::RISE_S002::2025-03-21,RISE,RISE::RISE_S002,2025-03-21,6.064865885145617,0.7899236330850756,13.595964657399389,-0.5503265662400931,57.715675,1.9627239196470283,TRUE,1440,1440,FALSE
RISE::RISE_S002::2025-03-22,RISE,RISE::RISE_S002,2025-03-22,4.286842686266034,0.6421520607300938,13.68131742046939,-0.46497380317009096,57.715675,1.9627239196470283,TRUE,1440,1440,FALSE
RISE::RISE_S002::2025-03-23,RISE,RISE::RISE_S002,2025-03-23,4.152913373619851,0.6286865367836135,13.766883142524295,-0.3794080811151872,57.715675,1.9627239196470283,TRUE,1405,1440,FALSE
RISE::RISE_S003::2025-03-18,RISE,RISE::RISE_S003,2025-03-18,4.349906967692244,0.6483509314662703,13.341199753284455,-0.8050914703550269,57.715675,1.9627239196470283,TRUE,1422,1440,FALSE
RISE::RISE_S003::2025-03-19,RISE,RISE::RISE_S003,2025-03-19,3.130465324090434,0.5092650836714968,13.42590415040652,-0.7203870732329616,57.715675,1.9627239196470283,TRUE,1440,1440,FALSE
RISE::RISE_S003::2025-03-20,RISE,RISE::RISE_S003,2025-03-20,2.6019052404936067,0.431670113652562,13.510826363431082,-0.6354648602083994,57.715675,1.9627239196470283,TRUE,1342,1440,FALSE
RISE::RISE_S003::2025-03-21,RISE,RISE::RISE_S003,2025-03-21,5.363716399259352,0.7374881486835022,13.595964657399389,-0.5503265662400931,57.715675,1.9627239196470283,TRUE,1439,1440,FALSE
RISE::RISE_S003::2025-03-22,RISE,RISE::RISE_S003,2025-03-22,1.4269575808685775,0.18382697245223645,13.68131742046939,-0.46497380317009096,57.715675,1.9627239196470283,TRUE,1329,1440,FALSE
RISE::RISE_S003::2025-03-23,RISE,RISE::RISE_S003,2025-03-23,0.26452229248142467,-0.43827590711109055,13.766883142524295,-0.3794080811151872,57.715675,1.9627239196470283,TRUE,1440,1440,FALSE
RISE::RISE_S004::2025-03-25,RISE,RISE::RISE_S004,2025-03-25,3.463858995212622,0.5519205127575131,13.938647803200615,-0.20764342043886685,57.715675,1.9627239196470283,TRUE,1440,1440,FALSE
RISE::RISE_S004::2025-03-26,RISE,RISE::RISE_S004,2025-03-26,14.064904968405195,1.1512136652076261,14.024844036764568,-0.12144718687491363,57.715675,1.9627239196470283,TRUE,1390,1440,FALSE
RISE::RISE_S004::2025-03-27,RISE,RISE::RISE_S004,2025-03-27,3.1179723213198676,0.5075823042907471,14.111247775289748,-0.03504344834973416,57.715675,1.9627239196470283,TRUE,1440,1440,FALSE
RISE::RISE_S004::2025-03-28,RISE,RISE::RISE_S004,2025-03-28,3.5186342743909034,0.5585446923538354,14.19785769297017,0.051566469330687426,57.715675,1.9627239196470283,TRUE,1434,1440,FALSE
RISE::RISE_S004::2025-03-29,RISE,RISE::RISE_S004,2025-03-29,8.362747335867509,0.9275113747546742,14.284672434462442,0.13838121082295984,57.715675,1.9627239196470283,TRUE,1440,1440,FALSE
RISE::RISE_S004::2025-03-30,RISE,RISE::RISE_S004,2025-03-30,2.506752140066852,0.41609973875609285,14.371690592434671,0.2253993687951894,57.715675,1.9627239196470283,TRUE,1320,1380,FALSE
RISE::RISE_S005::2025-04-01,RISE,RISE::RISE_S005,2025-04-01,7.476731560866554,0.8794819007244757,14.54633112874296,0.400039905103478,57.715675,1.9627239196470283,TRUE,1398,1440,FALSE
RISE::RISE_S005::2025-04-02,RISE,RISE::RISE_S005,2025-04-02,6.776505486307367,0.8373677938214483,14.633950222267044,0.48765899862756257,57.715675,1.9627239196470283,TRUE,1425,1440,FALSE
RISE::RISE_S005::2025-04-03,RISE,RISE::RISE_S005,2025-04-03,10.183625114115179,1.01214623620899,14.721766114168696,0.5754748905292146,57.715675,1.9627239196470283,TRUE,1422,1440,FALSE
RISE::RISE_S005::2025-04-04,RISE,RISE::RISE_S005,2025-04-04,6.617575383408862,0.8272125487062186,14.809776781466272,0.6634855578267906,57.715675,1.9627239196470283,TRUE,1440,1440,FALSE
RISE::RISE_S005::2025-04-05,RISE,RISE::RISE_S005,2025-04-05,4.922205940223009,0.7008945173909759,14.897980003555615,0.7516887799161331,57.715675,1.9627239196470283,TRUE,1440,1440,FALSE
RISE::RISE_S005::2025-04-06,RISE,RISE::RISE_S005,2025-04-06,3.679590698826737,0.5774447715659233,14.986373335785336,0.8400821121458542,57.715675,1.9627239196470283,TRUE,1331,1440,FALSE
RISE::RISE_S006::2025-04-15,RISE,RISE::RISE_S006,2025-04-15,7.773327955149499,0.8961583418961452,15.78991743306319,1.643626209423708,57.715675,1.9627239196470283,TRUE,1411,1440,FALSE
RISE::RISE_S006::2025-04-16,RISE,RISE::RISE_S006,2025-04-16,4.493351282321975,0.6621296599052449,15.880007472435633,1.733716248796151,57.715675,1.9627239196470283,TRUE,1440,1440,FALSE
RISE::RISE_S006::2025-04-17,RISE,RISE::RISE_S006,2025-04-17,11.12995211221592,1.050377904307342,15.970237473911709,1.8239462502722272,57.715675,1.9627239196470283,TRUE,1408,1440,FALSE
RISE::RISE_S006::2025-04-18,RISE,RISE::RISE_S006,2025-04-18,5.365199028355533,0.7376059824508866,16.060599889622793,1.9143086659833113,57.715675,1.9627239196470283,TRUE,1440,1440,FALSE
RISE::RISE_S006::2025-04-19,RISE,RISE::RISE_S006,2025-04-19,3.547257514010776,0.5619664276860562,16.15108650598261,2.00479528234313,57.715675,1.9627239196470283,TRUE,1278,1440,FALSE
RISE::RISE_S006::2025-04-20,RISE,RISE::RISE_S006,2025-04-20,3.2173976966599676,0.5207975387825555,16.241688398917518,2.095397175278036,57.715675,1.9627239196470283,TRUE,1440,1440,FALSE
RISE::RISE_S007::2025-04-15,RISE,RISE::RISE_S007,2025-04-15,16.918843413599294,1.2309300424607197,15.78991743306319,1.643626209423708,57.715675,1.9627239196470283,TRUE,1440,1440,FALSE
RISE::RISE_S007::2025-04-16,RISE,RISE::RISE_S007,2025-04-16,8.319971804423385,0.925310637199906,15.880007472435633,1.733716248796151,57.715675,1.9627239196470283,TRUE,1349,1440,FALSE
RISE::RISE_S007::2025-04-17,RISE,RISE::RISE_S007,2025-04-17,10.244392615401386,1.01470499557946,15.970237473911709,1.8239462502722272,57.715675,1.9627239196470283,TRUE,1431,1440,FALSE
RISE::RISE_S007::2025-04-18,RISE,RISE::RISE_S007,2025-04-18,10.284366681289685,1.0163800150542432,16.060599889622793,1.9143086659833113,57.715675,1.9627239196470283,TRUE,1440,1440,FALSE
RISE::RISE_S007::2025-04-19,RISE,RISE::RISE_S007,2025-04-19,8.396451269962014,0.9292375709277931,16.15108650598261,2.00479528234313,57.715675,1.9627239196470283,TRUE,1399,1440,FALSE
RISE::RISE_S007::2025-04-20,RISE,RISE::RISE_S007,2025-04-20,1.9491927840769012,0.31158281790452735,16.241688398917518,2.095397175278036,57.715675,1.9627239196470283,TRUE,1430,1440,FALSE
RISE::RISE_S008::2025-04-29,RISE,RISE::RISE_S008,2025-04-29,17.762603695998948,1.251944762972962,17.06040390630563,2.9141126826661488,57.715675,1.9627239196470283,TRUE,1440,1440,FALSE
RISE::RISE_S008::2025-04-30,RISE,RISE::RISE_S008,2025-04-30,60.546773838573195,1.7828077031189768,17.151474550233946,3.005183326594464,57.715675,1.9627239196470283,TRUE,1305,1440,FALSE
RISE::RISE_S008::2025-05-01,RISE,RISE::RISE_S008,2025-05-01,23.15067700521276,1.3664356030473706,17.242500105102856,3.096208881463374,57.715675,1.9627239196470283,TRUE,1440,1440,FALSE
RISE::RISE_S008::2025-05-02,RISE,RISE::RISE_S008,2025-05-02,10.352296937524947,1.0192117390285715,17.33345867547724,3.187167451837757,57.715675,1.9627239196470283,TRUE,1440,1440,FALSE
RISE::RISE_S008::2025-05-03,RISE,RISE::RISE_S008,2025-05-03,12.391563197031909,1.0966167894842416,17.424326815075343,3.278035591435861,57.715675,1.9627239196470283,TRUE,1440,1440,FALSE
RISE::RISE_S008::2025-05-04,RISE,RISE::RISE_S008,2025-05-04,13.312434453799858,1.127507612593945,17.515079435838594,3.368788212199112,57.715675,1.9627239196470283,TRUE,1440,1440,FALSE
RISE::RISE_S009::2025-05-27,RISE,RISE::RISE_S009,2025-05-27,15.331549888862371,1.1884095472152603,19.47890533533361,5.332614111694129,57.715675,1.9627239196470283,TRUE,1440,1440,FALSE
RISE::RISE_S009::2025-05-28,RISE,RISE::RISE_S009,2025-05-28,9.491181455667471,0.9818721074911554,19.55297898358769,5.406687759948207,57.715675,1.9627239196470283,TRUE,1267,1440,FALSE
RISE::RISE_S009::2025-05-29,RISE,RISE::RISE_S009,2025-05-29,35.35509474497496,1.5496786502567368,19.625408908989694,5.479117685350213,57.715675,1.9627239196470283,TRUE,1364,1440,FALSE
RISE::RISE_S009::2025-05-30,RISE,RISE::RISE_S009,2025-05-30,9.441742674883395,0.9796277001724875,19.696082001328467,5.549790777688985,57.715675,1.9627239196470283,TRUE,1311,1440,FALSE
RISE::RISE_S009::2025-05-31,RISE,RISE::RISE_S009,2025-05-31,20.83761181656156,1.3209271437211474,19.76488055811988,5.618589334480399,57.715675,1.9627239196470283,TRUE,1359,1440,FALSE
RISE::RISE_S009::2025-06-01,RISE,RISE::RISE_S009,2025-06-01,3.909331497452547,0.6030719658445647,19.831682472030323,5.685391248390841,57.715675,1.9627239196470283,TRUE,1324,1440,FALSE
RISE::RISE_S010::2025-06-10,RISE,RISE::RISE_S010,2025-06-10,5.066052451810765,0.7131588113255559,20.321251919137108,6.174960695497626,57.715675,1.9627239196470283,TRUE,1371,1440,FALSE
RISE::RISE_S010::2025-06-11,RISE,RISE::RISE_S010,2025-06-11,8.119569463878939,0.9148490700511833,20.360735110441844,6.214443886802362,57.715675,1.9627239196470283,TRUE,1356,1440,FALSE
RISE::RISE_S010::2025-06-12,RISE,RISE::RISE_S010,2025-06-12,37.15005571765111,1.5711269266910317,20.396744766698944,6.2504535430594625,57.715675,1.9627239196470283,TRUE,1269,1440,FALSE
RISE::RISE_S010::2025-06-13,RISE,RISE::RISE_S010,2025-06-13,0.7624823910029902,-0.06424976300054419,20.429159809152285,6.282868585512803,57.715675,1.9627239196470283,TRUE,1329,1440,FALSE
RISE::RISE_S010::2025-06-14,RISE,RISE::RISE_S010,2025-06-14,12.542620662908757,1.1018371072905715,20.457867281238237,6.311576057598755,57.715675,1.9627239196470283,TRUE,1437,1440,FALSE
RISE::RISE_S012::2025-06-10,RISE,RISE::RISE_S012,2025-06-10,4.637104832960618,0.6755129958473441,20.321251919137108,6.174960695497626,57.715675,1.9627239196470283,TRUE,1440,1440,FALSE
RISE::RISE_S012::2025-06-11,RISE,RISE::RISE_S012,2025-06-11,14.065906904379103,1.1512443833717807,20.360735110441844,6.214443886802362,57.715675,1.9627239196470283,TRUE,1436,1440,FALSE
RISE::RISE_S012::2025-06-12,RISE,RISE::RISE_S012,2025-06-12,11.463156153115246,1.0630763905550396,20.396744766698944,6.2504535430594625,57.715675,1.9627239196470283,TRUE,1433,1440,FALSE
RISE::RISE_S012::2025-06-13,RISE,RISE::RISE_S012,2025-06-13,14.297973361579809,1.1583013657185353,20.429159809152285,6.282868585512803,57.715675,1.9627239196470283,TRUE,1425,1440,FALSE
RISE::RISE_S012::2025-06-14,RISE,RISE::RISE_S012,2025-06-14,19.610122653246254,1.2946893268396815,20.457867281238237,6.311576057598755,57.715675,1.9627239196470283,TRUE,1427,1440,FALSE
RISE::RISE_S012::2025-06-15,RISE,RISE::RISE_S012,2025-06-15,5.622274251253361,0.7575686683856636,20.482763924863605,6.336472701224123,57.715675,1.9627239196470283,TRUE,1440,1440,FALSE
RISE::RISE_S012::2025-06-16,RISE,RISE::RISE_S012,2025-06-16,8.161308447761641,0.9170488374704753,20.503757714099354,6.357466490459872,57.715675,1.9627239196470283,TRUE,1440,1440,FALSE
RISE::RISE_S013::2025-06-24,RISE,RISE::RISE_S013,2025-06-24,7.42568890103902,0.8765462613722832,20.52484733098083,6.378556107341348,57.715675,1.9627239196470283,TRUE,1438,1440,FALSE
RISE::RISE_S013::2025-06-25,RISE,RISE::RISE_S013,2025-06-25,5.0071524177606,0.7081788191252901,20.508991887436974,6.362700663797492,57.715675,1.9627239196470283,TRUE,1233,1440,FALSE
RISE::RISE_S013::2025-06-26,RISE,RISE::RISE_S013,2025-06-26,8.43422401041458,0.9311640382432509,20.489147805107965,6.342856581468483,57.715675,1.9627239196470283,TRUE,1440,1440,FALSE
RISE::RISE_S013::2025-06-27,RISE,RISE::RISE_S013,2025-06-27,2.4625862714695104,0.4086784951730655,20.465393348733585,6.319102125094103,57.715675,1.9627239196470283,TRUE,1299,1440,FALSE
RISE::RISE_S013::2025-06-28,RISE,RISE::RISE_S013,2025-06-28,4.277743010915691,0.6412502633495278,20.43781963951058,6.291528415871097,57.715675,1.9627239196470283,TRUE,1262,1440,FALSE
RISE::RISE_S013::2025-06-29,RISE,RISE::RISE_S013,2025-06-29,5.80848722271859,0.7714763006909531,20.406529225375916,6.260238001736434,57.715675,1.9627239196470283,TRUE,1435,1440,FALSE
RISE::RISE_S016::2025-10-07,RISE,RISE::RISE_S016,2025-10-07,2.0081241224584003,0.3238961777510395,12.295595754848586,-1.8506954687908959,57.715675,1.9627239196470283,TRUE,1440,1440,FALSE
RISE::RISE_S016::2025-10-08,RISE,RISE::RISE_S016,2025-10-08,1.7822713687084795,0.2746822362201931,12.215335908797051,-1.9309553148424303,57.715675,1.9627239196470283,TRUE,1260,1440,FALSE
RISE::RISE_S016::2025-10-09,RISE,RISE::RISE_S016,2025-10-09,1.3923972447690656,0.17388443858462121,12.135332807037566,-2.010958416601916,57.715675,1.9627239196470283,TRUE,1262,1440,FALSE
RISE::RISE_S016::2025-10-10,RISE,RISE::RISE_S016,2025-10-10,0.7202092800620222,-0.08607532129953621,12.055592330296834,-2.0906988933426476,57.715675,1.9627239196470283,TRUE,1440,1440,FALSE
RISE::RISE_S016::2025-10-11,RISE,RISE::RISE_S016,2025-10-11,1.120496658247296,0.0865365946448534,11.976120831569036,-2.170170392070446,57.715675,1.9627239196470283,TRUE,1308,1440,FALSE
RISE::RISE_S016::2025-10-12,RISE,RISE::RISE_S016,2025-10-12,1.5761227288150146,0.22430581530601484,11.896925158434444,-2.249366065205038,57.715675,1.9627239196470283,TRUE,1391,1440,FALSE
THUAS::THUAS_S001::2025-02-22,THUAS,THUAS::THUAS_S001,2025-02-22,0.15569175533385024,-0.5922832753789872,11.59127261598905,-2.5550186076504318,52.0116,1.3923164196470283,TRUE,1440,1440,FALSE
THUAS::THUAS_S001::2025-02-23,THUAS,THUAS::THUAS_S001,2025-02-23,2.9641696337091075,0.4863128043497779,11.654367930557992,-2.4919232930814896,52.0116,1.3923164196470283,TRUE,1161,1440,FALSE
THUAS::THUAS_S001::2025-02-24,THUAS,THUAS::THUAS_S001,2025-02-24,1.559918532723112,0.2200867737888369,11.717774412168398,-2.4285168114710842,52.0116,1.3923164196470283,TRUE,1440,1440,FALSE
THUAS::THUAS_S001::2025-02-25,THUAS,THUAS::THUAS_S001,2025-02-25,1.9332693246771933,0.3081949086302635,11.781480873823165,-2.3648103498163167,52.0116,1.3923164196470283,TRUE,1425,1440,FALSE
THUAS::THUAS_S001::2025-02-26,THUAS,THUAS::THUAS_S001,2025-02-26,4.1981264819119755,0.6332791914225718,11.845476604236497,-2.300814619402985,52.0116,1.3923164196470283,TRUE,1440,1440,FALSE
THUAS::THUAS_S001::2025-02-27,THUAS,THUAS::THUAS_S001,2025-02-27,2.543796768914642,0.42222806748106445,11.909751350416078,-2.2365398732234034,52.0116,1.3923164196470283,TRUE,1357,1440,FALSE
THUAS::THUAS_S001::2025-02-28,THUAS,THUAS::THUAS_S001,2025-02-28,1.0627475284281436,0.06548542503484658,11.974295300576422,-2.1719959230630597,52.0116,1.3923164196470283,TRUE,1341,1440,FALSE
THUAS::THUAS_S001::2025-03-02,THUAS,THUAS::THUAS_S001,2025-03-02,0.5083951185165733,-0.2158142791848194,12.10415366133054,-2.042137562308941,52.0116,1.3923164196470283,TRUE,1440,1440,FALSE
THUAS::THUAS_S002::2025-03-04,THUAS,THUAS::THUAS_S002,2025-03-04,4.868895370762858,0.6962598519721893,12.234981320500374,-1.9113099031391076,52.0116,1.3923164196470283,TRUE,1422,1440,FALSE
THUAS::THUAS_S002::2025-03-05,THUAS,THUAS::THUAS_S002,2025-03-05,5.201498716067514,0.7243986605645629,12.300738272799386,-1.845552950840096,52.0116,1.3923164196470283,TRUE,1440,1440,FALSE
THUAS::THUAS_S002::2025-03-06,THUAS,THUAS::THUAS_S002,2025-03-06,0.2743919043234484,-0.426673550814452,12.366713795595698,-1.7795774280437833,52.0116,1.3923164196470283,TRUE,1440,1440,FALSE
THUAS::THUAS_S002::2025-03-07,THUAS,THUAS::THUAS_S002,2025-03-07,4.463404399323893,0.6592889567438885,12.432900649176704,-1.7133905744627782,52.0116,1.3923164196470283,TRUE,1440,1440,FALSE
THUAS::THUAS_S002::2025-03-08,THUAS,THUAS::THUAS_S002,2025-03-08,0.20884029022542086,-0.5102660480993426,12.499291886356142,-1.64699933728334,52.0116,1.3923164196470283,TRUE,1440,1440,FALSE
THUAS::THUAS_S003::2025-03-18,THUAS,THUAS::THUAS_S003,2025-03-18,8.012231889035736,0.9091403565219585,13.173087510267893,-0.9732037133715892,52.0116,1.3923164196470283,TRUE,1325,1440,FALSE
THUAS::THUAS_S003::2025-03-19,THUAS,THUAS::THUAS_S003,2025-03-19,18.466300449981368,1.2687253741638957,13.241332811580763,-0.9049584120587184,52.0116,1.3923164196470283,TRUE,1190,1440,FALSE
THUAS::THUAS_S003::2025-03-20,THUAS,THUAS::THUAS_S003,2025-03-20,11.793906247881909,1.0753245109088427,13.309714924295744,-0.8365762993437382,52.0116,1.3923164196470283,TRUE,1440,1440,FALSE
THUAS::THUAS_S003::2025-03-21,THUAS,THUAS::THUAS_S003,2025-03-21,8.801620289870087,0.9494690649486118,13.378228944804933,-0.7680622788345488,52.0116,1.3923164196470283,TRUE,1394,1440,FALSE
THUAS::THUAS_S003::2025-03-22,THUAS,THUAS::THUAS_S003,2025-03-22,2.085625593028155,0.3395757674909272,13.446869988971287,-0.6994212346681952,52.0116,1.3923164196470283,TRUE,1390,1440,FALSE
THUAS::THUAS_S003::2025-03-23,THUAS,THUAS::THUAS_S003,2025-03-23,10.5639079649892,1.0279163882372155,13.515633172988892,-0.6306580506505899,52.0116,1.3923164196470283,TRUE,1440,1440,FALSE
THUAS::THUAS_S005::2025-03-25,THUAS,THUAS::THUAS_S005,2025-03-25,2.544883406793299,0.4224065319846796,13.653506302436194,-0.4927849212032882,52.0116,1.3923164196470283,TRUE,1428,1440,FALSE
THUAS::THUAS_S005::2025-03-26,THUAS,THUAS::THUAS_S005,2025-03-26,4.528310814718625,0.6654225163524478,13.72260629620817,-0.4236849274313119,52.0116,1.3923164196470283,TRUE,1323,1440,FALSE
THUAS::THUAS_S005::2025-03-27,THUAS,THUAS::THUAS_S005,2025-03-27,5.593210085014424,0.7553572099979299,13.791808485322528,-0.3544827383169533,52.0116,1.3923164196470283,TRUE,1440,1440,FALSE
THUAS::THUAS_S005::2025-03-28,THUAS,THUAS::THUAS_S005,2025-03-28,4.719659870418873,0.6830163906014303,13.861107677883572,-0.28518354575590976,52.0116,1.3923164196470283,TRUE,1303,1440,FALSE
THUAS::THUAS_S005::2025-03-29,THUAS,THUAS::THUAS_S005,2025-03-29,4.379106770967515,0.6511914150879877,13.930498557686805,-0.21579266595267654,52.0116,1.3923164196470283,TRUE,1440,1440,FALSE
THUAS::THUAS_S005::2025-03-30,THUAS,THUAS::THUAS_S005,2025-03-30,4.9425551460048025,0.7026506564087746,13.9999756623639,-0.14631556127558198,52.0116,1.3923164196470283,TRUE,1289,1380,FALSE
THUAS::THUAS_S006::2025-04-01,THUAS,THUAS::THUAS_S006,2025-04-01,5.289168262036206,0.7315217434648393,14.13916583571169,-0.007125387927791493,52.0116,1.3923164196470283,TRUE,1409,1440,FALSE
THUAS::THUAS_S006::2025-04-02,THUAS,THUAS::THUAS_S006,2025-04-02,4.899194021994728,0.6988999923330087,14.208867051866319,0.06257582822683716,52.0116,1.3923164196470283,TRUE,1440,1440,FALSE
THUAS::THUAS_S006::2025-04-03,THUAS,THUAS::THUAS_S006,2025-04-03,4.374275084302009,0.6507226815759513,14.27863074236446,0.13233951872497762,52.0116,1.3923164196470283,TRUE,1413,1440,FALSE
THUAS::THUAS_S006::2025-04-05,THUAS,THUAS::THUAS_S006,2025-04-05,12.179502473760712,1.089180770935641,14.418319160474672,0.27202793683519033,52.0116,1.3923164196470283,TRUE,1440,1440,FALSE
THUAS::THUAS_S006::2025-04-06,THUAS,THUAS::THUAS_S006,2025-04-06,7.0141057789851695,0.8521203183825174,14.488229966627227,0.34193874298774496,52.0116,1.3923164196470283,TRUE,1349,1440,FALSE
THUAS::THUAS_S007::2025-04-08,THUAS,THUAS::THUAS_S007,2025-04-08,7.44648936467054,0.8777449643270794,14.628147530357042,0.4818563067175603,52.0116,1.3923164196470283,TRUE,1376,1440,FALSE
THUAS::THUAS_S007::2025-04-09,THUAS,THUAS::THUAS_S007,2025-04-09,13.609376971617566,1.137017718543216,14.698138311372864,0.5518470877333819,52.0116,1.3923164196470283,TRUE,1325,1440,FALSE
THUAS::THUAS_S007::2025-04-10,THUAS,THUAS::THUAS_S007,2025-04-10,5.579488526850678,0.754309226561691,14.76813911543952,0.621847891800039,52.0116,1.3923164196470283,TRUE,1349,1440,FALSE
THUAS::THUAS_S007::2025-04-11,THUAS,THUAS::THUAS_S007,2025-04-11,0.0011171839751614038,-0.9951750336134867,14.838140927619405,0.6918497039799227,52.0116,1.3923164196470283,TRUE,1440,1440,FALSE
THUAS::THUAS_S007::2025-04-12,THUAS,THUAS::THUAS_S007,2025-04-12,3.3143538655519578,0.5333085296353167,14.908134275078773,0.7618430514392909,52.0116,1.3923164196470283,TRUE,1232,1440,FALSE
THUAS::THUAS_S007::2025-04-13,THUAS,THUAS::THUAS_S007,2025-04-13,5.361024952166253,0.7372741608906721,14.978109200398126,0.8318179767586447,52.0116,1.3923164196470283,TRUE,1353,1440,FALSE
THUAS::THUAS_S010::2025-06-03,THUAS,THUAS::THUAS_S010,2025-06-03,15.149027514198641,1.1832421480313806,18.042194473081164,3.895903249441682,52.0116,1.3923164196470283,TRUE,1398,1440,FALSE
THUAS::THUAS_S010::2025-06-05,THUAS,THUAS::THUAS_S010,2025-06-05,8.415839222990023,0.9302274534676258,18.110051562454967,3.9637603388154847,52.0116,1.3923164196470283,TRUE,1249,1440,FALSE
THUAS::THUAS_S010::2025-06-06,THUAS,THUAS::THUAS_S010,2025-06-06,63.2763965514588,1.8019275424859238,18.14129734608862,3.995006122449139,52.0116,1.3923164196470283,TRUE,1183,1440,FALSE
THUAS::THUAS_S010::2025-06-07,THUAS,THUAS::THUAS_S010,2025-06-07,9.256086942756129,0.9710942488985294,18.170695600642098,4.024404377002616,52.0116,1.3923164196470283,TRUE,1364,1440,FALSE
THUAS::THUAS_S010::2025-06-08,THUAS,THUAS::THUAS_S010,2025-06-08,3.2861212693964355,0.5297025077264286,18.198204170399244,4.051912946759762,52.0116,1.3923164196470283,TRUE,1440,1440,FALSE
THUAS::THUAS_S010::2025-06-09,THUAS,THUAS::THUAS_S010,2025-06-09,22.204647136015637,1.3483953570063079,18.223782843152684,4.077491619513202,52.0116,1.3923164196470283,TRUE,1343,1440,FALSE
THUAS::THUAS_S011::2025-05-13,THUAS,THUAS::THUAS_S011,2025-05-13,11.322827210362465,1.057773607403557,16.991607664691077,2.8453164410515956,52.0116,1.3923164196470283,TRUE,1422,1440,FALSE
THUAS::THUAS_S011::2025-05-14,THUAS,THUAS::THUAS_S011,2025-05-14,8.852798628679997,0.9519588162100312,17.05210279080603,2.9058115671665465,52.0116,1.3923164196470283,TRUE,1440,1440,FALSE
THUAS::THUAS_S011::2025-05-15,THUAS,THUAS::THUAS_S011,2025-05-15,4.395686197163754,0.6527959894835119,17.111836332347657,2.9655451087081754,52.0116,1.3923164196470283,TRUE,1420,1440,FALSE
THUAS::THUAS_S011::2025-05-16,THUAS,THUAS::THUAS_S011,2025-05-16,3.2234864891141983,0.5215939175873444,17.170767495963307,3.0244762723238257,52.0116,1.3923164196470283,TRUE,1365,1440,FALSE
THUAS::THUAS_S011::2025-05-17,THUAS,THUAS::THUAS_S011,2025-05-17,7.1528774519665,0.8605103394796222,17.22885436197122,3.0825631383317376,52.0116,1.3923164196470283,TRUE,1440,1440,FALSE
THUAS::THUAS_S011::2025-05-18,THUAS,THUAS::THUAS_S011,2025-05-18,1.4731631356576018,0.19677376092098903,17.286053916414577,3.1397626927750952,52.0116,1.3923164196470283,TRUE,1422,1440,FALSE
THUAS::THUAS_S014::2025-07-08,THUAS,THUAS::THUAS_S014,2025-07-08,6.438351710389585,0.8154682783999184,18.05177746653557,3.905486242896087,52.0116,1.3923164196470283,TRUE,1317,1440,FALSE
THUAS::THUAS_S014::2025-07-09,THUAS,THUAS::THUAS_S014,2025-07-09,7.037027964494924,0.853517398424582,18.01588496943315,3.869593745793667,52.0116,1.3923164196470283,TRUE,1240,1440,FALSE
THUAS::THUAS_S014::2025-07-10,THUAS,THUAS::THUAS_S014,2025-07-10,4.730709381051805,0.6840109108042531,17.978340305818453,3.8320490821789708,52.0116,1.3923164196470283,TRUE,1304,1440,FALSE
THUAS::THUAS_S014::2025-07-11,THUAS,THUAS::THUAS_S014,2025-07-11,3.373642869804643,0.5407851659689091,17.939192422562176,3.792901198922694,52.0116,1.3923164196470283,TRUE,1219,1440,FALSE
THUAS::THUAS_S014::2025-07-12,THUAS,THUAS::THUAS_S014,2025-07-12,5.415428945973328,0.7415792940427612,17.898490925100116,3.7521997014606345,52.0116,1.3923164196470283,TRUE,1440,1440,FALSE
THUAS::THUAS_S014::2025-07-13,THUAS,THUAS::THUAS_S014,2025-07-13,1.228355586500758,0.12331434655590591,17.856285890539485,3.7099946669000037,52.0116,1.3923164196470283,TRUE,1440,1440,FALSE
THUAS::THUAS_S015::2025-07-08,THUAS,THUAS::THUAS_S015,2025-07-08,8.989985601175942,0.9585631952863473,18.05177746653557,3.905486242896087,52.0116,1.3923164196470283,TRUE,1440,1440,FALSE
THUAS::THUAS_S015::2025-07-09,THUAS,THUAS::THUAS_S015,2025-07-09,1.4620616035282596,0.19369815729085102,18.01588496943315,3.869593745793667,52.0116,1.3923164196470283,TRUE,1220,1440,FALSE
THUAS::THUAS_S015::2025-07-10,THUAS,THUAS::THUAS_S015,2025-07-10,13.93500021354985,1.147212423578475,17.978340305818453,3.8320490821789708,52.0116,1.3923164196470283,TRUE,1440,1440,FALSE
THUAS::THUAS_S015::2025-07-11,THUAS,THUAS::THUAS_S015,2025-07-11,1.4789341610006186,0.19836402100875739,17.939192422562176,3.792901198922694,52.0116,1.3923164196470283,TRUE,1440,1440,FALSE
THUAS::THUAS_S015::2025-07-12,THUAS,THUAS::THUAS_S015,2025-07-12,7.591258462455286,0.8859974059372179,17.898490925100116,3.7521997014606345,52.0116,1.3923164196470283,TRUE,1440,1440,FALSE
THUAS::THUAS_S015::2025-07-13,THUAS,THUAS::THUAS_S015,2025-07-13,0.23981692604405289,-0.46875499302301116,17.856285890539485,3.7099946669000037,52.0116,1.3923164196470283,TRUE,1440,1440,FALSE
THUAS::THUAS_S016::2025-07-08,THUAS,THUAS::THUAS_S016,2025-07-08,12.405129298109017,1.0970881865235356,18.05177746653557,3.905486242896087,52.0116,1.3923164196470283,TRUE,1440,1440,FALSE
THUAS::THUAS_S016::2025-07-09,THUAS,THUAS::THUAS_S016,2025-07-09,19.798087203900447,1.298811329840962,18.01588496943315,3.869593745793667,52.0116,1.3923164196470283,TRUE,1440,1440,FALSE
THUAS::THUAS_S016::2025-07-10,THUAS,THUAS::THUAS_S016,2025-07-10,21.338234346417956,1.331189013987889,17.978340305818453,3.8320490821789708,52.0116,1.3923164196470283,TRUE,1440,1440,FALSE
THUAS::THUAS_S016::2025-07-11,THUAS,THUAS::THUAS_S016,2025-07-11,9.880081245486986,0.9991340767906833,17.939192422562176,3.792901198922694,52.0116,1.3923164196470283,TRUE,1440,1440,FALSE
THUAS::THUAS_S016::2025-07-12,THUAS,THUAS::THUAS_S016,2025-07-12,11.02540887579275,1.046315980932745,17.898490925100116,3.7521997014606345,52.0116,1.3923164196470283,TRUE,1440,1440,FALSE
THUAS::THUAS_S016::2025-07-13,THUAS,THUAS::THUAS_S016,2025-07-13,8.31704200721556,0.9251594946294323,17.856285890539485,3.7099946669000037,52.0116,1.3923164196470283,TRUE,1440,1440,FALSE
THUAS::THUAS_S017::2025-09-09,THUAS,THUAS::THUAS_S017,2025-09-09,5.629784711601692,0.7581383042850308,14.2053072239293,0.05901600028981768,52.0116,1.3923164196470283,TRUE,1440,1440,FALSE
THUAS::THUAS_S017::2025-09-10,THUAS,THUAS::THUAS_S017,2025-09-10,7.289548409817039,0.8686178985954808,14.136658898790678,-0.00963232484880372,52.0116,1.3923164196470283,TRUE,1440,1440,FALSE
THUAS::THUAS_S017::2025-09-11,THUAS,THUAS::THUAS_S017,2025-09-11,12.046374654249306,1.0844466727822366,14.068081025481224,-0.07821019815825814,52.0116,1.3923164196470283,TRUE,1440,1440,FALSE
THUAS::THUAS_S017::2025-09-12,THUAS,THUAS::THUAS_S017,2025-09-12,4.027221220905377,0.6156577478799865,13.99957904915015,-0.14671217448933227,52.0116,1.3923164196470283,TRUE,1440,1440,FALSE
THUAS::THUAS_S017::2025-09-13,THUAS,THUAS::THUAS_S017,2025-09-13,3.9324888472661894,0.6055731749258596,13.931158213880327,-0.21513300975915506,52.0116,1.3923164196470283,TRUE,1440,1440,FALSE
THUAS::THUAS_S017::2025-09-14,THUAS,THUAS::THUAS_S017,2025-09-14,6.7410417356602785,0.8351222399657962,13.862823584808243,-0.2834676388312385,52.0116,1.3923164196470283,TRUE,1440,1440,FALSE
THUAS::THUAS_S018::2025-09-23,THUAS,THUAS::THUAS_S018,2025-09-23,9.960403743987856,1.0026154101699616,13.252464475962851,-0.8938267476766306,52.0116,1.3923164196470283,TRUE,1353,1440,FALSE
THUAS::THUAS_S018::2025-09-24,THUAS,THUAS::THUAS_S018,2025-09-24,9.249247945633007,0.9707766775893395,13.185245578487715,-0.961045645151767,52.0116,1.3923164196470283,TRUE,1240,1440,FALSE
THUAS::THUAS_S018::2025-09-25,THUAS,THUAS::THUAS_S018,2025-09-25,5.118611166850526,0.7175549392424824,13.118162540859647,-1.028128682779835,52.0116,1.3923164196470283,TRUE,1290,1440,FALSE
THUAS::THUAS_S018::2025-09-26,THUAS,THUAS::THUAS_S018,2025-09-26,6.848777553331187,0.8419084091169122,13.05121983177132,-1.0950713918681618,52.0116,1.3923164196470283,TRUE,1281,1440,FALSE
THUAS::THUAS_S018::2025-09-27,THUAS,THUAS::THUAS_S018,2025-09-27,3.787238110934214,0.5896411439493966,12.984421993957625,-1.161869229681857,52.0116,1.3923164196470283,TRUE,1290,1440,FALSE
TUM::TUM_S001::2024-05-14,TUM,TUM::TUM_S001,2024-05-14,6.676528887548956,0.8310072940139738,16.407798154950143,2.2615069313106613,48.1333,1.0044864196470282,TRUE,1415,1440,FALSE
TUM::TUM_S001::2024-05-15,TUM,TUM::TUM_S001,2024-05-15,14.365618823526408,1.1603370170295777,16.456689239475462,2.3103980158359807,48.1333,1.0044864196470282,TRUE,1343,1440,FALSE
TUM::TUM_S001::2024-05-16,TUM,TUM::TUM_S001,2024-05-16,13.226796619594912,1.1247257699972386,16.50482180317243,2.358530579532948,48.1333,1.0044864196470282,TRUE,1388,1440,FALSE
TUM::TUM_S001::2024-05-17,TUM,TUM::TUM_S001,2024-05-17,9.346030941657553,0.975249363828986,16.552163121700286,2.405871898060804,48.1333,1.0044864196470282,TRUE,1277,1440,FALSE
TUM::TUM_S001::2024-05-18,TUM,TUM::TUM_S001,2024-05-18,11.144045426715909,1.0509225915184872,16.598679932951928,2.452388709312446,48.1333,1.0044864196470282,TRUE,1406,1440,FALSE
TUM::TUM_S001::2024-05-19,TUM,TUM::TUM_S001,2024-05-19,44.71113444966099,1.6513859387577485,16.64433848268456,2.4980472590450784,48.1333,1.0044864196470282,TRUE,1404,1440,FALSE
TUM::TUM_S002::2024-05-28,TUM,TUM::TUM_S002,2024-05-28,2.3945798702239047,0.39699741352362927,17.01090464512507,2.864613421485588,48.1333,1.0044864196470282,TRUE,1297,1440,FALSE
TUM::TUM_S002::2024-05-29,TUM,TUM::TUM_S002,2024-05-29,2.943589707727571,0.4833861068108637,17.046058657566707,2.8997674339272255,48.1333,1.0044864196470282,TRUE,1256,1440,FALSE
TUM::TUM_S002::2024-05-30,TUM,TUM::TUM_S002,2024-05-30,5.5931316526721355,0.755351226911484,17.079968775775697,2.9336775521362153,48.1333,1.0044864196470282,TRUE,1340,1440,FALSE
TUM::TUM_S002::2024-05-31,TUM,TUM::TUM_S002,2024-05-31,2.9823978367712463,0.48888869121690903,17.11260074065791,2.966309517018429,48.1333,1.0044864196470282,TRUE,1400,1440,FALSE
TUM::TUM_S002::2024-06-01,TUM,TUM::TUM_S002,2024-06-01,1.0820523484109201,0.07263671015147886,17.143920845124455,2.9976296214849736,48.1333,1.0044864196470282,TRUE,1440,1440,FALSE
TUM::TUM_S002::2024-06-02,TUM,TUM::TUM_S002,2024-06-02,2.2207425226127433,0.3656269598392332,17.17389604330063,3.027604819661148,48.1333,1.0044864196470282,TRUE,1399,1440,FALSE
TUM::TUM_S003::2024-06-04,TUM,TUM::TUM_S003,2024-06-04,5.866453532989483,0.7757162626680821,17.229683514038722,3.0833922903992406,48.1333,1.0044864196470282,TRUE,1371,1440,FALSE
TUM::TUM_S003::2024-06-05,TUM,TUM::TUM_S003,2024-06-05,3.839845269319233,0.5954791659879148,17.255434011883207,3.109142788243725,48.1333,1.0044864196470282,TRUE,1293,1440,FALSE
TUM::TUM_S003::2024-06-06,TUM,TUM::TUM_S003,2024-06-06,5.339512358140099,0.7355599677751175,17.279716282222005,3.1334250585825227,48.1333,1.0044864196470282,TRUE,1361,1440,FALSE
TUM::TUM_S003::2024-06-07,TUM,TUM::TUM_S003,2024-06-07,5.1324192863921985,0.7187025377761626,17.30250227868557,3.1562110550460876,48.1333,1.0044864196470282,TRUE,1309,1440,FALSE
TUM::TUM_S003::2024-06-08,TUM,TUM::TUM_S003,2024-06-08,5.785683164650552,0.7697968796549486,17.323765294618077,3.1774740709785956,48.1333,1.0044864196470282,TRUE,1393,1440,FALSE
TUM::TUM_S003::2024-06-09,TUM,TUM::TUM_S003,2024-06-09,7.088286663452369,0.8566253881187786,17.343480072021485,3.1971888483820035,48.1333,1.0044864196470282,TRUE,1424,1440,FALSE
TUM::TUM_S004::2024-06-11,TUM,TUM::TUM_S004,2024-06-11,11.008296040026615,1.0456474453343207,17.378171757062276,3.2318805334227942,48.1333,1.0044864196470282,TRUE,1429,1440,FALSE
TUM::TUM_S004::2024-06-12,TUM,TUM::TUM_S004,2024-06-12,14.559467786236937,1.1661182034772661,17.393106327851612,3.2468151042121303,48.1333,1.0044864196470282,TRUE,1416,1440,FALSE
TUM::TUM_S004::2024-06-13,TUM,TUM::TUM_S004,2024-06-13,13.144391713406018,1.1220320168742768,17.4064081744353,3.260116950795817,48.1333,1.0044864196470282,TRUE,1440,1440,FALSE
TUM::TUM_S004::2024-06-14,TUM,TUM::TUM_S004,2024-06-14,3.2057587556454377,0.5192711568836974,17.4180607806974,3.271769557057917,48.1333,1.0044864196470282,TRUE,1422,1440,FALSE
TUM::TUM_S004::2024-06-15,TUM,TUM::TUM_S004,2024-06-15,4.021496048658727,0.6150548878151616,17.428049636880555,3.2817584132410733,48.1333,1.0044864196470282,TRUE,1418,1440,FALSE
TUM::TUM_S004::2024-06-16,TUM,TUM::TUM_S004,2024-06-16,5.9879664952002,0.7844722536525114,17.436362307866414,3.2900710842269323,48.1333,1.0044864196470282,TRUE,1423,1440,FALSE
TUM::TUM_S005::2024-06-18,TUM,TUM::TUM_S005,2024-06-18,2.4246730299752164,0.4022051406834341,17.447920072807207,3.3016288491677255,48.1333,1.0044864196470282,TRUE,1435,1440,FALSE
TUM::TUM_S005::2024-06-19,TUM,TUM::TUM_S005,2024-06-19,0.38093617690217707,-0.31791255326919177,17.451151154239973,3.3048599306004913,48.1333,1.0044864196470282,TRUE,1377,1440,FALSE
TUM::TUM_S005::2024-06-20,TUM,TUM::TUM_S005,2024-06-20,0.1563618913553718,-0.5911465329915,17.452678093645307,3.3063868700058254,48.1333,1.0044864196470282,TRUE,1352,1440,FALSE
TUM::TUM_S005::2024-06-21,TUM,TUM::TUM_S005,2024-06-21,0.482798489660328,-0.23448158238769484,17.452499517268606,3.3062082936291244,48.1333,1.0044864196470282,TRUE,1322,1440,FALSE
TUM::TUM_S005::2024-06-22,TUM,TUM::TUM_S005,2024-06-22,1.2688205635680834,0.13634652091722324,17.450616327722866,3.304325104083384,48.1333,1.0044864196470282,TRUE,1354,1440,FALSE
TUM::TUM_S005::2024-06-23,TUM,TUM::TUM_S005,2024-06-23,0.8209238408377898,-0.0357762838873057,17.447031699485247,3.3007404758457657,48.1333,1.0044864196470282,TRUE,1358,1440,FALSE
TUM::TUM_S006::2024-06-25,TUM,TUM::TUM_S006,2024-06-25,11.627744383823272,1.069214491582111,17.434782080054283,3.2884908564148017,48.1333,1.0044864196470282,TRUE,1417,1440,FALSE
TUM::TUM_S006::2024-06-26,TUM,TUM::TUM_S006,2024-06-26,8.404173425873182,0.9296321081864253,17.42613460249371,3.2798433788542294,48.1333,1.0044864196470282,TRUE,1427,1440,FALSE
TUM::TUM_S006::2024-06-27,TUM,TUM::TUM_S006,2024-06-27,18.559379795706153,1.2708972044812852,17.415820629066893,3.269529405427411,48.1333,1.0044864196470282,TRUE,1329,1440,FALSE
TUM::TUM_S006::2024-06-28,TUM,TUM::TUM_S006,2024-06-28,14.604862800954471,1.1674609768154538,17.403854245874616,3.257563022235134,48.1333,1.0044864196470282,TRUE,1440,1440,FALSE
TUM::TUM_S006::2024-06-29,TUM,TUM::TUM_S006,2024-06-29,11.574048048942926,1.0672214764803798,17.390251560144954,3.243960336505472,48.1333,1.0044864196470282,TRUE,1402,1440,FALSE
TUM::TUM_S006::2024-06-30,TUM,TUM::TUM_S006,2024-06-30,5.494924854586228,0.7477942578960574,17.375030625594988,3.2287394019555062,48.1333,1.0044864196470282,TRUE,1422,1440,FALSE
TUM::TUM_S007::2024-07-02,TUM,TUM::TUM_S007,2024-07-02,3.6411678807257455,0.5730071971147821,17.339815451171663,3.1935242275321816,48.1333,1.0044864196470282,TRUE,1440,1440,FALSE
TUM::TUM_S007::2024-07-03,TUM,TUM::TUM_S007,2024-07-03,2.3602570293322165,0.39098048132676017,17.319866269760663,3.173575046121181,48.1333,1.0044864196470282,TRUE,1391,1440,FALSE
TUM::TUM_S007::2024-07-04,TUM,TUM::TUM_S007,2024-07-04,4.019042416818527,0.614796264230119,17.298388759096465,3.152097535456983,48.1333,1.0044864196470282,TRUE,1363,1440,FALSE
TUM::TUM_S007::2024-07-05,TUM,TUM::TUM_S007,2024-07-05,2.4317808316452596,0.40342610745636553,17.275409334103266,3.129118110463784,48.1333,1.0044864196470282,TRUE,1440,1440,FALSE
TUM::TUM_S007::2024-07-06,TUM,TUM::TUM_S007,2024-07-06,3.8867376575093733,0.6006176583750588,17.250955771075354,3.1046645474358723,48.1333,1.0044864196470282,TRUE,1440,1440,FALSE
TUM::TUM_S007::2024-07-07,TUM,TUM::TUM_S007,2024-07-07,2.9492888769110337,0.48419856956234897,17.225057096150188,3.078765872510706,48.1333,1.0044864196470282,TRUE,1386,1440,FALSE
TUM::TUM_S008::2024-07-09,TUM,TUM::TUM_S008,2024-07-09,13.843721316560467,1.144378694247558,17.169046083688738,3.0227548600492558,48.1333,1.0044864196470282,TRUE,1243,1440,FALSE
TUM::TUM_S008::2024-07-10,TUM,TUM::TUM_S008,2024-07-10,14.500041530555501,1.1643540911587817,17.138997023701666,2.9927058000621845,48.1333,1.0044864196470282,TRUE,1387,1440,FALSE
TUM::TUM_S008::2024-07-11,TUM,TUM::TUM_S008,2024-07-11,7.878416066143172,0.9019166805722753,17.10762917962339,2.9613379559839093,48.1333,1.0044864196470282,TRUE,1265,1440,FALSE
TUM::TUM_S008::2024-07-12,TUM,TUM::TUM_S008,2024-07-12,14.81666547131937,1.1736717501300724,17.074976120856075,2.928684897216593,48.1333,1.0044864196470282,TRUE,1370,1440,FALSE
TUM::TUM_S008::2024-07-13,TUM,TUM::TUM_S008,2024-07-13,26.269771114921046,1.4211063602083687,17.041071989602514,2.8947807659630325,48.1333,1.0044864196470282,TRUE,1299,1440,FALSE
TUM::TUM_S008::2024-07-14,TUM,TUM::TUM_S008,2024-07-14,56.13550562988745,1.7500106043635624,17.005951392915513,2.8596601692760313,48.1333,1.0044864196470282,TRUE,1195,1440,FALSE
TUM::TUM_S009::2024-07-16,TUM,TUM::TUM_S009,2024-07-16,32.94775444023638,1.5191419549760785,16.932200935615434,2.785909711975952,48.1333,1.0044864196470282,TRUE,1440,1440,FALSE
TUM::TUM_S009::2024-07-17,TUM,TUM::TUM_S009,2024-07-17,18.244210598515917,1.263499027616363,16.89364169617494,2.747350472535457,48.1333,1.0044864196470282,TRUE,1440,1440,FALSE
TUM::TUM_S009::2024-07-18,TUM,TUM::TUM_S009,2024-07-18,52.27990280152793,1.719164688193848,16.85400704509682,2.70771582145734,48.1333,1.0044864196470282,TRUE,1440,1440,FALSE
TUM::TUM_S009::2024-07-19,TUM,TUM::TUM_S009,2024-07-19,18.359121809522495,1.2662110356741476,16.813332432177333,2.667041208537851,48.1333,1.0044864196470282,TRUE,1440,1440,FALSE
TUM::TUM_S009::2024-07-20,TUM,TUM::TUM_S009,2024-07-20,9.771455006421643,0.994381170368534,16.77165320912997,2.6253619854904873,48.1333,1.0044864196470282,TRUE,1383,1440,FALSE
TUM::TUM_S009::2024-07-21,TUM,TUM::TUM_S009,2024-07-21,4.53313902694007,0.6658753323048185,16.729004553026623,2.5827133293871416,48.1333,1.0044864196470282,TRUE,1427,1440,FALSE
TUM::TUM_S010::2024-07-23,TUM,TUM::TUM_S010,2024-07-23,3.9056662918159657,0.6026747658113731,16.640938344730273,2.4946471210907912,48.1333,1.0044864196470282,TRUE,1195,1440,FALSE
TUM::TUM_S010::2024-07-24,TUM,TUM::TUM_S010,2024-07-24,4.056947054515464,0.6187744930945699,16.595589646233453,2.449298422593971,48.1333,1.0044864196470282,TRUE,1362,1440,FALSE
TUM::TUM_S010::2024-07-25,TUM,TUM::TUM_S010,2024-07-25,2.3981761923426363,0.39762306520853447,16.54940910299619,2.4031178793567083,48.1333,1.0044864196470282,TRUE,1269,1440,FALSE
TUM::TUM_S010::2024-07-26,TUM,TUM::TUM_S010,2024-07-26,0.17134910001409806,-0.5664716145103726,16.502430035074553,2.3561388114350716,48.1333,1.0044864196470282,TRUE,1331,1440,FALSE
TUM::TUM_S010::2024-07-27,TUM,TUM::TUM_S010,2024-07-27,13.44529653002144,1.1317885169323023,16.454685231116084,2.3083940074766023,48.1333,1.0044864196470282,TRUE,1372,1440,FALSE
TUM::TUM_S010::2024-07-28,TUM,TUM::TUM_S010,2024-07-28,0.3215854496936881,-0.3751143864738467,16.40620690557692,2.2599156819374375,48.1333,1.0044864196470282,TRUE,1435,1440,FALSE
UCR::UCR_S001::2025-06-17,UCR,UCR::UCR_S001,2025-06-17,3.592018627933702,0.5672638835750031,13.473499963151085,-0.6727912604883972,9.9372,-2.8151235803529713,TRUE,1357,1440,FALSE
UCR::UCR_S001::2025-06-18,UCR,UCR::UCR_S001,2025-06-18,5.7570369381780875,0.7676779629721856,13.474199655519591,-0.6720915681198907,9.9372,-2.8151235803529713,TRUE,1419,1440,FALSE
UCR::UCR_S001::2025-06-19,UCR,UCR::UCR_S001,2025-06-19,6.690000479293817,0.8318698049365624,13.474654420481787,-0.6716368031576945,9.9372,-2.8151235803529713,TRUE,1411,1440,FALSE
UCR::UCR_S001::2025-06-22,UCR,UCR::UCR_S001,2025-06-22,4.504211942844813,0.663155307027565,13.474547087020344,-0.6717441366191377,9.9372,-2.8151235803529713,TRUE,1384,1440,FALSE
UCR::UCR_S002::2025-06-17,UCR,UCR::UCR_S002,2025-06-17,4.235588317318909,0.6370480373668308,13.473499963151085,-0.6727912604883972,9.9372,-2.8151235803529713,TRUE,1419,1440,FALSE
UCR::UCR_S002::2025-06-18,UCR,UCR::UCR_S002,2025-06-18,4.136374479095551,0.6269943430823919,13.474199655519591,-0.6720915681198907,9.9372,-2.8151235803529713,TRUE,1429,1440,FALSE
UCR::UCR_S002::2025-06-19,UCR,UCR::UCR_S002,2025-06-19,3.146206377546353,0.5113761266363744,13.474654420481787,-0.6716368031576945,9.9372,-2.8151235803529713,TRUE,1440,1440,FALSE
UCR::UCR_S002::2025-06-20,UCR,UCR::UCR_S002,2025-06-20,2.4146761049551793,0.40048205504232187,13.474863940808508,-0.6714272828309742,9.9372,-2.8151235803529713,TRUE,1428,1440,FALSE
UCR::UCR_S002::2025-06-21,UCR,UCR::UCR_S002,2025-06-21,3.7988264237948894,0.590933900777604,13.47482812086741,-0.671463102772071,9.9372,-2.8151235803529713,TRUE,1440,1440,FALSE
UCR::UCR_S002::2025-06-22,UCR,UCR::UCR_S002,2025-06-22,3.125001757682174,0.5085299556694141,13.474547087020344,-0.6717441366191377,9.9372,-2.8151235803529713,TRUE,1440,1440,FALSE
UCR::UCR_S003::2025-06-17,UCR,UCR::UCR_S003,2025-06-17,3.918639676665254,0.604079067786637,13.473499963151085,-0.6727912604883972,9.9372,-2.8151235803529713,TRUE,1367,1440,FALSE
UCR::UCR_S003::2025-06-18,UCR,UCR::UCR_S003,2025-06-18,4.224010192423592,0.6358867089880503,13.474199655519591,-0.6720915681198907,9.9372,-2.8151235803529713,TRUE,1440,1440,FALSE
UCR::UCR_S003::2025-06-19,UCR,UCR::UCR_S003,2025-06-19,14.335647655808467,1.1594362732901045,13.474654420481787,-0.6716368031576945,9.9372,-2.8151235803529713,TRUE,1440,1440,FALSE
UCR::UCR_S003::2025-06-20,UCR,UCR::UCR_S003,2025-06-20,2.474420432128888,0.4106794735874655,13.474863940808508,-0.6714272828309742,9.9372,-2.8151235803529713,TRUE,1183,1440,FALSE
UCR::UCR_S003::2025-06-22,UCR,UCR::UCR_S003,2025-06-22,5.584437938181495,0.7546875292851681,13.474547087020344,-0.6717441366191377,9.9372,-2.8151235803529713,TRUE,1349,1440,FALSE
UCR::UCR_S004::2025-06-24,UCR,UCR::UCR_S004,2025-06-24,6.966597426145305,0.8492103508897014,13.473250989052984,-0.6730402345864981,9.9372,-2.8151235803529713,TRUE,1393,1440,FALSE
UCR::UCR_S004::2025-06-25,UCR,UCR::UCR_S004,2025-06-25,5.678964298730657,0.7618500114914453,13.472237280209859,-0.6740539434296231,9.9372,-2.8151235803529713,TRUE,1185,1440,FALSE
UCR::UCR_S004::2025-06-26,UCR,UCR::UCR_S004,2025-06-26,6.839099485111821,0.841303113967494,13.470981064306365,-0.675310159333117,9.9372,-2.8151235803529713,TRUE,1405,1440,FALSE
UCR::UCR_S004::2025-06-27,UCR,UCR::UCR_S004,2025-06-27,3.083508461518576,0.5029060085224434,13.469483559065395,-0.6768076645740866,9.9372,-2.8151235803529713,TRUE,1308,1440,FALSE
UCR::UCR_S004::2025-06-28,UCR,UCR::UCR_S004,2025-06-28,2.5143467045819943,0.41736318152388197,13.467746192746691,-0.6785450308927903,9.9372,-2.8151235803529713,TRUE,1375,1440,FALSE
UCR::UCR_S004::2025-06-29,UCR,UCR::UCR_S004,2025-06-29,3.229469919410146,0.5223750955483714,13.465770600769256,-0.6805206228702261,9.9372,-2.8151235803529713,TRUE,1440,1440,FALSE
UCR::UCR_S005::2025-06-24,UCR,UCR::UCR_S005,2025-06-24,2.3083711016389414,0.38172340740986527,13.473250989052984,-0.6730402345864981,9.9372,-2.8151235803529713,TRUE,1409,1440,FALSE
UCR::UCR_S005::2025-06-25,UCR,UCR::UCR_S005,2025-06-25,3.1930025261130575,0.517592063866035,13.472237280209859,-0.6740539434296231,9.9372,-2.8151235803529713,TRUE,1439,1440,FALSE
UCR::UCR_S005::2025-06-26,UCR,UCR::UCR_S005,2025-06-26,5.952873347527144,0.7819615866755549,13.470981064306365,-0.675310159333117,9.9372,-2.8151235803529713,TRUE,1422,1440,FALSE
UCR::UCR_S005::2025-06-27,UCR,UCR::UCR_S005,2025-06-27,3.017683813084238,0.4938320681344942,13.469483559065395,-0.6768076645740866,9.9372,-2.8151235803529713,TRUE,1165,1440,FALSE
UCR::UCR_S005::2025-06-29,UCR,UCR::UCR_S005,2025-06-29,3.7322073609687942,0.5834490007426251,13.465770600769256,-0.6805206228702261,9.9372,-2.8151235803529713,TRUE,1419,1440,FALSE
UCR::UCR_S006::2025-06-24,UCR,UCR::UCR_S006,2025-06-24,3.4978989892744208,0.5560489663979352,13.473250989052984,-0.6730402345864981,9.9372,-2.8151235803529713,TRUE,1388,1440,FALSE
UCR::UCR_S006::2025-06-25,UCR,UCR::UCR_S006,2025-06-25,9.637847652431343,0.9884629757730344,13.472237280209859,-0.6740539434296231,9.9372,-2.8151235803529713,TRUE,1288,1440,FALSE
UCR::UCR_S006::2025-06-26,UCR,UCR::UCR_S006,2025-06-26,8.862340403375391,0.9524214350579453,13.470981064306365,-0.675310159333117,9.9372,-2.8151235803529713,TRUE,1346,1440,FALSE
UCR::UCR_S006::2025-06-27,UCR,UCR::UCR_S006,2025-06-27,3.5042289678046097,0.5568123728440499,13.469483559065395,-0.6768076645740866,9.9372,-2.8151235803529713,TRUE,1300,1440,FALSE
UCR::UCR_S006::2025-06-28,UCR,UCR::UCR_S006,2025-06-28,1.6008225135399738,0.23065899591009337,13.467746192746691,-0.6785450308927903,9.9372,-2.8151235803529713,TRUE,1362,1440,FALSE
UCR::UCR_S006::2025-06-29,UCR,UCR::UCR_S006,2025-06-29,3.997818048918195,0.6125526709746182,13.465770600769256,-0.6805206228702261,9.9372,-2.8151235803529713,TRUE,1343,1440,FALSE
