.model_row_id,site,participant_key,local_date,value,response_value,photoperiod_hours,photoperiod_centered_hours,latitude_deg,absolute_latitude_10deg_centered,metric_support_available,metric_support_valid_minutes,metric_support_expected_minutes,metric_any_censored
BAUA::BAUA_S001::2025-06-11,BAUA,BAUA::BAUA_S001,2025-06-11,0.18333333333333332,0.18333333333333332,18.13485554655393,4.01644003362761,51.498204,1.3409768196470289,FALSE,,,
BAUA::BAUA_S001::2025-06-12,BAUA,BAUA::BAUA_S001,2025-06-12,0.4166666666666667,0.4166666666666667,18.15373947189914,4.035323958972821,51.498204,1.3409768196470289,FALSE,,,
BAUA::BAUA_S001::2025-06-13,BAUA,BAUA::BAUA_S001,2025-06-13,0.08333333333333333,0.08333333333333333,18.170627665254806,4.052212152328487,51.498204,1.3409768196470289,FALSE,,,
BAUA::BAUA_S001::2025-06-15,BAUA,BAUA::BAUA_S001,2025-06-15,2.6333333333333333,2.6333333333333333,18.198317792680527,4.079902279754208,51.498204,1.3409768196470289,FALSE,,,
BAUA::BAUA_S001::2025-06-16,BAUA,BAUA::BAUA_S001,2025-06-16,0.16666666666666666,0.16666666666666666,18.20907755719291,4.09066204426659,51.498204,1.3409768196470289,FALSE,,,
BAUA::BAUA_S002::2025-06-11,BAUA,BAUA::BAUA_S002,2025-06-11,0.8333333333333334,0.8333333333333334,18.13485554655393,4.01644003362761,51.498204,1.3409768196470289,FALSE,,,
BAUA::BAUA_S002::2025-06-12,BAUA,BAUA::BAUA_S002,2025-06-12,0.4166666666666667,0.4166666666666667,18.15373947189914,4.035323958972821,51.498204,1.3409768196470289,FALSE,,,
BAUA::BAUA_S002::2025-06-13,BAUA,BAUA::BAUA_S002,2025-06-13,0.45,0.45,18.170627665254806,4.052212152328487,51.498204,1.3409768196470289,FALSE,,,
BAUA::BAUA_S002::2025-06-14,BAUA,BAUA::BAUA_S002,2025-06-14,1.0166666666666666,1.0166666666666666,18.18549463795291,4.067079125026591,51.498204,1.3409768196470289,FALSE,,,
BAUA::BAUA_S002::2025-06-15,BAUA,BAUA::BAUA_S002,2025-06-15,0.43333333333333335,0.43333333333333335,18.198317792680527,4.079902279754208,51.498204,1.3409768196470289,FALSE,,,
BAUA::BAUA_S002::2025-06-16,BAUA,BAUA::BAUA_S002,2025-06-16,0.18333333333333332,0.18333333333333332,18.20907755719291,4.09066204426659,51.498204,1.3409768196470289,FALSE,,,
BAUA::BAUA_S003::2025-06-11,BAUA,BAUA::BAUA_S003,2025-06-11,2.45,2.45,18.13485554655393,4.01644003362761,51.498204,1.3409768196470289,FALSE,,,
BAUA::BAUA_S003::2025-06-12,BAUA,BAUA::BAUA_S003,2025-06-12,1.3666666666666667,1.3666666666666667,18.15373947189914,4.035323958972821,51.498204,1.3409768196470289,FALSE,,,
BAUA::BAUA_S003::2025-06-13,BAUA,BAUA::BAUA_S003,2025-06-13,0.7166666666666667,0.7166666666666667,18.170627665254806,4.052212152328487,51.498204,1.3409768196470289,FALSE,,,
BAUA::BAUA_S003::2025-06-14,BAUA,BAUA::BAUA_S003,2025-06-14,2.283333333333333,2.283333333333333,18.18549463795291,4.067079125026591,51.498204,1.3409768196470289,FALSE,,,
BAUA::BAUA_S003::2025-06-15,BAUA,BAUA::BAUA_S003,2025-06-15,1.0333333333333334,1.0333333333333334,18.198317792680527,4.079902279754208,51.498204,1.3409768196470289,FALSE,,,
BAUA::BAUA_S003::2025-06-16,BAUA,BAUA::BAUA_S003,2025-06-16,2.1166666666666667,2.1166666666666667,18.20907755719291,4.09066204426659,51.498204,1.3409768196470289,FALSE,,,
BAUA::BAUA_S004::2025-06-11,BAUA,BAUA::BAUA_S004,2025-06-11,0.9166666666666666,0.9166666666666666,18.13485554655393,4.01644003362761,51.498204,1.3409768196470289,FALSE,,,
BAUA::BAUA_S004::2025-06-12,BAUA,BAUA::BAUA_S004,2025-06-12,1.7166666666666666,1.7166666666666666,18.15373947189914,4.035323958972821,51.498204,1.3409768196470289,FALSE,,,
BAUA::BAUA_S004::2025-06-13,BAUA,BAUA::BAUA_S004,2025-06-13,2.65,2.65,18.170627665254806,4.052212152328487,51.498204,1.3409768196470289,FALSE,,,
BAUA::BAUA_S004::2025-06-15,BAUA,BAUA::BAUA_S004,2025-06-15,3.65,3.65,18.198317792680527,4.079902279754208,51.498204,1.3409768196470289,FALSE,,,
BAUA::BAUA_S004::2025-06-16,BAUA,BAUA::BAUA_S004,2025-06-16,1.8833333333333333,1.8833333333333333,18.20907755719291,4.09066204426659,51.498204,1.3409768196470289,FALSE,,,
BAUA::BAUA_S005::2025-06-11,BAUA,BAUA::BAUA_S005,2025-06-11,3.3833333333333333,3.3833333333333333,18.13485554655393,4.01644003362761,51.498204,1.3409768196470289,FALSE,,,
BAUA::BAUA_S005::2025-06-12,BAUA,BAUA::BAUA_S005,2025-06-12,1.5,1.5,18.15373947189914,4.035323958972821,51.498204,1.3409768196470289,FALSE,,,
BAUA::BAUA_S005::2025-06-13,BAUA,BAUA::BAUA_S005,2025-06-13,2.8,2.8,18.170627665254806,4.052212152328487,51.498204,1.3409768196470289,FALSE,,,
BAUA::BAUA_S005::2025-06-14,BAUA,BAUA::BAUA_S005,2025-06-14,0.45,0.45,18.18549463795291,4.067079125026591,51.498204,1.3409768196470289,FALSE,,,
BAUA::BAUA_S005::2025-06-15,BAUA,BAUA::BAUA_S005,2025-06-15,3.8,3.8,18.198317792680527,4.079902279754208,51.498204,1.3409768196470289,FALSE,,,
BAUA::BAUA_S006::2025-06-11,BAUA,BAUA::BAUA_S006,2025-06-11,2.216666666666667,2.216666666666667,18.13485554655393,4.01644003362761,51.498204,1.3409768196470289,FALSE,,,
BAUA::BAUA_S006::2025-06-12,BAUA,BAUA::BAUA_S006,2025-06-12,1.65,1.65,18.15373947189914,4.035323958972821,51.498204,1.3409768196470289,FALSE,,,
BAUA::BAUA_S006::2025-06-13,BAUA,BAUA::BAUA_S006,2025-06-13,1.1,1.1,18.170627665254806,4.052212152328487,51.498204,1.3409768196470289,FALSE,,,
BAUA::BAUA_S006::2025-06-15,BAUA,BAUA::BAUA_S006,2025-06-15,1.75,1.75,18.198317792680527,4.079902279754208,51.498204,1.3409768196470289,FALSE,,,
BAUA::BAUA_S006::2025-06-16,BAUA,BAUA::BAUA_S006,2025-06-16,1.4166666666666667,1.4166666666666667,18.20907755719291,4.09066204426659,51.498204,1.3409768196470289,FALSE,,,
BAUA::BAUA_S009::2025-06-26,BAUA,BAUA::BAUA_S009,2025-06-26,2.9166666666666665,2.9166666666666665,18.201224926577673,4.082809413651354,51.498204,1.3409768196470289,FALSE,,,
BAUA::BAUA_S009::2025-06-27,BAUA,BAUA::BAUA_S009,2025-06-27,3,3,18.188940423462125,4.070524910535806,51.498204,1.3409768196470289,FALSE,,,
BAUA::BAUA_S009::2025-06-28,BAUA,BAUA::BAUA_S009,2025-06-28,1.5166666666666666,1.5166666666666666,18.174617048899332,4.056201535973013,51.498204,1.3409768196470289,FALSE,,,
BAUA::BAUA_S009::2025-06-29,BAUA,BAUA::BAUA_S009,2025-06-29,0,0,18.15827808989419,4.03986257696787,51.498204,1.3409768196470289,FALSE,,,
BAUA::BAUA_S009::2025-06-30,BAUA,BAUA::BAUA_S009,2025-06-30,0.75,0.75,18.13994969639513,4.0215341834688125,51.498204,1.3409768196470289,FALSE,,,
BAUA::BAUA_S012::2025-07-17,BAUA,BAUA::BAUA_S012,2025-07-17,1.35,1.35,17.559705352187155,3.441289839260836,51.498204,1.3409768196470289,FALSE,,,
BAUA::BAUA_S012::2025-07-18,BAUA,BAUA::BAUA_S012,2025-07-18,0.75,0.75,17.51226164135668,3.3938461284303614,51.498204,1.3409768196470289,FALSE,,,
BAUA::BAUA_S012::2025-07-19,BAUA,BAUA::BAUA_S012,2025-07-19,0.03333333333333333,0.03333333333333333,17.463635578751564,3.345220065825245,51.498204,1.3409768196470289,FALSE,,,
BAUA::BAUA_S012::2025-07-20,BAUA,BAUA::BAUA_S012,2025-07-20,0.8,0.8,17.413873874545096,3.2954583616187776,51.498204,1.3409768196470289,FALSE,,,
BAUA::BAUA_S012::2025-07-21,BAUA,BAUA::BAUA_S012,2025-07-21,0,0,17.36302268412378,3.244607171197462,51.498204,1.3409768196470289,FALSE,,,
BAUA::BAUA_S013::2025-07-16,BAUA,BAUA::BAUA_S013,2025-07-16,0.16666666666666666,0.16666666666666666,17.605919546220036,3.4875040332937175,51.498204,1.3409768196470289,FALSE,,,
BAUA::BAUA_S013::2025-07-17,BAUA,BAUA::BAUA_S013,2025-07-17,1.2833333333333334,1.2833333333333334,17.559705352187155,3.441289839260836,51.498204,1.3409768196470289,FALSE,,,
BAUA::BAUA_S013::2025-07-18,BAUA,BAUA::BAUA_S013,2025-07-18,0.9333333333333333,0.9333333333333333,17.51226164135668,3.3938461284303614,51.498204,1.3409768196470289,FALSE,,,
BAUA::BAUA_S013::2025-07-19,BAUA,BAUA::BAUA_S013,2025-07-19,1.8666666666666667,1.8666666666666667,17.463635578751564,3.345220065825245,51.498204,1.3409768196470289,FALSE,,,
BAUA::BAUA_S013::2025-07-20,BAUA,BAUA::BAUA_S013,2025-07-20,2.5,2.5,17.413873874545096,3.2954583616187776,51.498204,1.3409768196470289,FALSE,,,
BAUA::BAUA_S013::2025-07-21,BAUA,BAUA::BAUA_S013,2025-07-21,1.9,1.9,17.36302268412378,3.244607171197462,51.498204,1.3409768196470289,FALSE,,,
BAUA::BAUA_S014::2025-07-16,BAUA,BAUA::BAUA_S014,2025-07-16,1.0166666666666666,1.0166666666666666,17.605919546220036,3.4875040332937175,51.498204,1.3409768196470289,FALSE,,,
BAUA::BAUA_S014::2025-07-17,BAUA,BAUA::BAUA_S014,2025-07-17,0.8833333333333333,0.8833333333333333,17.559705352187155,3.441289839260836,51.498204,1.3409768196470289,FALSE,,,
BAUA::BAUA_S014::2025-07-18,BAUA,BAUA::BAUA_S014,2025-07-18,1.7166666666666666,1.7166666666666666,17.51226164135668,3.3938461284303614,51.498204,1.3409768196470289,FALSE,,,
BAUA::BAUA_S014::2025-07-19,BAUA,BAUA::BAUA_S014,2025-07-19,2.216666666666667,2.216666666666667,17.463635578751564,3.345220065825245,51.498204,1.3409768196470289,FALSE,,,
BAUA::BAUA_S014::2025-07-20,BAUA,BAUA::BAUA_S014,2025-07-20,1.65,1.65,17.413873874545096,3.2954583616187776,51.498204,1.3409768196470289,FALSE,,,
BAUA::BAUA_S014::2025-07-21,BAUA,BAUA::BAUA_S014,2025-07-21,1.3666666666666667,1.3666666666666667,17.36302268412378,3.244607171197462,51.498204,1.3409768196470289,FALSE,,,
BAUA::BAUA_S015::2025-07-23,BAUA,BAUA::BAUA_S015,2025-07-23,2.3,2.3,17.25823315329022,3.1398176403639013,51.498204,1.3409768196470289,FALSE,,,
BAUA::BAUA_S015::2025-07-24,BAUA,BAUA::BAUA_S015,2025-07-24,3.15,3.15,17.20438357512156,3.085968062195242,51.498204,1.3409768196470289,FALSE,,,
BAUA::BAUA_S015::2025-07-26,BAUA,BAUA::BAUA_S015,2025-07-26,1.8833333333333333,1.8833333333333333,17.093990320430862,2.975574807504543,51.498204,1.3409768196470289,FALSE,,,
BAUA::BAUA_S015::2025-07-27,BAUA,BAUA::BAUA_S015,2025-07-27,3.25,3.25,17.037530069549877,2.9191145566235583,51.498204,1.3409768196470289,FALSE,,,
BAUA::BAUA_S015::2025-07-28,BAUA,BAUA::BAUA_S015,2025-07-28,1.5166666666666666,1.5166666666666666,16.98028136703703,2.861865854110711,51.498204,1.3409768196470289,FALSE,,,
BAUA::BAUA_S016::2025-07-23,BAUA,BAUA::BAUA_S016,2025-07-23,1.6,1.6,17.25823315329022,3.1398176403639013,51.498204,1.3409768196470289,FALSE,,,
BAUA::BAUA_S016::2025-07-24,BAUA,BAUA::BAUA_S016,2025-07-24,1.0166666666666666,1.0166666666666666,17.20438357512156,3.085968062195242,51.498204,1.3409768196470289,FALSE,,,
BAUA::BAUA_S016::2025-07-25,BAUA,BAUA::BAUA_S016,2025-07-25,0.8666666666666667,0.8666666666666667,17.14962189859814,3.0312063856718225,51.498204,1.3409768196470289,FALSE,,,
BAUA::BAUA_S016::2025-07-26,BAUA,BAUA::BAUA_S016,2025-07-26,1.4333333333333333,1.4333333333333333,17.093990320430862,2.975574807504543,51.498204,1.3409768196470289,FALSE,,,
BAUA::BAUA_S016::2025-07-27,BAUA,BAUA::BAUA_S016,2025-07-27,0.7666666666666667,0.7666666666666667,17.037530069549877,2.9191145566235583,51.498204,1.3409768196470289,FALSE,,,
BAUA::BAUA_S016::2025-07-28,BAUA,BAUA::BAUA_S016,2025-07-28,0.8166666666666667,0.8166666666666667,16.98028136703703,2.861865854110711,51.498204,1.3409768196470289,FALSE,,,
BAUA::BAUA_S018::2025-09-09,BAUA,BAUA::BAUA_S018,2025-09-09,1.95,1.95,14.173865788976352,0.055450276050033054,51.498204,1.3409768196470289,FALSE,,,
BAUA::BAUA_S018::2025-09-10,BAUA,BAUA::BAUA_S018,2025-09-10,2.0166666666666666,2.0166666666666666,14.106545170876714,-0.011870342049604687,51.498204,1.3409768196470289,FALSE,,,
BAUA::BAUA_S018::2025-09-11,BAUA,BAUA::BAUA_S018,2025-09-11,2.033333333333333,2.033333333333333,14.039288122190369,-0.07912739073594999,51.498204,1.3409768196470289,FALSE,,,
BAUA::BAUA_S018::2025-09-12,BAUA,BAUA::BAUA_S018,2025-09-12,2.1,2.1,13.972100253105163,-0.14631525982115612,51.498204,1.3409768196470289,FALSE,,,
BAUA::BAUA_S018::2025-09-13,BAUA,BAUA::BAUA_S018,2025-09-13,0.8333333333333334,0.8333333333333334,13.904986972941293,-0.21342853998502598,51.498204,1.3409768196470289,FALSE,,,
BAUA::BAUA_S018::2025-09-14,BAUA,BAUA::BAUA_S018,2025-09-14,2.1666666666666665,2.1666666666666665,13.837953510483105,-0.2804620024432136,51.498204,1.3409768196470289,FALSE,,,
BAUA::BAUA_S022::2025-09-24,BAUA,BAUA::BAUA_S022,2025-09-24,2.5833333333333335,2.5833333333333335,13.17307060652309,-0.9453449064032284,51.498204,1.3409768196470289,FALSE,,,
BAUA::BAUA_S022::2025-09-26,BAUA,BAUA::BAUA_S022,2025-09-26,2.566666666666667,2.566666666666667,13.041522514886326,-1.0768929980399928,51.498204,1.3409768196470289,FALSE,,,
BAUA::BAUA_S022::2025-09-27,BAUA,BAUA::BAUA_S022,2025-09-27,3.283333333333333,3.283333333333333,12.975956710047193,-1.1424588028791263,51.498204,1.3409768196470289,FALSE,,,
BAUA::BAUA_S022::2025-09-28,BAUA,BAUA::BAUA_S022,2025-09-28,2.9,2.9,12.910536039935218,-1.2078794729911007,51.498204,1.3409768196470289,FALSE,,,
BAUA::BAUA_S022::2025-09-29,BAUA,BAUA::BAUA_S022,2025-09-29,2.95,2.95,12.845265362262726,-1.273150150663593,51.498204,1.3409768196470289,FALSE,,,
BAUA::BAUA_S024::2025-10-14,BAUA,BAUA::BAUA_S024,2025-10-14,2.4833333333333334,2.4833333333333334,11.888039366337988,-2.2303761465883305,51.498204,1.3409768196470289,FALSE,,,
BAUA::BAUA_S024::2025-10-15,BAUA,BAUA::BAUA_S024,2025-10-15,2.2,2.2,11.825984905560812,-2.2924306073655067,51.498204,1.3409768196470289,FALSE,,,
BAUA::BAUA_S024::2025-10-16,BAUA,BAUA::BAUA_S024,2025-10-16,3,3,11.764196532567341,-2.3542189803589775,51.498204,1.3409768196470289,FALSE,,,
BAUA::BAUA_S024::2025-10-17,BAUA,BAUA::BAUA_S024,2025-10-17,2.283333333333333,2.283333333333333,11.702684059407975,-2.415731453518344,51.498204,1.3409768196470289,FALSE,,,
BAUA::BAUA_S024::2025-10-18,BAUA,BAUA::BAUA_S024,2025-10-18,2.933333333333333,2.933333333333333,11.641457739075024,-2.4769577738512947,51.498204,1.3409768196470289,FALSE,,,
BAUA::BAUA_S024::2025-10-19,BAUA,BAUA::BAUA_S024,2025-10-19,1.7333333333333334,1.7333333333333334,11.580528282059564,-2.5378872308667546,51.498204,1.3409768196470289,FALSE,,,
BAUA::BAUA_S025::2025-10-14,BAUA,BAUA::BAUA_S025,2025-10-14,2.1166666666666667,2.1166666666666667,11.888039366337988,-2.2303761465883305,51.498204,1.3409768196470289,FALSE,,,
BAUA::BAUA_S025::2025-10-15,BAUA,BAUA::BAUA_S025,2025-10-15,2.95,2.95,11.825984905560812,-2.2924306073655067,51.498204,1.3409768196470289,FALSE,,,
BAUA::BAUA_S025::2025-10-16,BAUA,BAUA::BAUA_S025,2025-10-16,2.05,2.05,11.764196532567341,-2.3542189803589775,51.498204,1.3409768196470289,FALSE,,,
BAUA::BAUA_S025::2025-10-17,BAUA,BAUA::BAUA_S025,2025-10-17,0.75,0.75,11.702684059407975,-2.415731453518344,51.498204,1.3409768196470289,FALSE,,,
BAUA::BAUA_S025::2025-10-18,BAUA,BAUA::BAUA_S025,2025-10-18,0.11666666666666667,0.11666666666666667,11.641457739075024,-2.4769577738512947,51.498204,1.3409768196470289,FALSE,,,
BAUA::BAUA_S025::2025-10-19,BAUA,BAUA::BAUA_S025,2025-10-19,2.466666666666667,2.466666666666667,11.580528282059564,-2.5378872308667546,51.498204,1.3409768196470289,FALSE,,,
FUSPCEU::FUSPCEU_S003::2024-10-08,FUSPCEU,FUSPCEU::FUSPCEU_S003,2024-10-08,0.16666666666666666,0.16666666666666666,12.348446626994345,-1.7699688859319735,40.4165,0.2328064196470283,FALSE,,,
FUSPCEU::FUSPCEU_S003::2024-10-09,FUSPCEU,FUSPCEU::FUSPCEU_S003,2024-10-09,0.9666666666666667,0.9666666666666667,12.305623547832171,-1.8127919650941475,40.4165,0.2328064196470283,FALSE,,,
FUSPCEU::FUSPCEU_S003::2024-10-10,FUSPCEU,FUSPCEU::FUSPCEU_S003,2024-10-10,1.55,1.55,12.26295735961861,-1.8554581533077084,40.4165,0.2328064196470283,FALSE,,,
FUSPCEU::FUSPCEU_S003::2024-10-11,FUSPCEU,FUSPCEU::FUSPCEU_S003,2024-10-11,0.6666666666666666,0.6666666666666666,12.220454689529207,-1.8979608233971117,40.4165,0.2328064196470283,FALSE,,,
FUSPCEU::FUSPCEU_S003::2024-10-12,FUSPCEU,FUSPCEU::FUSPCEU_S003,2024-10-12,1.4666666666666666,1.4666666666666666,12.178122354679637,-1.940293158246682,40.4165,0.2328064196470283,FALSE,,,
FUSPCEU::FUSPCEU_S003::2024-10-13,FUSPCEU,FUSPCEU::FUSPCEU_S003,2024-10-13,1.8166666666666667,1.8166666666666667,12.13596737186114,-1.9824481410651789,40.4165,0.2328064196470283,FALSE,,,
FUSPCEU::FUSPCEU_S004::2024-10-08,FUSPCEU,FUSPCEU::FUSPCEU_S004,2024-10-08,2.8666666666666667,2.8666666666666667,12.348446626994345,-1.7699688859319735,40.4165,0.2328064196470283,FALSE,,,
FUSPCEU::FUSPCEU_S004::2024-10-09,FUSPCEU,FUSPCEU::FUSPCEU_S004,2024-10-09,2.8666666666666667,2.8666666666666667,12.305623547832171,-1.8127919650941475,40.4165,0.2328064196470283,FALSE,,,
FUSPCEU::FUSPCEU_S004::2024-10-11,FUSPCEU,FUSPCEU::FUSPCEU_S004,2024-10-11,1.75,1.75,12.220454689529207,-1.8979608233971117,40.4165,0.2328064196470283,FALSE,,,
FUSPCEU::FUSPCEU_S004::2024-10-12,FUSPCEU,FUSPCEU::FUSPCEU_S004,2024-10-12,1.75,1.75,12.178122354679637,-1.940293158246682,40.4165,0.2328064196470283,FALSE,,,
FUSPCEU::FUSPCEU_S004::2024-10-13,FUSPCEU,FUSPCEU::FUSPCEU_S004,2024-10-13,3.5833333333333335,3.5833333333333335,12.13596737186114,-1.9824481410651789,40.4165,0.2328064196470283,FALSE,,,
FUSPCEU::FUSPCEU_S005::2024-10-15,FUSPCEU,FUSPCEU::FUSPCEU_S005,2024-10-15,0.8333333333333334,0.8333333333333334,12.052218589584033,-2.066196923342286,40.4165,0.2328064196470283,FALSE,,,
FUSPCEU::FUSPCEU_S005::2024-10-16,FUSPCEU,FUSPCEU::FUSPCEU_S005,2024-10-16,2.2666666666666666,2.2666666666666666,12.010639912883441,-2.107775600042878,40.4165,0.2328064196470283,FALSE,,,
FUSPCEU::FUSPCEU_S005::2024-10-17,FUSPCEU,FUSPCEU::FUSPCEU_S005,2024-10-17,1.5833333333333333,1.5833333333333333,11.969268852670988,-2.1491466602553313,40.4165,0.2328064196470283,FALSE,,,
FUSPCEU::FUSPCEU_S005::2024-10-18,FUSPCEU,FUSPCEU::FUSPCEU_S005,2024-10-18,1.15,1.15,11.928113571604094,-2.1903019413222253,40.4165,0.2328064196470283,FALSE,,,
FUSPCEU::FUSPCEU_S005::2024-10-19,FUSPCEU,FUSPCEU::FUSPCEU_S005,2024-10-19,0.5,0.5,11.88718248864015,-2.231233024286169,40.4165,0.2328064196470283,FALSE,,,
FUSPCEU::FUSPCEU_S005::2024-10-20,FUSPCEU,FUSPCEU::FUSPCEU_S005,2024-10-20,1.2,1.2,11.846484287579854,-2.2719312253464654,40.4165,0.2328064196470283,FALSE,,,
FUSPCEU::FUSPCEU_S006::2024-10-15,FUSPCEU,FUSPCEU::FUSPCEU_S006,2024-10-15,2.55,2.55,12.052218589584033,-2.066196923342286,40.4165,0.2328064196470283,FALSE,,,
FUSPCEU::FUSPCEU_S006::2024-10-16,FUSPCEU,FUSPCEU::FUSPCEU_S006,2024-10-16,1.95,1.95,12.010639912883441,-2.107775600042878,40.4165,0.2328064196470283,FALSE,,,
FUSPCEU::FUSPCEU_S006::2024-10-17,FUSPCEU,FUSPCEU::FUSPCEU_S006,2024-10-17,0.5,0.5,11.969268852670988,-2.1491466602553313,40.4165,0.2328064196470283,FALSE,,,
FUSPCEU::FUSPCEU_S006::2024-10-18,FUSPCEU,FUSPCEU::FUSPCEU_S006,2024-10-18,1.3666666666666667,1.3666666666666667,11.928113571604094,-2.1903019413222253,40.4165,0.2328064196470283,FALSE,,,
FUSPCEU::FUSPCEU_S007::2024-10-22,FUSPCEU,FUSPCEU::FUSPCEU_S007,2024-10-22,0.95,0.95,11.765822637412283,-2.352592875514036,40.4165,0.2328064196470283,FALSE,,,
FUSPCEU::FUSPCEU_S007::2024-10-23,FUSPCEU,FUSPCEU::FUSPCEU_S007,2024-10-23,2.2,2.2,11.725877948668268,-2.392537564258051,40.4165,0.2328064196470283,FALSE,,,
FUSPCEU::FUSPCEU_S007::2024-10-24,FUSPCEU,FUSPCEU::FUSPCEU_S007,2024-10-24,1.8666666666666667,1.8666666666666667,11.68620367626349,-2.4322118366628285,40.4165,0.2328064196470283,FALSE,,,
FUSPCEU::FUSPCEU_S007::2024-10-25,FUSPCEU,FUSPCEU::FUSPCEU_S007,2024-10-25,2.05,2.05,11.646809936960539,-2.4716055759657802,40.4165,0.2328064196470283,FALSE,,,
FUSPCEU::FUSPCEU_S007::2024-10-26,FUSPCEU,FUSPCEU::FUSPCEU_S007,2024-10-26,0.9666666666666667,0.9666666666666667,11.607707152366638,-2.510708360559681,40.4165,0.2328064196470283,FALSE,,,
FUSPCEU::FUSPCEU_S007::2024-10-27,FUSPCEU,FUSPCEU::FUSPCEU_S007,2024-10-27,0.25,0.25,11.568906053569581,-2.549509459356738,40.4165,0.2328064196470283,FALSE,,,
FUSPCEU::FUSPCEU_S008::2024-10-22,FUSPCEU,FUSPCEU::FUSPCEU_S008,2024-10-22,3,3,11.765822637412283,-2.352592875514036,40.4165,0.2328064196470283,FALSE,,,
FUSPCEU::FUSPCEU_S008::2024-10-23,FUSPCEU,FUSPCEU::FUSPCEU_S008,2024-10-23,3.5,3.5,11.725877948668268,-2.392537564258051,40.4165,0.2328064196470283,FALSE,,,
FUSPCEU::FUSPCEU_S008::2024-10-24,FUSPCEU,FUSPCEU::FUSPCEU_S008,2024-10-24,0.4666666666666667,0.4666666666666667,11.68620367626349,-2.4322118366628285,40.4165,0.2328064196470283,FALSE,,,
FUSPCEU::FUSPCEU_S008::2024-10-25,FUSPCEU,FUSPCEU::FUSPCEU_S008,2024-10-25,1.6666666666666667,1.6666666666666667,11.646809936960539,-2.4716055759657802,40.4165,0.2328064196470283,FALSE,,,
FUSPCEU::FUSPCEU_S008::2024-10-26,FUSPCEU,FUSPCEU::FUSPCEU_S008,2024-10-26,1.5833333333333333,1.5833333333333333,11.607707152366638,-2.510708360559681,40.4165,0.2328064196470283,FALSE,,,
FUSPCEU::FUSPCEU_S008::2024-10-27,FUSPCEU,FUSPCEU::FUSPCEU_S008,2024-10-27,3.966666666666667,3.966666666666667,11.568906053569581,-2.549509459356738,40.4165,0.2328064196470283,FALSE,,,
FUSPCEU::FUSPCEU_S009::2024-11-04,FUSPCEU,FUSPCEU::FUSPCEU_S009,2024-11-04,1.6333333333333333,1.6333333333333333,11.270750055644248,-2.847665457282071,40.4165,0.2328064196470283,FALSE,,,
FUSPCEU::FUSPCEU_S009::2024-11-05,FUSPCEU,FUSPCEU::FUSPCEU_S009,2024-11-05,3.783333333333333,3.783333333333333,11.235199311110708,-2.8832162018156104,40.4165,0.2328064196470283,FALSE,,,
FUSPCEU::FUSPCEU_S009::2024-11-06,FUSPCEU,FUSPCEU::FUSPCEU_S009,2024-11-06,2.95,2.95,11.200074996153514,-2.9183405167728047,40.4165,0.2328064196470283,FALSE,,,
FUSPCEU::FUSPCEU_S009::2024-11-07,FUSPCEU,FUSPCEU::FUSPCEU_S009,2024-11-07,1.1333333333333333,1.1333333333333333,11.165391299592125,-2.953024213334194,40.4165,0.2328064196470283,FALSE,,,
FUSPCEU::FUSPCEU_S009::2024-11-08,FUSPCEU,FUSPCEU::FUSPCEU_S009,2024-11-08,2.7,2.7,11.131162701845168,-2.9872528110811505,40.4165,0.2328064196470283,FALSE,,,
FUSPCEU::FUSPCEU_S009::2024-11-09,FUSPCEU,FUSPCEU::FUSPCEU_S009,2024-11-09,2.466666666666667,2.466666666666667,11.097403965526157,-3.021011547400162,40.4165,0.2328064196470283,FALSE,,,
FUSPCEU::FUSPCEU_S009::2024-11-10,FUSPCEU,FUSPCEU::FUSPCEU_S009,2024-11-10,3.05,3.05,11.06413012444973,-3.0542853884765897,40.4165,0.2328064196470283,FALSE,,,
FUSPCEU::FUSPCEU_S010::2024-11-04,FUSPCEU,FUSPCEU::FUSPCEU_S010,2024-11-04,0.18333333333333332,0.18333333333333332,11.270750055644248,-2.847665457282071,40.4165,0.2328064196470283,FALSE,,,
FUSPCEU::FUSPCEU_S010::2024-11-05,FUSPCEU,FUSPCEU::FUSPCEU_S010,2024-11-05,0.6,0.6,11.235199311110708,-2.8832162018156104,40.4165,0.2328064196470283,FALSE,,,
FUSPCEU::FUSPCEU_S010::2024-11-06,FUSPCEU,FUSPCEU::FUSPCEU_S010,2024-11-06,0.5833333333333334,0.5833333333333334,11.200074996153514,-2.9183405167728047,40.4165,0.2328064196470283,FALSE,,,
FUSPCEU::FUSPCEU_S010::2024-11-07,FUSPCEU,FUSPCEU::FUSPCEU_S010,2024-11-07,0.1,0.1,11.165391299592125,-2.953024213334194,40.4165,0.2328064196470283,FALSE,,,
FUSPCEU::FUSPCEU_S011::2024-11-12,FUSPCEU,FUSPCEU::FUSPCEU_S011,2024-11-12,0.75,0.75,10.999098544253243,-3.1193169686730755,40.4165,0.2328064196470283,FALSE,,,
FUSPCEU::FUSPCEU_S011::2024-11-13,FUSPCEU,FUSPCEU::FUSPCEU_S011,2024-11-13,1.5833333333333333,1.5833333333333333,10.967372110684712,-3.1510434022416067,40.4165,0.2328064196470283,FALSE,,,
FUSPCEU::FUSPCEU_S011::2024-11-14,FUSPCEU,FUSPCEU::FUSPCEU_S011,2024-11-14,2.95,2.95,10.936193150546815,-3.1822223623795036,40.4165,0.2328064196470283,FALSE,,,
FUSPCEU::FUSPCEU_S011::2024-11-16,FUSPCEU,FUSPCEU::FUSPCEU_S011,2024-11-16,0,0,10.875542518695196,-3.2428729942311225,40.4165,0.2328064196470283,FALSE,,,
FUSPCEU::FUSPCEU_S011::2024-11-17,FUSPCEU,FUSPCEU::FUSPCEU_S011,2024-11-17,2.066666666666667,2.066666666666667,10.84610369225343,-3.272311820672888,40.4165,0.2328064196470283,FALSE,,,
FUSPCEU::FUSPCEU_S012::2024-12-03,FUSPCEU,FUSPCEU::FUSPCEU_S012,2024-12-03,0.8,0.8,10.469824230074883,-3.648591282851436,40.4165,0.2328064196470283,FALSE,,,
FUSPCEU::FUSPCEU_S012::2024-12-04,FUSPCEU,FUSPCEU::FUSPCEU_S012,2024-12-04,0.9666666666666667,0.9666666666666667,10.453057371642855,-3.6653581412834644,40.4165,0.2328064196470283,FALSE,,,
FUSPCEU::FUSPCEU_S012::2024-12-05,FUSPCEU,FUSPCEU::FUSPCEU_S012,2024-12-05,0.7,0.7,10.437175499664413,-3.681240013261906,40.4165,0.2328064196470283,FALSE,,,
FUSPCEU::FUSPCEU_S012::2024-12-06,FUSPCEU,FUSPCEU::FUSPCEU_S012,2024-12-06,1.7333333333333334,1.7333333333333334,10.42219187537829,-3.6962236375480284,40.4165,0.2328064196470283,FALSE,,,
FUSPCEU::FUSPCEU_S012::2024-12-07,FUSPCEU,FUSPCEU::FUSPCEU_S012,2024-12-07,1.5166666666666666,1.5166666666666666,10.408119205898709,-3.71029630702761,40.4165,0.2328064196470283,FALSE,,,
FUSPCEU::FUSPCEU_S012::2024-12-08,FUSPCEU,FUSPCEU::FUSPCEU_S012,2024-12-08,2.716666666666667,2.716666666666667,10.394969606002173,-3.7234459069241463,40.4165,0.2328064196470283,FALSE,,,
FUSPCEU::FUSPCEU_S013::2024-11-19,FUSPCEU,FUSPCEU::FUSPCEU_S013,2024-11-19,0.23333333333333334,0.23333333333333334,10.789082120656968,-3.3293333922693513,40.4165,0.2328064196470283,FALSE,,,
FUSPCEU::FUSPCEU_S013::2024-11-20,FUSPCEU,FUSPCEU::FUSPCEU_S013,2024-11-20,0,0,10.761532905565367,-3.3568826073609515,40.4165,0.2328064196470283,FALSE,,,
FUSPCEU::FUSPCEU_S013::2024-11-21,FUSPCEU,FUSPCEU::FUSPCEU_S013,2024-11-21,0.8666666666666667,0.8666666666666667,10.73464718706078,-3.383768325865539,40.4165,0.2328064196470283,FALSE,,,
FUSPCEU::FUSPCEU_S013::2024-11-22,FUSPCEU,FUSPCEU::FUSPCEU_S013,2024-11-22,0.48333333333333334,0.48333333333333334,10.708441830012534,-3.409973682913785,40.4165,0.2328064196470283,FALSE,,,
FUSPCEU::FUSPCEU_S013::2024-11-23,FUSPCEU,FUSPCEU::FUSPCEU_S013,2024-11-23,0.35,0.35,10.682933683130477,-3.435481829795842,40.4165,0.2328064196470283,FALSE,,,
FUSPCEU::FUSPCEU_S013::2024-11-24,FUSPCEU,FUSPCEU::FUSPCEU_S013,2024-11-24,1.5166666666666666,1.5166666666666666,10.65813954671224,-3.4602759662140787,40.4165,0.2328064196470283,FALSE,,,
FUSPCEU::FUSPCEU_S014::2024-11-20,FUSPCEU,FUSPCEU::FUSPCEU_S014,2024-11-20,2.5,2.5,10.761532905565367,-3.3568826073609515,40.4165,0.2328064196470283,FALSE,,,
FUSPCEU::FUSPCEU_S014::2024-11-21,FUSPCEU,FUSPCEU::FUSPCEU_S014,2024-11-21,3.6666666666666665,3.6666666666666665,10.73464718706078,-3.383768325865539,40.4165,0.2328064196470283,FALSE,,,
FUSPCEU::FUSPCEU_S014::2024-11-22,FUSPCEU,FUSPCEU::FUSPCEU_S014,2024-11-22,2.8333333333333335,2.8333333333333335,10.708441830012534,-3.409973682913785,40.4165,0.2328064196470283,FALSE,,,
FUSPCEU::FUSPCEU_S014::2024-11-23,FUSPCEU,FUSPCEU::FUSPCEU_S014,2024-11-23,2.3333333333333335,2.3333333333333335,10.682933683130477,-3.435481829795842,40.4165,0.2328064196470283,FALSE,,,
FUSPCEU::FUSPCEU_S014::2024-11-24,FUSPCEU,FUSPCEU::FUSPCEU_S014,2024-11-24,1.6666666666666667,1.6666666666666667,10.65813954671224,-3.4602759662140787,40.4165,0.2328064196470283,FALSE,,,
FUSPCEU::FUSPCEU_S015::2024-11-26,FUSPCEU,FUSPCEU::FUSPCEU_S015,2024-11-26,1.0166666666666666,1.0166666666666666,10.61076005200545,-3.507655460920869,40.4165,0.2328064196470283,FALSE,,,
FUSPCEU::FUSPCEU_S015::2024-11-27,FUSPCEU,FUSPCEU::FUSPCEU_S015,2024-11-27,1.4166666666666667,1.4166666666666667,10.588207732571496,-3.5302077803548233,40.4165,0.2328064196470283,FALSE,,,
FUSPCEU::FUSPCEU_S015::2024-11-28,FUSPCEU,FUSPCEU::FUSPCEU_S015,2024-11-28,1.15,1.15,10.566435426274936,-3.5519800866513833,40.4165,0.2328064196470283,FALSE,,,
FUSPCEU::FUSPCEU_S015::2024-11-29,FUSPCEU,FUSPCEU::FUSPCEU_S015,2024-11-29,1.7166666666666666,1.7166666666666666,10.545459147691727,-3.5729563652345924,40.4165,0.2328064196470283,FALSE,,,
FUSPCEU::FUSPCEU_S015::2024-11-30,FUSPCEU,FUSPCEU::FUSPCEU_S015,2024-11-30,0.6166666666666667,0.6166666666666667,10.525294639203283,-3.593120873723036,40.4165,0.2328064196470283,FALSE,,,
FUSPCEU::FUSPCEU_S015::2024-12-01,FUSPCEU,FUSPCEU::FUSPCEU_S015,2024-12-01,0.65,0.65,10.505957330796454,-3.612458182129865,40.4165,0.2328064196470283,FALSE,,,
FUSPCEU::FUSPCEU_S016::2024-11-26,FUSPCEU,FUSPCEU::FUSPCEU_S016,2024-11-26,1.6,1.6,10.61076005200545,-3.507655460920869,40.4165,0.2328064196470283,FALSE,,,
FUSPCEU::FUSPCEU_S016::2024-11-27,FUSPCEU,FUSPCEU::FUSPCEU_S016,2024-11-27,2.933333333333333,2.933333333333333,10.588207732571496,-3.5302077803548233,40.4165,0.2328064196470283,FALSE,,,
FUSPCEU::FUSPCEU_S016::2024-11-29,FUSPCEU,FUSPCEU::FUSPCEU_S016,2024-11-29,2.6333333333333333,2.6333333333333333,10.545459147691727,-3.5729563652345924,40.4165,0.2328064196470283,FALSE,,,
FUSPCEU::FUSPCEU_S016::2024-11-30,FUSPCEU,FUSPCEU::FUSPCEU_S016,2024-11-30,2,2,10.525294639203283,-3.593120873723036,40.4165,0.2328064196470283,FALSE,,,
FUSPCEU::FUSPCEU_S016::2024-12-01,FUSPCEU,FUSPCEU::FUSPCEU_S016,2024-12-01,1.2666666666666666,1.2666666666666666,10.505957330796454,-3.612458182129865,40.4165,0.2328064196470283,FALSE,,,
FUSPCEU::FUSPCEU_S017::2024-12-03,FUSPCEU,FUSPCEU::FUSPCEU_S017,2024-12-03,2.9166666666666665,2.9166666666666665,10.469824230074883,-3.648591282851436,40.4165,0.2328064196470283,FALSE,,,
FUSPCEU::FUSPCEU_S017::2024-12-04,FUSPCEU,FUSPCEU::FUSPCEU_S017,2024-12-04,2.85,2.85,10.453057371642855,-3.6653581412834644,40.4165,0.2328064196470283,FALSE,,,
FUSPCEU::FUSPCEU_S017::2024-12-05,FUSPCEU,FUSPCEU::FUSPCEU_S017,2024-12-05,2.933333333333333,2.933333333333333,10.437175499664413,-3.681240013261906,40.4165,0.2328064196470283,FALSE,,,
FUSPCEU::FUSPCEU_S017::2024-12-06,FUSPCEU,FUSPCEU::FUSPCEU_S017,2024-12-06,3,3,10.42219187537829,-3.6962236375480284,40.4165,0.2328064196470283,FALSE,,,
FUSPCEU::FUSPCEU_S017::2024-12-07,FUSPCEU,FUSPCEU::FUSPCEU_S017,2024-12-07,2.966666666666667,2.966666666666667,10.408119205898709,-3.71029630702761,40.4165,0.2328064196470283,FALSE,,,
FUSPCEU::FUSPCEU_S018::2024-12-11,FUSPCEU,FUSPCEU::FUSPCEU_S018,2024-12-11,3,3,10.361170710656378,-3.757244802269941,40.4165,0.2328064196470283,FALSE,,,
FUSPCEU::FUSPCEU_S018::2024-12-12,FUSPCEU,FUSPCEU::FUSPCEU_S018,2024-12-12,3,3,10.351821409728792,-3.7665941031975265,40.4165,0.2328064196470283,FALSE,,,
FUSPCEU::FUSPCEU_S018::2024-12-13,FUSPCEU,FUSPCEU::FUSPCEU_S018,2024-12-13,2.75,2.75,10.343445607622465,-3.7749699053038537,40.4165,0.2328064196470283,FALSE,,,
FUSPCEU::FUSPCEU_S018::2024-12-14,FUSPCEU,FUSPCEU::FUSPCEU_S018,2024-12-14,1.0833333333333333,1.0833333333333333,10.336051132281622,-3.7823643806446974,40.4165,0.2328064196470283,FALSE,,,
FUSPCEU::FUSPCEU_S019::2024-12-10,FUSPCEU,FUSPCEU::FUSPCEU_S019,2024-12-10,0.9333333333333333,0.9333333333333333,10.371484889454312,-3.7469306234720072,40.4165,0.2328064196470283,FALSE,,,
FUSPCEU::FUSPCEU_S019::2024-12-11,FUSPCEU,FUSPCEU::FUSPCEU_S019,2024-12-11,1.7333333333333334,1.7333333333333334,10.361170710656378,-3.757244802269941,40.4165,0.2328064196470283,FALSE,,,
FUSPCEU::FUSPCEU_S019::2024-12-12,FUSPCEU,FUSPCEU::FUSPCEU_S019,2024-12-12,1.0666666666666667,1.0666666666666667,10.351821409728792,-3.7665941031975265,40.4165,0.2328064196470283,FALSE,,,
FUSPCEU::FUSPCEU_S019::2024-12-13,FUSPCEU,FUSPCEU::FUSPCEU_S019,2024-12-13,2.1666666666666665,2.1666666666666665,10.343445607622465,-3.7749699053038537,40.4165,0.2328064196470283,FALSE,,,
FUSPCEU::FUSPCEU_S019::2024-12-14,FUSPCEU,FUSPCEU::FUSPCEU_S019,2024-12-14,2.533333333333333,2.533333333333333,10.336051132281622,-3.7823643806446974,40.4165,0.2328064196470283,FALSE,,,
FUSPCEU::FUSPCEU_S019::2024-12-15,FUSPCEU,FUSPCEU::FUSPCEU_S019,2024-12-15,1.3333333333333333,1.3333333333333333,10.329644992086623,-3.7887705208396962,40.4165,0.2328064196470283,FALSE,,,
FUSPCEU::FUSPCEU_S020::2025-01-21,FUSPCEU,FUSPCEU::FUSPCEU_S020,2025-01-21,2.8666666666666667,2.8666666666666667,10.77204123781787,-3.346374275108449,40.4165,0.2328064196470283,FALSE,,,
FUSPCEU::FUSPCEU_S020::2025-01-22,FUSPCEU,FUSPCEU::FUSPCEU_S020,2025-01-22,2.85,2.85,10.800073096619712,-3.3183424163066064,40.4165,0.2328064196470283,FALSE,,,
FUSPCEU::FUSPCEU_S020::2025-01-23,FUSPCEU,FUSPCEU::FUSPCEU_S020,2025-01-23,1.4333333333333333,1.4333333333333333,10.828762292199665,-3.2896532207266542,40.4165,0.2328064196470283,FALSE,,,
FUSPCEU::FUSPCEU_S020::2025-01-24,FUSPCEU,FUSPCEU::FUSPCEU_S020,2025-01-24,2.35,2.35,10.858091982603073,-3.2603235303232463,40.4165,0.2328064196470283,FALSE,,,
FUSPCEU::FUSPCEU_S020::2025-01-25,FUSPCEU,FUSPCEU::FUSPCEU_S020,2025-01-25,2,2,10.888045382764604,-3.230370130161715,40.4165,0.2328064196470283,FALSE,,,
FUSPCEU::FUSPCEU_S020::2025-01-26,FUSPCEU,FUSPCEU::FUSPCEU_S020,2025-01-26,5.483333333333333,5.483333333333333,10.91860579205884,-3.1998097208674796,40.4165,0.2328064196470283,FALSE,,,
FUSPCEU::FUSPCEU_S022::2025-01-28,FUSPCEU,FUSPCEU::FUSPCEU_S022,2025-01-28,0.55,0.55,10.981481417152617,-3.136934095773702,40.4165,0.2328064196470283,FALSE,,,
FUSPCEU::FUSPCEU_S022::2025-01-29,FUSPCEU,FUSPCEU::FUSPCEU_S022,2025-01-29,0.35,0.35,11.013763885233137,-3.1046516276931815,40.4165,0.2328064196470283,FALSE,,,
FUSPCEU::FUSPCEU_S022::2025-01-30,FUSPCEU,FUSPCEU::FUSPCEU_S022,2025-01-30,2.4833333333333334,2.4833333333333334,11.046587911711798,-3.0718276012145207,40.4165,0.2328064196470283,FALSE,,,
FUSPCEU::FUSPCEU_S022::2025-01-31,FUSPCEU,FUSPCEU::FUSPCEU_S022,2025-01-31,0.05,0.05,11.079937583009402,-3.038477929916917,40.4165,0.2328064196470283,FALSE,,,
FUSPCEU::FUSPCEU_S022::2025-02-01,FUSPCEU,FUSPCEU::FUSPCEU_S022,2025-02-01,0.9166666666666666,0.9166666666666666,11.113797203765975,-3.0046183091603442,40.4165,0.2328064196470283,FALSE,,,
FUSPCEU::FUSPCEU_S022::2025-02-02,FUSPCEU,FUSPCEU::FUSPCEU_S022,2025-02-02,0.9833333333333333,0.9833333333333333,11.148151313198937,-2.9702641997273815,40.4165,0.2328064196470283,FALSE,,,
FUSPCEU::FUSPCEU_S023::2025-01-28,FUSPCEU,FUSPCEU::FUSPCEU_S023,2025-01-28,1.7833333333333334,1.7833333333333334,10.981481417152617,-3.136934095773702,40.4165,0.2328064196470283,FALSE,,,
FUSPCEU::FUSPCEU_S023::2025-01-29,FUSPCEU,FUSPCEU::FUSPCEU_S023,2025-01-29,0.5666666666666667,0.5666666666666667,11.013763885233137,-3.1046516276931815,40.4165,0.2328064196470283,FALSE,,,
FUSPCEU::FUSPCEU_S023::2025-01-30,FUSPCEU,FUSPCEU::FUSPCEU_S023,2025-01-30,2,2,11.046587911711798,-3.0718276012145207,40.4165,0.2328064196470283,FALSE,,,
FUSPCEU::FUSPCEU_S023::2025-01-31,FUSPCEU,FUSPCEU::FUSPCEU_S023,2025-01-31,2.216666666666667,2.216666666666667,11.079937583009402,-3.038477929916917,40.4165,0.2328064196470283,FALSE,,,
FUSPCEU::FUSPCEU_S023::2025-02-01,FUSPCEU,FUSPCEU::FUSPCEU_S023,2025-02-01,0.3,0.3,11.113797203765975,-3.0046183091603442,40.4165,0.2328064196470283,FALSE,,,
FUSPCEU::FUSPCEU_S024::2025-02-04,FUSPCEU,FUSPCEU::FUSPCEU_S024,2025-02-04,1.5,1.5,11.218282416065534,-2.9001330968607846,40.4165,0.2328064196470283,FALSE,,,
FUSPCEU::FUSPCEU_S024::2025-02-05,FUSPCEU,FUSPCEU::FUSPCEU_S024,2025-02-05,2.9,2.9,11.254029786454307,-2.864385726472012,40.4165,0.2328064196470283,FALSE,,,
FUSPCEU::FUSPCEU_S024::2025-02-06,FUSPCEU,FUSPCEU::FUSPCEU_S024,2025-02-06,3.466666666666667,3.466666666666667,11.290212421417236,-2.8282030915090832,40.4165,0.2328064196470283,FALSE,,,
FUSPCEU::FUSPCEU_S024::2025-02-08,FUSPCEU,FUSPCEU::FUSPCEU_S024,2025-02-08,3.4166666666666665,3.4166666666666665,11.36382739689615,-2.7545881160301686,40.4165,0.2328064196470283,FALSE,,,
FUSPCEU::FUSPCEU_S024::2025-02-09,FUSPCEU,FUSPCEU::FUSPCEU_S024,2025-02-09,3.6666666666666665,3.6666666666666665,11.401232449942166,-2.7171830629841534,40.4165,0.2328064196470283,FALSE,,,
FUSPCEU::FUSPCEU_S025::2025-02-04,FUSPCEU,FUSPCEU::FUSPCEU_S025,2025-02-04,0.5,0.5,11.218282416065534,-2.9001330968607846,40.4165,0.2328064196470283,FALSE,,,
FUSPCEU::FUSPCEU_S025::2025-02-05,FUSPCEU,FUSPCEU::FUSPCEU_S025,2025-02-05,0.6333333333333333,0.6333333333333333,11.254029786454307,-2.864385726472012,40.4165,0.2328064196470283,FALSE,,,
FUSPCEU::FUSPCEU_S025::2025-02-06,FUSPCEU,FUSPCEU::FUSPCEU_S025,2025-02-06,0.6333333333333333,0.6333333333333333,11.290212421417236,-2.8282030915090832,40.4165,0.2328064196470283,FALSE,,,
IZTECH::IZTECH_S001::2024-12-24,IZTECH,IZTECH::IZTECH_S001,2024-12-24,3,3,10.489451321429677,-3.6289641914966424,38.32,0.023156419647028414,FALSE,,,
IZTECH::IZTECH_S001::2024-12-25,IZTECH,IZTECH::IZTECH_S001,2024-12-25,4.633333333333334,4.633333333333334,10.492750476797422,-3.625665036128897,38.32,0.023156419647028414,FALSE,,,
IZTECH::IZTECH_S001::2024-12-26,IZTECH,IZTECH::IZTECH_S001,2024-12-26,0.9333333333333333,0.9333333333333333,10.496976461079386,-3.6214390518469326,38.32,0.023156419647028414,FALSE,,,
IZTECH::IZTECH_S001::2024-12-27,IZTECH,IZTECH::IZTECH_S001,2024-12-27,3.433333333333333,3.433333333333333,10.50212588707606,-3.616289625850259,38.32,0.023156419647028414,FALSE,,,
IZTECH::IZTECH_S001::2024-12-28,IZTECH,IZTECH::IZTECH_S001,2024-12-28,1.9,1.9,10.50819456073973,-3.610220952186589,38.32,0.023156419647028414,FALSE,,,
IZTECH::IZTECH_S001::2024-12-29,IZTECH,IZTECH::IZTECH_S001,2024-12-29,3.3,3.3,10.515177495413356,-3.603238017512963,38.32,0.023156419647028414,FALSE,,,
IZTECH::IZTECH_S001::2024-12-30,IZTECH,IZTECH::IZTECH_S001,2024-12-30,1.8166666666666667,1.8166666666666667,10.523068928983477,-3.595346583942842,38.32,0.023156419647028414,FALSE,,,
IZTECH::IZTECH_S002::2025-01-07,IZTECH,IZTECH::IZTECH_S002,2025-01-07,0.9166666666666666,0.9166666666666666,10.617976313961877,-3.5004391989644414,38.32,0.023156419647028414,FALSE,,,
IZTECH::IZTECH_S002::2025-01-08,IZTECH,IZTECH::IZTECH_S002,2025-01-08,0.15,0.15,10.63366825911734,-3.4847472538089797,38.32,0.023156419647028414,FALSE,,,
IZTECH::IZTECH_S002::2025-01-09,IZTECH,IZTECH::IZTECH_S002,2025-01-09,2.1166666666666667,2.1166666666666667,10.650173718598154,-3.468241794328165,38.32,0.023156419647028414,FALSE,,,
IZTECH::IZTECH_S002::2025-01-10,IZTECH,IZTECH::IZTECH_S002,2025-01-10,1.9333333333333333,1.9333333333333333,10.667480112777817,-3.450935400148502,38.32,0.023156419647028414,FALSE,,,
IZTECH::IZTECH_S002::2025-01-11,IZTECH,IZTECH::IZTECH_S002,2025-01-11,0.2833333333333333,0.2833333333333333,10.685574437181154,-3.4328410757451646,38.32,0.023156419647028414,FALSE,,,
IZTECH::IZTECH_S002::2025-01-12,IZTECH,IZTECH::IZTECH_S002,2025-01-12,2.1666666666666665,2.1666666666666665,10.704443298247126,-3.413972214679193,38.32,0.023156419647028414,FALSE,,,
IZTECH::IZTECH_S003::2025-01-07,IZTECH,IZTECH::IZTECH_S003,2025-01-07,0.9333333333333333,0.9333333333333333,10.617976313961877,-3.5004391989644414,38.32,0.023156419647028414,FALSE,,,
IZTECH::IZTECH_S003::2025-01-08,IZTECH,IZTECH::IZTECH_S003,2025-01-08,0,0,10.63366825911734,-3.4847472538089797,38.32,0.023156419647028414,FALSE,,,
IZTECH::IZTECH_S003::2025-01-09,IZTECH,IZTECH::IZTECH_S003,2025-01-09,0.8,0.8,10.650173718598154,-3.468241794328165,38.32,0.023156419647028414,FALSE,,,
IZTECH::IZTECH_S003::2025-01-10,IZTECH,IZTECH::IZTECH_S003,2025-01-10,0.38333333333333336,0.38333333333333336,10.667480112777817,-3.450935400148502,38.32,0.023156419647028414,FALSE,,,
IZTECH::IZTECH_S003::2025-01-11,IZTECH,IZTECH::IZTECH_S003,2025-01-11,0.3,0.3,10.685574437181154,-3.4328410757451646,38.32,0.023156419647028414,FALSE,,,
IZTECH::IZTECH_S003::2025-01-12,IZTECH,IZTECH::IZTECH_S003,2025-01-12,1.4666666666666666,1.4666666666666666,10.704443298247126,-3.413972214679193,38.32,0.023156419647028414,FALSE,,,
IZTECH::IZTECH_S004::2025-01-22,IZTECH,IZTECH::IZTECH_S004,2025-01-22,1.6333333333333333,1.6333333333333333,10.9325787850221,-3.185836727904219,38.32,0.023156419647028414,FALSE,,,
IZTECH::IZTECH_S004::2025-01-23,IZTECH,IZTECH::IZTECH_S004,2025-01-23,1.0666666666666667,1.0666666666666667,10.959008137186368,-3.159407375739951,38.32,0.023156419647028414,FALSE,,,
IZTECH::IZTECH_S004::2025-01-24,IZTECH,IZTECH::IZTECH_S004,2025-01-24,0.25,0.25,10.986033838391304,-3.132381674535015,38.32,0.023156419647028414,FALSE,,,
IZTECH::IZTECH_S004::2025-01-25,IZTECH,IZTECH::IZTECH_S004,2025-01-25,0.7333333333333333,0.7333333333333333,11.013640581170717,-3.1047749317556015,38.32,0.023156419647028414,FALSE,,,
IZTECH::IZTECH_S004::2025-01-26,IZTECH,IZTECH::IZTECH_S004,2025-01-26,2.4833333333333334,2.4833333333333334,11.0418131228288,-3.076602390097518,38.32,0.023156419647028414,FALSE,,,
IZTECH::IZTECH_S005::2025-01-21,IZTECH,IZTECH::IZTECH_S005,2025-01-21,1.1333333333333333,1.1333333333333333,10.906761128637525,-3.211654384288794,38.32,0.023156419647028414,FALSE,,,
IZTECH::IZTECH_S005::2025-01-22,IZTECH,IZTECH::IZTECH_S005,2025-01-22,1.0666666666666667,1.0666666666666667,10.9325787850221,-3.185836727904219,38.32,0.023156419647028414,FALSE,,,
IZTECH::IZTECH_S005::2025-01-23,IZTECH,IZTECH::IZTECH_S005,2025-01-23,1.4,1.4,10.959008137186368,-3.159407375739951,38.32,0.023156419647028414,FALSE,,,
IZTECH::IZTECH_S005::2025-01-24,IZTECH,IZTECH::IZTECH_S005,2025-01-24,1.1666666666666667,1.1666666666666667,10.986033838391304,-3.132381674535015,38.32,0.023156419647028414,FALSE,,,
IZTECH::IZTECH_S005::2025-01-25,IZTECH,IZTECH::IZTECH_S005,2025-01-25,0.5166666666666667,0.5166666666666667,11.013640581170717,-3.1047749317556015,38.32,0.023156419647028414,FALSE,,,
IZTECH::IZTECH_S005::2025-01-26,IZTECH,IZTECH::IZTECH_S005,2025-01-26,1.2833333333333334,1.2833333333333334,11.0418131228288,-3.076602390097518,38.32,0.023156419647028414,FALSE,,,
IZTECH::IZTECH_S006::2025-02-18,IZTECH,IZTECH::IZTECH_S006,2025-02-18,1.8,1.8,11.813367618785964,-2.3050478941403547,38.32,0.023156419647028414,FALSE,,,
IZTECH::IZTECH_S006::2025-02-19,IZTECH,IZTECH::IZTECH_S006,2025-02-19,0.6666666666666666,0.6666666666666666,11.851021302806007,-2.2673942101203117,38.32,0.023156419647028414,FALSE,,,
IZTECH::IZTECH_S006::2025-02-20,IZTECH,IZTECH::IZTECH_S006,2025-02-20,2.7,2.7,11.888926246033774,-2.2294892668925446,38.32,0.023156419647028414,FALSE,,,
IZTECH::IZTECH_S006::2025-02-21,IZTECH,IZTECH::IZTECH_S006,2025-02-21,1.0833333333333333,1.0833333333333333,11.927073288957278,-2.191342223969041,38.32,0.023156419647028414,FALSE,,,
IZTECH::IZTECH_S006::2025-02-22,IZTECH,IZTECH::IZTECH_S006,2025-02-22,1.25,1.25,11.965453527503543,-2.1529619854227757,38.32,0.023156419647028414,FALSE,,,
IZTECH::IZTECH_S006::2025-02-23,IZTECH,IZTECH::IZTECH_S006,2025-02-23,3.3833333333333333,3.3833333333333333,12.004058307475514,-2.114357205450805,38.32,0.023156419647028414,FALSE,,,
IZTECH::IZTECH_S007::2025-02-25,IZTECH,IZTECH::IZTECH_S007,2025-02-25,2.5166666666666666,2.5166666666666666,12.08190808110767,-2.0365074318186487,38.32,0.023156419647028414,FALSE,,,
IZTECH::IZTECH_S007::2025-02-26,IZTECH,IZTECH::IZTECH_S007,2025-02-26,1.95,1.95,12.121136951049168,-1.9972785618771507,38.32,0.023156419647028414,FALSE,,,
IZTECH::IZTECH_S007::2025-02-27,IZTECH,IZTECH::IZTECH_S007,2025-02-27,2,2,12.160558099481795,-1.9578574134445237,38.32,0.023156419647028414,FALSE,,,
IZTECH::IZTECH_S007::2025-02-28,IZTECH,IZTECH::IZTECH_S007,2025-02-28,0.6833333333333333,0.6833333333333333,12.200164010590978,-1.918251502335341,38.32,0.023156419647028414,FALSE,,,
IZTECH::IZTECH_S007::2025-03-01,IZTECH,IZTECH::IZTECH_S007,2025-03-01,3.3666666666666667,3.3666666666666667,12.23994737168153,-1.8784681412447881,38.32,0.023156419647028414,FALSE,,,
IZTECH::IZTECH_S007::2025-03-02,IZTECH,IZTECH::IZTECH_S007,2025-03-02,2.25,2.25,12.279901064501868,-1.8385144484244513,38.32,0.023156419647028414,FALSE,,,
IZTECH::IZTECH_S008::2025-03-04,IZTECH,IZTECH::IZTECH_S008,2025-03-04,2.1166666666666667,2.1166666666666667,12.36029188712438,-1.7581236258019395,38.32,0.023156419647028414,FALSE,,,
IZTECH::IZTECH_S008::2025-03-05,IZTECH,IZTECH::IZTECH_S008,2025-03-05,0.8833333333333333,0.8833333333333333,12.400715667472946,-1.7176998454533727,38.32,0.023156419647028414,FALSE,,,
IZTECH::IZTECH_S008::2025-03-06,IZTECH,IZTECH::IZTECH_S008,2025-03-06,1.3166666666666667,1.3166666666666667,12.441283061040773,-1.6771324518855462,38.32,0.023156419647028414,FALSE,,,
IZTECH::IZTECH_S008::2025-03-07,IZTECH,IZTECH::IZTECH_S008,2025-03-07,0.8833333333333333,0.8833333333333333,12.481987778014608,-1.6364277349117113,38.32,0.023156419647028414,FALSE,,,
IZTECH::IZTECH_S008::2025-03-09,IZTECH,IZTECH::IZTECH_S008,2025-03-09,1.2333333333333334,1.2333333333333334,12.563784693280855,-1.554630819645464,38.32,0.023156419647028414,FALSE,,,
IZTECH::IZTECH_S009::2025-03-19,IZTECH,IZTECH::IZTECH_S009,2025-03-19,2.3333333333333335,2.3333333333333335,12.97902001824644,-1.1393954946798797,38.32,0.023156419647028414,FALSE,,,
IZTECH::IZTECH_S009::2025-03-20,IZTECH,IZTECH::IZTECH_S009,2025-03-20,1.7833333333333334,1.7833333333333334,13.02098494960202,-1.0974305633242984,38.32,0.023156419647028414,FALSE,,,
IZTECH::IZTECH_S009::2025-03-21,IZTECH,IZTECH::IZTECH_S009,2025-03-21,0.5333333333333333,0.5333333333333333,13.063008562657568,-1.0554069502687504,38.32,0.023156419647028414,FALSE,,,
IZTECH::IZTECH_S009::2025-03-22,IZTECH,IZTECH::IZTECH_S009,2025-03-22,0.8333333333333334,0.8333333333333334,13.105085474186474,-1.013330038739845,38.32,0.023156419647028414,FALSE,,,
IZTECH::IZTECH_S009::2025-03-24,IZTECH,IZTECH::IZTECH_S009,2025-03-24,3.0833333333333335,3.0833333333333335,13.189377503262627,-0.9290380096636923,38.32,0.023156419647028414,FALSE,,,
IZTECH::IZTECH_S009::2025-03-25,IZTECH,IZTECH::IZTECH_S009,2025-03-25,1.8333333333333333,1.8333333333333333,13.23158166481389,-0.8868338481124294,38.32,0.023156419647028414,FALSE,,,
IZTECH::IZTECH_S009::2025-03-26,IZTECH,IZTECH::IZTECH_S009,2025-03-26,0,0,13.27381718940205,-0.8445983235242682,38.32,0.023156419647028414,FALSE,,,
IZTECH::IZTECH_S010::2025-04-15,IZTECH,IZTECH::IZTECH_S010,2025-04-15,0.6333333333333333,0.6333333333333333,14.115496115022236,-0.002919397904083354,38.32,0.023156419647028414,FALSE,,,
IZTECH::IZTECH_S010::2025-04-16,IZTECH,IZTECH::IZTECH_S010,2025-04-16,1.7333333333333334,1.7333333333333334,14.15687135650052,0.03845584357420151,38.32,0.023156419647028414,FALSE,,,
IZTECH::IZTECH_S010::2025-04-18,IZTECH,IZTECH::IZTECH_S010,2025-04-18,1.0666666666666667,1.0666666666666667,14.239221658243073,0.12080614531675415,38.32,0.023156419647028414,FALSE,,,
IZTECH::IZTECH_S010::2025-04-19,IZTECH,IZTECH::IZTECH_S010,2025-04-19,0.23333333333333334,0.23333333333333334,14.280176197157965,0.16176068423164658,38.32,0.023156419647028414,FALSE,,,
IZTECH::IZTECH_S010::2025-04-20,IZTECH,IZTECH::IZTECH_S010,2025-04-20,0.8833333333333333,0.8833333333333333,14.320969442592727,0.20255392966640784,38.32,0.023156419647028414,FALSE,,,
IZTECH::IZTECH_S011::2025-04-15,IZTECH,IZTECH::IZTECH_S011,2025-04-15,0.6333333333333333,0.6333333333333333,14.115496115022236,-0.002919397904083354,38.32,0.023156419647028414,FALSE,,,
IZTECH::IZTECH_S011::2025-04-16,IZTECH,IZTECH::IZTECH_S011,2025-04-16,0.7833333333333333,0.7833333333333333,14.15687135650052,0.03845584357420151,38.32,0.023156419647028414,FALSE,,,
IZTECH::IZTECH_S011::2025-04-17,IZTECH,IZTECH::IZTECH_S011,2025-04-17,0.75,0.75,14.198116571439638,0.07970105851331866,38.32,0.023156419647028414,FALSE,,,
IZTECH::IZTECH_S011::2025-04-18,IZTECH,IZTECH::IZTECH_S011,2025-04-18,0.5833333333333334,0.5833333333333334,14.239221658243073,0.12080614531675415,38.32,0.023156419647028414,FALSE,,,
IZTECH::IZTECH_S011::2025-04-19,IZTECH,IZTECH::IZTECH_S011,2025-04-19,0,0,14.280176197157965,0.16176068423164658,38.32,0.023156419647028414,FALSE,,,
IZTECH::IZTECH_S011::2025-04-20,IZTECH,IZTECH::IZTECH_S011,2025-04-20,1.15,1.15,14.320969442592727,0.20255392966640784,38.32,0.023156419647028414,FALSE,,,
IZTECH::IZTECH_S012::2025-04-22,IZTECH,IZTECH::IZTECH_S012,2025-04-22,0.3,0.3,14.402027399937312,0.28361188701099316,38.32,0.023156419647028414,FALSE,,,
IZTECH::IZTECH_S012::2025-04-23,IZTECH,IZTECH::IZTECH_S012,2025-04-23,0.016666666666666666,0.016666666666666666,14.442268930408689,0.3238534174823702,38.32,0.023156419647028414,FALSE,,,
IZTECH::IZTECH_S012::2025-04-24,IZTECH,IZTECH::IZTECH_S012,2025-04-24,2.2,2.2,14.482302793529298,0.36388728060297915,38.32,0.023156419647028414,FALSE,,,
IZTECH::IZTECH_S012::2025-04-25,IZTECH,IZTECH::IZTECH_S012,2025-04-25,3.6166666666666667,3.6166666666666667,14.522116519543859,0.40370100661754016,38.32,0.023156419647028414,FALSE,,,
IZTECH::IZTECH_S012::2025-04-26,IZTECH,IZTECH::IZTECH_S012,2025-04-26,0.3333333333333333,0.3333333333333333,14.561697279877134,0.44328176695081467,38.32,0.023156419647028414,FALSE,,,
IZTECH::IZTECH_S012::2025-04-27,IZTECH,IZTECH::IZTECH_S012,2025-04-27,1.4,1.4,14.60103188349141,0.48261637056509166,38.32,0.023156419647028414,FALSE,,,
IZTECH::IZTECH_S013::2025-04-22,IZTECH,IZTECH::IZTECH_S013,2025-04-22,1.0833333333333333,1.0833333333333333,14.402027399937312,0.28361188701099316,38.32,0.023156419647028414,FALSE,,,
IZTECH::IZTECH_S013::2025-04-23,IZTECH,IZTECH::IZTECH_S013,2025-04-23,0.18333333333333332,0.18333333333333332,14.442268930408689,0.3238534174823702,38.32,0.023156419647028414,FALSE,,,
IZTECH::IZTECH_S013::2025-04-24,IZTECH,IZTECH::IZTECH_S013,2025-04-24,2.6666666666666665,2.6666666666666665,14.482302793529298,0.36388728060297915,38.32,0.023156419647028414,FALSE,,,
IZTECH::IZTECH_S013::2025-04-25,IZTECH,IZTECH::IZTECH_S013,2025-04-25,2.0833333333333335,2.0833333333333335,14.522116519543859,0.40370100661754016,38.32,0.023156419647028414,FALSE,,,
IZTECH::IZTECH_S013::2025-04-27,IZTECH,IZTECH::IZTECH_S013,2025-04-27,1.0333333333333334,1.0333333333333334,14.60103188349141,0.48261637056509166,38.32,0.023156419647028414,FALSE,,,
IZTECH::IZTECH_S014::2025-04-29,IZTECH,IZTECH::IZTECH_S014,2025-04-29,0.7833333333333333,0.7833333333333333,14.678908035159111,0.5604925222327921,38.32,0.023156419647028414,FALSE,,,
IZTECH::IZTECH_S014::2025-04-30,IZTECH,IZTECH::IZTECH_S014,2025-04-30,2.216666666666667,2.216666666666667,14.71742137697008,0.599005864043761,38.32,0.023156419647028414,FALSE,,,
IZTECH::IZTECH_S014::2025-05-01,IZTECH,IZTECH::IZTECH_S014,2025-05-01,2.683333333333333,2.683333333333333,14.755632150570552,0.637216637644233,38.32,0.023156419647028414,FALSE,,,
IZTECH::IZTECH_S014::2025-05-02,IZTECH,IZTECH::IZTECH_S014,2025-05-02,2.25,2.25,14.793525343338649,0.67510983041233,38.32,0.023156419647028414,FALSE,,,
IZTECH::IZTECH_S014::2025-05-03,IZTECH,IZTECH::IZTECH_S014,2025-05-03,0.5166666666666667,0.5166666666666667,14.831085583964983,0.712670071038664,38.32,0.023156419647028414,FALSE,,,
IZTECH::IZTECH_S014::2025-05-04,IZTECH,IZTECH::IZTECH_S014,2025-05-04,1.9833333333333334,1.9833333333333334,14.868297146558762,0.7498816336324428,38.32,0.023156419647028414,FALSE,,,
IZTECH::IZTECH_S015::2025-04-29,IZTECH,IZTECH::IZTECH_S015,2025-04-29,2.25,2.25,14.678908035159111,0.5604925222327921,38.32,0.023156419647028414,FALSE,,,
IZTECH::IZTECH_S015::2025-04-30,IZTECH,IZTECH::IZTECH_S015,2025-04-30,3.3833333333333333,3.3833333333333333,14.71742137697008,0.599005864043761,38.32,0.023156419647028414,FALSE,,,
IZTECH::IZTECH_S015::2025-05-01,IZTECH,IZTECH::IZTECH_S015,2025-05-01,1.8,1.8,14.755632150570552,0.637216637644233,38.32,0.023156419647028414,FALSE,,,
IZTECH::IZTECH_S015::2025-05-02,IZTECH,IZTECH::IZTECH_S015,2025-05-02,3.35,3.35,14.793525343338649,0.67510983041233,38.32,0.023156419647028414,FALSE,,,
IZTECH::IZTECH_S015::2025-05-03,IZTECH,IZTECH::IZTECH_S015,2025-05-03,2.1166666666666667,2.1166666666666667,14.831085583964983,0.712670071038664,38.32,0.023156419647028414,FALSE,,,
IZTECH::IZTECH_S015::2025-05-04,IZTECH,IZTECH::IZTECH_S015,2025-05-04,2.2666666666666666,2.2666666666666666,14.868297146558762,0.7498816336324428,38.32,0.023156419647028414,FALSE,,,
IZTECH::IZTECH_S016::2025-05-06,IZTECH,IZTECH::IZTECH_S016,2025-05-06,1.5833333333333333,1.5833333333333333,14.941609600252576,0.8231940873262573,38.32,0.023156419647028414,FALSE,,,
IZTECH::IZTECH_S016::2025-05-07,IZTECH,IZTECH::IZTECH_S016,2025-05-07,1.2,1.2,14.97767732905017,0.8592618161238512,38.32,0.023156419647028414,FALSE,,,
IZTECH::IZTECH_S016::2025-05-08,IZTECH,IZTECH::IZTECH_S016,2025-05-08,0.48333333333333334,0.48333333333333334,15.013330074350039,0.89491456142372,38.32,0.023156419647028414,FALSE,,,
IZTECH::IZTECH_S016::2025-05-09,IZTECH,IZTECH::IZTECH_S016,2025-05-09,2.533333333333333,2.533333333333333,15.048550457292134,0.9301349443658147,38.32,0.023156419647028414,FALSE,,,
IZTECH::IZTECH_S016::2025-05-10,IZTECH,IZTECH::IZTECH_S016,2025-05-10,1.8166666666666667,1.8166666666666667,15.083320802648862,0.9649052897225427,38.32,0.023156419647028414,FALSE,,,
IZTECH::IZTECH_S016::2025-05-11,IZTECH,IZTECH::IZTECH_S016,2025-05-11,2.7666666666666666,2.7666666666666666,15.117623154189852,0.9992076412635331,38.32,0.023156419647028414,FALSE,,,
IZTECH::IZTECH_S017::2025-05-27,IZTECH,IZTECH::IZTECH_S017,2025-05-27,3,3,15.587403438157505,1.4689879252311862,38.32,0.023156419647028414,FALSE,,,
IZTECH::IZTECH_S017::2025-05-28,IZTECH,IZTECH::IZTECH_S017,2025-05-28,0.35,0.35,15.610839857392842,1.4924243444665226,38.32,0.023156419647028414,FALSE,,,
IZTECH::IZTECH_S017::2025-05-29,IZTECH,IZTECH::IZTECH_S017,2025-05-29,2.5,2.5,15.633464889923731,1.5150493769974123,38.32,0.023156419647028414,FALSE,,,
IZTECH::IZTECH_S017::2025-05-30,IZTECH,IZTECH::IZTECH_S017,2025-05-30,1.5166666666666666,1.5166666666666666,15.65526044540935,1.5368449324830316,38.32,0.023156419647028414,FALSE,,,
IZTECH::IZTECH_S017::2025-05-31,IZTECH,IZTECH::IZTECH_S017,2025-05-31,1.9,1.9,15.676208808090951,1.5577932951646325,38.32,0.023156419647028414,FALSE,,,
IZTECH::IZTECH_S017::2025-06-01,IZTECH,IZTECH::IZTECH_S017,2025-06-01,1.5166666666666666,1.5166666666666666,15.696292682422532,1.5778771694962135,38.32,0.023156419647028414,FALSE,,,
KNUST::KNUST_S001::2024-10-08,KNUST,KNUST::KNUST_S001,2024-10-08,2.966666666666667,2.966666666666667,12.71061712841193,-1.4077983845143898,6.6750074282377385,-3.141342837529198,FALSE,,,
KNUST::KNUST_S001::2024-10-09,KNUST,KNUST::KNUST_S001,2024-10-09,1.95,1.95,12.705258833169937,-1.4131566797563817,6.6750074282377385,-3.141342837529198,FALSE,,,
KNUST::KNUST_S001::2024-10-11,KNUST,KNUST::KNUST_S001,2024-10-11,3,3,12.694696087572309,-1.42371942535401,6.6750074282377385,-3.141342837529198,FALSE,,,
KNUST::KNUST_S001::2024-10-12,KNUST,KNUST::KNUST_S001,2024-10-12,2.5166666666666666,2.5166666666666666,12.689493022296164,-1.4289224906301552,6.6750074282377385,-3.141342837529198,FALSE,,,
KNUST::KNUST_S001::2024-10-13,KNUST,KNUST::KNUST_S001,2024-10-13,3,3,12.684343072573343,-1.4340724403529759,6.6750074282377385,-3.141342837529198,FALSE,,,
KNUST::KNUST_S002::2024-10-15,KNUST,KNUST::KNUST_S002,2024-10-15,3,3,12.674205210341347,-1.4442103025849722,6.6750074282377385,-3.141342837529198,FALSE,,,
KNUST::KNUST_S002::2024-10-16,KNUST,KNUST::KNUST_S002,2024-10-16,1.9833333333333334,1.9833333333333334,12.66921862827407,-1.449196884652249,6.6750074282377385,-3.141342837529198,FALSE,,,
KNUST::KNUST_S002::2024-10-17,KNUST,KNUST::KNUST_S002,2024-10-17,2.95,2.95,12.664287823637327,-1.4541276892889918,6.6750074282377385,-3.141342837529198,FALSE,,,
KNUST::KNUST_S002::2024-10-18,KNUST,KNUST::KNUST_S002,2024-10-18,2.65,2.65,12.659413449234433,-1.4590020636918855,6.6750074282377385,-3.141342837529198,FALSE,,,
KNUST::KNUST_S002::2024-10-19,KNUST,KNUST::KNUST_S002,2024-10-19,2.6666666666666665,2.6666666666666665,12.654596153762606,-1.463819359163713,6.6750074282377385,-3.141342837529198,FALSE,,,
KNUST::KNUST_S002::2024-10-20,KNUST,KNUST::KNUST_S002,2024-10-20,3,3,12.64983658240901,-1.4685789305173085,6.6750074282377385,-3.141342837529198,FALSE,,,
KNUST::KNUST_S003::2024-10-22,KNUST,KNUST::KNUST_S003,2024-10-22,0.8333333333333334,0.8333333333333334,12.640493177175522,-1.4779223357507973,6.6750074282377385,-3.141342837529198,FALSE,,,
KNUST::KNUST_S003::2024-10-23,KNUST,KNUST::KNUST_S003,2024-10-23,1.6833333333333333,1.6833333333333333,12.63591061969598,-1.4825048932303382,6.6750074282377385,-3.141342837529198,FALSE,,,
KNUST::KNUST_S003::2024-10-24,KNUST,KNUST::KNUST_S003,2024-10-24,1.8333333333333333,1.8333333333333333,12.6313883396652,-1.4870271732611187,6.6750074282377385,-3.141342837529198,FALSE,,,
KNUST::KNUST_S003::2024-10-25,KNUST,KNUST::KNUST_S003,2024-10-25,1.3833333333333333,1.3833333333333333,12.626926970415646,-1.4914885425106732,6.6750074282377385,-3.141342837529198,FALSE,,,
KNUST::KNUST_S003::2024-10-26,KNUST,KNUST::KNUST_S003,2024-10-26,2.5,2.5,12.622527143955232,-1.4958883689710873,6.6750074282377385,-3.141342837529198,FALSE,,,
KNUST::KNUST_S003::2024-10-27,KNUST,KNUST::KNUST_S003,2024-10-27,2.8666666666666667,2.8666666666666667,12.618189491497146,-1.5002260214291727,6.6750074282377385,-3.141342837529198,FALSE,,,
KNUST::KNUST_S004::2024-10-30,KNUST,KNUST::KNUST_S004,2024-10-30,2.55,2.55,12.605555876758363,-1.5128596361679563,6.6750074282377385,-3.141342837529198,FALSE,,,
KNUST::KNUST_S004::2024-11-01,KNUST,KNUST::KNUST_S004,2024-11-01,0.6833333333333333,0.6833333333333333,12.597455877727933,-1.5209596351983858,6.6750074282377385,-3.141342837529198,FALSE,,,
KNUST::KNUST_S004::2024-11-02,KNUST,KNUST::KNUST_S004,2024-11-02,0.8666666666666667,0.8666666666666667,12.593504488004578,-1.5249110249217406,6.6750074282377385,-3.141342837529198,FALSE,,,
KNUST::KNUST_S005::2024-11-07,KNUST,KNUST::KNUST_S005,2024-11-07,0.8833333333333333,0.8833333333333333,12.57475878742006,-1.543656725506258,6.6750074282377385,-3.141342837529198,FALSE,,,
KNUST::KNUST_S005::2024-11-08,KNUST,KNUST::KNUST_S005,2024-11-08,1.9,1.9,12.571216297215885,-1.5471992157104335,6.6750074282377385,-3.141342837529198,FALSE,,,
KNUST::KNUST_S005::2024-11-09,KNUST,KNUST::KNUST_S005,2024-11-09,1.8333333333333333,1.8333333333333333,12.56774415632089,-1.550671356605429,6.6750074282377385,-3.141342837529198,FALSE,,,
KNUST::KNUST_S006::2024-11-12,KNUST,KNUST::KNUST_S006,2024-11-12,2.0833333333333335,2.0833333333333335,12.557756095329921,-1.5606594175963977,6.6750074282377385,-3.141342837529198,FALSE,,,
KNUST::KNUST_S006::2024-11-13,KNUST,KNUST::KNUST_S006,2024-11-13,1.7166666666666666,1.7166666666666666,12.55457161227862,-1.563843900647699,6.6750074282377385,-3.141342837529198,FALSE,,,
KNUST::KNUST_S006::2024-11-14,KNUST,KNUST::KNUST_S006,2024-11-14,2.8333333333333335,2.8333333333333335,12.55146060248216,-1.5669549104441582,6.6750074282377385,-3.141342837529198,FALSE,,,
KNUST::KNUST_S006::2024-11-15,KNUST,KNUST::KNUST_S006,2024-11-15,2.9833333333333334,2.9833333333333334,12.548423685232798,-1.5699918276935207,6.6750074282377385,-3.141342837529198,FALSE,,,
KNUST::KNUST_S006::2024-11-16,KNUST,KNUST::KNUST_S006,2024-11-16,2.5,2.5,12.545461477438609,-1.5729540354877098,6.6750074282377385,-3.141342837529198,FALSE,,,
KNUST::KNUST_S006::2024-11-17,KNUST,KNUST::KNUST_S006,2024-11-17,2.5,2.5,12.542574592497614,-1.5758409204287052,6.6750074282377385,-3.141342837529198,FALSE,,,
KNUST::KNUST_S007::2024-11-19,KNUST,KNUST::KNUST_S007,2024-11-19,2.8666666666666667,2.8666666666666667,12.53702922715081,-1.5813862857755083,6.6750074282377385,-3.141342837529198,FALSE,,,
KNUST::KNUST_S007::2024-11-20,KNUST,KNUST::KNUST_S007,2024-11-20,2.8833333333333333,2.8833333333333333,12.534371952944332,-1.5840435599819873,6.6750074282377385,-3.141342837529198,FALSE,,,
KNUST::KNUST_S007::2024-11-21,KNUST,KNUST::KNUST_S007,2024-11-21,1.6666666666666667,1.6666666666666667,12.531792413393656,-1.5866230995326625,6.6750074282377385,-3.141342837529198,FALSE,,,
KNUST::KNUST_S007::2024-11-22,KNUST,KNUST::KNUST_S007,2024-11-22,1.2,1.2,12.529291197525131,-1.5891243154011878,6.6750074282377385,-3.141342837529198,FALSE,,,
KNUST::KNUST_S008::2024-11-27,KNUST,KNUST::KNUST_S008,2024-11-27,2.05,2.05,12.517980072233412,-1.600435440692907,6.6750074282377385,-3.141342837529198,FALSE,,,
KNUST::KNUST_S008::2024-11-28,KNUST,KNUST::KNUST_S008,2024-11-28,1.7166666666666666,1.7166666666666666,12.515960734354126,-1.6024547785721932,6.6750074282377385,-3.141342837529198,FALSE,,,
KNUST::KNUST_S008::2024-11-29,KNUST,KNUST::KNUST_S008,2024-11-29,3,3,12.514023609823651,-1.6043919031026679,6.6750074282377385,-3.141342837529198,FALSE,,,
KNUST::KNUST_S008::2024-11-30,KNUST,KNUST::KNUST_S008,2024-11-30,1.5666666666666667,1.5666666666666667,12.512169211175706,-1.6062463017506126,6.6750074282377385,-3.141342837529198,FALSE,,,
KNUST::KNUST_S008::2024-12-01,KNUST,KNUST::KNUST_S008,2024-12-01,2.4166666666666665,2.4166666666666665,12.510398037830988,-1.6080174750953304,6.6750074282377385,-3.141342837529198,FALSE,,,
KNUST::KNUST_S009::2024-12-03,KNUST,KNUST::KNUST_S009,2024-12-03,3.85,3.85,12.507107292148802,-1.6113082207775165,6.6750074282377385,-3.141342837529198,FALSE,,,
KNUST::KNUST_S009::2024-12-04,KNUST,KNUST::KNUST_S009,2024-12-04,2.5,2.5,12.505588644080692,-1.6128268688456266,6.6750074282377385,-3.141342837529198,FALSE,,,
KNUST::KNUST_S009::2024-12-05,KNUST,KNUST::KNUST_S009,2024-12-05,3.3333333333333335,3.3333333333333335,12.50415506793393,-1.6142604449923894,6.6750074282377385,-3.141342837529198,FALSE,,,
KNUST::KNUST_S009::2024-12-06,KNUST,KNUST::KNUST_S009,2024-12-06,2.75,2.75,12.50280698345767,-1.6156085294686484,6.6750074282377385,-3.141342837529198,FALSE,,,
KNUST::KNUST_S009::2024-12-07,KNUST,KNUST::KNUST_S009,2024-12-07,2.566666666666667,2.566666666666667,12.501544791857402,-1.616870721068917,6.6750074282377385,-3.141342837529198,FALSE,,,
KNUST::KNUST_S009::2024-12-08,KNUST,KNUST::KNUST_S009,2024-12-08,2.183333333333333,2.183333333333333,12.500368875066439,-1.6180466378598801,6.6750074282377385,-3.141342837529198,FALSE,,,
KNUST::KNUST_S010::2024-12-10,KNUST,KNUST::KNUST_S010,2024-12-10,1.7833333333333334,1.7833333333333334,12.498277292450268,-1.6201382204760506,6.6750074282377385,-3.141342837529198,FALSE,,,
KNUST::KNUST_S010::2024-12-11,KNUST,KNUST::KNUST_S010,2024-12-11,2.533333333333333,2.533333333333333,12.49736228691207,-1.621053226014249,6.6750074282377385,-3.141342837529198,FALSE,,,
KNUST::KNUST_S010::2024-12-12,KNUST,KNUST::KNUST_S010,2024-12-12,1.35,1.35,12.496534875300195,-1.6218806376261234,6.6750074282377385,-3.141342837529198,FALSE,,,
KNUST::KNUST_S010::2024-12-13,KNUST,KNUST::KNUST_S010,2024-12-13,1.65,1.65,12.495795331663556,-1.6226201812627625,6.6750074282377385,-3.141342837529198,FALSE,,,
KNUST::KNUST_S010::2024-12-14,KNUST,KNUST::KNUST_S010,2024-12-14,2.7,2.7,12.495143906407886,-1.6232716065184327,6.6750074282377385,-3.141342837529198,FALSE,,,
KNUST::KNUST_S010::2024-12-15,KNUST,KNUST::KNUST_S010,2024-12-15,2.95,2.95,12.494580825832156,-1.6238346870941633,6.6750074282377385,-3.141342837529198,FALSE,,,
KNUST::KNUST_S011::2024-12-17,KNUST,KNUST::KNUST_S011,2024-12-17,0.43333333333333335,0.43333333333333335,12.493720479806264,-1.6246950331200551,6.6750074282377385,-3.141342837529198,FALSE,,,
KNUST::KNUST_S011::2024-12-18,KNUST,KNUST::KNUST_S011,2024-12-18,3,3,12.493423541718059,-1.6249919712082601,6.6750074282377385,-3.141342837529198,FALSE,,,
KNUST::KNUST_S011::2024-12-19,KNUST,KNUST::KNUST_S011,2024-12-19,2.1666666666666665,2.1666666666666665,12.493215602106519,-1.6251999108198003,6.6750074282377385,-3.141342837529198,FALSE,,,
KNUST::KNUST_S011::2024-12-20,KNUST,KNUST::KNUST_S011,2024-12-20,3.4833333333333334,3.4833333333333334,12.49309675971667,-1.6253187532096494,6.6750074282377385,-3.141342837529198,FALSE,,,
KNUST::KNUST_S011::2024-12-21,KNUST,KNUST::KNUST_S011,2024-12-21,2.683333333333333,2.683333333333333,12.493067087067498,-1.6253484258588209,6.6750074282377385,-3.141342837529198,FALSE,,,
KNUST::KNUST_S011::2024-12-22,KNUST,KNUST::KNUST_S011,2024-12-22,0.8333333333333334,0.8333333333333334,12.493126629855897,-1.6252888830704215,6.6750074282377385,-3.141342837529198,FALSE,,,
KNUST::KNUST_S012::2025-01-07,KNUST,KNUST::KNUST_S012,2025-01-07,1.2166666666666666,1.2166666666666666,12.50614821129375,-1.6122673016325688,6.6750074282377385,-3.141342837529198,FALSE,,,
KNUST::KNUST_S012::2025-01-08,KNUST,KNUST::KNUST_S012,2025-01-08,0.05,0.05,12.507706261078516,-1.610709251847803,6.6750074282377385,-3.141342837529198,FALSE,,,
KNUST::KNUST_S012::2025-01-09,KNUST,KNUST::KNUST_S012,2025-01-09,0,0,12.509350015123685,-1.609065497802634,6.6750074282377385,-3.141342837529198,FALSE,,,
KNUST::KNUST_S012::2025-01-10,KNUST,KNUST::KNUST_S012,2025-01-10,0.08333333333333333,0.08333333333333333,12.51107906738917,-1.6073364455371486,6.6750074282377385,-3.141342837529198,FALSE,,,
KNUST::KNUST_S012::2025-01-11,KNUST,KNUST::KNUST_S012,2025-01-11,1.0333333333333334,1.0333333333333334,12.512892994681994,-1.6055225182443245,6.6750074282377385,-3.141342837529198,FALSE,,,
KNUST::KNUST_S012::2025-01-12,KNUST,KNUST::KNUST_S012,2025-01-12,1.3833333333333333,1.3833333333333333,12.51479135685497,-1.6036241560713496,6.6750074282377385,-3.141342837529198,FALSE,,,
KNUST::KNUST_S013::2025-01-14,KNUST,KNUST::KNUST_S013,2025-01-14,0.45,0.45,12.518839546640715,-1.5995759662856042,6.6750074282377385,-3.141342837529198,FALSE,,,
KNUST::KNUST_S013::2025-01-15,KNUST,KNUST::KNUST_S013,2025-01-15,1.3166666666666667,1.3166666666666667,12.520988418327438,-1.5974270945988813,6.6750074282377385,-3.141342837529198,FALSE,,,
KNUST::KNUST_S013::2025-01-16,KNUST,KNUST::KNUST_S013,2025-01-16,2.5833333333333335,2.5833333333333335,12.523219814168081,-1.5951956987582374,6.6750074282377385,-3.141342837529198,FALSE,,,
KNUST::KNUST_S013::2025-01-17,KNUST,KNUST::KNUST_S013,2025-01-17,1.45,1.45,12.525533223284615,-1.5928822896417039,6.6750074282377385,-3.141342837529198,FALSE,,,
KNUST::KNUST_S014::2025-01-21,KNUST,KNUST::KNUST_S014,2025-01-21,2.183333333333333,2.183333333333333,12.535596380896038,-1.5828191320302807,6.6750074282377385,-3.141342837529198,FALSE,,,
KNUST::KNUST_S014::2025-01-22,KNUST,KNUST::KNUST_S014,2025-01-22,2.6,2.6,12.53831181022856,-1.580103702697759,6.6750074282377385,-3.141342837529198,FALSE,,,
KNUST::KNUST_S014::2025-01-23,KNUST,KNUST::KNUST_S014,2025-01-23,1.1166666666666667,1.1166666666666667,12.541105968819725,-1.577309544106594,6.6750074282377385,-3.141342837529198,FALSE,,,
KNUST::KNUST_S014::2025-01-24,KNUST,KNUST::KNUST_S014,2025-01-24,2.15,2.15,12.54397827969657,-1.574437233229748,6.6750074282377385,-3.141342837529198,FALSE,,,
KNUST::KNUST_S014::2025-01-25,KNUST,KNUST::KNUST_S014,2025-01-25,1.35,1.35,12.546928159528308,-1.5714873533980107,6.6750074282377385,-3.141342837529198,FALSE,,,
KNUST::KNUST_S014::2025-01-26,KNUST,KNUST::KNUST_S014,2025-01-26,1.7833333333333334,1.7833333333333334,12.549955018825,-1.568460494101318,6.6750074282377385,-3.141342837529198,FALSE,,,
KNUST::KNUST_S015::2025-01-28,KNUST,KNUST::KNUST_S015,2025-01-28,0.11666666666666667,0.11666666666666667,12.556237291826141,-1.5621782211001776,6.6750074282377385,-3.141342837529198,FALSE,,,
KNUST::KNUST_S015::2025-01-29,KNUST,KNUST::KNUST_S015,2025-01-29,0.85,0.85,12.55949150145054,-1.5589240114757796,6.6750074282377385,-3.141342837529198,FALSE,,,
KNUST::KNUST_S015::2025-01-30,KNUST,KNUST::KNUST_S015,2025-01-30,1.0666666666666667,1.0666666666666667,12.562820283836789,-1.5555952290895299,6.6750074282377385,-3.141342837529198,FALSE,,,
KNUST::KNUST_S015::2025-01-31,KNUST,KNUST::KNUST_S015,2025-01-31,1.7,1.7,12.56622302737501,-1.5521924855513092,6.6750074282377385,-3.141342837529198,FALSE,,,
KNUST::KNUST_S015::2025-02-01,KNUST,KNUST::KNUST_S015,2025-02-01,1.4833333333333334,1.4833333333333334,12.569699117210176,-1.5487163957161432,6.6750074282377385,-3.141342837529198,FALSE,,,
RISE::RISE_S001::2025-03-04,RISE,RISE::RISE_S001,2025-03-04,2.0166666666666666,2.0166666666666666,12.179657288326158,-1.9387582246001607,57.715675,1.9627239196470283,FALSE,,,
RISE::RISE_S001::2025-03-05,RISE,RISE::RISE_S001,2025-03-05,2.6,2.6,12.261009983155462,-1.8574055297708565,57.715675,1.9627239196470283,FALSE,,,
RISE::RISE_S001::2025-03-06,RISE,RISE::RISE_S001,2025-03-06,2.7666666666666666,2.7666666666666666,12.34262978831927,-1.775785724607049,57.715675,1.9627239196470283,FALSE,,,
RISE::RISE_S001::2025-03-07,RISE,RISE::RISE_S001,2025-03-07,1.9833333333333334,1.9833333333333334,12.424510966539383,-1.6939045463869356,57.715675,1.9627239196470283,FALSE,,,
RISE::RISE_S001::2025-03-08,RISE,RISE::RISE_S001,2025-03-08,2.25,2.25,12.506648212075234,-1.6117673008510849,57.715675,1.9627239196470283,FALSE,,,
RISE::RISE_S001::2025-03-09,RISE,RISE::RISE_S001,2025-03-09,1.55,1.55,12.58903662721316,-1.5293788857131592,57.715675,1.9627239196470283,FALSE,,,
RISE::RISE_S002::2025-03-18,RISE,RISE::RISE_S002,2025-03-18,3.0166666666666666,3.0166666666666666,13.341199753284455,-0.7772157596418641,57.715675,1.9627239196470283,FALSE,,,
RISE::RISE_S002::2025-03-19,RISE,RISE::RISE_S002,2025-03-19,0.43333333333333335,0.43333333333333335,13.42590415040652,-0.6925113625197987,57.715675,1.9627239196470283,FALSE,,,
RISE::RISE_S002::2025-03-20,RISE,RISE::RISE_S002,2025-03-20,1.35,1.35,13.510826363431082,-0.6075891494952366,57.715675,1.9627239196470283,FALSE,,,
RISE::RISE_S002::2025-03-21,RISE,RISE::RISE_S002,2025-03-21,2.1666666666666665,2.1666666666666665,13.595964657399389,-0.5224508555269303,57.715675,1.9627239196470283,FALSE,,,
RISE::RISE_S002::2025-03-22,RISE,RISE::RISE_S002,2025-03-22,1.45,1.45,13.68131742046939,-0.4370980924569281,57.715675,1.9627239196470283,FALSE,,,
RISE::RISE_S002::2025-03-23,RISE,RISE::RISE_S002,2025-03-23,3.3833333333333333,3.3833333333333333,13.766883142524295,-0.35153237040202434,57.715675,1.9627239196470283,FALSE,,,
RISE::RISE_S003::2025-03-18,RISE,RISE::RISE_S003,2025-03-18,2.533333333333333,2.533333333333333,13.341199753284455,-0.7772157596418641,57.715675,1.9627239196470283,FALSE,,,
RISE::RISE_S003::2025-03-19,RISE,RISE::RISE_S003,2025-03-19,2.95,2.95,13.42590415040652,-0.6925113625197987,57.715675,1.9627239196470283,FALSE,,,
RISE::RISE_S003::2025-03-20,RISE,RISE::RISE_S003,2025-03-20,2.4833333333333334,2.4833333333333334,13.510826363431082,-0.6075891494952366,57.715675,1.9627239196470283,FALSE,,,
RISE::RISE_S003::2025-03-21,RISE,RISE::RISE_S003,2025-03-21,2.433333333333333,2.433333333333333,13.595964657399389,-0.5224508555269303,57.715675,1.9627239196470283,FALSE,,,
RISE::RISE_S003::2025-03-22,RISE,RISE::RISE_S003,2025-03-22,1.5,1.5,13.68131742046939,-0.4370980924569281,57.715675,1.9627239196470283,FALSE,,,
RISE::RISE_S003::2025-03-23,RISE,RISE::RISE_S003,2025-03-23,4.533333333333333,4.533333333333333,13.766883142524295,-0.35153237040202434,57.715675,1.9627239196470283,FALSE,,,
RISE::RISE_S004::2025-03-25,RISE,RISE::RISE_S004,2025-03-25,3,3,13.938647803200615,-0.179767709725704,57.715675,1.9627239196470283,FALSE,,,
RISE::RISE_S004::2025-03-26,RISE,RISE::RISE_S004,2025-03-26,2.7333333333333334,2.7333333333333334,14.024844036764568,-0.09357147616175077,57.715675,1.9627239196470283,FALSE,,,
RISE::RISE_S004::2025-03-27,RISE,RISE::RISE_S004,2025-03-27,2.9,2.9,14.111247775289748,-0.007167737636571303,57.715675,1.9627239196470283,FALSE,,,
RISE::RISE_S004::2025-03-28,RISE,RISE::RISE_S004,2025-03-28,2.9,2.9,14.19785769297017,0.07944218004385029,57.715675,1.9627239196470283,FALSE,,,
RISE::RISE_S004::2025-03-29,RISE,RISE::RISE_S004,2025-03-29,2.9166666666666665,2.9166666666666665,14.284672434462442,0.1662569215361227,57.715675,1.9627239196470283,FALSE,,,
RISE::RISE_S004::2025-03-30,RISE,RISE::RISE_S004,2025-03-30,3,3,14.371690592434671,0.25327507950835226,57.715675,1.9627239196470283,FALSE,,,
RISE::RISE_S005::2025-04-01,RISE,RISE::RISE_S005,2025-04-01,1.5,1.5,14.54633112874296,0.42791561581664084,57.715675,1.9627239196470283,FALSE,,,
RISE::RISE_S005::2025-04-02,RISE,RISE::RISE_S005,2025-04-02,2.566666666666667,2.566666666666667,14.633950222267044,0.5155347093407254,57.715675,1.9627239196470283,FALSE,,,
RISE::RISE_S005::2025-04-03,RISE,RISE::RISE_S005,2025-04-03,2,2,14.721766114168696,0.6033506012423775,57.715675,1.9627239196470283,FALSE,,,
RISE::RISE_S005::2025-04-04,RISE,RISE::RISE_S005,2025-04-04,2.9833333333333334,2.9833333333333334,14.809776781466272,0.6913612685399535,57.715675,1.9627239196470283,FALSE,,,
RISE::RISE_S005::2025-04-05,RISE,RISE::RISE_S005,2025-04-05,1.65,1.65,14.897980003555615,0.779564490629296,57.715675,1.9627239196470283,FALSE,,,
RISE::RISE_S005::2025-04-06,RISE,RISE::RISE_S005,2025-04-06,2.45,2.45,14.986373335785336,0.867957822859017,57.715675,1.9627239196470283,FALSE,,,
RISE::RISE_S006::2025-04-15,RISE,RISE::RISE_S006,2025-04-15,2.2666666666666666,2.2666666666666666,15.78991743306319,1.6715019201368708,57.715675,1.9627239196470283,FALSE,,,
RISE::RISE_S006::2025-04-16,RISE,RISE::RISE_S006,2025-04-16,2.7,2.7,15.880007472435633,1.761591959509314,57.715675,1.9627239196470283,FALSE,,,
RISE::RISE_S006::2025-04-17,RISE,RISE::RISE_S006,2025-04-17,1.9666666666666666,1.9666666666666666,15.970237473911709,1.85182196098539,57.715675,1.9627239196470283,FALSE,,,
RISE::RISE_S006::2025-04-18,RISE,RISE::RISE_S006,2025-04-18,0.8166666666666667,0.8166666666666667,16.060599889622793,1.9421843766964741,57.715675,1.9627239196470283,FALSE,,,
RISE::RISE_S006::2025-04-19,RISE,RISE::RISE_S006,2025-04-19,0.016666666666666666,0.016666666666666666,16.15108650598261,2.0326709930562927,57.715675,1.9627239196470283,FALSE,,,
RISE::RISE_S006::2025-04-20,RISE,RISE::RISE_S006,2025-04-20,2.5833333333333335,2.5833333333333335,16.241688398917518,2.1232728859911987,57.715675,1.9627239196470283,FALSE,,,
RISE::RISE_S007::2025-04-15,RISE,RISE::RISE_S007,2025-04-15,2.4,2.4,15.78991743306319,1.6715019201368708,57.715675,1.9627239196470283,FALSE,,,
RISE::RISE_S007::2025-04-16,RISE,RISE::RISE_S007,2025-04-16,1.4,1.4,15.880007472435633,1.761591959509314,57.715675,1.9627239196470283,FALSE,,,
RISE::RISE_S007::2025-04-17,RISE,RISE::RISE_S007,2025-04-17,3.8666666666666667,3.8666666666666667,15.970237473911709,1.85182196098539,57.715675,1.9627239196470283,FALSE,,,
RISE::RISE_S007::2025-04-18,RISE,RISE::RISE_S007,2025-04-18,2.6333333333333333,2.6333333333333333,16.060599889622793,1.9421843766964741,57.715675,1.9627239196470283,FALSE,,,
RISE::RISE_S007::2025-04-19,RISE,RISE::RISE_S007,2025-04-19,2.4833333333333334,2.4833333333333334,16.15108650598261,2.0326709930562927,57.715675,1.9627239196470283,FALSE,,,
RISE::RISE_S007::2025-04-20,RISE,RISE::RISE_S007,2025-04-20,2.6333333333333333,2.6333333333333333,16.241688398917518,2.1232728859911987,57.715675,1.9627239196470283,FALSE,,,
RISE::RISE_S008::2025-04-29,RISE,RISE::RISE_S008,2025-04-29,1.7333333333333334,1.7333333333333334,17.06040390630563,2.9419883933793116,57.715675,1.9627239196470283,FALSE,,,
RISE::RISE_S008::2025-05-01,RISE,RISE::RISE_S008,2025-05-01,2.3666666666666667,2.3666666666666667,17.242500105102856,3.124084592176537,57.715675,1.9627239196470283,FALSE,,,
RISE::RISE_S008::2025-05-02,RISE,RISE::RISE_S008,2025-05-02,1.9166666666666667,1.9166666666666667,17.33345867547724,3.21504316255092,57.715675,1.9627239196470283,FALSE,,,
RISE::RISE_S008::2025-05-03,RISE,RISE::RISE_S008,2025-05-03,1.55,1.55,17.424326815075343,3.305911302149024,57.715675,1.9627239196470283,FALSE,,,
RISE::RISE_S008::2025-05-04,RISE,RISE::RISE_S008,2025-05-04,1.7333333333333334,1.7333333333333334,17.515079435838594,3.396663922912275,57.715675,1.9627239196470283,FALSE,,,
RISE::RISE_S009::2025-05-27,RISE,RISE::RISE_S009,2025-05-27,1.4166666666666667,1.4166666666666667,19.47890533533361,5.360489822407292,57.715675,1.9627239196470283,FALSE,,,
RISE::RISE_S009::2025-05-28,RISE,RISE::RISE_S009,2025-05-28,1.1833333333333333,1.1833333333333333,19.55297898358769,5.43456347066137,57.715675,1.9627239196470283,FALSE,,,
RISE::RISE_S009::2025-05-29,RISE,RISE::RISE_S009,2025-05-29,1.4,1.4,19.625408908989694,5.5069933960633755,57.715675,1.9627239196470283,FALSE,,,
RISE::RISE_S009::2025-05-30,RISE,RISE::RISE_S009,2025-05-30,1.05,1.05,19.696082001328467,5.577666488402148,57.715675,1.9627239196470283,FALSE,,,
RISE::RISE_S009::2025-05-31,RISE,RISE::RISE_S009,2025-05-31,1.4333333333333333,1.4333333333333333,19.76488055811988,5.646465045193562,57.715675,1.9627239196470283,FALSE,,,
RISE::RISE_S009::2025-06-01,RISE,RISE::RISE_S009,2025-06-01,2.0833333333333335,2.0833333333333335,19.831682472030323,5.713266959104004,57.715675,1.9627239196470283,FALSE,,,
RISE::RISE_S010::2025-06-10,RISE,RISE::RISE_S010,2025-06-10,2.4,2.4,20.321251919137108,6.202836406210789,57.715675,1.9627239196470283,FALSE,,,
RISE::RISE_S010::2025-06-11,RISE,RISE::RISE_S010,2025-06-11,2.033333333333333,2.033333333333333,20.360735110441844,6.242319597515525,57.715675,1.9627239196470283,FALSE,,,
RISE::RISE_S010::2025-06-12,RISE,RISE::RISE_S010,2025-06-12,0.05,0.05,20.396744766698944,6.278329253772625,57.715675,1.9627239196470283,FALSE,,,
RISE::RISE_S010::2025-06-13,RISE,RISE::RISE_S010,2025-06-13,2.1666666666666665,2.1666666666666665,20.429159809152285,6.310744296225966,57.715675,1.9627239196470283,FALSE,,,
RISE::RISE_S010::2025-06-14,RISE,RISE::RISE_S010,2025-06-14,2.2666666666666666,2.2666666666666666,20.457867281238237,6.339451768311918,57.715675,1.9627239196470283,FALSE,,,
RISE::RISE_S012::2025-06-10,RISE,RISE::RISE_S012,2025-06-10,1.55,1.55,20.321251919137108,6.202836406210789,57.715675,1.9627239196470283,FALSE,,,
RISE::RISE_S012::2025-06-11,RISE,RISE::RISE_S012,2025-06-11,0,0,20.360735110441844,6.242319597515525,57.715675,1.9627239196470283,FALSE,,,
RISE::RISE_S012::2025-06-12,RISE,RISE::RISE_S012,2025-06-12,0.8333333333333334,0.8333333333333334,20.396744766698944,6.278329253772625,57.715675,1.9627239196470283,FALSE,,,
RISE::RISE_S012::2025-06-13,RISE,RISE::RISE_S012,2025-06-13,0.8333333333333334,0.8333333333333334,20.429159809152285,6.310744296225966,57.715675,1.9627239196470283,FALSE,,,
RISE::RISE_S012::2025-06-14,RISE,RISE::RISE_S012,2025-06-14,1.5166666666666666,1.5166666666666666,20.457867281238237,6.339451768311918,57.715675,1.9627239196470283,FALSE,,,
RISE::RISE_S012::2025-06-15,RISE,RISE::RISE_S012,2025-06-15,2.716666666666667,2.716666666666667,20.482763924863605,6.364348411937286,57.715675,1.9627239196470283,FALSE,,,
RISE::RISE_S012::2025-06-16,RISE,RISE::RISE_S012,2025-06-16,0.7166666666666667,0.7166666666666667,20.503757714099354,6.385342201173035,57.715675,1.9627239196470283,FALSE,,,
RISE::RISE_S013::2025-06-24,RISE,RISE::RISE_S013,2025-06-24,0.06666666666666667,0.06666666666666667,20.52484733098083,6.406431818054511,57.715675,1.9627239196470283,FALSE,,,
RISE::RISE_S013::2025-06-25,RISE,RISE::RISE_S013,2025-06-25,0.31666666666666665,0.31666666666666665,20.508991887436974,6.390576374510655,57.715675,1.9627239196470283,FALSE,,,
RISE::RISE_S013::2025-06-26,RISE,RISE::RISE_S013,2025-06-26,0.36666666666666664,0.36666666666666664,20.489147805107965,6.370732292181646,57.715675,1.9627239196470283,FALSE,,,
RISE::RISE_S013::2025-06-27,RISE,RISE::RISE_S013,2025-06-27,0.03333333333333333,0.03333333333333333,20.465393348733585,6.346977835807266,57.715675,1.9627239196470283,FALSE,,,
RISE::RISE_S013::2025-06-29,RISE,RISE::RISE_S013,2025-06-29,0.7166666666666667,0.7166666666666667,20.406529225375916,6.288113712449597,57.715675,1.9627239196470283,FALSE,,,
RISE::RISE_S016::2025-10-07,RISE,RISE::RISE_S016,2025-10-07,2.7,2.7,12.295595754848586,-1.822819758077733,57.715675,1.9627239196470283,FALSE,,,
RISE::RISE_S016::2025-10-08,RISE,RISE::RISE_S016,2025-10-08,2.35,2.35,12.215335908797051,-1.9030796041292675,57.715675,1.9627239196470283,FALSE,,,
RISE::RISE_S016::2025-10-09,RISE,RISE::RISE_S016,2025-10-09,2.6166666666666667,2.6166666666666667,12.135332807037566,-1.9830827058887532,57.715675,1.9627239196470283,FALSE,,,
RISE::RISE_S016::2025-10-10,RISE,RISE::RISE_S016,2025-10-10,2.6666666666666665,2.6666666666666665,12.055592330296834,-2.0628231826294847,57.715675,1.9627239196470283,FALSE,,,
RISE::RISE_S016::2025-10-11,RISE,RISE::RISE_S016,2025-10-11,2.283333333333333,2.283333333333333,11.976120831569036,-2.142294681357283,57.715675,1.9627239196470283,FALSE,,,
RISE::RISE_S016::2025-10-12,RISE,RISE::RISE_S016,2025-10-12,1.2666666666666666,1.2666666666666666,11.896925158434444,-2.221490354491875,57.715675,1.9627239196470283,FALSE,,,
THUAS::THUAS_S001::2025-02-22,THUAS,THUAS::THUAS_S001,2025-02-22,0.75,0.75,11.59127261598905,-2.527142896937269,52.0116,1.3923164196470283,FALSE,,,
THUAS::THUAS_S001::2025-02-23,THUAS,THUAS::THUAS_S001,2025-02-23,3.216666666666667,3.216666666666667,11.654367930557992,-2.4640475823683268,52.0116,1.3923164196470283,FALSE,,,
THUAS::THUAS_S001::2025-02-24,THUAS,THUAS::THUAS_S001,2025-02-24,3.433333333333333,3.433333333333333,11.717774412168398,-2.4006411007579214,52.0116,1.3923164196470283,FALSE,,,
THUAS::THUAS_S001::2025-02-25,THUAS,THUAS::THUAS_S001,2025-02-25,2.85,2.85,11.781480873823165,-2.336934639103154,52.0116,1.3923164196470283,FALSE,,,
THUAS::THUAS_S001::2025-02-26,THUAS,THUAS::THUAS_S001,2025-02-26,2.9166666666666665,2.9166666666666665,11.845476604236497,-2.272938908689822,52.0116,1.3923164196470283,FALSE,,,
THUAS::THUAS_S001::2025-02-27,THUAS,THUAS::THUAS_S001,2025-02-27,1.9333333333333333,1.9333333333333333,11.909751350416078,-2.2086641625102406,52.0116,1.3923164196470283,FALSE,,,
THUAS::THUAS_S001::2025-02-28,THUAS,THUAS::THUAS_S001,2025-02-28,3.6166666666666667,3.6166666666666667,11.974295300576422,-2.144120212349897,52.0116,1.3923164196470283,FALSE,,,
THUAS::THUAS_S001::2025-03-02,THUAS,THUAS::THUAS_S001,2025-03-02,2.9,2.9,12.10415366133054,-2.014261851595778,52.0116,1.3923164196470283,FALSE,,,
THUAS::THUAS_S002::2025-03-04,THUAS,THUAS::THUAS_S002,2025-03-04,1.7,1.7,12.234981320500374,-1.8834341924259448,52.0116,1.3923164196470283,FALSE,,,
THUAS::THUAS_S002::2025-03-05,THUAS,THUAS::THUAS_S002,2025-03-05,0.21666666666666667,0.21666666666666667,12.300738272799386,-1.8176772401269332,52.0116,1.3923164196470283,FALSE,,,
THUAS::THUAS_S002::2025-03-06,THUAS,THUAS::THUAS_S002,2025-03-06,0.15,0.15,12.366713795595698,-1.7517017173306204,52.0116,1.3923164196470283,FALSE,,,
THUAS::THUAS_S002::2025-03-07,THUAS,THUAS::THUAS_S002,2025-03-07,0.08333333333333333,0.08333333333333333,12.432900649176704,-1.6855148637496153,52.0116,1.3923164196470283,FALSE,,,
THUAS::THUAS_S002::2025-03-08,THUAS,THUAS::THUAS_S002,2025-03-08,1.25,1.25,12.499291886356142,-1.6191236265701772,52.0116,1.3923164196470283,FALSE,,,
THUAS::THUAS_S002::2025-03-09,THUAS,THUAS::THUAS_S002,2025-03-09,3.3333333333333335,3.3333333333333335,12.565880832738346,-1.5525346801879731,52.0116,1.3923164196470283,FALSE,,,
THUAS::THUAS_S003::2025-03-18,THUAS,THUAS::THUAS_S003,2025-03-18,1,1,13.173087510267893,-0.9453280026584263,52.0116,1.3923164196470283,FALSE,,,
THUAS::THUAS_S003::2025-03-19,THUAS,THUAS::THUAS_S003,2025-03-19,0.3,0.3,13.241332811580763,-0.8770827013455555,52.0116,1.3923164196470283,FALSE,,,
THUAS::THUAS_S003::2025-03-20,THUAS,THUAS::THUAS_S003,2025-03-20,2.316666666666667,2.316666666666667,13.309714924295744,-0.8087005886305754,52.0116,1.3923164196470283,FALSE,,,
THUAS::THUAS_S003::2025-03-21,THUAS,THUAS::THUAS_S003,2025-03-21,3.0166666666666666,3.0166666666666666,13.378228944804933,-0.740186568121386,52.0116,1.3923164196470283,FALSE,,,
THUAS::THUAS_S003::2025-03-22,THUAS,THUAS::THUAS_S003,2025-03-22,1.6833333333333333,1.6833333333333333,13.446869988971287,-0.6715455239550323,52.0116,1.3923164196470283,FALSE,,,
THUAS::THUAS_S003::2025-03-23,THUAS,THUAS::THUAS_S003,2025-03-23,2.15,2.15,13.515633172988892,-0.602782339937427,52.0116,1.3923164196470283,FALSE,,,
THUAS::THUAS_S005::2025-03-25,THUAS,THUAS::THUAS_S005,2025-03-25,2.55,2.55,13.653506302436194,-0.46490921049012535,52.0116,1.3923164196470283,FALSE,,,
THUAS::THUAS_S005::2025-03-26,THUAS,THUAS::THUAS_S005,2025-03-26,1.8166666666666667,1.8166666666666667,13.72260629620817,-0.39580921671814906,52.0116,1.3923164196470283,FALSE,,,
THUAS::THUAS_S005::2025-03-27,THUAS,THUAS::THUAS_S005,2025-03-27,1.8166666666666667,1.8166666666666667,13.791808485322528,-0.32660702760379046,52.0116,1.3923164196470283,FALSE,,,
THUAS::THUAS_S005::2025-03-28,THUAS,THUAS::THUAS_S005,2025-03-28,1.7166666666666666,1.7166666666666666,13.861107677883572,-0.2573078350427469,52.0116,1.3923164196470283,FALSE,,,
THUAS::THUAS_S005::2025-03-29,THUAS,THUAS::THUAS_S005,2025-03-29,2.7,2.7,13.930498557686805,-0.18791695523951368,52.0116,1.3923164196470283,FALSE,,,
THUAS::THUAS_S005::2025-03-30,THUAS,THUAS::THUAS_S005,2025-03-30,2.0833333333333335,2.0833333333333335,13.9999756623639,-0.11843985056241912,52.0116,1.3923164196470283,FALSE,,,
THUAS::THUAS_S006::2025-04-01,THUAS,THUAS::THUAS_S006,2025-04-01,2.966666666666667,2.966666666666667,14.13916583571169,0.020750322785371367,52.0116,1.3923164196470283,FALSE,,,
THUAS::THUAS_S006::2025-04-02,THUAS,THUAS::THUAS_S006,2025-04-02,3,3,14.208867051866319,0.09045153894000002,52.0116,1.3923164196470283,FALSE,,,
THUAS::THUAS_S006::2025-04-05,THUAS,THUAS::THUAS_S006,2025-04-05,0.25,0.25,14.418319160474672,0.2999036475483532,52.0116,1.3923164196470283,FALSE,,,
THUAS::THUAS_S006::2025-04-06,THUAS,THUAS::THUAS_S006,2025-04-06,2.8333333333333335,2.8333333333333335,14.488229966627227,0.3698144537009078,52.0116,1.3923164196470283,FALSE,,,
THUAS::THUAS_S007::2025-04-08,THUAS,THUAS::THUAS_S007,2025-04-08,0.5166666666666667,0.5166666666666667,14.628147530357042,0.5097320174307232,52.0116,1.3923164196470283,FALSE,,,
THUAS::THUAS_S007::2025-04-09,THUAS,THUAS::THUAS_S007,2025-04-09,0.3333333333333333,0.3333333333333333,14.698138311372864,0.5797227984465447,52.0116,1.3923164196470283,FALSE,,,
THUAS::THUAS_S007::2025-04-10,THUAS,THUAS::THUAS_S007,2025-04-10,3,3,14.76813911543952,0.6497236025132018,52.0116,1.3923164196470283,FALSE,,,
THUAS::THUAS_S007::2025-04-11,THUAS,THUAS::THUAS_S007,2025-04-11,3,3,14.838140927619405,0.7197254146930856,52.0116,1.3923164196470283,FALSE,,,
THUAS::THUAS_S007::2025-04-12,THUAS,THUAS::THUAS_S007,2025-04-12,1.6333333333333333,1.6333333333333333,14.908134275078773,0.7897187621524537,52.0116,1.3923164196470283,FALSE,,,
THUAS::THUAS_S007::2025-04-13,THUAS,THUAS::THUAS_S007,2025-04-13,0.4666666666666667,0.4666666666666667,14.978109200398126,0.8596936874718075,52.0116,1.3923164196470283,FALSE,,,
THUAS::THUAS_S010::2025-06-03,THUAS,THUAS::THUAS_S010,2025-06-03,1.5,1.5,18.042194473081164,3.923778960154845,52.0116,1.3923164196470283,FALSE,,,
THUAS::THUAS_S010::2025-06-05,THUAS,THUAS::THUAS_S010,2025-06-05,1.6666666666666667,1.6666666666666667,18.110051562454967,3.9916360495286476,52.0116,1.3923164196470283,FALSE,,,
THUAS::THUAS_S010::2025-06-07,THUAS,THUAS::THUAS_S010,2025-06-07,1.4333333333333333,1.4333333333333333,18.170695600642098,4.052280087715779,52.0116,1.3923164196470283,FALSE,,,
THUAS::THUAS_S010::2025-06-08,THUAS,THUAS::THUAS_S010,2025-06-08,2.216666666666667,2.216666666666667,18.198204170399244,4.079788657472925,52.0116,1.3923164196470283,FALSE,,,
THUAS::THUAS_S010::2025-06-09,THUAS,THUAS::THUAS_S010,2025-06-09,2.066666666666667,2.066666666666667,18.223782843152684,4.105367330226365,52.0116,1.3923164196470283,FALSE,,,
THUAS::THUAS_S011::2025-05-13,THUAS,THUAS::THUAS_S011,2025-05-13,0.8833333333333333,0.8833333333333333,16.991607664691077,2.8731921517647585,52.0116,1.3923164196470283,FALSE,,,
THUAS::THUAS_S011::2025-05-14,THUAS,THUAS::THUAS_S011,2025-05-14,1.2,1.2,17.05210279080603,2.9336872778797094,52.0116,1.3923164196470283,FALSE,,,
THUAS::THUAS_S011::2025-05-15,THUAS,THUAS::THUAS_S011,2025-05-15,0.8666666666666667,0.8666666666666667,17.111836332347657,2.9934208194213383,52.0116,1.3923164196470283,FALSE,,,
THUAS::THUAS_S011::2025-05-16,THUAS,THUAS::THUAS_S011,2025-05-16,1.25,1.25,17.170767495963307,3.0523519830369885,52.0116,1.3923164196470283,FALSE,,,
THUAS::THUAS_S011::2025-05-17,THUAS,THUAS::THUAS_S011,2025-05-17,1.5,1.5,17.22885436197122,3.1104388490449004,52.0116,1.3923164196470283,FALSE,,,
THUAS::THUAS_S011::2025-05-18,THUAS,THUAS::THUAS_S011,2025-05-18,1.7166666666666666,1.7166666666666666,17.286053916414577,3.167638403488258,52.0116,1.3923164196470283,FALSE,,,
THUAS::THUAS_S014::2025-07-08,THUAS,THUAS::THUAS_S014,2025-07-08,0.16666666666666666,0.16666666666666666,18.05177746653557,3.93336195360925,52.0116,1.3923164196470283,FALSE,,,
THUAS::THUAS_S014::2025-07-09,THUAS,THUAS::THUAS_S014,2025-07-09,0,0,18.01588496943315,3.8974694565068297,52.0116,1.3923164196470283,FALSE,,,
THUAS::THUAS_S014::2025-07-10,THUAS,THUAS::THUAS_S014,2025-07-10,3,3,17.978340305818453,3.8599247928921336,52.0116,1.3923164196470283,FALSE,,,
THUAS::THUAS_S014::2025-07-11,THUAS,THUAS::THUAS_S014,2025-07-11,0.16666666666666666,0.16666666666666666,17.939192422562176,3.820776909635857,52.0116,1.3923164196470283,FALSE,,,
THUAS::THUAS_S014::2025-07-12,THUAS,THUAS::THUAS_S014,2025-07-12,2.8666666666666667,2.8666666666666667,17.898490925100116,3.7800754121737974,52.0116,1.3923164196470283,FALSE,,,
THUAS::THUAS_S015::2025-07-08,THUAS,THUAS::THUAS_S015,2025-07-08,0.9833333333333333,0.9833333333333333,18.05177746653557,3.93336195360925,52.0116,1.3923164196470283,FALSE,,,
THUAS::THUAS_S015::2025-07-09,THUAS,THUAS::THUAS_S015,2025-07-09,0,0,18.01588496943315,3.8974694565068297,52.0116,1.3923164196470283,FALSE,,,
THUAS::THUAS_S015::2025-07-10,THUAS,THUAS::THUAS_S015,2025-07-10,1.15,1.15,17.978340305818453,3.8599247928921336,52.0116,1.3923164196470283,FALSE,,,
THUAS::THUAS_S015::2025-07-11,THUAS,THUAS::THUAS_S015,2025-07-11,1.5166666666666666,1.5166666666666666,17.939192422562176,3.820776909635857,52.0116,1.3923164196470283,FALSE,,,
THUAS::THUAS_S015::2025-07-12,THUAS,THUAS::THUAS_S015,2025-07-12,2.3833333333333333,2.3833333333333333,17.898490925100116,3.7800754121737974,52.0116,1.3923164196470283,FALSE,,,
THUAS::THUAS_S015::2025-07-13,THUAS,THUAS::THUAS_S015,2025-07-13,4.25,4.25,17.856285890539485,3.7378703776131665,52.0116,1.3923164196470283,FALSE,,,
THUAS::THUAS_S016::2025-07-08,THUAS,THUAS::THUAS_S016,2025-07-08,1.6166666666666667,1.6166666666666667,18.05177746653557,3.93336195360925,52.0116,1.3923164196470283,FALSE,,,
THUAS::THUAS_S016::2025-07-09,THUAS,THUAS::THUAS_S016,2025-07-09,1.3166666666666667,1.3166666666666667,18.01588496943315,3.8974694565068297,52.0116,1.3923164196470283,FALSE,,,
THUAS::THUAS_S016::2025-07-10,THUAS,THUAS::THUAS_S016,2025-07-10,1.8666666666666667,1.8666666666666667,17.978340305818453,3.8599247928921336,52.0116,1.3923164196470283,FALSE,,,
THUAS::THUAS_S016::2025-07-11,THUAS,THUAS::THUAS_S016,2025-07-11,0.9833333333333333,0.9833333333333333,17.939192422562176,3.820776909635857,52.0116,1.3923164196470283,FALSE,,,
THUAS::THUAS_S016::2025-07-12,THUAS,THUAS::THUAS_S016,2025-07-12,2.783333333333333,2.783333333333333,17.898490925100116,3.7800754121737974,52.0116,1.3923164196470283,FALSE,,,
THUAS::THUAS_S016::2025-07-13,THUAS,THUAS::THUAS_S016,2025-07-13,1.5166666666666666,1.5166666666666666,17.856285890539485,3.7378703776131665,52.0116,1.3923164196470283,FALSE,,,
THUAS::THUAS_S017::2025-09-11,THUAS,THUAS::THUAS_S017,2025-09-11,0.4,0.4,14.068081025481224,-0.05033448744509528,52.0116,1.3923164196470283,FALSE,,,
THUAS::THUAS_S018::2025-09-23,THUAS,THUAS::THUAS_S018,2025-09-23,0.4,0.4,13.252464475962851,-0.8659510369634678,52.0116,1.3923164196470283,FALSE,,,
THUAS::THUAS_S018::2025-09-24,THUAS,THUAS::THUAS_S018,2025-09-24,0.65,0.65,13.185245578487715,-0.9331699344386042,52.0116,1.3923164196470283,FALSE,,,
THUAS::THUAS_S018::2025-09-25,THUAS,THUAS::THUAS_S018,2025-09-25,0.43333333333333335,0.43333333333333335,13.118162540859647,-1.0002529720666722,52.0116,1.3923164196470283,FALSE,,,
THUAS::THUAS_S018::2025-09-26,THUAS,THUAS::THUAS_S018,2025-09-26,1.6666666666666667,1.6666666666666667,13.05121983177132,-1.067195681154999,52.0116,1.3923164196470283,FALSE,,,
THUAS::THUAS_S018::2025-09-27,THUAS,THUAS::THUAS_S018,2025-09-27,2.1666666666666665,2.1666666666666665,12.984421993957625,-1.133993518968694,52.0116,1.3923164196470283,FALSE,,,
TUM::TUM_S001::2024-05-14,TUM,TUM::TUM_S001,2024-05-14,0.4666666666666667,0.4666666666666667,16.407798154950143,2.289382642023824,48.1333,1.0044864196470282,FALSE,,,
TUM::TUM_S001::2024-05-15,TUM,TUM::TUM_S001,2024-05-15,0.9333333333333333,0.9333333333333333,16.456689239475462,2.3382737265491436,48.1333,1.0044864196470282,FALSE,,,
TUM::TUM_S001::2024-05-16,TUM,TUM::TUM_S001,2024-05-16,1.7166666666666666,1.7166666666666666,16.50482180317243,2.3864062902461107,48.1333,1.0044864196470282,FALSE,,,
TUM::TUM_S001::2024-05-17,TUM,TUM::TUM_S001,2024-05-17,0.06666666666666667,0.06666666666666667,16.552163121700286,2.4337476087739667,48.1333,1.0044864196470282,FALSE,,,
TUM::TUM_S001::2024-05-18,TUM,TUM::TUM_S001,2024-05-18,0.16666666666666666,0.16666666666666666,16.598679932951928,2.480264420025609,48.1333,1.0044864196470282,FALSE,,,
TUM::TUM_S001::2024-05-19,TUM,TUM::TUM_S001,2024-05-19,4.533333333333333,4.533333333333333,16.64433848268456,2.5259229697582413,48.1333,1.0044864196470282,FALSE,,,
TUM::TUM_S002::2024-05-28,TUM,TUM::TUM_S002,2024-05-28,2.1166666666666667,2.1166666666666667,17.01090464512507,2.892489132198751,48.1333,1.0044864196470282,FALSE,,,
TUM::TUM_S002::2024-05-29,TUM,TUM::TUM_S002,2024-05-29,2.533333333333333,2.533333333333333,17.046058657566707,2.9276431446403883,48.1333,1.0044864196470282,FALSE,,,
TUM::TUM_S002::2024-05-30,TUM,TUM::TUM_S002,2024-05-30,3.9,3.9,17.079968775775697,2.961553262849378,48.1333,1.0044864196470282,FALSE,,,
TUM::TUM_S002::2024-05-31,TUM,TUM::TUM_S002,2024-05-31,0.3333333333333333,0.3333333333333333,17.11260074065791,2.9941852277315917,48.1333,1.0044864196470282,FALSE,,,
TUM::TUM_S002::2024-06-01,TUM,TUM::TUM_S002,2024-06-01,3.1166666666666667,3.1166666666666667,17.143920845124455,3.0255053321981364,48.1333,1.0044864196470282,FALSE,,,
TUM::TUM_S002::2024-06-02,TUM,TUM::TUM_S002,2024-06-02,2.816666666666667,2.816666666666667,17.17389604330063,3.055480530374311,48.1333,1.0044864196470282,FALSE,,,
TUM::TUM_S003::2024-06-04,TUM,TUM::TUM_S003,2024-06-04,0.75,0.75,17.229683514038722,3.1112680011124034,48.1333,1.0044864196470282,FALSE,,,
TUM::TUM_S003::2024-06-05,TUM,TUM::TUM_S003,2024-06-05,0.38333333333333336,0.38333333333333336,17.255434011883207,3.1370184989568877,48.1333,1.0044864196470282,FALSE,,,
TUM::TUM_S003::2024-06-06,TUM,TUM::TUM_S003,2024-06-06,1.7166666666666666,1.7166666666666666,17.279716282222005,3.1613007692956856,48.1333,1.0044864196470282,FALSE,,,
TUM::TUM_S003::2024-06-07,TUM,TUM::TUM_S003,2024-06-07,0.21666666666666667,0.21666666666666667,17.30250227868557,3.1840867657592504,48.1333,1.0044864196470282,FALSE,,,
TUM::TUM_S003::2024-06-08,TUM,TUM::TUM_S003,2024-06-08,0.06666666666666667,0.06666666666666667,17.323765294618077,3.2053497816917584,48.1333,1.0044864196470282,FALSE,,,
TUM::TUM_S003::2024-06-09,TUM,TUM::TUM_S003,2024-06-09,0.03333333333333333,0.03333333333333333,17.343480072021485,3.2250645590951663,48.1333,1.0044864196470282,FALSE,,,
TUM::TUM_S004::2024-06-11,TUM,TUM::TUM_S004,2024-06-11,2,2,17.378171757062276,3.259756244135957,48.1333,1.0044864196470282,FALSE,,,
TUM::TUM_S004::2024-06-12,TUM,TUM::TUM_S004,2024-06-12,1.7833333333333334,1.7833333333333334,17.393106327851612,3.274690814925293,48.1333,1.0044864196470282,FALSE,,,
TUM::TUM_S004::2024-06-13,TUM,TUM::TUM_S004,2024-06-13,2.566666666666667,2.566666666666667,17.4064081744353,3.28799266150898,48.1333,1.0044864196470282,FALSE,,,
TUM::TUM_S004::2024-06-14,TUM,TUM::TUM_S004,2024-06-14,4,4,17.4180607806974,3.29964526777108,48.1333,1.0044864196470282,FALSE,,,
TUM::TUM_S004::2024-06-15,TUM,TUM::TUM_S004,2024-06-15,1.4833333333333334,1.4833333333333334,17.428049636880555,3.309634123954236,48.1333,1.0044864196470282,FALSE,,,
TUM::TUM_S004::2024-06-16,TUM,TUM::TUM_S004,2024-06-16,2.5,2.5,17.436362307866414,3.317946794940095,48.1333,1.0044864196470282,FALSE,,,
TUM::TUM_S005::2024-06-18,TUM,TUM::TUM_S005,2024-06-18,2.566666666666667,2.566666666666667,17.447920072807207,3.3295045598808883,48.1333,1.0044864196470282,FALSE,,,
TUM::TUM_S005::2024-06-19,TUM,TUM::TUM_S005,2024-06-19,2.35,2.35,17.451151154239973,3.332735641313654,48.1333,1.0044864196470282,FALSE,,,
TUM::TUM_S005::2024-06-20,TUM,TUM::TUM_S005,2024-06-20,2.45,2.45,17.452678093645307,3.3342625807189883,48.1333,1.0044864196470282,FALSE,,,
TUM::TUM_S005::2024-06-22,TUM,TUM::TUM_S005,2024-06-22,1.65,1.65,17.450616327722866,3.332200814796547,48.1333,1.0044864196470282,FALSE,,,
TUM::TUM_S005::2024-06-23,TUM,TUM::TUM_S005,2024-06-23,3.75,3.75,17.447031699485247,3.3286161865589285,48.1333,1.0044864196470282,FALSE,,,
TUM::TUM_S006::2024-06-25,TUM,TUM::TUM_S006,2024-06-25,1.85,1.85,17.434782080054283,3.3163665671279645,48.1333,1.0044864196470282,FALSE,,,
TUM::TUM_S006::2024-06-26,TUM,TUM::TUM_S006,2024-06-26,2.1,2.1,17.42613460249371,3.3077190895673922,48.1333,1.0044864196470282,FALSE,,,
TUM::TUM_S006::2024-06-27,TUM,TUM::TUM_S006,2024-06-27,1.2166666666666666,1.2166666666666666,17.415820629066893,3.297405116140574,48.1333,1.0044864196470282,FALSE,,,
TUM::TUM_S006::2024-06-28,TUM,TUM::TUM_S006,2024-06-28,1.15,1.15,17.403854245874616,3.285438732948297,48.1333,1.0044864196470282,FALSE,,,
TUM::TUM_S006::2024-06-29,TUM,TUM::TUM_S006,2024-06-29,0.7166666666666667,0.7166666666666667,17.390251560144954,3.2718360472186347,48.1333,1.0044864196470282,FALSE,,,
TUM::TUM_S006::2024-06-30,TUM,TUM::TUM_S006,2024-06-30,3.1333333333333333,3.1333333333333333,17.375030625594988,3.256615112668669,48.1333,1.0044864196470282,FALSE,,,
TUM::TUM_S007::2024-07-02,TUM,TUM::TUM_S007,2024-07-02,0.18333333333333332,0.18333333333333332,17.339815451171663,3.2213999382453444,48.1333,1.0044864196470282,FALSE,,,
TUM::TUM_S007::2024-07-03,TUM,TUM::TUM_S007,2024-07-03,0.5333333333333333,0.5333333333333333,17.319866269760663,3.201450756834344,48.1333,1.0044864196470282,FALSE,,,
TUM::TUM_S007::2024-07-04,TUM,TUM::TUM_S007,2024-07-04,2.2333333333333334,2.2333333333333334,17.298388759096465,3.179973246170146,48.1333,1.0044864196470282,FALSE,,,
TUM::TUM_S007::2024-07-05,TUM,TUM::TUM_S007,2024-07-05,0.5333333333333333,0.5333333333333333,17.275409334103266,3.156993821176947,48.1333,1.0044864196470282,FALSE,,,
TUM::TUM_S007::2024-07-06,TUM,TUM::TUM_S007,2024-07-06,0.08333333333333333,0.08333333333333333,17.250955771075354,3.132540258149035,48.1333,1.0044864196470282,FALSE,,,
TUM::TUM_S007::2024-07-07,TUM,TUM::TUM_S007,2024-07-07,1.0666666666666667,1.0666666666666667,17.225057096150188,3.106641583223869,48.1333,1.0044864196470282,FALSE,,,
TUM::TUM_S008::2024-07-09,TUM,TUM::TUM_S008,2024-07-09,1.7833333333333334,1.7833333333333334,17.169046083688738,3.0506305707624186,48.1333,1.0044864196470282,FALSE,,,
TUM::TUM_S008::2024-07-10,TUM,TUM::TUM_S008,2024-07-10,0.6166666666666667,0.6166666666666667,17.138997023701666,3.0205815107753473,48.1333,1.0044864196470282,FALSE,,,
TUM::TUM_S008::2024-07-11,TUM,TUM::TUM_S008,2024-07-11,0.5,0.5,17.10762917962339,2.989213666697072,48.1333,1.0044864196470282,FALSE,,,
TUM::TUM_S008::2024-07-12,TUM,TUM::TUM_S008,2024-07-12,1.5333333333333334,1.5333333333333334,17.074976120856075,2.956560607929756,48.1333,1.0044864196470282,FALSE,,,
TUM::TUM_S008::2024-07-13,TUM,TUM::TUM_S008,2024-07-13,1.5666666666666667,1.5666666666666667,17.041071989602514,2.9226564766761953,48.1333,1.0044864196470282,FALSE,,,
TUM::TUM_S008::2024-07-14,TUM,TUM::TUM_S008,2024-07-14,1.2166666666666666,1.2166666666666666,17.005951392915513,2.887535879989194,48.1333,1.0044864196470282,FALSE,,,
TUM::TUM_S009::2024-07-16,TUM,TUM::TUM_S009,2024-07-16,1.65,1.65,16.932200935615434,2.813785422689115,48.1333,1.0044864196470282,FALSE,,,
TUM::TUM_S009::2024-07-17,TUM,TUM::TUM_S009,2024-07-17,2.65,2.65,16.89364169617494,2.77522618324862,48.1333,1.0044864196470282,FALSE,,,
TUM::TUM_S009::2024-07-18,TUM,TUM::TUM_S009,2024-07-18,3.1666666666666665,3.1666666666666665,16.85400704509682,2.7355915321705027,48.1333,1.0044864196470282,FALSE,,,
TUM::TUM_S009::2024-07-19,TUM,TUM::TUM_S009,2024-07-19,0.7333333333333333,0.7333333333333333,16.813332432177333,2.694916919251014,48.1333,1.0044864196470282,FALSE,,,
TUM::TUM_S009::2024-07-20,TUM,TUM::TUM_S009,2024-07-20,2.216666666666667,2.216666666666667,16.77165320912997,2.65323769620365,48.1333,1.0044864196470282,FALSE,,,
TUM::TUM_S009::2024-07-21,TUM,TUM::TUM_S009,2024-07-21,1.3833333333333333,1.3833333333333333,16.729004553026623,2.6105890401003045,48.1333,1.0044864196470282,FALSE,,,
TUM::TUM_S010::2024-07-23,TUM,TUM::TUM_S010,2024-07-23,1,1,16.640938344730273,2.522522831803954,48.1333,1.0044864196470282,FALSE,,,
TUM::TUM_S010::2024-07-24,TUM,TUM::TUM_S010,2024-07-24,1.3833333333333333,1.3833333333333333,16.595589646233453,2.477174133307134,48.1333,1.0044864196470282,FALSE,,,
TUM::TUM_S010::2024-07-25,TUM,TUM::TUM_S010,2024-07-25,3.316666666666667,3.316666666666667,16.54940910299619,2.430993590069871,48.1333,1.0044864196470282,FALSE,,,
TUM::TUM_S010::2024-07-26,TUM,TUM::TUM_S010,2024-07-26,1.6166666666666667,1.6166666666666667,16.502430035074553,2.3840145221482345,48.1333,1.0044864196470282,FALSE,,,
TUM::TUM_S010::2024-07-27,TUM,TUM::TUM_S010,2024-07-27,1.7,1.7,16.454685231116084,2.336269718189765,48.1333,1.0044864196470282,FALSE,,,
TUM::TUM_S010::2024-07-28,TUM,TUM::TUM_S010,2024-07-28,3.3,3.3,16.40620690557692,2.2877913926506004,48.1333,1.0044864196470282,FALSE,,,
UCR::UCR_S001::2025-06-17,UCR,UCR::UCR_S001,2025-06-17,2.5833333333333335,2.5833333333333335,13.473499963151085,-0.6449155497752344,9.9372,-2.8151235803529713,FALSE,,,
UCR::UCR_S001::2025-06-18,UCR,UCR::UCR_S001,2025-06-18,2.7333333333333334,2.7333333333333334,13.474199655519591,-0.6442158574067278,9.9372,-2.8151235803529713,FALSE,,,
UCR::UCR_S001::2025-06-19,UCR,UCR::UCR_S001,2025-06-19,2.8333333333333335,2.8333333333333335,13.474654420481787,-0.6437610924445316,9.9372,-2.8151235803529713,FALSE,,,
UCR::UCR_S001::2025-06-22,UCR,UCR::UCR_S001,2025-06-22,3.15,3.15,13.474547087020344,-0.6438684259059748,9.9372,-2.8151235803529713,FALSE,,,
UCR::UCR_S002::2025-06-17,UCR,UCR::UCR_S002,2025-06-17,2.35,2.35,13.473499963151085,-0.6449155497752344,9.9372,-2.8151235803529713,FALSE,,,
UCR::UCR_S002::2025-06-18,UCR,UCR::UCR_S002,2025-06-18,1.2,1.2,13.474199655519591,-0.6442158574067278,9.9372,-2.8151235803529713,FALSE,,,
UCR::UCR_S002::2025-06-19,UCR,UCR::UCR_S002,2025-06-19,2.8666666666666667,2.8666666666666667,13.474654420481787,-0.6437610924445316,9.9372,-2.8151235803529713,FALSE,,,
UCR::UCR_S002::2025-06-20,UCR,UCR::UCR_S002,2025-06-20,2.5833333333333335,2.5833333333333335,13.474863940808508,-0.6435515721178113,9.9372,-2.8151235803529713,FALSE,,,
UCR::UCR_S002::2025-06-21,UCR,UCR::UCR_S002,2025-06-21,2.2666666666666666,2.2666666666666666,13.47482812086741,-0.6435873920589081,9.9372,-2.8151235803529713,FALSE,,,
UCR::UCR_S003::2025-06-17,UCR,UCR::UCR_S003,2025-06-17,0.2,0.2,13.473499963151085,-0.6449155497752344,9.9372,-2.8151235803529713,FALSE,,,
UCR::UCR_S003::2025-06-18,UCR,UCR::UCR_S003,2025-06-18,0,0,13.474199655519591,-0.6442158574067278,9.9372,-2.8151235803529713,FALSE,,,
UCR::UCR_S003::2025-06-19,UCR,UCR::UCR_S003,2025-06-19,2.65,2.65,13.474654420481787,-0.6437610924445316,9.9372,-2.8151235803529713,FALSE,,,
UCR::UCR_S004::2025-06-24,UCR,UCR::UCR_S004,2025-06-24,1.9833333333333334,1.9833333333333334,13.473250989052984,-0.6451645238733352,9.9372,-2.8151235803529713,FALSE,,,
UCR::UCR_S004::2025-06-25,UCR,UCR::UCR_S004,2025-06-25,0.26666666666666666,0.26666666666666666,13.472237280209859,-0.6461782327164602,9.9372,-2.8151235803529713,FALSE,,,
UCR::UCR_S004::2025-06-26,UCR,UCR::UCR_S004,2025-06-26,1.7666666666666666,1.7666666666666666,13.470981064306365,-0.6474344486199541,9.9372,-2.8151235803529713,FALSE,,,
UCR::UCR_S004::2025-06-27,UCR,UCR::UCR_S004,2025-06-27,2.5833333333333335,2.5833333333333335,13.469483559065395,-0.6489319538609237,9.9372,-2.8151235803529713,FALSE,,,
UCR::UCR_S004::2025-06-28,UCR,UCR::UCR_S004,2025-06-28,2.2333333333333334,2.2333333333333334,13.467746192746691,-0.6506693201796274,9.9372,-2.8151235803529713,FALSE,,,
UCR::UCR_S004::2025-06-29,UCR,UCR::UCR_S004,2025-06-29,3.25,3.25,13.465770600769256,-0.6526449121570632,9.9372,-2.8151235803529713,FALSE,,,
UCR::UCR_S005::2025-06-24,UCR,UCR::UCR_S005,2025-06-24,0.11666666666666667,0.11666666666666667,13.473250989052984,-0.6451645238733352,9.9372,-2.8151235803529713,FALSE,,,
UCR::UCR_S005::2025-06-25,UCR,UCR::UCR_S005,2025-06-25,0.4,0.4,13.472237280209859,-0.6461782327164602,9.9372,-2.8151235803529713,FALSE,,,
UCR::UCR_S005::2025-06-26,UCR,UCR::UCR_S005,2025-06-26,2.2666666666666666,2.2666666666666666,13.470981064306365,-0.6474344486199541,9.9372,-2.8151235803529713,FALSE,,,
UCR::UCR_S005::2025-06-29,UCR,UCR::UCR_S005,2025-06-29,1.55,1.55,13.465770600769256,-0.6526449121570632,9.9372,-2.8151235803529713,FALSE,,,
UCR::UCR_S006::2025-06-24,UCR,UCR::UCR_S006,2025-06-24,2.7666666666666666,2.7666666666666666,13.473250989052984,-0.6451645238733352,9.9372,-2.8151235803529713,FALSE,,,
UCR::UCR_S006::2025-06-25,UCR,UCR::UCR_S006,2025-06-25,0.5,0.5,13.472237280209859,-0.6461782327164602,9.9372,-2.8151235803529713,FALSE,,,
UCR::UCR_S006::2025-06-26,UCR,UCR::UCR_S006,2025-06-26,1.25,1.25,13.470981064306365,-0.6474344486199541,9.9372,-2.8151235803529713,FALSE,,,
UCR::UCR_S006::2025-06-27,UCR,UCR::UCR_S006,2025-06-27,1.55,1.55,13.469483559065395,-0.6489319538609237,9.9372,-2.8151235803529713,FALSE,,,
UCR::UCR_S006::2025-06-28,UCR,UCR::UCR_S006,2025-06-28,1.8666666666666667,1.8666666666666667,13.467746192746691,-0.6506693201796274,9.9372,-2.8151235803529713,FALSE,,,
UCR::UCR_S006::2025-06-29,UCR,UCR::UCR_S006,2025-06-29,1.9333333333333333,1.9333333333333333,13.465770600769256,-0.6526449121570632,9.9372,-2.8151235803529713,FALSE,,,
