clock_hour,activity_status,expected_melEDI_lx,expected_low_melEDI_lx,expected_high_melEDI_lx,positive_probability,conditional_positive_mean_melEDI_lx,participants,participant_days,observations,positive_observations,zero_observations,zero_fraction,sites_with_support,sites_standardized,standardization,population_prediction,display_scale,interval_scope,inferential_role
0,Sedentary,4.772717655815266,3.269704648927895,6.966633463239481,0.5640676890225703,8.07323995571435,92,212,212,96,116,0.5471698113207547,9,9,Response-scale predictions give equal weight to work and free days and to each of the nine study sites,Participant and participant-day random-effect smooths are excluded,"LightLogR::symlog_trans(base = 10, thr = 1, scale = 1)",Approximate pointwise 95% interval; smoothing parameters treated as fixed and occurrence-magnitude cross-component covariance set to zero; not simultaneous,exploratory_time_of_day_context_not_primary_inference; standardized population prediction excluding random-effect smooths
0,Active,2.617009485678699,1.934053195085392,3.5411325115232435,0.5293549243578067,4.705282527643188,131,495,495,192,303,0.6121212121212121,9,9,Response-scale predictions give equal weight to work and free days and to each of the nine study sites,Participant and participant-day random-effect smooths are excluded,"LightLogR::symlog_trans(base = 10, thr = 1, scale = 1)",Approximate pointwise 95% interval; smoothing parameters treated as fixed and occurrence-magnitude cross-component covariance set to zero; not simultaneous,exploratory_time_of_day_context_not_primary_inference; standardized population prediction excluding random-effect smooths
0.25,Sedentary,4.060466853389147,2.7464982384435457,6.00305903593641,0.5117332651399601,7.552638804854123,92,212,212,96,116,0.5471698113207547,9,9,Response-scale predictions give equal weight to work and free days and to each of the nine study sites,Participant and participant-day random-effect smooths are excluded,"LightLogR::symlog_trans(base = 10, thr = 1, scale = 1)",Approximate pointwise 95% interval; smoothing parameters treated as fixed and occurrence-magnitude cross-component covariance set to zero; not simultaneous,exploratory_time_of_day_context_not_primary_inference; standardized population prediction excluding random-effect smooths
0.25,Active,1.9848116988278357,1.446834304988287,2.7228255966986703,0.4625142663977907,4.064698845194872,131,495,495,192,303,0.6121212121212121,9,9,Response-scale predictions give equal weight to work and free days and to each of the nine study sites,Participant and participant-day random-effect smooths are excluded,"LightLogR::symlog_trans(base = 10, thr = 1, scale = 1)",Approximate pointwise 95% interval; smoothing parameters treated as fixed and occurrence-magnitude cross-component covariance set to zero; not simultaneous,exploratory_time_of_day_context_not_primary_inference; standardized population prediction excluding random-effect smooths
0.5,Sedentary,3.407572612436088,2.262894033004877,5.131283630460428,0.4583797546654777,7.061923257528787,92,212,212,96,116,0.5471698113207547,9,9,Response-scale predictions give equal weight to work and free days and to each of the nine study sites,Participant and participant-day random-effect smooths are excluded,"LightLogR::symlog_trans(base = 10, thr = 1, scale = 1)",Approximate pointwise 95% interval; smoothing parameters treated as fixed and occurrence-magnitude cross-component covariance set to zero; not simultaneous,exploratory_time_of_day_context_not_primary_inference; standardized population prediction excluding random-effect smooths
0.5,Active,1.468970371200533,1.0495070833311706,2.0560832658850363,0.3981294980623445,3.4792636989274732,131,495,495,192,303,0.6121212121212121,9,9,Response-scale predictions give equal weight to work and free days and to each of the nine study sites,Participant and participant-day random-effect smooths are excluded,"LightLogR::symlog_trans(base = 10, thr = 1, scale = 1)",Approximate pointwise 95% interval; smoothing parameters treated as fixed and occurrence-magnitude cross-component covariance set to zero; not simultaneous,exploratory_time_of_day_context_not_primary_inference; standardized population prediction excluding random-effect smooths
0.75,Sedentary,2.8205151833568305,1.8173879940484583,4.377329401095567,0.4049953919218245,6.604336732440581,92,212,212,96,116,0.5471698113207547,9,9,Response-scale predictions give equal weight to work and free days and to each of the nine study sites,Participant and participant-day random-effect smooths are excluded,"LightLogR::symlog_trans(base = 10, thr = 1, scale = 1)",Approximate pointwise 95% interval; smoothing parameters treated as fixed and occurrence-magnitude cross-component covariance set to zero; not simultaneous,exploratory_time_of_day_context_not_primary_inference; standardized population prediction excluding random-effect smooths
0.75,Active,1.0632475674612432,0.734968234753994,1.5381554416302716,0.3368596837059733,2.9642104108264737,131,495,495,192,303,0.6121212121212121,9,9,Response-scale predictions give equal weight to work and free days and to each of the nine study sites,Participant and participant-day random-effect smooths are excluded,"LightLogR::symlog_trans(base = 10, thr = 1, scale = 1)",Approximate pointwise 95% interval; smoothing parameters treated as fixed and occurrence-magnitude cross-component covariance set to zero; not simultaneous,exploratory_time_of_day_context_not_primary_inference; standardized population prediction excluding random-effect smooths
1,Sedentary,2.30205612730469,1.4263827674404543,3.7153157863583743,0.3525100092720529,6.1819516572279705,92,213,213,60,153,0.7183098591549296,9,9,Response-scale predictions give equal weight to work and free days and to each of the nine study sites,Participant and participant-day random-effect smooths are excluded,"LightLogR::symlog_trans(base = 10, thr = 1, scale = 1)",Approximate pointwise 95% interval; smoothing parameters treated as fixed and occurrence-magnitude cross-component covariance set to zero; not simultaneous,exploratory_time_of_day_context_not_primary_inference; standardized population prediction excluding random-effect smooths
1,Active,0.7532373975438538,0.4989881037515046,1.1370342755529603,0.27908440452960587,2.5248776352093145,131,500,500,90,410,0.82,9,9,Response-scale predictions give equal weight to work and free days and to each of the nine study sites,Participant and participant-day random-effect smooths are excluded,"LightLogR::symlog_trans(base = 10, thr = 1, scale = 1)",Approximate pointwise 95% interval; smoothing parameters treated as fixed and occurrence-magnitude cross-component covariance set to zero; not simultaneous,exploratory_time_of_day_context_not_primary_inference; standardized population prediction excluding random-effect smooths
1.25,Sedentary,1.8513348911946492,1.1039246417530597,3.10477794382037,0.30171353763198794,5.795823528286836,92,213,213,60,153,0.7183098591549296,9,9,Response-scale predictions give equal weight to work and free days and to each of the nine study sites,Participant and participant-day random-effect smooths are excluded,"LightLogR::symlog_trans(base = 10, thr = 1, scale = 1)",Approximate pointwise 95% interval; smoothing parameters treated as fixed and occurrence-magnitude cross-component covariance set to zero; not simultaneous,exploratory_time_of_day_context_not_primary_inference; standardized population prediction excluding random-effect smooths
1.25,Active,0.5218498311828927,0.3315642652846089,0.821340762014425,0.2251340320466985,2.159796516276015,131,500,500,90,410,0.82,9,9,Response-scale predictions give equal weight to work and free days and to each of the nine study sites,Participant and participant-day random-effect smooths are excluded,"LightLogR::symlog_trans(base = 10, thr = 1, scale = 1)",Approximate pointwise 95% interval; smoothing parameters treated as fixed and occurrence-magnitude cross-component covariance set to zero; not simultaneous,exploratory_time_of_day_context_not_primary_inference; standardized population prediction excluding random-effect smooths
1.5,Sedentary,1.466274774414251,0.846722219967763,2.5391582544809292,0.253881293150901,5.439490003554533,92,213,213,60,153,0.7183098591549296,9,9,Response-scale predictions give equal weight to work and free days and to each of the nine study sites,Participant and participant-day random-effect smooths are excluded,"LightLogR::symlog_trans(base = 10, thr = 1, scale = 1)",Approximate pointwise 95% interval; smoothing parameters treated as fixed and occurrence-magnitude cross-component covariance set to zero; not simultaneous,exploratory_time_of_day_context_not_primary_inference; standardized population prediction excluding random-effect smooths
1.5,Active,0.35380336812630553,0.21689720425682313,0.5771251119922182,0.17649739284746788,1.8599590680580371,131,500,500,90,410,0.82,9,9,Response-scale predictions give equal weight to work and free days and to each of the nine study sites,Participant and participant-day random-effect smooths are excluded,"LightLogR::symlog_trans(base = 10, thr = 1, scale = 1)",Approximate pointwise 95% interval; smoothing parameters treated as fixed and occurrence-magnitude cross-component covariance set to zero; not simultaneous,exploratory_time_of_day_context_not_primary_inference; standardized population prediction excluding random-effect smooths
1.75,Sedentary,1.14528396467653,0.6413176425368065,2.045281889574575,0.21087839932465316,5.097622170982696,92,213,213,60,153,0.7183098591549296,9,9,Response-scale predictions give equal weight to work and free days and to each of the nine study sites,Participant and participant-day random-effect smooths are excluded,"LightLogR::symlog_trans(base = 10, thr = 1, scale = 1)",Approximate pointwise 95% interval; smoothing parameters treated as fixed and occurrence-magnitude cross-component covariance set to zero; not simultaneous,exploratory_time_of_day_context_not_primary_inference; standardized population prediction excluding random-effect smooths
1.75,Active,0.2363170668430127,0.1398441752723175,0.3993427396781949,0.13554277008908194,1.6116007098572485,131,500,500,90,410,0.82,9,9,Response-scale predictions give equal weight to work and free days and to each of the nine study sites,Participant and participant-day random-effect smooths are excluded,"LightLogR::symlog_trans(base = 10, thr = 1, scale = 1)",Approximate pointwise 95% interval; smoothing parameters treated as fixed and occurrence-magnitude cross-component covariance set to zero; not simultaneous,exploratory_time_of_day_context_not_primary_inference; standardized population prediction excluding random-effect smooths
2,Sedentary,0.8848485899028713,0.4783080013159811,1.6369306490774354,0.17394297338796633,4.757533304175775,92,212,212,26,186,0.8773584905660378,9,9,Response-scale predictions give equal weight to work and free days and to each of the nine study sites,Participant and participant-day random-effect smooths are excluded,"LightLogR::symlog_trans(base = 10, thr = 1, scale = 1)",Approximate pointwise 95% interval; smoothing parameters treated as fixed and occurrence-magnitude cross-component covariance set to zero; not simultaneous,exploratory_time_of_day_context_not_primary_inference; standardized population prediction excluding random-effect smooths
2,Active,0.1571508594638169,0.08930169837366084,0.27655008896785355,0.10322116949404836,1.403771941716003,131,500,500,27,473,0.946,9,9,Response-scale predictions give equal weight to work and free days and to each of the nine study sites,Participant and participant-day random-effect smooths are excluded,"LightLogR::symlog_trans(base = 10, thr = 1, scale = 1)",Approximate pointwise 95% interval; smoothing parameters treated as fixed and occurrence-magnitude cross-component covariance set to zero; not simultaneous,exploratory_time_of_day_context_not_primary_inference; standardized population prediction excluding random-effect smooths
2.25,Sedentary,0.6792831305670837,0.35241767932654,1.3093144826184333,0.14358448283688638,4.409936648017693,92,212,212,26,186,0.8773584905660378,9,9,Response-scale predictions give equal weight to work and free days and to each of the nine study sites,Participant and participant-day random-effect smooths are excluded,"LightLogR::symlog_trans(base = 10, thr = 1, scale = 1)",Approximate pointwise 95% interval; smoothing parameters treated as fixed and occurrence-magnitude cross-component covariance set to zero; not simultaneous,exploratory_time_of_day_context_not_primary_inference; standardized population prediction excluding random-effect smooths
2.25,Active,0.10545059098602622,0.05724116161235715,0.19426277919736792,0.07913413927455236,1.2281138102823268,131,500,500,27,473,0.946,9,9,Response-scale predictions give equal weight to work and free days and to each of the nine study sites,Participant and participant-day random-effect smooths are excluded,"LightLogR::symlog_trans(base = 10, thr = 1, scale = 1)",Approximate pointwise 95% interval; smoothing parameters treated as fixed and occurrence-magnitude cross-component covariance set to zero; not simultaneous,exploratory_time_of_day_context_not_primary_inference; standardized population prediction excluding random-effect smooths
2.5,Sedentary,0.5212403790149578,0.2593623922895571,1.0475363460263556,0.1197083470497444,4.048946839202797,92,212,212,26,186,0.8773584905660378,9,9,Response-scale predictions give equal weight to work and free days and to each of the nine study sites,Participant and participant-day random-effect smooths are excluded,"LightLogR::symlog_trans(base = 10, thr = 1, scale = 1)",Approximate pointwise 95% interval; smoothing parameters treated as fixed and occurrence-magnitude cross-component covariance set to zero; not simultaneous,exploratory_time_of_day_context_not_primary_inference; standardized population prediction excluding random-effect smooths
2.5,Active,0.07248490252146758,0.03764232700871338,0.13957854126102387,0.06209559547527252,1.0782510804440983,131,500,500,27,473,0.946,9,9,Response-scale predictions give equal weight to work and free days and to each of the nine study sites,Participant and participant-day random-effect smooths are excluded,"LightLogR::symlog_trans(base = 10, thr = 1, scale = 1)",Approximate pointwise 95% interval; smoothing parameters treated as fixed and occurrence-magnitude cross-component covariance set to zero; not simultaneous,exploratory_time_of_day_context_not_primary_inference; standardized population prediction excluding random-effect smooths
2.75,Sedentary,0.4025948273715442,0.19383309453875144,0.8361967052737719,0.10183277864839747,3.672203788094987,92,212,212,26,186,0.8773584905660378,9,9,Response-scale predictions give equal weight to work and free days and to each of the nine study sites,Participant and participant-day random-effect smooths are excluded,"LightLogR::symlog_trans(base = 10, thr = 1, scale = 1)",Approximate pointwise 95% interval; smoothing parameters treated as fixed and occurrence-magnitude cross-component covariance set to zero; not simultaneous,exploratory_time_of_day_context_not_primary_inference; standardized population prediction excluding random-effect smooths
2.75,Active,0.05184241780735717,0.02607022084103989,0.10309219474971586,0.05071823426087701,0.9493650845644436,131,500,500,27,473,0.946,9,9,Response-scale predictions give equal weight to work and free days and to each of the nine study sites,Participant and participant-day random-effect smooths are excluded,"LightLogR::symlog_trans(base = 10, thr = 1, scale = 1)",Approximate pointwise 95% interval; smoothing parameters treated as fixed and occurrence-magnitude cross-component covariance set to zero; not simultaneous,exploratory_time_of_day_context_not_primary_inference; standardized population prediction excluding random-effect smooths
3,Sedentary,0.31548629915019455,0.14960220475824565,0.6653084098080454,0.08930646964348848,3.2829805168941393,92,213,213,19,194,0.9107981220657276,9,9,Response-scale predictions give equal weight to work and free days and to each of the nine study sites,Participant and participant-day random-effect smooths are excluded,"LightLogR::symlog_trans(base = 10, thr = 1, scale = 1)",Approximate pointwise 95% interval; smoothing parameters treated as fixed and occurrence-magnitude cross-component covariance set to zero; not simultaneous,exploratory_time_of_day_context_not_primary_inference; standardized population prediction excluding random-effect smooths
3,Active,0.03916973626727931,0.01948449926467334,0.07874301609741356,0.04379466123179824,0.8383078347004024,131,500,500,24,476,0.952,9,9,Response-scale predictions give equal weight to work and free days and to each of the nine study sites,Participant and participant-day random-effect smooths are excluded,"LightLogR::symlog_trans(base = 10, thr = 1, scale = 1)",Approximate pointwise 95% interval; smoothing parameters treated as fixed and occurrence-magnitude cross-component covariance set to zero; not simultaneous,exploratory_time_of_day_context_not_primary_inference; standardized population prediction excluding random-effect smooths
3.25,Sedentary,0.25372451032878646,0.12037597167125429,0.5347921702961874,0.08123972355807539,2.9078403087914815,92,213,213,19,194,0.9107981220657276,9,9,Response-scale predictions give equal weight to work and free days and to each of the nine study sites,Participant and participant-day random-effect smooths are excluded,"LightLogR::symlog_trans(base = 10, thr = 1, scale = 1)",Approximate pointwise 95% interval; smoothing parameters treated as fixed and occurrence-magnitude cross-component covariance set to zero; not simultaneous,exploratory_time_of_day_context_not_primary_inference; standardized population prediction excluding random-effect smooths
3.25,Active,0.03167529898437754,0.01587551702672403,0.06319948912912654,0.04022719649073834,0.7470409781936282,131,500,500,24,476,0.952,9,9,Response-scale predictions give equal weight to work and free days and to each of the nine study sites,Participant and participant-day random-effect smooths are excluded,"LightLogR::symlog_trans(base = 10, thr = 1, scale = 1)",Approximate pointwise 95% interval; smoothing parameters treated as fixed and occurrence-magnitude cross-component covariance set to zero; not simultaneous,exploratory_time_of_day_context_not_primary_inference; standardized population prediction excluding random-effect smooths
3.5,Sedentary,0.21217662790758177,0.1014106146869234,0.4439271132436736,0.07686887284786172,2.5766381761953556,92,213,213,19,194,0.9107981220657276,9,9,Response-scale predictions give equal weight to work and free days and to each of the nine study sites,Participant and participant-day random-effect smooths are excluded,"LightLogR::symlog_trans(base = 10, thr = 1, scale = 1)",Approximate pointwise 95% interval; smoothing parameters treated as fixed and occurrence-magnitude cross-component covariance set to zero; not simultaneous,exploratory_time_of_day_context_not_primary_inference; standardized population prediction excluding random-effect smooths
3.5,Active,0.02772047430795258,0.01411437959502577,0.05444268312924422,0.03929236905846123,0.6785376080165102,131,500,500,24,476,0.952,9,9,Response-scale predictions give equal weight to work and free days and to each of the nine study sites,Participant and participant-day random-effect smooths are excluded,"LightLogR::symlog_trans(base = 10, thr = 1, scale = 1)",Approximate pointwise 95% interval; smoothing parameters treated as fixed and occurrence-magnitude cross-component covariance set to zero; not simultaneous,exploratory_time_of_day_context_not_primary_inference; standardized population prediction excluding random-effect smooths
3.75,Sedentary,0.1867649169727428,0.08995047071600316,0.3877815639449429,0.07579889968309549,2.3065833630267565,92,213,213,19,194,0.9107981220657276,9,9,Response-scale predictions give equal weight to work and free days and to each of the nine study sites,Participant and participant-day random-effect smooths are excluded,"LightLogR::symlog_trans(base = 10, thr = 1, scale = 1)",Approximate pointwise 95% interval; smoothing parameters treated as fixed and occurrence-magnitude cross-component covariance set to zero; not simultaneous,exploratory_time_of_day_context_not_primary_inference; standardized population prediction excluding random-effect smooths
3.75,Active,0.02651841213830174,0.01372137336968582,0.05125042248981022,0.0407590669403076,0.6342495561359043,131,500,500,24,476,0.952,9,9,Response-scale predictions give equal weight to work and free days and to each of the nine study sites,Participant and participant-day random-effect smooths are excluded,"LightLogR::symlog_trans(base = 10, thr = 1, scale = 1)",Approximate pointwise 95% interval; smoothing parameters treated as fixed and occurrence-magnitude cross-component covariance set to zero; not simultaneous,exploratory_time_of_day_context_not_primary_inference; standardized population prediction excluding random-effect smooths
4,Sedentary,0.17499592688312557,0.08481994309407476,0.3610421477378178,0.07797867413701577,2.106517734008514,92,214,214,19,195,0.911214953271028,9,9,Response-scale predictions give equal weight to work and free days and to each of the nine study sites,Participant and participant-day random-effect smooths are excluded,"LightLogR::symlog_trans(base = 10, thr = 1, scale = 1)",Approximate pointwise 95% interval; smoothing parameters treated as fixed and occurrence-magnitude cross-component covariance set to zero; not simultaneous,exploratory_time_of_day_context_not_primary_inference; standardized population prediction excluding random-effect smooths
4,Active,0.02798558537908675,0.01468059334022663,0.05334886478083343,0.04481625333782884,0.6156822694025013,131,501,501,24,477,0.9520958083832336,9,9,Response-scale predictions give equal weight to work and free days and to each of the nine study sites,Participant and participant-day random-effect smooths are excluded,"LightLogR::symlog_trans(base = 10, thr = 1, scale = 1)",Approximate pointwise 95% interval; smoothing parameters treated as fixed and occurrence-magnitude cross-component covariance set to zero; not simultaneous,exploratory_time_of_day_context_not_primary_inference; standardized population prediction excluding random-effect smooths
4.25,Sedentary,0.1763083918150734,0.0862112493713137,0.3605637228447437,0.08370671564510057,1.9819129298208076,92,214,214,19,195,0.911214953271028,9,9,Response-scale predictions give equal weight to work and free days and to each of the nine study sites,Participant and participant-day random-effect smooths are excluded,"LightLogR::symlog_trans(base = 10, thr = 1, scale = 1)",Approximate pointwise 95% interval; smoothing parameters treated as fixed and occurrence-magnitude cross-component covariance set to zero; not simultaneous,exploratory_time_of_day_context_not_primary_inference; standardized population prediction excluding random-effect smooths
4.25,Active,0.0328490035061945,0.01748544754042794,0.06171171935148359,0.05210420674769538,0.6260668713100348,131,501,501,24,477,0.9520958083832336,9,9,Response-scale predictions give equal weight to work and free days and to each of the nine study sites,Participant and participant-day random-effect smooths are excluded,"LightLogR::symlog_trans(base = 10, thr = 1, scale = 1)",Approximate pointwise 95% interval; smoothing parameters treated as fixed and occurrence-magnitude cross-component covariance set to zero; not simultaneous,exploratory_time_of_day_context_not_primary_inference; standardized population prediction excluding random-effect smooths
4.5,Sedentary,0.19268425943964507,0.09595337823655264,0.3869298248601021,0.09367490658917103,1.9398642963064048,92,214,214,19,195,0.911214953271028,9,9,Response-scale predictions give equal weight to work and free days and to each of the nine study sites,Participant and participant-day random-effect smooths are excluded,"LightLogR::symlog_trans(base = 10, thr = 1, scale = 1)",Approximate pointwise 95% interval; smoothing parameters treated as fixed and occurrence-magnitude cross-component covariance set to zero; not simultaneous,exploratory_time_of_day_context_not_primary_inference; standardized population prediction excluding random-effect smooths
4.5,Active,0.04318612047617054,0.02352022346864337,0.07929520755909258,0.06385577634539191,0.6724895562504586,131,501,501,24,477,0.9520958083832336,9,9,Response-scale predictions give equal weight to work and free days and to each of the nine study sites,Participant and participant-day random-effect smooths are excluded,"LightLogR::symlog_trans(base = 10, thr = 1, scale = 1)",Approximate pointwise 95% interval; smoothing parameters treated as fixed and occurrence-magnitude cross-component covariance set to zero; not simultaneous,exploratory_time_of_day_context_not_primary_inference; standardized population prediction excluding random-effect smooths
4.75,Sedentary,0.22942493957841376,0.118063927807887,0.4458245958596898,0.108945968096896,1.990669938229585,92,214,214,19,195,0.911214953271028,9,9,Response-scale predictions give equal weight to work and free days and to each of the nine study sites,Participant and participant-day random-effect smooths are excluded,"LightLogR::symlog_trans(base = 10, thr = 1, scale = 1)",Approximate pointwise 95% interval; smoothing parameters treated as fixed and occurrence-magnitude cross-component covariance set to zero; not simultaneous,exploratory_time_of_day_context_not_primary_inference; standardized population prediction excluding random-effect smooths
4.75,Active,0.06365962518790261,0.03599622763800008,0.1125825717022107,0.08205199332885166,0.7676985049941583,131,501,501,24,477,0.9520958083832336,9,9,Response-scale predictions give equal weight to work and free days and to each of the nine study sites,Participant and participant-day random-effect smooths are excluded,"LightLogR::symlog_trans(base = 10, thr = 1, scale = 1)",Approximate pointwise 95% interval; smoothing parameters treated as fixed and occurrence-magnitude cross-component covariance set to zero; not simultaneous,exploratory_time_of_day_context_not_primary_inference; standardized population prediction excluding random-effect smooths
5,Sedentary,0.2950289570542003,0.1584124119785903,0.5494650603025542,0.13061177020243883,2.1410700026593115,92,214,214,57,157,0.7336448598130841,9,9,Response-scale predictions give equal weight to work and free days and to each of the nine study sites,Participant and participant-day random-effect smooths are excluded,"LightLogR::symlog_trans(base = 10, thr = 1, scale = 1)",Approximate pointwise 95% interval; smoothing parameters treated as fixed and occurrence-magnitude cross-component covariance set to zero; not simultaneous,exploratory_time_of_day_context_not_primary_inference; standardized population prediction excluding random-effect smooths
5,Active,0.10338814008450062,0.06137920135670346,0.1741486900100391,0.10919177811173124,0.9288446643609524,131,501,501,111,390,0.7784431137724551,9,9,Response-scale predictions give equal weight to work and free days and to each of the nine study sites,Participant and participant-day random-effect smooths are excluded,"LightLogR::symlog_trans(base = 10, thr = 1, scale = 1)",Approximate pointwise 95% interval; smoothing parameters treated as fixed and occurrence-magnitude cross-component covariance set to zero; not simultaneous,exploratory_time_of_day_context_not_primary_inference; standardized population prediction excluding random-effect smooths
5.25,Sedentary,0.4047790926747243,0.2270081267646145,0.7217632082241076,0.1598006209043044,2.4078673652940563,92,214,214,57,157,0.7336448598130841,9,9,Response-scale predictions give equal weight to work and free days and to each of the nine study sites,Participant and participant-day random-effect smooths are excluded,"LightLogR::symlog_trans(base = 10, thr = 1, scale = 1)",Approximate pointwise 95% interval; smoothing parameters treated as fixed and occurrence-magnitude cross-component covariance set to zero; not simultaneous,exploratory_time_of_day_context_not_primary_inference; standardized population prediction excluding random-effect smooths
5.25,Active,0.1807937273231933,0.11307340961906814,0.28907213419609395,0.14818947664516544,1.185380813999781,131,501,501,111,390,0.7784431137724551,9,9,Response-scale predictions give equal weight to work and free days and to each of the nine study sites,Participant and participant-day random-effect smooths are excluded,"LightLogR::symlog_trans(base = 10, thr = 1, scale = 1)",Approximate pointwise 95% interval; smoothing parameters treated as fixed and occurrence-magnitude cross-component covariance set to zero; not simultaneous,exploratory_time_of_day_context_not_primary_inference; standardized population prediction excluding random-effect smooths
5.5,Sedentary,0.5852726914682397,0.3407656994091194,1.0052189054603842,0.1974476910060717,2.824593187964526,92,214,214,57,157,0.7336448598130841,9,9,Response-scale predictions give equal weight to work and free days and to each of the nine study sites,Participant and participant-day random-effect smooths are excluded,"LightLogR::symlog_trans(base = 10, thr = 1, scale = 1)",Approximate pointwise 95% interval; smoothing parameters treated as fixed and occurrence-magnitude cross-component covariance set to zero; not simultaneous,exploratory_time_of_day_context_not_primary_inference; standardized population prediction excluding random-effect smooths
5.5,Active,0.33241079209070584,0.2180581339273217,0.5067315431361017,0.20164932330308863,1.587956090881967,131,501,501,111,390,0.7784431137724551,9,9,Response-scale predictions give equal weight to work and free days and to each of the nine study sites,Participant and participant-day random-effect smooths are excluded,"LightLogR::symlog_trans(base = 10, thr = 1, scale = 1)",Approximate pointwise 95% interval; smoothing parameters treated as fixed and occurrence-magnitude cross-component covariance set to zero; not simultaneous,exploratory_time_of_day_context_not_primary_inference; standardized population prediction excluding random-effect smooths
5.75,Sedentary,0.8813199743929927,0.5281890120038728,1.4705434600339058,0.24389030885263768,3.448020364677047,92,214,214,57,157,0.7336448598130841,9,9,Response-scale predictions give equal weight to work and free days and to each of the nine study sites,Participant and participant-day random-effect smooths are excluded,"LightLogR::symlog_trans(base = 10, thr = 1, scale = 1)",Approximate pointwise 95% interval; smoothing parameters treated as fixed and occurrence-magnitude cross-component covariance set to zero; not simultaneous,exploratory_time_of_day_context_not_primary_inference; standardized population prediction excluding random-effect smooths
5.75,Active,0.6278869123675531,0.42796511929491593,0.9212011842740444,0.27037228192437374,2.2220275118455586,131,501,501,111,390,0.7784431137724551,9,9,Response-scale predictions give equal weight to work and free days and to each of the nine study sites,Participant and participant-day random-effect smooths are excluded,"LightLogR::symlog_trans(base = 10, thr = 1, scale = 1)",Approximate pointwise 95% interval; smoothing parameters treated as fixed and occurrence-magnitude cross-component covariance set to zero; not simultaneous,exploratory_time_of_day_context_not_primary_inference; standardized population prediction excluding random-effect smooths
6,Sedentary,1.3673710616129635,0.8389886624586047,2.228520722386774,0.298487687505325,4.370404393625961,92,214,214,93,121,0.5654205607476636,9,9,Response-scale predictions give equal weight to work and free days and to each of the nine study sites,Participant and participant-day random-effect smooths are excluded,"LightLogR::symlog_trans(base = 10, thr = 1, scale = 1)",Approximate pointwise 95% interval; smoothing parameters treated as fixed and occurrence-magnitude cross-component covariance set to zero; not simultaneous,exploratory_time_of_day_context_not_primary_inference; standardized population prediction excluding random-effect smooths
6,Active,1.1942851269379249,0.8377900752907953,1.702475365239989,0.3517650251740922,3.2321165884876475,130,492,492,256,236,0.4796747967479675,9,9,Response-scale predictions give equal weight to work and free days and to each of the nine study sites,Participant and participant-day random-effect smooths are excluded,"LightLogR::symlog_trans(base = 10, thr = 1, scale = 1)",Approximate pointwise 95% interval; smoothing parameters treated as fixed and occurrence-magnitude cross-component covariance set to zero; not simultaneous,exploratory_time_of_day_context_not_primary_inference; standardized population prediction excluding random-effect smooths
6.25,Sedentary,2.166435319077674,1.362644572542681,3.4443625919187917,0.35945504634332176,5.741212780837247,92,214,214,93,121,0.5654205607476636,9,9,Response-scale predictions give equal weight to work and free days and to each of the nine study sites,Participant and participant-day random-effect smooths are excluded,"LightLogR::symlog_trans(base = 10, thr = 1, scale = 1)",Approximate pointwise 95% interval; smoothing parameters treated as fixed and occurrence-magnitude cross-component covariance set to zero; not simultaneous,exploratory_time_of_day_context_not_primary_inference; standardized population prediction excluding random-effect smooths
6.25,Active,2.255480633889123,1.6206518820305833,3.138979410849738,0.43956430655128087,4.865458068978909,130,492,492,256,236,0.4796747967479675,9,9,Response-scale predictions give equal weight to work and free days and to each of the nine study sites,Participant and participant-day random-effect smooths are excluded,"LightLogR::symlog_trans(base = 10, thr = 1, scale = 1)",Approximate pointwise 95% interval; smoothing parameters treated as fixed and occurrence-magnitude cross-component covariance set to zero; not simultaneous,exploratory_time_of_day_context_not_primary_inference; standardized population prediction excluding random-effect smooths
6.5,Sedentary,3.4743932910441204,2.2501423100519844,5.364731238076008,0.4245445720492539,7.780859592940578,92,214,214,93,121,0.5654205607476636,9,9,Response-scale predictions give equal weight to work and free days and to each of the nine study sites,Participant and participant-day random-effect smooths are excluded,"LightLogR::symlog_trans(base = 10, thr = 1, scale = 1)",Approximate pointwise 95% interval; smoothing parameters treated as fixed and occurrence-magnitude cross-component covariance set to zero; not simultaneous,exploratory_time_of_day_context_not_primary_inference; standardized population prediction excluding random-effect smooths
6.5,Active,4.1939496550604565,3.084842636105687,5.701818790791347,0.5265238904958048,7.528796617847239,130,492,492,256,236,0.4796747967479675,9,9,Response-scale predictions give equal weight to work and free days and to each of the nine study sites,Participant and participant-day random-effect smooths are excluded,"LightLogR::symlog_trans(base = 10, thr = 1, scale = 1)",Approximate pointwise 95% interval; smoothing parameters treated as fixed and occurrence-magnitude cross-component covariance set to zero; not simultaneous,exploratory_time_of_day_context_not_primary_inference; standardized population prediction excluding random-effect smooths
6.75,Sedentary,5.578817216028132,3.720500996453444,8.365325411690517,0.49178129900629486,10.775051145310188,92,214,214,93,121,0.5654205607476636,9,9,Response-scale predictions give equal weight to work and free days and to each of the nine study sites,Participant and participant-day random-effect smooths are excluded,"LightLogR::symlog_trans(base = 10, thr = 1, scale = 1)",Approximate pointwise 95% interval; smoothing parameters treated as fixed and occurrence-magnitude cross-component covariance set to zero; not simultaneous,exploratory_time_of_day_context_not_primary_inference; standardized population prediction excluding random-effect smooths
6.75,Active,7.622439097054938,5.728507686646062,10.142532918958016,0.6074294012209615,11.837846080483878,130,492,492,256,236,0.4796747967479675,9,9,Response-scale predictions give equal weight to work and free days and to each of the nine study sites,Participant and participant-day random-effect smooths are excluded,"LightLogR::symlog_trans(base = 10, thr = 1, scale = 1)",Approximate pointwise 95% interval; smoothing parameters treated as fixed and occurrence-magnitude cross-component covariance set to zero; not simultaneous,exploratory_time_of_day_context_not_primary_inference; standardized population prediction excluding random-effect smooths
7,Sedentary,8.872211013343504,6.059260207308843,12.991046030725714,0.5590341582043687,15.08515723840496,89,210,210,146,64,0.3047619047619048,9,9,Response-scale predictions give equal weight to work and free days and to each of the nine study sites,Participant and participant-day random-effect smooths are excluded,"LightLogR::symlog_trans(base = 10, thr = 1, scale = 1)",Approximate pointwise 95% interval; smoothing parameters treated as fixed and occurrence-magnitude cross-component covariance set to zero; not simultaneous,exploratory_time_of_day_context_not_primary_inference; standardized population prediction excluding random-effect smooths
7,Active,13.439884890176224,10.26800736251204,17.591583204416047,0.6790027447785199,18.670232120728556,131,494,494,385,109,0.22064777327935223,9,9,Response-scale predictions give equal weight to work and free days and to each of the nine study sites,Participant and participant-day random-effect smooths are excluded,"LightLogR::symlog_trans(base = 10, thr = 1, scale = 1)",Approximate pointwise 95% interval; smoothing parameters treated as fixed and occurrence-magnitude cross-component covariance set to zero; not simultaneous,exploratory_time_of_day_context_not_primary_inference; standardized population prediction excluding random-effect smooths
7.25,Sedentary,13.826520413836624,9.584700818983356,19.94560606165259,0.6241851376087555,21.10652079565982,89,210,210,146,64,0.3047619047619048,9,9,Response-scale predictions give equal weight to work and free days and to each of the nine study sites,Participant and participant-day random-effect smooths are excluded,"LightLogR::symlog_trans(base = 10, thr = 1, scale = 1)",Approximate pointwise 95% interval; smoothing parameters treated as fixed and occurrence-magnitude cross-component covariance set to zero; not simultaneous,exploratory_time_of_day_context_not_primary_inference; standardized population prediction excluding random-effect smooths
7.25,Active,22.795387483878,17.572771061323493,29.570162197344747,0.7398007478333739,29.11893002737632,131,494,494,385,109,0.22064777327935223,9,9,Response-scale predictions give equal weight to work and free days and to each of the nine study sites,Participant and participant-day random-effect smooths are excluded,"LightLogR::symlog_trans(base = 10, thr = 1, scale = 1)",Approximate pointwise 95% interval; smoothing parameters treated as fixed and occurrence-magnitude cross-component covariance set to zero; not simultaneous,exploratory_time_of_day_context_not_primary_inference; standardized population prediction excluding random-effect smooths
7.5,Sedentary,20.88857665140183,14.581800314190744,29.923097636775257,0.6853670921653413,29.15012512992051,89,210,210,146,64,0.3047619047619048,9,9,Response-scale predictions give equal weight to work and free days and to each of the nine study sites,Participant and participant-day random-effect smooths are excluded,"LightLogR::symlog_trans(base = 10, thr = 1, scale = 1)",Approximate pointwise 95% interval; smoothing parameters treated as fixed and occurrence-magnitude cross-component covariance set to zero; not simultaneous,exploratory_time_of_day_context_not_primary_inference; standardized population prediction excluding random-effect smooths
7.5,Active,36.82659941310141,28.451178841725724,47.66756526601555,0.7897897120372704,44.22435724338594,131,494,494,385,109,0.22064777327935223,9,9,Response-scale predictions give equal weight to work and free days and to each of the nine study sites,Participant and participant-day random-effect smooths are excluded,"LightLogR::symlog_trans(base = 10, thr = 1, scale = 1)",Approximate pointwise 95% interval; smoothing parameters treated as fixed and occurrence-magnitude cross-component covariance set to zero; not simultaneous,exploratory_time_of_day_context_not_primary_inference; standardized population prediction excluding random-effect smooths
7.75,Sedentary,30.25671411660384,21.21027810003569,43.16156274878611,0.7411243880564229,39.22430575203483,89,210,210,146,64,0.3047619047619048,9,9,Response-scale predictions give equal weight to work and free days and to each of the nine study sites,Participant and participant-day random-effect smooths are excluded,"LightLogR::symlog_trans(base = 10, thr = 1, scale = 1)",Approximate pointwise 95% interval; smoothing parameters treated as fixed and occurrence-magnitude cross-component covariance set to zero; not simultaneous,exploratory_time_of_day_context_not_primary_inference; standardized population prediction excluding random-effect smooths
7.75,Active,56.040695678776395,43.28765292516484,72.55093219284919,0.829844179210475,64.36353834323876,131,494,494,385,109,0.22064777327935223,9,9,Response-scale predictions give equal weight to work and free days and to each of the nine study sites,Participant and participant-day random-effect smooths are excluded,"LightLogR::symlog_trans(base = 10, thr = 1, scale = 1)",Approximate pointwise 95% interval; smoothing parameters treated as fixed and occurrence-magnitude cross-component covariance set to zero; not simultaneous,exploratory_time_of_day_context_not_primary_inference; standardized population prediction excluding random-effect smooths
8,Sedentary,41.58346507369573,29.378545812829227,58.85875286516597,0.7904559052223843,50.78889210565167,92,214,214,186,28,0.1308411214953271,9,9,Response-scale predictions give equal weight to work and free days and to each of the nine study sites,Participant and participant-day random-effect smooths are excluded,"LightLogR::symlog_trans(base = 10, thr = 1, scale = 1)",Approximate pointwise 95% interval; smoothing parameters treated as fixed and occurrence-magnitude cross-component covariance set to zero; not simultaneous,exploratory_time_of_day_context_not_primary_inference; standardized population prediction excluding random-effect smooths
8,Active,79.47965039698143,61.594822997235205,102.55756116889792,0.8613277836352358,88.45178012309887,130,492,492,443,49,0.09959349593495936,9,9,Response-scale predictions give equal weight to work and free days and to each of the nine study sites,Participant and participant-day random-effect smooths are excluded,"LightLogR::symlog_trans(base = 10, thr = 1, scale = 1)",Approximate pointwise 95% interval; smoothing parameters treated as fixed and occurrence-magnitude cross-component covariance set to zero; not simultaneous,exploratory_time_of_day_context_not_primary_inference; standardized population prediction excluding random-effect smooths
8.25,Sedentary,54.219292534741726,38.763799115707954,75.83703739132875,0.8327092809211705,63.17280617760088,92,214,214,186,28,0.1308411214953271,9,9,Response-scale predictions give equal weight to work and free days and to each of the nine study sites,Participant and participant-day random-effect smooths are excluded,"LightLogR::symlog_trans(base = 10, thr = 1, scale = 1)",Approximate pointwise 95% interval; smoothing parameters treated as fixed and occurrence-magnitude cross-component covariance set to zero; not simultaneous,exploratory_time_of_day_context_not_primary_inference; standardized population prediction excluding random-effect smooths
8.25,Active,105.36174705857894,82.26214956565391,134.9478198886124,0.8859342964094432,114.69877946068164,130,492,492,443,49,0.09959349593495936,9,9,Response-scale predictions give equal weight to work and free days and to each of the nine study sites,Participant and participant-day random-effect smooths are excluded,"LightLogR::symlog_trans(base = 10, thr = 1, scale = 1)",Approximate pointwise 95% interval; smoothing parameters treated as fixed and occurrence-magnitude cross-component covariance set to zero; not simultaneous,exploratory_time_of_day_context_not_primary_inference; standardized population prediction excluding random-effect smooths
8.5,Sedentary,67.55863858558602,48.85068328136843,93.43102984351914,0.8677638868940132,75.90594648518936,92,214,214,186,28,0.1308411214953271,9,9,Response-scale predictions give equal weight to work and free days and to each of the nine study sites,Participant and participant-day random-effect smooths are excluded,"LightLogR::symlog_trans(base = 10, thr = 1, scale = 1)",Approximate pointwise 95% interval; smoothing parameters treated as fixed and occurrence-magnitude cross-component covariance set to zero; not simultaneous,exploratory_time_of_day_context_not_primary_inference; standardized population prediction excluding random-effect smooths
8.5,Active,132.08618183262828,103.91597957794386,167.8929410277647,0.9053018463256912,141.5815367530496,130,492,492,443,49,0.09959349593495936,9,9,Response-scale predictions give equal weight to work and free days and to each of the nine study sites,Participant and participant-day random-effect smooths are excluded,"LightLogR::symlog_trans(base = 10, thr = 1, scale = 1)",Approximate pointwise 95% interval; smoothing parameters treated as fixed and occurrence-magnitude cross-component covariance set to zero; not simultaneous,exploratory_time_of_day_context_not_primary_inference; standardized population prediction excluding random-effect smooths
8.75,Sedentary,81.09718536822182,59.0139139197653,111.4441161043718,0.896073675867792,88.65122779169046,92,214,214,186,28,0.1308411214953271,9,9,Response-scale predictions give equal weight to work and free days and to each of the nine study sites,Participant and participant-day random-effect smooths are excluded,"LightLogR::symlog_trans(base = 10, thr = 1, scale = 1)",Approximate pointwise 95% interval; smoothing parameters treated as fixed and occurrence-magnitude cross-component covariance set to zero; not simultaneous,exploratory_time_of_day_context_not_primary_inference; standardized population prediction excluding random-effect smooths
8.75,Active,158.4011146640504,125.11596706941872,200.5412555608695,0.9207636219590152,167.9212230423694,130,492,492,443,49,0.09959349593495936,9,9,Response-scale predictions give equal weight to work and free days and to each of the nine study sites,Participant and participant-day random-effect smooths are excluded,"LightLogR::symlog_trans(base = 10, thr = 1, scale = 1)",Approximate pointwise 95% interval; smoothing parameters treated as fixed and occurrence-magnitude cross-component covariance set to zero; not simultaneous,exploratory_time_of_day_context_not_primary_inference; standardized population prediction excluding random-effect smooths
9,Sedentary,94.56400448571208,68.82148443275439,129.9354557385545,0.9184729393458074,101.28021046653402,92,211,211,200,11,0.05213270142180094,9,9,Response-scale predictions give equal weight to work and free days and to each of the nine study sites,Participant and participant-day random-effect smooths are excluded,"LightLogR::symlog_trans(base = 10, thr = 1, scale = 1)",Approximate pointwise 95% interval; smoothing parameters treated as fixed and occurrence-magnitude cross-component covariance set to zero; not simultaneous,exploratory_time_of_day_context_not_primary_inference; standardized population prediction excluding random-effect smooths
9,Active,183.6622272561348,144.94085627446154,232.72812502783341,0.9333495691245296,193.11508830328648,131,493,493,463,30,0.06085192697768762,9,9,Response-scale predictions give equal weight to work and free days and to each of the nine study sites,Participant and participant-day random-effect smooths are excluded,"LightLogR::symlog_trans(base = 10, thr = 1, scale = 1)",Approximate pointwise 95% interval; smoothing parameters treated as fixed and occurrence-magnitude cross-component covariance set to zero; not simultaneous,exploratory_time_of_day_context_not_primary_inference; standardized population prediction excluding random-effect smooths
9.25,Sedentary,107.98316558727872,78.32344558792815,148.87450319278153,0.9359538896113836,113.91064573654933,92,211,211,200,11,0.05213270142180094,9,9,Response-scale predictions give equal weight to work and free days and to each of the nine study sites,Participant and participant-day random-effect smooths are excluded,"LightLogR::symlog_trans(base = 10, thr = 1, scale = 1)",Approximate pointwise 95% interval; smoothing parameters treated as fixed and occurrence-magnitude cross-component covariance set to zero; not simultaneous,exploratory_time_of_day_context_not_primary_inference; standardized population prediction excluding random-effect smooths
9.25,Active,207.85449003124668,163.41344038302975,264.3814910504526,0.943825333072239,217.1535348170053,131,493,493,463,30,0.06085192697768762,9,9,Response-scale predictions give equal weight to work and free days and to each of the nine study sites,Participant and participant-day random-effect smooths are excluded,"LightLogR::symlog_trans(base = 10, thr = 1, scale = 1)",Approximate pointwise 95% interval; smoothing parameters treated as fixed and occurrence-magnitude cross-component covariance set to zero; not simultaneous,exploratory_time_of_day_context_not_primary_inference; standardized population prediction excluding random-effect smooths
9.5,Sedentary,121.6767378607282,88.10704522799763,168.03682949662382,0.9494874371135352,126.9122031281138,92,211,211,200,11,0.05213270142180094,9,9,Response-scale predictions give equal weight to work and free days and to each of the nine study sites,Participant and participant-day random-effect smooths are excluded,"LightLogR::symlog_trans(base = 10, thr = 1, scale = 1)",Approximate pointwise 95% interval; smoothing parameters treated as fixed and occurrence-magnitude cross-component covariance set to zero; not simultaneous,exploratory_time_of_day_context_not_primary_inference; standardized population prediction excluding random-effect smooths
9.5,Active,231.44070351903608,181.4543774547489,295.19706273685455,0.952740047371464,240.47874504166816,131,493,493,463,30,0.06085192697768762,9,9,Response-scale predictions give equal weight to work and free days and to each of the nine study sites,Participant and participant-day random-effect smooths are excluded,"LightLogR::symlog_trans(base = 10, thr = 1, scale = 1)",Approximate pointwise 95% interval; smoothing parameters treated as fixed and occurrence-magnitude cross-component covariance set to zero; not simultaneous,exploratory_time_of_day_context_not_primary_inference; standardized population prediction excluding random-effect smooths
9.75,Sedentary,136.12053905252847,98.9216252351356,187.30789256553544,0.9599274799961216,140.77140538960572,92,211,211,200,11,0.05213270142180094,9,9,Response-scale predictions give equal weight to work and free days and to each of the nine study sites,Participant and participant-day random-effect smooths are excluded,"LightLogR::symlog_trans(base = 10, thr = 1, scale = 1)",Approximate pointwise 95% interval; smoothing parameters treated as fixed and occurrence-magnitude cross-component covariance set to zero; not simultaneous,exploratory_time_of_day_context_not_primary_inference; standardized population prediction excluding random-effect smooths
9.75,Active,254.98194946712616,200.15685296693016,324.8242245535206,0.9604443895143698,263.62557946627106,131,493,493,463,30,0.06085192697768762,9,9,Response-scale predictions give equal weight to work and free days and to each of the nine study sites,Participant and participant-day random-effect smooths are excluded,"LightLogR::symlog_trans(base = 10, thr = 1, scale = 1)",Approximate pointwise 95% interval; smoothing parameters treated as fixed and occurrence-magnitude cross-component covariance set to zero; not simultaneous,exploratory_time_of_day_context_not_primary_inference; standardized population prediction excluding random-effect smooths
10,Sedentary,151.44646613228122,110.72421607454194,207.1455813109136,0.9679880208489808,155.5987309865762,92,209,209,202,7,0.03349282296650718,9,9,Response-scale predictions give equal weight to work and free days and to each of the nine study sites,Participant and participant-day random-effect smooths are excluded,"LightLogR::symlog_trans(base = 10, thr = 1, scale = 1)",Approximate pointwise 95% interval; smoothing parameters treated as fixed and occurrence-magnitude cross-component covariance set to zero; not simultaneous,exploratory_time_of_day_context_not_primary_inference; standardized population prediction excluding random-effect smooths
10,Active,278.41432522650837,219.2723769831125,353.50798654087566,0.9670804943540268,286.5284229098502,131,484,484,469,15,0.03099173553719008,9,9,Response-scale predictions give equal weight to work and free days and to each of the nine study sites,Participant and participant-day random-effect smooths are excluded,"LightLogR::symlog_trans(base = 10, thr = 1, scale = 1)",Approximate pointwise 95% interval; smoothing parameters treated as fixed and occurrence-magnitude cross-component covariance set to zero; not simultaneous,exploratory_time_of_day_context_not_primary_inference; standardized population prediction excluding random-effect smooths
10.25,Sedentary,167.60845990215196,122.98863101521556,228.41620074050425,0.9742221008511256,171.32842492452662,92,209,209,202,7,0.03349282296650718,9,9,Response-scale predictions give equal weight to work and free days and to each of the nine study sites,Participant and participant-day random-effect smooths are excluded,"LightLogR::symlog_trans(base = 10, thr = 1, scale = 1)",Approximate pointwise 95% interval; smoothing parameters treated as fixed and occurrence-magnitude cross-component covariance set to zero; not simultaneous,exploratory_time_of_day_context_not_primary_inference; standardized population prediction excluding random-effect smooths
10.25,Active,301.45643667805814,237.83264686739557,382.10054175321113,0.9727432390740072,308.927148876785,131,484,484,469,15,0.03099173553719008,9,9,Response-scale predictions give equal weight to work and free days and to each of the nine study sites,Participant and participant-day random-effect smooths are excluded,"LightLogR::symlog_trans(base = 10, thr = 1, scale = 1)",Approximate pointwise 95% interval; smoothing parameters treated as fixed and occurrence-magnitude cross-component covariance set to zero; not simultaneous,exploratory_time_of_day_context_not_primary_inference; standardized population prediction excluding random-effect smooths
10.5,Sedentary,184.4572354076888,135.12713187094127,251.79600294294724,0.9790569732588288,187.79772178388853,92,209,209,202,7,0.03349282296650718,9,9,Response-scale predictions give equal weight to work and free days and to each of the nine study sites,Participant and participant-day random-effect smooths are excluded,"LightLogR::symlog_trans(base = 10, thr = 1, scale = 1)",Approximate pointwise 95% interval; smoothing parameters treated as fixed and occurrence-magnitude cross-component covariance set to zero; not simultaneous,exploratory_time_of_day_context_not_primary_inference; standardized population prediction excluding random-effect smooths
10.5,Active,323.80129002690614,254.89329591825776,411.3379092430596,0.9775271826678544,330.54931963718036,131,484,484,469,15,0.03099173553719008,9,9,Response-scale predictions give equal weight to work and free days and to each of the nine study sites,Participant and participant-day random-effect smooths are excluded,"LightLogR::symlog_trans(base = 10, thr = 1, scale = 1)",Approximate pointwise 95% interval; smoothing parameters treated as fixed and occurrence-magnitude cross-component covariance set to zero; not simultaneous,exploratory_time_of_day_context_not_primary_inference; standardized population prediction excluding random-effect smooths
10.75,Sedentary,201.72327688665732,146.85431914820367,277.09284053691897,0.9828241856952562,204.72742866005052,92,209,209,202,7,0.03349282296650718,9,9,Response-scale predictions give equal weight to work and free days and to each of the nine study sites,Participant and participant-day random-effect smooths are excluded,"LightLogR::symlog_trans(base = 10, thr = 1, scale = 1)",Approximate pointwise 95% interval; smoothing parameters treated as fixed and occurrence-magnitude cross-component covariance set to zero; not simultaneous,exploratory_time_of_day_context_not_primary_inference; standardized population prediction excluding random-effect smooths
10.75,Active,345.1671703937351,270.1705096913878,440.982162167552,0.9815298523123696,351.1531294643381,131,484,484,469,15,0.03099173553719008,9,9,Response-scale predictions give equal weight to work and free days and to each of the nine study sites,Participant and participant-day random-effect smooths are excluded,"LightLogR::symlog_trans(base = 10, thr = 1, scale = 1)",Approximate pointwise 95% interval; smoothing parameters treated as fixed and occurrence-magnitude cross-component covariance set to zero; not simultaneous,exploratory_time_of_day_context_not_primary_inference; standardized population prediction excluding random-effect smooths
11,Sedentary,219.01416927117643,158.38489096303417,302.85216001277996,0.9857790994720927,221.7178298250971,92,208,208,207,1,0.0048076923076923,9,9,Response-scale predictions give equal weight to work and free days and to each of the nine study sites,Participant and participant-day random-effect smooths are excluded,"LightLogR::symlog_trans(base = 10, thr = 1, scale = 1)",Approximate pointwise 95% interval; smoothing parameters treated as fixed and occurrence-magnitude cross-component covariance set to zero; not simultaneous,exploratory_time_of_day_context_not_primary_inference; standardized population prediction excluding random-effect smooths
11,Active,365.364949527216,284.35551403226526,469.4529902025321,0.9848501347600104,370.5880009586098,131,484,484,478,6,0.01239669421487603,9,9,Response-scale predictions give equal weight to work and free days and to each of the nine study sites,Participant and participant-day random-effect smooths are excluded,"LightLogR::symlog_trans(base = 10, thr = 1, scale = 1)",Approximate pointwise 95% interval; smoothing parameters treated as fixed and occurrence-magnitude cross-component covariance set to zero; not simultaneous,exploratory_time_of_day_context_not_primary_inference; standardized population prediction excluding random-effect smooths
11.25,Sedentary,235.8340949525017,170.27636466689356,326.6320634156646,0.98811507616735,238.26742546914352,92,208,208,207,1,0.0048076923076923,9,9,Response-scale predictions give equal weight to work and free days and to each of the nine study sites,Participant and participant-day random-effect smooths are excluded,"LightLogR::symlog_trans(base = 10, thr = 1, scale = 1)",Approximate pointwise 95% interval; smoothing parameters treated as fixed and occurrence-magnitude cross-component covariance set to zero; not simultaneous,exploratory_time_of_day_context_not_primary_inference; standardized population prediction excluding random-effect smooths
11.25,Active,384.3757013919282,298.81337495400686,494.43797434863023,0.9875843764407156,388.86774673722346,131,484,484,478,6,0.01239669421487603,9,9,Response-scale predictions give equal weight to work and free days and to each of the nine study sites,Participant and participant-day random-effect smooths are excluded,"LightLogR::symlog_trans(base = 10, thr = 1, scale = 1)",Approximate pointwise 95% interval; smoothing parameters treated as fixed and occurrence-magnitude cross-component covariance set to zero; not simultaneous,exploratory_time_of_day_context_not_primary_inference; standardized population prediction excluding random-effect smooths
11.5,Sedentary,251.57380841607565,182.53692933478655,346.72096934911593,0.9899665092079528,253.7638054486401,92,208,208,207,1,0.0048076923076923,9,9,Response-scale predictions give equal weight to work and free days and to each of the nine study sites,Participant and participant-day random-effect smooths are excluded,"LightLogR::symlog_trans(base = 10, thr = 1, scale = 1)",Approximate pointwise 95% interval; smoothing parameters treated as fixed and occurrence-magnitude cross-component covariance set to zero; not simultaneous,exploratory_time_of_day_context_not_primary_inference; standardized population prediction excluding random-effect smooths
11.5,Active,402.2697974414823,314.16321211568817,515.0857378998977,0.9898044169248188,406.09656423161493,131,484,484,478,6,0.01239669421487603,9,9,Response-scale predictions give equal weight to work and free days and to each of the nine study sites,Participant and participant-day random-effect smooths are excluded,"LightLogR::symlog_trans(base = 10, thr = 1, scale = 1)",Approximate pointwise 95% interval; smoothing parameters treated as fixed and occurrence-magnitude cross-component covariance set to zero; not simultaneous,exploratory_time_of_day_context_not_primary_inference; standardized population prediction excluding random-effect smooths
11.75,Sedentary,265.5320312446043,193.98099473037948,363.47509051021154,0.9914231389694884,267.50466422323666,92,208,208,207,1,0.0048076923076923,9,9,Response-scale predictions give equal weight to work and free days and to each of the nine study sites,Participant and participant-day random-effect smooths are excluded,"LightLogR::symlog_trans(base = 10, thr = 1, scale = 1)",Approximate pointwise 95% interval; smoothing parameters treated as fixed and occurrence-magnitude cross-component covariance set to zero; not simultaneous,exploratory_time_of_day_context_not_primary_inference; standardized population prediction excluding random-effect smooths
11.75,Active,419.10078681597696,329.3598871733349,533.2934469258327,0.991562155531766,422.35903396971656,131,484,484,478,6,0.01239669421487603,9,9,Response-scale predictions give equal weight to work and free days and to each of the nine study sites,Participant and participant-day random-effect smooths are excluded,"LightLogR::symlog_trans(base = 10, thr = 1, scale = 1)",Approximate pointwise 95% interval; smoothing parameters treated as fixed and occurrence-magnitude cross-component covariance set to zero; not simultaneous,exploratory_time_of_day_context_not_primary_inference; standardized population prediction excluding random-effect smooths
12,Sedentary,277.04558150543807,203.16173013858955,377.79878217874665,0.9925566097159576,278.8253770358162,92,206,206,206,0,0,9,9,Response-scale predictions give equal weight to work and free days and to each of the nine study sites,Participant and participant-day random-effect smooths are excluded,"LightLogR::symlog_trans(base = 10, thr = 1, scale = 1)",Approximate pointwise 95% interval; smoothing parameters treated as fixed and occurrence-magnitude cross-component covariance set to zero; not simultaneous,exploratory_time_of_day_context_not_primary_inference; standardized population prediction excluding random-effect smooths
12,Active,435.00432886648736,343.0991862428672,551.527878001538,0.9929203457151716,437.802428186074,131,486,486,485,1,0.00205761316872428,9,9,Response-scale predictions give equal weight to work and free days and to each of the nine study sites,Participant and participant-day random-effect smooths are excluded,"LightLogR::symlog_trans(base = 10, thr = 1, scale = 1)",Approximate pointwise 95% interval; smoothing parameters treated as fixed and occurrence-magnitude cross-component covariance set to zero; not simultaneous,exploratory_time_of_day_context_not_primary_inference; standardized population prediction excluding random-effect smooths
12.25,Sedentary,285.5434328015406,209.12121264809105,389.89374145077767,0.9934247703583722,287.15312620600474,92,206,206,206,0,0,9,9,Response-scale predictions give equal weight to work and free days and to each of the nine study sites,Participant and participant-day random-effect smooths are excluded,"LightLogR::symlog_trans(base = 10, thr = 1, scale = 1)",Approximate pointwise 95% interval; smoothing parameters treated as fixed and occurrence-magnitude cross-component covariance set to zero; not simultaneous,exploratory_time_of_day_context_not_primary_inference; standardized population prediction excluding random-effect smooths
12.25,Active,450.09309236678126,354.6795410330397,571.1741681131259,0.9939422769385612,452.5379572890346,131,486,486,485,1,0.00205761316872428,9,9,Response-scale predictions give equal weight to work and free days and to each of the nine study sites,Participant and participant-day random-effect smooths are excluded,"LightLogR::symlog_trans(base = 10, thr = 1, scale = 1)",Approximate pointwise 95% interval; smoothing parameters treated as fixed and occurrence-magnitude cross-component covariance set to zero; not simultaneous,exploratory_time_of_day_context_not_primary_inference; standardized population prediction excluding random-effect smooths
12.5,Sedentary,290.5868047646467,211.8491713674445,398.5887249795641,0.9940733581020256,292.047227667633,92,206,206,206,0,0,9,9,Response-scale predictions give equal weight to work and free days and to each of the nine study sites,Participant and participant-day random-effect smooths are excluded,"LightLogR::symlog_trans(base = 10, thr = 1, scale = 1)",Approximate pointwise 95% interval; smoothing parameters treated as fixed and occurrence-magnitude cross-component covariance set to zero; not simultaneous,exploratory_time_of_day_context_not_primary_inference; standardized population prediction excluding random-effect smooths
12.5,Active,464.3846841617154,364.4684295425579,591.6922218877538,0.9946832731545596,466.5761095552375,131,486,486,485,1,0.00205761316872428,9,9,Response-scale predictions give equal weight to work and free days and to each of the nine study sites,Participant and participant-day random-effect smooths are excluded,"LightLogR::symlog_trans(base = 10, thr = 1, scale = 1)",Approximate pointwise 95% interval; smoothing parameters treated as fixed and occurrence-magnitude cross-component covariance set to zero; not simultaneous,exploratory_time_of_day_context_not_primary_inference; standardized population prediction excluding random-effect smooths
12.75,Sedentary,291.89719720951166,212.1153470244056,401.6869827385243,0.9945372187996668,293.2273455711244,92,206,206,206,0,0,9,9,Response-scale predictions give equal weight to work and free days and to each of the nine study sites,Participant and participant-day random-effect smooths are excluded,"LightLogR::symlog_trans(base = 10, thr = 1, scale = 1)",Approximate pointwise 95% interval; smoothing parameters treated as fixed and occurrence-magnitude cross-component covariance set to zero; not simultaneous,exploratory_time_of_day_context_not_primary_inference; standardized population prediction excluding random-effect smooths
12.75,Active,477.8073955765005,373.69529485680744,610.9252923697592,0.9951860046830988,479.83817949073824,131,486,486,485,1,0.00205761316872428,9,9,Response-scale predictions give equal weight to work and free days and to each of the nine study sites,Participant and participant-day random-effect smooths are excluded,"LightLogR::symlog_trans(base = 10, thr = 1, scale = 1)",Approximate pointwise 95% interval; smoothing parameters treated as fixed and occurrence-magnitude cross-component covariance set to zero; not simultaneous,exploratory_time_of_day_context_not_primary_inference; standardized population prediction excluding random-effect smooths
13,Sedentary,289.4250631357681,210.81388068768572,397.34986566297954,0.9948424761294188,290.64229576863505,90,203,203,202,1,0.00492610837438423,9,9,Response-scale predictions give equal weight to work and free days and to each of the nine study sites,Participant and participant-day random-effect smooths are excluded,"LightLogR::symlog_trans(base = 10, thr = 1, scale = 1)",Approximate pointwise 95% interval; smoothing parameters treated as fixed and occurrence-magnitude cross-component covariance set to zero; not simultaneous,exploratory_time_of_day_context_not_primary_inference; standardized population prediction excluding random-effect smooths
13,Active,490.2668282162148,383.6627122309218,626.4918512709589,0.9954802256619528,492.22582158264976,131,487,487,485,2,0.00410677618069815,9,9,Response-scale predictions give equal weight to work and free days and to each of the nine study sites,Participant and participant-day random-effect smooths are excluded,"LightLogR::symlog_trans(base = 10, thr = 1, scale = 1)",Approximate pointwise 95% interval; smoothing parameters treated as fixed and occurrence-magnitude cross-component covariance set to zero; not simultaneous,exploratory_time_of_day_context_not_primary_inference; standardized population prediction excluding random-effect smooths
13.25,Sedentary,283.89962577467696,208.13122713195511,387.2508639172241,0.995019849056601,285.01987606395,90,203,203,202,1,0.00492610837438423,9,9,Response-scale predictions give equal weight to work and free days and to each of the nine study sites,Participant and participant-day random-effect smooths are excluded,"LightLogR::symlog_trans(base = 10, thr = 1, scale = 1)",Approximate pointwise 95% interval; smoothing parameters treated as fixed and occurrence-magnitude cross-component covariance set to zero; not simultaneous,exploratory_time_of_day_context_not_primary_inference; standardized population prediction excluding random-effect smooths
13.25,Active,501.4133789032741,393.88142837980473,638.3021854505112,0.9956058981861728,503.3753841134285,131,487,487,485,2,0.00410677618069815,9,9,Response-scale predictions give equal weight to work and free days and to each of the nine study sites,Participant and participant-day random-effect smooths are excluded,"LightLogR::symlog_trans(base = 10, thr = 1, scale = 1)",Approximate pointwise 95% interval; smoothing parameters treated as fixed and occurrence-magnitude cross-component covariance set to zero; not simultaneous,exploratory_time_of_day_context_not_primary_inference; standardized population prediction excluding random-effect smooths
13.5,Sedentary,276.3913979987806,203.71184173558837,375.0012971110193,0.9950991519647372,277.4293407365502,90,203,203,202,1,0.00492610837438423,9,9,Response-scale predictions give equal weight to work and free days and to each of the nine study sites,Participant and participant-day random-effect smooths are excluded,"LightLogR::symlog_trans(base = 10, thr = 1, scale = 1)",Approximate pointwise 95% interval; smoothing parameters treated as fixed and occurrence-magnitude cross-component covariance set to zero; not simultaneous,exploratory_time_of_day_context_not_primary_inference; standardized population prediction excluding random-effect smooths
13.5,Active,510.70463689685255,402.4362064210567,648.1007970616309,0.995601140060109,512.727400274055,131,487,487,485,2,0.00410677618069815,9,9,Response-scale predictions give equal weight to work and free days and to each of the nine study sites,Participant and participant-day random-effect smooths are excluded,"LightLogR::symlog_trans(base = 10, thr = 1, scale = 1)",Approximate pointwise 95% interval; smoothing parameters treated as fixed and occurrence-magnitude cross-component covariance set to zero; not simultaneous,exploratory_time_of_day_context_not_primary_inference; standardized population prediction excluding random-effect smooths
13.75,Sedentary,267.76184611785953,197.3728228781491,363.25369010254826,0.9951033330890114,268.73105006752695,90,203,203,202,1,0.00492610837438423,9,9,Response-scale predictions give equal weight to work and free days and to each of the nine study sites,Participant and participant-day random-effect smooths are excluded,"LightLogR::symlog_trans(base = 10, thr = 1, scale = 1)",Approximate pointwise 95% interval; smoothing parameters treated as fixed and occurrence-magnitude cross-component covariance set to zero; not simultaneous,exploratory_time_of_day_context_not_primary_inference; standardized population prediction excluding random-effect smooths
13.75,Active,517.5059618028174,407.50673263184586,657.1975357850318,0.9954910793757656,519.6340730435508,131,487,487,485,2,0.00410677618069815,9,9,Response-scale predictions give equal weight to work and free days and to each of the nine study sites,Participant and participant-day random-effect smooths are excluded,"LightLogR::symlog_trans(base = 10, thr = 1, scale = 1)",Approximate pointwise 95% interval; smoothing parameters treated as fixed and occurrence-magnitude cross-component covariance set to zero; not simultaneous,exploratory_time_of_day_context_not_primary_inference; standardized population prediction excluding random-effect smooths
14,Sedentary,258.6292616267326,189.53205269453036,352.9170608276708,0.9950515240845964,259.54233110520033,92,210,210,209,1,0.00476190476190476,9,9,Response-scale predictions give equal weight to work and free days and to each of the nine study sites,Participant and participant-day random-effect smooths are excluded,"LightLogR::symlog_trans(base = 10, thr = 1, scale = 1)",Approximate pointwise 95% interval; smoothing parameters treated as fixed and occurrence-magnitude cross-component covariance set to zero; not simultaneous,exploratory_time_of_day_context_not_primary_inference; standardized population prediction excluding random-effect smooths
14,Active,521.0144438884319,408.2220519865789,664.9715502123252,0.99529443833913,523.278882893319,130,478,478,474,4,0.00836820083682008,9,9,Response-scale predictions give equal weight to work and free days and to each of the nine study sites,Participant and participant-day random-effect smooths are excluded,"LightLogR::symlog_trans(base = 10, thr = 1, scale = 1)",Approximate pointwise 95% interval; smoothing parameters treated as fixed and occurrence-magnitude cross-component covariance set to zero; not simultaneous,exploratory_time_of_day_context_not_primary_inference; standardized population prediction excluding random-effect smooths
14.25,Sedentary,249.39790094393507,181.21770267550033,343.2297842701316,0.9949611319913686,250.26661966121952,92,210,210,209,1,0.00476190476190476,9,9,Response-scale predictions give equal weight to work and free days and to each of the nine study sites,Participant and participant-day random-effect smooths are excluded,"LightLogR::symlog_trans(base = 10, thr = 1, scale = 1)",Approximate pointwise 95% interval; smoothing parameters treated as fixed and occurrence-magnitude cross-component covariance set to zero; not simultaneous,exploratory_time_of_day_context_not_primary_inference; standardized population prediction excluding random-effect smooths
14.25,Active,520.268718831427,404.9705106856384,668.3932104987555,0.9950283810106286,522.6831486981996,130,478,478,474,4,0.00836820083682008,9,9,Response-scale predictions give equal weight to work and free days and to each of the nine study sites,Participant and participant-day random-effect smooths are excluded,"LightLogR::symlog_trans(base = 10, thr = 1, scale = 1)",Approximate pointwise 95% interval; smoothing parameters treated as fixed and occurrence-magnitude cross-component covariance set to zero; not simultaneous,exploratory_time_of_day_context_not_primary_inference; standardized population prediction excluding random-effect smooths
14.5,Sedentary,240.31657931428924,173.65293918186637,332.57172936668513,0.99484903766837,241.1520631318509,92,210,210,209,1,0.00476190476190476,9,9,Response-scale predictions give equal weight to work and free days and to each of the nine study sites,Participant and participant-day random-effect smooths are excluded,"LightLogR::symlog_trans(base = 10, thr = 1, scale = 1)",Approximate pointwise 95% interval; smoothing parameters treated as fixed and occurrence-magnitude cross-component covariance set to zero; not simultaneous,exploratory_time_of_day_context_not_primary_inference; standardized population prediction excluding random-effect smooths
14.5,Active,514.2624058311651,398.86807244757176,663.0408406178461,0.994712231192268,516.8175992760943,130,478,478,474,4,0.00836820083682008,9,9,Response-scale predictions give equal weight to work and free days and to each of the nine study sites,Participant and participant-day random-effect smooths are excluded,"LightLogR::symlog_trans(base = 10, thr = 1, scale = 1)",Approximate pointwise 95% interval; smoothing parameters treated as fixed and occurrence-magnitude cross-component covariance set to zero; not simultaneous,exploratory_time_of_day_context_not_primary_inference; standardized population prediction excluding random-effect smooths
14.75,Sedentary,231.4383280285025,167.46371069115463,319.8525785649988,0.9947289220835696,232.25088562484063,92,210,210,209,1,0.00476190476190476,9,9,Response-scale predictions give equal weight to work and free days and to each of the nine study sites,Participant and participant-day random-effect smooths are excluded,"LightLogR::symlog_trans(base = 10, thr = 1, scale = 1)",Approximate pointwise 95% interval; smoothing parameters treated as fixed and occurrence-magnitude cross-component covariance set to zero; not simultaneous,exploratory_time_of_day_context_not_primary_inference; standardized population prediction excluding random-effect smooths
14.75,Active,502.405255342478,390.6111084825503,646.1952441043201,0.9943642698295938,505.0693026240773,130,478,478,474,4,0.00836820083682008,9,9,Response-scale predictions give equal weight to work and free days and to each of the nine study sites,Participant and participant-day random-effect smooths are excluded,"LightLogR::symlog_trans(base = 10, thr = 1, scale = 1)",Approximate pointwise 95% interval; smoothing parameters treated as fixed and occurrence-magnitude cross-component covariance set to zero; not simultaneous,exploratory_time_of_day_context_not_primary_inference; standardized population prediction excluding random-effect smooths
15,Sedentary,222.4141074087632,161.74802733821585,305.833931878495,0.994601454628362,223.2123179805094,92,207,207,205,2,0.00966183574879227,9,9,Response-scale predictions give equal weight to work and free days and to each of the nine study sites,Participant and participant-day random-effect smooths are excluded,"LightLogR::symlog_trans(base = 10, thr = 1, scale = 1)",Approximate pointwise 95% interval; smoothing parameters treated as fixed and occurrence-magnitude cross-component covariance set to zero; not simultaneous,exploratory_time_of_day_context_not_primary_inference; standardized population prediction excluding random-effect smooths
15,Active,485.4380729265432,379.50447213527224,620.9416224287326,0.9939823483539354,488.1771245146013,130,476,476,471,5,0.01050420168067227,9,9,Response-scale predictions give equal weight to work and free days and to each of the nine study sites,Participant and participant-day random-effect smooths are excluded,"LightLogR::symlog_trans(base = 10, thr = 1, scale = 1)",Approximate pointwise 95% interval; smoothing parameters treated as fixed and occurrence-magnitude cross-component covariance set to zero; not simultaneous,exploratory_time_of_day_context_not_primary_inference; standardized population prediction excluding random-effect smooths
15.25,Sedentary,212.92449772574616,155.3594503638007,291.81901471456905,0.9944623708703813,213.7153367815652,92,207,207,205,2,0.00966183574879227,9,9,Response-scale predictions give equal weight to work and free days and to each of the nine study sites,Participant and participant-day random-effect smooths are excluded,"LightLogR::symlog_trans(base = 10, thr = 1, scale = 1)",Approximate pointwise 95% interval; smoothing parameters treated as fixed and occurrence-magnitude cross-component covariance set to zero; not simultaneous,exploratory_time_of_day_context_not_primary_inference; standardized population prediction excluding random-effect smooths
15.25,Active,464.5630829591552,364.6760661228386,591.8097678936186,0.9935572588323268,467.3493272379529,130,476,476,471,5,0.01050420168067227,9,9,Response-scale predictions give equal weight to work and free days and to each of the nine study sites,Participant and participant-day random-effect smooths are excluded,"LightLogR::symlog_trans(base = 10, thr = 1, scale = 1)",Approximate pointwise 95% interval; smoothing parameters treated as fixed and occurrence-magnitude cross-component covariance set to zero; not simultaneous,exploratory_time_of_day_context_not_primary_inference; standardized population prediction excluding random-effect smooths
15.5,Sedentary,202.77167603081685,147.68628401299858,278.40332550264264,0.9943051785871267,203.5608475755036,92,207,207,205,2,0.00966183574879227,9,9,Response-scale predictions give equal weight to work and free days and to each of the nine study sites,Participant and participant-day random-effect smooths are excluded,"LightLogR::symlog_trans(base = 10, thr = 1, scale = 1)",Approximate pointwise 95% interval; smoothing parameters treated as fixed and occurrence-magnitude cross-component covariance set to zero; not simultaneous,exploratory_time_of_day_context_not_primary_inference; standardized population prediction excluding random-effect smooths
15.5,Active,441.0081826318011,346.1904897524852,561.7953782822194,0.9930777175081624,443.82175527671006,130,476,476,471,5,0.01050420168067227,9,9,Response-scale predictions give equal weight to work and free days and to each of the nine study sites,Participant and participant-day random-effect smooths are excluded,"LightLogR::symlog_trans(base = 10, thr = 1, scale = 1)",Approximate pointwise 95% interval; smoothing parameters treated as fixed and occurrence-magnitude cross-component covariance set to zero; not simultaneous,exploratory_time_of_day_context_not_primary_inference; standardized population prediction excluding random-effect smooths
15.75,Sedentary,191.85553667812596,138.88171708288405,265.03522369387593,0.9941208050057644,192.6477103588057,92,207,207,205,2,0.00966183574879227,9,9,Response-scale predictions give equal weight to work and free days and to each of the nine study sites,Participant and participant-day random-effect smooths are excluded,"LightLogR::symlog_trans(base = 10, thr = 1, scale = 1)",Approximate pointwise 95% interval; smoothing parameters treated as fixed and occurrence-magnitude cross-component covariance set to zero; not simultaneous,exploratory_time_of_day_context_not_primary_inference; standardized population prediction excluding random-effect smooths
15.75,Active,415.8921458068589,325.3515599411979,531.628853954456,0.992529848760032,418.72202402024794,130,476,476,471,5,0.01050420168067227,9,9,Response-scale predictions give equal weight to work and free days and to each of the nine study sites,Participant and participant-day random-effect smooths are excluded,"LightLogR::symlog_trans(base = 10, thr = 1, scale = 1)",Approximate pointwise 95% interval; smoothing parameters treated as fixed and occurrence-magnitude cross-component covariance set to zero; not simultaneous,exploratory_time_of_day_context_not_primary_inference; standardized population prediction excluding random-effect smooths
16,Sedentary,180.15641063757508,129.6276358922749,250.38127148123684,0.9938970704653556,180.95539197383775,90,202,202,201,1,0.00495049504950495,9,9,Response-scale predictions give equal weight to work and free days and to each of the nine study sites,Participant and participant-day random-effect smooths are excluded,"LightLogR::symlog_trans(base = 10, thr = 1, scale = 1)",Approximate pointwise 95% interval; smoothing parameters treated as fixed and occurrence-magnitude cross-component covariance set to zero; not simultaneous,exploratory_time_of_day_context_not_primary_inference; standardized population prediction excluding random-effect smooths
16,Active,390.146169258895,304.1337910011574,500.4837932882339,0.9918964858363796,392.9903074350684,129,468,468,463,5,0.01068376068376068,9,9,Response-scale predictions give equal weight to work and free days and to each of the nine study sites,Participant and participant-day random-effect smooths are excluded,"LightLogR::symlog_trans(base = 10, thr = 1, scale = 1)",Approximate pointwise 95% interval; smoothing parameters treated as fixed and occurrence-magnitude cross-component covariance set to zero; not simultaneous,exploratory_time_of_day_context_not_primary_inference; standardized population prediction excluding random-effect smooths
16.25,Sedentary,167.72406706222648,120.62310551942508,233.21703209974132,0.993617975240208,168.53291899890394,90,202,202,201,1,0.00495049504950495,9,9,Response-scale predictions give equal weight to work and free days and to each of the nine study sites,Participant and participant-day random-effect smooths are excluded,"LightLogR::symlog_trans(base = 10, thr = 1, scale = 1)",Approximate pointwise 95% interval; smoothing parameters treated as fixed and occurrence-magnitude cross-component covariance set to zero; not simultaneous,exploratory_time_of_day_context_not_primary_inference; standardized population prediction excluding random-effect smooths
16.25,Active,364.47847545224016,284.24077522414154,467.3662987417373,0.9911564480822525,367.3433540084473,129,468,468,463,5,0.01068376068376068,9,9,Response-scale predictions give equal weight to work and free days and to each of the nine study sites,Participant and participant-day random-effect smooths are excluded,"LightLogR::symlog_trans(base = 10, thr = 1, scale = 1)",Approximate pointwise 95% interval; smoothing parameters treated as fixed and occurrence-magnitude cross-component covariance set to zero; not simultaneous,exploratory_time_of_day_context_not_primary_inference; standardized population prediction excluding random-effect smooths
16.5,Sedentary,154.8023102607201,112.010232922969,213.94255361058364,0.99326535281358,155.62340883547046,90,202,202,201,1,0.00495049504950495,9,9,Response-scale predictions give equal weight to work and free days and to each of the nine study sites,Participant and participant-day random-effect smooths are excluded,"LightLogR::symlog_trans(base = 10, thr = 1, scale = 1)",Approximate pointwise 95% interval; smoothing parameters treated as fixed and occurrence-magnitude cross-component covariance set to zero; not simultaneous,exploratory_time_of_day_context_not_primary_inference; standardized population prediction excluding random-effect smooths
16.5,Active,338.9664215149224,265.6845667200487,432.4610809467907,0.9902976745919194,341.8573593639967,129,468,468,463,5,0.01068376068376068,9,9,Response-scale predictions give equal weight to work and free days and to each of the nine study sites,Participant and participant-day random-effect smooths are excluded,"LightLogR::symlog_trans(base = 10, thr = 1, scale = 1)",Approximate pointwise 95% interval; smoothing parameters treated as fixed and occurrence-magnitude cross-component covariance set to zero; not simultaneous,exploratory_time_of_day_context_not_primary_inference; standardized population prediction excluding random-effect smooths
16.75,Sedentary,141.8285283059197,103.3907121592354,194.5564647087719,0.992824255230068,142.66323690960047,90,202,202,201,1,0.00495049504950495,9,9,Response-scale predictions give equal weight to work and free days and to each of the nine study sites,Participant and participant-day random-effect smooths are excluded,"LightLogR::symlog_trans(base = 10, thr = 1, scale = 1)",Approximate pointwise 95% interval; smoothing parameters treated as fixed and occurrence-magnitude cross-component covariance set to zero; not simultaneous,exploratory_time_of_day_context_not_primary_inference; standardized population prediction excluding random-effect smooths
16.75,Active,313.0650796115013,246.81967648499804,397.0904810667017,0.9893313188457182,315.97161265728647,129,468,468,463,5,0.01068376068376068,9,9,Response-scale predictions give equal weight to work and free days and to each of the nine study sites,Participant and participant-day random-effect smooths are excluded,"LightLogR::symlog_trans(base = 10, thr = 1, scale = 1)",Approximate pointwise 95% interval; smoothing parameters treated as fixed and occurrence-magnitude cross-component covariance set to zero; not simultaneous,exploratory_time_of_day_context_not_primary_inference; standardized population prediction excluding random-effect smooths
17,Sedentary,129.16790916621534,94.50229190009247,176.5496732715254,0.9922854927016898,130.01594606174754,91,202,202,199,3,0.01485148514851485,9,9,Response-scale predictions give equal weight to work and free days and to each of the nine study sites,Participant and participant-day random-effect smooths are excluded,"LightLogR::symlog_trans(base = 10, thr = 1, scale = 1)",Approximate pointwise 95% interval; smoothing parameters treated as fixed and occurrence-magnitude cross-component covariance set to zero; not simultaneous,exploratory_time_of_day_context_not_primary_inference; standardized population prediction excluding random-effect smooths
17,Active,286.41551710261524,226.43962592866723,362.2769120056784,0.9882787673338038,289.3103816115763,130,466,466,457,9,0.01931330472103004,9,9,Response-scale predictions give equal weight to work and free days and to each of the nine study sites,Participant and participant-day random-effect smooths are excluded,"LightLogR::symlog_trans(base = 10, thr = 1, scale = 1)",Approximate pointwise 95% interval; smoothing parameters treated as fixed and occurrence-magnitude cross-component covariance set to zero; not simultaneous,exploratory_time_of_day_context_not_primary_inference; standardized population prediction excluding random-effect smooths
17.25,Sedentary,117.09096591640488,85.47390233158713,160.40328012694482,0.9916496055631264,117.94977748639285,91,202,202,199,3,0.01485148514851485,9,9,Response-scale predictions give equal weight to work and free days and to each of the nine study sites,Participant and participant-day random-effect smooths are excluded,"LightLogR::symlog_trans(base = 10, thr = 1, scale = 1)",Approximate pointwise 95% interval; smoothing parameters treated as fixed and occurrence-magnitude cross-component covariance set to zero; not simultaneous,exploratory_time_of_day_context_not_primary_inference; standardized population prediction excluding random-effect smooths
17.25,Active,258.9086476540743,204.3407203929334,328.0486028490082,0.9871719922138464,261.7491837876297,130,466,466,457,9,0.01931330472103004,9,9,Response-scale predictions give equal weight to work and free days and to each of the nine study sites,Participant and participant-day random-effect smooths are excluded,"LightLogR::symlog_trans(base = 10, thr = 1, scale = 1)",Approximate pointwise 95% interval; smoothing parameters treated as fixed and occurrence-magnitude cross-component covariance set to zero; not simultaneous,exploratory_time_of_day_context_not_primary_inference; standardized population prediction excluding random-effect smooths
17.5,Sedentary,105.78194101417144,76.76406286008812,145.76897870974412,0.9909313467188436,106.6462078633394,91,202,202,199,3,0.01485148514851485,9,9,Response-scale predictions give equal weight to work and free days and to each of the nine study sites,Participant and participant-day random-effect smooths are excluded,"LightLogR::symlog_trans(base = 10, thr = 1, scale = 1)",Approximate pointwise 95% interval; smoothing parameters treated as fixed and occurrence-magnitude cross-component covariance set to zero; not simultaneous,exploratory_time_of_day_context_not_primary_inference; standardized population prediction excluding random-effect smooths
17.5,Active,230.6753962691879,181.240225594404,293.5945277569208,0.9860544227782598,233.406919693586,130,466,466,457,9,0.01931330472103004,9,9,Response-scale predictions give equal weight to work and free days and to each of the nine study sites,Participant and participant-day random-effect smooths are excluded,"LightLogR::symlog_trans(base = 10, thr = 1, scale = 1)",Approximate pointwise 95% interval; smoothing parameters treated as fixed and occurrence-magnitude cross-component covariance set to zero; not simultaneous,exploratory_time_of_day_context_not_primary_inference; standardized population prediction excluding random-effect smooths
17.75,Sedentary,95.3524841865811,68.88572930685993,131.98809582243584,0.990163517787961,96.2138900147576,91,202,202,199,3,0.01485148514851485,9,9,Response-scale predictions give equal weight to work and free days and to each of the nine study sites,Participant and participant-day random-effect smooths are excluded,"LightLogR::symlog_trans(base = 10, thr = 1, scale = 1)",Approximate pointwise 95% interval; smoothing parameters treated as fixed and occurrence-magnitude cross-component covariance set to zero; not simultaneous,exploratory_time_of_day_context_not_primary_inference; standardized population prediction excluding random-effect smooths
17.75,Active,202.06375736972387,158.22219527298012,258.0533152882074,0.9849800706308572,204.62525601469832,130,466,466,457,9,0.01931330472103004,9,9,Response-scale predictions give equal weight to work and free days and to each of the nine study sites,Participant and participant-day random-effect smooths are excluded,"LightLogR::symlog_trans(base = 10, thr = 1, scale = 1)",Approximate pointwise 95% interval; smoothing parameters treated as fixed and occurrence-magnitude cross-component covariance set to zero; not simultaneous,exploratory_time_of_day_context_not_primary_inference; standardized population prediction excluding random-effect smooths
18,Sedentary,85.84627576861779,62.124050854154945,118.62689187224312,0.989394807719358,86.69388033769081,92,207,207,203,4,0.01932367149758454,9,9,Response-scale predictions give equal weight to work and free days and to each of the nine study sites,Participant and participant-day random-effect smooths are excluded,"LightLogR::symlog_trans(base = 10, thr = 1, scale = 1)",Approximate pointwise 95% interval; smoothing parameters treated as fixed and occurrence-magnitude cross-component covariance set to zero; not simultaneous,exploratory_time_of_day_context_not_primary_inference; standardized population prediction excluding random-effect smooths
18,Active,173.6539217013588,136.16006334328378,221.47231561014928,0.9840056500599588,175.98722756224316,130,461,461,449,12,0.02603036876355748,9,9,Response-scale predictions give equal weight to work and free days and to each of the nine study sites,Participant and participant-day random-effect smooths are excluded,"LightLogR::symlog_trans(base = 10, thr = 1, scale = 1)",Approximate pointwise 95% interval; smoothing parameters treated as fixed and occurrence-magnitude cross-component covariance set to zero; not simultaneous,exploratory_time_of_day_context_not_primary_inference; standardized population prediction excluding random-effect smooths
18.25,Sedentary,77.15520356693474,56.20569436490028,105.91320870101494,0.9886419262766772,77.978526386662793,92,207,207,203,4,0.01932367149758454,9,9,Response-scale predictions give equal weight to work and free days and to each of the nine study sites,Participant and participant-day random-effect smooths are excluded,"LightLogR::symlog_trans(base = 10, thr = 1, scale = 1)",Approximate pointwise 95% interval; smoothing parameters treated as fixed and occurrence-magnitude cross-component covariance set to zero; not simultaneous,exploratory_time_of_day_context_not_primary_inference; standardized population prediction excluding random-effect smooths
18.25,Active,146.6528163508243,115.57098925457592,186.09383446786612,0.9831332731371908,148.7252080970049,130,461,461,449,12,0.02603036876355748,9,9,Response-scale predictions give equal weight to work and free days and to each of the nine study sites,Participant and participant-day random-effect smooths are excluded,"LightLogR::symlog_trans(base = 10, thr = 1, scale = 1)",Approximate pointwise 95% interval; smoothing parameters treated as fixed and occurrence-magnitude cross-component covariance set to zero; not simultaneous,exploratory_time_of_day_context_not_primary_inference; standardized population prediction excluding random-effect smooths
18.5,Sedentary,69.12770863231484,50.67138626095823,94.3064805084306,0.987883599925722,69.91885339452674,92,207,207,203,4,0.01932367149758454,9,9,Response-scale predictions give equal weight to work and free days and to each of the nine study sites,Participant and participant-day random-effect smooths are excluded,"LightLogR::symlog_trans(base = 10, thr = 1, scale = 1)",Approximate pointwise 95% interval; smoothing parameters treated as fixed and occurrence-magnitude cross-component covariance set to zero; not simultaneous,exploratory_time_of_day_context_not_primary_inference; standardized population prediction excluding random-effect smooths
18.5,Active,122.18906296301368,96.73593524180784,154.3394093462667,0.9823224462687768,123.99816412934062,130,461,461,449,12,0.02603036876355748,9,9,Response-scale predictions give equal weight to work and free days and to each of the nine study sites,Participant and participant-day random-effect smooths are excluded,"LightLogR::symlog_trans(base = 10, thr = 1, scale = 1)",Approximate pointwise 95% interval; smoothing parameters treated as fixed and occurrence-magnitude cross-component covariance set to zero; not simultaneous,exploratory_time_of_day_context_not_primary_inference; standardized population prediction excluding random-effect smooths
18.75,Sedentary,61.657192665162825,45.26697951604624,83.98195435154702,0.98708173895788,62.41106387944171,92,207,207,203,4,0.01932367149758454,9,9,Response-scale predictions give equal weight to work and free days and to each of the nine study sites,Participant and participant-day random-effect smooths are excluded,"LightLogR::symlog_trans(base = 10, thr = 1, scale = 1)",Approximate pointwise 95% interval; smoothing parameters treated as fixed and occurrence-magnitude cross-component covariance set to zero; not simultaneous,exploratory_time_of_day_context_not_primary_inference; standardized population prediction excluding random-effect smooths
18.75,Active,100.8402281258292,79.90662950653679,127.25792179280216,0.9815280717241636,102.40347911063296,130,461,461,449,12,0.02603036876355748,9,9,Response-scale predictions give equal weight to work and free days and to each of the nine study sites,Participant and participant-day random-effect smooths are excluded,"LightLogR::symlog_trans(base = 10, thr = 1, scale = 1)",Approximate pointwise 95% interval; smoothing parameters treated as fixed and occurrence-magnitude cross-component covariance set to zero; not simultaneous,exploratory_time_of_day_context_not_primary_inference; standardized population prediction excluding random-effect smooths
19,Sedentary,54.67348810909037,39.990283915246536,74.74791397705472,0.9861808935774578,55.387745841587154,91,208,208,205,3,0.01442307692307692,9,9,Response-scale predictions give equal weight to work and free days and to each of the nine study sites,Participant and participant-day random-effect smooths are excluded,"LightLogR::symlog_trans(base = 10, thr = 1, scale = 1)",Approximate pointwise 95% interval; smoothing parameters treated as fixed and occurrence-magnitude cross-component covariance set to zero; not simultaneous,exploratory_time_of_day_context_not_primary_inference; standardized population prediction excluding random-effect smooths
19,Active,82.75808221385594,65.36370446347166,104.78139554564008,0.9807056640928972,84.10335960527742,129,457,457,444,13,0.02844638949671772,9,9,Response-scale predictions give equal weight to work and free days and to each of the nine study sites,Participant and participant-day random-effect smooths are excluded,"LightLogR::symlog_trans(base = 10, thr = 1, scale = 1)",Approximate pointwise 95% interval; smoothing parameters treated as fixed and occurrence-magnitude cross-component covariance set to zero; not simultaneous,exploratory_time_of_day_context_not_primary_inference; standardized population prediction excluding random-effect smooths
19.25,Sedentary,48.13582087671995,35.00386010780059,66.19433526302186,0.9851054604158468,48.81068098771714,91,208,208,205,3,0.01442307692307692,9,9,Response-scale predictions give equal weight to work and free days and to each of the nine study sites,Participant and participant-day random-effect smooths are excluded,"LightLogR::symlog_trans(base = 10, thr = 1, scale = 1)",Approximate pointwise 95% interval; smoothing parameters treated as fixed and occurrence-magnitude cross-component covariance set to zero; not simultaneous,exploratory_time_of_day_context_not_primary_inference; standardized population prediction excluding random-effect smooths
19.25,Active,67.8086546009814,53.29265656066976,86.27855947771526,0.979813718560579,68.96761217717146,129,457,457,444,13,0.02844638949671772,9,9,Response-scale predictions give equal weight to work and free days and to each of the nine study sites,Participant and participant-day random-effect smooths are excluded,"LightLogR::symlog_trans(base = 10, thr = 1, scale = 1)",Approximate pointwise 95% interval; smoothing parameters treated as fixed and occurrence-magnitude cross-component covariance set to zero; not simultaneous,exploratory_time_of_day_context_not_primary_inference; standardized population prediction excluding random-effect smooths
19.5,Sedentary,42.02716745756763,30.479049766241577,57.95071756018968,0.9837534770650932,42.665135947691745,91,208,208,205,3,0.01442307692307692,9,9,Response-scale predictions give equal weight to work and free days and to each of the nine study sites,Participant and participant-day random-effect smooths are excluded,"LightLogR::symlog_trans(base = 10, thr = 1, scale = 1)",Approximate pointwise 95% interval; smoothing parameters treated as fixed and occurrence-magnitude cross-component covariance set to zero; not simultaneous,exploratory_time_of_day_context_not_primary_inference; standardized population prediction excluding random-effect smooths
19.5,Active,55.693736836358354,43.659503794241594,71.045065867346,0.9788135831667708,56.697876988044,129,457,457,444,13,0.02844638949671772,9,9,Response-scale predictions give equal weight to work and free days and to each of the nine study sites,Participant and participant-day random-effect smooths are excluded,"LightLogR::symlog_trans(base = 10, thr = 1, scale = 1)",Approximate pointwise 95% interval; smoothing parameters treated as fixed and occurrence-magnitude cross-component covariance set to zero; not simultaneous,exploratory_time_of_day_context_not_primary_inference; standardized population prediction excluding random-effect smooths
19.75,Sedentary,36.38099761636481,26.477864945355353,49.988055694578165,0.9819942405521948,36.98694366635689,91,208,208,205,3,0.01442307692307692,9,9,Response-scale predictions give equal weight to work and free days and to each of the nine study sites,Participant and participant-day random-effect smooths are excluded,"LightLogR::symlog_trans(base = 10, thr = 1, scale = 1)",Approximate pointwise 95% interval; smoothing parameters treated as fixed and occurrence-magnitude cross-component covariance set to zero; not simultaneous,exploratory_time_of_day_context_not_primary_inference; standardized population prediction excluding random-effect smooths
19.75,Active,46.01403903049532,36.153579934859486,58.563821113008025,0.9776560798913996,46.89281828347453,129,457,457,444,13,0.02844638949671772,9,9,Response-scale predictions give equal weight to work and free days and to each of the nine study sites,Participant and participant-day random-effect smooths are excluded,"LightLogR::symlog_trans(base = 10, thr = 1, scale = 1)",Approximate pointwise 95% interval; smoothing parameters treated as fixed and occurrence-magnitude cross-component covariance set to zero; not simultaneous,exploratory_time_of_day_context_not_primary_inference; standardized population prediction excluding random-effect smooths
20,Sedentary,31.332091242724996,22.942979354630317,42.78868609295589,0.9796855848350304,31.914162445514044,86,201,201,197,4,0.01990049751243781,9,9,Response-scale predictions give equal weight to work and free days and to each of the nine study sites,Participant and participant-day random-effect smooths are excluded,"LightLogR::symlog_trans(base = 10, thr = 1, scale = 1)",Approximate pointwise 95% interval; smoothing parameters treated as fixed and occurrence-magnitude cross-component covariance set to zero; not simultaneous,exploratory_time_of_day_context_not_primary_inference; standardized population prediction excluding random-effect smooths
20,Active,38.2807699027942,30.207938981237383,48.511000543958566,0.9762367423275344,39.060982106999234,128,460,460,446,14,0.03043478260869565,9,9,Response-scale predictions give equal weight to work and free days and to each of the nine study sites,Participant and participant-day random-effect smooths are excluded,"LightLogR::symlog_trans(base = 10, thr = 1, scale = 1)",Approximate pointwise 95% interval; smoothing parameters treated as fixed and occurrence-magnitude cross-component covariance set to zero; not simultaneous,exploratory_time_of_day_context_not_primary_inference; standardized population prediction excluding random-effect smooths
20.25,Sedentary,26.959104623858067,19.80792604461404,36.69204542076465,0.976639663258762,27.528567257616988,86,201,201,197,4,0.01990049751243781,9,9,Response-scale predictions give equal weight to work and free days and to each of the nine study sites,Participant and participant-day random-effect smooths are excluded,"LightLogR::symlog_trans(base = 10, thr = 1, scale = 1)",Approximate pointwise 95% interval; smoothing parameters treated as fixed and occurrence-magnitude cross-component covariance set to zero; not simultaneous,exploratory_time_of_day_context_not_primary_inference; standardized population prediction excluding random-effect smooths
20.25,Active,32.079331735560686,25.372047752400626,40.559734659287905,0.9744053538176816,32.78552610780468,128,460,460,446,14,0.03043478260869565,9,9,Response-scale predictions give equal weight to work and free days and to each of the nine study sites,Participant and participant-day random-effect smooths are excluded,"LightLogR::symlog_trans(base = 10, thr = 1, scale = 1)",Approximate pointwise 95% interval; smoothing parameters treated as fixed and occurrence-magnitude cross-component covariance set to zero; not simultaneous,exploratory_time_of_day_context_not_primary_inference; standardized population prediction excluding random-effect smooths
20.5,Sedentary,23.2685470738215,17.0587621938333,31.73883759997376,0.9725928998724606,23.839713290629483,86,201,201,197,4,0.01990049751243781,9,9,Response-scale predictions give equal weight to work and free days and to each of the nine study sites,Participant and participant-day random-effect smooths are excluded,"LightLogR::symlog_trans(base = 10, thr = 1, scale = 1)",Approximate pointwise 95% interval; smoothing parameters treated as fixed and occurrence-magnitude cross-component covariance set to zero; not simultaneous,exploratory_time_of_day_context_not_primary_inference; standardized population prediction excluding random-effect smooths
20.5,Active,27.08397691472903,21.377665130116764,34.31346693162315,0.971957628694722,27.739066233326923,128,460,460,446,14,0.03043478260869565,9,9,Response-scale predictions give equal weight to work and free days and to each of the nine study sites,Participant and participant-day random-effect smooths are excluded,"LightLogR::symlog_trans(base = 10, thr = 1, scale = 1)",Approximate pointwise 95% interval; smoothing parameters treated as fixed and occurrence-magnitude cross-component covariance set to zero; not simultaneous,exploratory_time_of_day_context_not_primary_inference; standardized population prediction excluding random-effect smooths
20.75,Sedentary,20.22127043645145,14.72514058835534,27.768819972249645,0.9671741354525026,20.81205152947259,86,201,201,197,4,0.01990049751243781,9,9,Response-scale predictions give equal weight to work and free days and to each of the nine study sites,Participant and participant-day random-effect smooths are excluded,"LightLogR::symlog_trans(base = 10, thr = 1, scale = 1)",Approximate pointwise 95% interval; smoothing parameters treated as fixed and occurrence-magnitude cross-component covariance set to zero; not simultaneous,exploratory_time_of_day_context_not_primary_inference; standardized population prediction excluding random-effect smooths
20.75,Active,23.03778009404635,18.08543386874949,29.346230536317016,0.968605707575864,23.66387973711818,128,460,460,446,14,0.03043478260869565,9,9,Response-scale predictions give equal weight to work and free days and to each of the nine study sites,Participant and participant-day random-effect smooths are excluded,"LightLogR::symlog_trans(base = 10, thr = 1, scale = 1)",Approximate pointwise 95% interval; smoothing parameters treated as fixed and occurrence-magnitude cross-component covariance set to zero; not simultaneous,exploratory_time_of_day_context_not_primary_inference; standardized population prediction excluding random-effect smooths
21,Sedentary,17.75411129292646,12.837267676504842,24.554171163582033,0.9598603370906048,18.387390537473788,85,199,199,188,11,0.05527638190954774,9,9,Response-scale predictions give equal weight to work and free days and to each of the nine study sites,Participant and participant-day random-effect smooths are excluded,"LightLogR::symlog_trans(base = 10, thr = 1, scale = 1)",Approximate pointwise 95% interval; smoothing parameters treated as fixed and occurrence-magnitude cross-component covariance set to zero; not simultaneous,exploratory_time_of_day_context_not_primary_inference; standardized population prediction excluding random-effect smooths
21,Active,19.737659772264703,15.41251572654469,25.276549279668743,0.9639288075972892,20.357312549824343,129,475,475,444,31,0.06526315789473684,9,9,Response-scale predictions give equal weight to work and free days and to each of the nine study sites,Participant and participant-day random-effect smooths are excluded,"LightLogR::symlog_trans(base = 10, thr = 1, scale = 1)",Approximate pointwise 95% interval; smoothing parameters treated as fixed and occurrence-magnitude cross-component covariance set to zero; not simultaneous,exploratory_time_of_day_context_not_primary_inference; standardized population prediction excluding random-effect smooths
21.25,Sedentary,15.794805705659572,11.39021765590388,21.902644428416668,0.9499194200260846,16.50088567887684,85,199,199,188,11,0.05527638190954774,9,9,Response-scale predictions give equal weight to work and free days and to each of the nine study sites,Participant and participant-day random-effect smooths are excluded,"LightLogR::symlog_trans(base = 10, thr = 1, scale = 1)",Approximate pointwise 95% interval; smoothing parameters treated as fixed and occurrence-magnitude cross-component covariance set to zero; not simultaneous,exploratory_time_of_day_context_not_primary_inference; standardized population prediction excluding random-effect smooths
21.25,Active,17.022569443602467,13.275780197275804,21.826805367094657,0.9572942396907046,17.660480598991224,129,475,475,444,31,0.06526315789473684,9,9,Response-scale predictions give equal weight to work and free days and to each of the nine study sites,Participant and participant-day random-effect smooths are excluded,"LightLogR::symlog_trans(base = 10, thr = 1, scale = 1)",Approximate pointwise 95% interval; smoothing parameters treated as fixed and occurrence-magnitude cross-component covariance set to zero; not simultaneous,exploratory_time_of_day_context_not_primary_inference; standardized population prediction excluding random-effect smooths
21.5,Sedentary,14.23953622968117,10.289235811695658,19.70645786987627,0.9364787055993052,15.056367541803205,85,199,199,188,11,0.05527638190954774,9,9,Response-scale predictions give equal weight to work and free days and to each of the nine study sites,Participant and participant-day random-effect smooths are excluded,"LightLogR::symlog_trans(base = 10, thr = 1, scale = 1)",Approximate pointwise 95% interval; smoothing parameters treated as fixed and occurrence-magnitude cross-component covariance set to zero; not simultaneous,exploratory_time_of_day_context_not_primary_inference; standardized population prediction excluding random-effect smooths
21.5,Active,14.759656525990346,11.543965430234197,18.871111671441483,0.9478999856216176,15.44260157002079,129,475,475,444,31,0.06526315789473684,9,9,Response-scale predictions give equal weight to work and free days and to each of the nine study sites,Participant and participant-day random-effect smooths are excluded,"LightLogR::symlog_trans(base = 10, thr = 1, scale = 1)",Approximate pointwise 95% interval; smoothing parameters treated as fixed and occurrence-magnitude cross-component covariance set to zero; not simultaneous,exploratory_time_of_day_context_not_primary_inference; standardized population prediction excluding random-effect smooths
21.75,Sedentary,12.95870390895562,9.376111849883076,17.91019664532647,0.9187175189280798,13.928645239692848,85,199,199,188,11,0.05527638190954774,9,9,Response-scale predictions give equal weight to work and free days and to each of the nine study sites,Participant and participant-day random-effect smooths are excluded,"LightLogR::symlog_trans(base = 10, thr = 1, scale = 1)",Approximate pointwise 95% interval; smoothing parameters treated as fixed and occurrence-magnitude cross-component covariance set to zero; not simultaneous,exploratory_time_of_day_context_not_primary_inference; standardized population prediction excluding random-effect smooths
21.75,Active,12.839788795251986,10.06505112668182,16.37946735011057,0.9348911582404574,13.594852255138807,129,475,475,444,31,0.06526315789473684,9,9,Response-scale predictions give equal weight to work and free days and to each of the nine study sites,Participant and participant-day random-effect smooths are excluded,"LightLogR::symlog_trans(base = 10, thr = 1, scale = 1)",Approximate pointwise 95% interval; smoothing parameters treated as fixed and occurrence-magnitude cross-component covariance set to zero; not simultaneous,exploratory_time_of_day_context_not_primary_inference; standardized population prediction excluding random-effect smooths
22,Sedentary,11.853471658036293,8.545109601264341,16.442713657772206,0.8959065608685026,13.02194923693228,88,205,205,168,37,0.18048780487804875,9,9,Response-scale predictions give equal weight to work and free days and to each of the nine study sites,Participant and participant-day random-effect smooths are excluded,"LightLogR::symlog_trans(base = 10, thr = 1, scale = 1)",Approximate pointwise 95% interval; smoothing parameters treated as fixed and occurrence-magnitude cross-component covariance set to zero; not simultaneous,exploratory_time_of_day_context_not_primary_inference; standardized population prediction excluding random-effect smooths
22,Active,11.180362591697897,8.745697680028886,14.292799986361382,0.9172339439989602,12.035561678215815,130,474,474,400,74,0.15611814345991562,9,9,Response-scale predictions give equal weight to work and free days and to each of the nine study sites,Participant and participant-day random-effect smooths are excluded,"LightLogR::symlog_trans(base = 10, thr = 1, scale = 1)",Approximate pointwise 95% interval; smoothing parameters treated as fixed and occurrence-magnitude cross-component covariance set to zero; not simultaneous,exploratory_time_of_day_context_not_primary_inference; standardized population prediction excluding random-effect smooths
22.25,Sedentary,10.852040881634156,7.753679436288209,15.188504021135492,0.8675986897735181,12.263888713317984,88,205,205,168,37,0.18048780487804875,9,9,Response-scale predictions give equal weight to work and free days and to each of the nine study sites,Participant and participant-day random-effect smooths are excluded,"LightLogR::symlog_trans(base = 10, thr = 1, scale = 1)",Approximate pointwise 95% interval; smoothing parameters treated as fixed and occurrence-magnitude cross-component covariance set to zero; not simultaneous,exploratory_time_of_day_context_not_primary_inference; standardized population prediction excluding random-effect smooths
22.25,Active,9.719079126007848,7.552089214006248,12.507863239011169,0.8937730360462111,10.703086394038726,130,474,474,400,74,0.15611814345991562,9,9,Response-scale predictions give equal weight to work and free days and to each of the nine study sites,Participant and participant-day random-effect smooths are excluded,"LightLogR::symlog_trans(base = 10, thr = 1, scale = 1)",Approximate pointwise 95% interval; smoothing parameters treated as fixed and occurrence-magnitude cross-component covariance set to zero; not simultaneous,exploratory_time_of_day_context_not_primary_inference; standardized population prediction excluding random-effect smooths
22.5,Sedentary,9.905145049208407,7.004486737423328,14.007007525857544,0.8338534241902528,11.598016729871745,88,205,205,168,37,0.18048780487804875,9,9,Response-scale predictions give equal weight to work and free days and to each of the nine study sites,Participant and participant-day random-effect smooths are excluded,"LightLogR::symlog_trans(base = 10, thr = 1, scale = 1)",Approximate pointwise 95% interval; smoothing parameters treated as fixed and occurrence-magnitude cross-component covariance set to zero; not simultaneous,exploratory_time_of_day_context_not_primary_inference; standardized population prediction excluding random-effect smooths
22.5,Active,8.409795807221109,6.48334090871315,10.908676022898131,0.8633818200557869,9.550292744517268,130,474,474,400,74,0.15611814345991562,9,9,Response-scale predictions give equal weight to work and free days and to each of the nine study sites,Participant and participant-day random-effect smooths are excluded,"LightLogR::symlog_trans(base = 10, thr = 1, scale = 1)",Approximate pointwise 95% interval; smoothing parameters treated as fixed and occurrence-magnitude cross-component covariance set to zero; not simultaneous,exploratory_time_of_day_context_not_primary_inference; standardized population prediction excluding random-effect smooths
22.75,Sedentary,8.983847993129586,6.314620025568358,12.78137472038852,0.7954073973456312,10.979450987739035,88,205,205,168,37,0.18048780487804875,9,9,Response-scale predictions give equal weight to work and free days and to each of the nine study sites,Participant and participant-day random-effect smooths are excluded,"LightLogR::symlog_trans(base = 10, thr = 1, scale = 1)",Approximate pointwise 95% interval; smoothing parameters treated as fixed and occurrence-magnitude cross-component covariance set to zero; not simultaneous,exploratory_time_of_day_context_not_primary_inference; standardized population prediction excluding random-effect smooths
22.75,Active,7.220299871974221,5.540535767576347,9.409330149318018,0.8251848592880949,8.540893141464299,130,474,474,400,74,0.15611814345991562,9,9,Response-scale predictions give equal weight to work and free days and to each of the nine study sites,Participant and participant-day random-effect smooths are excluded,"LightLogR::symlog_trans(base = 10, thr = 1, scale = 1)",Approximate pointwise 95% interval; smoothing parameters treated as fixed and occurrence-magnitude cross-component covariance set to zero; not simultaneous,exploratory_time_of_day_context_not_primary_inference; standardized population prediction excluding random-effect smooths
23,Sedentary,8.077938134249735,5.686220425585601,11.475651595769069,0.7536370709320005,10.374256110519209,87,202,202,135,67,0.3316831683168317,9,9,Response-scale predictions give equal weight to work and free days and to each of the nine study sites,Participant and participant-day random-effect smooths are excluded,"LightLogR::symlog_trans(base = 10, thr = 1, scale = 1)",Approximate pointwise 95% interval; smoothing parameters treated as fixed and occurrence-magnitude cross-component covariance set to zero; not simultaneous,exploratory_time_of_day_context_not_primary_inference; standardized population prediction excluding random-effect smooths
23,Active,6.130410045023726,4.7066254183901135,7.984898728775953,0.7788049740382068,7.646234664645032,130,476,476,290,186,0.3907563025210084,9,9,Response-scale predictions give equal weight to work and free days and to each of the nine study sites,Participant and participant-day random-effect smooths are excluded,"LightLogR::symlog_trans(base = 10, thr = 1, scale = 1)",Approximate pointwise 95% interval; smoothing parameters treated as fixed and occurrence-magnitude cross-component covariance set to zero; not simultaneous,exploratory_time_of_day_context_not_primary_inference; standardized population prediction excluding random-effect smooths
23.25,Sedentary,7.194813735435008,5.079616023509333,10.190798762746118,0.7094402679332713,9.775035536239184,87,202,202,135,67,0.3316831683168317,9,9,Response-scale predictions give equal weight to work and free days and to each of the nine study sites,Participant and participant-day random-effect smooths are excluded,"LightLogR::symlog_trans(base = 10, thr = 1, scale = 1)",Approximate pointwise 95% interval; smoothing parameters treated as fixed and occurrence-magnitude cross-component covariance set to zero; not simultaneous,exploratory_time_of_day_context_not_primary_inference; standardized population prediction excluding random-effect smooths
23.25,Active,5.1250272859751504,3.9340718990613217,6.6765187205289545,0.724479250980131,6.836819654176198,130,476,476,290,186,0.3907563025210084,9,9,Response-scale predictions give equal weight to work and free days and to each of the nine study sites,Participant and participant-day random-effect smooths are excluded,"LightLogR::symlog_trans(base = 10, thr = 1, scale = 1)",Approximate pointwise 95% interval; smoothing parameters treated as fixed and occurrence-magnitude cross-component covariance set to zero; not simultaneous,exploratory_time_of_day_context_not_primary_inference; standardized population prediction excluding random-effect smooths
23.5,Sedentary,6.345057731842178,4.462511503163039,9.021771168964827,0.6630556398410369,9.188274032809804,87,202,202,135,67,0.3316831683168317,9,9,Response-scale predictions give equal weight to work and free days and to each of the nine study sites,Participant and participant-day random-effect smooths are excluded,"LightLogR::symlog_trans(base = 10, thr = 1, scale = 1)",Approximate pointwise 95% interval; smoothing parameters treated as fixed and occurrence-magnitude cross-component covariance set to zero; not simultaneous,exploratory_time_of_day_context_not_primary_inference; standardized population prediction excluding random-effect smooths
23.5,Active,4.1990088160565415,3.1990675184558635,5.511504504234745,0.6632753544621295,6.087074071321527,130,476,476,290,186,0.3907563025210084,9,9,Response-scale predictions give equal weight to work and free days and to each of the nine study sites,Participant and participant-day random-effect smooths are excluded,"LightLogR::symlog_trans(base = 10, thr = 1, scale = 1)",Approximate pointwise 95% interval; smoothing parameters treated as fixed and occurrence-magnitude cross-component covariance set to zero; not simultaneous,exploratory_time_of_day_context_not_primary_inference; standardized population prediction excluding random-effect smooths
23.75,Sedentary,5.53598203326492,3.8473624730257616,7.965742060308025,0.61458103979935,8.619591514867738,87,202,202,135,67,0.3316831683168317,9,9,Response-scale predictions give equal weight to work and free days and to each of the nine study sites,Participant and participant-day random-effect smooths are excluded,"LightLogR::symlog_trans(base = 10, thr = 1, scale = 1)",Approximate pointwise 95% interval; smoothing parameters treated as fixed and occurrence-magnitude cross-component covariance set to zero; not simultaneous,exploratory_time_of_day_context_not_primary_inference; standardized population prediction excluding random-effect smooths
23.75,Active,3.358980649600053,2.5218636381882584,4.473973466897394,0.5972609079025699,5.3798764224653315,130,476,476,290,186,0.3907563025210084,9,9,Response-scale predictions give equal weight to work and free days and to each of the nine study sites,Participant and participant-day random-effect smooths are excluded,"LightLogR::symlog_trans(base = 10, thr = 1, scale = 1)",Approximate pointwise 95% interval; smoothing parameters treated as fixed and occurrence-magnitude cross-component covariance set to zero; not simultaneous,exploratory_time_of_day_context_not_primary_inference; standardized population prediction excluding random-effect smooths
24,Sedentary,4.772717655815267,3.269704648927894,6.966633463239483,0.5640676890225703,8.07323995571435,92,212,212,96,116,0.5471698113207547,9,9,Response-scale predictions give equal weight to work and free days and to each of the nine study sites,Participant and participant-day random-effect smooths are excluded,"LightLogR::symlog_trans(base = 10, thr = 1, scale = 1)",Approximate pointwise 95% interval; smoothing parameters treated as fixed and occurrence-magnitude cross-component covariance set to zero; not simultaneous,exploratory_time_of_day_context_not_primary_inference; standardized population prediction excluding random-effect smooths
24,Active,2.6170094856786994,1.9340531950853923,3.5411325115232444,0.5293549243578068,4.705282527643189,131,495,495,192,303,0.6121212121212121,9,9,Response-scale predictions give equal weight to work and free days and to each of the nine study sites,Participant and participant-day random-effect smooths are excluded,"LightLogR::symlog_trans(base = 10, thr = 1, scale = 1)",Approximate pointwise 95% interval; smoothing parameters treated as fixed and occurrence-magnitude cross-component covariance set to zero; not simultaneous,exploratory_time_of_day_context_not_primary_inference; standardized population prediction excluding random-effect smooths
