panel,model_row_id,site,participant_key,x,y
residual_fitted,BAUA::BAUA_S001::2025-06-11,BAUA,BAUA::BAUA_S001,1.2371417093600257,-1.0796725028020226
residual_fitted,BAUA::BAUA_S001::2025-06-12,BAUA,BAUA::BAUA_S001,1.2357328670787964,-1.0580798394644804
residual_fitted,BAUA::BAUA_S001::2025-06-13,BAUA,BAUA::BAUA_S001,1.234472917125697,-0.6185616168521988
residual_fitted,BAUA::BAUA_S001::2025-06-15,BAUA,BAUA::BAUA_S001,1.2324070848595325,1.9124364138888248
residual_fitted,BAUA::BAUA_S001::2025-06-16,BAUA,BAUA::BAUA_S001,1.2316043486220187,-1.2721545439306297
residual_fitted,BAUA::BAUA_S002::2025-06-11,BAUA,BAUA::BAUA_S002,1.2440446443670214,0.0270238427553397
residual_fitted,BAUA::BAUA_S002::2025-06-12,BAUA,BAUA::BAUA_S002,1.2426358020857924,-0.2500287962300686
residual_fitted,BAUA::BAUA_S002::2025-06-13,BAUA,BAUA::BAUA_S002,1.241375852132693,-0.9254530356234694
residual_fitted,BAUA::BAUA_S002::2025-06-14,BAUA,BAUA::BAUA_S002,1.2402666960992903,-0.38656651448648294
residual_fitted,BAUA::BAUA_S002::2025-06-15,BAUA,BAUA::BAUA_S002,1.2393100198665286,-0.22614619246320924
residual_fitted,BAUA::BAUA_S002::2025-06-16,BAUA,BAUA::BAUA_S002,1.2385072836290145,-0.32473569294550764
residual_fitted,BAUA::BAUA_S003::2025-06-11,BAUA,BAUA::BAUA_S003,1.3493624720058086,-0.3974321574683388
residual_fitted,BAUA::BAUA_S003::2025-06-12,BAUA,BAUA::BAUA_S003,1.3479536297245795,-0.574936362346097
residual_fitted,BAUA::BAUA_S003::2025-06-13,BAUA,BAUA::BAUA_S003,1.3466936797714801,0.16322716258913506
residual_fitted,BAUA::BAUA_S003::2025-06-14,BAUA,BAUA::BAUA_S003,1.3455845237380775,-1.3087646852484123
residual_fitted,BAUA::BAUA_S003::2025-06-15,BAUA,BAUA::BAUA_S003,1.3446278475053157,-0.19267939579169696
residual_fitted,BAUA::BAUA_S003::2025-06-16,BAUA,BAUA::BAUA_S003,1.3438251112678017,0.6843057579809766
residual_fitted,BAUA::BAUA_S004::2025-06-11,BAUA,BAUA::BAUA_S004,1.9786682961897244,-1.1890084435793953
residual_fitted,BAUA::BAUA_S004::2025-06-12,BAUA,BAUA::BAUA_S004,1.9772594539084953,-0.4108476810237118
residual_fitted,BAUA::BAUA_S004::2025-06-13,BAUA,BAUA::BAUA_S004,1.975999503955396,0.7454192671636511
residual_fitted,BAUA::BAUA_S004::2025-06-15,BAUA,BAUA::BAUA_S004,1.9739336716892315,2.022107028148282
residual_fitted,BAUA::BAUA_S004::2025-06-16,BAUA,BAUA::BAUA_S004,1.9731309354517175,-0.047541467665489834
residual_fitted,BAUA::BAUA_S005::2025-06-11,BAUA,BAUA::BAUA_S005,2.1787734545348,1.837138333110143
residual_fitted,BAUA::BAUA_S005::2025-06-12,BAUA,BAUA::BAUA_S005,2.177364612253571,-0.8091670376373399
residual_fitted,BAUA::BAUA_S005::2025-06-13,BAUA,BAUA::BAUA_S005,2.1761046623004714,1.442132685734175
residual_fitted,BAUA::BAUA_S005::2025-06-14,BAUA,BAUA::BAUA_S005,2.1749955062670687,-2.2000150256501465
residual_fitted,BAUA::BAUA_S005::2025-06-15,BAUA,BAUA::BAUA_S005,2.174038830034307,1.7233361056423042
residual_fitted,BAUA::BAUA_S006::2025-06-11,BAUA,BAUA::BAUA_S006,1.9266651329575115,1.3817340975543255
residual_fitted,BAUA::BAUA_S006::2025-06-12,BAUA,BAUA::BAUA_S006,1.9252562906762825,0.38793273299383546
residual_fitted,BAUA::BAUA_S006::2025-06-13,BAUA,BAUA::BAUA_S006,1.923996340723183,-0.06848495136273469
residual_fitted,BAUA::BAUA_S006::2025-06-15,BAUA,BAUA::BAUA_S006,1.9219305084570186,-0.20538495470673626
residual_fitted,BAUA::BAUA_S006::2025-06-16,BAUA,BAUA::BAUA_S006,1.9211277722195046,-0.602619757511985
residual_fitted,BAUA::BAUA_S008::2025-06-25,BAUA,BAUA::BAUA_S008,1.342094286491895,-1.3245050002396823
residual_fitted,BAUA::BAUA_S008::2025-06-26,BAUA,BAUA::BAUA_S008,1.342857152066041,-0.9272225686891722
residual_fitted,BAUA::BAUA_S008::2025-06-27,BAUA,BAUA::BAUA_S008,1.343773641994734,-1.565427368625455
residual_fitted,BAUA::BAUA_S008::2025-06-28,BAUA,BAUA::BAUA_S008,1.3448422426868598,1.9772203552998417
residual_fitted,BAUA::BAUA_S008::2025-06-29,BAUA,BAUA::BAUA_S008,1.3460612168067478,0.7612732956082783
residual_fitted,BAUA::BAUA_S008::2025-06-30,BAUA,BAUA::BAUA_S008,1.3474286134277595,-0.5543995009218139
residual_fitted,BAUA::BAUA_S009::2025-06-26,BAUA,BAUA::BAUA_S009,1.4498019600068615,1.712469641506078
residual_fitted,BAUA::BAUA_S009::2025-06-27,BAUA,BAUA::BAUA_S009,1.4507184499355543,-0.31941323593730725
residual_fitted,BAUA::BAUA_S009::2025-06-28,BAUA,BAUA::BAUA_S009,1.4517870506276802,0.09741365700777388
residual_fitted,BAUA::BAUA_S009::2025-06-29,BAUA,BAUA::BAUA_S009,1.4530060247475682,-1.735733694151221
residual_fitted,BAUA::BAUA_S009::2025-06-30,BAUA,BAUA::BAUA_S009,1.45437342136858,-0.921070000777599
residual_fitted,BAUA::BAUA_S010::2025-06-28,BAUA,BAUA::BAUA_S010,2.171994056519394,0.3918297366179645
residual_fitted,BAUA::BAUA_S010::2025-06-29,BAUA,BAUA::BAUA_S010,2.1732130306392823,1.5849547823315349
residual_fitted,BAUA::BAUA_S012::2025-07-17,BAUA,BAUA::BAUA_S012,1.3900099939433248,0.8879600936633405
residual_fitted,BAUA::BAUA_S012::2025-07-18,BAUA,BAUA::BAUA_S012,1.3935495496540407,1.500932098389509
residual_fitted,BAUA::BAUA_S012::2025-07-19,BAUA,BAUA::BAUA_S012,1.3971773151591163,-1.629222393094787
residual_fitted,BAUA::BAUA_S012::2025-07-20,BAUA,BAUA::BAUA_S012,1.4008898056286818,-0.7178116706590232
residual_fitted,BAUA::BAUA_S012::2025-07-21,BAUA,BAUA::BAUA_S012,1.404683577622943,-1.6780086068291469
residual_fitted,BAUA::BAUA_S013::2025-07-16,BAUA,BAUA::BAUA_S013,1.646932474166842,-1.768297718396862
residual_fitted,BAUA::BAUA_S013::2025-07-17,BAUA,BAUA::BAUA_S013,1.650380301319101,0.039365072833396665
residual_fitted,BAUA::BAUA_S013::2025-07-18,BAUA,BAUA::BAUA_S013,1.6539198570298168,-0.3232375766954067
residual_fitted,BAUA::BAUA_S013::2025-07-19,BAUA,BAUA::BAUA_S013,1.6575476225348924,0.2298999938033542
residual_fitted,BAUA::BAUA_S013::2025-07-20,BAUA,BAUA::BAUA_S013,1.661260113004458,1.0019429084884075
residual_fitted,BAUA::BAUA_S013::2025-07-21,BAUA,BAUA::BAUA_S013,1.665053884998719,0.32048158781970454
residual_fitted,BAUA::BAUA_S014::2025-07-16,BAUA,BAUA::BAUA_S014,1.5588798641737578,-0.6477176971719923
residual_fitted,BAUA::BAUA_S014::2025-07-17,BAUA,BAUA::BAUA_S014,1.5623276913260167,-0.8708429617377972
residual_fitted,BAUA::BAUA_S014::2025-07-18,BAUA,BAUA::BAUA_S014,1.5658672470367325,0.12041309259744211
residual_fitted,BAUA::BAUA_S014::2025-07-19,BAUA,BAUA::BAUA_S014,1.5694950125418081,0.7730990972038531
residual_fitted,BAUA::BAUA_S014::2025-07-20,BAUA,BAUA::BAUA_S014,1.5732075030113737,-0.027723247011966403
residual_fitted,BAUA::BAUA_S014::2025-07-21,BAUA,BAUA::BAUA_S014,1.5770012750056348,-0.23135208396394866
residual_fitted,BAUA::BAUA_S015::2025-07-23,BAUA,BAUA::BAUA_S015,2.1332648790160142,-1.075041314121454
residual_fitted,BAUA::BAUA_S015::2025-07-24,BAUA,BAUA::BAUA_S015,2.1372823468445232,1.2495928524206887
residual_fitted,BAUA::BAUA_S015::2025-07-26,BAUA,BAUA::BAUA_S015,2.1455182767122603,-0.4525690144704081
residual_fitted,BAUA::BAUA_S015::2025-07-27,BAUA,BAUA::BAUA_S015,2.1497305147504764,1.8320131095960288
residual_fitted,BAUA::BAUA_S015::2025-07-28,BAUA,BAUA::BAUA_S015,2.1540015755162436,-0.04459958056232333
residual_fitted,BAUA::BAUA_S016::2025-07-23,BAUA,BAUA::BAUA_S016,1.8820869158252245,0.5788698647584937
residual_fitted,BAUA::BAUA_S016::2025-07-24,BAUA,BAUA::BAUA_S016,1.8861043836537337,0.11614787628643149
residual_fitted,BAUA::BAUA_S016::2025-07-25,BAUA,BAUA::BAUA_S016,1.8901898989195915,-1.7204237910612006
residual_fitted,BAUA::BAUA_S016::2025-07-26,BAUA,BAUA::BAUA_S016,1.8943403135214707,0.9823356093727094
residual_fitted,BAUA::BAUA_S016::2025-07-27,BAUA,BAUA::BAUA_S016,1.8985525515596868,0.10127752881587056
residual_fitted,BAUA::BAUA_S016::2025-07-28,BAUA,BAUA::BAUA_S016,1.9028236123254538,0.35500132856123245
residual_fitted,BAUA::BAUA_S017::2025-09-09,BAUA,BAUA::BAUA_S017,2.492620247526763,-1.026488001085805
residual_fitted,BAUA::BAUA_S017::2025-09-10,BAUA,BAUA::BAUA_S017,2.497642727304851,1.1376681024940174
residual_fitted,BAUA::BAUA_S017::2025-09-11,BAUA,BAUA::BAUA_S017,2.502660464463192,0.2556477878241763
residual_fitted,BAUA::BAUA_S017::2025-09-12,BAUA,BAUA::BAUA_S017,2.5076730404516328,-1.8010378838793561
residual_fitted,BAUA::BAUA_S017::2025-09-13,BAUA,BAUA::BAUA_S017,2.5126800517058268,-0.6124379561465267
residual_fitted,BAUA::BAUA_S017::2025-09-14,BAUA,BAUA::BAUA_S017,2.517681108130371,4.120093339346254
residual_fitted,BAUA::BAUA_S018::2025-09-09,BAUA,BAUA::BAUA_S018,2.140409807554425,1.0467599784085413
residual_fitted,BAUA::BAUA_S018::2025-09-10,BAUA,BAUA::BAUA_S018,2.145432287332513,0.22446305875885827
residual_fitted,BAUA::BAUA_S018::2025-09-11,BAUA,BAUA::BAUA_S018,2.150450024490854,0.6963014479530595
residual_fitted,BAUA::BAUA_S018::2025-09-12,BAUA,BAUA::BAUA_S018,2.1554626004792947,0.15275197468580975
residual_fitted,BAUA::BAUA_S018::2025-09-13,BAUA,BAUA::BAUA_S018,2.1604696117334887,-1.585372060346276
residual_fitted,BAUA::BAUA_S018::2025-09-14,BAUA,BAUA::BAUA_S018,2.165470668158033,0.0014287173447581965
residual_fitted,BAUA::BAUA_S022::2025-09-24,BAUA,BAUA::BAUA_S022,2.4797621315497067,-0.035553283097746656
residual_fitted,BAUA::BAUA_S022::2025-09-26,BAUA,BAUA::BAUA_S022,2.489576325904159,0.072180985671267
residual_fitted,BAUA::BAUA_S022::2025-09-27,BAUA,BAUA::BAUA_S022,2.494467887185596,0.6835379099477945
residual_fitted,BAUA::BAUA_S022::2025-09-28,BAUA,BAUA::BAUA_S022,2.499348620636677,0.37906217515662044
residual_fitted,BAUA::BAUA_S022::2025-09-29,BAUA,BAUA::BAUA_S022,2.504218163845965,0.5922516653778006
residual_fitted,BAUA::BAUA_S023::2025-09-24,BAUA,BAUA::BAUA_S023,2.3587666964379523,0.0691662164537802
residual_fitted,BAUA::BAUA_S023::2025-09-25,BAUA,BAUA::BAUA_S023,2.363678856235987,0.7402275945940306
residual_fitted,BAUA::BAUA_S023::2025-09-26,BAUA,BAUA::BAUA_S023,2.3685808907924044,0.39590704025962503
residual_fitted,BAUA::BAUA_S023::2025-09-27,BAUA,BAUA::BAUA_S023,2.3734724520738415,0.6090702281055511
residual_fitted,BAUA::BAUA_S023::2025-09-28,BAUA,BAUA::BAUA_S023,2.3783531855249227,-0.9497157764420153
residual_fitted,BAUA::BAUA_S023::2025-09-29,BAUA,BAUA::BAUA_S023,2.3832227287342107,0.2987774284987271
residual_fitted,BAUA::BAUA_S024::2025-10-14,BAUA,BAUA::BAUA_S024,2.0743757772676803,0.5681717591600511
residual_fitted,BAUA::BAUA_S024::2025-10-15,BAUA,BAUA::BAUA_S024,2.079005373418034,-0.6717592523426329
residual_fitted,BAUA::BAUA_S024::2025-10-16,BAUA,BAUA::BAUA_S024,2.0836151179902145,1.0946961605279786
residual_fitted,BAUA::BAUA_S024::2025-10-17,BAUA,BAUA::BAUA_S024,2.088204278952549,-1.4990452517229462
residual_fitted,BAUA::BAUA_S024::2025-10-18,BAUA,BAUA::BAUA_S024,2.0927720913767285,-0.031185049819218026
residual_fitted,BAUA::BAUA_S024::2025-10-19,BAUA,BAUA::BAUA_S024,2.0973177562025787,0.043023531682202534
residual_fitted,BAUA::BAUA_S025::2025-10-14,BAUA,BAUA::BAUA_S025,1.9069031661043627,0.2505795361670022
residual_fitted,BAUA::BAUA_S025::2025-10-15,BAUA,BAUA::BAUA_S025,1.9115327622547162,1.260443135497212
residual_fitted,BAUA::BAUA_S025::2025-10-16,BAUA,BAUA::BAUA_S025,1.916142506826897,0.15990364606749793
residual_fitted,BAUA::BAUA_S025::2025-10-17,BAUA,BAUA::BAUA_S025,1.9207316677892312,-1.398534051463865
residual_fitted,BAUA::BAUA_S025::2025-10-18,BAUA,BAUA::BAUA_S025,1.925299480213411,-2.1804684603930307
residual_fitted,BAUA::BAUA_S025::2025-10-19,BAUA,BAUA::BAUA_S025,1.929845145039261,0.681096276122595
residual_fitted,FUSPCEU::FUSPCEU_S003::2024-10-08,FUSPCEU,FUSPCEU::FUSPCEU_S003,1.2632387961611777,-1.3099444605272361
residual_fitted,FUSPCEU::FUSPCEU_S003::2024-10-09,FUSPCEU,FUSPCEU::FUSPCEU_S003,1.2664336279259296,-0.31827660544375563
residual_fitted,FUSPCEU::FUSPCEU_S003::2024-10-10,FUSPCEU,FUSPCEU::FUSPCEU_S003,1.2696167547830473,0.3150308693149009
residual_fitted,FUSPCEU::FUSPCEU_S003::2024-10-11,FUSPCEU,FUSPCEU::FUSPCEU_S003,1.2727876823096307,-0.30595735259181317
residual_fitted,FUSPCEU::FUSPCEU_S003::2024-10-12,FUSPCEU,FUSPCEU::FUSPCEU_S003,1.2759459019122277,-0.2898204155623623
residual_fitted,FUSPCEU::FUSPCEU_S003::2024-10-13,FUSPCEU,FUSPCEU::FUSPCEU_S003,1.2790908901005147,0.06479700343200581
residual_fitted,FUSPCEU::FUSPCEU_S004::2024-10-08,FUSPCEU,FUSPCEU::FUSPCEU_S004,1.9896979581380696,0.7489650380222145
residual_fitted,FUSPCEU::FUSPCEU_S004::2024-10-09,FUSPCEU,FUSPCEU::FUSPCEU_S004,1.9928927899028217,0.4066838760631825
residual_fitted,FUSPCEU::FUSPCEU_S004::2024-10-11,FUSPCEU,FUSPCEU::FUSPCEU_S004,1.9992468442865228,-1.1737718168072782
residual_fitted,FUSPCEU::FUSPCEU_S004::2024-10-12,FUSPCEU,FUSPCEU::FUSPCEU_S004,2.0024050638891198,-0.20196991234438572
residual_fitted,FUSPCEU::FUSPCEU_S004::2024-10-13,FUSPCEU,FUSPCEU::FUSPCEU_S004,2.0055500520774068,1.546325584157085
residual_fitted,FUSPCEU::FUSPCEU_S005::2024-10-15,FUSPCEU,FUSPCEU::FUSPCEU_S005,1.639504083243905,-1.1422236107176165
residual_fitted,FUSPCEU::FUSPCEU_S005::2024-10-16,FUSPCEU,FUSPCEU::FUSPCEU_S005,1.6426060758996959,1.6215172753370894
residual_fitted,FUSPCEU::FUSPCEU_S005::2024-10-17,FUSPCEU,FUSPCEU::FUSPCEU_S005,1.6456925792500894,-0.05458349657622971
residual_fitted,FUSPCEU::FUSPCEU_S005::2024-10-18,FUSPCEU,FUSPCEU::FUSPCEU_S005,1.64876298431699,-0.21752883934630401
residual_fitted,FUSPCEU::FUSPCEU_S005::2024-10-19,FUSPCEU,FUSPCEU::FUSPCEU_S005,1.6518166630009465,-1.3759385421701156
residual_fitted,FUSPCEU::FUSPCEU_S005::2024-10-20,FUSPCEU,FUSPCEU::FUSPCEU_S005,1.6548529674437749,0.8702289564296867
residual_fitted,FUSPCEU::FUSPCEU_S006::2024-10-15,FUSPCEU,FUSPCEU::FUSPCEU_S006,1.5554450879716828,-0.06623366023849972
residual_fitted,FUSPCEU::FUSPCEU_S006::2024-10-16,FUSPCEU,FUSPCEU::FUSPCEU_S006,1.5585470806274737,0.0096995049096514
residual_fitted,FUSPCEU::FUSPCEU_S006::2024-10-17,FUSPCEU,FUSPCEU::FUSPCEU_S006,1.5616335839778672,-0.3523619367826856
residual_fitted,FUSPCEU::FUSPCEU_S006::2024-10-18,FUSPCEU,FUSPCEU::FUSPCEU_S006,1.5647039890447678,-0.256481350872869
residual_fitted,FUSPCEU::FUSPCEU_S007::2024-10-22,FUSPCEU,FUSPCEU::FUSPCEU_S007,1.5925410108469373,0.22791692331939406
residual_fitted,FUSPCEU::FUSPCEU_S007::2024-10-23,FUSPCEU,FUSPCEU::FUSPCEU_S007,1.5955210992228626,0.6822797626386754
residual_fitted,FUSPCEU::FUSPCEU_S007::2024-10-24,FUSPCEU,FUSPCEU::FUSPCEU_S007,1.5984810130871177,0.3402792291893035
residual_fitted,FUSPCEU::FUSPCEU_S007::2024-10-25,FUSPCEU,FUSPCEU::FUSPCEU_S007,1.6014199976748635,0.5756846152847447
residual_fitted,FUSPCEU::FUSPCEU_S007::2024-10-26,FUSPCEU,FUSPCEU::FUSPCEU_S007,1.604337275478212,-0.761749327003932
residual_fitted,FUSPCEU::FUSPCEU_S007::2024-10-27,FUSPCEU,FUSPCEU::FUSPCEU_S007,1.6072320459003637,-1.6611432723242998
residual_fitted,FUSPCEU::FUSPCEU_S008::2024-10-22,FUSPCEU,FUSPCEU::FUSPCEU_S008,2.091505800807749,-0.4477757861521431
residual_fitted,FUSPCEU::FUSPCEU_S008::2024-10-23,FUSPCEU,FUSPCEU::FUSPCEU_S008,2.0944858891836744,1.6790007461756618
residual_fitted,FUSPCEU::FUSPCEU_S008::2024-10-24,FUSPCEU,FUSPCEU::FUSPCEU_S008,2.0974458030479295,-1.9680077996476963
residual_fitted,FUSPCEU::FUSPCEU_S008::2024-10-25,FUSPCEU,FUSPCEU::FUSPCEU_S008,2.1003847876356754,-0.518111517438923
residual_fitted,FUSPCEU::FUSPCEU_S008::2024-10-26,FUSPCEU,FUSPCEU::FUSPCEU_S008,2.1033020654390238,-0.6211448767927374
residual_fitted,FUSPCEU::FUSPCEU_S008::2024-10-27,FUSPCEU,FUSPCEU::FUSPCEU_S008,2.1061968358611756,3.456882883269404
residual_fitted,FUSPCEU::FUSPCEU_S009::2024-11-04,FUSPCEU,FUSPCEU::FUSPCEU_S009,2.327723504315266,-1.1281507524948857
residual_fitted,FUSPCEU::FUSPCEU_S009::2024-11-05,FUSPCEU,FUSPCEU::FUSPCEU_S009,2.330375780847419,1.5166692350614541
residual_fitted,FUSPCEU::FUSPCEU_S009::2024-11-06,FUSPCEU,FUSPCEU::FUSPCEU_S009,2.3329962434422598,0.7171514068248033
residual_fitted,FUSPCEU::FUSPCEU_S009::2024-11-07,FUSPCEU,FUSPCEU::FUSPCEU_S009,2.3355838335376315,0.11676971567362143
residual_fitted,FUSPCEU::FUSPCEU_S009::2024-11-08,FUSPCEU,FUSPCEU::FUSPCEU_S009,2.3381374708165104,0.4123644908878763
residual_fitted,FUSPCEU::FUSPCEU_S009::2024-11-09,FUSPCEU,FUSPCEU::FUSPCEU_S009,2.3406560539086185,0.17043959699364372
residual_fitted,FUSPCEU::FUSPCEU_S009::2024-11-10,FUSPCEU,FUSPCEU::FUSPCEU_S009,2.3431384612106183,0.6453066435935868
residual_fitted,FUSPCEU::FUSPCEU_S010::2024-11-04,FUSPCEU,FUSPCEU::FUSPCEU_S010,0.9738794638472654,-0.9244618657687544
residual_fitted,FUSPCEU::FUSPCEU_S010::2024-11-05,FUSPCEU,FUSPCEU::FUSPCEU_S010,0.976531740379418,-0.4697074285807187
residual_fitted,FUSPCEU::FUSPCEU_S010::2024-11-06,FUSPCEU,FUSPCEU::FUSPCEU_S010,0.9791522029742592,-0.990489641315949
residual_fitted,FUSPCEU::FUSPCEU_S010::2024-11-07,FUSPCEU,FUSPCEU::FUSPCEU_S010,0.9817397930696308,-1.0732194751073496
residual_fitted,FUSPCEU::FUSPCEU_S011::2024-11-12,FUSPCEU,FUSPCEU::FUSPCEU_S011,1.7429393281985341,-0.60876574560842
residual_fitted,FUSPCEU::FUSPCEU_S011::2024-11-13,FUSPCEU,FUSPCEU::FUSPCEU_S011,1.7453062905872774,0.04542639070937817
residual_fitted,FUSPCEU::FUSPCEU_S011::2024-11-14,FUSPCEU,FUSPCEU::FUSPCEU_S011,1.7476324085168935,1.4960547919117546
residual_fitted,FUSPCEU::FUSPCEU_S011::2024-11-16,FUSPCEU,FUSPCEU::FUSPCEU_S011,1.7521572714875833,-2.0930941522430584
residual_fitted,FUSPCEU::FUSPCEU_S011::2024-11-17,FUSPCEU,FUSPCEU::FUSPCEU_S011,1.7543535660949139,0.9703739660045815
residual_fitted,FUSPCEU::FUSPCEU_S012::2024-12-03,FUSPCEU,FUSPCEU::FUSPCEU_S012,1.6232826077055018,-0.7445616912433829
residual_fitted,FUSPCEU::FUSPCEU_S012::2024-12-04,FUSPCEU,FUSPCEU::FUSPCEU_S012,1.624533505421448,-0.6664172428634781
residual_fitted,FUSPCEU::FUSPCEU_S012::2024-12-05,FUSPCEU,FUSPCEU::FUSPCEU_S012,1.6257183783935267,-0.8271101644235613
residual_fitted,FUSPCEU::FUSPCEU_S012::2024-12-06,FUSPCEU,FUSPCEU::FUSPCEU_S012,1.6268362372620853,0.30640661120463053
residual_fitted,FUSPCEU::FUSPCEU_S012::2024-12-07,FUSPCEU,FUSPCEU::FUSPCEU_S012,1.6278861340081356,0.18569430335092207
residual_fitted,FUSPCEU::FUSPCEU_S012::2024-12-08,FUSPCEU,FUSPCEU::FUSPCEU_S012,1.6288671648042663,0.861451734328149
residual_fitted,FUSPCEU::FUSPCEU_S013::2024-11-19,FUSPCEU,FUSPCEU::FUSPCEU_S013,1.1796277779809905,-1.070696501568719
residual_fitted,FUSPCEU::FUSPCEU_S013::2024-11-20,FUSPCEU,FUSPCEU::FUSPCEU_S013,1.1816830974300034,-1.2921583025984322
residual_fitted,FUSPCEU::FUSPCEU_S013::2024-11-21,FUSPCEU,FUSPCEU::FUSPCEU_S013,1.1836889164691098,0.05930428753225404
residual_fitted,FUSPCEU::FUSPCEU_S013::2024-11-22,FUSPCEU,FUSPCEU::FUSPCEU_S013,1.185643976888454,-0.4208636746244455
residual_fitted,FUSPCEU::FUSPCEU_S013::2024-11-23,FUSPCEU,FUSPCEU::FUSPCEU_S013,1.1875470216837647,-0.9208791867156152
residual_fitted,FUSPCEU::FUSPCEU_S013::2024-11-24,FUSPCEU,FUSPCEU::FUSPCEU_S013,1.1893967974625823,0.9285119802998993
residual_fitted,FUSPCEU::FUSPCEU_S014::2024-11-20,FUSPCEU,FUSPCEU::FUSPCEU_S014,1.7783282295038807,0.8421858494894836
residual_fitted,FUSPCEU::FUSPCEU_S014::2024-11-21,FUSPCEU,FUSPCEU::FUSPCEU_S014,1.780334048542987,1.2379834721867284
residual_fitted,FUSPCEU::FUSPCEU_S014::2024-11-22,FUSPCEU,FUSPCEU::FUSPCEU_S014,1.7822891089623312,-0.2973978915110632
residual_fitted,FUSPCEU::FUSPCEU_S014::2024-11-23,FUSPCEU,FUSPCEU::FUSPCEU_S014,1.784192153757642,-0.5983165353869326
residual_fitted,FUSPCEU::FUSPCEU_S014::2024-11-24,FUSPCEU,FUSPCEU::FUSPCEU_S014,1.7860419295364596,-1.2973652815272627
residual_fitted,FUSPCEU::FUSPCEU_S015::2024-11-26,FUSPCEU,FUSPCEU::FUSPCEU_S015,1.3475528444288014,-0.53463821811974
residual_fitted,FUSPCEU::FUSPCEU_S015::2024-11-27,FUSPCEU,FUSPCEU::FUSPCEU_S015,1.349235368616835,0.23982965614072765
residual_fitted,FUSPCEU::FUSPCEU_S015::2024-11-28,FUSPCEU,FUSPCEU::FUSPCEU_S015,1.3508596996343392,-0.1802141624225835
residual_fitted,FUSPCEU::FUSPCEU_S015::2024-11-29,FUSPCEU,FUSPCEU::FUSPCEU_S015,1.3524246427079125,-0.022806119439645344
residual_fitted,FUSPCEU::FUSPCEU_S015::2024-11-30,FUSPCEU,FUSPCEU::FUSPCEU_S015,1.3539290233713284,-0.7413519498868651
residual_fitted,FUSPCEU::FUSPCEU_S015::2024-12-01,FUSPCEU,FUSPCEU::FUSPCEU_S015,1.3553716904646727,-0.8028043933524279
residual_fitted,FUSPCEU::FUSPCEU_S016::2024-11-26,FUSPCEU,FUSPCEU::FUSPCEU_S016,2.008284970898203,-0.48772955427123993
residual_fitted,FUSPCEU::FUSPCEU_S016::2024-11-27,FUSPCEU,FUSPCEU::FUSPCEU_S016,2.0099674950862365,1.1030354796719588
residual_fitted,FUSPCEU::FUSPCEU_S016::2024-11-29,FUSPCEU,FUSPCEU::FUSPCEU_S016,2.013156769177314,0.7607609568054662
residual_fitted,FUSPCEU::FUSPCEU_S016::2024-11-30,FUSPCEU,FUSPCEU::FUSPCEU_S016,2.01466114984073,0.3010410550381366
residual_fitted,FUSPCEU::FUSPCEU_S016::2024-12-01,FUSPCEU,FUSPCEU::FUSPCEU_S016,2.016103816934074,-0.8355344767900479
residual_fitted,FUSPCEU::FUSPCEU_S017::2024-12-03,FUSPCEU,FUSPCEU::FUSPCEU_S017,2.456743140523491,0.6489644361495183
residual_fitted,FUSPCEU::FUSPCEU_S017::2024-12-04,FUSPCEU,FUSPCEU::FUSPCEU_S017,2.4579940382394367,0.5280120163141231
residual_fitted,FUSPCEU::FUSPCEU_S017::2024-12-05,FUSPCEU,FUSPCEU::FUSPCEU_S017,2.4591789112115157,0.28768034746791976
residual_fitted,FUSPCEU::FUSPCEU_S017::2024-12-06,FUSPCEU,FUSPCEU::FUSPCEU_S017,2.460296770080074,0.6447193370564402
residual_fitted,FUSPCEU::FUSPCEU_S017::2024-12-07,FUSPCEU,FUSPCEU::FUSPCEU_S017,2.461346666826125,0.6434651501319113
residual_fitted,FUSPCEU::FUSPCEU_S018::2024-12-11,FUSPCEU,FUSPCEU::FUSPCEU_S018,2.1990302254356067,0.9568234419053187
residual_fitted,FUSPCEU::FUSPCEU_S018::2024-12-12,FUSPCEU,FUSPCEU::FUSPCEU_S018,2.1997277335122343,0.9559902118636501
residual_fitted,FUSPCEU::FUSPCEU_S018::2024-12-13,FUSPCEU,FUSPCEU::FUSPCEU_S018,2.2003526133468494,0.9552437421551534
residual_fitted,FUSPCEU::FUSPCEU_S018::2024-12-14,FUSPCEU,FUSPCEU::FUSPCEU_S018,2.2009042809327592,-1.275300193588114
residual_fitted,FUSPCEU::FUSPCEU_S019::2024-12-10,FUSPCEU,FUSPCEU::FUSPCEU_S019,1.5888355371148026,-0.583953747071405
residual_fitted,FUSPCEU::FUSPCEU_S019::2024-12-11,FUSPCEU,FUSPCEU::FUSPCEU_S019,1.5896050302641902,0.2712435641974493
residual_fitted,FUSPCEU::FUSPCEU_S019::2024-12-12,FUSPCEU,FUSPCEU::FUSPCEU_S019,1.5903025383408178,-0.525977138705421
residual_fitted,FUSPCEU::FUSPCEU_S019::2024-12-13,FUSPCEU,FUSPCEU::FUSPCEU_S019,1.590927418175433,0.36921229855493415
residual_fitted,FUSPCEU::FUSPCEU_S019::2024-12-14,FUSPCEU,FUSPCEU::FUSPCEU_S019,1.5914790857613423,-0.2884663782874596
residual_fitted,FUSPCEU::FUSPCEU_S019::2024-12-15,FUSPCEU,FUSPCEU::FUSPCEU_S019,1.59195701823572,-0.3089469942621916
residual_fitted,FUSPCEU::FUSPCEU_S020::2025-01-21,FUSPCEU,FUSPCEU::FUSPCEU_S020,2.4382756916209503,0.3524703144475694
residual_fitted,FUSPCEU::FUSPCEU_S020::2025-01-22,FUSPCEU,FUSPCEU::FUSPCEU_S020,2.4361843643582373,0.4146976351626759
residual_fitted,FUSPCEU::FUSPCEU_S020::2025-01-23,FUSPCEU,FUSPCEU::FUSPCEU_S020,2.434043996240454,-1.195430153846786
residual_fitted,FUSPCEU::FUSPCEU_S020::2025-01-24,FUSPCEU,FUSPCEU::FUSPCEU_S020,2.4318558437678983,-0.09778345283585323
residual_fitted,FUSPCEU::FUSPCEU_S020::2025-01-25,FUSPCEU,FUSPCEU::FUSPCEU_S020,2.429621159196619,-0.5132173638904396
residual_fitted,FUSPCEU::FUSPCEU_S020::2025-01-26,FUSPCEU,FUSPCEU::FUSPCEU_S020,2.4273411884829925,3.809908286553812
residual_fitted,FUSPCEU::FUSPCEU_S022::2025-01-28,FUSPCEU,FUSPCEU::FUSPCEU_S022,1.244990245003097,-0.6709447927495618
residual_fitted,FUSPCEU::FUSPCEU_S022::2025-01-29,FUSPCEU,FUSPCEU::FUSPCEU_S022,1.242581799452564,-0.9866226980957732
residual_fitted,FUSPCEU::FUSPCEU_S022::2025-01-30,FUSPCEU,FUSPCEU::FUSPCEU_S022,1.2401329507361056,1.445284442791971
residual_fitted,FUSPCEU::FUSPCEU_S022::2025-01-31,FUSPCEU,FUSPCEU::FUSPCEU_S022,1.2376448860922222,-1.4585576378803282
residual_fitted,FUSPCEU::FUSPCEU_S022::2025-02-01,FUSPCEU,FUSPCEU::FUSPCEU_S022,1.2351187764790883,-0.38041690644124504
residual_fitted,FUSPCEU::FUSPCEU_S022::2025-02-02,FUSPCEU,FUSPCEU::FUSPCEU_S022,1.2325557753541447,-0.31762613299340353
residual_fitted,FUSPCEU::FUSPCEU_S023::2025-01-28,FUSPCEU,FUSPCEU::FUSPCEU_S023,2.028799923041604,1.1601773623972558
residual_fitted,FUSPCEU::FUSPCEU_S023::2025-01-29,FUSPCEU,FUSPCEU::FUSPCEU_S023,2.026391477491071,1.1630544461955248
residual_fitted,FUSPCEU::FUSPCEU_S023::2025-01-30,FUSPCEU,FUSPCEU::FUSPCEU_S023,2.0239426287746123,-0.028601414435197578
residual_fitted,FUSPCEU::FUSPCEU_S023::2025-01-31,FUSPCEU,FUSPCEU::FUSPCEU_S023,2.021454564130729,0.8105776273401503
residual_fitted,FUSPCEU::FUSPCEU_S023::2025-02-01,FUSPCEU,FUSPCEU::FUSPCEU_S023,2.018928454517595,-2.0533996318837135
residual_fitted,FUSPCEU::FUSPCEU_S024::2025-02-04,FUSPCEU,FUSPCEU::FUSPCEU_S024,2.528821862955157,-1.2290112651948126
residual_fitted,FUSPCEU::FUSPCEU_S024::2025-02-05,FUSPCEU,FUSPCEU::FUSPCEU_S024,2.5261549170778674,0.546136745352569
residual_fitted,FUSPCEU::FUSPCEU_S024::2025-02-06,FUSPCEU,FUSPCEU::FUSPCEU_S024,2.523455498124965,1.1267423383340833
residual_fitted,FUSPCEU::FUSPCEU_S024::2025-02-08,FUSPCEU,FUSPCEU::FUSPCEU_S024,2.517963425471086,1.292580559698713
residual_fitted,FUSPCEU::FUSPCEU_S024::2025-02-09,FUSPCEU,FUSPCEU::FUSPCEU_S024,2.515172807561965,1.5746497949166827
residual_fitted,FUSPCEU::FUSPCEU_S025::2025-02-04,FUSPCEU,FUSPCEU::FUSPCEU_S025,1.4416156720397915,-1.0651073277288134
residual_fitted,FUSPCEU::FUSPCEU_S025::2025-02-05,FUSPCEU,FUSPCEU::FUSPCEU_S025,1.4389487261625016,-0.9623730101899547
residual_fitted,FUSPCEU::FUSPCEU_S025::2025-02-06,FUSPCEU,FUSPCEU::FUSPCEU_S025,1.4362493072095996,0.593807237046531
residual_fitted,IZTECH::IZTECH_S001::2024-12-24,IZTECH,IZTECH::IZTECH_S001,2.715629620960535,0.3397035112797359
residual_fitted,IZTECH::IZTECH_S001::2024-12-25,IZTECH,IZTECH::IZTECH_S001,2.715383486245985,3.3662699360572574
residual_fitted,IZTECH::IZTECH_S001::2024-12-26,IZTECH,IZTECH::IZTECH_S001,2.7150682051152133,-2.048788250484449
residual_fitted,IZTECH::IZTECH_S001::2024-12-27,IZTECH,IZTECH::IZTECH_S001,2.714684030271501,1.8539692945848198
residual_fitted,IZTECH::IZTECH_S001::2024-12-28,IZTECH,IZTECH::IZTECH_S001,2.7142312746133386,-0.21609728145266274
residual_fitted,IZTECH::IZTECH_S001::2024-12-29,IZTECH,IZTECH::IZTECH_S001,2.7137103101721314,0.8795578280636649
residual_fitted,IZTECH::IZTECH_S001::2024-12-30,IZTECH,IZTECH::IZTECH_S001,2.7131215668324997,-0.4536878872482279
residual_fitted,IZTECH::IZTECH_S002::2025-01-07,IZTECH,IZTECH::IZTECH_S002,1.7997216152150328,-0.7363258591635333
residual_fitted,IZTECH::IZTECH_S002::2025-01-08,IZTECH,IZTECH::IZTECH_S002,1.798550911804296,-1.7702310735869753
residual_fitted,IZTECH::IZTECH_S002::2025-01-09,IZTECH,IZTECH::IZTECH_S002,1.7973195158544288,1.4566091939638
residual_fitted,IZTECH::IZTECH_S002::2025-01-10,IZTECH,IZTECH::IZTECH_S002,1.7960283658731508,0.9404997201100315
residual_fitted,IZTECH::IZTECH_S002::2025-01-11,IZTECH,IZTECH::IZTECH_S002,1.7946784320641738,-1.3475016588039312
residual_fitted,IZTECH::IZTECH_S002::2025-01-12,IZTECH,IZTECH::IZTECH_S002,1.7932707136591062,1.2225295751281118
residual_fitted,IZTECH::IZTECH_S003::2025-01-07,IZTECH,IZTECH::IZTECH_S003,1.3197485646644938,-0.1430493851878651
residual_fitted,IZTECH::IZTECH_S003::2025-01-08,IZTECH,IZTECH::IZTECH_S003,1.3185778612537569,-1.4357805282911973
residual_fitted,IZTECH::IZTECH_S003::2025-01-09,IZTECH,IZTECH::IZTECH_S003,1.3173464653038898,0.11864604625105488
residual_fitted,IZTECH::IZTECH_S003::2025-01-10,IZTECH,IZTECH::IZTECH_S003,1.3160553153226118,-0.23818593303047367
residual_fitted,IZTECH::IZTECH_S003::2025-01-11,IZTECH,IZTECH::IZTECH_S003,1.3147053815136347,-0.9732317398650934
residual_fitted,IZTECH::IZTECH_S003::2025-01-12,IZTECH,IZTECH::IZTECH_S003,1.313297663108567,0.3424892243105571
residual_fitted,IZTECH::IZTECH_S004::2025-01-21,IZTECH,IZTECH::IZTECH_S004,1.5285524209296557,-0.25311474055918365
residual_fitted,IZTECH::IZTECH_S004::2025-01-22,IZTECH,IZTECH::IZTECH_S004,1.526626285062673,0.3663864766214879
residual_fitted,IZTECH::IZTECH_S004::2025-01-23,IZTECH,IZTECH::IZTECH_S004,1.5246545134043004,-0.30818743393842724
residual_fitted,IZTECH::IZTECH_S004::2025-01-24,IZTECH,IZTECH::IZTECH_S004,1.5226382509037164,-1.520269740755562
residual_fitted,IZTECH::IZTECH_S004::2025-01-25,IZTECH,IZTECH::IZTECH_S004,1.5205786395801355,-0.8209703290164164
residual_fitted,IZTECH::IZTECH_S004::2025-01-26,IZTECH,IZTECH::IZTECH_S004,1.5184768166205538,1.2123285249924216
residual_fitted,IZTECH::IZTECH_S005::2025-01-21,IZTECH,IZTECH::IZTECH_S005,1.5009280726965313,-0.06083771866871974
residual_fitted,IZTECH::IZTECH_S005::2025-01-22,IZTECH,IZTECH::IZTECH_S005,1.4990019368295486,-0.47664021620760993
residual_fitted,IZTECH::IZTECH_S005::2025-01-23,IZTECH,IZTECH::IZTECH_S005,1.497030165171176,0.1628252034534573
residual_fitted,IZTECH::IZTECH_S005::2025-01-24,IZTECH,IZTECH::IZTECH_S005,1.495013902670592,-0.39223743825318635
residual_fitted,IZTECH::IZTECH_S005::2025-01-25,IZTECH,IZTECH::IZTECH_S005,1.492954291347011,-0.6486029939474826
residual_fitted,IZTECH::IZTECH_S005::2025-01-26,IZTECH,IZTECH::IZTECH_S005,1.4908524683874294,-0.0288919042672771
residual_fitted,IZTECH::IZTECH_S006::2025-02-18,IZTECH,IZTECH::IZTECH_S006,1.6044101737137055,0.2336479312102587
residual_fitted,IZTECH::IZTECH_S006::2025-02-19,IZTECH,IZTECH::IZTECH_S006,1.6016010065981976,-1.1765840548684277
residual_fitted,IZTECH::IZTECH_S006::2025-02-20,IZTECH,IZTECH::IZTECH_S006,1.5987730941959486,0.5589368696219356
residual_fitted,IZTECH::IZTECH_S006::2025-02-21,IZTECH,IZTECH::IZTECH_S006,1.595927119855761,-1.0503480154530829
residual_fitted,IZTECH::IZTECH_S006::2025-02-22,IZTECH,IZTECH::IZTECH_S006,1.593063747869314,-0.4297271936154295
residual_fitted,IZTECH::IZTECH_S006::2025-02-23,IZTECH,IZTECH::IZTECH_S006,1.590183623886201,1.1664882940976309
residual_fitted,IZTECH::IZTECH_S007::2025-02-25,IZTECH,IZTECH::IZTECH_S007,2.0907869534302046,0.5087479028508621
residual_fitted,IZTECH::IZTECH_S007::2025-02-26,IZTECH,IZTECH::IZTECH_S007,2.0878602689825545,-0.821704951944961
residual_fitted,IZTECH::IZTECH_S007::2025-02-27,IZTECH,IZTECH::IZTECH_S007,2.0849192395264846,0.376389555871036
residual_fitted,IZTECH::IZTECH_S007::2025-02-28,IZTECH,IZTECH::IZTECH_S007,2.0819644257821395,-0.6553843938725739
residual_fitted,IZTECH::IZTECH_S007::2025-03-01,IZTECH,IZTECH::IZTECH_S007,2.0789963733158663,1.7572332912369624
residual_fitted,IZTECH::IZTECH_S007::2025-03-02,IZTECH,IZTECH::IZTECH_S007,2.076015613187475,0.3472062869471126
residual_fitted,IZTECH::IZTECH_S008::2025-03-04,IZTECH,IZTECH::IZTECH_S008,1.571223535117226,0.671485802507772
residual_fitted,IZTECH::IZTECH_S008::2025-03-05,IZTECH,IZTECH::IZTECH_S008,1.5682077039337683,-0.6389508724510556
residual_fitted,IZTECH::IZTECH_S008::2025-03-06,IZTECH,IZTECH::IZTECH_S008,1.5651811584326176,0.36014892301018736
residual_fitted,IZTECH::IZTECH_S008::2025-03-07,IZTECH,IZTECH::IZTECH_S008,1.5621443678676334,-0.79098521969307
residual_fitted,IZTECH::IZTECH_S008::2025-03-09,IZTECH,IZTECH::IZTECH_S008,1.5560418785496262,-0.26604344326409374
residual_fitted,IZTECH::IZTECH_S009::2025-03-19,IZTECH,IZTECH::IZTECH_S009,1.6148024436560524,0.8583434991042044
residual_fitted,IZTECH::IZTECH_S009::2025-03-20,IZTECH,IZTECH::IZTECH_S009,1.611671634327916,0.7426253841682913
residual_fitted,IZTECH::IZTECH_S009::2025-03-21,IZTECH,IZTECH::IZTECH_S009,1.6085364470297054,-1.3441464962583098
residual_fitted,IZTECH::IZTECH_S009::2025-03-22,IZTECH,IZTECH::IZTECH_S009,1.6053972833790457,-0.9222930870962092
residual_fitted,IZTECH::IZTECH_S009::2025-03-24,IZTECH,IZTECH::IZTECH_S009,1.5991086451662715,1.7730269228513604
residual_fitted,IZTECH::IZTECH_S009::2025-03-25,IZTECH,IZTECH::IZTECH_S009,1.5959599879803164,0.5224779798038114
residual_fitted,IZTECH::IZTECH_S009::2025-03-26,IZTECH,IZTECH::IZTECH_S009,1.5928089909433163,-1.9027396905719185
residual_fitted,IZTECH::IZTECH_S010::2025-04-15,IZTECH,IZTECH::IZTECH_S010,1.2643917882380848,-0.7936699458369909
residual_fitted,IZTECH::IZTECH_S010::2025-04-16,IZTECH,IZTECH::IZTECH_S010,1.2613049729427972,0.7828827646121872
residual_fitted,IZTECH::IZTECH_S010::2025-04-18,IZTECH,IZTECH::IZTECH_S010,1.2551611980206887,-0.384449519782016
residual_fitted,IZTECH::IZTECH_S010::2025-04-19,IZTECH,IZTECH::IZTECH_S010,1.2521057693967785,-1.097548287736642
residual_fitted,IZTECH::IZTECH_S010::2025-04-20,IZTECH,IZTECH::IZTECH_S010,1.2490623741330062,0.0608491307066503
residual_fitted,IZTECH::IZTECH_S011::2025-04-15,IZTECH,IZTECH::IZTECH_S011,0.987295971318314,-0.5622049238789214
residual_fitted,IZTECH::IZTECH_S011::2025-04-16,IZTECH,IZTECH::IZTECH_S011,0.9842091560230264,-0.2399624831861357
residual_fitted,IZTECH::IZTECH_S011::2025-04-17,IZTECH,IZTECH::IZTECH_S011,0.9811320414061047,-0.2761059935289839
residual_fitted,IZTECH::IZTECH_S011::2025-04-18,IZTECH,IZTECH::IZTECH_S011,0.9780653811009179,-0.49144917378995723
residual_fitted,IZTECH::IZTECH_S011::2025-04-19,IZTECH,IZTECH::IZTECH_S011,0.9750099524770077,-1.1647285681015231
residual_fitted,IZTECH::IZTECH_S011::2025-04-20,IZTECH,IZTECH::IZTECH_S011,0.9719665572132354,0.09321728444941939
residual_fitted,IZTECH::IZTECH_S012::2025-04-22,IZTECH,IZTECH::IZTECH_S012,1.4434965348816005,-1.4058188471029045
residual_fitted,IZTECH::IZTECH_S012::2025-04-23,IZTECH,IZTECH::IZTECH_S012,1.4404943005180855,-1.70087773666931
residual_fitted,IZTECH::IZTECH_S012::2025-04-24,IZTECH,IZTECH::IZTECH_S012,1.4375075592545932,0.8909494551199791
residual_fitted,IZTECH::IZTECH_S012::2025-04-25,IZTECH,IZTECH::IZTECH_S012,1.434537241401859,2.6465501813071235
residual_fitted,IZTECH::IZTECH_S012::2025-04-26,IZTECH,IZTECH::IZTECH_S012,1.4315843040405145,-1.3119499726932768
residual_fitted,IZTECH::IZTECH_S012::2025-04-27,IZTECH,IZTECH::IZTECH_S012,1.4286497312928401,0.3241499321338579
residual_fitted,IZTECH::IZTECH_S013::2025-04-22,IZTECH,IZTECH::IZTECH_S013,1.6724935393736216,-0.12641879357384034
residual_fitted,IZTECH::IZTECH_S013::2025-04-23,IZTECH,IZTECH::IZTECH_S013,1.6694913050101066,-1.7554267001827584
residual_fitted,IZTECH::IZTECH_S013::2025-04-24,IZTECH,IZTECH::IZTECH_S013,1.6665045637466143,1.274413601680192
residual_fitted,IZTECH::IZTECH_S013::2025-04-25,IZTECH,IZTECH::IZTECH_S013,1.66353424589388,1.696065310824823
residual_fitted,IZTECH::IZTECH_S013::2025-04-27,IZTECH,IZTECH::IZTECH_S013,1.6576467357848612,-0.646244625169972
residual_fitted,IZTECH::IZTECH_S014::2025-04-29,IZTECH,IZTECH::IZTECH_S014,1.730698845179894,-1.0321566046753579
residual_fitted,IZTECH::IZTECH_S014::2025-04-30,IZTECH,IZTECH::IZTECH_S014,1.7278255429748268,0.9025154098358457
residual_fitted,IZTECH::IZTECH_S014::2025-05-01,IZTECH,IZTECH::IZTECH_S014,1.7249748139837557,1.0851080185151327
residual_fitted,IZTECH::IZTECH_S014::2025-05-02,IZTECH,IZTECH::IZTECH_S014,1.7221477782289254,0.5708332849460684
residual_fitted,IZTECH::IZTECH_S014::2025-05-03,IZTECH,IZTECH::IZTECH_S014,1.7193455824925958,-1.3371491995494387
residual_fitted,IZTECH::IZTECH_S014::2025-05-04,IZTECH,IZTECH::IZTECH_S014,1.7165694000107046,0.5974067975654077
residual_fitted,IZTECH::IZTECH_S015::2025-04-29,IZTECH,IZTECH::IZTECH_S015,2.2020392869075813,0.4156673294319826
residual_fitted,IZTECH::IZTECH_S015::2025-04-30,IZTECH,IZTECH::IZTECH_S015,2.1991659847025145,1.5738615579035145
residual_fitted,IZTECH::IZTECH_S015::2025-05-01,IZTECH,IZTECH::IZTECH_S015,2.1963152557114434,-0.5530695047146825
residual_fitted,IZTECH::IZTECH_S015::2025-05-02,IZTECH,IZTECH::IZTECH_S015,2.193488219956613,1.4810956748720976
residual_fitted,IZTECH::IZTECH_S015::2025-05-03,IZTECH,IZTECH::IZTECH_S015,2.1906860242202835,-0.06851244683586839
residual_fitted,IZTECH::IZTECH_S015::2025-05-04,IZTECH,IZTECH::IZTECH_S015,2.187909841738392,-0.005467010944846103
residual_fitted,IZTECH::IZTECH_S016::2025-05-06,IZTECH,IZTECH::IZTECH_S016,1.7212538991706872,-0.2045766899672523
residual_fitted,IZTECH::IZTECH_S016::2025-05-07,IZTECH,IZTECH::IZTECH_S016,1.7185630528350317,0.01764429953924377
residual_fitted,IZTECH::IZTECH_S016::2025-05-08,IZTECH,IZTECH::IZTECH_S016,1.7159031664977304,-1.4923144486596471
residual_fitted,IZTECH::IZTECH_S016::2025-05-09,IZTECH,IZTECH::IZTECH_S016,1.7132755367151076,1.1389031289456144
residual_fitted,IZTECH::IZTECH_S016::2025-05-10,IZTECH,IZTECH::IZTECH_S016,1.7106814821540988,0.5845307067772326
residual_fitted,IZTECH::IZTECH_S016::2025-05-11,IZTECH,IZTECH::IZTECH_S016,1.7081223424459562,0.7866846751998325
residual_fitted,IZTECH::IZTECH_S017::2025-05-27,IZTECH,IZTECH::IZTECH_S017,1.81717151653718,1.9306365375195882
residual_fitted,IZTECH::IZTECH_S017::2025-05-28,IZTECH,IZTECH::IZTECH_S017,1.815423033754297,-1.6709280725001459
residual_fitted,IZTECH::IZTECH_S017::2025-05-29,IZTECH,IZTECH::IZTECH_S017,1.813735084778594,0.6605216777474865
residual_fitted,IZTECH::IZTECH_S017::2025-05-30,IZTECH,IZTECH::IZTECH_S017,1.8121090192466838,-0.09410395414115783
residual_fitted,IZTECH::IZTECH_S017::2025-05-31,IZTECH,IZTECH::IZTECH_S017,1.8105461588493434,0.10685987773755144
residual_fitted,IZTECH::IZTECH_S017::2025-06-01,IZTECH,IZTECH::IZTECH_S017,1.8090477939272223,0.5267532195703103
residual_fitted,KNUST::KNUST_S001::2024-10-08,KNUST,KNUST::KNUST_S001,1.8987499435610191,1.2956229373320167
residual_fitted,KNUST::KNUST_S001::2024-10-09,KNUST,KNUST::KNUST_S001,1.8991497011725447,-0.8750104691457571
residual_fitted,KNUST::KNUST_S001::2024-10-11,KNUST,KNUST::KNUST_S001,1.8999377387405696,-0.6967646626229654
residual_fitted,KNUST::KNUST_S001::2024-10-12,KNUST,KNUST::KNUST_S001,1.900325915362698,-0.4384024424417557
residual_fitted,KNUST::KNUST_S001::2024-10-13,KNUST,KNUST::KNUST_S001,1.9007101292791946,0.5168035502666908
residual_fitted,KNUST::KNUST_S002::2024-10-15,KNUST,KNUST::KNUST_S002,2.262438472975356,0.6023415253787902
residual_fitted,KNUST::KNUST_S002::2024-10-16,KNUST,KNUST::KNUST_S002,2.2628104987870863,-0.353767857098716
residual_fitted,KNUST::KNUST_S002::2024-10-17,KNUST,KNUST::KNUST_S002,2.263178363302844,0.422270484902866
residual_fitted,KNUST::KNUST_S002::2024-10-18,KNUST,KNUST::KNUST_S002,2.2635420178199954,0.2625585754777628
residual_fitted,KNUST::KNUST_S002::2024-10-19,KNUST,KNUST::KNUST_S002,2.2639014139422433,0.16258081351578277
residual_fitted,KNUST::KNUST_S002::2024-10-20,KNUST,KNUST::KNUST_S002,2.2642565035351585,0.28161475108965156
residual_fitted,KNUST::KNUST_S003::2024-10-22,KNUST,KNUST::KNUST_S003,1.6159921866439522,-0.9349495594507308
residual_fitted,KNUST::KNUST_S003::2024-10-23,KNUST,KNUST::KNUST_S003,1.616334070050888,-1.413190450661146
residual_fitted,KNUST::KNUST_S003::2024-10-24,KNUST,KNUST::KNUST_S003,1.6166714564363163,-1.4932322333835695
residual_fitted,KNUST::KNUST_S003::2024-10-25,KNUST,KNUST::KNUST_S003,1.6170042985502333,-0.2791389442051836
residual_fitted,KNUST::KNUST_S003::2024-10-26,KNUST,KNUST::KNUST_S003,1.6173325492414525,1.0145985770866015
residual_fitted,KNUST::KNUST_S003::2024-10-27,KNUST,KNUST::KNUST_S003,1.6176561614180798,1.6513219743502656
residual_fitted,KNUST::KNUST_S004::2024-10-29,KNUST,KNUST::KNUST_S004,1.9708496231503478,0.17419030017908302
residual_fitted,KNUST::KNUST_S004::2024-10-30,KNUST,KNUST::KNUST_S004,1.9711590378692068,0.8308403442805468
residual_fitted,KNUST::KNUST_S004::2024-10-31,KNUST,KNUST::KNUST_S004,1.97146362622469,-1.2003115670415463
residual_fitted,KNUST::KNUST_S004::2024-11-01,KNUST,KNUST::KNUST_S004,1.9717633413126578,-1.5988633374843746
residual_fitted,KNUST::KNUST_S004::2024-11-02,KNUST,KNUST::KNUST_S004,1.9720581362141474,0.6505791168986051
residual_fitted,KNUST::KNUST_S004::2024-11-03,KNUST,KNUST::KNUST_S004,1.9723479640250183,1.2276138118661797
residual_fitted,KNUST::KNUST_S005::2024-11-05,KNUST,KNUST::KNUST_S005,1.8663672150316877,1.015751747194273
residual_fitted,KNUST::KNUST_S005::2024-11-06,KNUST,KNUST::KNUST_S005,1.866641860111277,1.114972095450621
residual_fitted,KNUST::KNUST_S005::2024-11-07,KNUST,KNUST::KNUST_S005,1.866911350483688,-1.553247866769371
residual_fitted,KNUST::KNUST_S005::2024-11-08,KNUST,KNUST::KNUST_S005,1.8671756392843082,-0.4784404928417962
residual_fitted,KNUST::KNUST_S005::2024-11-09,KNUST,KNUST::KNUST_S005,1.8674346796485242,-0.04073682751967583
residual_fitted,KNUST::KNUST_S005::2024-11-10,KNUST,KNUST::KNUST_S005,1.8676884248006604,-0.4392336831409674
residual_fitted,KNUST::KNUST_S006::2024-11-12,KNUST,KNUST::KNUST_S006,2.381614964649622,0.4599755278353914
residual_fitted,KNUST::KNUST_S006::2024-11-13,KNUST,KNUST::KNUST_S006,2.381852544193309,-0.01814076393993003
residual_fitted,KNUST::KNUST_S006::2024-11-14,KNUST,KNUST::KNUST_S006,2.3820846422374626,0.5390532071006517
residual_fitted,KNUST::KNUST_S006::2024-11-15,KNUST,KNUST::KNUST_S006,2.382311212579554,0.7179697318211767
residual_fitted,KNUST::KNUST_S006::2024-11-16,KNUST,KNUST::KNUST_S006,2.3825322091949266,0.02086669466358418
residual_fitted,KNUST::KNUST_S006::2024-11-17,KNUST,KNUST::KNUST_S006,2.3827475863207925,0.14006753012529377
residual_fitted,KNUST::KNUST_S007::2024-11-19,KNUST,KNUST::KNUST_S007,2.059902676262085,1.0234741637351783
residual_fitted,KNUST::KNUST_S007::2024-11-20,KNUST,KNUST::KNUST_S007,2.060100923193614,1.1028760889620948
residual_fitted,KNUST::KNUST_S007::2024-11-21,KNUST,KNUST::KNUST_S007,2.060293370702204,-0.4901287509378454
residual_fitted,KNUST::KNUST_S007::2024-11-22,KNUST,KNUST::KNUST_S007,2.0604799748433265,-1.1871907034919573
residual_fitted,KNUST::KNUST_S008::2024-11-27,KNUST,KNUST::KNUST_S008,1.9245030656723112,0.229555026857708
residual_fitted,KNUST::KNUST_S008::2024-11-28,KNUST,KNUST::KNUST_S008,1.9246537191266337,-1.7217742494378843
residual_fitted,KNUST::KNUST_S008::2024-11-29,KNUST,KNUST::KNUST_S008,1.9247982390234586,1.2844158198600355
residual_fitted,KNUST::KNUST_S008::2024-11-30,KNUST,KNUST::KNUST_S008,1.924936587125017,-0.0696081520464698
residual_fitted,KNUST::KNUST_S008::2024-12-01,KNUST,KNUST::KNUST_S008,1.9250687261718415,0.12933086534648008
residual_fitted,KNUST::KNUST_S009::2024-12-03,KNUST,KNUST::KNUST_S009,2.517908593398059,1.551471989742708
residual_fitted,KNUST::KNUST_S009::2024-12-04,KNUST,KNUST::KNUST_S009,2.518021892702602,-0.02152861437839809
residual_fitted,KNUST::KNUST_S009::2024-12-05,KNUST,KNUST::KNUST_S009,2.5181288451847794,0.9738279632726078
residual_fitted,KNUST::KNUST_S009::2024-12-06,KNUST,KNUST::KNUST_S009,2.5182294195290487,0.2768687802972555
residual_fitted,KNUST::KNUST_S009::2024-12-07,KNUST,KNUST::KNUST_S009,2.518323585803325,0.05774973599862573
residual_fitted,KNUST::KNUST_S009::2024-12-08,KNUST,KNUST::KNUST_S009,2.518411315513331,-0.4002778611596353
residual_fitted,KNUST::KNUST_S010::2024-12-10,KNUST,KNUST::KNUST_S010,1.8172604193587345,-0.23962552766726758
residual_fitted,KNUST::KNUST_S010::2024-12-11,KNUST,KNUST::KNUST_S010,1.817328683687586,0.6761385188386032
residual_fitted,KNUST::KNUST_S010::2024-12-12,KNUST,KNUST::KNUST_S010,1.8173904130389515,-0.6777939257486424
residual_fitted,KNUST::KNUST_S010::2024-12-13,KNUST,KNUST::KNUST_S010,1.8174455869673092,0.27780513194674034
residual_fitted,KNUST::KNUST_S010::2024-12-14,KNUST,KNUST::KNUST_S010,1.8174941867910466,0.9347667406210203
residual_fitted,KNUST::KNUST_S010::2024-12-15,KNUST,KNUST::KNUST_S010,1.8175361956270448,-1.5938136686794022
residual_fitted,KNUST::KNUST_S011::2024-12-17,KNUST,KNUST::KNUST_S011,2.0522678863358292,-1.874219735625411
residual_fitted,KNUST::KNUST_S011::2024-12-18,KNUST,KNUST::KNUST_S011,2.0522900395124557,1.1321165106571003
residual_fitted,KNUST::KNUST_S011::2024-12-19,KNUST,KNUST::KNUST_S011,2.0523055529245946,0.13661363754996508
residual_fitted,KNUST::KNUST_S011::2024-12-20,KNUST,KNUST::KNUST_S011,2.0523144192053366,1.7094683049584676
residual_fitted,KNUST::KNUST_S011::2024-12-21,KNUST,KNUST::KNUST_S011,2.052316632944376,0.7538006930339669
residual_fitted,KNUST::KNUST_S011::2024-12-22,KNUST,KNUST::KNUST_S011,2.0523121907324784,-1.4561692375730064
residual_fitted,KNUST::KNUST_S012::2025-01-07,KNUST,KNUST::KNUST_S012,1.6325866818954604,-0.4968502347606739
residual_fitted,KNUST::KNUST_S012::2025-01-08,KNUST,KNUST::KNUST_S012,1.632470443011176,-1.830660395016231
residual_fitted,KNUST::KNUST_S012::2025-01-09,KNUST,KNUST::KNUST_S012,1.6323478101286348,-1.9499720210082863
residual_fitted,KNUST::KNUST_S012::2025-01-10,KNUST,KNUST::KNUST_S012,1.6322188135406088,0.10087981850942601
residual_fitted,KNUST::KNUST_S012::2025-01-11,KNUST,KNUST::KNUST_S012,1.6320834848195676,1.2159839416623415
residual_fitted,KNUST::KNUST_S012::2025-01-12,KNUST,KNUST::KNUST_S012,1.6319418568028559,1.534708116974295
residual_fitted,KNUST::KNUST_S013::2025-01-14,KNUST,KNUST::KNUST_S013,1.8256396906273076,-1.0062033468904052
residual_fitted,KNUST::KNUST_S013::2025-01-15,KNUST,KNUST::KNUST_S013,1.8254793732550534,-0.6874568456255067
residual_fitted,KNUST::KNUST_S013::2025-01-16,KNUST,KNUST::KNUST_S013,1.8253128991375704,1.2240719560939555
residual_fitted,KNUST::KNUST_S013::2025-01-17,KNUST,KNUST::KNUST_S013,1.8251403063891045,-0.10967088489437951
residual_fitted,KNUST::KNUST_S014::2025-01-21,KNUST,KNUST::KNUST_S014,2.013449609741131,0.1631205303247107
residual_fitted,KNUST::KNUST_S014::2025-01-22,KNUST,KNUST::KNUST_S014,2.0132470241247717,0.8203822004057777
residual_fitted,KNUST::KNUST_S014::2025-01-23,KNUST,KNUST::KNUST_S014,2.0130385648827587,-0.6526856028940333
residual_fitted,KNUST::KNUST_S014::2025-01-24,KNUST,KNUST::KNUST_S014,2.0128242750603746,0.5421515929929316
residual_fitted,KNUST::KNUST_S014::2025-01-25,KNUST,KNUST::KNUST_S014,2.012604198177231,-0.5725279693035478
residual_fitted,KNUST::KNUST_S014::2025-01-26,KNUST,KNUST::KNUST_S014,2.012378378212443,-0.05460635165714836
residual_fitted,KNUST::KNUST_S015::2025-01-28,KNUST,KNUST::KNUST_S015,1.4865402385538542,-1.6165155412603436
residual_fitted,KNUST::KNUST_S015::2025-01-29,KNUST,KNUST::KNUST_S015,1.486297457033221,0.1358269212768115
residual_fitted,KNUST::KNUST_S015::2025-01-30,KNUST,KNUST::KNUST_S015,1.4860491119839248,-0.7598123173627304
residual_fitted,KNUST::KNUST_S015::2025-01-31,KNUST,KNUST::KNUST_S015,1.4857952490353488,0.7138077673385969
residual_fitted,KNUST::KNUST_S015::2025-02-01,KNUST,KNUST::KNUST_S015,1.485535914058981,-0.5202830189065845
residual_fitted,RISE::RISE_S001::2025-03-04,RISE,RISE::RISE_S001,2.1209149615433405,-0.10462336733885202
residual_fitted,RISE::RISE_S001::2025-03-05,RISE,RISE::RISE_S001,2.1148456134564233,-0.2964699063768698
residual_fitted,RISE::RISE_S001::2025-03-06,RISE,RISE::RISE_S001,2.1087563375035496,0.48728201429429685
residual_fitted,RISE::RISE_S001::2025-03-07,RISE,RISE::RISE_S001,2.1026475617164966,0.6538569376335274
residual_fitted,RISE::RISE_S001::2025-03-08,RISE,RISE::RISE_S001,2.0965196819320138,-0.7922299502948229
residual_fitted,RISE::RISE_S001::2025-03-09,RISE,RISE::RISE_S001,2.090373063545853,-0.14777733718106678
residual_fitted,RISE::RISE_S002::2025-03-18,RISE,RISE::RISE_S002,2.136843308261864,1.2102979460186276
residual_fitted,RISE::RISE_S002::2025-03-19,RISE,RISE::RISE_S002,2.1305239051774914,-1.9876125920691758
residual_fitted,RISE::RISE_S002::2025-03-20,RISE,RISE::RISE_S002,2.1241882518566166,-0.26781107301188883
residual_fitted,RISE::RISE_S002::2025-03-21,RISE,RISE::RISE_S002,2.1178364777364824,0.25742849435747067
residual_fitted,RISE::RISE_S002::2025-03-22,RISE,RISE::RISE_S002,2.111468703069165,-0.7304490227564496
residual_fitted,RISE::RISE_S002::2025-03-23,RISE,RISE::RISE_S002,2.1050850405174906,1.7658876332654951
residual_fitted,RISE::RISE_S003::2025-03-18,RISE,RISE::RISE_S003,2.471788530588499,-0.026028169219096894
residual_fitted,RISE::RISE_S003::2025-03-19,RISE,RISE::RISE_S003,2.4654691275041265,0.5987211624268662
residual_fitted,RISE::RISE_S003::2025-03-20,RISE,RISE::RISE_S003,2.459133474183252,0.028908697008199234
residual_fitted,RISE::RISE_S003::2025-03-21,RISE,RISE::RISE_S003,2.4527817000631176,-0.4214263898774133
residual_fitted,RISE::RISE_S003::2025-03-22,RISE,RISE::RISE_S003,2.4464139253958,-1.130568291489913
residual_fitted,RISE::RISE_S003::2025-03-23,RISE,RISE::RISE_S003,2.4400302628441257,2.659898007931485
residual_fitted,RISE::RISE_S004::2025-03-25,RISE,RISE::RISE_S004,2.5621355851387335,0.4036064812816422
residual_fitted,RISE::RISE_S004::2025-03-26,RISE,RISE::RISE_S004,2.555704883041175,0.21219160895463904
residual_fitted,RISE::RISE_S004::2025-03-27,RISE,RISE::RISE_S004,2.5492586999587257,0.41898896635188765
residual_fitted,RISE::RISE_S004::2025-03-28,RISE,RISE::RISE_S004,2.5427971348036356,0.406798143847243
residual_fitted,RISE::RISE_S004::2025-03-29,RISE,RISE::RISE_S004,2.536320288691802,0.33489651522179426
residual_fitted,RISE::RISE_S004::2025-03-30,RISE,RISE::RISE_S004,2.5298282666177454,0.52183894419554
residual_fitted,RISE::RISE_S005::2025-04-01,RISE,RISE::RISE_S005,2.0945189347977844,-0.5111042798623074
residual_fitted,RISE::RISE_S005::2025-04-02,RISE,RISE::RISE_S005,2.0879820797031416,0.5519179259427078
residual_fitted,RISE::RISE_S005::2025-04-03,RISE,RISE::RISE_S005,2.081430542392269,0.3009183406263603
residual_fitted,RISE::RISE_S005::2025-04-04,RISE,RISE::RISE_S005,2.0748644737904645,1.0056010815505478
residual_fitted,RISE::RISE_S005::2025-04-05,RISE,RISE::RISE_S005,2.068284039566729,-0.49967425381307956
residual_fitted,RISE::RISE_S005::2025-04-06,RISE,RISE::RISE_S005,2.061689422105188,-0.392248013603405
residual_fitted,RISE::RISE_S006::2025-04-15,RISE,RISE::RISE_S006,1.8507746852783016,0.2977198778463801
residual_fitted,RISE::RISE_S006::2025-04-16,RISE,RISE::RISE_S006,1.8440534843486616,0.9229491896482337
residual_fitted,RISE::RISE_S006::2025-04-17,RISE,RISE::RISE_S006,1.8373218414941692,0.05496446356255199
residual_fitted,RISE::RISE_S006::2025-04-18,RISE,RISE::RISE_S006,1.830580319826374,-1.0917440769798084
residual_fitted,RISE::RISE_S006::2025-04-19,RISE,RISE::RISE_S006,1.8238295321229374,-1.262866894235135
residual_fitted,RISE::RISE_S006::2025-04-20,RISE,RISE::RISE_S006,1.8170701441676969,0.8755442335062222
residual_fitted,RISE::RISE_S007::2025-04-15,RISE,RISE::RISE_S007,2.311755996418567,0.08550494168953175
residual_fitted,RISE::RISE_S007::2025-04-16,RISE,RISE::RISE_S007,2.305034795488927,-1.0811375604463183
residual_fitted,RISE::RISE_S007::2025-04-17,RISE,RISE::RISE_S007,2.2983031526344346,1.8735375832017676
residual_fitted,RISE::RISE_S007::2025-04-18,RISE,RISE::RISE_S007,2.2915616309666396,0.3684546798718664
residual_fitted,RISE::RISE_S007::2025-04-19,RISE,RISE::RISE_S007,2.284810843263203,0.21724154943806961
residual_fitted,RISE::RISE_S007::2025-04-20,RISE,RISE::RISE_S007,2.2780514553079625,0.34477430820489363
residual_fitted,RISE::RISE_S008::2025-04-29,RISE,RISE::RISE_S008,1.8448237658066906,0.006183432102224683
residual_fitted,RISE::RISE_S008::2025-05-01,RISE,RISE::RISE_S008,1.831238411097497,0.30114785706081176
residual_fitted,RISE::RISE_S008::2025-05-02,RISE,RISE::RISE_S008,1.8244524130890865,0.4685317773401909
residual_fitted,RISE::RISE_S008::2025-05-03,RISE,RISE::RISE_S008,1.8176731617024093,-0.33966701602295074
residual_fitted,RISE::RISE_S008::2025-05-04,RISE,RISE::RISE_S008,1.810902528641416,-0.2519401977071581
residual_fitted,RISE::RISE_S009::2025-05-27,RISE,RISE::RISE_S009,1.6477876456876415,-0.3557315258976979
residual_fitted,RISE::RISE_S009::2025-05-28,RISE,RISE::RISE_S009,1.6422613535805983,-0.2296718002603865
residual_fitted,RISE::RISE_S009::2025-05-29,RISE,RISE::RISE_S009,1.6368576920289237,0.035609240970507175
residual_fitted,RISE::RISE_S009::2025-05-30,RISE,RISE::RISE_S009,1.6315850996620345,-0.09746002701446183
residual_fitted,RISE::RISE_S009::2025-05-31,RISE,RISE::RISE_S009,1.6264523577175816,-0.011689802649354385
residual_fitted,RISE::RISE_S009::2025-06-01,RISE,RISE::RISE_S009,1.6214685760586522,0.770741515311287
residual_fitted,RISE::RISE_S010::2025-06-10,RISE,RISE::RISE_S010,1.7515675519515566,0.9737020861490574
residual_fitted,RISE::RISE_S010::2025-06-11,RISE,RISE::RISE_S010,1.7486218937639133,0.34011093578005097
residual_fitted,RISE::RISE_S010::2025-06-12,RISE,RISE::RISE_S010,1.745935379951763,-1.9861131634204656
residual_fitted,RISE::RISE_S010::2025-06-13,RISE,RISE::RISE_S010,1.7435170436407859,0.4855769015641002
residual_fitted,RISE::RISE_S010::2025-06-14,RISE,RISE::RISE_S010,1.7413753119974682,1.0256969181218645
residual_fitted,RISE::RISE_S012::2025-06-10,RISE,RISE::RISE_S012,1.240540349453831,-0.40680310246320683
residual_fitted,RISE::RISE_S012::2025-06-11,RISE,RISE::RISE_S012,1.2375946912661875,-1.239491121047513
residual_fitted,RISE::RISE_S012::2025-06-12,RISE,RISE::RISE_S012,1.2349081774540371,-0.12133940012333323
residual_fitted,RISE::RISE_S012::2025-06-13,RISE,RISE::RISE_S012,1.2324898411430603,-0.2976376824022625
residual_fitted,RISE::RISE_S012::2025-06-14,RISE,RISE::RISE_S012,1.2303481094997424,0.4216695155492719
residual_fitted,RISE::RISE_S012::2025-06-15,RISE,RISE::RISE_S012,1.228490686132571,0.8619014686750551
residual_fitted,RISE::RISE_S012::2025-06-16,RISE,RISE::RISE_S012,1.2269244366702456,-0.6095443439414102
residual_fitted,RISE::RISE_S013::2025-06-24,RISE,RISE::RISE_S013,0.8194296082696421,-0.8992364650901332
residual_fitted,RISE::RISE_S013::2025-06-25,RISE,RISE::RISE_S013,0.8206125095385187,-0.8608301630753207
residual_fitted,RISE::RISE_S013::2025-06-26,RISE,RISE::RISE_S013,0.8220929846890089,-0.5440437217264391
residual_fitted,RISE::RISE_S013::2025-06-27,RISE,RISE::RISE_S013,0.8238651947510617,-0.8049866992453756
residual_fitted,RISE::RISE_S013::2025-06-29,RISE,RISE::RISE_S013,0.8282567745904089,-0.05366469878242314
residual_fitted,RISE::RISE_S014::2025-10-07,RISE,RISE::RISE_S014,1.8002177108318063,0.9753145809862402
residual_fitted,RISE::RISE_S014::2025-10-08,RISE,RISE::RISE_S014,1.8062055265287693,-0.3657873681725668
residual_fitted,RISE::RISE_S014::2025-10-09,RISE,RISE::RISE_S014,1.8121741877222335,-0.2733689845712582
residual_fitted,RISE::RISE_S014::2025-10-10,RISE,RISE::RISE_S014,1.818123255678393,-0.9972243549395677
residual_fitted,RISE::RISE_S014::2025-10-11,RISE,RISE::RISE_S014,1.8240522564297517,0.1504548078217245
residual_fitted,RISE::RISE_S014::2025-10-12,RISE,RISE::RISE_S014,1.8299606791100342,-1.051184492180497
residual_fitted,RISE::RISE_S015::2025-10-07,RISE,RISE::RISE_S015,2.169693368449847,-0.04343501471937407
residual_fitted,RISE::RISE_S015::2025-10-08,RISE,RISE::RISE_S015,2.17568118414681,0.7657092128470632
residual_fitted,RISE::RISE_S015::2025-10-09,RISE,RISE::RISE_S015,2.1816498453402744,0.6789404150546012
residual_fitted,RISE::RISE_S015::2025-10-10,RISE,RISE::RISE_S015,2.187598913296434,-0.5824764994950193
residual_fitted,RISE::RISE_S015::2025-10-11,RISE,RISE::RISE_S015,2.1935279140477926,0.1271895531926119
residual_fitted,RISE::RISE_S015::2025-10-12,RISE,RISE::RISE_S015,2.199436336728075,-0.8952625654158389
residual_fitted,RISE::RISE_S016::2025-10-07,RISE,RISE::RISE_S016,2.3596107625525784,0.6057194551151591
residual_fitted,RISE::RISE_S016::2025-10-08,RISE,RISE::RISE_S016,2.3655985782495415,0.3795599679620339
residual_fitted,RISE::RISE_S016::2025-10-09,RISE,RISE::RISE_S016,2.3715672394430056,0.6113461593140531
residual_fitted,RISE::RISE_S016::2025-10-10,RISE,RISE::RISE_S016,2.377516307399165,0.34541358584093423
residual_fitted,RISE::RISE_S016::2025-10-11,RISE,RISE::RISE_S016,2.383445308150524,0.4179696602396047
residual_fitted,RISE::RISE_S016::2025-10-12,RISE,RISE::RISE_S016,2.3893537308308064,-1.480508678516168
residual_fitted,RISE::RISE_S017::2025-10-14,RISE,RISE::RISE_S017,1.7263305765092478,-0.529196182466015
residual_fitted,RISE::RISE_S017::2025-10-15,RISE,RISE::RISE_S017,1.7321738044606922,-0.2574407772769987
residual_fitted,RISE::RISE_S017::2025-10-16,RISE,RISE::RISE_S017,1.7379940067878725,-0.6824969048634554
residual_fitted,RISE::RISE_S017::2025-10-17,RISE,RISE::RISE_S017,1.7437904617806943,-0.4903243728630857
residual_fitted,RISE::RISE_S017::2025-10-19,RISE,RISE::RISE_S017,1.7553090035353822,-0.10589046997107797
residual_fitted,THUAS::THUAS_S001::2025-02-22,THUAS,THUAS::THUAS_S001,2.443313278436209,-2.0228002238641896
residual_fitted,THUAS::THUAS_S001::2025-02-23,THUAS,THUAS::THUAS_S001,2.438606029001191,0.889637243801718
residual_fitted,THUAS::THUAS_S001::2025-02-24,THUAS,THUAS::THUAS_S001,2.4338755648331905,1.6120368929831208
residual_fitted,THUAS::THUAS_S001::2025-02-25,THUAS,THUAS::THUAS_S001,2.4291227205422925,0.5027720894580355
residual_fitted,THUAS::THUAS_S001::2025-02-26,THUAS,THUAS::THUAS_S001,2.4243482952479614,0.528385215021341
residual_fitted,THUAS::THUAS_S001::2025-02-27,THUAS,THUAS::THUAS_S001,2.419553053878506,-1.3971261014331027
residual_fitted,THUAS::THUAS_S001::2025-02-28,THUAS,THUAS::THUAS_S001,2.4147377284458362,1.475621098145715
residual_fitted,THUAS::THUAS_S001::2025-03-02,THUAS,THUAS::THUAS_S001,2.4050495970930035,0.591258450844108
residual_fitted,THUAS::THUAS_S002::2025-03-04,THUAS,THUAS::THUAS_S002,1.4727163947078852,0.29141841088358855
residual_fitted,THUAS::THUAS_S002::2025-03-05,THUAS,THUAS::THUAS_S002,1.467810572799036,-1.4945930003856716
residual_fitted,THUAS::THUAS_S002::2025-03-06,THUAS,THUAS::THUAS_S002,1.4628884443568575,-1.6081712391681044
residual_fitted,THUAS::THUAS_S002::2025-03-07,THUAS,THUAS::THUAS_S002,1.4579505495028047,-1.0448012917591532
residual_fitted,THUAS::THUAS_S002::2025-03-08,THUAS,THUAS::THUAS_S002,1.4529974065342948,-0.24249688738083394
residual_fitted,THUAS::THUAS_S002::2025-03-09,THUAS,THUAS::THUAS_S002,1.4480295133971017,2.2521485171018814
residual_fitted,THUAS::THUAS_S003::2025-03-18,THUAS,THUAS::THUAS_S003,1.4067954618463856,-0.7049567697836995
residual_fitted,THUAS::THUAS_S003::2025-03-19,THUAS,THUAS::THUAS_S003,1.4017039957328972,-1.574900820184102
residual_fitted,THUAS::THUAS_S003::2025-03-20,THUAS,THUAS::THUAS_S003,1.396602322753817,-0.41404462185859864
residual_fitted,THUAS::THUAS_S003::2025-03-21,THUAS,THUAS::THUAS_S003,1.3914908087446376,-0.14911257459231086
residual_fitted,THUAS::THUAS_S003::2025-03-22,THUAS,THUAS::THUAS_S003,1.3863698180882225,0.3348373483355226
residual_fitted,THUAS::THUAS_S003::2025-03-23,THUAS,THUAS::THUAS_S003,1.3812397151427296,0.6794303488819514
residual_fitted,THUAS::THUAS_S005::2025-03-25,THUAS,THUAS::THUAS_S005,2.0753008346603563,0.7462538843750147
residual_fitted,THUAS::THUAS_S005::2025-03-26,THUAS,THUAS::THUAS_S005,2.0701456038977373,0.6329541052444221
residual_fitted,THUAS::THUAS_S005::2025-03-27,THUAS,THUAS::THUAS_S005,2.0649827488135513,-0.1771756047684441
residual_fitted,THUAS::THUAS_S005::2025-03-28,THUAS,THUAS::THUAS_S005,2.0598126567511086,-0.44973512544176203
residual_fitted,THUAS::THUAS_S005::2025-03-29,THUAS,THUAS::THUAS_S005,2.054635724327826,0.5320237950078367
residual_fitted,THUAS::THUAS_S005::2025-03-30,THUAS,THUAS::THUAS_S005,2.049452359065725,-0.039165172073533004
residual_fitted,THUAS::THUAS_S006::2025-04-01,THUAS,THUAS::THUAS_S006,2.0373423652591014,1.1101533477997123
residual_fitted,THUAS::THUAS_S006::2025-04-02,THUAS,THUAS::THUAS_S006,2.0321422800767786,1.1163652718452317
residual_fitted,THUAS::THUAS_S006::2025-04-05,THUAS,THUAS::THUAS_S006,2.016516027530993,-2.1102468524013207
residual_fitted,THUAS::THUAS_S006::2025-04-06,THUAS,THUAS::THUAS_S006,2.0113003058088403,1.1213530158487242
residual_fitted,THUAS::THUAS_S007::2025-04-08,THUAS,THUAS::THUAS_S007,1.548906034530801,-0.894629076375729
residual_fitted,THUAS::THUAS_S007::2025-04-09,THUAS,THUAS::THUAS_S007,1.543684346254198,-1.4060432030395007
residual_fitted,THUAS::THUAS_S007::2025-04-10,THUAS,THUAS::THUAS_S007,1.538461910204156,1.2481837681961028
residual_fitted,THUAS::THUAS_S007::2025-04-11,THUAS,THUAS::THUAS_S007,1.533239398943451,1.7521646525517065
residual_fitted,THUAS::THUAS_S007::2025-04-12,THUAS,THUAS::THUAS_S007,1.5280175191963719,0.08598891896622562
residual_fitted,THUAS::THUAS_S007::2025-04-13,THUAS,THUAS::THUAS_S007,1.5227970138399074,-1.5204593959758679
residual_fitted,THUAS::THUAS_S010::2025-06-03,THUAS,THUAS::THUAS_S010,1.7141476696076512,-0.27572646894845576
residual_fitted,THUAS::THUAS_S010::2025-06-05,THUAS,THUAS::THUAS_S010,1.7090851661904156,-0.19004015020813048
residual_fitted,THUAS::THUAS_S010::2025-06-07,THUAS,THUAS::THUAS_S010,1.7045607951425197,-0.32400322932116044
residual_fitted,THUAS::THUAS_S010::2025-06-08,THUAS,THUAS::THUAS_S010,1.7025085080538171,1.6295977027810196
residual_fitted,THUAS::THUAS_S010::2025-06-09,THUAS,THUAS::THUAS_S010,1.7006002016496136,0.2581089390674797
residual_fitted,THUAS::THUAS_S011::2025-05-13,THUAS,THUAS::THUAS_S011,1.78827185626617,0.09364896741043047
residual_fitted,THUAS::THUAS_S011::2025-05-14,THUAS,THUAS::THUAS_S011,1.783758594858862,-0.3389726853934384
residual_fitted,THUAS::THUAS_S011::2025-05-15,THUAS,THUAS::THUAS_S011,1.7793021517521992,0.5821964915924405
residual_fitted,THUAS::THUAS_S011::2025-05-16,THUAS,THUAS::THUAS_S011,1.774905570349445,0.5476291914782325
residual_fitted,THUAS::THUAS_S011::2025-05-17,THUAS,THUAS::THUAS_S011,1.7705719780840643,-0.3232202007801331
residual_fitted,THUAS::THUAS_S011::2025-05-18,THUAS,THUAS::THUAS_S011,1.7663045840283205,0.5180843944757638
residual_fitted,THUAS::THUAS_S014::2025-07-08,THUAS,THUAS::THUAS_S014,1.368949907377765,-1.436224967599927
residual_fitted,THUAS::THUAS_S014::2025-07-09,THUAS,THUAS::THUAS_S014,1.3716276804875598,-1.6385206532549355
residual_fitted,THUAS::THUAS_S014::2025-07-10,THUAS,THUAS::THUAS_S014,1.3744287140951363,0.9065731977867035
residual_fitted,THUAS::THUAS_S014::2025-07-11,THUAS,THUAS::THUAS_S014,1.377349356500983,0.44516145635442755
residual_fitted,THUAS::THUAS_S014::2025-07-12,THUAS,THUAS::THUAS_S014,1.3803859068730921,1.3175602704861595
residual_fitted,THUAS::THUAS_S015::2025-07-08,THUAS,THUAS::THUAS_S015,1.800559496019652,0.1187897574974337
residual_fitted,THUAS::THUAS_S015::2025-07-09,THUAS,THUAS::THUAS_S015,1.803237269129447,-1.8554680552737477
residual_fitted,THUAS::THUAS_S015::2025-07-10,THUAS,THUAS::THUAS_S015,1.8060383027370235,-0.6045038476315611
residual_fitted,THUAS::THUAS_S015::2025-07-11,THUAS,THUAS::THUAS_S015,1.80895894514287,-0.34916686348875586
residual_fitted,THUAS::THUAS_S015::2025-07-12,THUAS,THUAS::THUAS_S015,1.8119954955149793,1.1404322421104072
residual_fitted,THUAS::THUAS_S015::2025-07-13,THUAS,THUAS::THUAS_S015,1.8151442178321233,3.028091085642423
residual_fitted,THUAS::THUAS_S016::2025-07-08,THUAS,THUAS::THUAS_S016,1.5933768842712182,0.08755059688269147
residual_fitted,THUAS::THUAS_S016::2025-07-09,THUAS,THUAS::THUAS_S016,1.596054657381013,-0.4930291383813875
residual_fitted,THUAS::THUAS_S016::2025-07-10,THUAS,THUAS::THUAS_S016,1.5988556909885896,0.35974133283019816
residual_fitted,THUAS::THUAS_S016::2025-07-11,THUAS,THUAS::THUAS_S016,1.6017763333944361,-0.7188707000695088
residual_fitted,THUAS::THUAS_S016::2025-07-12,THUAS,THUAS::THUAS_S016,1.6048128837665454,1.4476577574616758
residual_fitted,THUAS::THUAS_S016::2025-07-13,THUAS,THUAS::THUAS_S016,1.6079616060836894,-0.10905921913100548
residual_fitted,THUAS::THUAS_S017::2025-09-11,THUAS,THUAS::THUAS_S017,1.4884868881293405,-1.1808278621906345
residual_fitted,THUAS::THUAS_S018::2025-09-23,THUAS,THUAS::THUAS_S018,1.4924425751273922,-1.2851016856559971
residual_fitted,THUAS::THUAS_S018::2025-09-24,THUAS,THUAS::THUAS_S018,1.4974574660004165,-0.75353083587825
residual_fitted,THUAS::THUAS_S018::2025-09-25,THUAS,THUAS::THUAS_S018,1.502462220998967,-1.2373419058733486
residual_fitted,THUAS::THUAS_S018::2025-09-26,THUAS,THUAS::THUAS_S018,1.5074565067345633,0.2499185258478267
residual_fitted,THUAS::THUAS_S018::2025-09-27,THUAS,THUAS::THUAS_S018,1.512439984294777,0.8810753354864292
residual_fitted,THUAS::THUAS_S018::2025-09-28,THUAS,THUAS::THUAS_S018,1.5174123078449542,0.7158579966346283
residual_fitted,THUAS::THUAS_S019::2025-09-30,THUAS,THUAS::THUAS_S019,1.9184082858880713,0.575300412228743
residual_fitted,THUAS::THUAS_S019::2025-10-01,THUAS,THUAS::THUAS_S019,1.9233449826681885,1.1467840448436148
residual_fitted,THUAS::THUAS_S019::2025-10-02,THUAS,THUAS::THUAS_S019,1.9282690455195155,-1.7061833635907475
residual_fitted,THUAS::THUAS_S019::2025-10-03,THUAS,THUAS::THUAS_S019,1.933180073476628,2.548622994500807
residual_fitted,THUAS::THUAS_S019::2025-10-04,THUAS,THUAS::THUAS_S019,1.938077650474655,-1.4192552364365731
residual_fitted,THUAS::THUAS_S019::2025-10-05,THUAS,THUAS::THUAS_S019,1.9429613439460571,-0.8676179738866101
residual_fitted,THUAS::THUAS_S020::2025-10-07,THUAS,THUAS::THUAS_S020,1.4893923530907827,-0.8235351508317047
residual_fitted,THUAS::THUAS_S020::2025-10-08,THUAS,THUAS::THUAS_S020,1.4942316153815653,-0.11256731705602696
residual_fitted,THUAS::THUAS_S020::2025-10-09,THUAS,THUAS::THUAS_S020,1.4990550718665299,-1.0540846081487139
residual_fitted,THUAS::THUAS_S020::2025-10-10,THUAS,THUAS::THUAS_S020,1.5038621871675033,-0.18380087761083413
residual_fitted,THUAS::THUAS_S020::2025-10-11,THUAS,THUAS::THUAS_S020,1.5086524012857154,-0.010335995991164415
residual_fitted,THUAS::THUAS_S020::2025-10-12,THUAS,THUAS::THUAS_S020,1.5134251282381055,0.06360134136055001
residual_fitted,THUAS::THUAS_S020::2025-10-13,THUAS,THUAS::THUAS_S020,1.5181797547084512,0.3764765430663541
residual_fitted,TUM::TUM_S001::2024-05-14,TUM,TUM::TUM_S001,1.6878347320405005,-1.080500374673731
residual_fitted,TUM::TUM_S001::2024-05-15,TUM,TUM::TUM_S001,1.6841871944763955,-0.22002656151367345
residual_fitted,TUM::TUM_S001::2024-05-16,TUM,TUM::TUM_S001,1.6805962466411017,0.10281810643839609
residual_fitted,TUM::TUM_S001::2024-05-17,TUM,TUM::TUM_S001,1.677064329946245,-1.4060989306814269
residual_fitted,TUM::TUM_S001::2024-05-18,TUM,TUM::TUM_S001,1.6735939259237105,-1.8200566744995872
residual_fitted,TUM::TUM_S001::2024-05-19,TUM,TUM::TUM_S001,1.6701875528213488,3.10170515971825
residual_fitted,TUM::TUM_S002::2024-05-28,TUM,TUM::TUM_S002,2.311404730700056,0.006285809830213474
residual_fitted,TUM::TUM_S002::2024-05-29,TUM,TUM::TUM_S002,2.308782052513331,0.3279738010545753
residual_fitted,TUM::TUM_S002::2024-05-30,TUM,TUM::TUM_S002,2.3062521755189587,1.8640418298316848
residual_fitted,TUM::TUM_S002::2024-05-31,TUM,TUM::TUM_S002,2.303817655629411,-2.3140841709759226
residual_fitted,TUM::TUM_S002::2024-06-01,TUM,TUM::TUM_S002,2.3014810075746057,1.0335345309001223
residual_fitted,TUM::TUM_S002::2024-06-02,TUM,TUM::TUM_S002,2.299244696754328,0.6778316229966218
residual_fitted,TUM::TUM_S003::2024-06-04,TUM,TUM::TUM_S003,1.5081770313935627,-0.18895530944430594
residual_fitted,TUM::TUM_S003::2024-06-05,TUM,TUM::TUM_S003,1.5062559059144682,0.7690045983871536
residual_fitted,TUM::TUM_S003::2024-06-06,TUM,TUM::TUM_S003,1.5044443180950846,0.4327040111891607
residual_fitted,TUM::TUM_S003::2024-06-07,TUM,TUM::TUM_S003,1.5027443603452544,-1.7951501752376664
residual_fitted,TUM::TUM_S003::2024-06-08,TUM,TUM::TUM_S003,1.5011580251249788,-0.37966740466325466
residual_fitted,TUM::TUM_S003::2024-06-09,TUM,TUM::TUM_S003,1.4996871968166057,-0.6765556831269283
residual_fitted,TUM::TUM_S004::2024-06-11,TUM,TUM::TUM_S004,2.195041841022011,-0.2329933183105698
residual_fitted,TUM::TUM_S004::2024-06-12,TUM,TUM::TUM_S004,2.1939276418078437,-0.5502173060103985
residual_fitted,TUM::TUM_S004::2024-06-13,TUM,TUM::TUM_S004,2.1929352525909342,0.32699440364774707
residual_fitted,TUM::TUM_S004::2024-06-14,TUM,TUM::TUM_S004,2.19206590556226,2.159724096853318
residual_fitted,TUM::TUM_S004::2024-06-15,TUM,TUM::TUM_S004,2.191320683227672,-0.865658071421604
residual_fitted,TUM::TUM_S004::2024-06-16,TUM,TUM::TUM_S004,2.1907005133138044,0.36948335483893263
residual_fitted,TUM::TUM_S005::2024-06-18,TUM,TUM::TUM_S005,2.4892452834675334,0.4906798659976687
residual_fitted,TUM::TUM_S005::2024-06-19,TUM,TUM::TUM_S005,2.489004227434248,0.41132907971929816
residual_fitted,TUM::TUM_S005::2024-06-20,TUM,TUM::TUM_S005,2.488890309551404,0.013271427450944725
residual_fitted,TUM::TUM_S005::2024-06-22,TUM,TUM::TUM_S005,2.4890441283656832,-0.8828482285830803
residual_fitted,TUM::TUM_S005::2024-06-23,TUM,TUM::TUM_S005,2.489311560889977,2.481569374387221
residual_fitted,TUM::TUM_S006::2024-06-25,TUM,TUM::TUM_S006,2.06985148024666,-0.28254013395917466
residual_fitted,TUM::TUM_S006::2024-06-26,TUM,TUM::TUM_S006,2.0704966285296895,-0.02448488729539811
residual_fitted,TUM::TUM_S006::2024-06-27,TUM,TUM::TUM_S006,2.0712661063572884,-0.9014303111965358
residual_fitted,TUM::TUM_S006::2024-06-28,TUM,TUM::TUM_S006,2.0721588628306633,-0.3848449239443222
residual_fitted,TUM::TUM_S006::2024-06-29,TUM,TUM::TUM_S006,2.073173696264067,0.01213651153617364
residual_fitted,TUM::TUM_S006::2024-06-30,TUM,TUM::TUM_S006,2.074309259753215,2.260574599562974
residual_fitted,TUM::TUM_S007::2024-07-02,TUM,TUM::TUM_S007,1.2166171300589768,-1.2940704678987305
residual_fitted,TUM::TUM_S007::2024-07-03,TUM,TUM::TUM_S007,1.2181054461656093,-0.8976546459225994
residual_fitted,TUM::TUM_S007::2024-07-04,TUM,TUM::TUM_S007,1.219707783845203,0.872393358710591
residual_fitted,TUM::TUM_S007::2024-07-05,TUM,TUM::TUM_S007,1.2214221724025038,-0.6228811292601382
residual_fitted,TUM::TUM_S007::2024-07-06,TUM,TUM::TUM_S007,1.2232465395767345,-1.1028929677220436
residual_fitted,TUM::TUM_S007::2024-07-07,TUM,TUM::TUM_S007,1.2251787198621025,-0.03007802562128648
residual_fitted,TUM::TUM_S008::2024-07-09,TUM,TUM::TUM_S008,1.4602875873843195,0.3460850042092886
residual_fitted,TUM::TUM_S008::2024-07-10,TUM,TUM::TUM_S008,1.4625294086924996,-1.0104517372640958
residual_fitted,TUM::TUM_S008::2024-07-11,TUM,TUM::TUM_S008,1.4648696183788126,-0.2964985822060867
residual_fitted,TUM::TUM_S008::2024-07-12,TUM,TUM::TUM_S008,1.4673057119855117,-0.1401311992804849
residual_fitted,TUM::TUM_S008::2024-07-13,TUM,TUM::TUM_S008,1.4698351423208453,-0.6608046665890682
residual_fitted,TUM::TUM_S008::2024-07-14,TUM,TUM::TUM_S008,1.4724553275127545,-0.305560327796647
residual_fitted,TUM::TUM_S009::2024-07-16,TUM,TUM::TUM_S009,2.38626215285643,-0.40169244919829583
residual_fitted,TUM::TUM_S009::2024-07-17,TUM,TUM::TUM_S009,2.3891388792712367,1.6853881837429567
residual_fitted,TUM::TUM_S009::2024-07-18,TUM,TUM::TUM_S009,2.3920958371716647,0.925287758180297
residual_fitted,TUM::TUM_S009::2024-07-19,TUM,TUM::TUM_S009,2.3951303818124656,-1.1688543680870145
residual_fitted,TUM::TUM_S009::2024-07-20,TUM,TUM::TUM_S009,2.398239875765893,1.3957806888431896
residual_fitted,TUM::TUM_S009::2024-07-21,TUM,TUM::TUM_S009,2.4014216946334,-0.5392598738757184
residual_fitted,TUM::TUM_S010::2024-07-23,TUM,TUM::TUM_S010,2.0674235113090247,-1.1755756348583828
residual_fitted,TUM::TUM_S010::2024-07-24,TUM,TUM::TUM_S010,2.070806767844575,-0.6619653521821842
residual_fitted,TUM::TUM_S010::2024-07-25,TUM,TUM::TUM_S010,2.074252084466698,1.6832619822615116
residual_fitted,TUM::TUM_S010::2024-07-26,TUM,TUM::TUM_S010,2.0777569753202045,-0.5707195053256001
residual_fitted,TUM::TUM_S010::2024-07-27,TUM,TUM::TUM_S010,2.081318994195837,-0.4555165052123935
residual_fitted,TUM::TUM_S010::2024-07-28,TUM,TUM::TUM_S010,2.0849357377221023,1.590860743549896
residual_fitted,UCR::UCR_S001::2025-06-17,UCR,UCR::UCR_S001,2.3211516537068766,0.21364887379468184
residual_fitted,UCR::UCR_S001::2025-06-18,UCR,UCR::UCR_S001,2.3210994528972155,0.4526274737593734
residual_fitted,UCR::UCR_S001::2025-06-19,UCR,UCR::UCR_S001,2.321065524987893,0.6318551847960908
residual_fitted,UCR::UCR_S001::2025-06-22,UCR,UCR::UCR_S001,2.3210735326407463,0.9902199817920022
residual_fitted,UCR::UCR_S002::2025-06-17,UCR,UCR::UCR_S002,1.9970723017358785,0.16277486790503956
residual_fitted,UCR::UCR_S002::2025-06-18,UCR,UCR::UCR_S002,1.9970201009262172,-0.4344533786345304
residual_fitted,UCR::UCR_S002::2025-06-19,UCR,UCR::UCR_S002,1.9969861730168947,0.4814327447987984
residual_fitted,UCR::UCR_S002::2025-06-20,UCR,UCR::UCR_S002,1.9969705416749113,0.3619932967770275
residual_fitted,UCR::UCR_S002::2025-06-21,UCR,UCR::UCR_S002,1.9969732140349534,0.3022610439613468
residual_fitted,UCR::UCR_S003::2025-06-17,UCR,UCR::UCR_S003,1.3849383509216533,-1.435414775001749
residual_fitted,UCR::UCR_S003::2025-06-18,UCR,UCR::UCR_S003,1.384886150111992,-1.6543589719322482
residual_fitted,UCR::UCR_S003::2025-06-19,UCR,UCR::UCR_S003,1.3848522222026696,1.2923152072971444
residual_fitted,UCR::UCR_S004::2025-06-24,UCR,UCR::UCR_S004,1.9885600213545591,0.47158878041973745
residual_fitted,UCR::UCR_S004::2025-06-25,UCR,UCR::UCR_S004,1.9886356494802238,-2.0371221030308604
residual_fitted,UCR::UCR_S004::2025-06-26,UCR,UCR::UCR_S004,1.9887293699354172,-0.24536224578785695
residual_fitted,UCR::UCR_S004::2025-06-27,UCR,UCR::UCR_S004,1.9888410918714698,0.41152395839716005
residual_fitted,UCR::UCR_S004::2025-06-28,UCR,UCR::UCR_S004,1.988970708732532,0.7896531701395983
residual_fitted,UCR::UCR_S004::2025-06-29,UCR,UCR::UCR_S004,1.9891180985075594,1.4464967661944004
residual_fitted,UCR::UCR_S005::2025-06-24,UCR,UCR::UCR_S005,1.6698937507139933,-1.8156365147229716
residual_fitted,UCR::UCR_S005::2025-06-25,UCR,UCR::UCR_S005,1.669969378839658,-1.4971718695163039
residual_fitted,UCR::UCR_S005::2025-06-26,UCR,UCR::UCR_S005,1.6700630992948515,1.5688079443046212
residual_fitted,UCR::UCR_S005::2025-06-29,UCR,UCR::UCR_S005,1.6704518278669935,1.1900595268477545
residual_fitted,UCR::UCR_S006::2025-06-24,UCR,UCR::UCR_S006,1.7054104519650324,1.2478470455051922
residual_fitted,UCR::UCR_S006::2025-06-25,UCR,UCR::UCR_S006,1.705486080090697,-1.4798703929822359
residual_fitted,UCR::UCR_S006::2025-06-26,UCR,UCR::UCR_S006,1.7055798005458906,-0.5044076954219645
residual_fitted,UCR::UCR_S006::2025-06-27,UCR,UCR::UCR_S006,1.7056915224819433,-0.22580554084601834
residual_fitted,UCR::UCR_S006::2025-06-28,UCR,UCR::UCR_S006,1.7058211393430052,0.31160116546866073
residual_fitted,UCR::UCR_S006::2025-06-29,UCR,UCR::UCR_S006,1.7059685291180327,0.25169603594838125
residual_fitted,UCR::UCR_S007::2025-07-01,UCR,UCR::UCR_S007,1.6639672150803926,-0.0764140331457606
residual_fitted,UCR::UCR_S007::2025-07-02,UCR,UCR::UCR_S007,1.664167042419077,-0.09656242995118615
residual_fitted,UCR::UCR_S007::2025-07-03,UCR,UCR::UCR_S007,1.6643840074128855,0.6597464869622778
residual_fitted,UCR::UCR_S007::2025-07-04,UCR,UCR::UCR_S007,1.66461791648651,-1.2518628712886406
residual_fitted,UCR::UCR_S007::2025-07-05,UCR,UCR::UCR_S007,1.66486856308485,0.18133516214497217
residual_fitted,UCR::UCR_S008::2025-07-01,UCR,UCR::UCR_S008,1.9351897240317033,-0.6194179009128045
residual_fitted,UCR::UCR_S008::2025-07-02,UCR,UCR::UCR_S008,1.9353895513703878,0.5948342852166322
residual_fitted,UCR::UCR_S008::2025-07-03,UCR,UCR::UCR_S008,1.9356065163641962,-0.0027155017339463177
residual_fitted,UCR::UCR_S008::2025-07-04,UCR,UCR::UCR_S008,1.935840425437821,-0.4808274088347021
residual_fitted,UCR::UCR_S008::2025-07-05,UCR,UCR::UCR_S008,1.936091072036161,0.6139059486329
residual_fitted,UCR::UCR_S008::2025-07-06,UCR,UCR::UCR_S008,1.9363582371628825,0.49412867726356025
residual_fitted,UCR::UCR_S009::2025-07-01,UCR,UCR::UCR_S009,1.714194938166707,-0.5346088637607848
residual_fitted,UCR::UCR_S009::2025-07-02,UCR,UCR::UCR_S009,1.7143947655053915,-1.0524994311044609
residual_fitted,UCR::UCR_S009::2025-07-03,UCR,UCR::UCR_S009,1.7146117304992,-0.2165517669048769
residual_fitted,UCR::UCR_S009::2025-07-04,UCR,UCR::UCR_S009,1.7148456395728247,0.6990144035014695
residual_fitted,UCR::UCR_S009::2025-07-05,UCR,UCR::UCR_S009,1.7150962861711647,1.992844629184372
residual_fitted,UCR::UCR_S009::2025-07-06,UCR,UCR::UCR_S009,1.7153634512978861,-1.2527534731651835
residual_fitted,UCR::UCR_S010::2025-07-08,UCR,UCR::UCR_S010,1.9926518268082403,-0.3097769995269791
residual_fitted,UCR::UCR_S010::2025-07-09,UCR,UCR::UCR_S010,1.9929671170648884,0.08804009708755718
residual_fitted,UCR::UCR_S010::2025-07-10,UCR,UCR::UCR_S010,1.9932979362975687,0.6052967640083057
residual_fitted,UCR::UCR_S010::2025-07-11,UCR,UCR::UCR_S010,1.9936440116588763,-0.21141381079804278
residual_fitted,UCR::UCR_S010::2025-07-12,UCR,UCR::UCR_S010,1.9940050613534017,0.2858970565595076
residual_fitted,UCR::UCR_S010::2025-07-13,UCR,UCR::UCR_S010,1.994380795225702,0.38499664604361356
residual_fitted,UCR::UCR_S011::2025-07-08,UCR,UCR::UCR_S011,1.4039079050897736,0.2342479318704247
residual_fitted,UCR::UCR_S011::2025-07-09,UCR,UCR::UCR_S011,1.4042231953464217,-1.398723027311103
residual_fitted,UCR::UCR_S011::2025-07-10,UCR,UCR::UCR_S011,1.404554014579102,-1.1602019758917748
residual_fitted,UCR::UCR_S011::2025-07-11,UCR,UCR::UCR_S011,1.4049000899404096,0.352520807420891
residual_fitted,UCR::UCR_S011::2025-07-12,UCR,UCR::UCR_S011,1.405261139634935,-1.439782309697513
residual_fitted,UCR::UCR_S011::2025-07-13,UCR,UCR::UCR_S011,1.4056368735072353,1.6855896766591587
residual_fitted,UCR::UCR_S012::2025-07-08,UCR,UCR::UCR_S012,2.1411326985612846,-1.5821822340465839
residual_fitted,UCR::UCR_S012::2025-07-09,UCR,UCR::UCR_S012,2.1414479888179327,0.866332605185546
residual_fitted,UCR::UCR_S012::2025-07-10,UCR,UCR::UCR_S012,2.141778808050613,1.025214909318754
residual_fitted,UCR::UCR_S012::2025-07-11,UCR,UCR::UCR_S012,2.1421248834119204,1.0048918073736075
residual_fitted,UCR::UCR_S012::2025-07-12,UCR,UCR::UCR_S012,2.142485933106446,0.4469892731900653
residual_fitted,UCR::UCR_S012::2025-07-13,UCR,UCR::UCR_S012,2.1428616669787464,-0.2702082970085602
residual_fitted,UCR::UCR_S013::2025-07-08,UCR,UCR::UCR_S013,2.1075216211620327,0.4091182359485586
residual_fitted,UCR::UCR_S013::2025-07-09,UCR,UCR::UCR_S013,2.107836911418681,0.5082900302401439
residual_fitted,UCR::UCR_S013::2025-07-10,UCR,UCR::UCR_S013,2.108167730651361,-1.6025319632810722
residual_fitted,UCR::UCR_S013::2025-07-11,UCR,UCR::UCR_S013,2.1085138060126685,1.0649526556803361
residual_fitted,UCR::UCR_S013::2025-07-13,UCR,UCR::UCR_S013,2.1092505895794944,0.9645240737684405
residual_fitted,UCR::UCR_S014::2025-07-15,UCR,UCR::UCR_S014,2.271421597711834,-0.14504795902874196
residual_fitted,UCR::UCR_S014::2025-07-16,UCR,UCR::UCR_S014,2.2718395693131264,0.6707498996330683
residual_fitted,UCR::UCR_S014::2025-07-17,UCR,UCR::UCR_S014,2.272270993755994,-0.14606263158234256
residual_fitted,UCR::UCR_S014::2025-07-18,UCR,UCR::UCR_S014,2.272715548680087,0.7891615920707497
residual_fitted,UCR::UCR_S014::2025-07-19,UCR,UCR::UCR_S014,2.2731729071695277,0.7487958665702937
residual_fitted,UCR::UCR_S014::2025-07-20,UCR,UCR::UCR_S014,2.2736427383705267,0.13103432357861028
residual_fitted,UCR::UCR_S015::2025-07-15,UCR,UCR::UCR_S015,1.9416559406789098,-0.7067810691008873
residual_fitted,UCR::UCR_S015::2025-07-16,UCR,UCR::UCR_S015,1.9420739122802022,-2.1208681344504416
residual_fitted,UCR::UCR_S015::2025-07-17,UCR,UCR::UCR_S015,1.94250533672307,-1.9820156982324104
residual_fitted,UCR::UCR_S015::2025-07-18,UCR,UCR::UCR_S015,1.9429498916471633,2.3776746587238478
residual_fitted,UCR::UCR_S015::2025-07-19,UCR,UCR::UCR_S015,1.9434072501366035,1.779837702220551
residual_fitted,UCR::UCR_S015::2025-07-20,UCR,UCR::UCR_S015,1.9438770813376025,1.261624593336518
residual_fitted,UCR::UCR_S016::2025-07-15,UCR,UCR::UCR_S016,2.1609242047793362,-0.431153273007978
residual_fitted,UCR::UCR_S016::2025-07-16,UCR,UCR::UCR_S016,2.1613421763806286,0.36473489883230203
residual_fitted,UCR::UCR_S016::2025-07-17,UCR,UCR::UCR_S016,2.1617736008234965,2.0764525939512057
residual_fitted,UCR::UCR_S016::2025-07-18,UCR,UCR::UCR_S016,2.1622181557475892,0.8813403277005842
residual_fitted,UCR::UCR_S016::2025-07-19,UCR,UCR::UCR_S016,2.16267551423703,0.38305180530493754
residual_fitted,UCR::UCR_S016::2025-07-20,UCR,UCR::UCR_S016,2.163145345438029,-1.7080265624799686
residual_fitted,UCR::UCR_S017::2025-07-15,UCR,UCR::UCR_S017,1.5756333265900098,0.3476629593330086
residual_fitted,UCR::UCR_S017::2025-07-16,UCR,UCR::UCR_S017,1.5760512981913022,-0.3098560067984042
residual_fitted,UCR::UCR_S017::2025-07-17,UCR,UCR::UCR_S017,1.57648272263417,-0.8877522961554543
residual_fitted,UCR::UCR_S017::2025-07-18,UCR,UCR::UCR_S017,1.576927277558263,-0.6692767980774437
residual_fitted,UCR::UCR_S017::2025-07-19,UCR,UCR::UCR_S017,1.5773846360477035,1.8985264500425354
residual_fitted,UCR::UCR_S017::2025-07-20,UCR,UCR::UCR_S017,1.5778544672487025,-1.3672234402126429
residual_fitted,UCR::UCR_S018::2025-07-21,UCR,UCR::UCR_S018,1.7348967332458953,-0.838074454662413
residual_fitted,UCR::UCR_S018::2025-07-22,UCR,UCR::UCR_S018,1.7353905045116633,-0.42056088128605706
residual_fitted,UCR::UCR_S018::2025-07-23,UCR,UCR::UCR_S018,1.7358957382193692,-1.1578228363761944
residual_fitted,UCR::UCR_S018::2025-07-24,UCR,UCR::UCR_S018,1.7364120936432677,-1.7159108958657405
residual_fitted,UCR::UCR_S018::2025-07-25,UCR,UCR::UCR_S018,1.736939229000258,0.03551183843668841
residual_fitted,UCR::UCR_S018::2025-07-26,UCR,UCR::UCR_S018,1.7374768019686786,4.076536088640588
residual_fitted,UCR::UCR_S018::2025-07-27,UCR,UCR::UCR_S018,1.738024470207104,-0.2843395594610393
residual_fitted,UCR::UCR_S019::2025-07-22,UCR,UCR::UCR_S019,1.076021145084361,-0.21027155235580033
residual_fitted,UCR::UCR_S019::2025-07-23,UCR,UCR::UCR_S019,1.076526378792067,-0.8280753865167578
residual_fitted,UCR::UCR_S019::2025-07-24,UCR,UCR::UCR_S019,1.0770427342159654,1.0229086593988306
residual_fitted,UCR::UCR_S019::2025-07-25,UCR,UCR::UCR_S019,1.0775698695729559,-0.9686897287463873
residual_fitted,UCR::UCR_S019::2025-07-26,UCR,UCR::UCR_S019,1.0781074425413764,-1.0091512769561455
residual_fitted,UCR::UCR_S019::2025-07-27,UCR,UCR::UCR_S019,1.0786551107798017,-1.1889926925364647
residual_fitted,UCR::UCR_S020::2025-07-22,UCR,UCR::UCR_S020,1.2745711480099438,0.986041796194629
residual_fitted,UCR::UCR_S020::2025-07-23,UCR,UCR::UCR_S020,1.2750763817176496,-0.8263432472581307
residual_fitted,UCR::UCR_S020::2025-07-24,UCR,UCR::UCR_S020,1.275592737141548,-1.2649731858184967
residual_fitted,UCR::UCR_S020::2025-07-25,UCR,UCR::UCR_S020,1.2761198724985385,-0.7678607212724597
residual_fitted,UCR::UCR_S020::2025-07-26,UCR,UCR::UCR_S020,1.276657445466959,-0.5096769671592677
residual_fitted,UCR::UCR_S020::2025-07-27,UCR,UCR::UCR_S020,1.2772051137053844,0.06704971647855452
residual_fitted,UCR::UCR_S021::2025-07-22,UCR,UCR::UCR_S021,2.110207682061961,0.027625468461419802
residual_fitted,UCR::UCR_S021::2025-07-23,UCR,UCR::UCR_S021,2.1107129157696667,-1.1675592835239084
residual_fitted,UCR::UCR_S021::2025-07-24,UCR,UCR::UCR_S021,2.111229271193565,0.9024313174285105
residual_fitted,UCR::UCR_S021::2025-07-25,UCR,UCR::UCR_S021,2.1117564065505556,-0.29277959785550584
residual_fitted,UCR::UCR_S021::2025-07-26,UCR,UCR::UCR_S021,2.1122939795189764,1.0007078709772481
residual_fitted,UCR::UCR_S021::2025-07-27,UCR,UCR::UCR_S021,2.1128416477574015,0.8606858290399892
residual_fitted,UCR::UCR_S022::2025-07-29,UCR,UCR::UCR_S022,1.6729997410683497,0.6892736670762573
residual_fitted,UCR::UCR_S022::2025-07-30,UCR,UCR::UCR_S022,1.6735756480349344,-0.2471695811762369
residual_fitted,UCR::UCR_S022::2025-07-31,UCR,UCR::UCR_S022,1.6741602901305184,-0.6858810937114431
residual_fitted,UCR::UCR_S022::2025-08-03,UCR,UCR::UCR_S022,1.6759632850501847,-0.3495702415969145
residual_fitted,UCR::UCR_S023::2025-07-29,UCR,UCR::UCR_S023,1.4399081386154406,0.11160398208442593
residual_fitted,UCR::UCR_S023::2025-07-30,UCR,UCR::UCR_S023,1.4404840455820254,-0.6058327111312378
residual_fitted,UCR::UCR_S023::2025-07-31,UCR,UCR::UCR_S023,1.4410686876776093,-0.5866214267712535
residual_fitted,UCR::UCR_S023::2025-08-01,UCR,UCR::UCR_S023,1.4416617293594713,-1.1248914074020435
residual_fitted,UCR::UCR_S023::2025-08-02,UCR,UCR::UCR_S023,1.442262837673932,0.1287007896571451
residual_fitted,UCR::UCR_S023::2025-08-03,UCR,UCR::UCR_S023,1.4428716825972756,0.4664381509183565
residual_fitted,UCR::UCR_S025::2025-08-05,UCR,UCR::UCR_S025,1.6658671224189208,-0.8750710996129636
residual_fitted,UCR::UCR_S025::2025-08-06,UCR,UCR::UCR_S025,1.6664972314252984,-0.397991332275067
residual_fitted,UCR::UCR_S025::2025-08-07,UCR,UCR::UCR_S025,1.6671337927821805,-0.8168551797626905
residual_fitted,UCR::UCR_S025::2025-08-08,UCR,UCR::UCR_S025,1.6677764957354353,0.018583905870456698
residual_fitted,UCR::UCR_S025::2025-08-09,UCR,UCR::UCR_S025,1.6684250341556295,0.9933838283151607
residual_fitted,UCR::UCR_S025::2025-08-10,UCR,UCR::UCR_S025,1.669079106710962,0.4351312545282058
residual_fitted,UCR::UCR_S026::2025-08-05,UCR,UCR::UCR_S026,1.7211158188851698,-0.9211604674278812
residual_fitted,UCR::UCR_S026::2025-08-06,UCR,UCR::UCR_S026,1.7217459278915475,0.5912230146295776
residual_fitted,UCR::UCR_S026::2025-08-07,UCR,UCR::UCR_S026,1.7223824892484296,1.247482255504576
residual_fitted,UCR::UCR_S026::2025-08-08,UCR,UCR::UCR_S026,1.7230251922016844,-0.7243445006980122
residual_fitted,UCR::UCR_S026::2025-08-09,UCR,UCR::UCR_S026,1.7236737306218786,-0.14773831468390872
residual_fitted,UCR::UCR_S026::2025-08-10,UCR,UCR::UCR_S026,1.7243278031772111,-0.44716495979097304
residual_fitted,UCR::UCR_S027::2025-08-05,UCR,UCR::UCR_S027,1.4638640759641977,-1.6690657708180143
residual_fitted,UCR::UCR_S027::2025-08-06,UCR,UCR::UCR_S027,1.464494184970575,-0.8137019538710466
residual_fitted,UCR::UCR_S027::2025-08-07,UCR,UCR::UCR_S027,1.4651307463274574,-0.475997702140529
residual_fitted,UCR::UCR_S027::2025-08-08,UCR,UCR::UCR_S027,1.4657734492807122,1.1160094827107594
residual_fitted,UCR::UCR_S027::2025-08-09,UCR,UCR::UCR_S027,1.4664219877009064,-1.4132954754338232
residual_fitted,UCR::UCR_S027::2025-08-10,UCR,UCR::UCR_S027,1.4670760602562387,1.7316536995838092
residual_fitted,UCR::UCR_S028::2025-08-12,UCR,UCR::UCR_S028,1.4931488476108097,-1.2262163250287372
residual_fitted,UCR::UCR_S028::2025-08-13,UCR,UCR::UCR_S028,1.4938177650967028,-1.127466967180302
residual_fitted,UCR::UCR_S028::2025-08-14,UCR,UCR::UCR_S028,1.4944910626278558,-0.19251599514736817
residual_fitted,UCR::UCR_S028::2025-08-15,UCR,UCR::UCR_S028,1.4951684651235682,-0.15350583379681332
residual_fitted,UCR::UCR_S028::2025-08-16,UCR,UCR::UCR_S028,1.4958497030814364,1.458365004683594
residual_fitted,UCR::UCR_S028::2025-08-17,UCR,UCR::UCR_S028,1.4965345126168814,-0.17504737528485548
residual_fitted,UCR::UCR_S029::2025-08-12,UCR,UCR::UCR_S029,2.0749866822709953,-0.7067779730554933
residual_fitted,UCR::UCR_S029::2025-08-13,UCR,UCR::UCR_S029,2.0756555997568884,-0.8270351702438883
residual_fitted,UCR::UCR_S029::2025-08-14,UCR,UCR::UCR_S029,2.0763288972880414,-2.2414272431514988
residual_fitted,UCR::UCR_S029::2025-08-15,UCR,UCR::UCR_S029,2.0770062997837537,2.695365876295445
residual_fitted,UCR::UCR_S029::2025-08-16,UCR,UCR::UCR_S029,2.077687537741622,0.9823190155803361
residual_fitted,UCR::UCR_S029::2025-08-17,UCR,UCR::UCR_S029,2.078372347277067,1.2204171968357103
residual_fitted,UCR::UCR_S030::2025-08-12,UCR,UCR::UCR_S030,2.116423204620682,-0.39790290124528804
residual_fitted,UCR::UCR_S030::2025-08-13,UCR,UCR::UCR_S030,2.117092122106575,-0.538069785255213
residual_fitted,UCR::UCR_S030::2025-08-14,UCR,UCR::UCR_S030,2.1177654196377285,0.5760683681714907
residual_fitted,UCR::UCR_S030::2025-08-15,UCR,UCR::UCR_S030,2.1184428221334404,0.4558010349498055
residual_fitted,UCR::UCR_S030::2025-08-16,UCR,UCR::UCR_S030,2.119124060091309,1.2513747137474807
residual_fitted,UCR::UCR_S030::2025-08-17,UCR,UCR::UCR_S030,2.1198088696267536,-0.0435729902549574
residual_fitted,UCR::UCR_S031::2025-08-19,UCR,UCR::UCR_S031,2.197611230166997,0.8191507392385632
residual_fitted,UCR::UCR_S031::2025-08-20,UCR,UCR::UCR_S031,2.1983052280026114,0.5993151474280191
residual_fitted,UCR::UCR_S031::2025-08-21,UCR,UCR::UCR_S031,2.1990017988413357,0.37947648195630773
residual_fitted,UCR::UCR_S031::2025-08-22,UCR,UCR::UCR_S031,2.1997007073027506,0.6175578208996472
residual_fitted,UCR::UCR_S031::2025-08-23,UCR,UCR::UCR_S031,2.2004017237082563,-0.73713830398981794
residual_fitted,UCR::UCR_S031::2025-08-24,UCR,UCR::UCR_S031,2.201104623992136,-0.041138936707395504
residual_fitted,UCR::UCR_S032::2025-08-19,UCR,UCR::UCR_S032,2.4427773207359773,0.5860089947539173
residual_fitted,UCR::UCR_S032::2025-08-20,UCR,UCR::UCR_S032,2.443471318571591,0.565270271158674
residual_fitted,UCR::UCR_S032::2025-08-21,UCR,UCR::UCR_S032,2.444167889410316,0.38525097933002256
residual_fitted,UCR::UCR_S032::2025-08-22,UCR,UCR::UCR_S032,2.4448667978717307,0.6432420050948919
residual_fitted,UCR::UCR_S032::2025-08-23,UCR,UCR::UCR_S032,2.4455678142772364,0.5826755236048792
residual_fitted,UCR::UCR_S032::2025-08-24,UCR,UCR::UCR_S032,2.4462707145611162,-0.05527412615521066
residual_fitted,UCR::UCR_S033::2025-08-19,UCR,UCR::UCR_S033,2.2476803613395355,-0.7338874156404703
residual_fitted,UCR::UCR_S033::2025-08-20,UCR,UCR::UCR_S033,2.2483743591751493,1.7739040870986011
residual_fitted,UCR::UCR_S033::2025-08-21,UCR,UCR::UCR_S033,2.249070930013874,-0.835096996956715
residual_fitted,UCR::UCR_S033::2025-08-22,UCR,UCR::UCR_S033,2.249769838475289,0.856391479958317
residual_fitted,UCR::UCR_S033::2025-08-23,UCR,UCR::UCR_S033,2.2504708548807946,0.0989859597147533
residual_fitted,UCR::UCR_S033::2025-08-24,UCR,UCR::UCR_S033,2.2511737551646744,0.6954368928895256
residual_fitted,UCR::UCR_S034::2025-08-26,UCR,UCR::UCR_S034,1.9680957326105264,0.595583469322531
residual_fitted,UCR::UCR_S034::2025-08-27,UCR,UCR::UCR_S034,1.968802995779856,0.31600297052900506
residual_fitted,UCR::UCR_S034::2025-08-28,UCR,UCR::UCR_S034,1.9695113018436916,-0.7002371864833123
residual_fitted,UCR::UCR_S034::2025-08-29,UCR,UCR::UCR_S034,1.970220453975601,-0.8205424472238005
residual_fitted,UCR::UCR_S034::2025-08-30,UCR,UCR::UCR_S034,1.9709302605667616,1.2293073737777611
residual_fitted,UCR::UCR_S034::2025-08-31,UCR,UCR::UCR_S034,1.971640535082675,-0.005941689747250067
residual_fitted,UCR::UCR_S035::2025-08-27,UCR,UCR::UCR_S035,1.300198254243853,-0.9359921114062775
residual_fitted,UCR::UCR_S035::2025-08-28,UCR,UCR::UCR_S035,1.3009065603076886,-0.9169285536990328
residual_fitted,UCR::UCR_S035::2025-08-29,UCR,UCR::UCR_S035,1.301615712439598,1.9093998351469241
residual_fitted,UCR::UCR_S035::2025-08-30,UCR,UCR::UCR_S035,1.3023255190307585,-0.12223614226517146
residual_fitted,UCR::UCR_S035::2025-08-31,UCR,UCR::UCR_S035,1.3030357935466719,-1.3574852057901825
residual_fitted,UCR::UCR_S035::2025-09-01,UCR,UCR::UCR_S035,1.3037463544332843,-0.8805015447566668
residual_fitted,UCR::UCR_S036::2025-08-27,UCR,UCR::UCR_S036,1.7492350354975905,-1.0144802156776749
residual_fitted,UCR::UCR_S036::2025-08-28,UCR,UCR::UCR_S036,1.749943341561426,0.3385323590720822
residual_fitted,UCR::UCR_S036::2025-08-29,UCR,UCR::UCR_S036,1.7506524936933354,0.1784077246885338
residual_fitted,UCR::UCR_S036::2025-08-31,UCR,UCR::UCR_S036,1.7520725748004093,0.25635006976847313
residual_fitted,UCR::UCR_S036::2025-09-01,UCR,UCR::UCR_S036,1.7527831356870218,-0.10287311570227232
residual_fitted,UCR::UCR_S037::2025-08-27,UCR,UCR::UCR_S037,1.9562765247805607,-0.20659468677780893
residual_fitted,UCR::UCR_S037::2025-08-28,UCR,UCR::UCR_S037,1.9569848308443962,1.8830763003685593
residual_fitted,UCR::UCR_S037::2025-08-29,UCR,UCR::UCR_S037,1.9576939829763056,0.5482801435147386
residual_fitted,UCR::UCR_S037::2025-08-30,UCR,UCR::UCR_S037,1.9584037895674662,-0.7068780478576854
residual_fitted,UCR::UCR_S037::2025-08-31,UCR,UCR::UCR_S037,1.9591140640833795,-1.543933374952096
residual_fitted,UCR::UCR_S037::2025-09-01,UCR,UCR::UCR_S037,1.959824624969992,0.5855542922684133
residual_fitted,UCR::UCR_S038::2025-08-27,UCR,UCR::UCR_S038,1.671400433626464,-1.4789716938525597
residual_fitted,UCR::UCR_S038::2025-08-28,UCR,UCR::UCR_S038,1.6721087396902996,0.8297058483306393
residual_fitted,UCR::UCR_S038::2025-08-29,UCR,UCR::UCR_S038,1.672817891822209,0.9284071426269815
residual_fitted,UCR::UCR_S038::2025-08-30,UCR,UCR::UCR_S038,1.6735276984133696,0.4895461109372887
residual_fitted,UCR::UCR_S038::2025-08-31,UCR,UCR::UCR_S038,1.674237972929283,-0.3475092161571219
residual_fitted,UCR::UCR_S038::2025-09-01,UCR,UCR::UCR_S038,1.6749485338158954,-1.1049261380584683
residual_fitted,UCR::UCR_S039::2025-08-27,UCR,UCR::UCR_S039,1.58680086716252,-0.12360037168410673
residual_fitted,UCR::UCR_S039::2025-08-28,UCR,UCR::UCR_S039,1.5875091732263555,-0.9407436604811237
residual_fitted,UCR::UCR_S039::2025-08-29,UCR,UCR::UCR_S039,1.588218325358265,-1.3596942235445626
residual_fitted,UCR::UCR_S039::2025-08-30,UCR,UCR::UCR_S039,1.5889281319494255,0.1725037400972184
residual_fitted,UCR::UCR_S039::2025-08-31,UCR,UCR::UCR_S039,1.5896384064653388,-0.3459965978527115
residual_fitted,UCR::UCR_S039::2025-09-01,UCR,UCR::UCR_S039,1.5903489673519513,1.5445748275094369
residual_fitted,UCR::UCR_S040::2025-09-01,UCR,UCR::UCR_S040,1.6382109548931225,-0.06555577552594746
residual_fitted,UCR::UCR_S040::2025-09-02,UCR,UCR::UCR_S040,1.6389216254681276,-1.221166564889587
residual_fitted,UCR::UCR_S040::2025-09-03,UCR,UCR::UCR_S040,1.6396322337924996,1.187056661164086
residual_fitted,UCR::UCR_S040::2025-09-04,UCR,UCR::UCR_S040,1.640342612551913,-0.28710876874661184
residual_fitted,UCR::UCR_S040::2025-09-05,UCR,UCR::UCR_S040,1.641052598903573,0.2097852654370925
residual_fitted,UCR::UCR_S040::2025-09-06,UCR,UCR::UCR_S040,1.6417620343823398,-0.6670884330023691
normal_qq,TUM::TUM_S002::2024-05-31,TUM,TUM::TUM_S002,-3.2501596106271275,-2.3140841709759226
normal_qq,UCR::UCR_S029::2025-08-14,UCR,UCR::UCR_S029,-2.923589476351495,-2.2414272431514988
normal_qq,BAUA::BAUA_S005::2025-06-14,BAUA,BAUA::BAUA_S005,-2.7607424962093283,-2.2000150256501465
normal_qq,BAUA::BAUA_S025::2025-10-18,BAUA,BAUA::BAUA_S025,-2.648967156136119,-2.1804684603930307
normal_qq,UCR::UCR_S015::2025-07-16,UCR,UCR::UCR_S015,-2.562885659487797,-2.1208681344504416
normal_qq,THUAS::THUAS_S006::2025-04-05,THUAS,THUAS::THUAS_S006,-2.4924245612646687,-2.1102468524013207
normal_qq,FUSPCEU::FUSPCEU_S011::2024-11-16,FUSPCEU,FUSPCEU::FUSPCEU_S011,-2.4325183194459306,-2.0930941522430584
normal_qq,FUSPCEU::FUSPCEU_S023::2025-02-01,FUSPCEU,FUSPCEU::FUSPCEU_S023,-2.380246975558318,-2.0533996318837135
normal_qq,IZTECH::IZTECH_S001::2024-12-26,IZTECH,IZTECH::IZTECH_S001,-2.333768574807138,-2.048788250484449
normal_qq,UCR::UCR_S004::2025-06-25,UCR,UCR::UCR_S004,-2.2918439731164657,-2.0371221030308604
normal_qq,THUAS::THUAS_S001::2025-02-22,THUAS,THUAS::THUAS_S001,-2.253598253919095,-2.0228002238641896
normal_qq,RISE::RISE_S002::2025-03-19,RISE,RISE::RISE_S002,-2.2183899120167276,-1.9876125920691758
normal_qq,RISE::RISE_S010::2025-06-12,RISE,RISE::RISE_S010,-2.1857341153314325,-1.9861131634204656
normal_qq,UCR::UCR_S015::2025-07-17,UCR,UCR::UCR_S015,-2.155255212101435,-1.9820156982324104
normal_qq,FUSPCEU::FUSPCEU_S008::2024-10-24,FUSPCEU,FUSPCEU::FUSPCEU_S008,-2.126656027808455,-1.9680077996476963
normal_qq,KNUST::KNUST_S012::2025-01-09,KNUST,KNUST::KNUST_S012,-2.099697284063035,-1.9499720210082863
normal_qq,IZTECH::IZTECH_S009::2025-03-26,IZTECH,IZTECH::IZTECH_S009,-2.074183373865236,-1.9027396905719185
normal_qq,KNUST::KNUST_S011::2024-12-17,KNUST,KNUST::KNUST_S011,-2.0499522691124596,-1.874219735625411
normal_qq,THUAS::THUAS_S015::2025-07-09,THUAS,THUAS::THUAS_S015,-2.026868195567044,-1.8554680552737477
normal_qq,KNUST::KNUST_S012::2025-01-08,KNUST,KNUST::KNUST_S012,-2.004816209792168,-1.830660395016231
normal_qq,TUM::TUM_S001::2024-05-18,TUM,TUM::TUM_S001,-1.983698113225963,-1.8200566744995872
normal_qq,UCR::UCR_S005::2025-06-24,UCR,UCR::UCR_S005,-1.9634293253589035,-1.8156365147229716
normal_qq,BAUA::BAUA_S017::2025-09-12,BAUA,BAUA::BAUA_S017,-1.9439364572735158,-1.8010378838793561
normal_qq,TUM::TUM_S003::2024-06-07,TUM,TUM::TUM_S003,-1.9251554048791235,-1.7951501752376664
normal_qq,IZTECH::IZTECH_S002::2025-01-08,IZTECH,IZTECH::IZTECH_S002,-1.9070298334028704,-1.7702310735869753
normal_qq,BAUA::BAUA_S013::2025-07-16,BAUA,BAUA::BAUA_S013,-1.8895099603334302,-1.768297718396862
normal_qq,IZTECH::IZTECH_S013::2025-04-23,IZTECH,IZTECH::IZTECH_S013,-1.872551568765673,-1.7554267001827584
normal_qq,BAUA::BAUA_S009::2025-06-29,BAUA,BAUA::BAUA_S009,-1.8561152005686032,-1.735733694151221
normal_qq,KNUST::KNUST_S008::2024-11-28,KNUST,KNUST::KNUST_S008,-1.8401654913195613,-1.7217742494378843
normal_qq,BAUA::BAUA_S016::2025-07-25,BAUA,BAUA::BAUA_S016,-1.824670618042227,-1.7204237910612006
normal_qq,UCR::UCR_S018::2025-07-24,UCR,UCR::UCR_S018,-1.8096018374752034,-1.7159108958657405
normal_qq,UCR::UCR_S016::2025-07-20,UCR,UCR::UCR_S016,-1.7949330975754902,-1.7080265624799686
normal_qq,THUAS::THUAS_S019::2025-10-02,THUAS,THUAS::THUAS_S019,-1.7806407087049274,-1.7061833635907475
normal_qq,IZTECH::IZTECH_S012::2025-04-23,IZTECH,IZTECH::IZTECH_S012,-1.7667030637917667,-1.70087773666931
normal_qq,BAUA::BAUA_S012::2025-07-21,BAUA,BAUA::BAUA_S012,-1.7531003989403628,-1.6780086068291469
normal_qq,IZTECH::IZTECH_S017::2025-05-28,IZTECH,IZTECH::IZTECH_S017,-1.7398145876487643,-1.6709280725001459
normal_qq,UCR::UCR_S027::2025-08-05,UCR,UCR::UCR_S027,-1.726828963109369,-1.6690657708180143
normal_qq,FUSPCEU::FUSPCEU_S007::2024-10-27,FUSPCEU,FUSPCEU::FUSPCEU_S007,-1.7141281641013786,-1.6611432723242998
normal_qq,UCR::UCR_S003::2025-06-18,UCR,UCR::UCR_S003,-1.701698000801831,-1.6543589719322482
normal_qq,THUAS::THUAS_S014::2025-07-09,THUAS,THUAS::THUAS_S014,-1.6895253374937642,-1.6385206532549355
normal_qq,BAUA::BAUA_S012::2025-07-19,BAUA,BAUA::BAUA_S012,-1.67759798967275,-1.629222393094787
normal_qq,KNUST::KNUST_S015::2025-01-28,KNUST,KNUST::KNUST_S015,-1.6659046334747383,-1.6165155412603436
normal_qq,THUAS::THUAS_S002::2025-03-06,THUAS,THUAS::THUAS_S002,-1.6544347256902527,-1.6081712391681044
normal_qq,UCR::UCR_S013::2025-07-10,UCR,UCR::UCR_S013,-1.6431784329091157,-1.6025319632810722
normal_qq,KNUST::KNUST_S004::2024-11-01,KNUST,KNUST::KNUST_S004,-1.632126568568736,-1.5988633374843746
normal_qq,KNUST::KNUST_S010::2024-12-15,KNUST,KNUST::KNUST_S010,-1.6212705368675606,-1.5938136686794022
normal_qq,BAUA::BAUA_S018::2025-09-13,BAUA,BAUA::BAUA_S018,-1.6106022826614357,-1.585372060346276
normal_qq,UCR::UCR_S012::2025-07-08,UCR,UCR::UCR_S012,-1.6001142465903955,-1.5821822340465839
normal_qq,THUAS::THUAS_S003::2025-03-19,THUAS,THUAS::THUAS_S003,-1.5897993247918378,-1.574900820184102
normal_qq,BAUA::BAUA_S008::2025-06-27,BAUA,BAUA::BAUA_S008,-1.5796508326468812,-1.565427368625455
normal_qq,KNUST::KNUST_S005::2024-11-07,KNUST,KNUST::KNUST_S005,-1.5696624720832242,-1.553247866769371
normal_qq,UCR::UCR_S037::2025-08-31,UCR,UCR::UCR_S037,-1.5598283020224248,-1.543933374952096
normal_qq,THUAS::THUAS_S007::2025-04-13,THUAS,THUAS::THUAS_S007,-1.5501427116143058,-1.5204593959758679
normal_qq,IZTECH::IZTECH_S004::2025-01-24,IZTECH,IZTECH::IZTECH_S004,-1.5406003959477843,-1.520269740755562
normal_qq,BAUA::BAUA_S024::2025-10-17,BAUA,BAUA::BAUA_S024,-1.5311963339671995,-1.4990452517229462
normal_qq,UCR::UCR_S005::2025-06-25,UCR,UCR::UCR_S005,-1.521925768357245,-1.4971718695163039
normal_qq,THUAS::THUAS_S002::2025-03-05,THUAS,THUAS::THUAS_S002,-1.5127841871888645,-1.4945930003856716
normal_qq,KNUST::KNUST_S003::2024-10-24,KNUST,KNUST::KNUST_S003,-1.5037673071436233,-1.4932322333835695
normal_qq,IZTECH::IZTECH_S016::2025-05-08,IZTECH,IZTECH::IZTECH_S016,-1.494871058155825,-1.4923144486596471
normal_qq,RISE::RISE_S016::2025-10-12,RISE,RISE::RISE_S016,-1.4860915693304562,-1.480508678516168
normal_qq,UCR::UCR_S006::2025-06-25,UCR,UCR::UCR_S006,-1.4774251560113905,-1.4798703929822359
normal_qq,UCR::UCR_S038::2025-08-27,UCR,UCR::UCR_S038,-1.4688683078885014,-1.4789716938525597
normal_qq,FUSPCEU::FUSPCEU_S022::2025-01-31,FUSPCEU,FUSPCEU::FUSPCEU_S022,-1.4604176780447429,-1.4585576378803282
normal_qq,KNUST::KNUST_S011::2024-12-22,KNUST,KNUST::KNUST_S011,-1.4520700728551046,-1.4561692375730064
normal_qq,UCR::UCR_S011::2025-07-12,UCR,UCR::UCR_S011,-1.4438224426588535,-1.439782309697513
normal_qq,THUAS::THUAS_S014::2025-07-08,THUAS,THUAS::THUAS_S014,-1.435671873134836,-1.436224967599927
normal_qq,IZTECH::IZTECH_S003::2025-01-08,IZTECH,IZTECH::IZTECH_S003,-1.4276155773169483,-1.4357805282911973
normal_qq,UCR::UCR_S003::2025-06-17,UCR,UCR::UCR_S003,-1.419650888193381,-1.435414775001749
normal_qq,THUAS::THUAS_S019::2025-10-04,THUAS,THUAS::THUAS_S019,-1.4117752518389557,-1.4192552364365731
normal_qq,UCR::UCR_S027::2025-08-09,UCR,UCR::UCR_S027,-1.4039862210349665,-1.4132954754338232
normal_qq,KNUST::KNUST_S003::2024-10-23,KNUST,KNUST::KNUST_S003,-1.396281449335403,-1.413190450661146
normal_qq,TUM::TUM_S001::2024-05-17,TUM,TUM::TUM_S001,-1.3886586855424756,-1.4060989306814269
normal_qq,THUAS::THUAS_S007::2025-04-09,THUAS,THUAS::THUAS_S007,-1.381115768557869,-1.4060432030395007
normal_qq,IZTECH::IZTECH_S012::2025-04-22,IZTECH,IZTECH::IZTECH_S012,-1.373650622579375,-1.4058188471029045
normal_qq,UCR::UCR_S011::2025-07-09,UCR,UCR::UCR_S011,-1.3662612526153444,-1.398723027311103
normal_qq,BAUA::BAUA_S025::2025-10-17,BAUA,BAUA::BAUA_S025,-1.3589457402919713,-1.398534051463865
normal_qq,THUAS::THUAS_S001::2025-02-27,THUAS,THUAS::THUAS_S001,-1.3517022399306613,-1.3971261014331027
normal_qq,FUSPCEU::FUSPCEU_S005::2024-10-19,FUSPCEU,FUSPCEU::FUSPCEU_S005,-1.3445289748747984,-1.3759385421701156
normal_qq,UCR::UCR_S017::2025-07-20,UCR,UCR::UCR_S017,-1.3374242340470446,-1.3672234402126429
normal_qq,UCR::UCR_S039::2025-08-29,UCR,UCR::UCR_S039,-1.3303863687199562,-1.3596942235445626
normal_qq,UCR::UCR_S035::2025-08-31,UCR,UCR::UCR_S035,-1.3234137894841878,-1.3574852057901825
normal_qq,IZTECH::IZTECH_S002::2025-01-11,IZTECH,IZTECH::IZTECH_S002,-1.3165049633998944,-1.3475016588039312
normal_qq,IZTECH::IZTECH_S009::2025-03-21,IZTECH,IZTECH::IZTECH_S009,-1.3096584113181537,-1.3441464962583098
normal_qq,IZTECH::IZTECH_S014::2025-05-03,IZTECH,IZTECH::IZTECH_S014,-1.3028727053603268,-1.3371491995494387
normal_qq,BAUA::BAUA_S008::2025-06-25,BAUA,BAUA::BAUA_S008,-1.2961464665442652,-1.3245050002396823
normal_qq,IZTECH::IZTECH_S012::2025-04-26,IZTECH,IZTECH::IZTECH_S012,-1.2894783625471795,-1.3119499726932768
normal_qq,FUSPCEU::FUSPCEU_S003::2024-10-08,FUSPCEU,FUSPCEU::FUSPCEU_S003,-1.2828671055957945,-1.3099444605272361
normal_qq,BAUA::BAUA_S003::2025-06-14,BAUA,BAUA::BAUA_S003,-1.2763114504751627,-1.3087646852484123
normal_qq,FUSPCEU::FUSPCEU_S014::2024-11-24,FUSPCEU,FUSPCEU::FUSPCEU_S014,-1.2698101926481857,-1.2973652815272627
normal_qq,TUM::TUM_S007::2024-07-02,TUM,TUM::TUM_S007,-1.2633621664785102,-1.2940704678987305
normal_qq,FUSPCEU::FUSPCEU_S013::2024-11-20,FUSPCEU,FUSPCEU::FUSPCEU_S013,-1.25696624355002,-1.2921583025984322
normal_qq,THUAS::THUAS_S018::2025-09-23,THUAS,THUAS::THUAS_S018,-1.2506213310766727,-1.2851016856559971
normal_qq,FUSPCEU::FUSPCEU_S018::2024-12-14,FUSPCEU,FUSPCEU::FUSPCEU_S018,-1.2443263703968852,-1.275300193588114
normal_qq,BAUA::BAUA_S001::2025-06-16,BAUA,BAUA::BAUA_S001,-1.238080335547108,-1.2721545439306297
normal_qq,UCR::UCR_S020::2025-07-24,UCR,UCR::UCR_S020,-1.2318822319096268,-1.2649731858184967
normal_qq,RISE::RISE_S006::2025-04-19,RISE,RISE::RISE_S006,-1.2257310949299807,-1.262866894235135
normal_qq,UCR::UCR_S009::2025-07-06,UCR,UCR::UCR_S009,-1.2196259888997196,-1.2527534731651835
normal_qq,UCR::UCR_S007::2025-07-04,UCR,UCR::UCR_S007,-1.2135660058005373,-1.2518628712886406
normal_qq,RISE::RISE_S012::2025-06-11,RISE,RISE::RISE_S012,-1.207550264206083,-1.239491121047513
normal_qq,THUAS::THUAS_S018::2025-09-25,THUAS,THUAS::THUAS_S018,-1.2015779082380158,-1.2373419058733486
normal_qq,FUSPCEU::FUSPCEU_S024::2025-02-04,FUSPCEU,FUSPCEU::FUSPCEU_S024,-1.1956481065731108,-1.2290112651948126
normal_qq,UCR::UCR_S028::2025-08-12,UCR,UCR::UCR_S028,-1.1897600514984326,-1.2262163250287372
normal_qq,UCR::UCR_S040::2025-09-02,UCR,UCR::UCR_S040,-1.1839129580117993,-1.221166564889587
normal_qq,KNUST::KNUST_S004::2024-10-31,KNUST,KNUST::KNUST_S004,-1.1781060629649471,-1.2003115670415463
normal_qq,FUSPCEU::FUSPCEU_S020::2025-01-23,FUSPCEU,FUSPCEU::FUSPCEU_S020,-1.172338624246975,-1.195430153846786
normal_qq,BAUA::BAUA_S004::2025-06-11,BAUA,BAUA::BAUA_S004,-1.1666099200058084,-1.1890084435793953
normal_qq,UCR::UCR_S019::2025-07-27,UCR,UCR::UCR_S019,-1.1609192479055663,-1.1889926925364647
normal_qq,KNUST::KNUST_S007::2024-11-22,KNUST,KNUST::KNUST_S007,-1.155265924417861,-1.1871907034919573
normal_qq,THUAS::THUAS_S017::2025-09-11,THUAS,THUAS::THUAS_S017,-1.1496492841451686,-1.1808278621906345
normal_qq,IZTECH::IZTECH_S006::2025-02-19,IZTECH,IZTECH::IZTECH_S006,-1.1440686791745478,-1.1765840548684277
normal_qq,TUM::TUM_S010::2024-07-23,TUM,TUM::TUM_S010,-1.1385234784600693,-1.1755756348583828
normal_qq,FUSPCEU::FUSPCEU_S004::2024-10-11,FUSPCEU,FUSPCEU::FUSPCEU_S004,-1.1330130672324459,-1.1737718168072782
normal_qq,TUM::TUM_S009::2024-07-19,TUM,TUM::TUM_S009,-1.1275368464344184,-1.1688543680870145
normal_qq,UCR::UCR_S021::2025-07-23,UCR,UCR::UCR_S021,-1.122094232180564,-1.1675592835239084
normal_qq,IZTECH::IZTECH_S011::2025-04-19,IZTECH,IZTECH::IZTECH_S011,-1.1166846552402598,-1.1647285681015231
normal_qq,UCR::UCR_S011::2025-07-10,UCR,UCR::UCR_S011,-1.1113075605426177,-1.1602019758917748
normal_qq,UCR::UCR_S018::2025-07-23,UCR,UCR::UCR_S018,-1.1059624067022742,-1.1578228363761944
normal_qq,FUSPCEU::FUSPCEU_S005::2024-10-15,FUSPCEU,FUSPCEU::FUSPCEU_S005,-1.1006486655649854,-1.1422236107176165
normal_qq,RISE::RISE_S003::2025-03-22,RISE,RISE::RISE_S003,-1.0953658217720363,-1.130568291489913
normal_qq,FUSPCEU::FUSPCEU_S009::2024-11-04,FUSPCEU,FUSPCEU::FUSPCEU_S009,-1.090113372342536,-1.1281507524948857
normal_qq,UCR::UCR_S028::2025-08-13,UCR,UCR::UCR_S028,-1.084890826272719,-1.127466967180302
normal_qq,UCR::UCR_S023::2025-08-01,UCR,UCR::UCR_S023,-1.079697704151426,-1.1248914074020435
normal_qq,UCR::UCR_S038::2025-09-01,UCR,UCR::UCR_S038,-1.0745335377909806,-1.1049261380584683
normal_qq,TUM::TUM_S007::2024-07-06,TUM,TUM::TUM_S007,-1.069397869872727,-1.1028929677220436
normal_qq,IZTECH::IZTECH_S010::2025-04-19,IZTECH,IZTECH::IZTECH_S010,-1.0642902536065326,-1.097548287736642
normal_qq,RISE::RISE_S006::2025-04-18,RISE,RISE::RISE_S006,-1.0592102524035947,-1.0917440769798084
normal_qq,RISE::RISE_S007::2025-04-16,RISE,RISE::RISE_S007,-1.054157439561932,-1.0811375604463183
normal_qq,TUM::TUM_S001::2024-05-14,TUM,TUM::TUM_S001,-1.0491313979639711,-1.080500374673731
normal_qq,BAUA::BAUA_S001::2025-06-11,BAUA,BAUA::BAUA_S001,-1.0441317197856743,-1.0796725028020226
normal_qq,BAUA::BAUA_S015::2025-07-23,BAUA,BAUA::BAUA_S015,-1.0391580062166754,-1.075041314121454
normal_qq,FUSPCEU::FUSPCEU_S010::2024-11-07,FUSPCEU,FUSPCEU::FUSPCEU_S010,-1.0342098671909346,-1.0732194751073496
normal_qq,FUSPCEU::FUSPCEU_S013::2024-11-19,FUSPCEU,FUSPCEU::FUSPCEU_S013,-1.0292869211274278,-1.070696501568719
normal_qq,FUSPCEU::FUSPCEU_S025::2025-02-04,FUSPCEU,FUSPCEU::FUSPCEU_S025,-1.0243887946804375,-1.0651073277288134
normal_qq,BAUA::BAUA_S001::2025-06-12,BAUA,BAUA::BAUA_S001,-1.0195151224989991,-1.0580798394644804
normal_qq,THUAS::THUAS_S020::2025-10-09,THUAS,THUAS::THUAS_S020,-1.014665546995128,-1.0540846081487139
normal_qq,UCR::UCR_S009::2025-07-02,UCR,UCR::UCR_S009,-1.0098397181204155,-1.0524994311044609
normal_qq,RISE::RISE_S014::2025-10-12,RISE,RISE::RISE_S014,-1.0050372931506542,-1.051184492180497
normal_qq,IZTECH::IZTECH_S006::2025-02-21,IZTECH,IZTECH::IZTECH_S006,-1.0002579364781337,-1.0503480154530829
normal_qq,THUAS::THUAS_S002::2025-03-07,THUAS,THUAS::THUAS_S002,-0.9955013194112868,-1.0448012917591532
normal_qq,IZTECH::IZTECH_S014::2025-04-29,IZTECH,IZTECH::IZTECH_S014,-0.9907671199813701,-1.0321566046753579
normal_qq,BAUA::BAUA_S017::2025-09-09,BAUA,BAUA::BAUA_S017,-0.9860550227558877,-1.026488001085805
normal_qq,UCR::UCR_S036::2025-08-27,UCR,UCR::UCR_S036,-0.9813647186584709,-1.0144802156776749
normal_qq,TUM::TUM_S008::2024-07-10,TUM,TUM::TUM_S008,-0.976695904794953,-1.0104517372640958
normal_qq,UCR::UCR_S019::2025-07-26,UCR,UCR::UCR_S019,-0.9720482842853774,-1.0091512769561455
normal_qq,KNUST::KNUST_S013::2025-01-14,KNUST,KNUST::KNUST_S013,-0.9674215661017012,-1.0062033468904052
normal_qq,RISE::RISE_S014::2025-10-10,RISE,RISE::RISE_S014,-0.9628154649109603,-0.9972243549395677
normal_qq,FUSPCEU::FUSPCEU_S010::2024-11-06,FUSPCEU,FUSPCEU::FUSPCEU_S010,-0.9582297009236793,-0.990489641315949
normal_qq,FUSPCEU::FUSPCEU_S022::2025-01-29,FUSPCEU,FUSPCEU::FUSPCEU_S022,-0.9536639997473091,-0.9866226980957732
normal_qq,IZTECH::IZTECH_S003::2025-01-11,IZTECH,IZTECH::IZTECH_S003,-0.9491180922445025,-0.9732317398650934
normal_qq,UCR::UCR_S019::2025-07-25,UCR,UCR::UCR_S019,-0.9445917143960253,-0.9686897287463873
normal_qq,FUSPCEU::FUSPCEU_S025::2025-02-05,FUSPCEU,FUSPCEU::FUSPCEU_S025,-0.9400846071681317,-0.9623730101899547
normal_qq,BAUA::BAUA_S023::2025-09-28,BAUA,BAUA::BAUA_S023,-0.9355965163842221,-0.9497157764420153
normal_qq,UCR::UCR_S039::2025-08-28,UCR,UCR::UCR_S039,-0.9311271926006203,-0.9407436604811237
normal_qq,UCR::UCR_S035::2025-08-27,UCR,UCR::UCR_S035,-0.9266763909863126,-0.9359921114062775
normal_qq,KNUST::KNUST_S003::2024-10-22,KNUST,KNUST::KNUST_S003,-0.9222438712064968,-0.9349495594507308
normal_qq,BAUA::BAUA_S008::2025-06-26,BAUA,BAUA::BAUA_S008,-0.9178293973097937,-0.9272225686891722
normal_qq,BAUA::BAUA_S002::2025-06-13,BAUA,BAUA::BAUA_S002,-0.9134327376189881,-0.9254530356234694
normal_qq,FUSPCEU::FUSPCEU_S010::2024-11-04,FUSPCEU,FUSPCEU::FUSPCEU_S010,-0.9090536646251622,-0.9244618657687544
normal_qq,IZTECH::IZTECH_S009::2025-03-22,IZTECH,IZTECH::IZTECH_S009,-0.9046919548850972,-0.9222930870962092
normal_qq,UCR::UCR_S026::2025-08-05,UCR,UCR::UCR_S026,-0.9003473889218231,-0.9211604674278812
normal_qq,BAUA::BAUA_S009::2025-06-30,BAUA,BAUA::BAUA_S009,-0.8960197511281977,-0.921070000777599
normal_qq,FUSPCEU::FUSPCEU_S013::2024-11-23,FUSPCEU,FUSPCEU::FUSPCEU_S013,-0.8917088296734071,-0.9208791867156152
normal_qq,UCR::UCR_S035::2025-08-28,UCR,UCR::UCR_S035,-0.8874144164122806,-0.9169285536990328
normal_qq,TUM::TUM_S006::2024-06-27,TUM,TUM::TUM_S006,-0.8831363067973169,-0.9014303111965358
normal_qq,RISE::RISE_S013::2025-06-24,RISE,RISE::RISE_S013,-0.87887429979333,-0.8992364650901332
normal_qq,TUM::TUM_S007::2024-07-03,TUM,TUM::TUM_S007,-0.8746281977946085,-0.8976546459225994
normal_qq,RISE::RISE_S015::2025-10-12,RISE,RISE::RISE_S015,-0.8703978065445168,-0.8952625654158389
normal_qq,THUAS::THUAS_S007::2025-04-08,THUAS,THUAS::THUAS_S007,-0.8661829350574382,-0.894629076375729
normal_qq,UCR::UCR_S017::2025-07-17,UCR,UCR::UCR_S017,-0.8619833955429831,-0.8877522961554543
normal_qq,TUM::TUM_S005::2024-06-22,TUM,TUM::TUM_S005,-0.8577990033323839,-0.8828482285830803
normal_qq,UCR::UCR_S035::2025-09-01,UCR,UCR::UCR_S035,-0.8536295768069989,-0.8805015447566668
normal_qq,UCR::UCR_S025::2025-08-05,UCR,UCR::UCR_S025,-0.8494749373288559,-0.8750710996129636
normal_qq,KNUST::KNUST_S001::2024-10-09,KNUST,KNUST::KNUST_S001,-0.8453349091731611,-0.8750104691457571
normal_qq,BAUA::BAUA_S014::2025-07-17,BAUA,BAUA::BAUA_S014,-0.8412093194627105,-0.8708429617377972
normal_qq,THUAS::THUAS_S019::2025-10-05,THUAS,THUAS::THUAS_S019,-0.8370979981041363,-0.8676179738866101
normal_qq,TUM::TUM_S004::2024-06-15,TUM,TUM::TUM_S004,-0.833000777725931,-0.865658071421604
normal_qq,RISE::RISE_S013::2025-06-25,RISE,RISE::RISE_S013,-0.8289174936181829,-0.8608301630753207
normal_qq,UCR::UCR_S018::2025-07-21,UCR,UCR::UCR_S018,-0.8248479836739746,-0.838074454662413
normal_qq,FUSPCEU::FUSPCEU_S016::2024-12-01,FUSPCEU,FUSPCEU::FUSPCEU_S016,-0.8207920883323806,-0.8355344767900479
normal_qq,UCR::UCR_S033::2025-08-21,UCR,UCR::UCR_S033,-0.8167496505230187,-0.835096996956715
normal_qq,UCR::UCR_S019::2025-07-23,UCR,UCR::UCR_S019,-0.8127205156121022,-0.8280753865167578
normal_qq,FUSPCEU::FUSPCEU_S012::2024-12-05,FUSPCEU,FUSPCEU::FUSPCEU_S012,-0.80870453134994,-0.8271101644235613
normal_qq,UCR::UCR_S029::2025-08-13,UCR,UCR::UCR_S029,-0.8047015478198443,-0.8270351702438883
normal_qq,UCR::UCR_S020::2025-07-23,UCR,UCR::UCR_S020,-0.8007114173883969,-0.8263432472581307
normal_qq,THUAS::THUAS_S020::2025-10-07,THUAS,THUAS::THUAS_S020,-0.7967339946570309,-0.8235351508317047
normal_qq,IZTECH::IZTECH_S007::2025-02-26,IZTECH,IZTECH::IZTECH_S007,-0.7927691364148869,-0.821704951944961
normal_qq,IZTECH::IZTECH_S004::2025-01-25,IZTECH,IZTECH::IZTECH_S004,-0.788816701592901,-0.8209703290164164
normal_qq,UCR::UCR_S034::2025-08-29,UCR,UCR::UCR_S034,-0.7848765512190917,-0.8205424472238005
normal_qq,UCR::UCR_S025::2025-08-07,UCR,UCR::UCR_S025,-0.7809485483749996,-0.8168551797626905
normal_qq,UCR::UCR_S027::2025-08-06,UCR,UCR::UCR_S027,-0.7770325581532523,-0.8137019538710466
normal_qq,BAUA::BAUA_S005::2025-06-12,BAUA,BAUA::BAUA_S005,-0.7731284476162129,-0.8091670376373399
normal_qq,RISE::RISE_S013::2025-06-27,RISE,RISE::RISE_S013,-0.7692360857556848,-0.8049866992453756
normal_qq,FUSPCEU::FUSPCEU_S015::2024-12-01,FUSPCEU,FUSPCEU::FUSPCEU_S015,-0.7653553434536339,-0.8028043933524279
normal_qq,IZTECH::IZTECH_S010::2025-04-15,IZTECH,IZTECH::IZTECH_S010,-0.7614860934439045,-0.7936699458369909
normal_qq,RISE::RISE_S001::2025-03-08,RISE,RISE::RISE_S001,-0.7576282102748909,-0.7922299502948229
normal_qq,IZTECH::IZTECH_S008::2025-03-07,IZTECH,IZTECH::IZTECH_S008,-0.7537815702731446,-0.79098521969307
normal_qq,UCR::UCR_S020::2025-07-25,UCR,UCR::UCR_S020,-0.7499460515078776,-0.7678607212724597
normal_qq,FUSPCEU::FUSPCEU_S007::2024-10-26,FUSPCEU,FUSPCEU::FUSPCEU_S007,-0.7461215337563497,-0.761749327003932
normal_qq,KNUST::KNUST_S015::2025-01-30,KNUST,KNUST::KNUST_S015,-0.7423078984700988,-0.7598123173627304
normal_qq,THUAS::THUAS_S018::2025-09-24,THUAS,THUAS::THUAS_S018,-0.7385050287419992,-0.75353083587825
normal_qq,FUSPCEU::FUSPCEU_S012::2024-12-03,FUSPCEU,FUSPCEU::FUSPCEU_S012,-0.7347128092741203,-0.7445616912433829
normal_qq,FUSPCEU::FUSPCEU_S015::2024-11-30,FUSPCEU,FUSPCEU::FUSPCEU_S015,-0.7309311263463615,-0.7413519498868651
normal_qq,UCR::UCR_S031::2025-08-23,UCR,UCR::UCR_S031,-0.7271598677858406,-0.73713830398981794
normal_qq,IZTECH::IZTECH_S002::2025-01-07,IZTECH,IZTECH::IZTECH_S002,-0.7233989229370184,-0.7363258591635333
normal_qq,UCR::UCR_S033::2025-08-19,UCR,UCR::UCR_S033,-0.7196481826325275,-0.7338874156404703
normal_qq,RISE::RISE_S002::2025-03-22,RISE,RISE::RISE_S002,-0.7159075391647024,-0.7304490227564496
normal_qq,UCR::UCR_S026::2025-08-08,UCR,UCR::UCR_S026,-0.7121768862577691,-0.7243445006980122
normal_qq,THUAS::THUAS_S016::2025-07-11,THUAS,THUAS::THUAS_S016,-0.7084561190406965,-0.7188707000695088
normal_qq,BAUA::BAUA_S012::2025-07-20,BAUA,BAUA::BAUA_S012,-0.704745134020676,-0.7178116706590232
normal_qq,UCR::UCR_S037::2025-08-30,UCR,UCR::UCR_S037,-0.7010438290572184,-0.7068780478576854
normal_qq,UCR::UCR_S015::2025-07-15,UCR,UCR::UCR_S015,-0.6973521033368493,-0.7067810691008873
normal_qq,UCR::UCR_S029::2025-08-12,UCR,UCR::UCR_S029,-0.6936698573483865,-0.7067779730554933
normal_qq,THUAS::THUAS_S003::2025-03-18,THUAS,THUAS::THUAS_S003,-0.6899969928587828,-0.7049567697836995
normal_qq,UCR::UCR_S034::2025-08-28,UCR,UCR::UCR_S034,-0.6863334128895189,-0.7002371864833123
normal_qq,KNUST::KNUST_S001::2024-10-11,KNUST,KNUST::KNUST_S001,-0.6826790216935307,-0.6967646626229654
normal_qq,KNUST::KNUST_S013::2025-01-15,KNUST,KNUST::KNUST_S013,-0.6790337247326584,-0.6874568456255067
normal_qq,UCR::UCR_S022::2025-07-31,UCR,UCR::UCR_S022,-0.6753974286555992,-0.6858810937114431
normal_qq,RISE::RISE_S017::2025-10-16,RISE,RISE::RISE_S017,-0.6717700412763545,-0.6824969048634554
normal_qq,KNUST::KNUST_S010::2024-12-12,KNUST,KNUST::KNUST_S010,-0.6681514715531552,-0.6777939257486424
normal_qq,TUM::TUM_S003::2024-06-09,TUM,TUM::TUM_S003,-0.6645416295678527,-0.6765556831269283
normal_qq,BAUA::BAUA_S024::2025-10-15,BAUA,BAUA::BAUA_S024,-0.6609404265057645,-0.6717592523426329
normal_qq,FUSPCEU::FUSPCEU_S022::2025-01-28,FUSPCEU,FUSPCEU::FUSPCEU_S022,-0.6573477746359605,-0.6709447927495618
normal_qq,UCR::UCR_S017::2025-07-18,UCR,UCR::UCR_S017,-0.6537635872919805,-0.6692767980774437
normal_qq,UCR::UCR_S040::2025-09-06,UCR,UCR::UCR_S040,-0.6501877788529681,-0.6670884330023691
normal_qq,FUSPCEU::FUSPCEU_S012::2024-12-04,FUSPCEU,FUSPCEU::FUSPCEU_S012,-0.6466202647252132,-0.6664172428634781
normal_qq,TUM::TUM_S010::2024-07-24,TUM,TUM::TUM_S010,-0.6430609613240925,-0.6619653521821842
normal_qq,TUM::TUM_S008::2024-07-13,TUM,TUM::TUM_S008,-0.6395097860563937,-0.6608046665890682
normal_qq,IZTECH::IZTECH_S007::2025-02-28,IZTECH,IZTECH::IZTECH_S007,-0.6359666573030189,-0.6553843938725739
normal_qq,KNUST::KNUST_S014::2025-01-23,KNUST,KNUST::KNUST_S014,-0.6324314944020532,-0.6526856028940333
normal_qq,IZTECH::IZTECH_S005::2025-01-25,IZTECH,IZTECH::IZTECH_S005,-0.6289042176321897,-0.6486029939474826
normal_qq,BAUA::BAUA_S014::2025-07-16,BAUA,BAUA::BAUA_S014,-0.6253847481965058,-0.6477176971719923
normal_qq,IZTECH::IZTECH_S013::2025-04-27,IZTECH,IZTECH::IZTECH_S013,-0.621873008206574,-0.646244625169972
normal_qq,IZTECH::IZTECH_S008::2025-03-05,IZTECH,IZTECH::IZTECH_S008,-0.6183689206669084,-0.6389508724510556
normal_qq,TUM::TUM_S007::2024-07-05,TUM,TUM::TUM_S007,-0.6148724094597298,-0.6228811292601382
normal_qq,FUSPCEU::FUSPCEU_S008::2024-10-26,FUSPCEU,FUSPCEU::FUSPCEU_S008,-0.6113833993300453,-0.6211448767927374
normal_qq,UCR::UCR_S008::2025-07-01,UCR,UCR::UCR_S008,-0.6079018158710364,-0.6194179009128045
normal_qq,BAUA::BAUA_S001::2025-06-13,BAUA,BAUA::BAUA_S001,-0.604427585509743,-0.6185616168521988
normal_qq,BAUA::BAUA_S017::2025-09-13,BAUA,BAUA::BAUA_S017,-0.60096063549304,-0.6124379561465267
normal_qq,RISE::RISE_S012::2025-06-16,RISE,RISE::RISE_S012,-0.597500893873897,-0.6095443439414102
normal_qq,FUSPCEU::FUSPCEU_S011::2024-11-12,FUSPCEU,FUSPCEU::FUSPCEU_S011,-0.5940482894979165,-0.60876574560842
normal_qq,UCR::UCR_S023::2025-07-30,UCR,UCR::UCR_S023,-0.5906027519901399,-0.6058327111312378
normal_qq,THUAS::THUAS_S015::2025-07-10,THUAS,THUAS::THUAS_S015,-0.5871642117421183,-0.6045038476315611
normal_qq,BAUA::BAUA_S006::2025-06-16,BAUA,BAUA::BAUA_S006,-0.5837325998992405,-0.602619757511985
normal_qq,FUSPCEU::FUSPCEU_S014::2024-11-23,FUSPCEU,FUSPCEU::FUSPCEU_S014,-0.5803078483483118,-0.5983165353869326
normal_qq,UCR::UCR_S023::2025-07-31,UCR,UCR::UCR_S023,-0.576889889705376,-0.5866214267712535
normal_qq,FUSPCEU::FUSPCEU_S019::2024-12-10,FUSPCEU,FUSPCEU::FUSPCEU_S019,-0.5734786573037781,-0.583953747071405
normal_qq,RISE::RISE_S015::2025-10-10,RISE,RISE::RISE_S015,-0.5700740851824606,-0.5824764994950193
normal_qq,BAUA::BAUA_S003::2025-06-12,BAUA,BAUA::BAUA_S003,-0.5666761080744837,-0.574936362346097
normal_qq,KNUST::KNUST_S014::2025-01-25,KNUST,KNUST::KNUST_S014,-0.5632846613957717,-0.5725279693035478
normal_qq,TUM::TUM_S010::2024-07-26,TUM,TUM::TUM_S010,-0.5598996812340751,-0.5707195053256001
normal_qq,IZTECH::IZTECH_S011::2025-04-15,IZTECH,IZTECH::IZTECH_S011,-0.5565211043381416,-0.5622049238789214
normal_qq,BAUA::BAUA_S008::2025-06-30,BAUA,BAUA::BAUA_S008,-0.5531488681070985,-0.5543995009218139
normal_qq,IZTECH::IZTECH_S015::2025-05-01,IZTECH,IZTECH::IZTECH_S015,-0.5497829105800327,-0.5530695047146825
normal_qq,TUM::TUM_S004::2024-06-12,TUM,TUM::TUM_S004,-0.5464231704257709,-0.5502173060103985
normal_qq,RISE::RISE_S013::2025-06-26,RISE,RISE::RISE_S013,-0.5430695869328503,-0.5440437217264391
normal_qq,TUM::TUM_S009::2024-07-21,TUM,TUM::TUM_S009,-0.5397220999996789,-0.5392598738757184
normal_qq,UCR::UCR_S030::2025-08-13,UCR,UCR::UCR_S030,-0.5363806501248778,-0.538069785255213
normal_qq,FUSPCEU::FUSPCEU_S015::2024-11-26,FUSPCEU,FUSPCEU::FUSPCEU_S015,-0.5330451783978047,-0.53463821811974
normal_qq,UCR::UCR_S009::2025-07-01,UCR,UCR::UCR_S009,-0.5297156264892526,-0.5346088637607848
normal_qq,RISE::RISE_S017::2025-10-14,RISE,RISE::RISE_S017,-0.5263919366423179,-0.529196182466015
normal_qq,FUSPCEU::FUSPCEU_S019::2024-12-12,FUSPCEU,FUSPCEU::FUSPCEU_S019,-0.5230740516634378,-0.525977138705421
normal_qq,KNUST::KNUST_S015::2025-02-01,KNUST,KNUST::KNUST_S015,-0.5197619149135925,-0.5202830189065845
normal_qq,FUSPCEU::FUSPCEU_S008::2024-10-25,FUSPCEU,FUSPCEU::FUSPCEU_S008,-0.5164554702996633,-0.518111517438923
normal_qq,FUSPCEU::FUSPCEU_S020::2025-01-25,FUSPCEU,FUSPCEU::FUSPCEU_S020,-0.5131546622659514,-0.5132173638904396
normal_qq,RISE::RISE_S005::2025-04-01,RISE,RISE::RISE_S005,-0.5098594357858462,-0.5111042798623074
normal_qq,UCR::UCR_S020::2025-07-26,UCR,UCR::UCR_S020,-0.5065697363536461,-0.5096769671592677
normal_qq,UCR::UCR_S006::2025-06-26,UCR,UCR::UCR_S006,-0.5032855099765218,-0.5044076954219645
normal_qq,RISE::RISE_S005::2025-04-05,RISE,RISE::RISE_S005,-0.5000067031666254,-0.49967425381307956
normal_qq,KNUST::KNUST_S012::2025-01-07,KNUST,KNUST::KNUST_S012,-0.49673326293333836,-0.4968502347606739
normal_qq,THUAS::THUAS_S016::2025-07-09,THUAS,THUAS::THUAS_S016,-0.4934651367756545,-0.4930291383813875
normal_qq,IZTECH::IZTECH_S011::2025-04-18,IZTECH,IZTECH::IZTECH_S011,-0.4902022726746986,-0.49144917378995723
normal_qq,RISE::RISE_S017::2025-10-17,RISE,RISE::RISE_S017,-0.4869446190863748,-0.4903243728630857
normal_qq,KNUST::KNUST_S007::2024-11-21,KNUST,KNUST::KNUST_S007,-0.48369212493414226,-0.4901287509378454
normal_qq,FUSPCEU::FUSPCEU_S016::2024-11-26,FUSPCEU,FUSPCEU::FUSPCEU_S016,-0.4804447396019165,-0.48772955427123993
normal_qq,UCR::UCR_S008::2025-07-04,UCR,UCR::UCR_S008,-0.47720241292709326,-0.4808274088347021
normal_qq,KNUST::KNUST_S005::2024-11-08,KNUST,KNUST::KNUST_S005,-0.4739650951936902,-0.4784404928417962
normal_qq,IZTECH::IZTECH_S005::2025-01-22,IZTECH,IZTECH::IZTECH_S005,-0.4707327371256086,-0.47664021620760993
normal_qq,UCR::UCR_S027::2025-08-07,UCR,UCR::UCR_S027,-0.46750528988000595,-0.475997702140529
normal_qq,FUSPCEU::FUSPCEU_S010::2024-11-05,FUSPCEU,FUSPCEU::FUSPCEU_S010,-0.4642827050407844,-0.4697074285807187
normal_qq,TUM::TUM_S010::2024-07-27,TUM,TUM::TUM_S010,-0.4610649346121857,-0.4555165052123935
normal_qq,IZTECH::IZTECH_S001::2024-12-30,IZTECH,IZTECH::IZTECH_S001,-0.457851931012495,-0.4536878872482279
normal_qq,BAUA::BAUA_S015::2025-07-26,BAUA,BAUA::BAUA_S015,-0.4546436470678494,-0.4525690144704081
normal_qq,THUAS::THUAS_S005::2025-03-28,THUAS,THUAS::THUAS_S005,-0.451440036006149,-0.44973512544176203
normal_qq,FUSPCEU::FUSPCEU_S008::2024-10-22,FUSPCEU,FUSPCEU::FUSPCEU_S008,-0.4482410514510699,-0.4477757861521431
normal_qq,UCR::UCR_S026::2025-08-10,UCR,UCR::UCR_S026,-0.4450466474161732,-0.44716495979097304
normal_qq,KNUST::KNUST_S005::2024-11-10,KNUST,KNUST::KNUST_S005,-0.4418567782991125,-0.4392336831409674
normal_qq,KNUST::KNUST_S001::2024-10-12,KNUST,KNUST::KNUST_S001,-0.43867139887593526,-0.4384024424417557
normal_qq,UCR::UCR_S002::2025-06-18,UCR,UCR::UCR_S002,-0.4354904642954767,-0.4344533786345304
normal_qq,UCR::UCR_S016::2025-07-15,UCR,UCR::UCR_S016,-0.4323139300738431,-0.431153273007978
normal_qq,IZTECH::IZTECH_S006::2025-02-22,IZTECH,IZTECH::IZTECH_S006,-0.42914175208898553,-0.4297271936154295
normal_qq,RISE::RISE_S003::2025-03-21,RISE,RISE::RISE_S003,-0.4259738865753591,-0.4214263898774133
normal_qq,FUSPCEU::FUSPCEU_S013::2024-11-22,FUSPCEU,FUSPCEU::FUSPCEU_S013,-0.4228102901186673,-0.4208636746244455
normal_qq,UCR::UCR_S018::2025-07-22,UCR,UCR::UCR_S018,-0.41965091965069046,-0.42056088128605706
normal_qq,THUAS::THUAS_S003::2025-03-20,THUAS,THUAS::THUAS_S003,-0.4164957324441943,-0.41404462185859864
normal_qq,BAUA::BAUA_S004::2025-06-12,BAUA,BAUA::BAUA_S004,-0.4133446861079199,-0.4108476810237118
normal_qq,RISE::RISE_S012::2025-06-10,RISE,RISE::RISE_S012,-0.41019773858165015,-0.40680310246320683
normal_qq,TUM::TUM_S009::2024-07-16,TUM,TUM::TUM_S009,-0.40705484813135484,-0.40169244919829583
normal_qq,KNUST::KNUST_S009::2024-12-08,KNUST,KNUST::KNUST_S009,-0.4039159733444091,-0.4002778611596353
normal_qq,UCR::UCR_S025::2025-08-06,UCR,UCR::UCR_S025,-0.40078107312488576,-0.397991332275067
normal_qq,UCR::UCR_S030::2025-08-12,UCR,UCR::UCR_S030,-0.3976501066889204,-0.39790290124528804
normal_qq,BAUA::BAUA_S003::2025-06-11,BAUA,BAUA::BAUA_S003,-0.39452303356014673,-0.3974321574683388
normal_qq,RISE::RISE_S005::2025-04-06,RISE,RISE::RISE_S005,-0.39139981356520065,-0.392248013603405
normal_qq,IZTECH::IZTECH_S005::2025-01-24,IZTECH,IZTECH::IZTECH_S005,-0.38828040682929216,-0.39223743825318635
normal_qq,BAUA::BAUA_S002::2025-06-14,BAUA,BAUA::BAUA_S002,-0.3851647737718444,-0.38656651448648294
normal_qq,TUM::TUM_S006::2024-06-28,TUM,TUM::TUM_S006,-0.38205287510219693,-0.3848449239443222
normal_qq,IZTECH::IZTECH_S010::2025-04-18,IZTECH,IZTECH::IZTECH_S010,-0.378944671815373,-0.384449519782016
normal_qq,FUSPCEU::FUSPCEU_S022::2025-02-01,FUSPCEU,FUSPCEU::FUSPCEU_S022,-0.3758401251879098,-0.38041690644124504
normal_qq,TUM::TUM_S003::2024-06-08,TUM,TUM::TUM_S003,-0.3727391967737493,-0.37966740466325466
normal_qq,RISE::RISE_S014::2025-10-08,RISE,RISE::RISE_S014,-0.3696418484001894,-0.3657873681725668
normal_qq,RISE::RISE_S009::2025-05-27,RISE,RISE::RISE_S009,-0.36654804216389386,-0.3557315258976979
normal_qq,KNUST::KNUST_S002::2024-10-16,KNUST,KNUST::KNUST_S002,-0.3634577404269602,-0.353767857098716
normal_qq,FUSPCEU::FUSPCEU_S006::2024-10-17,FUSPCEU,FUSPCEU::FUSPCEU_S006,-0.36037090581304365,-0.3523619367826856
normal_qq,UCR::UCR_S022::2025-08-03,UCR,UCR::UCR_S022,-0.35728750120353653,-0.3495702415969145
normal_qq,THUAS::THUAS_S015::2025-07-11,THUAS,THUAS::THUAS_S015,-0.35420748973380267,-0.34916686348875586
normal_qq,UCR::UCR_S038::2025-08-31,UCR,UCR::UCR_S038,-0.35113083478946433,-0.3475092161571219
normal_qq,UCR::UCR_S039::2025-08-31,UCR,UCR::UCR_S039,-0.34805750000274155,-0.3459965978527115
normal_qq,RISE::RISE_S008::2025-05-03,RISE,RISE::RISE_S008,-0.34498744924884234,-0.33966701602295074
normal_qq,THUAS::THUAS_S011::2025-05-14,THUAS,THUAS::THUAS_S011,-0.3419206466424044,-0.3389726853934384
normal_qq,BAUA::BAUA_S002::2025-06-16,BAUA,BAUA::BAUA_S002,-0.3388570565339838,-0.32473569294550764
normal_qq,THUAS::THUAS_S010::2025-06-07,THUAS,THUAS::THUAS_S010,-0.3357966435065943,-0.32400322932116044
normal_qq,BAUA::BAUA_S013::2025-07-18,BAUA,BAUA::BAUA_S013,-0.3327393723722916,-0.3232375766954067
normal_qq,THUAS::THUAS_S011::2025-05-17,THUAS,THUAS::THUAS_S011,-0.3296852081688063,-0.3232202007801331
normal_qq,BAUA::BAUA_S009::2025-06-27,BAUA,BAUA::BAUA_S009,-0.3266341161562204,-0.31941323593730725
normal_qq,FUSPCEU::FUSPCEU_S003::2024-10-09,FUSPCEU,FUSPCEU::FUSPCEU_S003,-0.3235860618136897,-0.31827660544375563
normal_qq,FUSPCEU::FUSPCEU_S022::2025-02-02,FUSPCEU,FUSPCEU::FUSPCEU_S022,-0.3205410108362089,-0.31762613299340353
normal_qq,UCR::UCR_S017::2025-07-16,UCR,UCR::UCR_S017,-0.3174989291314202,-0.3098560067984042
normal_qq,UCR::UCR_S010::2025-07-08,UCR,UCR::UCR_S010,-0.31445978281646403,-0.3097769995269791
normal_qq,FUSPCEU::FUSPCEU_S019::2024-12-15,FUSPCEU,FUSPCEU::FUSPCEU_S019,-0.3114235382148704,-0.3089469942621916
normal_qq,IZTECH::IZTECH_S004::2025-01-23,IZTECH,IZTECH::IZTECH_S004,-0.30839016185349133,-0.30818743393842724
normal_qq,FUSPCEU::FUSPCEU_S003::2024-10-11,FUSPCEU,FUSPCEU::FUSPCEU_S003,-0.3053596204594725,-0.30595735259181317
normal_qq,TUM::TUM_S008::2024-07-14,TUM,TUM::TUM_S008,-0.30233188095726343,-0.305560327796647
normal_qq,RISE::RISE_S012::2025-06-13,RISE,RISE::RISE_S012,-0.29930691046566715,-0.2976376824022625
normal_qq,FUSPCEU::FUSPCEU_S014::2024-11-22,FUSPCEU,FUSPCEU::FUSPCEU_S014,-0.2962846762949253,-0.2973978915110632
normal_qq,TUM::TUM_S008::2024-07-11,TUM,TUM::TUM_S008,-0.2932651459438414,-0.2964985822060867
normal_qq,RISE::RISE_S001::2025-03-05,RISE,RISE::RISE_S001,-0.29024828709694034,-0.2964699063768698
normal_qq,UCR::UCR_S021::2025-07-25,UCR,UCR::UCR_S021,-0.28723406762166065,-0.29277959785550584
normal_qq,FUSPCEU::FUSPCEU_S003::2024-10-12,FUSPCEU,FUSPCEU::FUSPCEU_S003,-0.28422245556558445,-0.2898204155623623
normal_qq,FUSPCEU::FUSPCEU_S019::2024-12-14,FUSPCEU,FUSPCEU::FUSPCEU_S019,-0.28121341915369924,-0.2884663782874596
normal_qq,UCR::UCR_S040::2025-09-04,UCR,UCR::UCR_S040,-0.27820692678569375,-0.28710876874661184
normal_qq,UCR::UCR_S018::2025-07-27,UCR,UCR::UCR_S018,-0.2752029470332866,-0.2843395594610393
normal_qq,TUM::TUM_S006::2024-06-25,TUM,TUM::TUM_S006,-0.27220144863758566,-0.28254013395917466
normal_qq,KNUST::KNUST_S003::2024-10-25,KNUST,KNUST::KNUST_S003,-0.2692024005064808,-0.2791389442051836
normal_qq,IZTECH::IZTECH_S011::2025-04-17,IZTECH,IZTECH::IZTECH_S011,-0.2662057717120652,-0.2761059935289839
normal_qq,THUAS::THUAS_S010::2025-06-03,THUAS,THUAS::THUAS_S010,-0.26321153148808857,-0.27572646894845576
normal_qq,RISE::RISE_S014::2025-10-09,RISE,RISE::RISE_S014,-0.26021964922743873,-0.2733689845712582
normal_qq,UCR::UCR_S012::2025-07-13,UCR,UCR::UCR_S012,-0.25723009447965295,-0.2702082970085602
normal_qq,RISE::RISE_S002::2025-03-20,RISE,RISE::RISE_S002,-0.25424283694845734,-0.26781107301188883
normal_qq,IZTECH::IZTECH_S008::2025-03-09,IZTECH,IZTECH::IZTECH_S008,-0.25125784648933425,-0.26604344326409374
normal_qq,RISE::RISE_S017::2025-10-15,RISE,RISE::RISE_S017,-0.24827509310711637,-0.2574407772769987
normal_qq,FUSPCEU::FUSPCEU_S006::2024-10-18,FUSPCEU,FUSPCEU::FUSPCEU_S006,-0.24529454695360894,-0.256481350872869
normal_qq,IZTECH::IZTECH_S004::2025-01-21,IZTECH,IZTECH::IZTECH_S004,-0.24231617832523686,-0.25311474055918365
normal_qq,RISE::RISE_S008::2025-05-04,RISE,RISE::RISE_S008,-0.23933995766071844,-0.2519401977071581
normal_qq,BAUA::BAUA_S002::2025-06-12,BAUA,BAUA::BAUA_S002,-0.2363658555387638,-0.2500287962300686
normal_qq,UCR::UCR_S022::2025-07-30,UCR,UCR::UCR_S022,-0.23339384267579855,-0.2471695811762369
normal_qq,UCR::UCR_S004::2025-06-26,UCR,UCR::UCR_S004,-0.23042388992371088,-0.24536224578785695
normal_qq,THUAS::THUAS_S002::2025-03-08,THUAS,THUAS::THUAS_S002,-0.22745596826762368,-0.24249688738083394
normal_qq,IZTECH::IZTECH_S011::2025-04-16,IZTECH,IZTECH::IZTECH_S011,-0.22449004882368886,-0.2399624831861357
normal_qq,KNUST::KNUST_S010::2024-12-10,KNUST,KNUST::KNUST_S010,-0.2215261028369048,-0.23962552766726758
normal_qq,IZTECH::IZTECH_S003::2025-01-10,IZTECH,IZTECH::IZTECH_S003,-0.21856410167895654,-0.23818593303047367
normal_qq,TUM::TUM_S004::2024-06-11,TUM,TUM::TUM_S004,-0.21560401684607716,-0.2329933183105698
normal_qq,BAUA::BAUA_S014::2025-07-21,BAUA,BAUA::BAUA_S014,-0.21264581995693158,-0.23135208396394866
normal_qq,RISE::RISE_S009::2025-05-28,RISE,RISE::RISE_S009,-0.2096894827505207,-0.2296718002603865
normal_qq,BAUA::BAUA_S002::2025-06-15,BAUA,BAUA::BAUA_S002,-0.20673497708410613,-0.22614619246320924
normal_qq,UCR::UCR_S006::2025-06-27,UCR,UCR::UCR_S006,-0.2037822749311557,-0.22580554084601834
normal_qq,TUM::TUM_S001::2024-05-15,TUM,TUM::TUM_S001,-0.20083134837930824,-0.22002656151367345
normal_qq,FUSPCEU::FUSPCEU_S005::2024-10-18,FUSPCEU,FUSPCEU::FUSPCEU_S005,-0.197882169628358,-0.21752883934630401
normal_qq,UCR::UCR_S009::2025-07-03,UCR,UCR::UCR_S009,-0.19493471098825782,-0.2165517669048769
normal_qq,IZTECH::IZTECH_S001::2024-12-28,IZTECH,IZTECH::IZTECH_S001,-0.19198894487714083,-0.21609728145266274
normal_qq,UCR::UCR_S010::2025-07-11,UCR,UCR::UCR_S010,-0.18904484381936104,-0.21141381079804278
normal_qq,UCR::UCR_S019::2025-07-22,UCR,UCR::UCR_S019,-0.1861023804435508,-0.21027155235580033
normal_qq,UCR::UCR_S037::2025-08-27,UCR,UCR::UCR_S037,-0.18316152748069606,-0.20659468677780893
normal_qq,BAUA::BAUA_S006::2025-06-15,BAUA,BAUA::BAUA_S006,-0.18022225776222908,-0.20538495470673626
normal_qq,IZTECH::IZTECH_S016::2025-05-06,IZTECH,IZTECH::IZTECH_S016,-0.1772845442181372,-0.2045766899672523
normal_qq,FUSPCEU::FUSPCEU_S004::2024-10-12,FUSPCEU,FUSPCEU::FUSPCEU_S004,-0.1743483598750883,-0.20196991234438572
normal_qq,BAUA::BAUA_S003::2025-06-15,BAUA,BAUA::BAUA_S003,-0.1714136778545721,-0.19267939579169696
normal_qq,UCR::UCR_S028::2025-08-14,UCR,UCR::UCR_S028,-0.16848047137105748,-0.19251599514736817
normal_qq,THUAS::THUAS_S010::2025-06-05,THUAS,THUAS::THUAS_S010,-0.1655487137301643,-0.19004015020813048
normal_qq,TUM::TUM_S003::2024-06-04,TUM,TUM::TUM_S003,-0.16261837832685105,-0.18895530944430594
normal_qq,THUAS::THUAS_S020::2025-10-10,THUAS,THUAS::THUAS_S020,-0.15968943864361637,-0.18380087761083413
normal_qq,FUSPCEU::FUSPCEU_S015::2024-11-28,FUSPCEU,FUSPCEU::FUSPCEU_S015,-0.1567618682487154,-0.1802141624225835
normal_qq,THUAS::THUAS_S005::2025-03-27,THUAS,THUAS::THUAS_S005,-0.15383564079438977,-0.1771756047684441
normal_qq,UCR::UCR_S028::2025-08-17,UCR,UCR::UCR_S028,-0.1509107300151113,-0.17504737528485548
normal_qq,UCR::UCR_S028::2025-08-15,UCR,UCR::UCR_S028,-0.14798710972583887,-0.15350583379681332
normal_qq,THUAS::THUAS_S003::2025-03-21,THUAS,THUAS::THUAS_S003,-0.14506475382028883,-0.14911257459231086
normal_qq,RISE::RISE_S001::2025-03-09,RISE,RISE::RISE_S001,-0.14214363626921733,-0.14777733718106678
normal_qq,UCR::UCR_S026::2025-08-09,UCR,UCR::UCR_S026,-0.13922373111871567,-0.14773831468390872
normal_qq,UCR::UCR_S014::2025-07-17,UCR,UCR::UCR_S014,-0.13630501248851729,-0.14606263158234256
normal_qq,UCR::UCR_S014::2025-07-15,UCR,UCR::UCR_S014,-0.13338745457031687,-0.14504795902874196
normal_qq,IZTECH::IZTECH_S003::2025-01-07,IZTECH,IZTECH::IZTECH_S003,-0.13047103162610077,-0.1430493851878651
normal_qq,TUM::TUM_S008::2024-07-12,TUM,TUM::TUM_S008,-0.12755571798648888,-0.1401311992804849
normal_qq,IZTECH::IZTECH_S013::2025-04-22,IZTECH,IZTECH::IZTECH_S013,-0.12464148804908669,-0.12641879357384034
normal_qq,UCR::UCR_S039::2025-08-27,UCR,UCR::UCR_S039,-0.12172831627684909,-0.12360037168410673
normal_qq,UCR::UCR_S035::2025-08-30,UCR,UCR::UCR_S035,-0.1188161771964536,-0.12223614226517146
normal_qq,RISE::RISE_S012::2025-06-12,RISE,RISE::RISE_S012,-0.1159050453966842,-0.12133940012333323
normal_qq,THUAS::THUAS_S020::2025-10-08,THUAS,THUAS::THUAS_S020,-0.11299489552682465,-0.11256731705602696
normal_qq,KNUST::KNUST_S013::2025-01-17,KNUST,KNUST::KNUST_S013,-0.11008570229506145,-0.10967088489437951
normal_qq,THUAS::THUAS_S016::2025-07-13,THUAS,THUAS::THUAS_S016,-0.1071774404668963,-0.10905921913100548
normal_qq,RISE::RISE_S017::2025-10-19,RISE,RISE::RISE_S017,-0.10427008486356709,-0.10589046997107797
normal_qq,RISE::RISE_S001::2025-03-04,RISE,RISE::RISE_S001,-0.10136361036047782,-0.10462336733885202
normal_qq,UCR::UCR_S036::2025-09-01,UCR,UCR::UCR_S036,-0.09845799188563739,-0.10287311570227232
normal_qq,FUSPCEU::FUSPCEU_S020::2025-01-24,FUSPCEU,FUSPCEU::FUSPCEU_S020,-0.09555320441810587,-0.09778345283585323
normal_qq,RISE::RISE_S009::2025-05-30,RISE,RISE::RISE_S009,-0.09264922298644955,-0.09746002701446183
normal_qq,UCR::UCR_S007::2025-07-02,UCR,UCR::UCR_S007,-0.0897460226672027,-0.09656242995118615
normal_qq,IZTECH::IZTECH_S017::2025-05-30,IZTECH,IZTECH::IZTECH_S017,-0.0868435785833377,-0.09410395414115783
normal_qq,UCR::UCR_S007::2025-07-01,UCR,UCR::UCR_S007,-0.08394186590274208,-0.0764140331457606
normal_qq,KNUST::KNUST_S008::2024-11-30,KNUST,KNUST::KNUST_S008,-0.08104085983670219,-0.0696081520464698
normal_qq,IZTECH::IZTECH_S015::2025-05-03,IZTECH,IZTECH::IZTECH_S015,-0.0781405356383941,-0.06851244683586839
normal_qq,BAUA::BAUA_S006::2025-06-13,BAUA,BAUA::BAUA_S006,-0.07524086860138066,-0.06848495136273469
normal_qq,FUSPCEU::FUSPCEU_S006::2024-10-15,FUSPCEU,FUSPCEU::FUSPCEU_S006,-0.0723418340581148,-0.06623366023849972
normal_qq,UCR::UCR_S040::2025-09-01,UCR,UCR::UCR_S040,-0.06944340737844899,-0.06555577552594746
normal_qq,IZTECH::IZTECH_S005::2025-01-21,IZTECH,IZTECH::IZTECH_S005,-0.06654556396815038,-0.06083771866871974
normal_qq,UCR::UCR_S032::2025-08-24,UCR,UCR::UCR_S032,-0.06364827926742131,-0.05527412615521066
normal_qq,KNUST::KNUST_S014::2025-01-26,KNUST,KNUST::KNUST_S014,-0.0607515287494254,-0.05460635165714836
normal_qq,FUSPCEU::FUSPCEU_S005::2024-10-17,FUSPCEU,FUSPCEU::FUSPCEU_S005,-0.057855287918818506,-0.05458349657622971
normal_qq,RISE::RISE_S013::2025-06-29,RISE,RISE::RISE_S013,-0.054959532310284484,-0.05366469878242314
normal_qq,BAUA::BAUA_S004::2025-06-16,BAUA,BAUA::BAUA_S004,-0.052064237487075685,-0.047541467665489834
normal_qq,BAUA::BAUA_S015::2025-07-28,BAUA,BAUA::BAUA_S015,-0.04916937903955778,-0.04459958056232333
normal_qq,UCR::UCR_S030::2025-08-17,UCR,UCR::UCR_S030,-0.04627493258375862,-0.0435729902549574
normal_qq,RISE::RISE_S015::2025-10-07,RISE,RISE::RISE_S015,-0.04338087375992119,-0.04343501471937407
normal_qq,UCR::UCR_S031::2025-08-24,UCR,UCR::UCR_S031,-0.04048717823106007,-0.041138936707395504
normal_qq,KNUST::KNUST_S005::2024-11-09,KNUST,KNUST::KNUST_S005,-0.037593821681521596,-0.04073682751967583
normal_qq,THUAS::THUAS_S005::2025-03-30,THUAS,THUAS::THUAS_S005,-0.03470077981554702,-0.039165172073533004
normal_qq,BAUA::BAUA_S022::2025-09-24,BAUA,BAUA::BAUA_S022,-0.03180802835583895,-0.035553283097746656
normal_qq,BAUA::BAUA_S024::2025-10-18,BAUA,BAUA::BAUA_S024,-0.028915543042130395,-0.031185049819218026
normal_qq,TUM::TUM_S007::2024-07-07,TUM,TUM::TUM_S007,-0.0260232996297565,-0.03007802562128648
normal_qq,IZTECH::IZTECH_S005::2025-01-26,IZTECH,IZTECH::IZTECH_S005,-0.023131273888228682,-0.0288919042672771
normal_qq,FUSPCEU::FUSPCEU_S023::2025-01-30,FUSPCEU,FUSPCEU::FUSPCEU_S023,-0.020239441599810823,-0.028601414435197578
normal_qq,BAUA::BAUA_S014::2025-07-20,BAUA,BAUA::BAUA_S014,-0.01734777855809749,-0.027723247011966403
normal_qq,RISE::RISE_S003::2025-03-18,RISE,RISE::RISE_S003,-0.014456260566593835,-0.026028169219096894
normal_qq,TUM::TUM_S006::2024-06-26,TUM,TUM::TUM_S006,-0.011564863437296995,-0.02448488729539811
normal_qq,FUSPCEU::FUSPCEU_S015::2024-11-29,FUSPCEU,FUSPCEU::FUSPCEU_S015,-0.008673562989278814,-0.022806119439645344
normal_qq,KNUST::KNUST_S009::2024-12-04,KNUST,KNUST::KNUST_S009,-0.005782335047269588,-0.02152861437839809
normal_qq,KNUST::KNUST_S006::2024-11-13,KNUST,KNUST::KNUST_S006,-0.0028911554402427236,-0.01814076393993003
normal_qq,RISE::RISE_S009::2025-05-31,RISE,RISE::RISE_S009,0,-0.011689802649354385
normal_qq,THUAS::THUAS_S020::2025-10-11,THUAS,THUAS::THUAS_S020,0.002891155440242863,-0.010335995991164415
normal_qq,UCR::UCR_S034::2025-08-31,UCR,UCR::UCR_S034,0.005782335047269588,-0.005941689747250067
normal_qq,IZTECH::IZTECH_S015::2025-05-04,IZTECH,IZTECH::IZTECH_S015,0.008673562989278951,-0.005467010944846103
normal_qq,UCR::UCR_S008::2025-07-03,UCR,UCR::UCR_S008,0.011564863437296995,-0.0027155017339463177
normal_qq,BAUA::BAUA_S018::2025-09-14,BAUA,BAUA::BAUA_S018,0.014456260566593975,0.0014287173447581965
normal_qq,RISE::RISE_S008::2025-04-29,RISE,RISE::RISE_S008,0.01734777855809749,0.006183432102224683
normal_qq,TUM::TUM_S002::2024-05-28,TUM,TUM::TUM_S002,0.02023944159981096,0.006285809830213474
normal_qq,FUSPCEU::FUSPCEU_S006::2024-10-16,FUSPCEU,FUSPCEU::FUSPCEU_S006,0.023131273888228682,0.0096995049096514
normal_qq,TUM::TUM_S006::2024-06-29,TUM,TUM::TUM_S006,0.02602329962975664,0.01213651153617364
normal_qq,TUM::TUM_S005::2024-06-20,TUM,TUM::TUM_S005,0.028915543042130395,0.013271427450944725
normal_qq,IZTECH::IZTECH_S016::2025-05-07,IZTECH,IZTECH::IZTECH_S016,0.03180802835583909,0.01764429953924377
normal_qq,UCR::UCR_S025::2025-08-08,UCR,UCR::UCR_S025,0.03470077981554702,0.018583905870456698
normal_qq,KNUST::KNUST_S006::2024-11-16,KNUST,KNUST::KNUST_S006,0.03759382168152174,0.02086669466358418
normal_qq,BAUA::BAUA_S002::2025-06-11,BAUA,BAUA::BAUA_S002,0.04048717823106007,0.0270238427553397
normal_qq,UCR::UCR_S021::2025-07-22,UCR,UCR::UCR_S021,0.04338087375992133,0.027625468461419802
normal_qq,RISE::RISE_S003::2025-03-20,RISE,RISE::RISE_S003,0.04627493258375862,0.028908697008199234
normal_qq,UCR::UCR_S018::2025-07-25,UCR,UCR::UCR_S018,0.04916937903955792,0.03551183843668841
normal_qq,RISE::RISE_S009::2025-05-29,RISE,RISE::RISE_S009,0.052064237487075685,0.035609240970507175
normal_qq,BAUA::BAUA_S013::2025-07-17,BAUA,BAUA::BAUA_S013,0.05495953231028462,0.039365072833396665
normal_qq,BAUA::BAUA_S024::2025-10-19,BAUA,BAUA::BAUA_S024,0.057855287918818506,0.043023531682202534
normal_qq,FUSPCEU::FUSPCEU_S011::2024-11-13,FUSPCEU,FUSPCEU::FUSPCEU_S011,0.060751528749425535,0.04542639070937817
normal_qq,RISE::RISE_S006::2025-04-17,RISE,RISE::RISE_S006,0.06364827926742131,0.05496446356255199
normal_qq,KNUST::KNUST_S009::2024-12-07,KNUST,KNUST::KNUST_S009,0.06654556396815052,0.05774973599862573
normal_qq,FUSPCEU::FUSPCEU_S013::2024-11-21,FUSPCEU,FUSPCEU::FUSPCEU_S013,0.06944340737844899,0.05930428753225404
normal_qq,IZTECH::IZTECH_S010::2025-04-20,IZTECH,IZTECH::IZTECH_S010,0.07234183405811494,0.0608491307066503
normal_qq,THUAS::THUAS_S020::2025-10-12,THUAS,THUAS::THUAS_S020,0.07524086860138066,0.06360134136055001
normal_qq,FUSPCEU::FUSPCEU_S003::2024-10-13,FUSPCEU,FUSPCEU::FUSPCEU_S003,0.07814053563839425,0.06479700343200581
normal_qq,UCR::UCR_S020::2025-07-27,UCR,UCR::UCR_S020,0.08104085983670219,0.06704971647855452
normal_qq,BAUA::BAUA_S023::2025-09-24,BAUA,BAUA::BAUA_S023,0.08394186590274222,0.0691662164537802
normal_qq,BAUA::BAUA_S022::2025-09-26,BAUA,BAUA::BAUA_S022,0.0868435785833377,0.072180985671267
normal_qq,RISE::RISE_S007::2025-04-15,RISE,RISE::RISE_S007,0.08974602266720283,0.08550494168953175
normal_qq,THUAS::THUAS_S007::2025-04-12,THUAS,THUAS::THUAS_S007,0.09264922298644955,0.08598891896622562
normal_qq,THUAS::THUAS_S016::2025-07-08,THUAS,THUAS::THUAS_S016,0.09555320441810601,0.08755059688269147
normal_qq,UCR::UCR_S010::2025-07-09,UCR,UCR::UCR_S010,0.09845799188563725,0.08804009708755718
normal_qq,IZTECH::IZTECH_S011::2025-04-20,IZTECH,IZTECH::IZTECH_S011,0.10136361036047782,0.09321728444941939
normal_qq,THUAS::THUAS_S011::2025-05-13,THUAS,THUAS::THUAS_S011,0.10427008486356695,0.09364896741043047
normal_qq,BAUA::BAUA_S009::2025-06-28,BAUA,BAUA::BAUA_S009,0.1071774404668963,0.09741365700777388
normal_qq,UCR::UCR_S033::2025-08-23,UCR,UCR::UCR_S033,0.11008570229506133,0.0989859597147533
normal_qq,KNUST::KNUST_S012::2025-01-10,KNUST,KNUST::KNUST_S012,0.11299489552682465,0.10087981850942601
normal_qq,BAUA::BAUA_S016::2025-07-27,BAUA,BAUA::BAUA_S016,0.11590504539668406,0.10127752881587056
normal_qq,TUM::TUM_S001::2024-05-16,TUM,TUM::TUM_S001,0.1188161771964536,0.10281810643839609
normal_qq,IZTECH::IZTECH_S017::2025-05-31,IZTECH,IZTECH::IZTECH_S017,0.12172831627684895,0.10685987773755144
normal_qq,UCR::UCR_S023::2025-07-29,UCR,UCR::UCR_S023,0.12464148804908669,0.11160398208442593
normal_qq,BAUA::BAUA_S016::2025-07-24,BAUA,BAUA::BAUA_S016,0.12755571798648874,0.11614787628643149
normal_qq,FUSPCEU::FUSPCEU_S009::2024-11-07,FUSPCEU,FUSPCEU::FUSPCEU_S009,0.13047103162610077,0.11676971567362143
normal_qq,IZTECH::IZTECH_S003::2025-01-09,IZTECH,IZTECH::IZTECH_S003,0.13338745457031673,0.11864604625105488
normal_qq,THUAS::THUAS_S015::2025-07-08,THUAS,THUAS::THUAS_S015,0.13630501248851729,0.1187897574974337
normal_qq,BAUA::BAUA_S014::2025-07-18,BAUA,BAUA::BAUA_S014,0.1392237311187155,0.12041309259744211
normal_qq,RISE::RISE_S015::2025-10-11,RISE,RISE::RISE_S015,0.14214363626921733,0.1271895531926119
normal_qq,UCR::UCR_S023::2025-08-02,UCR,UCR::UCR_S023,0.1450647538202887,0.1287007896571451
normal_qq,KNUST::KNUST_S008::2024-12-01,KNUST,KNUST::KNUST_S008,0.14798710972583887,0.12933086534648008
normal_qq,UCR::UCR_S014::2025-07-20,UCR,UCR::UCR_S014,0.15091073001511116,0.13103432357861028
normal_qq,KNUST::KNUST_S015::2025-01-29,KNUST,KNUST::KNUST_S015,0.15383564079438977,0.1358269212768115
normal_qq,KNUST::KNUST_S011::2024-12-19,KNUST,KNUST::KNUST_S011,0.15676186824871527,0.13661363754996508
normal_qq,KNUST::KNUST_S006::2024-11-17,KNUST,KNUST::KNUST_S006,0.15968943864361637,0.14006753012529377
normal_qq,RISE::RISE_S014::2025-10-11,RISE,RISE::RISE_S014,0.16261837832685094,0.1504548078217245
normal_qq,BAUA::BAUA_S018::2025-09-12,BAUA,BAUA::BAUA_S018,0.1655487137301643,0.15275197468580975
normal_qq,BAUA::BAUA_S025::2025-10-16,BAUA,BAUA::BAUA_S025,0.1684804713710573,0.15990364606749793
normal_qq,KNUST::KNUST_S002::2024-10-19,KNUST,KNUST::KNUST_S002,0.1714136778545721,0.16258081351578277
normal_qq,UCR::UCR_S002::2025-06-17,UCR,UCR::UCR_S002,0.17434835987508815,0.16277486790503956
normal_qq,IZTECH::IZTECH_S005::2025-01-23,IZTECH,IZTECH::IZTECH_S005,0.1772845442181372,0.1628252034534573
normal_qq,KNUST::KNUST_S014::2025-01-21,KNUST,KNUST::KNUST_S014,0.18022225776222894,0.1631205303247107
normal_qq,BAUA::BAUA_S003::2025-06-13,BAUA,BAUA::BAUA_S003,0.18316152748069606,0.16322716258913506
normal_qq,FUSPCEU::FUSPCEU_S009::2024-11-09,FUSPCEU,FUSPCEU::FUSPCEU_S009,0.18610238044355065,0.17043959699364372
normal_qq,UCR::UCR_S039::2025-08-30,UCR,UCR::UCR_S039,0.18904484381936104,0.1725037400972184
normal_qq,KNUST::KNUST_S004::2024-10-29,KNUST,KNUST::KNUST_S004,0.1919889448771407,0.17419030017908302
normal_qq,UCR::UCR_S036::2025-08-29,UCR,UCR::UCR_S036,0.19493471098825782,0.1784077246885338
normal_qq,UCR::UCR_S007::2025-07-05,UCR,UCR::UCR_S007,0.1978821696283582,0.18133516214497217
normal_qq,FUSPCEU::FUSPCEU_S012::2024-12-07,FUSPCEU,FUSPCEU::FUSPCEU_S012,0.20083134837930824,0.18569430335092207
normal_qq,UCR::UCR_S040::2025-09-05,UCR,UCR::UCR_S040,0.20378227493115586,0.2097852654370925
normal_qq,RISE::RISE_S004::2025-03-26,RISE,RISE::RISE_S004,0.20673497708410613,0.21219160895463904
normal_qq,UCR::UCR_S001::2025-06-17,UCR,UCR::UCR_S001,0.20968948275052082,0.21364887379468184
normal_qq,RISE::RISE_S007::2025-04-19,RISE,RISE::RISE_S007,0.21264581995693158,0.21724154943806961
normal_qq,BAUA::BAUA_S018::2025-09-10,BAUA,BAUA::BAUA_S018,0.21560401684607725,0.22446305875885827
normal_qq,FUSPCEU::FUSPCEU_S007::2024-10-22,FUSPCEU,FUSPCEU::FUSPCEU_S007,0.21856410167895654,0.22791692331939406
normal_qq,KNUST::KNUST_S008::2024-11-27,KNUST,KNUST::KNUST_S008,0.22152610283690494,0.229555026857708
normal_qq,BAUA::BAUA_S013::2025-07-19,BAUA,BAUA::BAUA_S013,0.22449004882368886,0.2298999938033542
normal_qq,IZTECH::IZTECH_S006::2025-02-18,IZTECH,IZTECH::IZTECH_S006,0.22745596826762385,0.2336479312102587
normal_qq,UCR::UCR_S011::2025-07-08,UCR,UCR::UCR_S011,0.23042388992371088,0.2342479318704247
normal_qq,FUSPCEU::FUSPCEU_S015::2024-11-27,FUSPCEU,FUSPCEU::FUSPCEU_S015,0.23339384267579866,0.23982965614072765
normal_qq,THUAS::THUAS_S018::2025-09-26,THUAS,THUAS::THUAS_S018,0.2363658555387638,0.2499185258478267
normal_qq,BAUA::BAUA_S025::2025-10-14,BAUA,BAUA::BAUA_S025,0.23933995766071858,0.2505795361670022
normal_qq,UCR::UCR_S006::2025-06-29,UCR,UCR::UCR_S006,0.24231617832523686,0.25169603594838125
normal_qq,BAUA::BAUA_S017::2025-09-11,BAUA,BAUA::BAUA_S017,0.24529454695360908,0.2556477878241763
normal_qq,UCR::UCR_S036::2025-08-31,UCR,UCR::UCR_S036,0.24827509310711637,0.25635006976847313
normal_qq,RISE::RISE_S002::2025-03-21,RISE,RISE::RISE_S002,0.25125784648933436,0.25742849435747067
normal_qq,THUAS::THUAS_S010::2025-06-09,THUAS,THUAS::THUAS_S010,0.25424283694845734,0.2581089390674797
normal_qq,KNUST::KNUST_S002::2024-10-18,KNUST,KNUST::KNUST_S002,0.25723009447965306,0.2625585754777628
normal_qq,FUSPCEU::FUSPCEU_S019::2024-12-11,FUSPCEU,FUSPCEU::FUSPCEU_S019,0.26021964922743873,0.2712435641974493
normal_qq,KNUST::KNUST_S009::2024-12-06,KNUST,KNUST::KNUST_S009,0.2632115314880887,0.2768687802972555
normal_qq,KNUST::KNUST_S010::2024-12-13,KNUST,KNUST::KNUST_S010,0.2662057717120652,0.27780513194674034
normal_qq,KNUST::KNUST_S002::2024-10-20,KNUST,KNUST::KNUST_S002,0.2692024005064809,0.28161475108965156
normal_qq,UCR::UCR_S010::2025-07-12,UCR,UCR::UCR_S010,0.27220144863758566,0.2858970565595076
normal_qq,FUSPCEU::FUSPCEU_S017::2024-12-05,FUSPCEU,FUSPCEU::FUSPCEU_S017,0.27520294703328674,0.28768034746791976
normal_qq,THUAS::THUAS_S002::2025-03-04,THUAS,THUAS::THUAS_S002,0.27820692678569375,0.29141841088358855
normal_qq,RISE::RISE_S006::2025-04-15,RISE,RISE::RISE_S006,0.28121341915369935,0.2977198778463801
normal_qq,BAUA::BAUA_S023::2025-09-29,BAUA,BAUA::BAUA_S023,0.28422245556558445,0.2987774284987271
normal_qq,RISE::RISE_S005::2025-04-03,RISE,RISE::RISE_S005,0.2872340676216608,0.3009183406263603
normal_qq,FUSPCEU::FUSPCEU_S016::2024-11-30,FUSPCEU,FUSPCEU::FUSPCEU_S016,0.29024828709694034,0.3010410550381366
normal_qq,RISE::RISE_S008::2025-05-01,RISE,RISE::RISE_S008,0.29326514594384157,0.30114785706081176
normal_qq,UCR::UCR_S002::2025-06-21,UCR,UCR::UCR_S002,0.2962846762949251,0.3022610439613468
normal_qq,FUSPCEU::FUSPCEU_S012::2024-12-06,FUSPCEU,FUSPCEU::FUSPCEU_S012,0.29930691046566715,0.30640661120463053
normal_qq,UCR::UCR_S006::2025-06-28,UCR,UCR::UCR_S006,0.3023318809572633,0.31160116546866073
normal_qq,FUSPCEU::FUSPCEU_S003::2024-10-10,FUSPCEU,FUSPCEU::FUSPCEU_S003,0.3053596204594725,0.3150308693149009
normal_qq,UCR::UCR_S034::2025-08-27,UCR,UCR::UCR_S034,0.3083901618534913,0.31600297052900506
normal_qq,BAUA::BAUA_S013::2025-07-21,BAUA,BAUA::BAUA_S013,0.3114235382148704,0.32048158781970454
normal_qq,IZTECH::IZTECH_S012::2025-04-27,IZTECH,IZTECH::IZTECH_S012,0.31445978281646386,0.3241499321338579
normal_qq,TUM::TUM_S004::2024-06-13,TUM,TUM::TUM_S004,0.3174989291314202,0.32699440364774707
normal_qq,TUM::TUM_S002::2024-05-29,TUM,TUM::TUM_S002,0.3205410108362088,0.3279738010545753
normal_qq,THUAS::THUAS_S003::2025-03-22,THUAS,THUAS::THUAS_S003,0.3235860618136897,0.3348373483355226
normal_qq,RISE::RISE_S004::2025-03-29,RISE,RISE::RISE_S004,0.3266341161562203,0.33489651522179426
normal_qq,UCR::UCR_S036::2025-08-28,UCR,UCR::UCR_S036,0.3296852081688063,0.3385323590720822
normal_qq,IZTECH::IZTECH_S001::2024-12-24,IZTECH,IZTECH::IZTECH_S001,0.33273937237229145,0.3397035112797359
normal_qq,RISE::RISE_S010::2025-06-11,RISE,RISE::RISE_S010,0.3357966435065943,0.34011093578005097
normal_qq,FUSPCEU::FUSPCEU_S007::2024-10-24,FUSPCEU,FUSPCEU::FUSPCEU_S007,0.3388570565339837,0.3402792291893035
normal_qq,IZTECH::IZTECH_S003::2025-01-12,IZTECH,IZTECH::IZTECH_S003,0.3419206466424044,0.3424892243105571
normal_qq,RISE::RISE_S007::2025-04-20,RISE,RISE::RISE_S007,0.3449874492488423,0.34477430820489363
normal_qq,RISE::RISE_S016::2025-10-10,RISE,RISE::RISE_S016,0.34805750000274155,0.34541358584093423
normal_qq,TUM::TUM_S008::2024-07-09,TUM,TUM::TUM_S008,0.3511308347894643,0.3460850042092886
normal_qq,IZTECH::IZTECH_S007::2025-03-02,IZTECH,IZTECH::IZTECH_S007,0.35420748973380267,0.3472062869471126
normal_qq,UCR::UCR_S017::2025-07-15,UCR,UCR::UCR_S017,0.35728750120353636,0.3476629593330086
normal_qq,FUSPCEU::FUSPCEU_S020::2025-01-21,FUSPCEU,FUSPCEU::FUSPCEU_S020,0.36037090581304365,0.3524703144475694
normal_qq,UCR::UCR_S011::2025-07-11,UCR,UCR::UCR_S011,0.3634577404269601,0.352520807420891
normal_qq,BAUA::BAUA_S016::2025-07-28,BAUA,BAUA::BAUA_S016,0.36654804216389386,0.35500132856123245
normal_qq,THUAS::THUAS_S016::2025-07-10,THUAS,THUAS::THUAS_S016,0.3696418484001892,0.35974133283019816
normal_qq,IZTECH::IZTECH_S008::2025-03-06,IZTECH,IZTECH::IZTECH_S008,0.3727391967737493,0.36014892301018736
normal_qq,UCR::UCR_S002::2025-06-20,UCR,UCR::UCR_S002,0.37584012518790966,0.3619932967770275
normal_qq,UCR::UCR_S016::2025-07-16,UCR,UCR::UCR_S016,0.378944671815373,0.36473489883230203
normal_qq,IZTECH::IZTECH_S004::2025-01-22,IZTECH,IZTECH::IZTECH_S004,0.38205287510219677,0.3663864766214879
normal_qq,RISE::RISE_S007::2025-04-18,RISE,RISE::RISE_S007,0.3851647737718444,0.3684546798718664
normal_qq,FUSPCEU::FUSPCEU_S019::2024-12-13,FUSPCEU,FUSPCEU::FUSPCEU_S019,0.388280406829292,0.36921229855493415
normal_qq,TUM::TUM_S004::2024-06-16,TUM,TUM::TUM_S004,0.39139981356520065,0.36948335483893263
normal_qq,IZTECH::IZTECH_S007::2025-02-27,IZTECH,IZTECH::IZTECH_S007,0.3945230335601466,0.376389555871036
normal_qq,THUAS::THUAS_S020::2025-10-13,THUAS,THUAS::THUAS_S020,0.3976501066889204,0.3764765430663541
normal_qq,BAUA::BAUA_S022::2025-09-28,BAUA,BAUA::BAUA_S022,0.40078107312488587,0.37906217515662044
normal_qq,UCR::UCR_S031::2025-08-21,UCR,UCR::UCR_S031,0.4039159733444091,0.37947648195630773
normal_qq,RISE::RISE_S016::2025-10-08,RISE,RISE::RISE_S016,0.40705484813135506,0.3795599679620339
normal_qq,UCR::UCR_S016::2025-07-19,UCR,UCR::UCR_S016,0.41019773858165015,0.38305180530493754
normal_qq,UCR::UCR_S010::2025-07-13,UCR,UCR::UCR_S010,0.41334468610792,0.38499664604361356
normal_qq,UCR::UCR_S032::2025-08-21,UCR,UCR::UCR_S032,0.4164957324441943,0.38525097933002256
normal_qq,BAUA::BAUA_S006::2025-06-12,BAUA,BAUA::BAUA_S006,0.41965091965069057,0.38793273299383546
normal_qq,BAUA::BAUA_S010::2025-06-28,BAUA,BAUA::BAUA_S010,0.4228102901186673,0.3918297366179645
normal_qq,BAUA::BAUA_S023::2025-09-26,BAUA,BAUA::BAUA_S023,0.42597388657535923,0.39590704025962503
normal_qq,RISE::RISE_S004::2025-03-25,RISE,RISE::RISE_S004,0.42914175208898553,0.4036064812816422
normal_qq,FUSPCEU::FUSPCEU_S004::2024-10-09,FUSPCEU,FUSPCEU::FUSPCEU_S004,0.4323139300738433,0.4066838760631825
normal_qq,RISE::RISE_S004::2025-03-28,RISE,RISE::RISE_S004,0.4354904642954767,0.406798143847243
normal_qq,UCR::UCR_S013::2025-07-08,UCR,UCR::UCR_S013,0.4386713988759355,0.4091182359485586
normal_qq,TUM::TUM_S005::2024-06-19,TUM,TUM::TUM_S005,0.4418567782991125,0.41132907971929816
normal_qq,UCR::UCR_S004::2025-06-27,UCR,UCR::UCR_S004,0.4450466474161733,0.41152395839716005
normal_qq,FUSPCEU::FUSPCEU_S009::2024-11-08,FUSPCEU,FUSPCEU::FUSPCEU_S009,0.4482410514510699,0.4123644908878763
normal_qq,FUSPCEU::FUSPCEU_S020::2025-01-22,FUSPCEU,FUSPCEU::FUSPCEU_S020,0.4514400360061492,0.4146976351626759
normal_qq,IZTECH::IZTECH_S015::2025-04-29,IZTECH,IZTECH::IZTECH_S015,0.4546436470678494,0.4156673294319826
normal_qq,RISE::RISE_S016::2025-10-11,RISE,RISE::RISE_S016,0.45785193101249516,0.4179696602396047
normal_qq,RISE::RISE_S004::2025-03-27,RISE,RISE::RISE_S004,0.4610649346121857,0.41898896635188765
normal_qq,RISE::RISE_S012::2025-06-14,RISE,RISE::RISE_S012,0.4642827050407846,0.4216695155492719
normal_qq,KNUST::KNUST_S002::2024-10-17,KNUST,KNUST::KNUST_S002,0.46750528988000595,0.422270484902866
normal_qq,TUM::TUM_S003::2024-06-06,TUM,TUM::TUM_S003,0.47073273712560865,0.4327040111891607
normal_qq,UCR::UCR_S025::2025-08-10,UCR,UCR::UCR_S025,0.4739650951936902,0.4351312545282058
normal_qq,THUAS::THUAS_S014::2025-07-11,THUAS,THUAS::THUAS_S014,0.4772024129270933,0.44516145635442755
normal_qq,UCR::UCR_S012::2025-07-12,UCR,UCR::UCR_S012,0.4804447396019165,0.4469892731900653
normal_qq,UCR::UCR_S001::2025-06-18,UCR,UCR::UCR_S001,0.4836921249341425,0.4526274737593734
normal_qq,UCR::UCR_S030::2025-08-15,UCR,UCR::UCR_S030,0.4869446190863748,0.4558010349498055
normal_qq,KNUST::KNUST_S006::2024-11-12,KNUST,KNUST::KNUST_S006,0.4902022726746988,0.4599755278353914
normal_qq,UCR::UCR_S023::2025-08-03,UCR,UCR::UCR_S023,0.4934651367756545,0.4664381509183565
normal_qq,RISE::RISE_S008::2025-05-02,RISE,RISE::RISE_S008,0.49673326293333864,0.4685317773401909
normal_qq,UCR::UCR_S004::2025-06-24,UCR,UCR::UCR_S004,0.5000067031666254,0.47158878041973745
normal_qq,UCR::UCR_S002::2025-06-19,UCR,UCR::UCR_S002,0.5032855099765218,0.4814327447987984
normal_qq,RISE::RISE_S010::2025-06-13,RISE,RISE::RISE_S010,0.506569736353646,0.4855769015641002
normal_qq,RISE::RISE_S001::2025-03-06,RISE,RISE::RISE_S001,0.5098594357858462,0.48728201429429685
normal_qq,UCR::UCR_S038::2025-08-30,UCR,UCR::UCR_S038,0.5131546622659512,0.4895461109372887
normal_qq,TUM::TUM_S005::2024-06-18,TUM,TUM::TUM_S005,0.5164554702996633,0.4906798659976687
normal_qq,UCR::UCR_S008::2025-07-06,UCR,UCR::UCR_S008,0.5197619149135924,0.49412867726356025
normal_qq,THUAS::THUAS_S001::2025-02-25,THUAS,THUAS::THUAS_S001,0.5230740516634378,0.5027720894580355
normal_qq,UCR::UCR_S013::2025-07-09,UCR,UCR::UCR_S013,0.5263919366423175,0.5082900302401439
normal_qq,IZTECH::IZTECH_S007::2025-02-25,IZTECH,IZTECH::IZTECH_S007,0.5297156264892526,0.5087479028508621
normal_qq,KNUST::KNUST_S001::2024-10-13,KNUST,KNUST::KNUST_S001,0.5330451783978047,0.5168035502666908
normal_qq,THUAS::THUAS_S011::2025-05-18,THUAS,THUAS::THUAS_S011,0.5363806501248778,0.5180843944757638
normal_qq,RISE::RISE_S004::2025-03-30,RISE,RISE::RISE_S004,0.5397220999996787,0.52183894419554
normal_qq,IZTECH::IZTECH_S009::2025-03-25,IZTECH,IZTECH::IZTECH_S009,0.5430695869328503,0.5224779798038114
normal_qq,IZTECH::IZTECH_S017::2025-06-01,IZTECH,IZTECH::IZTECH_S017,0.5464231704257708,0.5267532195703103
normal_qq,FUSPCEU::FUSPCEU_S017::2024-12-04,FUSPCEU,FUSPCEU::FUSPCEU_S017,0.5497829105800327,0.5280120163141231
normal_qq,THUAS::THUAS_S001::2025-02-26,THUAS,THUAS::THUAS_S001,0.5531488681070984,0.528385215021341
normal_qq,THUAS::THUAS_S005::2025-03-29,THUAS,THUAS::THUAS_S005,0.5565211043381416,0.5320237950078367
normal_qq,KNUST::KNUST_S006::2024-11-14,KNUST,KNUST::KNUST_S006,0.559899681234075,0.5390532071006517
normal_qq,KNUST::KNUST_S014::2025-01-24,KNUST,KNUST::KNUST_S014,0.5632846613957717,0.5421515929929316
normal_qq,FUSPCEU::FUSPCEU_S024::2025-02-05,FUSPCEU,FUSPCEU::FUSPCEU_S024,0.5666761080744835,0.546136745352569
normal_qq,THUAS::THUAS_S011::2025-05-16,THUAS,THUAS::THUAS_S011,0.5700740851824606,0.5476291914782325
normal_qq,UCR::UCR_S037::2025-08-29,UCR,UCR::UCR_S037,0.5734786573037779,0.5482801435147386
normal_qq,RISE::RISE_S005::2025-04-02,RISE,RISE::RISE_S005,0.576889889705376,0.5519179259427078
normal_qq,IZTECH::IZTECH_S006::2025-02-20,IZTECH,IZTECH::IZTECH_S006,0.5803078483483116,0.5589368696219356
normal_qq,UCR::UCR_S032::2025-08-20,UCR,UCR::UCR_S032,0.5837325998992405,0.565270271158674
normal_qq,BAUA::BAUA_S024::2025-10-14,BAUA,BAUA::BAUA_S024,0.5871642117421181,0.5681717591600511
normal_qq,IZTECH::IZTECH_S014::2025-05-02,IZTECH,IZTECH::IZTECH_S014,0.5906027519901399,0.5708332849460684
normal_qq,THUAS::THUAS_S019::2025-09-30,THUAS,THUAS::THUAS_S019,0.5940482894979165,0.575300412228743
normal_qq,FUSPCEU::FUSPCEU_S007::2024-10-25,FUSPCEU,FUSPCEU::FUSPCEU_S007,0.597500893873897,0.5756846152847447
normal_qq,UCR::UCR_S030::2025-08-14,UCR,UCR::UCR_S030,0.6009606354930398,0.5760683681714907
normal_qq,BAUA::BAUA_S016::2025-07-23,BAUA,BAUA::BAUA_S016,0.604427585509743,0.5788698647584937
normal_qq,THUAS::THUAS_S011::2025-05-15,THUAS,THUAS::THUAS_S011,0.607901815871036,0.5821964915924405
normal_qq,UCR::UCR_S032::2025-08-23,UCR,UCR::UCR_S032,0.6113833993300453,0.5826755236048792
normal_qq,IZTECH::IZTECH_S016::2025-05-10,IZTECH,IZTECH::IZTECH_S016,0.6148724094597295,0.5845307067772326
normal_qq,UCR::UCR_S037::2025-09-01,UCR,UCR::UCR_S037,0.6183689206669084,0.5855542922684133
normal_qq,UCR::UCR_S032::2025-08-19,UCR,UCR::UCR_S032,0.621873008206574,0.5860089947539173
normal_qq,UCR::UCR_S026::2025-08-06,UCR,UCR::UCR_S026,0.6253847481965058,0.5912230146295776
normal_qq,THUAS::THUAS_S001::2025-03-02,THUAS,THUAS::THUAS_S001,0.62890421763219,0.591258450844108
normal_qq,BAUA::BAUA_S022::2025-09-29,BAUA,BAUA::BAUA_S022,0.6324314944020532,0.5922516653778006
normal_qq,FUSPCEU::FUSPCEU_S025::2025-02-06,FUSPCEU,FUSPCEU::FUSPCEU_S025,0.6359666573030192,0.593807237046531
normal_qq,UCR::UCR_S008::2025-07-02,UCR,UCR::UCR_S008,0.6395097860563937,0.5948342852166322
normal_qq,UCR::UCR_S034::2025-08-26,UCR,UCR::UCR_S034,0.6430609613240926,0.595583469322531
normal_qq,IZTECH::IZTECH_S014::2025-05-04,IZTECH,IZTECH::IZTECH_S014,0.6466202647252132,0.5974067975654077
normal_qq,RISE::RISE_S003::2025-03-19,RISE,RISE::RISE_S003,0.6501877788529681,0.5987211624268662
normal_qq,UCR::UCR_S031::2025-08-20,UCR,UCR::UCR_S031,0.6537635872919805,0.5993151474280191
normal_qq,KNUST::KNUST_S002::2024-10-15,KNUST,KNUST::KNUST_S002,0.6573477746359608,0.6023415253787902
normal_qq,UCR::UCR_S010::2025-07-10,UCR,UCR::UCR_S010,0.6609404265057645,0.6052967640083057
normal_qq,RISE::RISE_S016::2025-10-07,RISE,RISE::RISE_S016,0.6645416295678528,0.6057194551151591
normal_qq,BAUA::BAUA_S023::2025-09-27,BAUA,BAUA::BAUA_S023,0.6681514715531552,0.6090702281055511
normal_qq,RISE::RISE_S016::2025-10-09,RISE,RISE::RISE_S016,0.6717700412763548,0.6113461593140531
normal_qq,UCR::UCR_S008::2025-07-05,UCR,UCR::UCR_S008,0.6753974286555992,0.6139059486329
normal_qq,UCR::UCR_S031::2025-08-22,UCR,UCR::UCR_S031,0.6790337247326584,0.6175578208996472
normal_qq,UCR::UCR_S001::2025-06-19,UCR,UCR::UCR_S001,0.6826790216935307,0.6318551847960908
normal_qq,THUAS::THUAS_S005::2025-03-26,THUAS,THUAS::THUAS_S005,0.6863334128895189,0.6329541052444221
normal_qq,UCR::UCR_S032::2025-08-22,UCR,UCR::UCR_S032,0.6899969928587828,0.6432420050948919
normal_qq,FUSPCEU::FUSPCEU_S017::2024-12-07,FUSPCEU,FUSPCEU::FUSPCEU_S017,0.6936698573483865,0.6434651501319113
normal_qq,FUSPCEU::FUSPCEU_S017::2024-12-06,FUSPCEU,FUSPCEU::FUSPCEU_S017,0.6973521033368493,0.6447193370564402
normal_qq,FUSPCEU::FUSPCEU_S009::2024-11-10,FUSPCEU,FUSPCEU::FUSPCEU_S009,0.7010438290572184,0.6453066435935868
normal_qq,FUSPCEU::FUSPCEU_S017::2024-12-03,FUSPCEU,FUSPCEU::FUSPCEU_S017,0.704745134020676,0.6489644361495183
normal_qq,KNUST::KNUST_S004::2024-11-02,KNUST,KNUST::KNUST_S004,0.7084561190406965,0.6505791168986051
normal_qq,RISE::RISE_S001::2025-03-07,RISE,RISE::RISE_S001,0.7121768862577691,0.6538569376335274
normal_qq,UCR::UCR_S007::2025-07-03,UCR,UCR::UCR_S007,0.7159075391647024,0.6597464869622778
normal_qq,IZTECH::IZTECH_S017::2025-05-29,IZTECH,IZTECH::IZTECH_S017,0.7196481826325275,0.6605216777474865
normal_qq,UCR::UCR_S014::2025-07-16,UCR,UCR::UCR_S014,0.7233989229370184,0.6707498996330683
normal_qq,IZTECH::IZTECH_S008::2025-03-04,IZTECH,IZTECH::IZTECH_S008,0.7271598677858406,0.671485802507772
normal_qq,KNUST::KNUST_S010::2024-12-11,KNUST,KNUST::KNUST_S010,0.7309311263463615,0.6761385188386032
normal_qq,TUM::TUM_S002::2024-06-02,TUM,TUM::TUM_S002,0.7347128092741203,0.6778316229966218
normal_qq,RISE::RISE_S015::2025-10-09,RISE,RISE::RISE_S015,0.7385050287419992,0.6789404150546012
normal_qq,THUAS::THUAS_S003::2025-03-23,THUAS,THUAS::THUAS_S003,0.7423078984700988,0.6794303488819514
normal_qq,BAUA::BAUA_S025::2025-10-19,BAUA,BAUA::BAUA_S025,0.7461215337563497,0.681096276122595
normal_qq,FUSPCEU::FUSPCEU_S007::2024-10-23,FUSPCEU,FUSPCEU::FUSPCEU_S007,0.7499460515078776,0.6822797626386754
normal_qq,BAUA::BAUA_S022::2025-09-27,BAUA,BAUA::BAUA_S022,0.7537815702731446,0.6835379099477945
normal_qq,BAUA::BAUA_S003::2025-06-16,BAUA,BAUA::BAUA_S003,0.7576282102748909,0.6843057579809766
normal_qq,UCR::UCR_S022::2025-07-29,UCR,UCR::UCR_S022,0.7614860934439045,0.6892736670762573
normal_qq,UCR::UCR_S033::2025-08-24,UCR,UCR::UCR_S033,0.7653553434536339,0.6954368928895256
normal_qq,BAUA::BAUA_S018::2025-09-11,BAUA,BAUA::BAUA_S018,0.7692360857556848,0.6963014479530595
normal_qq,UCR::UCR_S009::2025-07-04,UCR,UCR::UCR_S009,0.7731284476162129,0.6990144035014695
normal_qq,KNUST::KNUST_S015::2025-01-31,KNUST,KNUST::KNUST_S015,0.7770325581532523,0.7138077673385969
normal_qq,THUAS::THUAS_S018::2025-09-28,THUAS,THUAS::THUAS_S018,0.7809485483749996,0.7158579966346283
normal_qq,FUSPCEU::FUSPCEU_S009::2024-11-06,FUSPCEU,FUSPCEU::FUSPCEU_S009,0.7848765512190917,0.7171514068248033
normal_qq,KNUST::KNUST_S006::2024-11-15,KNUST,KNUST::KNUST_S006,0.788816701592901,0.7179697318211767
normal_qq,BAUA::BAUA_S023::2025-09-25,BAUA,BAUA::BAUA_S023,0.7927691364148869,0.7402275945940306
normal_qq,IZTECH::IZTECH_S009::2025-03-20,IZTECH,IZTECH::IZTECH_S009,0.7967339946570309,0.7426253841682913
normal_qq,BAUA::BAUA_S004::2025-06-13,BAUA,BAUA::BAUA_S004,0.8007114173883969,0.7454192671636511
normal_qq,THUAS::THUAS_S005::2025-03-25,THUAS,THUAS::THUAS_S005,0.804701547819844,0.7462538843750147
normal_qq,UCR::UCR_S014::2025-07-19,UCR,UCR::UCR_S014,0.80870453134994,0.7487958665702937
normal_qq,FUSPCEU::FUSPCEU_S004::2024-10-08,FUSPCEU,FUSPCEU::FUSPCEU_S004,0.8127205156121021,0.7489650380222145
normal_qq,KNUST::KNUST_S011::2024-12-21,KNUST,KNUST::KNUST_S011,0.8167496505230187,0.7538006930339669
normal_qq,FUSPCEU::FUSPCEU_S016::2024-11-29,FUSPCEU,FUSPCEU::FUSPCEU_S016,0.8207920883323804,0.7607609568054662
normal_qq,BAUA::BAUA_S008::2025-06-29,BAUA,BAUA::BAUA_S008,0.8248479836739746,0.7612732956082783
normal_qq,RISE::RISE_S015::2025-10-08,RISE,RISE::RISE_S015,0.8289174936181828,0.7657092128470632
normal_qq,TUM::TUM_S003::2024-06-05,TUM,TUM::TUM_S003,0.833000777725931,0.7690045983871536
normal_qq,RISE::RISE_S009::2025-06-01,RISE,RISE::RISE_S009,0.8370979981041362,0.770741515311287
normal_qq,BAUA::BAUA_S014::2025-07-19,BAUA,BAUA::BAUA_S014,0.8412093194627105,0.7730990972038531
normal_qq,IZTECH::IZTECH_S010::2025-04-16,IZTECH,IZTECH::IZTECH_S010,0.8453349091731609,0.7828827646121872
normal_qq,IZTECH::IZTECH_S016::2025-05-11,IZTECH,IZTECH::IZTECH_S016,0.8494749373288559,0.7866846751998325
normal_qq,UCR::UCR_S014::2025-07-18,UCR,UCR::UCR_S014,0.8536295768069989,0.7891615920707497
normal_qq,UCR::UCR_S004::2025-06-28,UCR,UCR::UCR_S004,0.8577990033323839,0.7896531701395983
normal_qq,FUSPCEU::FUSPCEU_S023::2025-01-31,FUSPCEU,FUSPCEU::FUSPCEU_S023,0.8619833955429831,0.8105776273401503
normal_qq,UCR::UCR_S031::2025-08-19,UCR,UCR::UCR_S031,0.8661829350574382,0.8191507392385632
normal_qq,KNUST::KNUST_S014::2025-01-22,KNUST,KNUST::KNUST_S014,0.870397806544517,0.8203822004057777
normal_qq,UCR::UCR_S038::2025-08-28,UCR,UCR::UCR_S038,0.8746281977946085,0.8297058483306393
normal_qq,KNUST::KNUST_S004::2024-10-30,KNUST,KNUST::KNUST_S004,0.87887429979333,0.8308403442805468
normal_qq,FUSPCEU::FUSPCEU_S014::2024-11-20,FUSPCEU,FUSPCEU::FUSPCEU_S014,0.8831363067973169,0.8421858494894836
normal_qq,UCR::UCR_S033::2025-08-22,UCR,UCR::UCR_S033,0.8874144164122806,0.856391479958317
normal_qq,IZTECH::IZTECH_S009::2025-03-19,IZTECH,IZTECH::IZTECH_S009,0.8917088296734071,0.8583434991042044
normal_qq,UCR::UCR_S021::2025-07-27,UCR,UCR::UCR_S021,0.896019751128198,0.8606858290399892
normal_qq,FUSPCEU::FUSPCEU_S012::2024-12-08,FUSPCEU,FUSPCEU::FUSPCEU_S012,0.9003473889218231,0.861451734328149
normal_qq,RISE::RISE_S012::2025-06-15,RISE,RISE::RISE_S012,0.9046919548850975,0.8619014686750551
normal_qq,UCR::UCR_S012::2025-07-09,UCR,UCR::UCR_S012,0.9090536646251622,0.866332605185546
normal_qq,FUSPCEU::FUSPCEU_S005::2024-10-20,FUSPCEU,FUSPCEU::FUSPCEU_S005,0.9134327376189882,0.8702289564296867
normal_qq,TUM::TUM_S007::2024-07-04,TUM,TUM::TUM_S007,0.9178293973097937,0.872393358710591
normal_qq,RISE::RISE_S006::2025-04-20,RISE,RISE::RISE_S006,0.9222438712064971,0.8755442335062222
normal_qq,IZTECH::IZTECH_S001::2024-12-29,IZTECH,IZTECH::IZTECH_S001,0.9266763909863126,0.8795578280636649
normal_qq,THUAS::THUAS_S018::2025-09-27,THUAS,THUAS::THUAS_S018,0.9311271926006206,0.8810753354864292
normal_qq,UCR::UCR_S016::2025-07-18,UCR,UCR::UCR_S016,0.9355965163842221,0.8813403277005842
normal_qq,BAUA::BAUA_S012::2025-07-17,BAUA,BAUA::BAUA_S012,0.9400846071681321,0.8879600936633405
normal_qq,THUAS::THUAS_S001::2025-02-23,THUAS,THUAS::THUAS_S001,0.9445917143960253,0.889637243801718
normal_qq,IZTECH::IZTECH_S012::2025-04-24,IZTECH,IZTECH::IZTECH_S012,0.9491180922445025,0.8909494551199791
normal_qq,UCR::UCR_S021::2025-07-24,UCR,UCR::UCR_S021,0.9536639997473091,0.9024313174285105
normal_qq,IZTECH::IZTECH_S014::2025-04-30,IZTECH,IZTECH::IZTECH_S014,0.9582297009236793,0.9025154098358457
normal_qq,THUAS::THUAS_S014::2025-07-10,THUAS,THUAS::THUAS_S014,0.9628154649109603,0.9065731977867035
normal_qq,RISE::RISE_S006::2025-04-16,RISE,RISE::RISE_S006,0.9674215661017012,0.9229491896482337
normal_qq,TUM::TUM_S009::2024-07-18,TUM,TUM::TUM_S009,0.9720482842853774,0.925287758180297
normal_qq,UCR::UCR_S038::2025-08-29,UCR,UCR::UCR_S038,0.976695904794953,0.9284071426269815
normal_qq,FUSPCEU::FUSPCEU_S013::2024-11-24,FUSPCEU,FUSPCEU::FUSPCEU_S013,0.9813647186584709,0.9285119802998993
normal_qq,KNUST::KNUST_S010::2024-12-14,KNUST,KNUST::KNUST_S010,0.9860550227558877,0.9347667406210203
normal_qq,IZTECH::IZTECH_S002::2025-01-10,IZTECH,IZTECH::IZTECH_S002,0.9907671199813701,0.9404997201100315
normal_qq,FUSPCEU::FUSPCEU_S018::2024-12-13,FUSPCEU,FUSPCEU::FUSPCEU_S018,0.9955013194112868,0.9552437421551534
normal_qq,FUSPCEU::FUSPCEU_S018::2024-12-12,FUSPCEU,FUSPCEU::FUSPCEU_S018,1.0002579364781337,0.9559902118636501
normal_qq,FUSPCEU::FUSPCEU_S018::2024-12-11,FUSPCEU,FUSPCEU::FUSPCEU_S018,1.0050372931506542,0.9568234419053187
normal_qq,UCR::UCR_S013::2025-07-13,UCR,UCR::UCR_S013,1.0098397181204155,0.9645240737684405
normal_qq,FUSPCEU::FUSPCEU_S011::2024-11-17,FUSPCEU,FUSPCEU::FUSPCEU_S011,1.014665546995128,0.9703739660045815
normal_qq,RISE::RISE_S010::2025-06-10,RISE,RISE::RISE_S010,1.0195151224989991,0.9737020861490574
normal_qq,KNUST::KNUST_S009::2024-12-05,KNUST,KNUST::KNUST_S009,1.0243887946804375,0.9738279632726078
normal_qq,RISE::RISE_S014::2025-10-07,RISE,RISE::RISE_S014,1.0292869211274278,0.9753145809862402
normal_qq,UCR::UCR_S029::2025-08-16,UCR,UCR::UCR_S029,1.0342098671909346,0.9823190155803361
normal_qq,BAUA::BAUA_S016::2025-07-26,BAUA,BAUA::BAUA_S016,1.0391580062166754,0.9823356093727094
normal_qq,UCR::UCR_S020::2025-07-22,UCR,UCR::UCR_S020,1.0441317197856743,0.986041796194629
normal_qq,UCR::UCR_S001::2025-06-22,UCR,UCR::UCR_S001,1.0491313979639711,0.9902199817920022
normal_qq,UCR::UCR_S025::2025-08-09,UCR,UCR::UCR_S025,1.054157439561932,0.9933838283151607
normal_qq,UCR::UCR_S021::2025-07-26,UCR,UCR::UCR_S021,1.0592102524035947,1.0007078709772481
normal_qq,BAUA::BAUA_S013::2025-07-20,BAUA,BAUA::BAUA_S013,1.0642902536065326,1.0019429084884075
normal_qq,UCR::UCR_S012::2025-07-11,UCR,UCR::UCR_S012,1.069397869872727,1.0048918073736075
normal_qq,RISE::RISE_S005::2025-04-04,RISE,RISE::RISE_S005,1.0745335377909806,1.0056010815505478
normal_qq,KNUST::KNUST_S003::2024-10-26,KNUST,KNUST::KNUST_S003,1.079697704151426,1.0145985770866015
normal_qq,KNUST::KNUST_S005::2024-11-05,KNUST,KNUST::KNUST_S005,1.084890826272719,1.015751747194273
normal_qq,UCR::UCR_S019::2025-07-24,UCR,UCR::UCR_S019,1.090113372342536,1.0229086593988306
normal_qq,KNUST::KNUST_S007::2024-11-19,KNUST,KNUST::KNUST_S007,1.0953658217720363,1.0234741637351783
normal_qq,UCR::UCR_S012::2025-07-10,UCR,UCR::UCR_S012,1.1006486655649854,1.025214909318754
normal_qq,RISE::RISE_S010::2025-06-14,RISE,RISE::RISE_S010,1.1059624067022742,1.0256969181218645
normal_qq,TUM::TUM_S002::2024-06-01,TUM,TUM::TUM_S002,1.1113075605426173,1.0335345309001223
normal_qq,BAUA::BAUA_S018::2025-09-09,BAUA,BAUA::BAUA_S018,1.1166846552402598,1.0467599784085413
normal_qq,UCR::UCR_S013::2025-07-11,UCR,UCR::UCR_S013,1.1220942321805638,1.0649526556803361
normal_qq,IZTECH::IZTECH_S014::2025-05-01,IZTECH,IZTECH::IZTECH_S014,1.1275368464344184,1.0851080185151327
normal_qq,BAUA::BAUA_S024::2025-10-16,BAUA,BAUA::BAUA_S024,1.1330130672324454,1.0946961605279786
normal_qq,KNUST::KNUST_S007::2024-11-20,KNUST,KNUST::KNUST_S007,1.1385234784600693,1.1028760889620948
normal_qq,FUSPCEU::FUSPCEU_S016::2024-11-27,FUSPCEU,FUSPCEU::FUSPCEU_S016,1.1440686791745476,1.1030354796719588
normal_qq,THUAS::THUAS_S006::2025-04-01,THUAS,THUAS::THUAS_S006,1.1496492841451686,1.1101533477997123
normal_qq,KNUST::KNUST_S005::2024-11-06,KNUST,KNUST::KNUST_S005,1.155265924417861,1.114972095450621
normal_qq,UCR::UCR_S027::2025-08-08,UCR,UCR::UCR_S027,1.1609192479055663,1.1160094827107594
normal_qq,THUAS::THUAS_S006::2025-04-02,THUAS,THUAS::THUAS_S006,1.1666099200058078,1.1163652718452317
normal_qq,THUAS::THUAS_S006::2025-04-06,THUAS,THUAS::THUAS_S006,1.172338624246975,1.1213530158487242
normal_qq,FUSPCEU::FUSPCEU_S024::2025-02-06,FUSPCEU,FUSPCEU::FUSPCEU_S024,1.178106062964947,1.1267423383340833
normal_qq,KNUST::KNUST_S011::2024-12-18,KNUST,KNUST::KNUST_S011,1.1839129580117993,1.1321165106571003
normal_qq,BAUA::BAUA_S017::2025-09-10,BAUA,BAUA::BAUA_S017,1.1897600514984323,1.1376681024940174
normal_qq,IZTECH::IZTECH_S016::2025-05-09,IZTECH,IZTECH::IZTECH_S016,1.1956481065731108,1.1389031289456144
normal_qq,THUAS::THUAS_S015::2025-07-12,THUAS,THUAS::THUAS_S015,1.2015779082380158,1.1404322421104072
normal_qq,THUAS::THUAS_S019::2025-10-01,THUAS,THUAS::THUAS_S019,1.207550264206083,1.1467840448436148
normal_qq,FUSPCEU::FUSPCEU_S023::2025-01-28,FUSPCEU,FUSPCEU::FUSPCEU_S023,1.2135660058005378,1.1601773623972558
normal_qq,FUSPCEU::FUSPCEU_S023::2025-01-29,FUSPCEU,FUSPCEU::FUSPCEU_S023,1.2196259888997196,1.1630544461955248
normal_qq,IZTECH::IZTECH_S006::2025-02-23,IZTECH,IZTECH::IZTECH_S006,1.2257310949299807,1.1664882940976309
normal_qq,UCR::UCR_S040::2025-09-03,UCR,UCR::UCR_S040,1.2318822319096268,1.187056661164086
normal_qq,UCR::UCR_S005::2025-06-29,UCR,UCR::UCR_S005,1.238080335547108,1.1900595268477545
normal_qq,RISE::RISE_S002::2025-03-18,RISE,RISE::RISE_S002,1.2443263703968852,1.2102979460186276
normal_qq,IZTECH::IZTECH_S004::2025-01-26,IZTECH,IZTECH::IZTECH_S004,1.2506213310766734,1.2123285249924216
normal_qq,KNUST::KNUST_S012::2025-01-11,KNUST,KNUST::KNUST_S012,1.25696624355002,1.2159839416623415
normal_qq,UCR::UCR_S029::2025-08-17,UCR,UCR::UCR_S029,1.2633621664785104,1.2204171968357103
normal_qq,IZTECH::IZTECH_S002::2025-01-12,IZTECH,IZTECH::IZTECH_S002,1.2698101926481857,1.2225295751281118
normal_qq,KNUST::KNUST_S013::2025-01-16,KNUST,KNUST::KNUST_S013,1.2763114504751634,1.2240719560939555
normal_qq,KNUST::KNUST_S004::2024-11-03,KNUST,KNUST::KNUST_S004,1.2828671055957945,1.2276138118661797
normal_qq,UCR::UCR_S034::2025-08-30,UCR,UCR::UCR_S034,1.28947836254718,1.2293073737777611
normal_qq,FUSPCEU::FUSPCEU_S014::2024-11-21,FUSPCEU,FUSPCEU::FUSPCEU_S014,1.2961464665442652,1.2379834721867284
normal_qq,UCR::UCR_S026::2025-08-07,UCR,UCR::UCR_S026,1.302872705360327,1.247482255504576
normal_qq,UCR::UCR_S006::2025-06-24,UCR,UCR::UCR_S006,1.3096584113181537,1.2478470455051922
normal_qq,THUAS::THUAS_S007::2025-04-10,THUAS,THUAS::THUAS_S007,1.3165049633998949,1.2481837681961028
normal_qq,BAUA::BAUA_S015::2025-07-24,BAUA,BAUA::BAUA_S015,1.3234137894841878,1.2495928524206887
normal_qq,UCR::UCR_S030::2025-08-16,UCR,UCR::UCR_S030,1.3303863687199564,1.2513747137474807
normal_qq,BAUA::BAUA_S025::2025-10-15,BAUA,BAUA::BAUA_S025,1.3374242340470446,1.260443135497212
normal_qq,UCR::UCR_S015::2025-07-20,UCR,UCR::UCR_S015,1.3445289748747988,1.261624593336518
normal_qq,IZTECH::IZTECH_S013::2025-04-24,IZTECH,IZTECH::IZTECH_S013,1.3517022399306613,1.274413601680192
normal_qq,KNUST::KNUST_S008::2024-11-29,KNUST,KNUST::KNUST_S008,1.3589457402919718,1.2844158198600355
normal_qq,UCR::UCR_S003::2025-06-19,UCR,UCR::UCR_S003,1.3662612526153444,1.2923152072971444
normal_qq,FUSPCEU::FUSPCEU_S024::2025-02-08,FUSPCEU,FUSPCEU::FUSPCEU_S024,1.373650622579375,1.292580559698713
normal_qq,KNUST::KNUST_S001::2024-10-08,KNUST,KNUST::KNUST_S001,1.381115768557869,1.2956229373320167
normal_qq,THUAS::THUAS_S014::2025-07-12,THUAS,THUAS::THUAS_S014,1.3886586855424756,1.3175602704861595
normal_qq,BAUA::BAUA_S006::2025-06-11,BAUA,BAUA::BAUA_S006,1.396281449335403,1.3817340975543255
normal_qq,TUM::TUM_S009::2024-07-20,TUM,TUM::TUM_S009,1.4039862210349665,1.3957806888431896
normal_qq,BAUA::BAUA_S005::2025-06-13,BAUA,BAUA::BAUA_S005,1.4117752518389557,1.442132685734175
normal_qq,FUSPCEU::FUSPCEU_S022::2025-01-30,FUSPCEU,FUSPCEU::FUSPCEU_S022,1.419650888193381,1.445284442791971
normal_qq,UCR::UCR_S004::2025-06-29,UCR,UCR::UCR_S004,1.4276155773169483,1.4464967661944004
normal_qq,THUAS::THUAS_S016::2025-07-12,THUAS,THUAS::THUAS_S016,1.435671873134836,1.4476577574616758
normal_qq,IZTECH::IZTECH_S002::2025-01-09,IZTECH,IZTECH::IZTECH_S002,1.443822442658853,1.4566091939638
normal_qq,UCR::UCR_S028::2025-08-16,UCR,UCR::UCR_S028,1.452070072855105,1.458365004683594
normal_qq,THUAS::THUAS_S001::2025-02-28,THUAS,THUAS::THUAS_S001,1.4604176780447429,1.475621098145715
normal_qq,IZTECH::IZTECH_S015::2025-05-02,IZTECH,IZTECH::IZTECH_S015,1.4688683078885014,1.4810956748720976
normal_qq,FUSPCEU::FUSPCEU_S011::2024-11-14,FUSPCEU,FUSPCEU::FUSPCEU_S011,1.4774251560113905,1.4960547919117546
normal_qq,BAUA::BAUA_S012::2025-07-18,BAUA,BAUA::BAUA_S012,1.4860915693304566,1.500932098389509
normal_qq,FUSPCEU::FUSPCEU_S009::2024-11-05,FUSPCEU,FUSPCEU::FUSPCEU_S009,1.494871058155825,1.5166692350614541
normal_qq,KNUST::KNUST_S012::2025-01-12,KNUST,KNUST::KNUST_S012,1.5037673071436235,1.534708116974295
normal_qq,UCR::UCR_S039::2025-09-01,UCR,UCR::UCR_S039,1.5127841871888639,1.5445748275094369
normal_qq,FUSPCEU::FUSPCEU_S004::2024-10-13,FUSPCEU,FUSPCEU::FUSPCEU_S004,1.521925768357245,1.546325584157085
normal_qq,KNUST::KNUST_S009::2024-12-03,KNUST,KNUST::KNUST_S009,1.531196333967199,1.551471989742708
normal_qq,UCR::UCR_S005::2025-06-26,UCR,UCR::UCR_S005,1.5406003959477843,1.5688079443046212
normal_qq,IZTECH::IZTECH_S015::2025-04-30,IZTECH,IZTECH::IZTECH_S015,1.5501427116143054,1.5738615579035145
normal_qq,FUSPCEU::FUSPCEU_S024::2025-02-09,FUSPCEU,FUSPCEU::FUSPCEU_S024,1.5598283020224248,1.5746497949166827
normal_qq,BAUA::BAUA_S010::2025-06-29,BAUA,BAUA::BAUA_S010,1.5696624720832242,1.5849547823315349
normal_qq,TUM::TUM_S010::2024-07-28,TUM,TUM::TUM_S010,1.5796508326468812,1.590860743549896
normal_qq,THUAS::THUAS_S001::2025-02-24,THUAS,THUAS::THUAS_S001,1.5897993247918374,1.6120368929831208
normal_qq,FUSPCEU::FUSPCEU_S005::2024-10-16,FUSPCEU,FUSPCEU::FUSPCEU_S005,1.6001142465903955,1.6215172753370894
normal_qq,THUAS::THUAS_S010::2025-06-08,THUAS,THUAS::THUAS_S010,1.610602282661435,1.6295977027810196
normal_qq,KNUST::KNUST_S003::2024-10-27,KNUST,KNUST::KNUST_S003,1.6212705368675606,1.6513219743502656
normal_qq,FUSPCEU::FUSPCEU_S008::2024-10-23,FUSPCEU,FUSPCEU::FUSPCEU_S008,1.6321265685687354,1.6790007461756618
normal_qq,TUM::TUM_S010::2024-07-25,TUM,TUM::TUM_S010,1.6431784329091157,1.6832619822615116
normal_qq,TUM::TUM_S009::2024-07-17,TUM,TUM::TUM_S009,1.6544347256902519,1.6853881837429567
normal_qq,UCR::UCR_S011::2025-07-13,UCR,UCR::UCR_S011,1.6659046334747385,1.6855896766591587
normal_qq,IZTECH::IZTECH_S013::2025-04-25,IZTECH,IZTECH::IZTECH_S013,1.6775979896727495,1.696065310824823
normal_qq,KNUST::KNUST_S011::2024-12-20,KNUST,KNUST::KNUST_S011,1.6895253374937642,1.7094683049584676
normal_qq,BAUA::BAUA_S009::2025-06-26,BAUA,BAUA::BAUA_S009,1.701698000801831,1.712469641506078
normal_qq,BAUA::BAUA_S005::2025-06-15,BAUA,BAUA::BAUA_S005,1.7141281641013786,1.7233361056423042
normal_qq,UCR::UCR_S027::2025-08-10,UCR,UCR::UCR_S027,1.726828963109368,1.7316536995838092
normal_qq,THUAS::THUAS_S007::2025-04-11,THUAS,THUAS::THUAS_S007,1.7398145876487643,1.7521646525517065
normal_qq,IZTECH::IZTECH_S007::2025-03-01,IZTECH,IZTECH::IZTECH_S007,1.753100398940362,1.7572332912369624
normal_qq,RISE::RISE_S002::2025-03-23,RISE,RISE::RISE_S002,1.7667030637917667,1.7658876332654951
normal_qq,IZTECH::IZTECH_S009::2025-03-24,IZTECH,IZTECH::IZTECH_S009,1.780640708704928,1.7730269228513604
normal_qq,UCR::UCR_S033::2025-08-20,UCR,UCR::UCR_S033,1.7949330975754902,1.7739040870986011
normal_qq,UCR::UCR_S015::2025-07-19,UCR,UCR::UCR_S015,1.8096018374752034,1.779837702220551
normal_qq,BAUA::BAUA_S015::2025-07-27,BAUA,BAUA::BAUA_S015,1.824670618042227,1.8320131095960288
normal_qq,BAUA::BAUA_S005::2025-06-11,BAUA,BAUA::BAUA_S005,1.840165491319562,1.837138333110143
normal_qq,IZTECH::IZTECH_S001::2024-12-27,IZTECH,IZTECH::IZTECH_S001,1.8561152005686032,1.8539692945848198
normal_qq,TUM::TUM_S002::2024-05-30,TUM,TUM::TUM_S002,1.872551568765674,1.8640418298316848
normal_qq,RISE::RISE_S007::2025-04-17,RISE,RISE::RISE_S007,1.8895099603334298,1.8735375832017676
normal_qq,UCR::UCR_S037::2025-08-28,UCR,UCR::UCR_S037,1.907029833402871,1.8830763003685593
normal_qq,UCR::UCR_S017::2025-07-19,UCR,UCR::UCR_S017,1.9251554048791235,1.8985264500425354
normal_qq,UCR::UCR_S035::2025-08-29,UCR,UCR::UCR_S035,1.9439364572735165,1.9093998351469241
normal_qq,BAUA::BAUA_S001::2025-06-15,BAUA,BAUA::BAUA_S001,1.9634293253589032,1.9124364138888248
normal_qq,IZTECH::IZTECH_S017::2025-05-27,IZTECH,IZTECH::IZTECH_S017,1.9836981132259635,1.9306365375195882
normal_qq,BAUA::BAUA_S008::2025-06-28,BAUA,BAUA::BAUA_S008,2.0048162097921676,1.9772203552998417
normal_qq,UCR::UCR_S009::2025-07-05,UCR,UCR::UCR_S009,2.0268681955670442,1.992844629184372
normal_qq,BAUA::BAUA_S004::2025-06-15,BAUA,BAUA::BAUA_S004,2.049952269112459,2.022107028148282
normal_qq,UCR::UCR_S016::2025-07-17,UCR,UCR::UCR_S016,2.0741833738652367,2.0764525939512057
normal_qq,TUM::TUM_S004::2024-06-14,TUM,TUM::TUM_S004,2.0996972840630335,2.159724096853318
normal_qq,THUAS::THUAS_S002::2025-03-09,THUAS,THUAS::THUAS_S002,2.1266560278084565,2.2521485171018814
normal_qq,TUM::TUM_S006::2024-06-30,TUM,TUM::TUM_S006,2.155255212101434,2.260574599562974
normal_qq,UCR::UCR_S015::2025-07-18,UCR,UCR::UCR_S015,2.1857341153314334,2.3776746587238478
normal_qq,TUM::TUM_S005::2024-06-23,TUM,TUM::TUM_S005,2.2183899120167276,2.481569374387221
normal_qq,THUAS::THUAS_S019::2025-10-03,THUAS,THUAS::THUAS_S019,2.2535982539190966,2.548622994500807
normal_qq,IZTECH::IZTECH_S012::2025-04-25,IZTECH,IZTECH::IZTECH_S012,2.2918439731164653,2.6465501813071235
normal_qq,RISE::RISE_S003::2025-03-23,RISE,RISE::RISE_S003,2.3337685748071384,2.659898007931485
normal_qq,UCR::UCR_S029::2025-08-15,UCR,UCR::UCR_S029,2.3802469755583178,2.695365876295445
normal_qq,THUAS::THUAS_S015::2025-07-13,THUAS,THUAS::THUAS_S015,2.4325183194459323,3.028091085642423
normal_qq,TUM::TUM_S001::2024-05-19,TUM,TUM::TUM_S001,2.4924245612646674,3.10170515971825
normal_qq,IZTECH::IZTECH_S001::2024-12-25,IZTECH,IZTECH::IZTECH_S001,2.5628856594877987,3.3662699360572574
normal_qq,FUSPCEU::FUSPCEU_S008::2024-10-27,FUSPCEU,FUSPCEU::FUSPCEU_S008,2.6489671561361163,3.456882883269404
normal_qq,FUSPCEU::FUSPCEU_S020::2025-01-26,FUSPCEU,FUSPCEU::FUSPCEU_S020,2.760742496209332,3.809908286553812
normal_qq,UCR::UCR_S018::2025-07-26,UCR,UCR::UCR_S018,2.923589476351489,4.076536088640588
normal_qq,BAUA::BAUA_S017::2025-09-14,BAUA,BAUA::BAUA_S017,3.2501596106271413,4.120093339346254
