.model_row_id,site,participant_key,local_date,value,response_value,photoperiod_hours,photoperiod_centered_hours,latitude_deg,absolute_latitude_10deg_centered,metric_support_available,metric_support_valid_minutes,metric_support_expected_minutes,metric_any_censored
BAUA::BAUA_S001::2025-06-11,BAUA,BAUA::BAUA_S001,2025-06-11,0.031504796284003433,-0.8810584071613718,18.13485554655393,4.247685218084765,51.498204,1.3409768196470289,FALSE,,,
BAUA::BAUA_S001::2025-06-12,BAUA,BAUA::BAUA_S001,2025-06-12,0.12328189249463148,-0.6511464955068298,18.15373947189914,4.266569143429976,51.498204,1.3409768196470289,FALSE,,,
BAUA::BAUA_S001::2025-06-13,BAUA,BAUA::BAUA_S001,2025-06-13,0.14188002852584747,-0.6163999888480646,18.170627665254806,4.2834573367856414,51.498204,1.3409768196470289,FALSE,,,
BAUA::BAUA_S001::2025-06-14,BAUA,BAUA::BAUA_S001,2025-06-14,0.05459552153850994,-0.8108030912668795,18.18549463795291,4.298324309483746,51.498204,1.3409768196470289,FALSE,,,
BAUA::BAUA_S001::2025-06-15,BAUA,BAUA::BAUA_S001,2025-06-15,2.56950805916506e-5,-0.9998884220172823,18.198317792680527,4.311147464211363,51.498204,1.3409768196470289,FALSE,,,
BAUA::BAUA_S001::2025-06-16,BAUA,BAUA::BAUA_S001,2025-06-16,0,-1,18.20907755719291,4.321907228723745,51.498204,1.3409768196470289,FALSE,,,
BAUA::BAUA_S002::2025-06-11,BAUA,BAUA::BAUA_S002,2025-06-11,0.34091716849193965,-0.3556429902275554,18.13485554655393,4.247685218084765,51.498204,1.3409768196470289,FALSE,,,
BAUA::BAUA_S002::2025-06-12,BAUA,BAUA::BAUA_S002,2025-06-12,0.10564915257042243,-0.6868730757718624,18.15373947189914,4.266569143429976,51.498204,1.3409768196470289,FALSE,,,
BAUA::BAUA_S002::2025-06-13,BAUA,BAUA::BAUA_S002,2025-06-13,0.31672454743381373,-0.3801509163868476,18.170627665254806,4.2834573367856414,51.498204,1.3409768196470289,FALSE,,,
BAUA::BAUA_S002::2025-06-14,BAUA,BAUA::BAUA_S002,2025-06-14,0.05355852270872785,-0.8137260746122894,18.18549463795291,4.298324309483746,51.498204,1.3409768196470289,FALSE,,,
BAUA::BAUA_S002::2025-06-15,BAUA,BAUA::BAUA_S002,2025-06-15,0.12243020585660142,-0.6528062362173208,18.198317792680527,4.311147464211363,51.498204,1.3409768196470289,FALSE,,,
BAUA::BAUA_S002::2025-06-16,BAUA,BAUA::BAUA_S002,2025-06-16,0.08998526922619648,-0.7212800713723813,18.20907755719291,4.321907228723745,51.498204,1.3409768196470289,FALSE,,,
BAUA::BAUA_S003::2025-06-11,BAUA,BAUA::BAUA_S003,2025-06-11,0.015353865225730248,-0.9379678487537938,18.13485554655393,4.247685218084765,51.498204,1.3409768196470289,FALSE,,,
BAUA::BAUA_S003::2025-06-12,BAUA,BAUA::BAUA_S003,2025-06-12,0.06883983655875472,-0.7725250769255025,18.15373947189914,4.266569143429976,51.498204,1.3409768196470289,FALSE,,,
BAUA::BAUA_S003::2025-06-13,BAUA,BAUA::BAUA_S003,2025-06-13,0.01331858016550104,-0.9456988756460509,18.170627665254806,4.2834573367856414,51.498204,1.3409768196470289,FALSE,,,
BAUA::BAUA_S003::2025-06-14,BAUA,BAUA::BAUA_S003,2025-06-14,0.0030315652927574432,-0.9870297021654556,18.18549463795291,4.298324309483746,51.498204,1.3409768196470289,FALSE,,,
BAUA::BAUA_S003::2025-06-15,BAUA,BAUA::BAUA_S003,2025-06-15,0,-1,18.198317792680527,4.311147464211363,51.498204,1.3409768196470289,FALSE,,,
BAUA::BAUA_S003::2025-06-16,BAUA,BAUA::BAUA_S003,2025-06-16,0,-1,18.20907755719291,4.321907228723745,51.498204,1.3409768196470289,FALSE,,,
BAUA::BAUA_S004::2025-06-11,BAUA,BAUA::BAUA_S004,2025-06-11,0.11861484109388193,-0.6603203584595367,18.13485554655393,4.247685218084765,51.498204,1.3409768196470289,FALSE,,,
BAUA::BAUA_S004::2025-06-12,BAUA,BAUA::BAUA_S004,2025-06-12,0.14755151856486792,-0.6063344052148654,18.15373947189914,4.266569143429976,51.498204,1.3409768196470289,FALSE,,,
BAUA::BAUA_S004::2025-06-13,BAUA,BAUA::BAUA_S004,2025-06-13,0.32990895864798664,-0.3666235047530848,18.170627665254806,4.2834573367856414,51.498204,1.3409768196470289,FALSE,,,
BAUA::BAUA_S004::2025-06-14,BAUA,BAUA::BAUA_S004,2025-06-14,0.16261311894288247,-0.5806835823509193,18.18549463795291,4.298324309483746,51.498204,1.3409768196470289,FALSE,,,
BAUA::BAUA_S004::2025-06-15,BAUA,BAUA::BAUA_S004,2025-06-15,0.03655646838269272,-0.8646877234526492,18.198317792680527,4.311147464211363,51.498204,1.3409768196470289,FALSE,,,
BAUA::BAUA_S004::2025-06-16,BAUA,BAUA::BAUA_S004,2025-06-16,0.17483854361253595,-0.5609223614799684,18.20907755719291,4.321907228723745,51.498204,1.3409768196470289,FALSE,,,
BAUA::BAUA_S005::2025-06-11,BAUA,BAUA::BAUA_S005,2025-06-11,0.034437966422033256,-0.8714780655150348,18.13485554655393,4.247685218084765,51.498204,1.3409768196470289,FALSE,,,
BAUA::BAUA_S005::2025-06-12,BAUA,BAUA::BAUA_S005,2025-06-12,0.11109102762388373,-0.675530225888217,18.15373947189914,4.266569143429976,51.498204,1.3409768196470289,FALSE,,,
BAUA::BAUA_S005::2025-06-13,BAUA,BAUA::BAUA_S005,2025-06-13,0.23134860334208965,-0.47971485565113015,18.170627665254806,4.2834573367856414,51.498204,1.3409768196470289,FALSE,,,
BAUA::BAUA_S005::2025-06-14,BAUA,BAUA::BAUA_S005,2025-06-14,0.2421148741158122,-0.4658280435992306,18.18549463795291,4.298324309483746,51.498204,1.3409768196470289,FALSE,,,
BAUA::BAUA_S005::2025-06-15,BAUA,BAUA::BAUA_S005,2025-06-15,5.645139465915161e-5,-0.9997549038816194,18.198317792680527,4.311147464211363,51.498204,1.3409768196470289,FALSE,,,
BAUA::BAUA_S006::2025-06-11,BAUA,BAUA::BAUA_S006,2025-06-11,0.025403448681482643,-0.9016905199427578,18.13485554655393,4.247685218084765,51.498204,1.3409768196470289,FALSE,,,
BAUA::BAUA_S006::2025-06-12,BAUA,BAUA::BAUA_S006,2025-06-12,0.12916656501685814,-0.6398487448542817,18.15373947189914,4.266569143429976,51.498204,1.3409768196470289,FALSE,,,
BAUA::BAUA_S006::2025-06-13,BAUA,BAUA::BAUA_S006,2025-06-13,0.14846401613921142,-0.6047364991791735,18.170627665254806,4.2834573367856414,51.498204,1.3409768196470289,FALSE,,,
BAUA::BAUA_S006::2025-06-15,BAUA,BAUA::BAUA_S006,2025-06-15,0,-1,18.198317792680527,4.311147464211363,51.498204,1.3409768196470289,FALSE,,,
BAUA::BAUA_S006::2025-06-16,BAUA,BAUA::BAUA_S006,2025-06-16,5.4651198027333425e-6,-0.9999762659348089,18.20907755719291,4.321907228723745,51.498204,1.3409768196470289,FALSE,,,
BAUA::BAUA_S008::2025-06-25,BAUA,BAUA::BAUA_S008,2025-06-25,0.13989804946592913,-0.6199732831269068,18.211450270281897,4.324279941812733,51.498204,1.3409768196470289,FALSE,,,
BAUA::BAUA_S008::2025-06-26,BAUA,BAUA::BAUA_S008,2025-06-26,0.0531501269211028,-0.814882638941563,18.201224926577673,4.314054598108509,51.498204,1.3409768196470289,FALSE,,,
BAUA::BAUA_S008::2025-06-27,BAUA,BAUA::BAUA_S008,2025-06-27,0.06363320815131004,-0.7861285548618957,18.188940423462125,4.3017700949929605,51.498204,1.3409768196470289,FALSE,,,
BAUA::BAUA_S008::2025-06-28,BAUA,BAUA::BAUA_S008,2025-06-28,0.03561453886328128,-0.8676937484510878,18.174617048899332,4.287446720430168,51.498204,1.3409768196470289,FALSE,,,
BAUA::BAUA_S008::2025-06-29,BAUA,BAUA::BAUA_S008,2025-06-29,0.0440072246904433,-0.8416157192624896,18.15827808989419,4.271107761425025,51.498204,1.3409768196470289,FALSE,,,
BAUA::BAUA_S008::2025-06-30,BAUA,BAUA::BAUA_S008,2025-06-30,0.018349641925419158,-0.9268330517192653,18.13994969639513,4.252779367925967,51.498204,1.3409768196470289,FALSE,,,
BAUA::BAUA_S009::2025-06-25,BAUA,BAUA::BAUA_S009,2025-06-25,0.2598091326452078,-0.44392781762447836,18.211450270281897,4.324279941812733,51.498204,1.3409768196470289,FALSE,,,
BAUA::BAUA_S009::2025-06-26,BAUA,BAUA::BAUA_S009,2025-06-26,0.048085844180190934,-0.8294864545663031,18.201224926577673,4.314054598108509,51.498204,1.3409768196470289,FALSE,,,
BAUA::BAUA_S009::2025-06-27,BAUA,BAUA::BAUA_S009,2025-06-27,0.3055443152754004,-0.3919616819509778,18.188940423462125,4.3017700949929605,51.498204,1.3409768196470289,FALSE,,,
BAUA::BAUA_S009::2025-06-28,BAUA,BAUA::BAUA_S009,2025-06-28,0.1238596828888377,-0.6500241157802332,18.174617048899332,4.287446720430168,51.498204,1.3409768196470289,FALSE,,,
BAUA::BAUA_S009::2025-06-29,BAUA,BAUA::BAUA_S009,2025-06-29,0.2921265220576712,-0.406573782556322,18.15827808989419,4.271107761425025,51.498204,1.3409768196470289,FALSE,,,
BAUA::BAUA_S009::2025-06-30,BAUA,BAUA::BAUA_S009,2025-06-30,0.4479891172203774,-0.26122806629312867,18.13994969639513,4.252779367925967,51.498204,1.3409768196470289,FALSE,,,
BAUA::BAUA_S010::2025-06-28,BAUA,BAUA::BAUA_S010,2025-06-28,0.03924628250755044,-0.8562163904666812,18.174617048899332,4.287446720430168,51.498204,1.3409768196470289,FALSE,,,
BAUA::BAUA_S010::2025-06-29,BAUA,BAUA::BAUA_S010,2025-06-29,0.004931735662883449,-0.9790931434666496,18.15827808989419,4.271107761425025,51.498204,1.3409768196470289,FALSE,,,
BAUA::BAUA_S012::2025-07-16,BAUA,BAUA::BAUA_S012,2025-07-16,0.01934267624702632,-0.9232042273744108,17.605919546220036,3.7187492177508723,51.498204,1.3409768196470289,FALSE,,,
BAUA::BAUA_S012::2025-07-17,BAUA,BAUA::BAUA_S012,2025-07-17,0.16743476813544952,-0.5727821324973364,17.559705352187155,3.672535023717991,51.498204,1.3409768196470289,FALSE,,,
BAUA::BAUA_S012::2025-07-18,BAUA,BAUA::BAUA_S012,2025-07-18,0.5232628577704819,-0.2053287533357485,17.51226164135668,3.625091312887516,51.498204,1.3409768196470289,FALSE,,,
BAUA::BAUA_S012::2025-07-19,BAUA,BAUA::BAUA_S012,2025-07-19,0.0920690033458278,-0.7165427171895724,17.463635578751564,3.5764652502824,51.498204,1.3409768196470289,FALSE,,,
BAUA::BAUA_S012::2025-07-20,BAUA,BAUA::BAUA_S012,2025-07-20,0.15936979689193656,-0.5860805980548135,17.413873874545096,3.5267035460759324,51.498204,1.3409768196470289,FALSE,,,
BAUA::BAUA_S012::2025-07-21,BAUA,BAUA::BAUA_S012,2025-07-21,0.0028617708895137955,-0.98774600304697735,17.36302268412378,3.4758523556546166,51.498204,1.3409768196470289,FALSE,,,
BAUA::BAUA_S013::2025-07-16,BAUA,BAUA::BAUA_S013,2025-07-16,0.12152063243435687,-0.6545858173637853,17.605919546220036,3.7187492177508723,51.498204,1.3409768196470289,FALSE,,,
BAUA::BAUA_S013::2025-07-17,BAUA,BAUA::BAUA_S013,2025-07-17,0.08331887490467338,-0.7367928168439616,17.559705352187155,3.672535023717991,51.498204,1.3409768196470289,FALSE,,,
BAUA::BAUA_S013::2025-07-18,BAUA,BAUA::BAUA_S013,2025-07-18,0.09244869439057804,-0.7156850308977397,17.51226164135668,3.625091312887516,51.498204,1.3409768196470289,FALSE,,,
BAUA::BAUA_S013::2025-07-19,BAUA,BAUA::BAUA_S013,2025-07-19,0.03707755183155631,-0.8630336605562958,17.463635578751564,3.5764652502824,51.498204,1.3409768196470289,FALSE,,,
BAUA::BAUA_S013::2025-07-20,BAUA,BAUA::BAUA_S013,2025-07-20,0.015527255280891675,-0.937315544588214,17.413873874545096,3.5267035460759324,51.498204,1.3409768196470289,FALSE,,,
BAUA::BAUA_S013::2025-07-21,BAUA,BAUA::BAUA_S013,2025-07-21,0.012430137841680608,-0.9491172568816028,17.36302268412378,3.4758523556546166,51.498204,1.3409768196470289,FALSE,,,
BAUA::BAUA_S014::2025-07-16,BAUA,BAUA::BAUA_S014,2025-07-16,0.3222841869895202,-0.37439518102305247,17.605919546220036,3.7187492177508723,51.498204,1.3409768196470289,FALSE,,,
BAUA::BAUA_S014::2025-07-17,BAUA,BAUA::BAUA_S014,2025-07-17,0.28738433880502845,-0.41185794094277645,17.559705352187155,3.672535023717991,51.498204,1.3409768196470289,FALSE,,,
BAUA::BAUA_S014::2025-07-18,BAUA,BAUA::BAUA_S014,2025-07-18,0.1598551950425258,-0.5852685963098566,17.51226164135668,3.625091312887516,51.498204,1.3409768196470289,FALSE,,,
BAUA::BAUA_S014::2025-07-19,BAUA,BAUA::BAUA_S014,2025-07-19,0,-1,17.463635578751564,3.5764652502824,51.498204,1.3409768196470289,FALSE,,,
BAUA::BAUA_S014::2025-07-20,BAUA,BAUA::BAUA_S014,2025-07-20,0.020120755617491562,-0.9203819445426963,17.413873874545096,3.5267035460759324,51.498204,1.3409768196470289,FALSE,,,
BAUA::BAUA_S014::2025-07-21,BAUA,BAUA::BAUA_S014,2025-07-21,0.07060083938418052,-0.76801883636298,17.36302268412378,3.4758523556546166,51.498204,1.3409768196470289,FALSE,,,
BAUA::BAUA_S015::2025-07-23,BAUA,BAUA::BAUA_S015,2025-07-23,0.5526660388563589,-0.18530898500742107,17.25823315329022,3.371062824821056,51.498204,1.3409768196470289,FALSE,,,
BAUA::BAUA_S015::2025-07-24,BAUA,BAUA::BAUA_S015,2025-07-24,0.16084073798430862,-0.5836245797340935,17.20438357512156,3.317213246652397,51.498204,1.3409768196470289,FALSE,,,
BAUA::BAUA_S015::2025-07-26,BAUA,BAUA::BAUA_S015,2025-07-26,0.006177000631408705,-0.973969547102102,17.093990320430862,3.206819991961698,51.498204,1.3409768196470289,FALSE,,,
BAUA::BAUA_S015::2025-07-27,BAUA,BAUA::BAUA_S015,2025-07-27,0.5050403012186783,-0.21821569639884275,17.037530069549877,3.150359741080713,51.498204,1.3409768196470289,FALSE,,,
BAUA::BAUA_S015::2025-07-28,BAUA,BAUA::BAUA_S015,2025-07-28,0.11652056496829202,-0.6645008483725356,16.98028136703703,3.0931110385678657,51.498204,1.3409768196470289,FALSE,,,
BAUA::BAUA_S016::2025-07-23,BAUA,BAUA::BAUA_S016,2025-07-23,0.047653641775209254,-0.8307558369930241,17.25823315329022,3.371062824821056,51.498204,1.3409768196470289,FALSE,,,
BAUA::BAUA_S016::2025-07-24,BAUA,BAUA::BAUA_S016,2025-07-24,0.05967890562147721,-0.7967524525358014,17.20438357512156,3.317213246652397,51.498204,1.3409768196470289,FALSE,,,
BAUA::BAUA_S016::2025-07-25,BAUA,BAUA::BAUA_S016,2025-07-25,0.1313508925919058,-0.6357288205773477,17.14962189859814,3.2624515701289774,51.498204,1.3409768196470289,FALSE,,,
BAUA::BAUA_S016::2025-07-26,BAUA,BAUA::BAUA_S016,2025-07-26,0.023030767753430728,-0.909986265840548,17.093990320430862,3.206819991961698,51.498204,1.3409768196470289,FALSE,,,
BAUA::BAUA_S016::2025-07-27,BAUA,BAUA::BAUA_S016,2025-07-27,0,-1,17.037530069549877,3.150359741080713,51.498204,1.3409768196470289,FALSE,,,
BAUA::BAUA_S016::2025-07-28,BAUA,BAUA::BAUA_S016,2025-07-28,0.05192479872416475,-0.8183713303503514,16.98028136703703,3.0931110385678657,51.498204,1.3409768196470289,FALSE,,,
BAUA::BAUA_S017::2025-09-09,BAUA,BAUA::BAUA_S017,2025-09-09,0.05155084390206849,-0.8194416409460377,14.173865788976352,0.28669546050718786,51.498204,1.3409768196470289,FALSE,,,
BAUA::BAUA_S017::2025-09-10,BAUA,BAUA::BAUA_S017,2025-09-10,0.041079108737238246,-0.8505372926373946,14.106545170876714,0.21937484240755012,51.498204,1.3409768196470289,FALSE,,,
BAUA::BAUA_S017::2025-09-11,BAUA,BAUA::BAUA_S017,2025-09-11,0.009364228751648968,-0.9611247053897596,14.039288122190369,0.15211779372120482,51.498204,1.3409768196470289,FALSE,,,
BAUA::BAUA_S017::2025-09-12,BAUA,BAUA::BAUA_S017,2025-09-12,0.015951633597244746,-0.9357231283776855,13.972100253105163,0.08492992463599869,51.498204,1.3409768196470289,FALSE,,,
BAUA::BAUA_S017::2025-09-13,BAUA,BAUA::BAUA_S017,2025-09-13,0.05077860900295689,-0.8216602675573174,13.904986972941293,0.01781664447212883,51.498204,1.3409768196470289,FALSE,,,
BAUA::BAUA_S017::2025-09-14,BAUA,BAUA::BAUA_S017,2025-09-14,0.01178008621740674,-0.9516355597431093,13.837953510483105,-0.049216817986058814,51.498204,1.3409768196470289,FALSE,,,
BAUA::BAUA_S018::2025-09-09,BAUA,BAUA::BAUA_S018,2025-09-09,0.1537540792859942,-0.5955869674150565,14.173865788976352,0.28669546050718786,51.498204,1.3409768196470289,FALSE,,,
BAUA::BAUA_S018::2025-09-10,BAUA,BAUA::BAUA_S018,2025-09-10,0.17286344962829234,-0.5640546346776366,14.106545170876714,0.21937484240755012,51.498204,1.3409768196470289,FALSE,,,
BAUA::BAUA_S018::2025-09-11,BAUA,BAUA::BAUA_S018,2025-09-11,0.0997792572362928,-0.6994496058771473,14.039288122190369,0.15211779372120482,51.498204,1.3409768196470289,FALSE,,,
BAUA::BAUA_S018::2025-09-12,BAUA,BAUA::BAUA_S018,2025-09-12,0.10897994515174647,-0.6798953891417404,13.972100253105163,0.08492992463599869,51.498204,1.3409768196470289,FALSE,,,
BAUA::BAUA_S018::2025-09-13,BAUA,BAUA::BAUA_S018,2025-09-13,0.045842062726080934,-0.8361172018392329,13.904986972941293,0.01781664447212883,51.498204,1.3409768196470289,FALSE,,,
BAUA::BAUA_S018::2025-09-14,BAUA,BAUA::BAUA_S018,2025-09-14,5.248363758471042e-4,-0.9977266251250716,13.837953510483105,-0.049216817986058814,51.498204,1.3409768196470289,FALSE,,,
BAUA::BAUA_S022::2025-09-24,BAUA,BAUA::BAUA_S022,2025-09-24,0.07097935321024487,-0.7670563301238387,13.17307060652309,-0.7140997219460736,51.498204,1.3409768196470289,FALSE,,,
BAUA::BAUA_S022::2025-09-25,BAUA,BAUA::BAUA_S022,2025-09-25,0.021268503502540184,-0.9162519817488568,13.107228702041837,-0.7799416264273269,51.498204,1.3409768196470289,FALSE,,,
BAUA::BAUA_S022::2025-09-26,BAUA,BAUA::BAUA_S022,2025-09-26,0.0698391420187579,-0.769962212774348,13.041522514886326,-0.845647813582838,51.498204,1.3409768196470289,FALSE,,,
BAUA::BAUA_S022::2025-09-27,BAUA,BAUA::BAUA_S022,2025-09-27,0.009107027824857436,-0.9621472746430464,12.975956710047193,-0.9112136184219715,51.498204,1.3409768196470289,FALSE,,,
BAUA::BAUA_S022::2025-09-28,BAUA,BAUA::BAUA_S022,2025-09-28,0,-1,12.910536039935218,-0.9766342885339458,51.498204,1.3409768196470289,FALSE,,,
BAUA::BAUA_S022::2025-09-29,BAUA,BAUA::BAUA_S022,2025-09-29,0.034817217491960956,-0.8702546405584317,12.845265362262726,-1.0419049662064381,51.498204,1.3409768196470289,FALSE,,,
BAUA::BAUA_S023::2025-09-24,BAUA,BAUA::BAUA_S023,2025-09-24,0.004514136827529477,-0.9808249618883891,13.17307060652309,-0.7140997219460736,51.498204,1.3409768196470289,FALSE,,,
BAUA::BAUA_S023::2025-09-25,BAUA,BAUA::BAUA_S023,2025-09-25,0.18789262176302016,-0.5407694652666457,13.107228702041837,-0.7799416264273269,51.498204,1.3409768196470289,FALSE,,,
BAUA::BAUA_S023::2025-09-26,BAUA,BAUA::BAUA_S023,2025-09-26,0.04744002441967951,-0.8313846058591726,13.041522514886326,-0.845647813582838,51.498204,1.3409768196470289,FALSE,,,
BAUA::BAUA_S023::2025-09-27,BAUA,BAUA::BAUA_S023,2025-09-27,0,-1,12.975956710047193,-0.9112136184219715,51.498204,1.3409768196470289,FALSE,,,
BAUA::BAUA_S023::2025-09-28,BAUA,BAUA::BAUA_S023,2025-09-28,0.023281563779244452,-0.9091018653961471,12.910536039935218,-0.9766342885339458,51.498204,1.3409768196470289,FALSE,,,
BAUA::BAUA_S023::2025-09-29,BAUA,BAUA::BAUA_S023,2025-09-29,0.06202735573364532,-0.7904116555734035,12.845265362262726,-1.0419049662064381,51.498204,1.3409768196470289,FALSE,,,
BAUA::BAUA_S024::2025-10-14,BAUA,BAUA::BAUA_S024,2025-10-14,0.003441524576416083,-0.9853050872165504,11.888039366337988,-1.9991309621311757,51.498204,1.3409768196470289,FALSE,,,
BAUA::BAUA_S024::2025-10-15,BAUA,BAUA::BAUA_S024,2025-10-15,0.00652191218591161,-0.9725610460977605,11.825984905560812,-2.061185422908352,51.498204,1.3409768196470289,FALSE,,,
BAUA::BAUA_S024::2025-10-16,BAUA,BAUA::BAUA_S024,2025-10-16,0.0030371334206578393,-0.9870062322523891,11.764196532567341,-2.1229737959018227,51.498204,1.3409768196470289,FALSE,,,
BAUA::BAUA_S024::2025-10-17,BAUA,BAUA::BAUA_S024,2025-10-17,0,-1,11.702684059407975,-2.184486269061189,51.498204,1.3409768196470289,FALSE,,,
BAUA::BAUA_S024::2025-10-18,BAUA,BAUA::BAUA_S024,2025-10-18,0,-1,11.641457739075024,-2.24571258939414,51.498204,1.3409768196470289,FALSE,,,
BAUA::BAUA_S024::2025-10-19,BAUA,BAUA::BAUA_S024,2025-10-19,0,-1,11.580528282059564,-2.3066420464096,51.498204,1.3409768196470289,FALSE,,,
BAUA::BAUA_S025::2025-10-14,BAUA,BAUA::BAUA_S025,2025-10-14,5.909300358474673e-4,-0.9974411764665955,11.888039366337988,-1.9991309621311757,51.498204,1.3409768196470289,FALSE,,,
BAUA::BAUA_S025::2025-10-15,BAUA,BAUA::BAUA_S025,2025-10-15,0.0397848486290254,-0.8545398995016993,11.825984905560812,-2.061185422908352,51.498204,1.3409768196470289,FALSE,,,
BAUA::BAUA_S025::2025-10-16,BAUA,BAUA::BAUA_S025,2025-10-16,0,-1,11.764196532567341,-2.1229737959018227,51.498204,1.3409768196470289,FALSE,,,
BAUA::BAUA_S025::2025-10-17,BAUA,BAUA::BAUA_S025,2025-10-17,0.010423014193861088,-0.9569404021886835,11.702684059407975,-2.184486269061189,51.498204,1.3409768196470289,FALSE,,,
BAUA::BAUA_S025::2025-10-18,BAUA,BAUA::BAUA_S025,2025-10-18,0.06056495097676004,-0.7943492489614251,11.641457739075024,-2.24571258939414,51.498204,1.3409768196470289,FALSE,,,
BAUA::BAUA_S025::2025-10-19,BAUA,BAUA::BAUA_S025,2025-10-19,0,-1,11.580528282059564,-2.3066420464096,51.498204,1.3409768196470289,FALSE,,,
FUSPCEU::FUSPCEU_S003::2024-10-08,FUSPCEU,FUSPCEU::FUSPCEU_S003,2024-10-08,0,-1,12.348446626994345,-1.5387237014748187,40.4165,0.2328064196470283,FALSE,,,
FUSPCEU::FUSPCEU_S003::2024-10-09,FUSPCEU,FUSPCEU::FUSPCEU_S003,2024-10-09,0.05325872749845015,-0.814574784695394,12.305623547832171,-1.5815467806369927,40.4165,0.2328064196470283,FALSE,,,
FUSPCEU::FUSPCEU_S003::2024-10-10,FUSPCEU,FUSPCEU::FUSPCEU_S003,2024-10-10,0.01224887724299678,-0.9498179942855267,12.26295735961861,-1.6242129688505536,40.4165,0.2328064196470283,FALSE,,,
FUSPCEU::FUSPCEU_S003::2024-10-11,FUSPCEU,FUSPCEU::FUSPCEU_S003,2024-10-11,0.0704244707910403,-0.768468045916203,12.220454689529207,-1.666715638939957,40.4165,0.2328064196470283,FALSE,,,
FUSPCEU::FUSPCEU_S003::2024-10-12,FUSPCEU,FUSPCEU::FUSPCEU_S003,2024-10-12,0.08244656703597164,-0.7388643040250701,12.178122354679637,-1.7090479737895272,40.4165,0.2328064196470283,FALSE,,,
FUSPCEU::FUSPCEU_S003::2024-10-13,FUSPCEU,FUSPCEU::FUSPCEU_S003,2024-10-13,0.03181323279659645,-0.8800409885123904,12.13596737186114,-1.751202956608024,40.4165,0.2328064196470283,FALSE,,,
FUSPCEU::FUSPCEU_S004::2024-10-08,FUSPCEU,FUSPCEU::FUSPCEU_S004,2024-10-08,8.717115861977959e-4,-0.9962306100220111,12.348446626994345,-1.5387237014748187,40.4165,0.2328064196470283,FALSE,,,
FUSPCEU::FUSPCEU_S004::2024-10-09,FUSPCEU,FUSPCEU::FUSPCEU_S004,2024-10-09,0.0043772274187573595,-0.9813942435289076,12.305623547832171,-1.5815467806369927,40.4165,0.2328064196470283,FALSE,,,
FUSPCEU::FUSPCEU_S004::2024-10-11,FUSPCEU,FUSPCEU::FUSPCEU_S004,2024-10-11,0.07716424892938653,-0.7516239125797679,12.220454689529207,-1.666715638939957,40.4165,0.2328064196470283,FALSE,,,
FUSPCEU::FUSPCEU_S004::2024-10-12,FUSPCEU,FUSPCEU::FUSPCEU_S004,2024-10-12,0,-1,12.178122354679637,-1.7090479737895272,40.4165,0.2328064196470283,FALSE,,,
FUSPCEU::FUSPCEU_S004::2024-10-13,FUSPCEU,FUSPCEU::FUSPCEU_S004,2024-10-13,0.0019602623183631596,-0.9915690558697858,12.13596737186114,-1.751202956608024,40.4165,0.2328064196470283,FALSE,,,
FUSPCEU::FUSPCEU_S005::2024-10-15,FUSPCEU,FUSPCEU::FUSPCEU_S005,2024-10-15,0,-1,12.052218589584033,-1.834951738885131,40.4165,0.2328064196470283,FALSE,,,
FUSPCEU::FUSPCEU_S005::2024-10-16,FUSPCEU,FUSPCEU::FUSPCEU_S005,2024-10-16,0,-1,12.010639912883441,-1.876530415585723,40.4165,0.2328064196470283,FALSE,,,
FUSPCEU::FUSPCEU_S005::2024-10-17,FUSPCEU,FUSPCEU::FUSPCEU_S005,2024-10-17,0,-1,11.969268852670988,-1.9179014757981765,40.4165,0.2328064196470283,FALSE,,,
FUSPCEU::FUSPCEU_S005::2024-10-18,FUSPCEU,FUSPCEU::FUSPCEU_S005,2024-10-18,0.05866515852136617,-0.7995184300388422,11.928113571604094,-1.9590567568650705,40.4165,0.2328064196470283,FALSE,,,
FUSPCEU::FUSPCEU_S005::2024-10-19,FUSPCEU,FUSPCEU::FUSPCEU_S005,2024-10-19,0,-1,11.88718248864015,-1.9999878398290143,40.4165,0.2328064196470283,FALSE,,,
FUSPCEU::FUSPCEU_S005::2024-10-20,FUSPCEU,FUSPCEU::FUSPCEU_S005,2024-10-20,0,-1,11.846484287579854,-2.0406860408893106,40.4165,0.2328064196470283,FALSE,,,
FUSPCEU::FUSPCEU_S006::2024-10-15,FUSPCEU,FUSPCEU::FUSPCEU_S006,2024-10-15,0.05385389488641423,-0.8128915049006551,12.052218589584033,-1.834951738885131,40.4165,0.2328064196470283,FALSE,,,
FUSPCEU::FUSPCEU_S006::2024-10-16,FUSPCEU,FUSPCEU::FUSPCEU_S006,2024-10-16,0.00531138948993512,-0.9775246570657651,12.010639912883441,-1.876530415585723,40.4165,0.2328064196470283,FALSE,,,
FUSPCEU::FUSPCEU_S006::2024-10-17,FUSPCEU,FUSPCEU::FUSPCEU_S006,2024-10-17,0.023163214341670263,-0.9095189853044516,11.969268852670988,-1.9179014757981765,40.4165,0.2328064196470283,FALSE,,,
FUSPCEU::FUSPCEU_S006::2024-10-18,FUSPCEU,FUSPCEU::FUSPCEU_S006,2024-10-18,0.16364605065515406,-0.5789787298948919,11.928113571604094,-1.9590567568650705,40.4165,0.2328064196470283,FALSE,,,
FUSPCEU::FUSPCEU_S006::2024-10-19,FUSPCEU,FUSPCEU::FUSPCEU_S006,2024-10-19,0.03421781829645659,-0.8721898248962041,11.88718248864015,-1.9999878398290143,40.4165,0.2328064196470283,FALSE,,,
FUSPCEU::FUSPCEU_S007::2024-10-22,FUSPCEU,FUSPCEU::FUSPCEU_S007,2024-10-22,0.042390977171353095,-0.8465175295814862,11.765822637412283,-2.121347691056881,40.4165,0.2328064196470283,FALSE,,,
FUSPCEU::FUSPCEU_S007::2024-10-23,FUSPCEU,FUSPCEU::FUSPCEU_S007,2024-10-23,0.036483904268438117,-0.8649185625394914,11.725877948668268,-2.161292379800896,40.4165,0.2328064196470283,FALSE,,,
FUSPCEU::FUSPCEU_S007::2024-10-24,FUSPCEU,FUSPCEU::FUSPCEU_S007,2024-10-24,0.06898590722037992,-0.7721495123781978,11.68620367626349,-2.2009666522056737,40.4165,0.2328064196470283,FALSE,,,
FUSPCEU::FUSPCEU_S007::2024-10-25,FUSPCEU,FUSPCEU::FUSPCEU_S007,2024-10-25,0,-1,11.646809936960539,-2.2403603915086254,40.4165,0.2328064196470283,FALSE,,,
FUSPCEU::FUSPCEU_S007::2024-10-26,FUSPCEU,FUSPCEU::FUSPCEU_S007,2024-10-26,0,-1,11.607707152366638,-2.279463176102526,40.4165,0.2328064196470283,FALSE,,,
FUSPCEU::FUSPCEU_S007::2024-10-27,FUSPCEU,FUSPCEU::FUSPCEU_S007,2024-10-27,0,-1,11.568906053569581,-2.318264274899583,40.4165,0.2328064196470283,FALSE,,,
FUSPCEU::FUSPCEU_S008::2024-10-22,FUSPCEU,FUSPCEU::FUSPCEU_S008,2024-10-22,0.10072720079274147,-0.6973937717389855,11.765822637412283,-2.121347691056881,40.4165,0.2328064196470283,FALSE,,,
FUSPCEU::FUSPCEU_S008::2024-10-23,FUSPCEU,FUSPCEU::FUSPCEU_S008,2024-10-23,0.03862511266594795,-0.8581580878748513,11.725877948668268,-2.161292379800896,40.4165,0.2328064196470283,FALSE,,,
FUSPCEU::FUSPCEU_S008::2024-10-24,FUSPCEU,FUSPCEU::FUSPCEU_S008,2024-10-24,0.11916000924650597,-0.6592386899141556,11.68620367626349,-2.2009666522056737,40.4165,0.2328064196470283,FALSE,,,
FUSPCEU::FUSPCEU_S008::2024-10-25,FUSPCEU,FUSPCEU::FUSPCEU_S008,2024-10-25,0,-1,11.646809936960539,-2.2403603915086254,40.4165,0.2328064196470283,FALSE,,,
FUSPCEU::FUSPCEU_S008::2024-10-26,FUSPCEU,FUSPCEU::FUSPCEU_S008,2024-10-26,0,-1,11.607707152366638,-2.279463176102526,40.4165,0.2328064196470283,FALSE,,,
FUSPCEU::FUSPCEU_S008::2024-10-27,FUSPCEU,FUSPCEU::FUSPCEU_S008,2024-10-27,0.0408396189318381,-0.8512751586659248,11.568906053569581,-2.318264274899583,40.4165,0.2328064196470283,FALSE,,,
FUSPCEU::FUSPCEU_S009::2024-11-04,FUSPCEU,FUSPCEU::FUSPCEU_S009,2024-11-04,0,-1,11.270750055644248,-2.616420272824916,40.4165,0.2328064196470283,FALSE,,,
FUSPCEU::FUSPCEU_S009::2024-11-05,FUSPCEU,FUSPCEU::FUSPCEU_S009,2024-11-05,0.0911410532264543,-0.7186460252688912,11.235199311110708,-2.6519710173584556,40.4165,0.2328064196470283,FALSE,,,
FUSPCEU::FUSPCEU_S009::2024-11-06,FUSPCEU,FUSPCEU::FUSPCEU_S009,2024-11-06,0.08859885121141678,-0.7244609569542686,11.200074996153514,-2.68709533231565,40.4165,0.2328064196470283,FALSE,,,
FUSPCEU::FUSPCEU_S009::2024-11-07,FUSPCEU,FUSPCEU::FUSPCEU_S009,2024-11-07,0.11669521572999306,-0.6641506770742788,11.165391299592125,-2.721779028877039,40.4165,0.2328064196470283,FALSE,,,
FUSPCEU::FUSPCEU_S009::2024-11-08,FUSPCEU,FUSPCEU::FUSPCEU_S009,2024-11-08,0.13597615536890267,-0.6271318788726501,11.131162701845168,-2.7560076266239957,40.4165,0.2328064196470283,FALSE,,,
FUSPCEU::FUSPCEU_S009::2024-11-09,FUSPCEU,FUSPCEU::FUSPCEU_S009,2024-11-09,0.024969682658204373,-0.9031953330016865,11.097403965526157,-2.7897663629430074,40.4165,0.2328064196470283,FALSE,,,
FUSPCEU::FUSPCEU_S009::2024-11-10,FUSPCEU,FUSPCEU::FUSPCEU_S009,2024-11-10,0.033856989964200473,-0.8733589451821817,11.06413012444973,-2.823040204019435,40.4165,0.2328064196470283,FALSE,,,
FUSPCEU::FUSPCEU_S010::2024-11-04,FUSPCEU,FUSPCEU::FUSPCEU_S010,2024-11-04,0,-1,11.270750055644248,-2.616420272824916,40.4165,0.2328064196470283,FALSE,,,
FUSPCEU::FUSPCEU_S010::2024-11-05,FUSPCEU,FUSPCEU::FUSPCEU_S010,2024-11-05,0.09396604098799227,-0.7122742984331119,11.235199311110708,-2.6519710173584556,40.4165,0.2328064196470283,FALSE,,,
FUSPCEU::FUSPCEU_S010::2024-11-06,FUSPCEU,FUSPCEU::FUSPCEU_S010,2024-11-06,0.11819801954972772,-0.6611491955557806,11.200074996153514,-2.68709533231565,40.4165,0.2328064196470283,FALSE,,,
FUSPCEU::FUSPCEU_S010::2024-11-07,FUSPCEU,FUSPCEU::FUSPCEU_S010,2024-11-07,0.18326024495468105,-0.5478143736205308,11.165391299592125,-2.721779028877039,40.4165,0.2328064196470283,FALSE,,,
FUSPCEU::FUSPCEU_S011::2024-11-12,FUSPCEU,FUSPCEU::FUSPCEU_S011,2024-11-12,0.09705824963249435,-0.7054053791446122,10.999098544253243,-2.8880717842159207,40.4165,0.2328064196470283,FALSE,,,
FUSPCEU::FUSPCEU_S011::2024-11-13,FUSPCEU,FUSPCEU::FUSPCEU_S011,2024-11-13,0.1353597152418139,-0.628267870062601,10.967372110684712,-2.919798217784452,40.4165,0.2328064196470283,FALSE,,,
FUSPCEU::FUSPCEU_S011::2024-11-14,FUSPCEU,FUSPCEU::FUSPCEU_S011,2024-11-14,0.06064008407128829,-0.7941460772461862,10.936193150546815,-2.950977177922349,40.4165,0.2328064196470283,FALSE,,,
FUSPCEU::FUSPCEU_S011::2024-11-16,FUSPCEU,FUSPCEU::FUSPCEU_S011,2024-11-16,0.047780698324234705,-0.830382285553372,10.875542518695196,-3.0116278097739677,40.4165,0.2328064196470283,FALSE,,,
FUSPCEU::FUSPCEU_S011::2024-11-17,FUSPCEU,FUSPCEU::FUSPCEU_S011,2024-11-17,0.11480694422214227,-0.667951682988267,10.84610369225343,-3.0410666362157333,40.4165,0.2328064196470283,FALSE,,,
FUSPCEU::FUSPCEU_S012::2024-12-03,FUSPCEU,FUSPCEU::FUSPCEU_S012,2024-12-03,0.04366140371874802,-0.8426598943810154,10.469824230074883,-3.4173460983942814,40.4165,0.2328064196470283,FALSE,,,
FUSPCEU::FUSPCEU_S012::2024-12-04,FUSPCEU,FUSPCEU::FUSPCEU_S012,2024-12-04,0.03765426675511899,-0.8612103225962221,10.453057371642855,-3.4341129568263096,40.4165,0.2328064196470283,FALSE,,,
FUSPCEU::FUSPCEU_S012::2024-12-05,FUSPCEU,FUSPCEU::FUSPCEU_S012,2024-12-05,0.09798172293441682,-0.7033749006228409,10.437175499664413,-3.4499948288047513,40.4165,0.2328064196470283,FALSE,,,
FUSPCEU::FUSPCEU_S012::2024-12-06,FUSPCEU,FUSPCEU::FUSPCEU_S012,2024-12-06,0.02144646767956941,-0.9156151123086702,10.42219187537829,-3.4649784530908736,40.4165,0.2328064196470283,FALSE,,,
FUSPCEU::FUSPCEU_S012::2024-12-07,FUSPCEU,FUSPCEU::FUSPCEU_S012,2024-12-07,1.8138923036097043e-4,-0.9992129501779821,10.408119205898709,-3.4790511225704552,40.4165,0.2328064196470283,FALSE,,,
FUSPCEU::FUSPCEU_S012::2024-12-08,FUSPCEU,FUSPCEU::FUSPCEU_S012,2024-12-08,0,-1,10.394969606002173,-3.4922007224669915,40.4165,0.2328064196470283,FALSE,,,
FUSPCEU::FUSPCEU_S013::2024-11-19,FUSPCEU,FUSPCEU::FUSPCEU_S013,2024-11-19,0.28583134770213847,-0.4136024900643758,10.789082120656968,-3.0980882078121965,40.4165,0.2328064196470283,FALSE,,,
FUSPCEU::FUSPCEU_S013::2024-11-20,FUSPCEU,FUSPCEU::FUSPCEU_S013,2024-11-20,0.29058652596003454,-0.40828274262045755,10.761532905565367,-3.1256374229037966,40.4165,0.2328064196470283,FALSE,,,
FUSPCEU::FUSPCEU_S013::2024-11-21,FUSPCEU,FUSPCEU::FUSPCEU_S013,2024-11-21,0.07257682317792363,-0.7630175298363432,10.73464718706078,-3.152523141408384,40.4165,0.2328064196470283,FALSE,,,
FUSPCEU::FUSPCEU_S013::2024-11-22,FUSPCEU,FUSPCEU::FUSPCEU_S013,2024-11-22,0.20991737951852538,-0.5087540687514994,10.708441830012534,-3.17872849845663,40.4165,0.2328064196470283,FALSE,,,
FUSPCEU::FUSPCEU_S013::2024-11-23,FUSPCEU,FUSPCEU::FUSPCEU_S013,2024-11-23,0.1163539616125826,-0.6648351481161372,10.682933683130477,-3.2042366453386872,40.4165,0.2328064196470283,FALSE,,,
FUSPCEU::FUSPCEU_S013::2024-11-24,FUSPCEU,FUSPCEU::FUSPCEU_S013,2024-11-24,0.0038886361877165654,-0.9834319549536773,10.65813954671224,-3.229030781756924,40.4165,0.2328064196470283,FALSE,,,
FUSPCEU::FUSPCEU_S014::2024-11-20,FUSPCEU,FUSPCEU::FUSPCEU_S014,2024-11-20,0.017362668070886128,-0.9304700259942551,10.761532905565367,-3.1256374229037966,40.4165,0.2328064196470283,FALSE,,,
FUSPCEU::FUSPCEU_S014::2024-11-21,FUSPCEU,FUSPCEU::FUSPCEU_S014,2024-11-21,0.08324022006550319,-0.7369791953221911,10.73464718706078,-3.152523141408384,40.4165,0.2328064196470283,FALSE,,,
FUSPCEU::FUSPCEU_S014::2024-11-22,FUSPCEU,FUSPCEU::FUSPCEU_S014,2024-11-22,0.08805736470553399,-0.725709654061074,10.708441830012534,-3.17872849845663,40.4165,0.2328064196470283,FALSE,,,
FUSPCEU::FUSPCEU_S014::2024-11-23,FUSPCEU,FUSPCEU::FUSPCEU_S014,2024-11-23,0.006561250114185735,-0.9724006932553432,10.682933683130477,-3.2042366453386872,40.4165,0.2328064196470283,FALSE,,,
FUSPCEU::FUSPCEU_S014::2024-11-24,FUSPCEU,FUSPCEU::FUSPCEU_S014,2024-11-24,0,-1,10.65813954671224,-3.229030781756924,40.4165,0.2328064196470283,FALSE,,,
FUSPCEU::FUSPCEU_S015::2024-11-26,FUSPCEU,FUSPCEU::FUSPCEU_S015,2024-11-26,0.20382518509785705,-0.5173762288416345,10.61076005200545,-3.2764102764637144,40.4165,0.2328064196470283,FALSE,,,
FUSPCEU::FUSPCEU_S015::2024-11-27,FUSPCEU,FUSPCEU::FUSPCEU_S015,2024-11-27,0.14290941740855234,-0.6145556476103268,10.588207732571496,-3.2989625958976685,40.4165,0.2328064196470283,FALSE,,,
FUSPCEU::FUSPCEU_S015::2024-11-28,FUSPCEU,FUSPCEU::FUSPCEU_S015,2024-11-28,0.1773969197773824,-0.5568983656531914,10.566435426274936,-3.3207349021942285,40.4165,0.2328064196470283,FALSE,,,
FUSPCEU::FUSPCEU_S015::2024-11-29,FUSPCEU,FUSPCEU::FUSPCEU_S015,2024-11-29,0.2606240766406299,-0.4429452814874173,10.545459147691727,-3.3417111807774376,40.4165,0.2328064196470283,FALSE,,,
FUSPCEU::FUSPCEU_S015::2024-11-30,FUSPCEU,FUSPCEU::FUSPCEU_S015,2024-11-30,0.06403313578179426,-0.785068412723145,10.525294639203283,-3.361875689265881,40.4165,0.2328064196470283,FALSE,,,
FUSPCEU::FUSPCEU_S015::2024-12-01,FUSPCEU,FUSPCEU::FUSPCEU_S015,2024-12-01,0,-1,10.505957330796454,-3.3812129976727103,40.4165,0.2328064196470283,FALSE,,,
FUSPCEU::FUSPCEU_S016::2024-11-26,FUSPCEU,FUSPCEU::FUSPCEU_S016,2024-11-26,0,-1,10.61076005200545,-3.2764102764637144,40.4165,0.2328064196470283,FALSE,,,
FUSPCEU::FUSPCEU_S016::2024-11-27,FUSPCEU,FUSPCEU::FUSPCEU_S016,2024-11-27,0,-1,10.588207732571496,-3.2989625958976685,40.4165,0.2328064196470283,FALSE,,,
FUSPCEU::FUSPCEU_S016::2024-11-29,FUSPCEU,FUSPCEU::FUSPCEU_S016,2024-11-29,0,-1,10.545459147691727,-3.3417111807774376,40.4165,0.2328064196470283,FALSE,,,
FUSPCEU::FUSPCEU_S016::2024-11-30,FUSPCEU,FUSPCEU::FUSPCEU_S016,2024-11-30,0,-1,10.525294639203283,-3.361875689265881,40.4165,0.2328064196470283,FALSE,,,
FUSPCEU::FUSPCEU_S016::2024-12-01,FUSPCEU,FUSPCEU::FUSPCEU_S016,2024-12-01,0,-1,10.505957330796454,-3.3812129976727103,40.4165,0.2328064196470283,FALSE,,,
FUSPCEU::FUSPCEU_S017::2024-12-03,FUSPCEU,FUSPCEU::FUSPCEU_S017,2024-12-03,0.00629006989974272,-0.9735073073411525,10.469824230074883,-3.4173460983942814,40.4165,0.2328064196470283,FALSE,,,
FUSPCEU::FUSPCEU_S017::2024-12-04,FUSPCEU,FUSPCEU::FUSPCEU_S017,2024-12-04,1.4485482473491906e-4,-0.9993713586881976,10.453057371642855,-3.4341129568263096,40.4165,0.2328064196470283,FALSE,,,
FUSPCEU::FUSPCEU_S017::2024-12-05,FUSPCEU,FUSPCEU::FUSPCEU_S017,2024-12-05,0.0021318079105541593,-0.9908389802569052,10.437175499664413,-3.4499948288047513,40.4165,0.2328064196470283,FALSE,,,
FUSPCEU::FUSPCEU_S017::2024-12-06,FUSPCEU,FUSPCEU::FUSPCEU_S017,2024-12-06,0,-1,10.42219187537829,-3.4649784530908736,40.4165,0.2328064196470283,FALSE,,,
FUSPCEU::FUSPCEU_S017::2024-12-07,FUSPCEU,FUSPCEU::FUSPCEU_S017,2024-12-07,0,-1,10.408119205898709,-3.4790511225704552,40.4165,0.2328064196470283,FALSE,,,
FUSPCEU::FUSPCEU_S017::2024-12-08,FUSPCEU,FUSPCEU::FUSPCEU_S017,2024-12-08,0,-1,10.394969606002173,-3.4922007224669915,40.4165,0.2328064196470283,FALSE,,,
FUSPCEU::FUSPCEU_S018::2024-12-10,FUSPCEU,FUSPCEU::FUSPCEU_S018,2024-12-10,0.2388807716917841,-0.46995307260571223,10.371484889454312,-3.5156854390148524,40.4165,0.2328064196470283,FALSE,,,
FUSPCEU::FUSPCEU_S018::2024-12-11,FUSPCEU,FUSPCEU::FUSPCEU_S018,2024-12-11,0.05005437673614008,-0.8237513326974206,10.361170710656378,-3.5259996178127864,40.4165,0.2328064196470283,FALSE,,,
FUSPCEU::FUSPCEU_S018::2024-12-12,FUSPCEU,FUSPCEU::FUSPCEU_S018,2024-12-12,0,-1,10.351821409728792,-3.5353489187403717,40.4165,0.2328064196470283,FALSE,,,
FUSPCEU::FUSPCEU_S018::2024-12-13,FUSPCEU,FUSPCEU::FUSPCEU_S018,2024-12-13,0.08265941296658064,-0.7383579424276501,10.343445607622465,-3.543724720846699,40.4165,0.2328064196470283,FALSE,,,
FUSPCEU::FUSPCEU_S018::2024-12-14,FUSPCEU,FUSPCEU::FUSPCEU_S018,2024-12-14,0.00916273447487602,-0.9619255939944877,10.336051132281622,-3.5511191961875426,40.4165,0.2328064196470283,FALSE,,,
FUSPCEU::FUSPCEU_S018::2024-12-15,FUSPCEU,FUSPCEU::FUSPCEU_S018,2024-12-15,0,-1,10.329644992086623,-3.5575253363825414,40.4165,0.2328064196470283,FALSE,,,
FUSPCEU::FUSPCEU_S019::2024-12-10,FUSPCEU,FUSPCEU::FUSPCEU_S019,2024-12-10,0,-1,10.371484889454312,-3.5156854390148524,40.4165,0.2328064196470283,FALSE,,,
FUSPCEU::FUSPCEU_S019::2024-12-11,FUSPCEU,FUSPCEU::FUSPCEU_S019,2024-12-11,0,-1,10.361170710656378,-3.5259996178127864,40.4165,0.2328064196470283,FALSE,,,
FUSPCEU::FUSPCEU_S019::2024-12-12,FUSPCEU,FUSPCEU::FUSPCEU_S019,2024-12-12,0,-1,10.351821409728792,-3.5353489187403717,40.4165,0.2328064196470283,FALSE,,,
FUSPCEU::FUSPCEU_S019::2024-12-13,FUSPCEU,FUSPCEU::FUSPCEU_S019,2024-12-13,0.041412186357292685,-0.8495131631015103,10.343445607622465,-3.543724720846699,40.4165,0.2328064196470283,FALSE,,,
FUSPCEU::FUSPCEU_S019::2024-12-14,FUSPCEU,FUSPCEU::FUSPCEU_S019,2024-12-14,0,-1,10.336051132281622,-3.5511191961875426,40.4165,0.2328064196470283,FALSE,,,
FUSPCEU::FUSPCEU_S019::2024-12-15,FUSPCEU,FUSPCEU::FUSPCEU_S019,2024-12-15,0.009008110511340262,-0.9625411881210201,10.329644992086623,-3.5575253363825414,40.4165,0.2328064196470283,FALSE,,,
FUSPCEU::FUSPCEU_S020::2025-01-21,FUSPCEU,FUSPCEU::FUSPCEU_S020,2025-01-21,0.051661786304249974,-0.8191238331080605,10.77204123781787,-3.115129090651294,40.4165,0.2328064196470283,FALSE,,,
FUSPCEU::FUSPCEU_S020::2025-01-22,FUSPCEU,FUSPCEU::FUSPCEU_S020,2025-01-22,0.04694062109531094,-0.8328581287920628,10.800073096619712,-3.0870972318494516,40.4165,0.2328064196470283,FALSE,,,
FUSPCEU::FUSPCEU_S020::2025-01-23,FUSPCEU,FUSPCEU::FUSPCEU_S020,2025-01-23,0.042113460869040914,-0.8473647841114176,10.828762292199665,-3.0584080362694994,40.4165,0.2328064196470283,FALSE,,,
FUSPCEU::FUSPCEU_S020::2025-01-24,FUSPCEU,FUSPCEU::FUSPCEU_S020,2025-01-24,0,-1,10.858091982603073,-3.0290783458660915,40.4165,0.2328064196470283,FALSE,,,
FUSPCEU::FUSPCEU_S020::2025-01-25,FUSPCEU,FUSPCEU::FUSPCEU_S020,2025-01-25,0,-1,10.888045382764604,-2.99912494570456,40.4165,0.2328064196470283,FALSE,,,
FUSPCEU::FUSPCEU_S020::2025-01-26,FUSPCEU,FUSPCEU::FUSPCEU_S020,2025-01-26,0,-1,10.91860579205884,-2.968564536410325,40.4165,0.2328064196470283,FALSE,,,
FUSPCEU::FUSPCEU_S022::2025-01-28,FUSPCEU,FUSPCEU::FUSPCEU_S022,2025-01-28,0,-1,10.981481417152617,-2.905688911316547,40.4165,0.2328064196470283,FALSE,,,
FUSPCEU::FUSPCEU_S022::2025-01-29,FUSPCEU,FUSPCEU::FUSPCEU_S022,2025-01-29,0.022569100525965904,-0.9116190009631028,11.013763885233137,-2.8734064432360267,40.4165,0.2328064196470283,FALSE,,,
FUSPCEU::FUSPCEU_S022::2025-01-30,FUSPCEU,FUSPCEU::FUSPCEU_S022,2025-01-30,0.014454092020660558,-0.9413686755956095,11.046587911711798,-2.840582416757366,40.4165,0.2328064196470283,FALSE,,,
FUSPCEU::FUSPCEU_S022::2025-01-31,FUSPCEU,FUSPCEU::FUSPCEU_S022,2025-01-31,0.17104325263649808,-0.5669613995961152,11.079937583009402,-2.8072327454597623,40.4165,0.2328064196470283,FALSE,,,
FUSPCEU::FUSPCEU_S022::2025-02-01,FUSPCEU,FUSPCEU::FUSPCEU_S022,2025-02-01,0,-1,11.113797203765975,-2.7733731247031894,40.4165,0.2328064196470283,FALSE,,,
FUSPCEU::FUSPCEU_S022::2025-02-02,FUSPCEU,FUSPCEU::FUSPCEU_S022,2025-02-02,0,-1,11.148151313198937,-2.7390190152702267,40.4165,0.2328064196470283,FALSE,,,
FUSPCEU::FUSPCEU_S023::2025-01-28,FUSPCEU,FUSPCEU::FUSPCEU_S023,2025-01-28,0,-1,10.981481417152617,-2.905688911316547,40.4165,0.2328064196470283,FALSE,,,
FUSPCEU::FUSPCEU_S023::2025-01-29,FUSPCEU,FUSPCEU::FUSPCEU_S023,2025-01-29,0,-1,11.013763885233137,-2.8734064432360267,40.4165,0.2328064196470283,FALSE,,,
FUSPCEU::FUSPCEU_S023::2025-01-30,FUSPCEU,FUSPCEU::FUSPCEU_S023,2025-01-30,0,-1,11.046587911711798,-2.840582416757366,40.4165,0.2328064196470283,FALSE,,,
FUSPCEU::FUSPCEU_S023::2025-01-31,FUSPCEU,FUSPCEU::FUSPCEU_S023,2025-01-31,0,-1,11.079937583009402,-2.8072327454597623,40.4165,0.2328064196470283,FALSE,,,
FUSPCEU::FUSPCEU_S023::2025-02-01,FUSPCEU,FUSPCEU::FUSPCEU_S023,2025-02-01,0,-1,11.113797203765975,-2.7733731247031894,40.4165,0.2328064196470283,FALSE,,,
FUSPCEU::FUSPCEU_S023::2025-02-02,FUSPCEU,FUSPCEU::FUSPCEU_S023,2025-02-02,0.0245021290678287,-0.9048232217850837,11.148151313198937,-2.7390190152702267,40.4165,0.2328064196470283,FALSE,,,
FUSPCEU::FUSPCEU_S024::2025-02-04,FUSPCEU,FUSPCEU::FUSPCEU_S024,2025-02-04,0,-1,11.218282416065534,-2.6688879124036298,40.4165,0.2328064196470283,FALSE,,,
FUSPCEU::FUSPCEU_S024::2025-02-05,FUSPCEU,FUSPCEU::FUSPCEU_S024,2025-02-05,0.01772863925636732,-0.929117875660948,11.254029786454307,-2.633140542014857,40.4165,0.2328064196470283,FALSE,,,
FUSPCEU::FUSPCEU_S024::2025-02-06,FUSPCEU,FUSPCEU::FUSPCEU_S024,2025-02-06,0,-1,11.290212421417236,-2.5969579070519284,40.4165,0.2328064196470283,FALSE,,,
FUSPCEU::FUSPCEU_S024::2025-02-08,FUSPCEU,FUSPCEU::FUSPCEU_S024,2025-02-08,0,-1,11.36382739689615,-2.523342931573014,40.4165,0.2328064196470283,FALSE,,,
FUSPCEU::FUSPCEU_S024::2025-02-09,FUSPCEU,FUSPCEU::FUSPCEU_S024,2025-02-09,0,-1,11.401232449942166,-2.4859378785269985,40.4165,0.2328064196470283,FALSE,,,
FUSPCEU::FUSPCEU_S025::2025-02-04,FUSPCEU,FUSPCEU::FUSPCEU_S025,2025-02-04,0,-1,11.218282416065534,-2.6688879124036298,40.4165,0.2328064196470283,FALSE,,,
FUSPCEU::FUSPCEU_S025::2025-02-05,FUSPCEU,FUSPCEU::FUSPCEU_S025,2025-02-05,0,-1,11.254029786454307,-2.633140542014857,40.4165,0.2328064196470283,FALSE,,,
FUSPCEU::FUSPCEU_S025::2025-02-06,FUSPCEU,FUSPCEU::FUSPCEU_S025,2025-02-06,0.054396613882039924,-0.8113622285370106,11.290212421417236,-2.5969579070519284,40.4165,0.2328064196470283,FALSE,,,
IZTECH::IZTECH_S001::2024-12-24,IZTECH,IZTECH::IZTECH_S001,2024-12-24,0,-1,10.489451321429677,-3.3977190070394876,38.32,0.023156419647028414,FALSE,,,
IZTECH::IZTECH_S001::2024-12-25,IZTECH,IZTECH::IZTECH_S001,2024-12-25,0.033560076913351805,-0.8743233395200728,10.492750476797422,-3.394419851671742,38.32,0.023156419647028414,FALSE,,,
IZTECH::IZTECH_S001::2024-12-26,IZTECH,IZTECH::IZTECH_S001,2024-12-26,0.01761521154764306,-0.9295365059471431,10.496976461079386,-3.390193867389778,38.32,0.023156419647028414,FALSE,,,
IZTECH::IZTECH_S001::2024-12-27,IZTECH,IZTECH::IZTECH_S001,2024-12-27,0.059540387535818834,-0.7971293573489535,10.50212588707606,-3.385044441393104,38.32,0.023156419647028414,FALSE,,,
IZTECH::IZTECH_S001::2024-12-28,IZTECH,IZTECH::IZTECH_S001,2024-12-28,0.023580752708922043,-0.9080491639010506,10.50819456073973,-3.3789757677294343,38.32,0.023156419647028414,FALSE,,,
IZTECH::IZTECH_S001::2024-12-29,IZTECH,IZTECH::IZTECH_S001,2024-12-29,0,-1,10.515177495413356,-3.371992833055808,38.32,0.023156419647028414,FALSE,,,
IZTECH::IZTECH_S001::2024-12-30,IZTECH,IZTECH::IZTECH_S001,2024-12-30,6.699578989451671e-4,-0.9971001130143166,10.523068928983477,-3.364101399485687,38.32,0.023156419647028414,FALSE,,,
IZTECH::IZTECH_S002::2025-01-07,IZTECH,IZTECH::IZTECH_S002,2025-01-07,0.16348522081227804,-0.5792437398430185,10.617976313961877,-3.2691940145072866,38.32,0.023156419647028414,FALSE,,,
IZTECH::IZTECH_S002::2025-01-08,IZTECH,IZTECH::IZTECH_S002,2025-01-08,0.029676733511260794,-0.8871379376714292,10.63366825911734,-3.253502069351825,38.32,0.023156419647028414,FALSE,,,
IZTECH::IZTECH_S002::2025-01-09,IZTECH,IZTECH::IZTECH_S002,2025-01-09,0.3938980659253558,-0.3063626745057735,10.650173718598154,-3.23699660987101,38.32,0.023156419647028414,FALSE,,,
IZTECH::IZTECH_S002::2025-01-10,IZTECH,IZTECH::IZTECH_S002,2025-01-10,0.10756183130234168,-0.6828525062128343,10.667480112777817,-3.2196902156913474,38.32,0.023156419647028414,FALSE,,,
IZTECH::IZTECH_S002::2025-01-11,IZTECH,IZTECH::IZTECH_S002,2025-01-11,0.21275725882542826,-0.5047926019183305,10.685574437181154,-3.20159589128801,38.32,0.023156419647028414,FALSE,,,
IZTECH::IZTECH_S002::2025-01-12,IZTECH,IZTECH::IZTECH_S002,2025-01-12,0.19487919664026296,-0.5303558653018057,10.704443298247126,-3.182727030222038,38.32,0.023156419647028414,FALSE,,,
IZTECH::IZTECH_S003::2025-01-07,IZTECH,IZTECH::IZTECH_S003,2025-01-07,0.15263574616875844,-0.5975051998396927,10.617976313961877,-3.2691940145072866,38.32,0.023156419647028414,FALSE,,,
IZTECH::IZTECH_S003::2025-01-08,IZTECH,IZTECH::IZTECH_S003,2025-01-08,0.0561025471217185,-0.8065900105065632,10.63366825911734,-3.253502069351825,38.32,0.023156419647028414,FALSE,,,
IZTECH::IZTECH_S003::2025-01-09,IZTECH,IZTECH::IZTECH_S003,2025-01-09,0.3181790335993999,-0.37863774535944555,10.650173718598154,-3.23699660987101,38.32,0.023156419647028414,FALSE,,,
IZTECH::IZTECH_S003::2025-01-10,IZTECH,IZTECH::IZTECH_S003,2025-01-10,0.40959093913001576,-0.29277830265233595,10.667480112777817,-3.2196902156913474,38.32,0.023156419647028414,FALSE,,,
IZTECH::IZTECH_S003::2025-01-11,IZTECH,IZTECH::IZTECH_S003,2025-01-11,0.23423150990363192,-0.4759526091039352,10.685574437181154,-3.20159589128801,38.32,0.023156419647028414,FALSE,,,
IZTECH::IZTECH_S003::2025-01-12,IZTECH,IZTECH::IZTECH_S003,2025-01-12,0.10843715226485634,-0.6810248689350753,10.704443298247126,-3.182727030222038,38.32,0.023156419647028414,FALSE,,,
IZTECH::IZTECH_S004::2025-01-21,IZTECH,IZTECH::IZTECH_S004,2025-01-21,0.012568978332523864,-0.9485812755167284,10.906761128637525,-2.980409199831639,38.32,0.023156419647028414,FALSE,,,
IZTECH::IZTECH_S004::2025-01-22,IZTECH,IZTECH::IZTECH_S004,2025-01-22,7.437919912550717e-5,-0.9996770953145925,10.9325787850221,-2.954591543447064,38.32,0.023156419647028414,FALSE,,,
IZTECH::IZTECH_S004::2025-01-23,IZTECH,IZTECH::IZTECH_S004,2025-01-23,0.022119586199475988,-0.9132146759717107,10.959008137186368,-2.928162191282796,38.32,0.023156419647028414,FALSE,,,
IZTECH::IZTECH_S004::2025-01-24,IZTECH,IZTECH::IZTECH_S004,2025-01-24,0.02868373914185654,-0.890476328364701,10.986033838391304,-2.9011364900778602,38.32,0.023156419647028414,FALSE,,,
IZTECH::IZTECH_S004::2025-01-25,IZTECH,IZTECH::IZTECH_S004,2025-01-25,0.014591371835445649,-0.9408480813679556,11.013640581170717,-2.8735297472984467,38.32,0.023156419647028414,FALSE,,,
IZTECH::IZTECH_S004::2025-01-26,IZTECH,IZTECH::IZTECH_S004,2025-01-26,0.006288550031949905,-0.9735135174689242,11.0418131228288,-2.8453572056403633,38.32,0.023156419647028414,FALSE,,,
IZTECH::IZTECH_S005::2025-01-21,IZTECH,IZTECH::IZTECH_S005,2025-01-21,0.020685368652240813,-0.918345378608228,10.906761128637525,-2.980409199831639,38.32,0.023156419647028414,FALSE,,,
IZTECH::IZTECH_S005::2025-01-22,IZTECH,IZTECH::IZTECH_S005,2025-01-22,0.025061382087040257,-0.9028767761234583,10.9325787850221,-2.954591543447064,38.32,0.023156419647028414,FALSE,,,
IZTECH::IZTECH_S005::2025-01-23,IZTECH,IZTECH::IZTECH_S005,2025-01-23,0.020412566386790718,-0.919328187267108,10.959008137186368,-2.928162191282796,38.32,0.023156419647028414,FALSE,,,
IZTECH::IZTECH_S005::2025-01-24,IZTECH,IZTECH::IZTECH_S005,2025-01-24,0.03938090890654136,-0.8557967077612462,10.986033838391304,-2.9011364900778602,38.32,0.023156419647028414,FALSE,,,
IZTECH::IZTECH_S005::2025-01-25,IZTECH,IZTECH::IZTECH_S005,2025-01-25,0.0032635460354396018,-0.9860529655062878,11.013640581170717,-2.8735297472984467,38.32,0.023156419647028414,FALSE,,,
IZTECH::IZTECH_S005::2025-01-26,IZTECH,IZTECH::IZTECH_S005,2025-01-26,0.0060441260221503895,-0.9745133828458529,11.0418131228288,-2.8453572056403633,38.32,0.023156419647028414,FALSE,,,
IZTECH::IZTECH_S006::2025-02-18,IZTECH,IZTECH::IZTECH_S006,2025-02-18,0.08813096962041111,-0.7255397061607103,11.813367618785964,-2.0738027096832,38.32,0.023156419647028414,FALSE,,,
IZTECH::IZTECH_S006::2025-02-19,IZTECH,IZTECH::IZTECH_S006,2025-02-19,0.30953538179148543,-0.3877085714298012,11.851021302806007,-2.036149025663157,38.32,0.023156419647028414,FALSE,,,
IZTECH::IZTECH_S006::2025-02-20,IZTECH,IZTECH::IZTECH_S006,2025-02-20,0.18915607750921112,-0.5388676752228246,11.888926246033774,-1.9982440824353898,38.32,0.023156419647028414,FALSE,,,
IZTECH::IZTECH_S006::2025-02-21,IZTECH,IZTECH::IZTECH_S006,2025-02-21,0.12378426718060384,-0.6501704491607674,11.927073288957278,-1.9600970395118864,38.32,0.023156419647028414,FALSE,,,
IZTECH::IZTECH_S006::2025-02-22,IZTECH,IZTECH::IZTECH_S006,2025-02-22,0.248600822488755,-0.4576715925504481,11.965453527503543,-1.921716800965621,38.32,0.023156419647028414,FALSE,,,
IZTECH::IZTECH_S006::2025-02-23,IZTECH,IZTECH::IZTECH_S006,2025-02-23,3.0230867940346537,0.49458405392168947,12.004058307475514,-1.88311202099365,38.32,0.023156419647028414,FALSE,,,
IZTECH::IZTECH_S007::2025-02-25,IZTECH,IZTECH::IZTECH_S007,2025-02-25,0.046348698077401385,-0.8346111367103083,12.08190808110767,-1.8052622473614939,38.32,0.023156419647028414,FALSE,,,
IZTECH::IZTECH_S007::2025-02-26,IZTECH,IZTECH::IZTECH_S007,2025-02-26,0.05178630055767314,-0.8187674238337483,12.121136951049168,-1.7660333774199959,38.32,0.023156419647028414,FALSE,,,
IZTECH::IZTECH_S007::2025-02-27,IZTECH,IZTECH::IZTECH_S007,2025-02-27,0.043871863123867816,-0.8420241322959214,12.160558099481795,-1.7266122289873689,38.32,0.023156419647028414,FALSE,,,
IZTECH::IZTECH_S007::2025-02-28,IZTECH,IZTECH::IZTECH_S007,2025-02-28,3.975398591738871e-4,-0.9982769290104788,12.200164010590978,-1.6870063178781862,38.32,0.023156419647028414,FALSE,,,
IZTECH::IZTECH_S007::2025-03-01,IZTECH,IZTECH::IZTECH_S007,2025-03-01,0.05128938558262186,-0.8201915408770291,12.23994737168153,-1.6472229567876333,38.32,0.023156419647028414,FALSE,,,
IZTECH::IZTECH_S007::2025-03-02,IZTECH,IZTECH::IZTECH_S007,2025-03-02,0.0352134075428128,-0.8689802423207206,12.279901064501868,-1.6072692639672965,38.32,0.023156419647028414,FALSE,,,
IZTECH::IZTECH_S008::2025-03-04,IZTECH,IZTECH::IZTECH_S008,2025-03-04,0,-1,12.36029188712438,-1.5268784413447847,38.32,0.023156419647028414,FALSE,,,
IZTECH::IZTECH_S008::2025-03-05,IZTECH,IZTECH::IZTECH_S008,2025-03-05,0.3956809150002192,-0.30479780223597164,12.400715667472946,-1.486454660996218,38.32,0.023156419647028414,FALSE,,,
IZTECH::IZTECH_S008::2025-03-06,IZTECH,IZTECH::IZTECH_S008,2025-03-06,0.014179878719175032,-0.9424104226327255,12.441283061040773,-1.4458872674283914,38.32,0.023156419647028414,FALSE,,,
IZTECH::IZTECH_S008::2025-03-07,IZTECH,IZTECH::IZTECH_S008,2025-03-07,5.187720997580358e-4,-0.997752825228253,12.481987778014608,-1.4051825504545565,38.32,0.023156419647028414,FALSE,,,
IZTECH::IZTECH_S008::2025-03-09,IZTECH,IZTECH::IZTECH_S008,2025-03-09,0.036543755687487134,-0.8647281558865711,12.563784693280855,-1.323385635188309,38.32,0.023156419647028414,FALSE,,,
IZTECH::IZTECH_S009::2025-03-18,IZTECH,IZTECH::IZTECH_S009,2025-03-18,0,-1,12.937119134863218,-0.9500511936059457,38.32,0.023156419647028414,FALSE,,,
IZTECH::IZTECH_S009::2025-03-19,IZTECH,IZTECH::IZTECH_S009,2025-03-19,0,-1,12.97902001824644,-0.9081503102227249,38.32,0.023156419647028414,FALSE,,,
IZTECH::IZTECH_S009::2025-03-20,IZTECH,IZTECH::IZTECH_S009,2025-03-20,0,-1,13.02098494960202,-0.8661853788671436,38.32,0.023156419647028414,FALSE,,,
IZTECH::IZTECH_S009::2025-03-21,IZTECH,IZTECH::IZTECH_S009,2025-03-21,0.09882643138054292,-0.7015258823144941,13.063008562657568,-0.8241617658115956,38.32,0.023156419647028414,FALSE,,,
IZTECH::IZTECH_S009::2025-03-22,IZTECH,IZTECH::IZTECH_S009,2025-03-22,0.04548698145091823,-0.8371758667260677,13.105085474186474,-0.7820848542826901,38.32,0.023156419647028414,FALSE,,,
IZTECH::IZTECH_S009::2025-03-24,IZTECH,IZTECH::IZTECH_S009,2025-03-24,0.0482910404851401,-0.8288850875785496,13.189377503262627,-0.6977928252065375,38.32,0.023156419647028414,FALSE,,,
IZTECH::IZTECH_S009::2025-03-25,IZTECH,IZTECH::IZTECH_S009,2025-03-25,0.10391934177783205,-0.6905415793763564,13.23158166481389,-0.6555886636552746,38.32,0.023156419647028414,FALSE,,,
IZTECH::IZTECH_S009::2025-03-26,IZTECH,IZTECH::IZTECH_S009,2025-03-26,0.6507152094855122,-0.12452478524095766,13.27381718940205,-0.6133531390671134,38.32,0.023156419647028414,FALSE,,,
IZTECH::IZTECH_S010::2025-04-15,IZTECH,IZTECH::IZTECH_S010,2025-04-15,0.33778345723080994,-0.3587406533873517,14.115496115022236,0.22832578655307145,38.32,0.023156419647028414,FALSE,,,
IZTECH::IZTECH_S010::2025-04-16,IZTECH,IZTECH::IZTECH_S010,2025-04-16,0.5328342533798923,-0.19871002184402575,14.15687135650052,0.2697010280313563,38.32,0.023156419647028414,FALSE,,,
IZTECH::IZTECH_S010::2025-04-18,IZTECH,IZTECH::IZTECH_S010,2025-04-18,0.4843951565824107,-0.2332933921187286,14.239221658243073,0.35205132977390896,38.32,0.023156419647028414,FALSE,,,
IZTECH::IZTECH_S010::2025-04-19,IZTECH,IZTECH::IZTECH_S010,2025-04-19,0.2920409826468956,-0.4066685309206946,14.280176197157965,0.3930058686888014,38.32,0.023156419647028414,FALSE,,,
IZTECH::IZTECH_S010::2025-04-20,IZTECH,IZTECH::IZTECH_S010,2025-04-20,0.2882302529666214,-0.4109106250925993,14.320969442592727,0.43379911412356265,38.32,0.023156419647028414,FALSE,,,
IZTECH::IZTECH_S011::2025-04-15,IZTECH,IZTECH::IZTECH_S011,2025-04-15,1.7569135792571227,0.26879169214844456,14.115496115022236,0.22832578655307145,38.32,0.023156419647028414,FALSE,,,
IZTECH::IZTECH_S011::2025-04-16,IZTECH,IZTECH::IZTECH_S011,2025-04-16,0.5102531472882941,-0.2144899720969034,14.15687135650052,0.2697010280313563,38.32,0.023156419647028414,FALSE,,,
IZTECH::IZTECH_S011::2025-04-17,IZTECH,IZTECH::IZTECH_S011,2025-04-17,1.2433721816524654,0.12819635075147956,14.198116571439638,0.31094624297047346,38.32,0.023156419647028414,FALSE,,,
IZTECH::IZTECH_S011::2025-04-18,IZTECH,IZTECH::IZTECH_S011,2025-04-18,0.9336125289814302,0.01435776500329271,14.239221658243073,0.35205132977390896,38.32,0.023156419647028414,FALSE,,,
IZTECH::IZTECH_S011::2025-04-19,IZTECH,IZTECH::IZTECH_S011,2025-04-19,4.573224465335946,0.6696166416525082,14.280176197157965,0.3930058686888014,38.32,0.023156419647028414,FALSE,,,
IZTECH::IZTECH_S011::2025-04-20,IZTECH,IZTECH::IZTECH_S011,2025-04-20,2.060087565237988,0.33447135685873003,14.320969442592727,0.43379911412356265,38.32,0.023156419647028414,FALSE,,,
IZTECH::IZTECH_S012::2025-04-22,IZTECH,IZTECH::IZTECH_S012,2025-04-22,0.09562359798338688,-0.7085787576475493,14.402027399937312,0.514857071468148,38.32,0.023156419647028414,FALSE,,,
IZTECH::IZTECH_S012::2025-04-23,IZTECH,IZTECH::IZTECH_S012,2025-04-23,0.43805487194095694,-0.26917343183178594,14.442268930408689,0.555098601939525,38.32,0.023156419647028414,FALSE,,,
IZTECH::IZTECH_S012::2025-04-24,IZTECH,IZTECH::IZTECH_S012,2025-04-24,0.008280171477444628,-0.9654510651323309,14.482302793529298,0.595132465060134,38.32,0.023156419647028414,FALSE,,,
IZTECH::IZTECH_S012::2025-04-25,IZTECH,IZTECH::IZTECH_S012,2025-04-25,0.09068374949467628,-0.7196863169461812,14.522116519543859,0.634946191074695,38.32,0.023156419647028414,FALSE,,,
IZTECH::IZTECH_S012::2025-04-26,IZTECH,IZTECH::IZTECH_S012,2025-04-26,0.3242688655475686,-0.37235883723410546,14.561697279877134,0.6745269514079695,38.32,0.023156419647028414,FALSE,,,
IZTECH::IZTECH_S012::2025-04-27,IZTECH,IZTECH::IZTECH_S012,2025-04-27,1.811856059398201,0.28145519183011186,14.60103188349141,0.7138615550222465,38.32,0.023156419647028414,FALSE,,,
IZTECH::IZTECH_S013::2025-04-22,IZTECH,IZTECH::IZTECH_S013,2025-04-22,1.5986671751290535,0.2301082946051056,14.402027399937312,0.514857071468148,38.32,0.023156419647028414,FALSE,,,
IZTECH::IZTECH_S013::2025-04-23,IZTECH,IZTECH::IZTECH_S013,2025-04-23,3.039205685621642,0.4968197722798332,14.442268930408689,0.555098601939525,38.32,0.023156419647028414,FALSE,,,
IZTECH::IZTECH_S013::2025-04-24,IZTECH,IZTECH::IZTECH_S013,2025-04-24,0.880088026446581,-0.008734916467529013,14.482302793529298,0.595132465060134,38.32,0.023156419647028414,FALSE,,,
IZTECH::IZTECH_S013::2025-04-25,IZTECH,IZTECH::IZTECH_S013,2025-04-25,2.739710801544667,0.45327411339613133,14.522116519543859,0.634946191074695,38.32,0.023156419647028414,FALSE,,,
IZTECH::IZTECH_S013::2025-04-26,IZTECH,IZTECH::IZTECH_S013,2025-04-26,0.368498985267678,-0.32929134542321536,14.561697279877134,0.6745269514079695,38.32,0.023156419647028414,FALSE,,,
IZTECH::IZTECH_S013::2025-04-27,IZTECH,IZTECH::IZTECH_S013,2025-04-27,3.3537420361204484,0.5382898964991805,14.60103188349141,0.7138615550222465,38.32,0.023156419647028414,FALSE,,,
IZTECH::IZTECH_S014::2025-04-29,IZTECH,IZTECH::IZTECH_S014,2025-04-29,0.07031752885822506,-0.768740652714769,14.678908035159111,0.7917377066899469,38.32,0.023156419647028414,FALSE,,,
IZTECH::IZTECH_S014::2025-04-30,IZTECH,IZTECH::IZTECH_S014,2025-04-30,0.17608384640564248,-0.5589590030750559,14.71742137697008,0.8302510485009158,38.32,0.023156419647028414,FALSE,,,
IZTECH::IZTECH_S014::2025-05-01,IZTECH,IZTECH::IZTECH_S014,2025-05-01,0.04989112133809448,-0.8242240914217134,14.755632150570552,0.8684618221013878,38.32,0.023156419647028414,FALSE,,,
IZTECH::IZTECH_S014::2025-05-02,IZTECH,IZTECH::IZTECH_S014,2025-05-02,0.12612140579302566,-0.6456583232019423,14.793525343338649,0.9063550148694848,38.32,0.023156419647028414,FALSE,,,
IZTECH::IZTECH_S014::2025-05-03,IZTECH,IZTECH::IZTECH_S014,2025-05-03,0.36255585087698705,-0.33483582127466033,14.831085583964983,0.9439152554958188,38.32,0.023156419647028414,FALSE,,,
IZTECH::IZTECH_S014::2025-05-04,IZTECH,IZTECH::IZTECH_S014,2025-05-04,0.7703008819071283,-0.06033057639126037,14.868297146558762,0.9811268180895976,38.32,0.023156419647028414,FALSE,,,
IZTECH::IZTECH_S015::2025-04-29,IZTECH,IZTECH::IZTECH_S015,2025-04-29,0.10366223913461572,-0.6910894857552049,14.678908035159111,0.7917377066899469,38.32,0.023156419647028414,FALSE,,,
IZTECH::IZTECH_S015::2025-04-30,IZTECH,IZTECH::IZTECH_S015,2025-04-30,0.13863431653674588,-0.6222671029502276,14.71742137697008,0.8302510485009158,38.32,0.023156419647028414,FALSE,,,
IZTECH::IZTECH_S015::2025-05-01,IZTECH,IZTECH::IZTECH_S015,2025-05-01,0,-1,14.755632150570552,0.8684618221013878,38.32,0.023156419647028414,FALSE,,,
IZTECH::IZTECH_S015::2025-05-02,IZTECH,IZTECH::IZTECH_S015,2025-05-02,0.10867790829456433,-0.6805235251252486,14.793525343338649,0.9063550148694848,38.32,0.023156419647028414,FALSE,,,
IZTECH::IZTECH_S015::2025-05-03,IZTECH,IZTECH::IZTECH_S015,2025-05-03,0,-1,14.831085583964983,0.9439152554958188,38.32,0.023156419647028414,FALSE,,,
IZTECH::IZTECH_S015::2025-05-04,IZTECH,IZTECH::IZTECH_S015,2025-05-04,0.12723981332549314,-0.6435155761618162,14.868297146558762,0.9811268180895976,38.32,0.023156419647028414,FALSE,,,
IZTECH::IZTECH_S016::2025-05-06,IZTECH,IZTECH::IZTECH_S016,2025-05-06,0.23796718650368873,-0.47112546366365976,14.941609600252576,1.0544392717834121,38.32,0.023156419647028414,FALSE,,,
IZTECH::IZTECH_S016::2025-05-07,IZTECH,IZTECH::IZTECH_S016,2025-05-07,0.3331409414239581,-0.36337076387083267,14.97767732905017,1.090507000581006,38.32,0.023156419647028414,FALSE,,,
IZTECH::IZTECH_S016::2025-05-08,IZTECH,IZTECH::IZTECH_S016,2025-05-08,0.35054739553180647,-0.34625951648238534,15.013330074350039,1.1261597458808748,38.32,0.023156419647028414,FALSE,,,
IZTECH::IZTECH_S016::2025-05-09,IZTECH,IZTECH::IZTECH_S016,2025-05-09,0.3381672353647256,-0.35836010060531004,15.048550457292134,1.1613801288229695,38.32,0.023156419647028414,FALSE,,,
IZTECH::IZTECH_S016::2025-05-10,IZTECH,IZTECH::IZTECH_S016,2025-05-10,0.34056557809705446,-0.35598943779462827,15.083320802648862,1.1961504741796976,38.32,0.023156419647028414,FALSE,,,
IZTECH::IZTECH_S016::2025-05-11,IZTECH,IZTECH::IZTECH_S016,2025-05-11,0.22487597364614512,-0.4882824059179736,15.117623154189852,1.230452825720688,38.32,0.023156419647028414,FALSE,,,
IZTECH::IZTECH_S017::2025-05-27,IZTECH,IZTECH::IZTECH_S017,2025-05-27,0.5856805196588288,-0.16387818876541602,15.587403438157505,1.700233109688341,38.32,0.023156419647028414,FALSE,,,
IZTECH::IZTECH_S017::2025-05-28,IZTECH,IZTECH::IZTECH_S017,2025-05-28,0.5716986125310602,-0.17282554878441983,15.610839857392842,1.7236695289236774,38.32,0.023156419647028414,FALSE,,,
IZTECH::IZTECH_S017::2025-05-29,IZTECH,IZTECH::IZTECH_S017,2025-05-29,0.6566024568470752,-0.12113225279559402,15.633464889923731,1.746294561454567,38.32,0.023156419647028414,FALSE,,,
IZTECH::IZTECH_S017::2025-05-30,IZTECH,IZTECH::IZTECH_S017,2025-05-30,0.677746584729474,-0.10916188730559812,15.65526044540935,1.7680901169401864,38.32,0.023156419647028414,FALSE,,,
IZTECH::IZTECH_S017::2025-05-31,IZTECH,IZTECH::IZTECH_S017,2025-05-31,0.10585310079606569,-0.6864425867744459,15.676208808090951,1.7890384796217873,38.32,0.023156419647028414,FALSE,,,
IZTECH::IZTECH_S017::2025-06-01,IZTECH,IZTECH::IZTECH_S017,2025-06-01,0.39668855478293863,-0.30391584735706645,15.696292682422532,1.8091223539533683,38.32,0.023156419647028414,FALSE,,,
KNUST::KNUST_S001::2024-10-08,KNUST,KNUST::KNUST_S001,2024-10-08,0,-1,12.71061712841193,-1.176553200057235,6.6750074282377385,-3.141342837529198,FALSE,,,
KNUST::KNUST_S001::2024-10-09,KNUST,KNUST::KNUST_S001,2024-10-09,0,-1,12.705258833169937,-1.181911495299227,6.6750074282377385,-3.141342837529198,FALSE,,,
KNUST::KNUST_S001::2024-10-11,KNUST,KNUST::KNUST_S001,2024-10-11,18.23027306869027,1.2631689347571986,12.694696087572309,-1.1924742408968552,6.6750074282377385,-3.141342837529198,FALSE,,,
KNUST::KNUST_S001::2024-10-12,KNUST,KNUST::KNUST_S001,2024-10-12,0.03668554445542008,-0.8642774129757304,12.689493022296164,-1.1976773061730004,6.6750074282377385,-3.141342837529198,FALSE,,,
KNUST::KNUST_S001::2024-10-13,KNUST,KNUST::KNUST_S001,2024-10-13,0,-1,12.684343072573343,-1.202827255895821,6.6750074282377385,-3.141342837529198,FALSE,,,
KNUST::KNUST_S002::2024-10-15,KNUST,KNUST::KNUST_S002,2024-10-15,0.0013318068616128137,-0.9942542133139178,12.674205210341347,-1.2129651181278174,6.6750074282377385,-3.141342837529198,FALSE,,,
KNUST::KNUST_S002::2024-10-16,KNUST,KNUST::KNUST_S002,2024-10-16,0,-1,12.66921862827407,-1.2179517001950941,6.6750074282377385,-3.141342837529198,FALSE,,,
KNUST::KNUST_S002::2024-10-17,KNUST,KNUST::KNUST_S002,2024-10-17,0.002004319354375117,-0.9913814377277568,12.664287823637327,-1.222882504831837,6.6750074282377385,-3.141342837529198,FALSE,,,
KNUST::KNUST_S002::2024-10-18,KNUST,KNUST::KNUST_S002,2024-10-18,0,-1,12.659413449234433,-1.2277568792347306,6.6750074282377385,-3.141342837529198,FALSE,,,
KNUST::KNUST_S002::2024-10-19,KNUST,KNUST::KNUST_S002,2024-10-19,0,-1,12.654596153762606,-1.2325741747065582,6.6750074282377385,-3.141342837529198,FALSE,,,
KNUST::KNUST_S002::2024-10-20,KNUST,KNUST::KNUST_S002,2024-10-20,9.419728841998237e-4,-0.9959282113484368,12.64983658240901,-1.2373337460601537,6.6750074282377385,-3.141342837529198,FALSE,,,
KNUST::KNUST_S003::2024-10-22,KNUST,KNUST::KNUST_S003,2024-10-22,0,-1,12.640493177175522,-1.2466771512936425,6.6750074282377385,-3.141342837529198,FALSE,,,
KNUST::KNUST_S003::2024-10-23,KNUST,KNUST::KNUST_S003,2024-10-23,0,-1,12.63591061969598,-1.2512597087731834,6.6750074282377385,-3.141342837529198,FALSE,,,
KNUST::KNUST_S003::2024-10-24,KNUST,KNUST::KNUST_S003,2024-10-24,0,-1,12.6313883396652,-1.2557819888039639,6.6750074282377385,-3.141342837529198,FALSE,,,
KNUST::KNUST_S003::2024-10-25,KNUST,KNUST::KNUST_S003,2024-10-25,0.12012434353224191,-0.6573319262012709,12.626926970415646,-1.2602433580535184,6.6750074282377385,-3.141342837529198,FALSE,,,
KNUST::KNUST_S003::2024-10-26,KNUST,KNUST::KNUST_S003,2024-10-26,0.23110229993950462,-0.4800378024929742,12.622527143955232,-1.2646431845139325,6.6750074282377385,-3.141342837529198,FALSE,,,
KNUST::KNUST_S003::2024-10-27,KNUST,KNUST::KNUST_S003,2024-10-27,0.1043855144377322,-0.6895498875132945,12.618189491497146,-1.268980836972018,6.6750074282377385,-3.141342837529198,FALSE,,,
KNUST::KNUST_S004::2024-10-29,KNUST,KNUST::KNUST_S004,2024-10-29,0.20910386774611525,-0.5098955606750124,12.609703228473663,-1.2774670999955013,6.6750074282377385,-3.141342837529198,FALSE,,,
KNUST::KNUST_S004::2024-10-30,KNUST,KNUST::KNUST_S004,2024-10-30,0.05134339174034458,-0.8200365373328378,12.605555876758363,-1.2816144517108015,6.6750074282377385,-3.141342837529198,FALSE,,,
KNUST::KNUST_S004::2024-10-31,KNUST,KNUST::KNUST_S004,2024-10-31,0.6577421745191697,-0.12047854005528157,12.601473216944271,-1.2856971115248932,6.6750074282377385,-3.141342837529198,FALSE,,,
KNUST::KNUST_S004::2024-11-01,KNUST,KNUST::KNUST_S004,2024-11-01,4.768779845909125,0.6874201372757229,12.597455877727933,-1.289714450741231,6.6750074282377385,-3.141342837529198,FALSE,,,
KNUST::KNUST_S004::2024-11-02,KNUST,KNUST::KNUST_S004,2024-11-02,0.5292719207777904,-0.20116164680540038,12.593504488004578,-1.2936658404645858,6.6750074282377385,-3.141342837529198,FALSE,,,
KNUST::KNUST_S004::2024-11-03,KNUST,KNUST::KNUST_S004,2024-11-03,0.4987941926180077,-0.22272242029656011,12.589619676470756,-1.2975506519984084,6.6750074282377385,-3.141342837529198,FALSE,,,
KNUST::KNUST_S005::2024-11-05,KNUST,KNUST::KNUST_S005,2024-11-05,0.05464242744242717,-0.8106713417486636,12.582052303089036,-1.3051180253801284,6.6750074282377385,-3.141342837529198,FALSE,,,
KNUST::KNUST_S005::2024-11-06,KNUST,KNUST::KNUST_S005,2024-11-06,2.1371702421259242e-4,-0.9990728291653879,12.578370998766687,-1.3087993297024774,6.6750074282377385,-3.141342837529198,FALSE,,,
KNUST::KNUST_S005::2024-11-07,KNUST,KNUST::KNUST_S005,2024-11-07,0,-1,12.57475878742006,-1.3124115410491033,6.6750074282377385,-3.141342837529198,FALSE,,,
KNUST::KNUST_S005::2024-11-08,KNUST,KNUST::KNUST_S005,2024-11-08,0,-1,12.571216297215885,-1.3159540312532787,6.6750074282377385,-3.141342837529198,FALSE,,,
KNUST::KNUST_S005::2024-11-09,KNUST,KNUST::KNUST_S005,2024-11-09,0,-1,12.56774415632089,-1.3194261721482743,6.6750074282377385,-3.141342837529198,FALSE,,,
KNUST::KNUST_S005::2024-11-10,KNUST,KNUST::KNUST_S005,2024-11-10,3.6404750036837796e-4,-0.9984218326939115,12.56434299170971,-1.3228273367594543,6.6750074282377385,-3.141342837529198,FALSE,,,
KNUST::KNUST_S006::2024-11-12,KNUST,KNUST::KNUST_S006,2024-11-12,0.1259117355660106,-0.6460612079500321,12.557756095329921,-1.329414233139243,6.6750074282377385,-3.141342837529198,FALSE,,,
KNUST::KNUST_S006::2024-11-13,KNUST,KNUST::KNUST_S006,2024-11-13,0.15351437043561425,-0.5959974176955318,12.55457161227862,-1.3325987161905442,6.6750074282377385,-3.141342837529198,FALSE,,,
KNUST::KNUST_S006::2024-11-14,KNUST,KNUST::KNUST_S006,2024-11-14,0.04865657291586187,-0.8278158835126619,12.55146060248216,-1.3357097259870034,6.6750074282377385,-3.141342837529198,FALSE,,,
KNUST::KNUST_S006::2024-11-15,KNUST,KNUST::KNUST_S006,2024-11-15,0.2653266518056594,-0.43731864339193616,12.548423685232798,-1.338746643236366,6.6750074282377385,-3.141342837529198,FALSE,,,
KNUST::KNUST_S006::2024-11-16,KNUST,KNUST::KNUST_S006,2024-11-16,0.4487106196537648,-0.26065663445965426,12.545461477438609,-1.341708851030555,6.6750074282377385,-3.141342837529198,FALSE,,,
KNUST::KNUST_S006::2024-11-17,KNUST,KNUST::KNUST_S006,2024-11-17,0.7542611030827627,-0.06840936783942575,12.542574592497614,-1.3445957359715504,6.6750074282377385,-3.141342837529198,FALSE,,,
KNUST::KNUST_S007::2024-11-19,KNUST,KNUST::KNUST_S007,2024-11-19,0.346311028301594,-0.35036238165296796,12.53702922715081,-1.3501411013183535,6.6750074282377385,-3.141342837529198,FALSE,,,
KNUST::KNUST_S007::2024-11-20,KNUST,KNUST::KNUST_S007,2024-11-20,0,-1,12.534371952944332,-1.3527983755248325,6.6750074282377385,-3.141342837529198,FALSE,,,
KNUST::KNUST_S007::2024-11-21,KNUST,KNUST::KNUST_S007,2024-11-21,0,-1,12.531792413393656,-1.3553779150755076,6.6750074282377385,-3.141342837529198,FALSE,,,
KNUST::KNUST_S007::2024-11-22,KNUST,KNUST::KNUST_S007,2024-11-22,2.61196801602262e-4,-0.9988671155894161,12.529291197525131,-1.357879130944033,6.6750074282377385,-3.141342837529198,FALSE,,,
KNUST::KNUST_S008::2024-11-27,KNUST,KNUST::KNUST_S008,2024-11-27,0.12996426086271048,-0.6383396531830461,12.517980072233412,-1.3691902562357523,6.6750074282377385,-3.141342837529198,FALSE,,,
KNUST::KNUST_S008::2024-11-28,KNUST,KNUST::KNUST_S008,2024-11-28,1.1181572570433922,0.08570335681713215,12.515960734354126,-1.3712095941150384,6.6750074282377385,-3.141342837529198,FALSE,,,
KNUST::KNUST_S008::2024-11-29,KNUST,KNUST::KNUST_S008,2024-11-29,0,-1,12.514023609823651,-1.373146718645513,6.6750074282377385,-3.141342837529198,FALSE,,,
KNUST::KNUST_S008::2024-11-30,KNUST,KNUST::KNUST_S008,2024-11-30,0,-1,12.512169211175706,-1.3750011172934578,6.6750074282377385,-3.141342837529198,FALSE,,,
KNUST::KNUST_S008::2024-12-01,KNUST,KNUST::KNUST_S008,2024-12-01,0.6783387241970311,-0.10883136183348587,12.510398037830988,-1.3767722906381756,6.6750074282377385,-3.141342837529198,FALSE,,,
KNUST::KNUST_S009::2024-12-03,KNUST,KNUST::KNUST_S009,2024-12-03,0.03282180745943028,-0.8767306141113607,12.507107292148802,-1.3800630363203616,6.6750074282377385,-3.141342837529198,FALSE,,,
KNUST::KNUST_S009::2024-12-04,KNUST,KNUST::KNUST_S009,2024-12-04,0.13115296654987413,-0.6361005285811951,12.505588644080692,-1.3815816843884718,6.6750074282377385,-3.141342837529198,FALSE,,,
KNUST::KNUST_S009::2024-12-05,KNUST,KNUST::KNUST_S009,2024-12-05,0.09263911317621296,-0.7152555297140243,12.50415506793393,-1.3830152605352346,6.6750074282377385,-3.141342837529198,FALSE,,,
KNUST::KNUST_S009::2024-12-06,KNUST,KNUST::KNUST_S009,2024-12-06,0.06987011302346491,-0.7698830242548662,12.50280698345767,-1.3843633450114936,6.6750074282377385,-3.141342837529198,FALSE,,,
KNUST::KNUST_S009::2024-12-07,KNUST,KNUST::KNUST_S009,2024-12-07,0,-1,12.501544791857402,-1.3856255366117622,6.6750074282377385,-3.141342837529198,FALSE,,,
KNUST::KNUST_S009::2024-12-08,KNUST,KNUST::KNUST_S009,2024-12-08,0.2766431199861181,-0.4240699612709665,12.500368875066439,-1.3868014534027253,6.6750074282377385,-3.141342837529198,FALSE,,,
KNUST::KNUST_S010::2024-12-10,KNUST,KNUST::KNUST_S010,2024-12-10,0.07643476001716007,-0.753415848929368,12.498277292450268,-1.3888930360188958,6.6750074282377385,-3.141342837529198,FALSE,,,
KNUST::KNUST_S010::2024-12-11,KNUST,KNUST::KNUST_S010,2024-12-11,3.260349443088145e-4,-0.998586351471681,12.49736228691207,-1.3898080415570941,6.6750074282377385,-3.141342837529198,FALSE,,,
KNUST::KNUST_S010::2024-12-12,KNUST,KNUST::KNUST_S010,2024-12-12,0.17860678949689227,-0.5550083042612781,12.496534875300195,-1.3906354531689686,6.6750074282377385,-3.141342837529198,FALSE,,,
KNUST::KNUST_S010::2024-12-13,KNUST,KNUST::KNUST_S010,2024-12-13,0.05611792211326053,-0.8065472376928027,12.495795331663556,-1.3913749968056077,6.6750074282377385,-3.141342837529198,FALSE,,,
KNUST::KNUST_S010::2024-12-14,KNUST,KNUST::KNUST_S010,2024-12-14,0.0301054790676461,-0.8857044138247319,12.495143906407886,-1.392026422061278,6.6750074282377385,-3.141342837529198,FALSE,,,
KNUST::KNUST_S010::2024-12-15,KNUST,KNUST::KNUST_S010,2024-12-15,0.07686960559832903,-0.752346792613499,12.494580825832156,-1.3925895026370085,6.6750074282377385,-3.141342837529198,FALSE,,,
KNUST::KNUST_S011::2024-12-17,KNUST,KNUST::KNUST_S011,2024-12-17,0.022469340041768662,-0.9119726224609558,12.493720479806264,-1.3934498486629003,6.6750074282377385,-3.141342837529198,FALSE,,,
KNUST::KNUST_S011::2024-12-18,KNUST,KNUST::KNUST_S011,2024-12-18,0.03945876655941341,-0.8555541802239544,12.493423541718059,-1.3937467867511053,6.6750074282377385,-3.141342837529198,FALSE,,,
KNUST::KNUST_S011::2024-12-19,KNUST,KNUST::KNUST_S011,2024-12-19,0.07671743029257105,-0.7527206123124397,12.493215602106519,-1.3939547263626455,6.6750074282377385,-3.141342837529198,FALSE,,,
KNUST::KNUST_S011::2024-12-20,KNUST,KNUST::KNUST_S011,2024-12-20,0.09856009678012467,-0.7021080241659343,12.49309675971667,-1.3940735687524946,6.6750074282377385,-3.141342837529198,FALSE,,,
KNUST::KNUST_S011::2024-12-21,KNUST,KNUST::KNUST_S011,2024-12-21,0.06523515790673035,-0.7818975401854021,12.493067087067498,-1.394103241401666,6.6750074282377385,-3.141342837529198,FALSE,,,
KNUST::KNUST_S011::2024-12-22,KNUST,KNUST::KNUST_S011,2024-12-22,0,-1,12.493126629855897,-1.3940436986132667,6.6750074282377385,-3.141342837529198,FALSE,,,
KNUST::KNUST_S012::2025-01-07,KNUST,KNUST::KNUST_S012,2025-01-07,0.011160012302596278,-0.9540514138292701,12.50614821129375,-1.381022117175414,6.6750074282377385,-3.141342837529198,FALSE,,,
KNUST::KNUST_S012::2025-01-08,KNUST,KNUST::KNUST_S012,2025-01-08,0.17503687427377754,-0.5606090762786199,12.507706261078516,-1.3794640673906482,6.6750074282377385,-3.141342837529198,FALSE,,,
KNUST::KNUST_S012::2025-01-09,KNUST,KNUST::KNUST_S012,2025-01-09,0.1852419598530923,-0.5447865882441807,12.509350015123685,-1.3778203133454792,6.6750074282377385,-3.141342837529198,FALSE,,,
KNUST::KNUST_S012::2025-01-10,KNUST,KNUST::KNUST_S012,2025-01-10,0.011515713655911114,-0.95266393195913,12.51107906738917,-1.3760912610799938,6.6750074282377385,-3.141342837529198,FALSE,,,
KNUST::KNUST_S012::2025-01-11,KNUST,KNUST::KNUST_S012,2025-01-11,0.11128547815518774,-0.6751303513802406,12.512892994681994,-1.3742773337871697,6.6750074282377385,-3.141342837529198,FALSE,,,
KNUST::KNUST_S012::2025-01-12,KNUST,KNUST::KNUST_S012,2025-01-12,0.08688536792924417,-0.7284247000997519,12.51479135685497,-1.3723789716141948,6.6750074282377385,-3.141342837529198,FALSE,,,
KNUST::KNUST_S013::2025-01-14,KNUST,KNUST::KNUST_S013,2025-01-14,0,-1,12.518839546640715,-1.3683307818284494,6.6750074282377385,-3.141342837529198,FALSE,,,
KNUST::KNUST_S013::2025-01-15,KNUST,KNUST::KNUST_S013,2025-01-15,0.06849427172792327,-0.7734148591798308,12.520988418327438,-1.3661819101417265,6.6750074282377385,-3.141342837529198,FALSE,,,
KNUST::KNUST_S013::2025-01-16,KNUST,KNUST::KNUST_S013,2025-01-16,0.009657708784515245,-0.9599608326148336,12.523219814168081,-1.3639505143010826,6.6750074282377385,-3.141342837529198,FALSE,,,
KNUST::KNUST_S013::2025-01-17,KNUST,KNUST::KNUST_S013,2025-01-17,0.03098572031991928,-0.8827760472777435,12.525533223284615,-1.361637105184549,6.6750074282377385,-3.141342837529198,FALSE,,,
KNUST::KNUST_S014::2025-01-21,KNUST,KNUST::KNUST_S014,2025-01-21,0.027177753931571402,-0.8955888492984515,12.535596380896038,-1.3515739475731259,6.6750074282377385,-3.141342837529198,FALSE,,,
KNUST::KNUST_S014::2025-01-22,KNUST,KNUST::KNUST_S014,2025-01-22,0,-1,12.53831181022856,-1.348858518240604,6.6750074282377385,-3.141342837529198,FALSE,,,
KNUST::KNUST_S014::2025-01-23,KNUST,KNUST::KNUST_S014,2025-01-23,0.08963520760033977,-0.7220810285641462,12.541105968819725,-1.3460643596494393,6.6750074282377385,-3.141342837529198,FALSE,,,
KNUST::KNUST_S014::2025-01-24,KNUST,KNUST::KNUST_S014,2025-01-24,0.007523245725185632,-0.9684976343640744,12.54397827969657,-1.3431920487725932,6.6750074282377385,-3.141342837529198,FALSE,,,
KNUST::KNUST_S014::2025-01-25,KNUST,KNUST::KNUST_S014,2025-01-25,0.003670289533570986,-0.9843456885518636,12.546928159528308,-1.340242168940856,6.6750074282377385,-3.141342837529198,FALSE,,,
KNUST::KNUST_S014::2025-01-26,KNUST,KNUST::KNUST_S014,2025-01-26,0,-1,12.549955018825,-1.3372153096441632,6.6750074282377385,-3.141342837529198,FALSE,,,
KNUST::KNUST_S015::2025-01-28,KNUST,KNUST::KNUST_S015,2025-01-28,0.11523002768262139,-0.6670971384557831,12.556237291826141,-1.3309330366430228,6.6750074282377385,-3.141342837529198,FALSE,,,
KNUST::KNUST_S015::2025-01-29,KNUST,KNUST::KNUST_S015,2025-01-29,6.897309356508063e-4,-0.9970148196687713,12.55949150145054,-1.3276788270186248,6.6750074282377385,-3.141342837529198,FALSE,,,
KNUST::KNUST_S015::2025-01-30,KNUST,KNUST::KNUST_S015,2025-01-30,0,-1,12.562820283836789,-1.324350044632375,6.6750074282377385,-3.141342837529198,FALSE,,,
KNUST::KNUST_S015::2025-01-31,KNUST,KNUST::KNUST_S015,2025-01-31,0,-1,12.56622302737501,-1.3209473010941544,6.6750074282377385,-3.141342837529198,FALSE,,,
KNUST::KNUST_S015::2025-02-01,KNUST,KNUST::KNUST_S015,2025-02-01,0,-1,12.569699117210176,-1.3174712112589884,6.6750074282377385,-3.141342837529198,FALSE,,,
RISE::RISE_S001::2025-03-04,RISE,RISE::RISE_S001,2025-03-04,0.03641298968978146,-0.8651442727734453,12.179657288326158,-1.7075130401430059,57.715675,1.9627239196470283,FALSE,,,
RISE::RISE_S001::2025-03-05,RISE,RISE::RISE_S001,2025-03-05,0.05640739325417132,-0.8057427220331941,12.261009983155462,-1.6261603453137017,57.715675,1.9627239196470283,FALSE,,,
RISE::RISE_S001::2025-03-06,RISE,RISE::RISE_S001,2025-03-06,0.1071226823946618,-0.6837723380962802,12.34262978831927,-1.5445405401498942,57.715675,1.9627239196470283,FALSE,,,
RISE::RISE_S001::2025-03-07,RISE,RISE::RISE_S001,2025-03-07,0.025586195002783307,-0.9010580975703538,12.424510966539383,-1.4626593619297807,57.715675,1.9627239196470283,FALSE,,,
RISE::RISE_S001::2025-03-08,RISE,RISE::RISE_S001,2025-03-08,0.18187033285140344,-0.54995063167344,12.506648212075234,-1.38052211639393,57.715675,1.9627239196470283,FALSE,,,
RISE::RISE_S001::2025-03-09,RISE,RISE::RISE_S001,2025-03-09,0.1778355285442235,-0.5562122191307678,12.58903662721316,-1.2981337012560044,57.715675,1.9627239196470283,FALSE,,,
RISE::RISE_S002::2025-03-18,RISE,RISE::RISE_S002,2025-03-18,0.08897669839026753,-0.7235917428341888,13.341199753284455,-0.5459705751847093,57.715675,1.9627239196470283,FALSE,,,
RISE::RISE_S002::2025-03-19,RISE,RISE::RISE_S002,2025-03-19,0.11789682734372281,-0.6617490931917674,13.42590415040652,-0.4612661780626439,57.715675,1.9627239196470283,FALSE,,,
RISE::RISE_S002::2025-03-20,RISE,RISE::RISE_S002,2025-03-20,0.1958287035946276,-0.5289596896766074,13.510826363431082,-0.37634396503808176,57.715675,1.9627239196470283,FALSE,,,
RISE::RISE_S002::2025-03-21,RISE,RISE::RISE_S002,2025-03-21,0.2579423281060007,-0.44618694152086663,13.595964657399389,-0.29120567106977546,57.715675,1.9627239196470283,FALSE,,,
RISE::RISE_S002::2025-03-22,RISE,RISE::RISE_S002,2025-03-22,0.3522187230435756,-0.3446514606855328,13.68131742046939,-0.2058529079997733,57.715675,1.9627239196470283,FALSE,,,
RISE::RISE_S002::2025-03-23,RISE,RISE::RISE_S002,2025-03-23,0.36482978718131476,-0.332706049305392,13.766883142524295,-0.12028718594486953,57.715675,1.9627239196470283,FALSE,,,
RISE::RISE_S003::2025-03-18,RISE,RISE::RISE_S003,2025-03-18,0.005525577193516332,-0.9766422637054322,13.341199753284455,-0.5459705751847093,57.715675,1.9627239196470283,FALSE,,,
RISE::RISE_S003::2025-03-19,RISE,RISE::RISE_S003,2025-03-19,0.06015703345623874,-0.7954539841050018,13.42590415040652,-0.4612661780626439,57.715675,1.9627239196470283,FALSE,,,
RISE::RISE_S003::2025-03-20,RISE,RISE::RISE_S003,2025-03-20,0.002301757683291439,-0.9901169044540504,13.510826363431082,-0.37634396503808176,57.715675,1.9627239196470283,FALSE,,,
RISE::RISE_S003::2025-03-21,RISE,RISE::RISE_S003,2025-03-21,0.11031309426921476,-0.6771336869340814,13.595964657399389,-0.29120567106977546,57.715675,1.9627239196470283,FALSE,,,
RISE::RISE_S003::2025-03-22,RISE,RISE::RISE_S003,2025-03-22,0.02376380579082568,-0.907406344359255,13.68131742046939,-0.2058529079997733,57.715675,1.9627239196470283,FALSE,,,
RISE::RISE_S003::2025-03-23,RISE,RISE::RISE_S003,2025-03-23,0.05114940677115892,-0.8205935529950478,13.766883142524295,-0.12028718594486953,57.715675,1.9627239196470283,FALSE,,,
RISE::RISE_S004::2025-03-25,RISE,RISE::RISE_S004,2025-03-25,0.07451189332836955,-0.7581749696740342,13.938647803200615,0.05147747473145081,57.715675,1.9627239196470283,FALSE,,,
RISE::RISE_S004::2025-03-26,RISE,RISE::RISE_S004,2025-03-26,0.08886528462818677,-0.7238478625120265,14.024844036764568,0.13767370829540404,57.715675,1.9627239196470283,FALSE,,,
RISE::RISE_S004::2025-03-27,RISE,RISE::RISE_S004,2025-03-27,0.0349704479041979,-0.8697613108908039,14.111247775289748,0.2240774468205835,57.715675,1.9627239196470283,FALSE,,,
RISE::RISE_S004::2025-03-28,RISE,RISE::RISE_S004,2025-03-28,0.04185496888565035,-0.8481554471658075,14.19785769297017,0.3106873645010051,57.715675,1.9627239196470283,FALSE,,,
RISE::RISE_S004::2025-03-29,RISE,RISE::RISE_S004,2025-03-29,0.02827752509008022,-0.8918494276809994,14.284672434462442,0.3975021059932775,57.715675,1.9627239196470283,FALSE,,,
RISE::RISE_S004::2025-03-30,RISE,RISE::RISE_S004,2025-03-30,0.023900203981897905,-0.9069279786268442,14.371690592434671,0.48452026396550707,57.715675,1.9627239196470283,FALSE,,,
RISE::RISE_S005::2025-04-01,RISE,RISE::RISE_S005,2025-04-01,0.029603648460519105,-0.887382772508882,14.54633112874296,0.6591608002737956,57.715675,1.9627239196470283,FALSE,,,
RISE::RISE_S005::2025-04-02,RISE,RISE::RISE_S005,2025-04-02,0.020674913068326944,-0.9183830053657818,14.633950222267044,0.7467798937978802,57.715675,1.9627239196470283,FALSE,,,
RISE::RISE_S005::2025-04-03,RISE,RISE::RISE_S005,2025-04-03,0.048450189832325574,-0.8284192427086993,14.721766114168696,0.8345957856995323,57.715675,1.9627239196470283,FALSE,,,
RISE::RISE_S005::2025-04-04,RISE,RISE::RISE_S005,2025-04-04,0.05039551622910313,-0.8227651112575788,14.809776781466272,0.9226064529971083,57.715675,1.9627239196470283,FALSE,,,
RISE::RISE_S005::2025-04-05,RISE,RISE::RISE_S005,2025-04-05,0.0018934006486351906,-0.9918539431250092,14.897980003555615,1.0108096750864508,57.715675,1.9627239196470283,FALSE,,,
RISE::RISE_S005::2025-04-06,RISE,RISE::RISE_S005,2025-04-06,0.03011750050605641,-0.8856642878959733,14.986373335785336,1.0992030073161718,57.715675,1.9627239196470283,FALSE,,,
RISE::RISE_S006::2025-04-15,RISE,RISE::RISE_S006,2025-04-15,0.14541614498987077,-0.6100968700956878,15.78991743306319,1.9027471045940256,57.715675,1.9627239196470283,FALSE,,,
RISE::RISE_S006::2025-04-16,RISE,RISE::RISE_S006,2025-04-16,0.061309316145833015,-0.7923405499458672,15.880007472435633,1.9928371439664687,57.715675,1.9627239196470283,FALSE,,,
RISE::RISE_S006::2025-04-17,RISE,RISE::RISE_S006,2025-04-17,0.11177204572334729,-0.6741313680686506,15.970237473911709,2.083067145442545,57.715675,1.9627239196470283,FALSE,,,
RISE::RISE_S006::2025-04-18,RISE,RISE::RISE_S006,2025-04-18,1.088717029615327e-5,-0.9999527201938382,16.060599889622793,2.173429561153629,57.715675,1.9627239196470283,FALSE,,,
RISE::RISE_S006::2025-04-19,RISE,RISE::RISE_S006,2025-04-19,0.32036263272554666,-0.3763758966456334,16.15108650598261,2.2639161775134475,57.715675,1.9627239196470283,FALSE,,,
RISE::RISE_S006::2025-04-20,RISE,RISE::RISE_S006,2025-04-20,0.13580122394702,-0.6274539449913225,16.241688398917518,2.3545180704483535,57.715675,1.9627239196470283,FALSE,,,
RISE::RISE_S007::2025-04-15,RISE,RISE::RISE_S007,2025-04-15,0.010192973361950117,-0.9578460981105991,15.78991743306319,1.9027471045940256,57.715675,1.9627239196470283,FALSE,,,
RISE::RISE_S007::2025-04-16,RISE,RISE::RISE_S007,2025-04-16,0.024362150692516904,-0.9053117759677343,15.880007472435633,1.9928371439664687,57.715675,1.9627239196470283,FALSE,,,
RISE::RISE_S007::2025-04-17,RISE,RISE::RISE_S007,2025-04-17,0.08198330879421431,-0.739968442954416,15.970237473911709,2.083067145442545,57.715675,1.9627239196470283,FALSE,,,
RISE::RISE_S007::2025-04-18,RISE,RISE::RISE_S007,2025-04-18,0.05089571329732798,-0.8213230976515777,16.060599889622793,2.173429561153629,57.715675,1.9627239196470283,FALSE,,,
RISE::RISE_S007::2025-04-19,RISE,RISE::RISE_S007,2025-04-19,0.23861808983324798,-0.4702898444996697,16.15108650598261,2.2639161775134475,57.715675,1.9627239196470283,FALSE,,,
RISE::RISE_S007::2025-04-20,RISE,RISE::RISE_S007,2025-04-20,0.0743668745044963,-0.7585360170315377,16.241688398917518,2.3545180704483535,57.715675,1.9627239196470283,FALSE,,,
RISE::RISE_S008::2025-04-29,RISE,RISE::RISE_S008,2025-04-29,0.22352576970439694,-0.49009112088496926,17.06040390630563,3.1732335778364664,57.715675,1.9627239196470283,FALSE,,,
RISE::RISE_S008::2025-04-30,RISE,RISE::RISE_S008,2025-04-30,0.313379664313713,-0.38365089174735695,17.151474550233946,3.2643042217647817,57.715675,1.9627239196470283,FALSE,,,
RISE::RISE_S008::2025-05-01,RISE,RISE::RISE_S008,2025-05-01,0.022630996739718856,-0.9113997417951469,17.242500105102856,3.355329776633692,57.715675,1.9627239196470283,FALSE,,,
RISE::RISE_S008::2025-05-02,RISE,RISE::RISE_S008,2025-05-02,0.002123566005580238,-0.9908740286748132,17.33345867547724,3.4462883470080747,57.715675,1.9627239196470283,FALSE,,,
RISE::RISE_S008::2025-05-03,RISE,RISE::RISE_S008,2025-05-03,0.006102949988124634,-0.9742725412093671,17.424326815075343,3.537156486606179,57.715675,1.9627239196470283,FALSE,,,
RISE::RISE_S008::2025-05-04,RISE,RISE::RISE_S008,2025-05-04,0.03759562031240404,-0.8613953895338411,17.515079435838594,3.6279091073694296,57.715675,1.9627239196470283,FALSE,,,
RISE::RISE_S009::2025-05-27,RISE,RISE::RISE_S009,2025-05-27,0.5770485549334886,-0.16938018451496364,19.47890533533361,5.591735006864447,57.715675,1.9627239196470283,FALSE,,,
RISE::RISE_S009::2025-05-28,RISE,RISE::RISE_S009,2025-05-28,0.2968545067514067,-0.4013686834038195,19.55297898358769,5.665808655118525,57.715675,1.9627239196470283,FALSE,,,
RISE::RISE_S009::2025-05-29,RISE,RISE::RISE_S009,2025-05-29,0.63617888447917,-0.13301664340346853,19.625408908989694,5.73823858052053,57.715675,1.9627239196470283,FALSE,,,
RISE::RISE_S009::2025-05-30,RISE,RISE::RISE_S009,2025-05-30,0.35175193212678657,-0.3450999813011594,19.696082001328467,5.808911672859303,57.715675,1.9627239196470283,FALSE,,,
RISE::RISE_S009::2025-05-31,RISE,RISE::RISE_S009,2025-05-31,0.6707498071505565,-0.11308657526633849,19.76488055811988,5.877710229650717,57.715675,1.9627239196470283,FALSE,,,
RISE::RISE_S009::2025-06-01,RISE,RISE::RISE_S009,2025-06-01,0.02463039948967105,-0.9043760128907451,19.831682472030323,5.944512143561159,57.715675,1.9627239196470283,FALSE,,,
RISE::RISE_S010::2025-06-10,RISE,RISE::RISE_S010,2025-06-10,0.1819573957773856,-0.5498165093282164,20.321251919137108,6.434081590667944,57.715675,1.9627239196470283,FALSE,,,
RISE::RISE_S010::2025-06-11,RISE,RISE::RISE_S010,2025-06-11,0.2446717420531501,-0.46259432080860224,20.360735110441844,6.47356478197268,57.715675,1.9627239196470283,FALSE,,,
RISE::RISE_S010::2025-06-12,RISE,RISE::RISE_S010,2025-06-12,0.010083376643677075,-0.9582782575676357,20.396744766698944,6.50957443822978,57.715675,1.9627239196470283,FALSE,,,
RISE::RISE_S010::2025-06-13,RISE,RISE::RISE_S010,2025-06-13,0.0023729844178787957,-0.9898146358035425,20.429159809152285,6.541989480683121,57.715675,1.9627239196470283,FALSE,,,
RISE::RISE_S010::2025-06-14,RISE,RISE::RISE_S010,2025-06-14,0.21449535667248262,-0.5023857622581561,20.457867281238237,6.570696952769072,57.715675,1.9627239196470283,FALSE,,,
RISE::RISE_S012::2025-06-10,RISE,RISE::RISE_S012,2025-06-10,0,-1,20.321251919137108,6.434081590667944,57.715675,1.9627239196470283,FALSE,,,
RISE::RISE_S012::2025-06-11,RISE,RISE::RISE_S012,2025-06-11,0,-1,20.360735110441844,6.47356478197268,57.715675,1.9627239196470283,FALSE,,,
RISE::RISE_S012::2025-06-12,RISE,RISE::RISE_S012,2025-06-12,0,-1,20.396744766698944,6.50957443822978,57.715675,1.9627239196470283,FALSE,,,
RISE::RISE_S012::2025-06-13,RISE,RISE::RISE_S012,2025-06-13,0,-1,20.429159809152285,6.541989480683121,57.715675,1.9627239196470283,FALSE,,,
RISE::RISE_S012::2025-06-14,RISE,RISE::RISE_S012,2025-06-14,9.759148917266314e-4,-0.9957822032173611,20.457867281238237,6.570696952769072,57.715675,1.9627239196470283,FALSE,,,
RISE::RISE_S012::2025-06-15,RISE,RISE::RISE_S012,2025-06-15,0,-1,20.482763924863605,6.5955935963944405,57.715675,1.9627239196470283,FALSE,,,
RISE::RISE_S012::2025-06-16,RISE,RISE::RISE_S012,2025-06-16,0,-1,20.503757714099354,6.61658738563019,57.715675,1.9627239196470283,FALSE,,,
RISE::RISE_S013::2025-06-24,RISE,RISE::RISE_S013,2025-06-24,1.442116349008732e-4,-0.9993741479946803,20.52484733098083,6.637677002511666,57.715675,1.9627239196470283,FALSE,,,
RISE::RISE_S013::2025-06-25,RISE,RISE::RISE_S013,2025-06-25,0.0030837626182367156,-0.9868097378266545,20.508991887436974,6.6218215589678096,57.715675,1.9627239196470283,FALSE,,,
RISE::RISE_S013::2025-06-26,RISE,RISE::RISE_S013,2025-06-26,3.009946878033132e-4,-0.9986947600475562,20.489147805107965,6.601977476638801,57.715675,1.9627239196470283,FALSE,,,
RISE::RISE_S013::2025-06-27,RISE,RISE::RISE_S013,2025-06-27,9.172847593293121e-4,-0.9960344429533523,20.465393348733585,6.578223020264421,57.715675,1.9627239196470283,FALSE,,,
RISE::RISE_S013::2025-06-28,RISE,RISE::RISE_S013,2025-06-28,5.08074591485122e-4,-0.997799046605088,20.43781963951058,6.550649311041415,57.715675,1.9627239196470283,FALSE,,,
RISE::RISE_S013::2025-06-29,RISE,RISE::RISE_S013,2025-06-29,0,-1,20.406529225375916,6.519358896906752,57.715675,1.9627239196470283,FALSE,,,
RISE::RISE_S014::2025-10-07,RISE,RISE::RISE_S014,2025-10-07,0.002903127927051982,-0.9875714238691305,12.295595754848586,-1.5915745736205782,57.715675,1.9627239196470283,FALSE,,,
RISE::RISE_S014::2025-10-08,RISE,RISE::RISE_S014,2025-10-08,0.12390945353974847,-0.6499275699606053,12.215335908797051,-1.6718344196721127,57.715675,1.9627239196470283,FALSE,,,
RISE::RISE_S014::2025-10-09,RISE,RISE::RISE_S014,2025-10-09,0.00771603200594731,-0.9677196533078868,12.135332807037566,-1.7518375214315984,57.715675,1.9627239196470283,FALSE,,,
RISE::RISE_S014::2025-10-10,RISE,RISE::RISE_S014,2025-10-10,0.2675706461708163,-0.4346591782300321,12.055592330296834,-1.83157799817233,57.715675,1.9627239196470283,FALSE,,,
RISE::RISE_S014::2025-10-11,RISE,RISE::RISE_S014,2025-10-11,0,-1,11.976120831569036,-1.9110494969001284,57.715675,1.9627239196470283,FALSE,,,
RISE::RISE_S014::2025-10-12,RISE,RISE::RISE_S014,2025-10-12,0,-1,11.896925158434444,-1.9902451700347203,57.715675,1.9627239196470283,FALSE,,,
RISE::RISE_S015::2025-10-07,RISE,RISE::RISE_S015,2025-10-07,0.07982004082800553,-0.7451619080644637,12.295595754848586,-1.5915745736205782,57.715675,1.9627239196470283,FALSE,,,
RISE::RISE_S015::2025-10-08,RISE,RISE::RISE_S015,2025-10-08,0.18088903792406527,-0.5514652093992948,12.215335908797051,-1.6718344196721127,57.715675,1.9627239196470283,FALSE,,,
RISE::RISE_S015::2025-10-09,RISE,RISE::RISE_S015,2025-10-09,0.10212054997301706,-0.6943895287104668,12.135332807037566,-1.7518375214315984,57.715675,1.9627239196470283,FALSE,,,
RISE::RISE_S015::2025-10-10,RISE,RISE::RISE_S015,2025-10-10,0.019808869880503843,-0.9215110283777544,12.055592330296834,-1.83157799817233,57.715675,1.9627239196470283,FALSE,,,
RISE::RISE_S015::2025-10-11,RISE,RISE::RISE_S015,2025-10-11,0.018706052407971158,-0.9255271373185913,11.976120831569036,-1.9110494969001284,57.715675,1.9627239196470283,FALSE,,,
RISE::RISE_S015::2025-10-12,RISE,RISE::RISE_S015,2025-10-12,0,-1,11.896925158434444,-1.9902451700347203,57.715675,1.9627239196470283,FALSE,,,
RISE::RISE_S016::2025-10-07,RISE,RISE::RISE_S016,2025-10-07,0.030832703320328864,-0.8832836849390037,12.295595754848586,-1.5915745736205782,57.715675,1.9627239196470283,FALSE,,,
RISE::RISE_S016::2025-10-08,RISE,RISE::RISE_S016,2025-10-08,0.032015466482252786,-0.8793751853516456,12.215335908797051,-1.6718344196721127,57.715675,1.9627239196470283,FALSE,,,
RISE::RISE_S016::2025-10-09,RISE,RISE::RISE_S016,2025-10-09,0.022450235824446274,-0.9120403741394542,12.135332807037566,-1.7518375214315984,57.715675,1.9627239196470283,FALSE,,,
RISE::RISE_S016::2025-10-10,RISE,RISE::RISE_S016,2025-10-10,0.023521398684029166,-0.9082577992839492,12.055592330296834,-1.83157799817233,57.715675,1.9627239196470283,FALSE,,,
RISE::RISE_S016::2025-10-11,RISE,RISE::RISE_S016,2025-10-11,0.027580214773617634,-0.8942166710763054,11.976120831569036,-1.9110494969001284,57.715675,1.9627239196470283,FALSE,,,
RISE::RISE_S016::2025-10-12,RISE,RISE::RISE_S016,2025-10-12,0.022888385293991703,-0.9104891621997574,11.896925158434444,-1.9902451700347203,57.715675,1.9627239196470283,FALSE,,,
RISE::RISE_S017::2025-10-14,RISE,RISE::RISE_S017,2025-10-14,0.027539532716206988,-0.894355178529135,11.73939129365815,-2.1477790348110144,57.715675,1.9627239196470283,FALSE,,,
RISE::RISE_S017::2025-10-15,RISE,RISE::RISE_S017,2025-10-15,0.0635488870656411,-0.7863524068608909,11.661069481571515,-2.2261008468976495,57.715675,1.9627239196470283,FALSE,,,
RISE::RISE_S017::2025-10-16,RISE,RISE::RISE_S017,2025-10-16,0.0060318006278058806,-0.9745638633585795,11.58305630173948,-2.3041140267296836,57.715675,1.9627239196470283,FALSE,,,
RISE::RISE_S017::2025-10-17,RISE,RISE::RISE_S017,2025-10-17,0.0617502845933256,-0.7911549465343646,11.50536142786344,-2.3818089006057246,57.715675,1.9627239196470283,FALSE,,,
RISE::RISE_S017::2025-10-18,RISE,RISE::RISE_S017,2025-10-18,0.005056437793555593,-0.9785773291452288,11.42799517068598,-2.459175157783184,57.715675,1.9627239196470283,FALSE,,,
RISE::RISE_S017::2025-10-19,RISE,RISE::RISE_S017,2025-10-19,0.015361083155396985,-0.9379406749009677,11.350968501501614,-2.5362018269675506,57.715675,1.9627239196470283,FALSE,,,
THUAS::THUAS_S001::2025-02-22,THUAS,THUAS::THUAS_S001,2025-02-22,0,-1,11.59127261598905,-2.295897712480114,52.0116,1.3923164196470283,FALSE,,,
THUAS::THUAS_S001::2025-02-23,THUAS,THUAS::THUAS_S001,2025-02-23,0.047456479693852666,-0.8313361384498996,11.654367930557992,-2.232802397911172,52.0116,1.3923164196470283,FALSE,,,
THUAS::THUAS_S001::2025-02-24,THUAS,THUAS::THUAS_S001,2025-02-24,0.044825720934047325,-0.8391543009307573,11.717774412168398,-2.1693959163007666,52.0116,1.3923164196470283,FALSE,,,
THUAS::THUAS_S001::2025-02-25,THUAS,THUAS::THUAS_S001,2025-02-25,0.02257320263832943,-0.9116044663459372,11.781480873823165,-2.105689454645999,52.0116,1.3923164196470283,FALSE,,,
THUAS::THUAS_S001::2025-02-26,THUAS,THUAS::THUAS_S001,2025-02-26,0.047503328627276686,-0.8311981790882089,11.845476604236497,-2.041693724232667,52.0116,1.3923164196470283,FALSE,,,
THUAS::THUAS_S001::2025-02-27,THUAS,THUAS::THUAS_S001,2025-02-27,0.030949801559014167,-0.8828951553669692,11.909751350416078,-1.9774189780530858,52.0116,1.3923164196470283,FALSE,,,
THUAS::THUAS_S001::2025-02-28,THUAS,THUAS::THUAS_S001,2025-02-28,0.02240245641027465,-0.9122098665472957,11.974295300576422,-1.912875027892742,52.0116,1.3923164196470283,FALSE,,,
THUAS::THUAS_S001::2025-03-02,THUAS,THUAS::THUAS_S001,2025-03-02,5.977741393276698e-4,-0.9974116285216613,12.10415366133054,-1.7830166671386234,52.0116,1.3923164196470283,FALSE,,,
THUAS::THUAS_S002::2025-03-04,THUAS,THUAS::THUAS_S002,2025-03-04,0.0730508580208756,-0.7618262430453355,12.234981320500374,-1.65218900796879,52.0116,1.3923164196470283,FALSE,,,
THUAS::THUAS_S002::2025-03-05,THUAS,THUAS::THUAS_S002,2025-03-05,0.05361562433169023,-0.8135646097215434,12.300738272799386,-1.5864320556697784,52.0116,1.3923164196470283,FALSE,,,
THUAS::THUAS_S002::2025-03-06,THUAS,THUAS::THUAS_S002,2025-03-06,0,-1,12.366713795595698,-1.5204565328734656,52.0116,1.3923164196470283,FALSE,,,
THUAS::THUAS_S002::2025-03-07,THUAS,THUAS::THUAS_S002,2025-03-07,0.01017314851692823,-0.9579242391673769,12.432900649176704,-1.4542696792924605,52.0116,1.3923164196470283,FALSE,,,
THUAS::THUAS_S002::2025-03-08,THUAS,THUAS::THUAS_S002,2025-03-08,0,-1,12.499291886356142,-1.3878784421130224,52.0116,1.3923164196470283,FALSE,,,
THUAS::THUAS_S002::2025-03-09,THUAS,THUAS::THUAS_S002,2025-03-09,0,-1,12.565880832738346,-1.3212894957308183,52.0116,1.3923164196470283,FALSE,,,
THUAS::THUAS_S003::2025-03-18,THUAS,THUAS::THUAS_S003,2025-03-18,6.204101268227624e-4,-0.9973139168308529,13.173087510267893,-0.7140828182012715,52.0116,1.3923164196470283,FALSE,,,
THUAS::THUAS_S003::2025-03-19,THUAS,THUAS::THUAS_S003,2025-03-19,0.05955099339263059,-0.7971004874679966,13.241332811580763,-0.6458375168884007,52.0116,1.3923164196470283,FALSE,,,
THUAS::THUAS_S003::2025-03-20,THUAS,THUAS::THUAS_S003,2025-03-20,0.2359804627830769,-0.47368597603930684,13.309714924295744,-0.5774554041734206,52.0116,1.3923164196470283,FALSE,,,
THUAS::THUAS_S003::2025-03-21,THUAS,THUAS::THUAS_S003,2025-03-21,0.34923509856168744,-0.34752631982781285,13.378228944804933,-0.5089413836642311,52.0116,1.3923164196470283,FALSE,,,
THUAS::THUAS_S003::2025-03-22,THUAS,THUAS::THUAS_S003,2025-03-22,0,-1,13.446869988971287,-0.4403003394978775,52.0116,1.3923164196470283,FALSE,,,
THUAS::THUAS_S003::2025-03-23,THUAS,THUAS::THUAS_S003,2025-03-23,0.008963612769445406,-0.9627185058367281,13.515633172988892,-0.3715371554802722,52.0116,1.3923164196470283,FALSE,,,
THUAS::THUAS_S005::2025-03-25,THUAS,THUAS::THUAS_S005,2025-03-25,0.029979008079950104,-0.8861267816253554,13.653506302436194,-0.23366402603297054,52.0116,1.3923164196470283,FALSE,,,
THUAS::THUAS_S005::2025-03-26,THUAS,THUAS::THUAS_S005,2025-03-26,0.06025376033842572,-0.7951917710130886,13.72260629620817,-0.16456403226099425,52.0116,1.3923164196470283,FALSE,,,
THUAS::THUAS_S005::2025-03-27,THUAS,THUAS::THUAS_S005,2025-03-27,0.09842464191149936,-0.7024043947743751,13.791808485322528,-0.09536184314663565,52.0116,1.3923164196470283,FALSE,,,
THUAS::THUAS_S005::2025-03-28,THUAS,THUAS::THUAS_S005,2025-03-28,0.08567980285438148,-0.7312353336642655,13.861107677883572,-0.026062650585592095,52.0116,1.3923164196470283,FALSE,,,
THUAS::THUAS_S005::2025-03-29,THUAS,THUAS::THUAS_S005,2025-03-29,0.014399371966059449,-0.9415763597425008,13.930498557686805,0.04332822921764112,52.0116,1.3923164196470283,FALSE,,,
THUAS::THUAS_S005::2025-03-30,THUAS,THUAS::THUAS_S005,2025-03-30,0.020122547823574158,-0.9203754649014245,13.9999756623639,0.11280533389473568,52.0116,1.3923164196470283,FALSE,,,
THUAS::THUAS_S006::2025-04-01,THUAS,THUAS::THUAS_S006,2025-04-01,0.03606157449415287,-0.8662645077237833,14.13916583571169,0.2519955072425262,52.0116,1.3923164196470283,FALSE,,,
THUAS::THUAS_S006::2025-04-02,THUAS,THUAS::THUAS_S006,2025-04-02,0.006428015913073917,-0.9729440341191368,14.208867051866319,0.3216967233971548,52.0116,1.3923164196470283,FALSE,,,
THUAS::THUAS_S006::2025-04-03,THUAS,THUAS::THUAS_S006,2025-04-03,0.010210683741064444,-0.957776303262007,14.27863074236446,0.3914604138952953,52.0116,1.3923164196470283,FALSE,,,
THUAS::THUAS_S006::2025-04-05,THUAS,THUAS::THUAS_S006,2025-04-05,0.08838395201148505,-0.7249560964991352,14.418319160474672,0.531148832005508,52.0116,1.3923164196470283,FALSE,,,
THUAS::THUAS_S006::2025-04-06,THUAS,THUAS::THUAS_S006,2025-04-06,0.1687001596095359,-0.5707320755931802,14.488229966627227,0.6010596381580626,52.0116,1.3923164196470283,FALSE,,,
THUAS::THUAS_S007::2025-04-08,THUAS,THUAS::THUAS_S007,2025-04-08,0.1945448112399634,-0.5308486234786595,14.628147530357042,0.740977201887878,52.0116,1.3923164196470283,FALSE,,,
THUAS::THUAS_S007::2025-04-09,THUAS,THUAS::THUAS_S007,2025-04-09,0.16754855098479263,-0.5725973967772348,14.698138311372864,0.8109679829036995,52.0116,1.3923164196470283,FALSE,,,
THUAS::THUAS_S007::2025-04-10,THUAS,THUAS::THUAS_S007,2025-04-10,0.11462303469930377,-0.6683236686424678,14.76813911543952,0.8809687869703566,52.0116,1.3923164196470283,FALSE,,,
THUAS::THUAS_S007::2025-04-11,THUAS,THUAS::THUAS_S007,2025-04-11,0,-1,14.838140927619405,0.9509705991502404,52.0116,1.3923164196470283,FALSE,,,
THUAS::THUAS_S007::2025-04-12,THUAS,THUAS::THUAS_S007,2025-04-12,0.11258382807049908,-0.6724697767218596,14.908134275078773,1.0209639466096085,52.0116,1.3923164196470283,FALSE,,,
THUAS::THUAS_S007::2025-04-13,THUAS,THUAS::THUAS_S007,2025-04-13,0.10507674998534666,-0.6880835737877836,14.978109200398126,1.0909388719289623,52.0116,1.3923164196470283,FALSE,,,
THUAS::THUAS_S010::2025-06-03,THUAS,THUAS::THUAS_S010,2025-06-03,0.47037313272006076,-0.24384094000442624,18.042194473081164,4.155024144612,52.0116,1.3923164196470283,FALSE,,,
THUAS::THUAS_S010::2025-06-05,THUAS,THUAS::THUAS_S010,2025-06-05,0.18806364260601324,-0.5405115518965512,18.110051562454967,4.222881233985802,52.0116,1.3923164196470283,FALSE,,,
THUAS::THUAS_S010::2025-06-06,THUAS,THUAS::THUAS_S010,2025-06-06,0.02164453179997987,-0.9149074088249871,18.14129734608862,4.2541270176194566,52.0116,1.3923164196470283,FALSE,,,
THUAS::THUAS_S010::2025-06-07,THUAS,THUAS::THUAS_S010,2025-06-07,0.10291528321468396,-0.6926852414543938,18.170695600642098,4.283525272172934,52.0116,1.3923164196470283,FALSE,,,
THUAS::THUAS_S010::2025-06-08,THUAS,THUAS::THUAS_S010,2025-06-08,0.006555125286696287,-0.9724256559432362,18.198204170399244,4.3110338419300795,52.0116,1.3923164196470283,FALSE,,,
THUAS::THUAS_S010::2025-06-09,THUAS,THUAS::THUAS_S010,2025-06-09,0.30357814070552125,-0.3940723648039674,18.223782843152684,4.3366125146835195,52.0116,1.3923164196470283,FALSE,,,
THUAS::THUAS_S011::2025-05-13,THUAS,THUAS::THUAS_S011,2025-05-13,0.060867464999526305,-0.793531781879415,16.991607664691077,3.1044373362219133,52.0116,1.3923164196470283,FALSE,,,
THUAS::THUAS_S011::2025-05-14,THUAS,THUAS::THUAS_S011,2025-05-14,0.011376719303003005,-0.953205578775103,17.05210279080603,3.164932462336864,52.0116,1.3923164196470283,FALSE,,,
THUAS::THUAS_S011::2025-05-15,THUAS,THUAS::THUAS_S011,2025-05-15,0.057026902916204075,-0.804025934933923,17.111836332347657,3.224666003878493,52.0116,1.3923164196470283,FALSE,,,
THUAS::THUAS_S011::2025-05-16,THUAS,THUAS::THUAS_S011,2025-05-16,0.005679958555185535,-0.9760073657120166,17.170767495963307,3.2835971674941433,52.0116,1.3923164196470283,FALSE,,,
THUAS::THUAS_S011::2025-05-17,THUAS,THUAS::THUAS_S011,2025-05-17,0.02519432420226128,-0.9024153598117971,17.22885436197122,3.3416840335020552,52.0116,1.3923164196470283,FALSE,,,
THUAS::THUAS_S011::2025-05-18,THUAS,THUAS::THUAS_S011,2025-05-18,0.026171010820012358,-0.8990404175730264,17.286053916414577,3.398883587945413,52.0116,1.3923164196470283,FALSE,,,
THUAS::THUAS_S014::2025-07-08,THUAS,THUAS::THUAS_S014,2025-07-08,0.0067514718687393255,-0.9716261282929638,18.05177746653557,4.164607138066405,52.0116,1.3923164196470283,FALSE,,,
THUAS::THUAS_S014::2025-07-09,THUAS,THUAS::THUAS_S014,2025-07-09,0,-1,18.01588496943315,4.1287146409639846,52.0116,1.3923164196470283,FALSE,,,
THUAS::THUAS_S014::2025-07-10,THUAS,THUAS::THUAS_S014,2025-07-10,0.14541800849403116,-0.6100935724051415,17.978340305818453,4.0911699773492884,52.0116,1.3923164196470283,FALSE,,,
THUAS::THUAS_S014::2025-07-11,THUAS,THUAS::THUAS_S014,2025-07-11,0.006566662593083097,-0.9723786350491778,17.939192422562176,4.052022094093012,52.0116,1.3923164196470283,FALSE,,,
THUAS::THUAS_S014::2025-07-12,THUAS,THUAS::THUAS_S014,2025-07-12,0.001304036613214113,-0.994373249171635,17.898490925100116,4.011320596630952,52.0116,1.3923164196470283,FALSE,,,
THUAS::THUAS_S014::2025-07-13,THUAS,THUAS::THUAS_S014,2025-07-13,0.04333597114108431,-0.8436448067576846,17.856285890539485,3.9691155620703213,52.0116,1.3923164196470283,FALSE,,,
THUAS::THUAS_S015::2025-07-08,THUAS,THUAS::THUAS_S015,2025-07-08,0.032995898811470664,-0.8761617511457673,18.05177746653557,4.164607138066405,52.0116,1.3923164196470283,FALSE,,,
THUAS::THUAS_S015::2025-07-09,THUAS,THUAS::THUAS_S015,2025-07-09,0,-1,18.01588496943315,4.1287146409639846,52.0116,1.3923164196470283,FALSE,,,
THUAS::THUAS_S015::2025-07-10,THUAS,THUAS::THUAS_S015,2025-07-10,0.09278020801993656,-0.714937555438104,17.978340305818453,4.0911699773492884,52.0116,1.3923164196470283,FALSE,,,
THUAS::THUAS_S015::2025-07-11,THUAS,THUAS::THUAS_S015,2025-07-11,0.001381994370218631,-0.9940391696576807,17.939192422562176,4.052022094093012,52.0116,1.3923164196470283,FALSE,,,
THUAS::THUAS_S015::2025-07-12,THUAS,THUAS::THUAS_S015,2025-07-12,0.039402240940874494,-0.8557302447427904,17.898490925100116,4.011320596630952,52.0116,1.3923164196470283,FALSE,,,
THUAS::THUAS_S015::2025-07-13,THUAS,THUAS::THUAS_S015,2025-07-13,0.007432780504152539,-0.9688631840005055,17.856285890539485,3.9691155620703213,52.0116,1.3923164196470283,FALSE,,,
THUAS::THUAS_S016::2025-07-08,THUAS,THUAS::THUAS_S016,2025-07-08,0.44919759519405655,-0.26027137310359616,18.05177746653557,4.164607138066405,52.0116,1.3923164196470283,FALSE,,,
THUAS::THUAS_S016::2025-07-09,THUAS,THUAS::THUAS_S016,2025-07-09,1.4939386551343066,0.2024716029764495,18.01588496943315,4.1287146409639846,52.0116,1.3923164196470283,FALSE,,,
THUAS::THUAS_S016::2025-07-10,THUAS,THUAS::THUAS_S016,2025-07-10,0.6371236915983851,-0.13245963009031916,17.978340305818453,4.0911699773492884,52.0116,1.3923164196470283,FALSE,,,
THUAS::THUAS_S016::2025-07-11,THUAS,THUAS::THUAS_S016,2025-07-11,0.32608564531834405,-0.370503096787683,17.939192422562176,4.052022094093012,52.0116,1.3923164196470283,FALSE,,,
THUAS::THUAS_S016::2025-07-12,THUAS,THUAS::THUAS_S016,2025-07-12,0.28228929876319786,-0.41760785880320456,17.898490925100116,4.011320596630952,52.0116,1.3923164196470283,FALSE,,,
THUAS::THUAS_S016::2025-07-13,THUAS,THUAS::THUAS_S016,2025-07-13,0.4385732184457175,-0.2687552464878679,17.856285890539485,3.9691155620703213,52.0116,1.3923164196470283,FALSE,,,
THUAS::THUAS_S017::2025-09-09,THUAS,THUAS::THUAS_S017,2025-09-09,0.13147453229045178,-0.6354967847503891,14.2053072239293,0.31813689546013535,52.0116,1.3923164196470283,FALSE,,,
THUAS::THUAS_S017::2025-09-10,THUAS,THUAS::THUAS_S017,2025-09-10,0.16685222880156472,-0.5737291655335115,14.136658898790678,0.24948857032151395,52.0116,1.3923164196470283,FALSE,,,
THUAS::THUAS_S017::2025-09-11,THUAS,THUAS::THUAS_S017,2025-09-11,0.21247751034143061,-0.5051812342753897,14.068081025481224,0.18091069701205953,52.0116,1.3923164196470283,FALSE,,,
THUAS::THUAS_S017::2025-09-12,THUAS,THUAS::THUAS_S017,2025-09-12,0.04973433456954962,-0.8246786031014577,13.99957904915015,0.1124087206809854,52.0116,1.3923164196470283,FALSE,,,
THUAS::THUAS_S017::2025-09-13,THUAS,THUAS::THUAS_S017,2025-09-13,0.18055187312132462,-0.5519868273578166,13.931158213880327,0.04398788541116261,52.0116,1.3923164196470283,FALSE,,,
THUAS::THUAS_S017::2025-09-14,THUAS,THUAS::THUAS_S017,2025-09-14,0.42147557374511546,-0.2827660293969005,13.862823584808243,-0.024346743660920822,52.0116,1.3923164196470283,FALSE,,,
THUAS::THUAS_S018::2025-09-23,THUAS,THUAS::THUAS_S018,2025-09-23,0.2206748568312005,-0.4939350904848443,13.252464475962851,-0.634705852506313,52.0116,1.3923164196470283,FALSE,,,
THUAS::THUAS_S018::2025-09-24,THUAS,THUAS::THUAS_S018,2025-09-24,0.04271965879339823,-0.845516201254958,13.185245578487715,-0.7019247499814494,52.0116,1.3923164196470283,FALSE,,,
THUAS::THUAS_S018::2025-09-25,THUAS,THUAS::THUAS_S018,2025-09-25,0.13870774858074642,-0.6221334833340807,13.118162540859647,-0.7690077876095174,52.0116,1.3923164196470283,FALSE,,,
THUAS::THUAS_S018::2025-09-26,THUAS,THUAS::THUAS_S018,2025-09-26,0.08083462935988639,-0.7427183996359796,13.05121983177132,-0.8359504966978442,52.0116,1.3923164196470283,FALSE,,,
THUAS::THUAS_S018::2025-09-27,THUAS,THUAS::THUAS_S018,2025-09-27,0.04250324444039358,-0.846175247750071,12.984421993957625,-0.9027483345115392,52.0116,1.3923164196470283,FALSE,,,
THUAS::THUAS_S018::2025-09-28,THUAS,THUAS::THUAS_S018,2025-09-28,0.03436836410949823,-0.8717029701954971,12.917773662938012,-0.9693966655311517,52.0116,1.3923164196470283,FALSE,,,
THUAS::THUAS_S018::2025-09-29,THUAS,THUAS::THUAS_S018,2025-09-29,0.11383462665685817,-0.6699219672827375,12.85127958536148,-1.035890743107684,52.0116,1.3923164196470283,FALSE,,,
THUAS::THUAS_S019::2025-09-30,THUAS,THUAS::THUAS_S019,2025-09-30,0.03237716496849538,-0.8781869241370935,12.784944637285339,-1.1022256911838255,52.0116,1.3923164196470283,FALSE,,,
THUAS::THUAS_S019::2025-10-01,THUAS,THUAS::THUAS_S019,2025-10-01,3.869925072667729e-4,-0.9983225565962512,12.718773842520184,-1.1683964859489802,52.0116,1.3923164196470283,FALSE,,,
THUAS::THUAS_S019::2025-10-02,THUAS,THUAS::THUAS_S019,2025-10-02,0,-1,12.652772391173574,-1.23439793729559,52.0116,1.3923164196470283,FALSE,,,
THUAS::THUAS_S019::2025-10-03,THUAS,THUAS::THUAS_S019,2025-10-03,0.04636895466620486,-0.8345510287894424,12.586945657730103,-1.3002246707390608,52.0116,1.3923164196470283,FALSE,,,
THUAS::THUAS_S019::2025-10-04,THUAS,THUAS::THUAS_S019,2025-10-04,0.0037190682099515343,-0.9841413934944145,12.521299219065241,-1.3658711094039226,52.0116,1.3923164196470283,FALSE,,,
THUAS::THUAS_S019::2025-10-05,THUAS,THUAS::THUAS_S019,2025-10-05,0,-1,12.455838873253928,-1.4313314552152363,52.0116,1.3923164196470283,FALSE,,,
THUAS::THUAS_S019::2025-10-06,THUAS,THUAS::THUAS_S019,2025-10-06,0,-1,12.390570657451947,-1.4965996710172167,52.0116,1.3923164196470283,FALSE,,,
THUAS::THUAS_S020::2025-10-07,THUAS,THUAS::THUAS_S020,2025-10-07,0.4229071872605469,-0.2815753888336759,12.325500866307152,-1.561669462162012,52.0116,1.3923164196470283,FALSE,,,
THUAS::THUAS_S020::2025-10-08,THUAS,THUAS::THUAS_S020,2025-10-08,0.6489162821622161,-0.12556672732999513,12.260636069840855,-1.6265342586283094,52.0116,1.3923164196470283,FALSE,,,
THUAS::THUAS_S020::2025-10-09,THUAS,THUAS::THUAS_S020,2025-10-09,0.7945084991462187,-0.048415528640746816,12.195983132190175,-1.6911871962789888,52.0116,1.3923164196470283,FALSE,,,
THUAS::THUAS_S020::2025-10-10,THUAS,THUAS::THUAS_S020,2025-10-10,0.3162232354185285,-0.38067367921236905,12.131549229489432,-1.7556210989797325,52.0116,1.3923164196470283,FALSE,,,
THUAS::THUAS_S020::2025-10-11,THUAS,THUAS::THUAS_S020,2025-10-11,0.8082079663387643,-0.04181469300784147,12.067341867884,-1.819828460585164,52.0116,1.3923164196470283,FALSE,,,
THUAS::THUAS_S020::2025-10-12,THUAS,THUAS::THUAS_S020,2025-10-12,0.8982541105506975,-7.588928182629351e-4,12.003368901809056,-1.8838014266601082,52.0116,1.3923164196470283,FALSE,,,
THUAS::THUAS_S020::2025-10-13,THUAS,THUAS::THUAS_S020,2025-10-13,0.3219905668683394,-0.3746972571018716,11.939638552069663,-1.9475317763995008,52.0116,1.3923164196470283,FALSE,,,
TUM::TUM_S001::2024-05-14,TUM,TUM::TUM_S001,2024-05-14,0.0808040743633277,-0.7427917870599194,16.407798154950143,2.520627826480979,48.1333,1.0044864196470282,FALSE,,,
TUM::TUM_S001::2024-05-15,TUM,TUM::TUM_S001,2024-05-15,0.4709373452534573,-0.24341154867828874,16.456689239475462,2.5695189110062984,48.1333,1.0044864196470282,FALSE,,,
TUM::TUM_S001::2024-05-16,TUM,TUM::TUM_S001,2024-05-16,0.2870272191891784,-0.4122584904643743,16.50482180317243,2.6176514747032655,48.1333,1.0044864196470282,FALSE,,,
TUM::TUM_S001::2024-05-17,TUM,TUM::TUM_S001,2024-05-17,0.7031020698807383,-0.09522925476004121,16.552163121700286,2.6649927932311215,48.1333,1.0044864196470282,FALSE,,,
TUM::TUM_S001::2024-05-18,TUM,TUM::TUM_S001,2024-05-18,0.33144643251906025,-0.3650731176904409,16.598679932951928,2.711509604482764,48.1333,1.0044864196470282,FALSE,,,
TUM::TUM_S001::2024-05-19,TUM,TUM::TUM_S001,2024-05-19,2.9288172739145057,0.48127307348988735,16.64433848268456,2.757168154215396,48.1333,1.0044864196470282,FALSE,,,
TUM::TUM_S002::2024-05-28,TUM,TUM::TUM_S002,2024-05-28,0.0911296306860413,-0.7186719793714731,17.01090464512507,3.1237343166559057,48.1333,1.0044864196470282,FALSE,,,
TUM::TUM_S002::2024-05-29,TUM,TUM::TUM_S002,2024-05-29,0.11883243092923981,-0.659888315200149,17.046058657566707,3.158888329097543,48.1333,1.0044864196470282,FALSE,,,
TUM::TUM_S002::2024-05-30,TUM,TUM::TUM_S002,2024-05-30,0.06835138685290762,-0.7737833016098151,17.079968775775697,3.192798447306533,48.1333,1.0044864196470282,FALSE,,,
TUM::TUM_S002::2024-05-31,TUM,TUM::TUM_S002,2024-05-31,0,-1,17.11260074065791,3.2254304121887465,48.1333,1.0044864196470282,FALSE,,,
TUM::TUM_S002::2024-06-01,TUM,TUM::TUM_S002,2024-06-01,0,-1,17.143920845124455,3.2567505166552912,48.1333,1.0044864196470282,FALSE,,,
TUM::TUM_S002::2024-06-02,TUM,TUM::TUM_S002,2024-06-02,0,-1,17.17389604330063,3.2867257148314657,48.1333,1.0044864196470282,FALSE,,,
TUM::TUM_S003::2024-06-04,TUM,TUM::TUM_S003,2024-06-04,0.26817146241527834,-0.43394987741779406,17.229683514038722,3.3425131855695582,48.1333,1.0044864196470282,FALSE,,,
TUM::TUM_S003::2024-06-05,TUM,TUM::TUM_S003,2024-06-05,0.05896219198886776,-0.7987061572085954,17.255434011883207,3.3682636834140425,48.1333,1.0044864196470282,FALSE,,,
TUM::TUM_S003::2024-06-06,TUM,TUM::TUM_S003,2024-06-06,0.16068513906947982,-0.5838837260394969,17.279716282222005,3.3925459537528404,48.1333,1.0044864196470282,FALSE,,,
TUM::TUM_S003::2024-06-07,TUM,TUM::TUM_S003,2024-06-07,0.3699095087263231,-0.32798576684001857,17.30250227868557,3.4153319502164052,48.1333,1.0044864196470282,FALSE,,,
TUM::TUM_S003::2024-06-08,TUM,TUM::TUM_S003,2024-06-08,0.3738431851129582,-0.3243653610856405,17.323765294618077,3.4365949661489132,48.1333,1.0044864196470282,FALSE,,,
TUM::TUM_S003::2024-06-09,TUM,TUM::TUM_S003,2024-06-09,0.510069430790659,-0.2146207359837535,17.343480072021485,3.456309743552321,48.1333,1.0044864196470282,FALSE,,,
TUM::TUM_S004::2024-06-11,TUM,TUM::TUM_S004,2024-06-11,0.03673321959074402,-0.8641259599583981,17.378171757062276,3.491001428593112,48.1333,1.0044864196470282,FALSE,,,
TUM::TUM_S004::2024-06-12,TUM,TUM::TUM_S004,2024-06-12,0.2716790492954446,-0.42983191840875146,17.393106327851612,3.505935999382448,48.1333,1.0044864196470282,FALSE,,,
TUM::TUM_S004::2024-06-13,TUM,TUM::TUM_S004,2024-06-13,0.2198639297906849,-0.4950347313947582,17.4064081744353,3.519237845966135,48.1333,1.0044864196470282,FALSE,,,
TUM::TUM_S004::2024-06-14,TUM,TUM::TUM_S004,2024-06-14,1.2894804796677317e-4,-0.9994403464967947,17.4180607806974,3.5308904522282347,48.1333,1.0044864196470282,FALSE,,,
TUM::TUM_S004::2024-06-15,TUM,TUM::TUM_S004,2024-06-15,0.11592223852998942,-0.6657026259682935,17.428049636880555,3.540879308411391,48.1333,1.0044864196470282,FALSE,,,
TUM::TUM_S004::2024-06-16,TUM,TUM::TUM_S004,2024-06-16,0.009121891946117372,-0.9620881128613881,17.436362307866414,3.54919197939725,48.1333,1.0044864196470282,FALSE,,,
TUM::TUM_S005::2024-06-18,TUM,TUM::TUM_S005,2024-06-18,0.006855403158236503,-0.9712035127841527,17.447920072807207,3.560749744338043,48.1333,1.0044864196470282,FALSE,,,
TUM::TUM_S005::2024-06-19,TUM,TUM::TUM_S005,2024-06-19,0,-1,17.451151154239973,3.563980825770809,48.1333,1.0044864196470282,FALSE,,,
TUM::TUM_S005::2024-06-20,TUM,TUM::TUM_S005,2024-06-20,0,-1,17.452678093645307,3.565507765176143,48.1333,1.0044864196470282,FALSE,,,
TUM::TUM_S005::2024-06-21,TUM,TUM::TUM_S005,2024-06-21,0,-1,17.452499517268606,3.565329188799442,48.1333,1.0044864196470282,FALSE,,,
TUM::TUM_S005::2024-06-22,TUM,TUM::TUM_S005,2024-06-22,3.2128755671545495e-4,-0.9986069025980049,17.450616327722866,3.5634459992537018,48.1333,1.0044864196470282,FALSE,,,
TUM::TUM_S005::2024-06-23,TUM,TUM::TUM_S005,2024-06-23,0.025614726867248194,-0.90095944163186,17.447031699485247,3.5598613710160834,48.1333,1.0044864196470282,FALSE,,,
TUM::TUM_S006::2024-06-25,TUM,TUM::TUM_S006,2024-06-25,0.16193737998134902,-0.5818025208140147,17.434782080054283,3.5476117515851193,48.1333,1.0044864196470282,FALSE,,,
TUM::TUM_S006::2024-06-26,TUM,TUM::TUM_S006,2024-06-26,0.15396057027226775,-0.5952337063818208,17.42613460249371,3.538964274024547,48.1333,1.0044864196470282,FALSE,,,
TUM::TUM_S006::2024-06-27,TUM,TUM::TUM_S006,2024-06-27,0.16078159078159646,-0.5837230697812078,17.415820629066893,3.5286503005977288,48.1333,1.0044864196470282,FALSE,,,
TUM::TUM_S006::2024-06-28,TUM,TUM::TUM_S006,2024-06-28,0.32953745706473714,-0.3669989582885758,17.403854245874616,3.5166839174054516,48.1333,1.0044864196470282,FALSE,,,
TUM::TUM_S006::2024-06-29,TUM,TUM::TUM_S006,2024-06-29,0.6181554135046824,-0.1437815614349048,17.390251560144954,3.5030812316757896,48.1333,1.0044864196470282,FALSE,,,
TUM::TUM_S006::2024-06-30,TUM,TUM::TUM_S006,2024-06-30,0.40174421505515556,-0.29951762608334165,17.375030625594988,3.487860297125824,48.1333,1.0044864196470282,FALSE,,,
TUM::TUM_S007::2024-07-02,TUM,TUM::TUM_S007,2024-07-02,0.2008217319696576,-0.5216907926363056,17.339815451171663,3.4526451227024992,48.1333,1.0044864196470282,FALSE,,,
TUM::TUM_S007::2024-07-03,TUM,TUM::TUM_S007,2024-07-03,0.008297544111117744,-0.9653813918611355,17.319866269760663,3.432695941291499,48.1333,1.0044864196470282,FALSE,,,
TUM::TUM_S007::2024-07-04,TUM,TUM::TUM_S007,2024-07-04,0.09563143004727048,-0.708561370409644,17.298388759096465,3.411218430627301,48.1333,1.0044864196470282,FALSE,,,
TUM::TUM_S007::2024-07-05,TUM,TUM::TUM_S007,2024-07-05,0.05194662349240889,-0.8183089462250894,17.275409334103266,3.3882390056341016,48.1333,1.0044864196470282,FALSE,,,
TUM::TUM_S007::2024-07-06,TUM,TUM::TUM_S007,2024-07-06,0.20539711233107275,-0.5151350737125042,17.250955771075354,3.36378544260619,48.1333,1.0044864196470282,FALSE,,,
TUM::TUM_S007::2024-07-07,TUM,TUM::TUM_S007,2024-07-07,0.23288246814991545,-0.47770907713605665,17.225057096150188,3.3378867676810238,48.1333,1.0044864196470282,FALSE,,,
TUM::TUM_S008::2024-07-09,TUM,TUM::TUM_S008,2024-07-09,0.4937702957789474,-0.22638153240849407,17.169046083688738,3.2818757552195734,48.1333,1.0044864196470282,FALSE,,,
TUM::TUM_S008::2024-07-10,TUM,TUM::TUM_S008,2024-07-10,0.5671853059953641,-0.17575352711162898,17.138997023701666,3.251826695232502,48.1333,1.0044864196470282,FALSE,,,
TUM::TUM_S008::2024-07-11,TUM,TUM::TUM_S008,2024-07-11,0.4990495242562599,-0.22253727239844018,17.10762917962339,3.220458851154227,48.1333,1.0044864196470282,FALSE,,,
TUM::TUM_S008::2024-07-12,TUM,TUM::TUM_S008,2024-07-12,0.8378918733503352,-0.027847227200956684,17.074976120856075,3.1878057923869108,48.1333,1.0044864196470282,FALSE,,,
TUM::TUM_S008::2024-07-13,TUM,TUM::TUM_S008,2024-07-13,1.557015663151202,0.2193266136625388,17.041071989602514,3.15390166113335,48.1333,1.0044864196470282,FALSE,,,
TUM::TUM_S008::2024-07-14,TUM,TUM::TUM_S008,2024-07-14,0.08775406151602946,-0.7264106595172893,17.005951392915513,3.118781064446349,48.1333,1.0044864196470282,FALSE,,,
TUM::TUM_S009::2024-07-16,TUM,TUM::TUM_S009,2024-07-16,1.1802261058115946,0.10728667889345743,16.932200935615434,3.04503060714627,48.1333,1.0044864196470282,FALSE,,,
TUM::TUM_S009::2024-07-17,TUM,TUM::TUM_S009,2024-07-17,0.22472176053401585,-0.4884886070833073,16.89364169617494,3.0064713677057746,48.1333,1.0044864196470282,FALSE,,,
TUM::TUM_S009::2024-07-18,TUM,TUM::TUM_S009,2024-07-18,0.7362716976990513,-0.07765260098050789,16.85400704509682,2.9668367166276575,48.1333,1.0044864196470282,FALSE,,,
TUM::TUM_S009::2024-07-19,TUM,TUM::TUM_S009,2024-07-19,0.58599801681197,-0.16367713981637222,16.813332432177333,2.926162103708169,48.1333,1.0044864196470282,FALSE,,,
TUM::TUM_S009::2024-07-20,TUM,TUM::TUM_S009,2024-07-20,0.24063863939754696,-0.46770609059139595,16.77165320912997,2.884482880660805,48.1333,1.0044864196470282,FALSE,,,
TUM::TUM_S009::2024-07-21,TUM,TUM::TUM_S009,2024-07-21,0.2758527519107755,-0.42498226559803987,16.729004553026623,2.8418342245574593,48.1333,1.0044864196470282,FALSE,,,
TUM::TUM_S010::2024-07-23,TUM,TUM::TUM_S010,2024-07-23,0.03507092833607828,-0.8694381152403713,16.640938344730273,2.753768016261109,48.1333,1.0044864196470282,FALSE,,,
TUM::TUM_S010::2024-07-24,TUM,TUM::TUM_S010,2024-07-24,0,-1,16.595589646233453,2.708419317764289,48.1333,1.0044864196470282,FALSE,,,
TUM::TUM_S010::2024-07-25,TUM,TUM::TUM_S010,2024-07-25,0,-1,16.54940910299619,2.662238774527026,48.1333,1.0044864196470282,FALSE,,,
TUM::TUM_S010::2024-07-26,TUM,TUM::TUM_S010,2024-07-26,0.010642626161653443,-0.9560775245656018,16.502430035074553,2.6152597066053893,48.1333,1.0044864196470282,FALSE,,,
TUM::TUM_S010::2024-07-27,TUM,TUM::TUM_S010,2024-07-27,0.3935203678903785,-0.30669491902298907,16.454685231116084,2.56751490264692,48.1333,1.0044864196470282,FALSE,,,
TUM::TUM_S010::2024-07-28,TUM,TUM::TUM_S010,2024-07-28,5.0509143499036235e-5,-0.9997806969563104,16.40620690557692,2.519036577107755,48.1333,1.0044864196470282,FALSE,,,
UCR::UCR_S001::2025-06-17,UCR,UCR::UCR_S001,2025-06-17,0.04369392987462259,-0.8425615775695783,13.473499963151085,-0.41367036531807955,9.9372,-2.8151235803529713,FALSE,,,
UCR::UCR_S001::2025-06-18,UCR,UCR::UCR_S001,2025-06-18,0.06618194336871275,-0.7794161666009335,13.474199655519591,-0.412970672949573,9.9372,-2.8151235803529713,FALSE,,,
UCR::UCR_S001::2025-06-19,UCR,UCR::UCR_S001,2025-06-19,0.14351956844832395,-0.6134661345410818,13.474654420481787,-0.4125159079873768,9.9372,-2.8151235803529713,FALSE,,,
UCR::UCR_S001::2025-06-22,UCR,UCR::UCR_S001,2025-06-22,0.11455974002136704,-0.6684517657198911,13.474547087020344,-0.41262324144882,9.9372,-2.8151235803529713,FALSE,,,
UCR::UCR_S002::2025-06-17,UCR,UCR::UCR_S002,2025-06-17,0.001734001589986059,-0.9925338726921578,13.473499963151085,-0.41367036531807955,9.9372,-2.8151235803529713,FALSE,,,
UCR::UCR_S002::2025-06-18,UCR,UCR::UCR_S002,2025-06-18,0.09633586343200212,-0.707000363324018,13.474199655519591,-0.412970672949573,9.9372,-2.8151235803529713,FALSE,,,
UCR::UCR_S002::2025-06-19,UCR,UCR::UCR_S002,2025-06-19,0.002338075251301225,-0.989962755388131,13.474654420481787,-0.4125159079873768,9.9372,-2.8151235803529713,FALSE,,,
UCR::UCR_S002::2025-06-20,UCR,UCR::UCR_S002,2025-06-20,0.017373426207184406,-0.9304302178919047,13.474863940808508,-0.4123063876606565,9.9372,-2.8151235803529713,FALSE,,,
UCR::UCR_S002::2025-06-21,UCR,UCR::UCR_S002,2025-06-21,0.15959725501649544,-0.5856999040808044,13.47482812086741,-0.41234220760175333,9.9372,-2.8151235803529713,FALSE,,,
UCR::UCR_S002::2025-06-22,UCR,UCR::UCR_S002,2025-06-22,0.040760867892027514,-0.8515180640906365,13.474547087020344,-0.41262324144882,9.9372,-2.8151235803529713,FALSE,,,
UCR::UCR_S003::2025-06-17,UCR,UCR::UCR_S003,2025-06-17,0.17598788996308953,-0.559109973868082,13.473499963151085,-0.41367036531807955,9.9372,-2.8151235803529713,FALSE,,,
UCR::UCR_S003::2025-06-18,UCR,UCR::UCR_S003,2025-06-18,0.8227544850152302,-0.03491383525435122,13.474199655519591,-0.412970672949573,9.9372,-2.8151235803529713,FALSE,,,
UCR::UCR_S003::2025-06-19,UCR,UCR::UCR_S003,2025-06-19,4.696671689359235,0.6809399939757734,13.474654420481787,-0.4125159079873768,9.9372,-2.8151235803529713,FALSE,,,
UCR::UCR_S003::2025-06-22,UCR,UCR::UCR_S003,2025-06-22,0.4232334445866356,-0.2813045041042598,13.474547087020344,-0.41262324144882,9.9372,-2.8151235803529713,FALSE,,,
UCR::UCR_S004::2025-06-24,UCR,UCR::UCR_S004,2025-06-24,0.2553312566507805,-0.4493665881934866,13.473250989052984,-0.4139193394161804,9.9372,-2.8151235803529713,FALSE,,,
UCR::UCR_S004::2025-06-25,UCR,UCR::UCR_S004,2025-06-25,0.13627045910036112,-0.6265905748200362,13.472237280209859,-0.41493304825930544,9.9372,-2.8151235803529713,FALSE,,,
UCR::UCR_S004::2025-06-26,UCR,UCR::UCR_S004,2025-06-26,0.20497738039801208,-0.5157323702683454,13.470981064306365,-0.41618926416279933,9.9372,-2.8151235803529713,FALSE,,,
UCR::UCR_S004::2025-06-27,UCR,UCR::UCR_S004,2025-06-27,0.2449910137292178,-0.46219221721264314,13.469483559065395,-0.4176867694037689,9.9372,-2.8151235803529713,FALSE,,,
UCR::UCR_S004::2025-06-28,UCR,UCR::UCR_S004,2025-06-28,0.1944827910010967,-0.530940079456285,13.467746192746691,-0.4194241357224726,9.9372,-2.8151235803529713,FALSE,,,
UCR::UCR_S004::2025-06-29,UCR,UCR::UCR_S004,2025-06-29,0.23549498908173475,-0.474313962023763,13.465770600769256,-0.4213997276999084,9.9372,-2.8151235803529713,FALSE,,,
UCR::UCR_S005::2025-06-24,UCR,UCR::UCR_S005,2025-06-24,0.14987612735116898,-0.6022752334889846,13.473250989052984,-0.4139193394161804,9.9372,-2.8151235803529713,FALSE,,,
UCR::UCR_S005::2025-06-25,UCR,UCR::UCR_S005,2025-06-25,0.6552430624973491,-0.12191325537339424,13.472237280209859,-0.41493304825930544,9.9372,-2.8151235803529713,FALSE,,,
UCR::UCR_S005::2025-06-26,UCR,UCR::UCR_S005,2025-06-26,0.9019777799764231,8.58090652357879e-4,13.470981064306365,-0.41618926416279933,9.9372,-2.8151235803529713,FALSE,,,
UCR::UCR_S005::2025-06-29,UCR,UCR::UCR_S005,2025-06-29,0.1451763357762611,-0.6105214498866892,13.465770600769256,-0.4213997276999084,9.9372,-2.8151235803529713,FALSE,,,
UCR::UCR_S006::2025-06-24,UCR,UCR::UCR_S006,2025-06-24,0.03638240204619081,-0.865241664777005,13.473250989052984,-0.4139193394161804,9.9372,-2.8151235803529713,FALSE,,,
UCR::UCR_S006::2025-06-25,UCR,UCR::UCR_S006,2025-06-25,0.23500694272721992,-0.47494619249486464,13.472237280209859,-0.41493304825930544,9.9372,-2.8151235803529713,FALSE,,,
UCR::UCR_S006::2025-06-26,UCR,UCR::UCR_S006,2025-06-26,0.41289824510511597,-0.28996878688173777,13.470981064306365,-0.41618926416279933,9.9372,-2.8151235803529713,FALSE,,,
UCR::UCR_S006::2025-06-27,UCR,UCR::UCR_S006,2025-06-27,0.10423429889794109,-0.6898713211558342,13.469483559065395,-0.4176867694037689,9.9372,-2.8151235803529713,FALSE,,,
UCR::UCR_S006::2025-06-28,UCR,UCR::UCR_S006,2025-06-28,0.024557039450488177,-0.9046317228997669,13.467746192746691,-0.4194241357224726,9.9372,-2.8151235803529713,FALSE,,,
UCR::UCR_S006::2025-06-29,UCR,UCR::UCR_S006,2025-06-29,0.07571011026003965,-0.7552032487276961,13.465770600769256,-0.4213997276999084,9.9372,-2.8151235803529713,FALSE,,,
UCR::UCR_S007::2025-07-01,UCR,UCR::UCR_S007,2025-07-01,0.034907724601464185,-0.8699631826057451,13.461112287971709,-0.42605804049745544,9.9372,-2.8151235803529713,FALSE,,,
UCR::UCR_S007::2025-07-02,UCR,UCR::UCR_S007,2025-07-02,0,-1,13.458433830208248,-0.42873649826091587,9.9372,-2.8151235803529713,FALSE,,,
UCR::UCR_S007::2025-07-03,UCR,UCR::UCR_S007,2025-07-03,0.03186652609158819,-0.8798654347698499,13.455525661706924,-0.43164466676224045,9.9372,-2.8151235803529713,FALSE,,,
UCR::UCR_S007::2025-07-04,UCR,UCR::UCR_S007,2025-07-04,0.04588771062956734,-0.8359812909068083,13.45239037712415,-0.4347799513450141,9.9372,-2.8151235803529713,FALSE,,,
UCR::UCR_S007::2025-07-05,UCR,UCR::UCR_S007,2025-07-05,0.007021636703397657,-0.9705284115581871,13.449030745095676,-0.4381395833734878,9.9372,-2.8151235803529713,FALSE,,,
UCR::UCR_S007::2025-07-06,UCR,UCR::UCR_S007,2025-07-06,0.007892846764071773,-0.9670073478460272,13.445449701017804,-0.4417206274513603,9.9372,-2.8151235803529713,FALSE,,,
UCR::UCR_S008::2025-07-01,UCR,UCR::UCR_S008,2025-07-01,0.08563999845264825,-0.7313284438729513,13.461112287971709,-0.42605804049745544,9.9372,-2.8151235803529713,FALSE,,,
UCR::UCR_S008::2025-07-02,UCR,UCR::UCR_S008,2025-07-02,0.029782168350278526,-0.8867849740923985,13.458433830208248,-0.42873649826091587,9.9372,-2.8151235803529713,FALSE,,,
UCR::UCR_S008::2025-07-03,UCR,UCR::UCR_S008,2025-07-03,0.0458688414957982,-0.8360374662394681,13.455525661706924,-0.43164466676224045,9.9372,-2.8151235803529713,FALSE,,,
UCR::UCR_S008::2025-07-04,UCR,UCR::UCR_S008,2025-07-04,0.1629902840535786,-0.5800602958443133,13.45239037712415,-0.4347799513450141,9.9372,-2.8151235803529713,FALSE,,,
UCR::UCR_S008::2025-07-05,UCR,UCR::UCR_S008,2025-07-05,0.13768816040296342,-0.6239924505802796,13.449030745095676,-0.4381395833734878,9.9372,-2.8151235803529713,FALSE,,,
UCR::UCR_S008::2025-07-06,UCR,UCR::UCR_S008,2025-07-06,0.10227994595766118,-0.6940471710682289,13.445449701017804,-0.4417206274513603,9.9372,-2.8151235803529713,FALSE,,,
UCR::UCR_S009::2025-07-01,UCR,UCR::UCR_S009,2025-07-01,0.5226038404158106,-0.20578820478063045,13.461112287971709,-0.42605804049745544,9.9372,-2.8151235803529713,FALSE,,,
UCR::UCR_S009::2025-07-02,UCR,UCR::UCR_S009,2025-07-02,0.6875503846169392,-0.10372165206390258,13.458433830208248,-0.42873649826091587,9.9372,-2.8151235803529713,FALSE,,,
UCR::UCR_S009::2025-07-03,UCR,UCR::UCR_S009,2025-07-03,1.2978951331179556,0.14547459285713527,13.455525661706924,-0.43164466676224045,9.9372,-2.8151235803529713,FALSE,,,
UCR::UCR_S009::2025-07-04,UCR,UCR::UCR_S009,2025-07-04,0.29828109026073846,-0.3998103126977974,13.45239037712415,-0.4347799513450141,9.9372,-2.8151235803529713,FALSE,,,
UCR::UCR_S009::2025-07-05,UCR,UCR::UCR_S009,2025-07-05,0.02105801218769235,-0.9170064616229053,13.449030745095676,-0.4381395833734878,9.9372,-2.8151235803529713,FALSE,,,
UCR::UCR_S009::2025-07-06,UCR,UCR::UCR_S009,2025-07-06,0.028763425232490314,-0.8902074791766669,13.445449701017804,-0.4417206274513603,9.9372,-2.8151235803529713,FALSE,,,
UCR::UCR_S010::2025-07-08,UCR,UCR::UCR_S010,2025-07-08,0.09344940324973958,-0.7134326056467678,13.4376359107097,-0.44953441775946423,9.9372,-2.8151235803529713,FALSE,,,
UCR::UCR_S010::2025-07-09,UCR,UCR::UCR_S010,2025-07-09,0.05874541568932107,-0.7992988075766386,13.433409804105759,-0.4537605243634051,9.9372,-2.8151235803529713,FALSE,,,
UCR::UCR_S010::2025-07-10,UCR,UCR::UCR_S010,2025-07-10,0.07995463206307979,-0.7448369700527778,13.428975549274021,-0.45819477919514284,9.9372,-2.8151235803529713,FALSE,,,
UCR::UCR_S010::2025-07-11,UCR,UCR::UCR_S010,2025-07-11,0.021032486382544527,-0.9170980448649441,13.424336803423033,-0.46283352504613084,9.9372,-2.8151235803529713,FALSE,,,
UCR::UCR_S010::2025-07-12,UCR,UCR::UCR_S010,2025-07-12,0.04206129872955941,-0.8475242193098673,13.419497343699136,-0.4676729847700276,9.9372,-2.8151235803529713,FALSE,,,
UCR::UCR_S010::2025-07-13,UCR,UCR::UCR_S010,2025-07-13,0.04036230569200572,-0.8527495063650771,13.414461059305403,-0.47270926916376155,9.9372,-2.8151235803529713,FALSE,,,
UCR::UCR_S011::2025-07-08,UCR,UCR::UCR_S011,2025-07-08,0,-1,13.4376359107097,-0.44953441775946423,9.9372,-2.8151235803529713,FALSE,,,
UCR::UCR_S011::2025-07-09,UCR,UCR::UCR_S011,2025-07-09,0,-1,13.433409804105759,-0.4537605243634051,9.9372,-2.8151235803529713,FALSE,,,
UCR::UCR_S011::2025-07-10,UCR,UCR::UCR_S011,2025-07-10,0,-1,13.428975549274021,-0.45819477919514284,9.9372,-2.8151235803529713,FALSE,,,
UCR::UCR_S011::2025-07-11,UCR,UCR::UCR_S011,2025-07-11,0,-1,13.424336803423033,-0.46283352504613084,9.9372,-2.8151235803529713,FALSE,,,
UCR::UCR_S011::2025-07-12,UCR,UCR::UCR_S011,2025-07-12,0.012907188407448714,-0.9472784071777182,13.419497343699136,-0.4676729847700276,9.9372,-2.8151235803529713,FALSE,,,
UCR::UCR_S011::2025-07-13,UCR,UCR::UCR_S011,2025-07-13,0,-1,13.414461059305403,-0.47270926916376155,9.9372,-2.8151235803529713,FALSE,,,
UCR::UCR_S012::2025-07-08,UCR,UCR::UCR_S012,2025-07-08,0.1645836093804273,-0.5774370633084476,13.4376359107097,-0.44953441775946423,9.9372,-2.8151235803529713,FALSE,,,
UCR::UCR_S012::2025-07-09,UCR,UCR::UCR_S012,2025-07-09,0.10009408152476912,-0.6987657569367388,13.433409804105759,-0.4537605243634051,9.9372,-2.8151235803529713,FALSE,,,
UCR::UCR_S012::2025-07-10,UCR,UCR::UCR_S012,2025-07-10,0.06510696242463762,-0.7822346125104013,13.428975549274021,-0.45819477919514284,9.9372,-2.8151235803529713,FALSE,,,
UCR::UCR_S012::2025-07-11,UCR,UCR::UCR_S012,2025-07-11,0.15635429916876045,-0.5911593948625002,13.424336803423033,-0.46283352504613084,9.9372,-2.8151235803529713,FALSE,,,
UCR::UCR_S012::2025-07-12,UCR,UCR::UCR_S012,2025-07-12,0.18029356372740332,-0.5523868746612818,13.419497343699136,-0.4676729847700276,9.9372,-2.8151235803529713,FALSE,,,
UCR::UCR_S012::2025-07-13,UCR,UCR::UCR_S012,2025-07-13,0.10183377052543938,-0.6950061665143475,13.414461059305403,-0.47270926916376155,9.9372,-2.8151235803529713,FALSE,,,
UCR::UCR_S013::2025-07-08,UCR,UCR::UCR_S013,2025-07-08,0.25649240072346335,-0.44794972348123835,13.4376359107097,-0.44953441775946423,9.9372,-2.8151235803529713,FALSE,,,
UCR::UCR_S013::2025-07-09,UCR,UCR::UCR_S013,2025-07-09,0.11747615125669345,-0.6625883614472747,13.433409804105759,-0.4537605243634051,9.9372,-2.8151235803529713,FALSE,,,
UCR::UCR_S013::2025-07-10,UCR,UCR::UCR_S013,2025-07-10,0.33103569974597913,-0.3654867587009559,13.428975549274021,-0.45819477919514284,9.9372,-2.8151235803529713,FALSE,,,
UCR::UCR_S013::2025-07-11,UCR,UCR::UCR_S013,2025-07-11,0,-1,13.424336803423033,-0.46283352504613084,9.9372,-2.8151235803529713,FALSE,,,
UCR::UCR_S013::2025-07-12,UCR,UCR::UCR_S013,2025-07-12,0.007492012131346787,-0.9686238075267127,13.419497343699136,-0.4676729847700276,9.9372,-2.8151235803529713,FALSE,,,
UCR::UCR_S013::2025-07-13,UCR,UCR::UCR_S013,2025-07-13,0.5537790051947359,-0.1845690300304667,13.414461059305403,-0.47270926916376155,9.9372,-2.8151235803529713,FALSE,,,
UCR::UCR_S014::2025-07-15,UCR,UCR::UCR_S014,2025-07-15,0.19554284304035827,-0.5293795532012864,13.40381408115228,-0.483356247316884,9.9372,-2.8151235803529713,FALSE,,,
UCR::UCR_S014::2025-07-16,UCR,UCR::UCR_S014,2025-07-16,0.22855794403437527,-0.48338802776251044,13.398211648133065,-0.4889586803360988,9.9372,-2.8151235803529713,FALSE,,,
UCR::UCR_S014::2025-07-17,UCR,UCR::UCR_S014,2025-07-17,0.12526076816072926,-0.6473144392345538,13.392428895102606,-0.49474143336655807,9.9372,-2.8151235803529713,FALSE,,,
UCR::UCR_S014::2025-07-18,UCR,UCR::UCR_S014,2025-07-18,0.29171169805167385,-0.40703345851741407,13.386470142934057,-0.5007001855351074,9.9372,-2.8151235803529713,FALSE,,,
UCR::UCR_S014::2025-07-19,UCR,UCR::UCR_S014,2025-07-19,0.06101491451532293,-0.7931338942060016,13.38033977356222,-0.5068305549069443,9.9372,-2.8151235803529713,FALSE,,,
UCR::UCR_S014::2025-07-20,UCR,UCR::UCR_S014,2025-07-20,0.007456598800549871,-0.9687669097707644,13.37404222170512,-0.5131281067640447,9.9372,-2.8151235803529713,FALSE,,,
UCR::UCR_S015::2025-07-15,UCR,UCR::UCR_S015,2025-07-15,0.03398886697740772,-0.8729312853004285,13.40381408115228,-0.483356247316884,9.9372,-2.8151235803529713,FALSE,,,
UCR::UCR_S015::2025-07-16,UCR,UCR::UCR_S015,2025-07-16,0.1991192681237459,-0.5241556104715402,13.398211648133065,-0.4889586803360988,9.9372,-2.8151235803529713,FALSE,,,
UCR::UCR_S015::2025-07-17,UCR,UCR::UCR_S015,2025-07-17,0.22837230103905878,-0.48363348374880644,13.392428895102606,-0.49474143336655807,9.9372,-2.8151235803529713,FALSE,,,
UCR::UCR_S015::2025-07-18,UCR,UCR::UCR_S015,2025-07-18,0.034038238042004676,-0.8727712896823652,13.386470142934057,-0.5007001855351074,9.9372,-2.8151235803529713,FALSE,,,
UCR::UCR_S015::2025-07-19,UCR,UCR::UCR_S015,2025-07-19,0.04739882477433613,-0.831505979136774,13.38033977356222,-0.5068305549069443,9.9372,-2.8151235803529713,FALSE,,,
UCR::UCR_S015::2025-07-20,UCR,UCR::UCR_S015,2025-07-20,0.0033614843883515433,-0.9856412623420153,13.37404222170512,-0.5131281067640447,9.9372,-2.8151235803529713,FALSE,,,
UCR::UCR_S016::2025-07-15,UCR,UCR::UCR_S016,2025-07-15,0.17564976742401758,-0.5596423696149984,13.40381408115228,-0.483356247316884,9.9372,-2.8151235803529713,FALSE,,,
UCR::UCR_S016::2025-07-16,UCR,UCR::UCR_S016,2025-07-16,0.06433576312940512,-0.7842679141084068,13.398211648133065,-0.4889586803360988,9.9372,-2.8151235803529713,FALSE,,,
UCR::UCR_S016::2025-07-17,UCR,UCR::UCR_S016,2025-07-17,0.010448319500063044,-0.9568408876458891,13.392428895102606,-0.49474143336655807,9.9372,-2.8151235803529713,FALSE,,,
UCR::UCR_S016::2025-07-18,UCR,UCR::UCR_S016,2025-07-18,0,-1,13.386470142934057,-0.5007001855351074,9.9372,-2.8151235803529713,FALSE,,,
UCR::UCR_S016::2025-07-19,UCR,UCR::UCR_S016,2025-07-19,0,-1,13.38033977356222,-0.5068305549069443,9.9372,-2.8151235803529713,FALSE,,,
UCR::UCR_S016::2025-07-20,UCR,UCR::UCR_S016,2025-07-20,0.27547789718958837,-0.4254156230036771,13.37404222170512,-0.5131281067640447,9.9372,-2.8151235803529713,FALSE,,,
UCR::UCR_S017::2025-07-15,UCR,UCR::UCR_S017,2025-07-15,0.2997838393226132,-0.39817476558275217,13.40381408115228,-0.483356247316884,9.9372,-2.8151235803529713,FALSE,,,
UCR::UCR_S017::2025-07-16,UCR,UCR::UCR_S017,2025-07-16,0.026350379191834056,-0.8984234503750597,13.398211648133065,-0.4889586803360988,9.9372,-2.8151235803529713,FALSE,,,
UCR::UCR_S017::2025-07-17,UCR,UCR::UCR_S017,2025-07-17,0.027821970138158347,-0.8933944928934181,13.392428895102606,-0.49474143336655807,9.9372,-2.8151235803529713,FALSE,,,
UCR::UCR_S017::2025-07-18,UCR,UCR::UCR_S017,2025-07-18,0.3063775679345272,-0.3910702731432574,13.386470142934057,-0.5007001855351074,9.9372,-2.8151235803529713,FALSE,,,
UCR::UCR_S017::2025-07-19,UCR,UCR::UCR_S017,2025-07-19,0.041245747398553995,-0.850024618971492,13.38033977356222,-0.5068305549069443,9.9372,-2.8151235803529713,FALSE,,,
UCR::UCR_S017::2025-07-20,UCR,UCR::UCR_S017,2025-07-20,0,-1,13.37404222170512,-0.5131281067640447,9.9372,-2.8151235803529713,FALSE,,,
UCR::UCR_S018::2025-07-21,UCR,UCR::UCR_S018,2025-07-21,0.17322001598453882,-0.5634874875922229,13.367581967049174,-0.5195883614199897,9.9372,-2.8151235803529713,FALSE,,,
UCR::UCR_S018::2025-07-22,UCR,UCR::UCR_S018,2025-07-22,0.15302553209575945,-0.5968356531766372,13.36096352590455,-0.526206802564614,9.9372,-2.8151235803529713,FALSE,,,
UCR::UCR_S018::2025-07-23,UCR,UCR::UCR_S018,2025-07-23,0.241896329829391,-0.4661055612197796,13.35419144378768,-0.5329788846814836,9.9372,-2.8151235803529713,FALSE,,,
UCR::UCR_S018::2025-07-24,UCR,UCR::UCR_S018,2025-07-24,0.5687296788982564,-0.174749401944835,13.347270287738906,-0.5399000407302577,9.9372,-2.8151235803529713,FALSE,,,
UCR::UCR_S018::2025-07-25,UCR,UCR::UCR_S018,2025-07-25,1.1336766893921009,0.09120135871643932,13.340204638971223,-0.5469656894979416,9.9372,-2.8151235803529713,FALSE,,,
UCR::UCR_S018::2025-07-26,UCR,UCR::UCR_S018,2025-07-26,0.9423777745928547,0.01802514284786702,13.332999085916413,-0.5541712425527514,9.9372,-2.8151235803529713,FALSE,,,
UCR::UCR_S018::2025-07-27,UCR,UCR::UCR_S018,2025-07-27,0.16989762046989357,-0.5688009443480786,13.325658217271169,-0.5615121111979953,9.9372,-2.8151235803529713,FALSE,,,
UCR::UCR_S019::2025-07-22,UCR,UCR::UCR_S019,2025-07-22,0.4637500393126913,-0.24891341482877807,13.36096352590455,-0.526206802564614,9.9372,-2.8151235803529713,FALSE,,,
UCR::UCR_S019::2025-07-23,UCR,UCR::UCR_S019,2025-07-23,0.48064432184425987,-0.23608981659645267,13.35419144378768,-0.5329788846814836,9.9372,-2.8151235803529713,FALSE,,,
UCR::UCR_S019::2025-07-24,UCR,UCR::UCR_S019,2025-07-24,0.24576980040476512,-0.4612129407622274,13.347270287738906,-0.5399000407302577,9.9372,-2.8151235803529713,FALSE,,,
UCR::UCR_S019::2025-07-25,UCR,UCR::UCR_S019,2025-07-25,1.057589064935464,0.06355441560526422,13.340204638971223,-0.5469656894979416,9.9372,-2.8151235803529713,FALSE,,,
UCR::UCR_S019::2025-07-26,UCR,UCR::UCR_S019,2025-07-26,0.4819583415517822,-0.23510810243209293,13.332999085916413,-0.5541712425527514,9.9372,-2.8151235803529713,FALSE,,,
UCR::UCR_S019::2025-07-27,UCR,UCR::UCR_S019,2025-07-27,0.3385086079076608,-0.358021877029741,13.325658217271169,-0.5615121111979953,9.9372,-2.8151235803529713,FALSE,,,
UCR::UCR_S020::2025-07-22,UCR,UCR::UCR_S020,2025-07-22,0.13335424907868307,-0.6319842867667216,13.36096352590455,-0.526206802564614,9.9372,-2.8151235803529713,FALSE,,,
UCR::UCR_S020::2025-07-23,UCR,UCR::UCR_S020,2025-07-23,0.31731220553482287,-0.37953891287059954,13.35419144378768,-0.5329788846814836,9.9372,-2.8151235803529713,FALSE,,,
UCR::UCR_S020::2025-07-24,UCR,UCR::UCR_S020,2025-07-24,1.4444947800330592,0.18878644484422308,13.347270287738906,-0.5399000407302577,9.9372,-2.8151235803529713,FALSE,,,
UCR::UCR_S020::2025-07-25,UCR,UCR::UCR_S020,2025-07-25,0.6212278965627279,-0.14192748343473285,13.340204638971223,-0.5469656894979416,9.9372,-2.8151235803529713,FALSE,,,
UCR::UCR_S020::2025-07-26,UCR,UCR::UCR_S020,2025-07-26,0.7007013118001247,-0.09652945998154122,13.332999085916413,-0.5541712425527514,9.9372,-2.8151235803529713,FALSE,,,
UCR::UCR_S020::2025-07-27,UCR,UCR::UCR_S020,2025-07-27,0.16104324452881805,-0.5832875413033671,13.325658217271169,-0.5615121111979953,9.9372,-2.8151235803529713,FALSE,,,
UCR::UCR_S021::2025-07-22,UCR,UCR::UCR_S021,2025-07-22,0.21917126820120272,-0.4959762107526789,13.36096352590455,-0.526206802564614,9.9372,-2.8151235803529713,FALSE,,,
UCR::UCR_S021::2025-07-23,UCR,UCR::UCR_S021,2025-07-23,0.24230203631105865,-0.46559051729207984,13.35419144378768,-0.5329788846814836,9.9372,-2.8151235803529713,FALSE,,,
UCR::UCR_S021::2025-07-24,UCR,UCR::UCR_S021,2025-07-24,0.0020064935517992016,-0.9913721809444478,13.347270287738906,-0.5399000407302577,9.9372,-2.8151235803529713,FALSE,,,
UCR::UCR_S021::2025-07-25,UCR,UCR::UCR_S021,2025-07-25,0.13744784737806887,-0.6244317632311055,13.340204638971223,-0.5469656894979416,9.9372,-2.8151235803529713,FALSE,,,
UCR::UCR_S021::2025-07-26,UCR,UCR::UCR_S021,2025-07-26,0.00372907770812321,-0.9840994835529522,13.332999085916413,-0.5541712425527514,9.9372,-2.8151235803529713,FALSE,,,
UCR::UCR_S021::2025-07-27,UCR,UCR::UCR_S021,2025-07-27,0.007194827328803707,-0.9698261709562874,13.325658217271169,-0.5615121111979953,9.9372,-2.8151235803529713,FALSE,,,
UCR::UCR_S022::2025-07-29,UCR,UCR::UCR_S022,2025-07-29,0.05590428347092277,-0.8071419524043,13.310588850577671,-0.5765814778914926,9.9372,-2.8151235803529713,FALSE,,,
UCR::UCR_S022::2025-07-30,UCR,UCR::UCR_S022,2025-07-30,0.03564432137885218,-0.8675983828493149,13.302869473960664,-0.5843008545085002,9.9372,-2.8151235803529713,FALSE,,,
UCR::UCR_S022::2025-07-31,UCR,UCR::UCR_S022,2025-07-31,0.13526960020397738,-0.6284341855166654,13.295033012893464,-0.5921373155756999,9.9372,-2.8151235803529713,FALSE,,,
UCR::UCR_S022::2025-08-03,UCR,UCR::UCR_S022,2025-08-03,0.19331842196423846,-0.5326606601487679,13.270865920583407,-0.6163044078857567,9.9372,-2.8151235803529713,FALSE,,,
UCR::UCR_S023::2025-07-29,UCR,UCR::UCR_S023,2025-07-29,0.3339172839436263,-0.36259305055794355,13.310588850577671,-0.5765814778914926,9.9372,-2.8151235803529713,FALSE,,,
UCR::UCR_S023::2025-07-30,UCR,UCR::UCR_S023,2025-07-30,0.9202748622596303,0.008717186548083023,13.302869473960664,-0.5843008545085002,9.9372,-2.8151235803529713,FALSE,,,
UCR::UCR_S023::2025-07-31,UCR,UCR::UCR_S023,2025-07-31,0.20482813030996957,-0.5159449576911106,13.295033012893464,-0.5921373155756999,9.9372,-2.8151235803529713,FALSE,,,
UCR::UCR_S023::2025-08-01,UCR,UCR::UCR_S023,2025-08-01,0.31514360011816034,-0.3818016528022543,13.287083964943886,-0.6000863635252784,9.9372,-2.8151235803529713,FALSE,,,
UCR::UCR_S023::2025-08-02,UCR,UCR::UCR_S023,2025-08-02,0.1300741894321667,-0.6381320993492462,13.279026792976591,-0.608143535492573,9.9372,-2.8151235803529713,FALSE,,,
UCR::UCR_S023::2025-08-03,UCR,UCR::UCR_S023,2025-08-03,0.027103965306663064,-0.895840900398471,13.270865920583407,-0.6163044078857567,9.9372,-2.8151235803529713,FALSE,,,
UCR::UCR_S025::2025-08-05,UCR,UCR::UCR_S025,2025-08-05,0.22750435062870253,-0.48478292638521087,13.254250544110933,-0.632919784358231,9.9372,-2.8151235803529713,FALSE,,,
UCR::UCR_S025::2025-08-06,UCR,UCR::UCR_S025,2025-08-06,0.2578063073461123,-0.446352008035084,13.245804650915993,-0.6413656775531713,9.9372,-2.8151235803529713,FALSE,,,
UCR::UCR_S025::2025-08-07,UCR,UCR::UCR_S025,2025-08-07,0.3318067949539186,-0.3647105278476129,13.237272271315257,-0.6498980571539068,9.9372,-2.8151235803529713,FALSE,,,
UCR::UCR_S025::2025-08-08,UCR,UCR::UCR_S025,2025-08-08,0.21496011088581637,-0.5017444453187613,13.228657570613755,-0.6585127578554086,9.9372,-2.8151235803529713,FALSE,,,
UCR::UCR_S025::2025-08-09,UCR,UCR::UCR_S025,2025-08-09,0.564671911905345,-0.17739267350847995,13.21996465212769,-0.6672056763414744,9.9372,-2.8151235803529713,FALSE,,,
UCR::UCR_S025::2025-08-10,UCR,UCR::UCR_S025,2025-08-10,0.11752185441851623,-0.6624971029550553,13.211197554866473,-0.675972773602691,9.9372,-2.8151235803529713,FALSE,,,
UCR::UCR_S026::2025-08-05,UCR,UCR::UCR_S026,2025-08-05,0.09255654346155862,-0.7154417185839038,13.254250544110933,-0.632919784358231,9.9372,-2.8151235803529713,FALSE,,,
UCR::UCR_S026::2025-08-06,UCR,UCR::UCR_S026,2025-08-06,0.28324271353607733,-0.41652609348899894,13.245804650915993,-0.6413656775531713,9.9372,-2.8151235803529713,FALSE,,,
UCR::UCR_S026::2025-08-07,UCR,UCR::UCR_S026,2025-08-07,0.07641884252494077,-0.7534550316328544,13.237272271315257,-0.6498980571539068,9.9372,-2.8151235803529713,FALSE,,,
UCR::UCR_S026::2025-08-08,UCR,UCR::UCR_S026,2025-08-08,0.25080202138045427,-0.4549379128206839,13.228657570613755,-0.6585127578554086,9.9372,-2.8151235803529713,FALSE,,,
UCR::UCR_S026::2025-08-09,UCR,UCR::UCR_S026,2025-08-09,0.32413307304708605,-0.37249786080645775,13.21996465212769,-0.6672056763414744,9.9372,-2.8151235803529713,FALSE,,,
UCR::UCR_S026::2025-08-10,UCR,UCR::UCR_S026,2025-08-10,9.026997766019007e-4,-0.9960972135213192,13.211197554866473,-0.675972773602691,9.9372,-2.8151235803529713,FALSE,,,
UCR::UCR_S027::2025-08-05,UCR,UCR::UCR_S027,2025-08-05,0.4159934127639461,-0.2873558425947456,13.254250544110933,-0.632919784358231,9.9372,-2.8151235803529713,FALSE,,,
UCR::UCR_S027::2025-08-06,UCR,UCR::UCR_S027,2025-08-06,0.6283813053300633,-0.13764120935732743,13.245804650915993,-0.6413656775531713,9.9372,-2.8151235803529713,FALSE,,,
UCR::UCR_S027::2025-08-07,UCR,UCR::UCR_S027,2025-08-07,0.43271245333901454,-0.27350715049657093,13.237272271315257,-0.6498980571539068,9.9372,-2.8151235803529713,FALSE,,,
UCR::UCR_S027::2025-08-08,UCR,UCR::UCR_S027,2025-08-08,0.28115013000325473,-0.41890392776411467,13.228657570613755,-0.6585127578554086,9.9372,-2.8151235803529713,FALSE,,,
UCR::UCR_S027::2025-08-09,UCR,UCR::UCR_S027,2025-08-09,1.0027779177518814,0.04248806112024019,13.21996465212769,-0.6672056763414744,9.9372,-2.8151235803529713,FALSE,,,
UCR::UCR_S027::2025-08-10,UCR,UCR::UCR_S027,2025-08-10,0.6420771300370014,-0.12955095266088604,13.211197554866473,-0.675972773602691,9.9372,-2.8151235803529713,FALSE,,,
UCR::UCR_S028::2025-08-12,UCR,UCR::UCR_S028,2025-08-12,0.2983548651186534,-0.3997298744158672,13.193456644680765,-0.693713683788399,9.9372,-2.8151235803529713,FALSE,,,
UCR::UCR_S028::2025-08-13,UCR,UCR::UCR_S028,2025-08-13,0.3138972036860864,-0.3831075077084565,13.184490568041802,-0.7026797604273618,9.9372,-2.8151235803529713,FALSE,,,
UCR::UCR_S028::2025-08-14,UCR,UCR::UCR_S028,2025-08-14,0.11414756248682995,-0.6692868645526978,13.175465781887372,-0.7117045465817924,9.9372,-2.8151235803529713,FALSE,,,
UCR::UCR_S028::2025-08-15,UCR,UCR::UCR_S028,2025-08-15,0.07000078412081559,-0.7695490754537379,13.166385973360804,-0.7207843551083606,9.9372,-2.8151235803529713,FALSE,,,
UCR::UCR_S028::2025-08-16,UCR,UCR::UCR_S028,2025-08-16,0.022497129538072716,-0.9118740879556237,13.157254754834705,-0.7299155736344591,9.9372,-2.8151235803529713,FALSE,,,
UCR::UCR_S028::2025-08-17,UCR,UCR::UCR_S028,2025-08-17,0.005400135641945261,-0.9771588302191986,13.148075663381153,-0.739094665088011,9.9372,-2.8151235803529713,FALSE,,,
UCR::UCR_S029::2025-08-12,UCR,UCR::UCR_S029,2025-08-12,0.24953810982705474,-0.4565054665984167,13.193456644680765,-0.693713683788399,9.9372,-2.8151235803529713,FALSE,,,
UCR::UCR_S029::2025-08-13,UCR,UCR::UCR_S029,2025-08-13,0.0791855200286849,-0.746697088567437,13.184490568041802,-0.7026797604273618,9.9372,-2.8151235803529713,FALSE,,,
UCR::UCR_S029::2025-08-14,UCR,UCR::UCR_S029,2025-08-14,0.18678280181017734,-0.5424468965987015,13.175465781887372,-0.7117045465817924,9.9372,-2.8151235803529713,FALSE,,,
UCR::UCR_S029::2025-08-15,UCR,UCR::UCR_S029,2025-08-15,0.9278186710824624,0.011916502699643944,13.166385973360804,-0.7207843551083606,9.9372,-2.8151235803529713,FALSE,,,
UCR::UCR_S029::2025-08-16,UCR,UCR::UCR_S029,2025-08-16,0.07936014734329258,-0.7462740479786257,13.157254754834705,-0.7299155736344591,9.9372,-2.8151235803529713,FALSE,,,
UCR::UCR_S029::2025-08-17,UCR,UCR::UCR_S029,2025-08-17,0.05618825900856125,-0.8063516160377329,13.148075663381153,-0.739094665088011,9.9372,-2.8151235803529713,FALSE,,,
UCR::UCR_S030::2025-08-12,UCR,UCR::UCR_S030,2025-08-12,0.1355299191068661,-0.6279539170799149,13.193456644680765,-0.693713683788399,9.9372,-2.8151235803529713,FALSE,,,
UCR::UCR_S030::2025-08-13,UCR,UCR::UCR_S030,2025-08-13,0.09087313330652352,-0.7192551972106523,13.184490568041802,-0.7026797604273618,9.9372,-2.8151235803529713,FALSE,,,
UCR::UCR_S030::2025-08-14,UCR,UCR::UCR_S030,2025-08-14,0,-1,13.175465781887372,-0.7117045465817924,9.9372,-2.8151235803529713,FALSE,,,
UCR::UCR_S030::2025-08-15,UCR,UCR::UCR_S030,2025-08-15,0.017669676211122656,-0.9293354415825278,13.166385973360804,-0.7207843551083606,9.9372,-2.8151235803529713,FALSE,,,
UCR::UCR_S030::2025-08-16,UCR,UCR::UCR_S030,2025-08-16,0.07097065059122673,-0.7670784356911817,13.157254754834705,-0.7299155736344591,9.9372,-2.8151235803529713,FALSE,,,
UCR::UCR_S030::2025-08-17,UCR,UCR::UCR_S030,2025-08-17,0.09697219698432169,-0.7055950710385741,13.148075663381153,-0.739094665088011,9.9372,-2.8151235803529713,FALSE,,,
UCR::UCR_S031::2025-08-19,UCR,UCR::UCR_S031,2025-08-19,0.06954869934272467,-0.7707055374721181,13.129587629304991,-0.757582699164173,9.9372,-2.8151235803529713,FALSE,,,
UCR::UCR_S031::2025-08-20,UCR,UCR::UCR_S031,2025-08-20,0.0665173678721086,-0.778540462592211,13.120285379158126,-0.7668849493110379,9.9372,-2.8151235803529713,FALSE,,,
UCR::UCR_S031::2025-08-21,UCR,UCR::UCR_S031,2025-08-21,0.07947319766326172,-0.7460003993200068,13.11094864083661,-0.776221687632555,9.9372,-2.8151235803529713,FALSE,,,
UCR::UCR_S031::2025-08-22,UCR,UCR::UCR_S031,2025-08-22,0.06190128935538547,-0.7907496925826398,13.101580569346746,-0.7855897591224181,9.9372,-2.8151235803529713,FALSE,,,
UCR::UCR_S031::2025-08-23,UCR,UCR::UCR_S031,2025-08-23,0.04380607102327669,-0.8422227790695951,13.092184243268436,-0.794986085200728,9.9372,-2.8151235803529713,FALSE,,,
UCR::UCR_S031::2025-08-24,UCR,UCR::UCR_S031,2025-08-24,0.04283985634325288,-0.8451505952572166,13.082762665947278,-0.8044076625218857,9.9372,-2.8151235803529713,FALSE,,,
UCR::UCR_S032::2025-08-19,UCR,UCR::UCR_S032,2025-08-19,0.12698893492179564,-0.643995312936972,13.129587629304991,-0.757582699164173,9.9372,-2.8151235803529713,FALSE,,,
UCR::UCR_S032::2025-08-20,UCR,UCR::UCR_S032,2025-08-20,0.24204919980726472,-0.4659114212303565,13.120285379158126,-0.7668849493110379,9.9372,-2.8151235803529713,FALSE,,,
UCR::UCR_S032::2025-08-21,UCR,UCR::UCR_S032,2025-08-21,0.18766496482704234,-0.5411130283036795,13.11094864083661,-0.776221687632555,9.9372,-2.8151235803529713,FALSE,,,
UCR::UCR_S032::2025-08-22,UCR,UCR::UCR_S032,2025-08-22,0.1858251757284438,-0.5438995208270538,13.101580569346746,-0.7855897591224181,9.9372,-2.8151235803529713,FALSE,,,
UCR::UCR_S032::2025-08-23,UCR,UCR::UCR_S032,2025-08-23,0.12440500698315898,-0.6489674572157974,13.092184243268436,-0.794986085200728,9.9372,-2.8151235803529713,FALSE,,,
UCR::UCR_S032::2025-08-24,UCR,UCR::UCR_S032,2025-08-24,0.14541767993180296,-0.6100941538329636,13.082762665947278,-0.8044076625218857,9.9372,-2.8151235803529713,FALSE,,,
UCR::UCR_S033::2025-08-19,UCR,UCR::UCR_S033,2025-08-19,0.3819459515592335,-0.31700166353652903,13.129587629304991,-0.757582699164173,9.9372,-2.8151235803529713,FALSE,,,
UCR::UCR_S033::2025-08-20,UCR,UCR::UCR_S033,2025-08-20,0.33999055598176653,-0.3565566451706828,13.120285379158126,-0.7668849493110379,9.9372,-2.8151235803529713,FALSE,,,
UCR::UCR_S033::2025-08-21,UCR,UCR::UCR_S033,2025-08-21,0.8209223752411292,-0.03577697504223148,13.11094864083661,-0.776221687632555,9.9372,-2.8151235803529713,FALSE,,,
UCR::UCR_S033::2025-08-22,UCR,UCR::UCR_S033,2025-08-22,0.26310869773752044,-0.43996334807369814,13.101580569346746,-0.7855897591224181,9.9372,-2.8151235803529713,FALSE,,,
UCR::UCR_S033::2025-08-23,UCR,UCR::UCR_S033,2025-08-23,0.289916764642584,-0.4090280917285502,13.092184243268436,-0.794986085200728,9.9372,-2.8151235803529713,FALSE,,,
UCR::UCR_S033::2025-08-24,UCR,UCR::UCR_S033,2025-08-24,0.18116978350480265,-0.5510313535037036,13.082762665947278,-0.8044076625218857,9.9372,-2.8151235803529713,FALSE,,,
UCR::UCR_S034::2025-08-26,UCR,UCR::UCR_S034,2025-08-26,0.14081858661222094,-0.6183099968510404,13.06385539650917,-0.8233149319599935,9.9372,-2.8151235803529713,FALSE,,,
UCR::UCR_S034::2025-08-27,UCR,UCR::UCR_S034,2025-08-27,0.09842212136612144,-0.7024099115584355,13.054375339680249,-0.8327949887889154,9.9372,-2.8151235803529713,FALSE,,,
UCR::UCR_S034::2025-08-28,UCR,UCR::UCR_S034,2025-08-28,0.26597779024104684,-0.4365452694373597,13.044881304038896,-0.8422890244302685,9.9372,-2.8151235803529713,FALSE,,,
UCR::UCR_S034::2025-08-29,UCR,UCR::UCR_S034,2025-08-29,0.10937214824121938,-0.6790810908980605,13.035375927819146,-0.851794400650018,9.9372,-2.8151235803529713,FALSE,,,
UCR::UCR_S034::2025-08-30,UCR,UCR::UCR_S034,2025-08-30,0.001291707747399673,-0.9944261067320428,13.025861779318916,-0.8613085491502481,9.9372,-2.8151235803529713,FALSE,,,
UCR::UCR_S034::2025-08-31,UCR,UCR::UCR_S034,2025-08-31,0.16394929106019832,-0.578479500130374,13.016341358820597,-0.8708289696485672,9.9372,-2.8151235803529713,FALSE,,,
UCR::UCR_S035::2025-08-27,UCR,UCR::UCR_S035,2025-08-27,0.27250340063345657,-0.42886975816507406,13.054375339680249,-0.8327949887889154,9.9372,-2.8151235803529713,FALSE,,,
UCR::UCR_S035::2025-08-28,UCR,UCR::UCR_S035,2025-08-28,0.614855241700008,-0.14578189399728209,13.044881304038896,-0.8422890244302685,9.9372,-2.8151235803529713,FALSE,,,
UCR::UCR_S035::2025-08-29,UCR,UCR::UCR_S035,2025-08-29,0.24890977238846487,-0.4572868665078946,13.035375927819146,-0.851794400650018,9.9372,-2.8151235803529713,FALSE,,,
UCR::UCR_S035::2025-08-30,UCR,UCR::UCR_S035,2025-08-30,0.11404398779848454,-0.6694969663936173,13.025861779318916,-0.8613085491502481,9.9372,-2.8151235803529713,FALSE,,,
UCR::UCR_S035::2025-08-31,UCR,UCR::UCR_S035,2025-08-31,5.907042233189996e-5,-0.9997435361550586,13.016341358820597,-0.8708289696485672,9.9372,-2.8151235803529713,FALSE,,,
UCR::UCR_S035::2025-09-01,UCR,UCR::UCR_S035,2025-09-01,0.5637690221513909,-0.17798301981328765,13.006817099849384,-0.8803532286197804,9.9372,-2.8151235803529713,FALSE,,,
UCR::UCR_S036::2025-08-27,UCR,UCR::UCR_S036,2025-08-27,0.18849237915823622,-0.5398656547205188,13.054375339680249,-0.8327949887889154,9.9372,-2.8151235803529713,FALSE,,,
UCR::UCR_S036::2025-08-28,UCR,UCR::UCR_S036,2025-08-28,0.1279752219362693,-0.6421123528290255,13.044881304038896,-0.8422890244302685,9.9372,-2.8151235803529713,FALSE,,,
UCR::UCR_S036::2025-08-29,UCR,UCR::UCR_S036,2025-08-29,0.30544169809077704,-0.3920715878594243,13.035375927819146,-0.851794400650018,9.9372,-2.8151235803529713,FALSE,,,
UCR::UCR_S036::2025-08-31,UCR,UCR::UCR_S036,2025-08-31,0.10158329085642756,-0.6955454691987062,13.016341358820597,-0.8708289696485672,9.9372,-2.8151235803529713,FALSE,,,
UCR::UCR_S036::2025-09-01,UCR,UCR::UCR_S036,2025-09-01,0.15412707010476037,-0.5949490706011745,13.006817099849384,-0.8803532286197804,9.9372,-2.8151235803529713,FALSE,,,
UCR::UCR_S037::2025-08-27,UCR,UCR::UCR_S037,2025-08-27,0.43235194730996773,-0.2738011529718988,13.054375339680249,-0.8327949887889154,9.9372,-2.8151235803529713,FALSE,,,
UCR::UCR_S037::2025-08-28,UCR,UCR::UCR_S037,2025-08-28,0.7445521646648575,-0.07337352060282001,13.044881304038896,-0.8422890244302685,9.9372,-2.8151235803529713,FALSE,,,
UCR::UCR_S037::2025-08-29,UCR,UCR::UCR_S037,2025-08-29,0.24281060559369758,-0.46494575069407906,13.035375927819146,-0.851794400650018,9.9372,-2.8151235803529713,FALSE,,,
UCR::UCR_S037::2025-08-30,UCR,UCR::UCR_S037,2025-08-30,0.2351381742996714,-0.4747761005340412,13.025861779318916,-0.8613085491502481,9.9372,-2.8151235803529713,FALSE,,,
UCR::UCR_S037::2025-08-31,UCR,UCR::UCR_S037,2025-08-31,0.09550345285401185,-0.708845567975521,13.016341358820597,-0.8708289696485672,9.9372,-2.8151235803529713,FALSE,,,
UCR::UCR_S037::2025-09-01,UCR,UCR::UCR_S037,2025-09-01,0.1485159070248172,-0.6046458076871789,13.006817099849384,-0.8803532286197804,9.9372,-2.8151235803529713,FALSE,,,
UCR::UCR_S038::2025-08-27,UCR,UCR::UCR_S038,2025-08-27,0.19091789308689752,-0.5362295663778194,13.054375339680249,-0.8327949887889154,9.9372,-2.8151235803529713,FALSE,,,
UCR::UCR_S038::2025-08-28,UCR,UCR::UCR_S038,2025-08-28,0.0965837521451268,-0.7064523799185002,13.044881304038896,-0.8422890244302685,9.9372,-2.8151235803529713,FALSE,,,
UCR::UCR_S038::2025-08-29,UCR,UCR::UCR_S038,2025-08-29,0.09993832031549557,-0.6991039607261794,13.035375927819146,-0.851794400650018,9.9372,-2.8151235803529713,FALSE,,,
UCR::UCR_S038::2025-08-30,UCR,UCR::UCR_S038,2025-08-30,0.13415490805993477,-0.6304967346531718,13.025861779318916,-0.8613085491502481,9.9372,-2.8151235803529713,FALSE,,,
UCR::UCR_S038::2025-08-31,UCR,UCR::UCR_S038,2025-08-31,0.0202119594284685,-0.9200523238855197,13.016341358820597,-0.8708289696485672,9.9372,-2.8151235803529713,FALSE,,,
UCR::UCR_S038::2025-09-01,UCR,UCR::UCR_S038,2025-09-01,0.7232323756598076,-0.08447755819956501,13.006817099849384,-0.8803532286197804,9.9372,-2.8151235803529713,FALSE,,,
UCR::UCR_S039::2025-08-27,UCR,UCR::UCR_S039,2025-08-27,0.10518733936795793,-0.6878494399162858,13.054375339680249,-0.8327949887889154,9.9372,-2.8151235803529713,FALSE,,,
UCR::UCR_S039::2025-08-28,UCR,UCR::UCR_S039,2025-08-28,0.41387680011204786,-0.2891409888739925,13.044881304038896,-0.8422890244302685,9.9372,-2.8151235803529713,FALSE,,,
UCR::UCR_S039::2025-08-29,UCR,UCR::UCR_S039,2025-08-29,0.4035056587368805,-0.2979956441880358,13.035375927819146,-0.851794400650018,9.9372,-2.8151235803529713,FALSE,,,
UCR::UCR_S039::2025-08-30,UCR,UCR::UCR_S039,2025-08-30,0.008647757815675158,-0.9639792318683305,13.025861779318916,-0.8613085491502481,9.9372,-2.8151235803529713,FALSE,,,
UCR::UCR_S039::2025-08-31,UCR,UCR::UCR_S039,2025-08-31,0.03136822062479125,-0.8815096825428664,13.016341358820597,-0.8708289696485672,9.9372,-2.8151235803529713,FALSE,,,
UCR::UCR_S039::2025-09-01,UCR,UCR::UCR_S039,2025-09-01,0.016167526101587476,-0.934915259260128,13.006817099849384,-0.8803532286197804,9.9372,-2.8151235803529713,FALSE,,,
UCR::UCR_S040::2025-09-01,UCR,UCR::UCR_S040,2025-09-01,0.35350087388165763,-0.34342187173152416,13.006817099849384,-0.8803532286197804,9.9372,-2.8151235803529713,FALSE,,,
UCR::UCR_S040::2025-09-02,UCR,UCR::UCR_S040,2025-09-02,0.015822258591683583,-0.9362079703615377,12.997291370630265,-0.8898789578388993,9.9372,-2.8151235803529713,FALSE,,,
UCR::UCR_S040::2025-09-03,UCR,UCR::UCR_S040,2025-09-03,0.23077743408810483,-0.48046412603998134,12.987766475809945,-0.8994038526592192,9.9372,-2.8151235803529713,FALSE,,,
UCR::UCR_S040::2025-09-04,UCR,UCR::UCR_S040,2025-09-04,0.3777846584797584,-0.3207677994261431,12.978244658046298,-0.9089256704228657,9.9372,-2.8151235803529713,FALSE,,,
UCR::UCR_S040::2025-09-05,UCR,UCR::UCR_S040,2025-09-05,0.028166792525752826,-0.8922244841072078,12.968728100061417,-0.9184422284077467,9.9372,-2.8151235803529713,FALSE,,,
UCR::UCR_S040::2025-09-06,UCR,UCR::UCR_S040,2025-09-06,0.008863032504152837,-0.9631195720814428,12.959218925899929,-0.927951402569235,9.9372,-2.8151235803529713,FALSE,,,
