.model_row_id,site,participant_key,local_date,value,response_value,photoperiod_hours,photoperiod_centered_hours,latitude_deg,absolute_latitude_10deg_centered,metric_support_available,metric_support_valid_minutes,metric_support_expected_minutes,metric_any_censored
BAUA::BAUA_S001::2025-06-11,BAUA,BAUA::BAUA_S001,2025-06-11,42829.97303995397,4.631748815018141,18.13485554655393,4.286560600269539,51.498204,1.3409768196470289,TRUE,1413,1440,FALSE
BAUA::BAUA_S001::2025-06-12,BAUA,BAUA::BAUA_S001,2025-06-12,9455.112717752487,3.9756713037899343,18.15373947189914,4.3054445256147496,51.498204,1.3409768196470289,TRUE,1322,1440,FALSE
BAUA::BAUA_S001::2025-06-15,BAUA,BAUA::BAUA_S001,2025-06-15,16.87861111111111,1.2299021610875114,18.198317792680527,4.350022846396136,51.498204,1.3409768196470289,TRUE,1440,1440,FALSE
BAUA::BAUA_S001::2025-06-16,BAUA,BAUA::BAUA_S001,2025-06-16,11423.13769444443,4.057789213677326,18.20907755719291,4.360782610908519,51.498204,1.3409768196470289,TRUE,1440,1440,FALSE
BAUA::BAUA_S002::2025-06-11,BAUA,BAUA::BAUA_S002,2025-06-11,38209.747924936964,4.5821753092013076,18.13485554655393,4.286560600269539,51.498204,1.3409768196470289,TRUE,1439,1440,FALSE
BAUA::BAUA_S002::2025-06-12,BAUA,BAUA::BAUA_S002,2025-06-12,51868.548723883534,4.714904933950686,18.15373947189914,4.3054445256147496,51.498204,1.3409768196470289,TRUE,1392,1440,FALSE
BAUA::BAUA_S002::2025-06-13,BAUA,BAUA::BAUA_S002,2025-06-13,50385.54962286352,4.702306862298084,18.170627665254806,4.322332718970415,51.498204,1.3409768196470289,TRUE,1323,1440,FALSE
BAUA::BAUA_S002::2025-06-15,BAUA,BAUA::BAUA_S002,2025-06-15,13234.146194444438,4.121699209489545,18.198317792680527,4.350022846396136,51.498204,1.3409768196470289,TRUE,1440,1440,FALSE
BAUA::BAUA_S002::2025-06-16,BAUA,BAUA::BAUA_S002,2025-06-16,11122.214086373686,4.0461951550865844,18.20907755719291,4.360782610908519,51.498204,1.3409768196470289,TRUE,1401,1440,FALSE
BAUA::BAUA_S003::2025-06-11,BAUA,BAUA::BAUA_S003,2025-06-11,15547.695722222237,4.191668825933086,18.13485554655393,4.286560600269539,51.498204,1.3409768196470289,TRUE,1440,1440,FALSE
BAUA::BAUA_S003::2025-06-12,BAUA,BAUA::BAUA_S003,2025-06-12,16795.57191666665,4.225197382626243,18.15373947189914,4.3054445256147496,51.498204,1.3409768196470289,TRUE,1440,1440,FALSE
BAUA::BAUA_S003::2025-06-13,BAUA,BAUA::BAUA_S003,2025-06-13,18115.60005555554,4.258055121389618,18.170627665254806,4.322332718970415,51.498204,1.3409768196470289,TRUE,1440,1440,FALSE
BAUA::BAUA_S003::2025-06-14,BAUA,BAUA::BAUA_S003,2025-06-14,1447.19795550197,3.1605579486101214,18.18549463795291,4.33719969166852,51.498204,1.3409768196470289,TRUE,1439,1440,FALSE
BAUA::BAUA_S003::2025-06-15,BAUA,BAUA::BAUA_S003,2025-06-15,5282.475144685255,3.7228456836117214,18.198317792680527,4.350022846396136,51.498204,1.3409768196470289,TRUE,1425,1440,FALSE
BAUA::BAUA_S003::2025-06-16,BAUA,BAUA::BAUA_S003,2025-06-16,211.8192667903849,2.3261704426964944,18.20907755719291,4.360782610908519,51.498204,1.3409768196470289,TRUE,1416,1440,FALSE
BAUA::BAUA_S004::2025-06-11,BAUA,BAUA::BAUA_S004,2025-06-11,27422.138581906423,4.43810290501534,18.13485554655393,4.286560600269539,51.498204,1.3409768196470289,TRUE,1351,1440,FALSE
BAUA::BAUA_S004::2025-06-12,BAUA,BAUA::BAUA_S004,2025-06-12,16838.537509185808,4.226306947841715,18.15373947189914,4.3054445256147496,51.498204,1.3409768196470289,TRUE,1282,1440,FALSE
BAUA::BAUA_S004::2025-06-13,BAUA,BAUA::BAUA_S004,2025-06-13,10866.94681369424,4.0361115379435555,18.170627665254806,4.322332718970415,51.498204,1.3409768196470289,TRUE,1378,1440,FALSE
BAUA::BAUA_S004::2025-06-14,BAUA,BAUA::BAUA_S004,2025-06-14,37819.4694984331,4.577716580946909,18.18549463795291,4.33719969166852,51.498204,1.3409768196470289,TRUE,1379,1440,FALSE
BAUA::BAUA_S004::2025-06-15,BAUA,BAUA::BAUA_S004,2025-06-15,2299.3608872293325,3.3616260268237603,18.198317792680527,4.350022846396136,51.498204,1.3409768196470289,TRUE,1304,1440,FALSE
BAUA::BAUA_S004::2025-06-16,BAUA,BAUA::BAUA_S004,2025-06-16,17896.08147431629,4.252760375027698,18.20907755719291,4.360782610908519,51.498204,1.3409768196470289,TRUE,1300,1440,FALSE
BAUA::BAUA_S005::2025-06-11,BAUA,BAUA::BAUA_S005,2025-06-11,4981.903646809362,3.697404041102656,18.13485554655393,4.286560600269539,51.498204,1.3409768196470289,TRUE,1306,1440,FALSE
BAUA::BAUA_S005::2025-06-14,BAUA,BAUA::BAUA_S005,2025-06-14,14346.063888888892,4.156735787856838,18.18549463795291,4.33719969166852,51.498204,1.3409768196470289,TRUE,1440,1440,FALSE
BAUA::BAUA_S005::2025-06-15,BAUA,BAUA::BAUA_S005,2025-06-15,308.6822500000001,2.4896523274518683,18.198317792680527,4.350022846396136,51.498204,1.3409768196470289,TRUE,1440,1440,FALSE
BAUA::BAUA_S006::2025-06-11,BAUA,BAUA::BAUA_S006,2025-06-11,49524.16244653266,4.694818016410763,18.13485554655393,4.286560600269539,51.498204,1.3409768196470289,TRUE,1410,1440,FALSE
BAUA::BAUA_S006::2025-06-12,BAUA,BAUA::BAUA_S006,2025-06-12,14792.789083333331,4.170053000935186,18.15373947189914,4.3054445256147496,51.498204,1.3409768196470289,TRUE,1440,1440,FALSE
BAUA::BAUA_S006::2025-06-13,BAUA,BAUA::BAUA_S006,2025-06-13,82858.4248105801,4.918337196976662,18.170627665254806,4.322332718970415,51.498204,1.3409768196470289,TRUE,1376,1440,FALSE
BAUA::BAUA_S006::2025-06-15,BAUA,BAUA::BAUA_S006,2025-06-15,6.572777777777778,0.8243066618668248,18.198317792680527,4.350022846396136,51.498204,1.3409768196470289,TRUE,1440,1440,FALSE
BAUA::BAUA_S006::2025-06-16,BAUA,BAUA::BAUA_S006,2025-06-16,10952.733055555553,4.039526468149299,18.20907755719291,4.360782610908519,51.498204,1.3409768196470289,TRUE,1440,1440,FALSE
BAUA::BAUA_S008::2025-06-25,BAUA,BAUA::BAUA_S008,2025-06-25,2683.397138888888,3.4287011365839524,18.211450270281897,4.363155323997507,51.498204,1.3409768196470289,TRUE,1440,1440,FALSE
BAUA::BAUA_S008::2025-06-26,BAUA,BAUA::BAUA_S008,2025-06-26,1338.88736111111,3.1267764776650275,18.201224926577673,4.352929980293283,51.498204,1.3409768196470289,TRUE,1440,1440,FALSE
BAUA::BAUA_S008::2025-06-27,BAUA,BAUA::BAUA_S008,2025-06-27,482.1778055555554,2.6832972761318357,18.188940423462125,4.340645477177734,51.498204,1.3409768196470289,TRUE,1440,1440,FALSE
BAUA::BAUA_S008::2025-06-28,BAUA,BAUA::BAUA_S008,2025-06-28,1695.4521111111098,3.2293111419290375,18.174617048899332,4.326322102614942,51.498204,1.3409768196470289,TRUE,1440,1440,FALSE
BAUA::BAUA_S008::2025-06-29,BAUA,BAUA::BAUA_S008,2025-06-29,1565.2216388888896,3.1946035889383393,18.15827808989419,4.309983143609799,51.498204,1.3409768196470289,TRUE,1440,1440,FALSE
BAUA::BAUA_S008::2025-06-30,BAUA,BAUA::BAUA_S008,2025-06-30,1196.110333333334,3.0778075496981105,18.13994969639513,4.291654750110741,51.498204,1.3409768196470289,TRUE,1440,1440,FALSE
BAUA::BAUA_S009::2025-06-25,BAUA,BAUA::BAUA_S009,2025-06-25,112339.88303784716,5.050534353966241,18.211450270281897,4.363155323997507,51.498204,1.3409768196470289,TRUE,1324,1440,FALSE
BAUA::BAUA_S009::2025-06-26,BAUA,BAUA::BAUA_S009,2025-06-26,22319.848808123566,4.348693194191394,18.201224926577673,4.352929980293283,51.498204,1.3409768196470289,TRUE,1345,1440,FALSE
BAUA::BAUA_S009::2025-06-27,BAUA,BAUA::BAUA_S009,2025-06-27,28128.241086945887,4.449144119721903,18.188940423462125,4.340645477177734,51.498204,1.3409768196470289,TRUE,1404,1440,FALSE
BAUA::BAUA_S009::2025-06-28,BAUA,BAUA::BAUA_S009,2025-06-28,31946.416638888903,4.50442351078919,18.174617048899332,4.326322102614942,51.498204,1.3409768196470289,TRUE,1440,1440,FALSE
BAUA::BAUA_S009::2025-06-29,BAUA,BAUA::BAUA_S009,2025-06-29,135635.77463888895,5.132374572253113,18.15827808989419,4.309983143609799,51.498204,1.3409768196470289,TRUE,1440,1440,FALSE
BAUA::BAUA_S009::2025-06-30,BAUA,BAUA::BAUA_S009,2025-06-30,53574.22575,4.728956714013501,18.13994969639513,4.291654750110741,51.498204,1.3409768196470289,TRUE,1440,1440,FALSE
BAUA::BAUA_S010::2025-06-28,BAUA,BAUA::BAUA_S010,2025-06-28,14983.408778722016,4.17561352663444,18.174617048899332,4.326322102614942,51.498204,1.3409768196470289,TRUE,1343,1440,FALSE
BAUA::BAUA_S010::2025-06-29,BAUA,BAUA::BAUA_S010,2025-06-29,2843.4039999999986,3.4538538435172192,18.15827808989419,4.309983143609799,51.498204,1.3409768196470289,TRUE,1440,1440,FALSE
BAUA::BAUA_S012::2025-07-16,BAUA,BAUA::BAUA_S012,2025-07-16,1196.9941415950782,3.078128305433626,17.605919546220036,3.757624599935646,51.498204,1.3409768196470289,TRUE,1219,1440,FALSE
BAUA::BAUA_S012::2025-07-17,BAUA,BAUA::BAUA_S012,2025-07-17,4772.063456487777,3.6787153107390655,17.559705352187155,3.7114104059027646,51.498204,1.3409768196470289,TRUE,1392,1440,FALSE
BAUA::BAUA_S012::2025-07-18,BAUA,BAUA::BAUA_S012,2025-07-18,9457.643500000007,3.975787531497428,17.51226164135668,3.66396669507229,51.498204,1.3409768196470289,TRUE,1440,1440,FALSE
BAUA::BAUA_S012::2025-07-19,BAUA,BAUA::BAUA_S012,2025-07-19,1024.1760316603413,3.010417010226135,17.463635578751564,3.6153406324671735,51.498204,1.3409768196470289,TRUE,1243,1440,FALSE
BAUA::BAUA_S012::2025-07-20,BAUA,BAUA::BAUA_S012,2025-07-20,59190.72406989009,4.77225438637352,17.413873874545096,3.565578928260706,51.498204,1.3409768196470289,TRUE,1238,1440,FALSE
BAUA::BAUA_S013::2025-07-16,BAUA,BAUA::BAUA_S013,2025-07-16,1940.2925552029021,3.2878895996787727,17.605919546220036,3.757624599935646,51.498204,1.3409768196470289,TRUE,1430,1440,FALSE
BAUA::BAUA_S013::2025-07-17,BAUA,BAUA::BAUA_S013,2025-07-17,6122.848340295495,3.78696059528103,17.559705352187155,3.7114104059027646,51.498204,1.3409768196470289,TRUE,1420,1440,FALSE
BAUA::BAUA_S013::2025-07-18,BAUA,BAUA::BAUA_S013,2025-07-18,25547.77627777777,4.407354804307284,17.51226164135668,3.66396669507229,51.498204,1.3409768196470289,TRUE,1440,1440,FALSE
BAUA::BAUA_S013::2025-07-19,BAUA,BAUA::BAUA_S013,2025-07-19,29860.34804396314,4.475096319851197,17.463635578751564,3.6153406324671735,51.498204,1.3409768196470289,TRUE,1438,1440,FALSE
BAUA::BAUA_S013::2025-07-20,BAUA,BAUA::BAUA_S013,2025-07-20,11045.431416666666,4.043186615252631,17.413873874545096,3.565578928260706,51.498204,1.3409768196470289,TRUE,1440,1440,FALSE
BAUA::BAUA_S013::2025-07-21,BAUA,BAUA::BAUA_S013,2025-07-21,11058.630742561842,4.0437052840090155,17.36302268412378,3.51472773783939,51.498204,1.3409768196470289,TRUE,1338,1440,FALSE
BAUA::BAUA_S014::2025-07-16,BAUA,BAUA::BAUA_S014,2025-07-16,10073.39277777779,4.003180079402575,17.605919546220036,3.757624599935646,51.498204,1.3409768196470289,TRUE,1440,1440,FALSE
BAUA::BAUA_S014::2025-07-17,BAUA,BAUA::BAUA_S014,2025-07-17,12011.52330555556,4.079601703906246,17.559705352187155,3.7114104059027646,51.498204,1.3409768196470289,TRUE,1440,1440,FALSE
BAUA::BAUA_S014::2025-07-18,BAUA,BAUA::BAUA_S014,2025-07-18,19539.32313888891,4.290911737924438,17.51226164135668,3.66396669507229,51.498204,1.3409768196470289,TRUE,1440,1440,FALSE
BAUA::BAUA_S014::2025-07-19,BAUA,BAUA::BAUA_S014,2025-07-19,15878.71613888888,4.200818120036058,17.463635578751564,3.6153406324671735,51.498204,1.3409768196470289,TRUE,1440,1440,FALSE
BAUA::BAUA_S014::2025-07-20,BAUA,BAUA::BAUA_S014,2025-07-20,37988.686388888855,4.579655419560837,17.413873874545096,3.565578928260706,51.498204,1.3409768196470289,TRUE,1440,1440,FALSE
BAUA::BAUA_S014::2025-07-21,BAUA,BAUA::BAUA_S014,2025-07-21,10864.077638888886,4.0359968580924,17.36302268412378,3.51472773783939,51.498204,1.3409768196470289,TRUE,1440,1440,FALSE
BAUA::BAUA_S015::2025-07-23,BAUA,BAUA::BAUA_S015,2025-07-23,35915.894899212704,4.555287901209346,17.25823315329022,3.4099382070058297,51.498204,1.3409768196470289,TRUE,1412,1440,FALSE
BAUA::BAUA_S015::2025-07-24,BAUA,BAUA::BAUA_S015,2025-07-24,2851.229929821019,3.455047472802428,17.20438357512156,3.3560886288371705,51.498204,1.3409768196470289,TRUE,1377,1440,FALSE
BAUA::BAUA_S015::2025-07-25,BAUA,BAUA::BAUA_S015,2025-07-25,5506.371189436239,3.740873371281162,17.14962189859814,3.301326952313751,51.498204,1.3409768196470289,TRUE,1164,1440,FALSE
BAUA::BAUA_S015::2025-07-26,BAUA,BAUA::BAUA_S015,2025-07-26,5504.577666666665,3.7407318933919678,17.093990320430862,3.2456953741464716,51.498204,1.3409768196470289,TRUE,1440,1440,FALSE
BAUA::BAUA_S015::2025-07-27,BAUA,BAUA::BAUA_S015,2025-07-27,3200.541005388151,3.505236964952539,17.037530069549877,3.1892351232654867,51.498204,1.3409768196470289,TRUE,1383,1440,FALSE
BAUA::BAUA_S016::2025-07-23,BAUA,BAUA::BAUA_S016,2025-07-23,4483.660749145197,3.6516424308412794,17.25823315329022,3.4099382070058297,51.498204,1.3409768196470289,TRUE,1271,1440,FALSE
BAUA::BAUA_S016::2025-07-24,BAUA,BAUA::BAUA_S016,2025-07-24,2063.7396250846946,3.3146759465177564,17.20438357512156,3.3560886288371705,51.498204,1.3409768196470289,TRUE,1337,1440,FALSE
BAUA::BAUA_S016::2025-07-25,BAUA,BAUA::BAUA_S016,2025-07-25,3599.3228301956215,3.5562328669459067,17.14962189859814,3.301326952313751,51.498204,1.3409768196470289,TRUE,1421,1440,FALSE
BAUA::BAUA_S016::2025-07-26,BAUA,BAUA::BAUA_S016,2025-07-26,2169.7051295222923,3.336420731556636,17.093990320430862,3.2456953741464716,51.498204,1.3409768196470289,TRUE,1322,1440,FALSE
BAUA::BAUA_S016::2025-07-28,BAUA,BAUA::BAUA_S016,2025-07-28,1107.8998000169781,3.044539682006553,16.98028136703703,3.1319864207526393,51.498204,1.3409768196470289,TRUE,1307,1440,FALSE
BAUA::BAUA_S017::2025-09-09,BAUA,BAUA::BAUA_S017,2025-09-09,2924.0052222222234,3.465992996400829,14.173865788976352,0.32557084269196146,51.498204,1.3409768196470289,TRUE,1440,1440,FALSE
BAUA::BAUA_S017::2025-09-10,BAUA,BAUA::BAUA_S017,2025-09-10,18151.63391666665,4.258918116670931,14.106545170876714,0.2582502245923237,51.498204,1.3409768196470289,TRUE,1440,1440,FALSE
BAUA::BAUA_S017::2025-09-11,BAUA,BAUA::BAUA_S017,2025-09-11,9726.555222222223,3.9879635218444194,14.039288122190369,0.19099317590597842,51.498204,1.3409768196470289,TRUE,1440,1440,FALSE
BAUA::BAUA_S017::2025-09-12,BAUA,BAUA::BAUA_S017,2025-09-12,22122.29027777776,4.344832049773965,13.972100253105163,0.12380530682077229,51.498204,1.3409768196470289,TRUE,1440,1440,FALSE
BAUA::BAUA_S017::2025-09-13,BAUA,BAUA::BAUA_S017,2025-09-13,6595.76305626201,3.81927163021579,13.904986972941293,0.05669202665690243,51.498204,1.3409768196470289,TRUE,1356,1440,FALSE
BAUA::BAUA_S017::2025-09-14,BAUA,BAUA::BAUA_S017,2025-09-14,52390.69263888895,4.719254969092946,13.837953510483105,-0.010341435801285215,51.498204,1.3409768196470289,TRUE,1440,1440,FALSE
BAUA::BAUA_S018::2025-09-09,BAUA,BAUA::BAUA_S018,2025-09-09,2156.6396388888897,3.3337977203372784,14.173865788976352,0.32557084269196146,51.498204,1.3409768196470289,TRUE,1440,1440,FALSE
BAUA::BAUA_S018::2025-09-10,BAUA,BAUA::BAUA_S018,2025-09-10,2561.4934166666644,3.4085101984333543,14.106545170876714,0.2582502245923237,51.498204,1.3409768196470289,TRUE,1440,1440,FALSE
BAUA::BAUA_S018::2025-09-11,BAUA,BAUA::BAUA_S018,2025-09-11,5645.303453278309,3.7516949845729965,14.039288122190369,0.19099317590597842,51.498204,1.3409768196470289,TRUE,1406,1440,FALSE
BAUA::BAUA_S018::2025-09-12,BAUA,BAUA::BAUA_S018,2025-09-12,1284.9168833593658,3.1089088337386284,13.972100253105163,0.12380530682077229,51.498204,1.3409768196470289,TRUE,1351,1440,FALSE
BAUA::BAUA_S018::2025-09-13,BAUA,BAUA::BAUA_S018,2025-09-13,1861.5707365888632,3.2699028721730503,13.904986972941293,0.05669202665690243,51.498204,1.3409768196470289,TRUE,1389,1440,FALSE
BAUA::BAUA_S018::2025-09-14,BAUA,BAUA::BAUA_S018,2025-09-14,85.61869444444454,1.9330755478120285,13.837953510483105,-0.010341435801285215,51.498204,1.3409768196470289,TRUE,1440,1440,FALSE
BAUA::BAUA_S022::2025-09-24,BAUA,BAUA::BAUA_S022,2025-09-24,6713.125161876894,3.8269312136858544,13.17307060652309,-0.6752243397613,51.498204,1.3409768196470289,TRUE,1430,1440,FALSE
BAUA::BAUA_S022::2025-09-25,BAUA,BAUA::BAUA_S022,2025-09-25,1885.7080143293397,3.2754974770750027,13.107228702041837,-0.7410662442425533,51.498204,1.3409768196470289,TRUE,1413,1440,FALSE
BAUA::BAUA_S022::2025-09-26,BAUA,BAUA::BAUA_S022,2025-09-26,18103.94572222225,4.257775637769681,13.041522514886326,-0.8067724313980644,51.498204,1.3409768196470289,TRUE,1440,1440,FALSE
BAUA::BAUA_S022::2025-09-27,BAUA,BAUA::BAUA_S022,2025-09-27,10875.451472222216,4.0364512881803,12.975956710047193,-0.8723382362371979,51.498204,1.3409768196470289,TRUE,1440,1440,FALSE
BAUA::BAUA_S022::2025-09-28,BAUA,BAUA::BAUA_S022,2025-09-28,70424.5246388887,4.847724540887576,12.910536039935218,-0.9377589063491722,51.498204,1.3409768196470289,TRUE,1440,1440,FALSE
BAUA::BAUA_S022::2025-09-29,BAUA,BAUA::BAUA_S022,2025-09-29,27578.35952777776,4.440570003780721,12.845265362262726,-1.0030295840216645,51.498204,1.3409768196470289,TRUE,1440,1440,FALSE
BAUA::BAUA_S023::2025-09-24,BAUA,BAUA::BAUA_S023,2025-09-24,10669.755000000017,4.028158517538082,13.17307060652309,-0.6752243397613,51.498204,1.3409768196470289,TRUE,1440,1440,FALSE
BAUA::BAUA_S023::2025-09-25,BAUA,BAUA::BAUA_S023,2025-09-25,2250.347833333331,3.3522689501969336,13.107228702041837,-0.7410662442425533,51.498204,1.3409768196470289,TRUE,1440,1440,FALSE
BAUA::BAUA_S023::2025-09-26,BAUA,BAUA::BAUA_S023,2025-09-26,2283.957250000001,3.3587069853213962,13.041522514886326,-0.8067724313980644,51.498204,1.3409768196470289,TRUE,1440,1440,FALSE
BAUA::BAUA_S023::2025-09-27,BAUA,BAUA::BAUA_S023,2025-09-27,6315.952722222223,3.8004457465538977,12.975956710047193,-0.8723382362371979,51.498204,1.3409768196470289,TRUE,1440,1440,FALSE
BAUA::BAUA_S023::2025-09-28,BAUA,BAUA::BAUA_S023,2025-09-28,1999.063277777777,3.300848265724962,12.910536039935218,-0.9377589063491722,51.498204,1.3409768196470289,TRUE,1440,1440,FALSE
BAUA::BAUA_S023::2025-09-29,BAUA,BAUA::BAUA_S023,2025-09-29,7659.61877777778,3.8842128250501893,12.845265362262726,-1.0030295840216645,51.498204,1.3409768196470289,TRUE,1440,1440,FALSE
BAUA::BAUA_S024::2025-10-14,BAUA,BAUA::BAUA_S024,2025-10-14,412.18688888888863,2.615199524047672,11.888039366337988,-1.960255579946402,51.498204,1.3409768196470289,TRUE,1440,1440,FALSE
BAUA::BAUA_S024::2025-10-15,BAUA,BAUA::BAUA_S024,2025-10-15,402.1794166666672,2.6045278116993313,11.825984905560812,-2.0223100407235783,51.498204,1.3409768196470289,TRUE,1440,1440,FALSE
BAUA::BAUA_S024::2025-10-17,BAUA,BAUA::BAUA_S024,2025-10-17,363.71037392413666,2.5608750786575736,11.702684059407975,-2.1456108868764154,51.498204,1.3409768196470289,TRUE,1426,1440,FALSE
BAUA::BAUA_S024::2025-10-18,BAUA,BAUA::BAUA_S024,2025-10-18,7865.190054602623,3.8957147430801715,11.641457739075024,-2.2068372072093663,51.498204,1.3409768196470289,TRUE,1426,1440,FALSE
BAUA::BAUA_S024::2025-10-19,BAUA,BAUA::BAUA_S024,2025-10-19,11406.541693865816,4.057157799676406,11.580528282059564,-2.267766664224826,51.498204,1.3409768196470289,TRUE,1413,1440,FALSE
BAUA::BAUA_S025::2025-10-14,BAUA,BAUA::BAUA_S025,2025-10-14,1855.2058888888864,3.268415523064059,11.888039366337988,-1.960255579946402,51.498204,1.3409768196470289,TRUE,1440,1440,FALSE
BAUA::BAUA_S025::2025-10-15,BAUA,BAUA::BAUA_S025,2025-10-15,2714.117469080491,3.4336446413480166,11.825984905560812,-2.0223100407235783,51.498204,1.3409768196470289,TRUE,1411,1440,FALSE
BAUA::BAUA_S025::2025-10-16,BAUA,BAUA::BAUA_S025,2025-10-16,437.5320760184997,2.6411091458832154,11.764196532567341,-2.084098413717049,51.498204,1.3409768196470289,TRUE,1406,1440,FALSE
BAUA::BAUA_S025::2025-10-17,BAUA,BAUA::BAUA_S025,2025-10-17,4558.212166666674,3.658804063630331,11.702684059407975,-2.1456108868764154,51.498204,1.3409768196470289,TRUE,1440,1440,FALSE
BAUA::BAUA_S025::2025-10-18,BAUA,BAUA::BAUA_S025,2025-10-18,4841.291138888887,3.6849701709695384,11.641457739075024,-2.2068372072093663,51.498204,1.3409768196470289,TRUE,1440,1440,FALSE
BAUA::BAUA_S025::2025-10-19,BAUA,BAUA::BAUA_S025,2025-10-19,7061.51691666667,3.848904153967606,11.580528282059564,-2.267766664224826,51.498204,1.3409768196470289,TRUE,1440,1440,FALSE
FUSPCEU::FUSPCEU_S003::2024-10-08,FUSPCEU,FUSPCEU::FUSPCEU_S003,2024-10-08,2849.9217228407197,3.4548481702098792,12.348446626994345,-1.4998483192900451,40.4165,0.2328064196470283,TRUE,1221,1440,FALSE
FUSPCEU::FUSPCEU_S003::2024-10-09,FUSPCEU,FUSPCEU::FUSPCEU_S003,2024-10-09,4701.956316785354,3.6722878263888035,12.305623547832171,-1.5426713984522191,40.4165,0.2328064196470283,TRUE,1395,1440,FALSE
FUSPCEU::FUSPCEU_S003::2024-10-10,FUSPCEU,FUSPCEU::FUSPCEU_S003,2024-10-10,10244.141361111104,4.010479802182555,12.26295735961861,-1.58533758666578,40.4165,0.2328064196470283,TRUE,1440,1440,FALSE
FUSPCEU::FUSPCEU_S003::2024-10-11,FUSPCEU,FUSPCEU::FUSPCEU_S003,2024-10-11,6675.827500000001,3.8245116116319986,12.220454689529207,-1.6278402567551833,40.4165,0.2328064196470283,TRUE,1440,1440,FALSE
FUSPCEU::FUSPCEU_S003::2024-10-12,FUSPCEU,FUSPCEU::FUSPCEU_S003,2024-10-12,2491.6061666666637,3.3964968270243876,12.178122354679637,-1.6701725916047536,40.4165,0.2328064196470283,TRUE,1440,1440,FALSE
FUSPCEU::FUSPCEU_S003::2024-10-13,FUSPCEU,FUSPCEU::FUSPCEU_S003,2024-10-13,8984.268638888894,3.953487563216749,12.13596737186114,-1.7123275744232505,40.4165,0.2328064196470283,TRUE,1440,1440,FALSE
FUSPCEU::FUSPCEU_S004::2024-10-08,FUSPCEU,FUSPCEU::FUSPCEU_S004,2024-10-08,1951.914083333332,3.2904829466769274,12.348446626994345,-1.4998483192900451,40.4165,0.2328064196470283,TRUE,1440,1440,FALSE
FUSPCEU::FUSPCEU_S004::2024-10-09,FUSPCEU,FUSPCEU::FUSPCEU_S004,2024-10-09,1589.6623888888878,3.201332218090384,12.305623547832171,-1.5426713984522191,40.4165,0.2328064196470283,TRUE,1440,1440,FALSE
FUSPCEU::FUSPCEU_S004::2024-10-11,FUSPCEU,FUSPCEU::FUSPCEU_S004,2024-10-11,14325.342555555559,4.156108047495755,12.220454689529207,-1.6278402567551833,40.4165,0.2328064196470283,TRUE,1440,1440,FALSE
FUSPCEU::FUSPCEU_S004::2024-10-13,FUSPCEU,FUSPCEU::FUSPCEU_S004,2024-10-13,35947.43666666661,4.555669135366251,12.13596737186114,-1.7123275744232505,40.4165,0.2328064196470283,TRUE,1440,1440,FALSE
FUSPCEU::FUSPCEU_S005::2024-10-15,FUSPCEU,FUSPCEU::FUSPCEU_S005,2024-10-15,4426.915888888888,3.6461110806968025,12.052218589584033,-1.7960763567003575,40.4165,0.2328064196470283,TRUE,1440,1440,FALSE
FUSPCEU::FUSPCEU_S005::2024-10-17,FUSPCEU,FUSPCEU::FUSPCEU_S005,2024-10-17,949.0741166386066,2.977345886778453,11.969268852670988,-1.879026093613403,40.4165,0.2328064196470283,TRUE,1309,1440,FALSE
FUSPCEU::FUSPCEU_S005::2024-10-18,FUSPCEU,FUSPCEU::FUSPCEU_S005,2024-10-18,21216.395115810898,4.326673641696191,11.928113571604094,-1.920181374680297,40.4165,0.2328064196470283,TRUE,1439,1440,FALSE
FUSPCEU::FUSPCEU_S005::2024-10-19,FUSPCEU,FUSPCEU::FUSPCEU_S005,2024-10-19,7381.791447902572,3.8681676545248322,11.88718248864015,-1.9611124576442407,40.4165,0.2328064196470283,TRUE,1337,1440,FALSE
FUSPCEU::FUSPCEU_S005::2024-10-20,FUSPCEU,FUSPCEU::FUSPCEU_S005,2024-10-20,11.48122222222222,1.0637543950007966,11.846484287579854,-2.001810658704537,40.4165,0.2328064196470283,TRUE,1437,1440,FALSE
FUSPCEU::FUSPCEU_S006::2024-10-15,FUSPCEU,FUSPCEU::FUSPCEU_S006,2024-10-15,3604.2706216006263,3.5568294411972565,12.052218589584033,-1.7960763567003575,40.4165,0.2328064196470283,TRUE,1368,1440,FALSE
FUSPCEU::FUSPCEU_S006::2024-10-16,FUSPCEU,FUSPCEU::FUSPCEU_S006,2024-10-16,19704.76983592144,4.2945735704004155,12.010639912883441,-1.8376550334009494,40.4165,0.2328064196470283,TRUE,1398,1440,FALSE
FUSPCEU::FUSPCEU_S006::2024-10-17,FUSPCEU,FUSPCEU::FUSPCEU_S006,2024-10-17,4889.340533867952,3.689259168539914,11.969268852670988,-1.879026093613403,40.4165,0.2328064196470283,TRUE,1419,1440,FALSE
FUSPCEU::FUSPCEU_S006::2024-10-18,FUSPCEU,FUSPCEU::FUSPCEU_S006,2024-10-18,28584.58546634508,4.456133417785826,11.928113571604094,-1.920181374680297,40.4165,0.2328064196470283,TRUE,1369,1440,FALSE
FUSPCEU::FUSPCEU_S006::2024-10-19,FUSPCEU,FUSPCEU::FUSPCEU_S006,2024-10-19,30718.99250000001,4.487408381669897,11.88718248864015,-1.9611124576442407,40.4165,0.2328064196470283,TRUE,1384,1440,FALSE
FUSPCEU::FUSPCEU_S007::2024-10-22,FUSPCEU,FUSPCEU::FUSPCEU_S007,2024-10-22,3395.3562088646486,3.530898133751055,11.765822637412283,-2.0824723088721075,40.4165,0.2328064196470283,TRUE,1385,1440,FALSE
FUSPCEU::FUSPCEU_S007::2024-10-23,FUSPCEU,FUSPCEU::FUSPCEU_S007,2024-10-23,1741.1502488130618,3.2408611914898127,11.725877948668268,-2.1224169976161225,40.4165,0.2328064196470283,TRUE,1425,1440,FALSE
FUSPCEU::FUSPCEU_S007::2024-10-24,FUSPCEU,FUSPCEU::FUSPCEU_S007,2024-10-24,5397.733358780175,3.732219472943852,11.68620367626349,-2.1620912700209,40.4165,0.2328064196470283,TRUE,1338,1440,FALSE
FUSPCEU::FUSPCEU_S007::2024-10-25,FUSPCEU,FUSPCEU::FUSPCEU_S007,2024-10-25,3870.2345729694084,3.5877485094410884,11.646809936960539,-2.201485009323852,40.4165,0.2328064196470283,TRUE,1406,1440,FALSE
FUSPCEU::FUSPCEU_S007::2024-10-26,FUSPCEU,FUSPCEU::FUSPCEU_S007,2024-10-26,10070.056749999998,4.003036230745297,11.607707152366638,-2.2405877939177525,40.4165,0.2328064196470283,TRUE,1440,1440,FALSE
FUSPCEU::FUSPCEU_S007::2024-10-27,FUSPCEU,FUSPCEU::FUSPCEU_S007,2024-10-27,3843.339630891182,3.5847200639725454,11.568906053569581,-2.2793888927148096,40.4165,0.2328064196470283,TRUE,1365,1500,FALSE
FUSPCEU::FUSPCEU_S008::2024-10-22,FUSPCEU,FUSPCEU::FUSPCEU_S008,2024-10-22,4770.2277222222265,3.67854821616037,11.765822637412283,-2.0824723088721075,40.4165,0.2328064196470283,TRUE,1440,1440,FALSE
FUSPCEU::FUSPCEU_S008::2024-10-23,FUSPCEU,FUSPCEU::FUSPCEU_S008,2024-10-23,3271.9298888888893,3.5148172621509444,11.725877948668268,-2.1224169976161225,40.4165,0.2328064196470283,TRUE,1440,1440,FALSE
FUSPCEU::FUSPCEU_S008::2024-10-24,FUSPCEU,FUSPCEU::FUSPCEU_S008,2024-10-24,2926.9790277777875,3.4664344480451645,11.68620367626349,-2.1620912700209,40.4165,0.2328064196470283,TRUE,1440,1440,FALSE
FUSPCEU::FUSPCEU_S008::2024-10-25,FUSPCEU,FUSPCEU::FUSPCEU_S008,2024-10-25,1450.2769722222222,3.161480895806005,11.646809936960539,-2.201485009323852,40.4165,0.2328064196470283,TRUE,1440,1440,FALSE
FUSPCEU::FUSPCEU_S008::2024-10-26,FUSPCEU,FUSPCEU::FUSPCEU_S008,2024-10-26,319.6775000000004,2.504847902907379,11.607707152366638,-2.2405877939177525,40.4165,0.2328064196470283,TRUE,1440,1440,FALSE
FUSPCEU::FUSPCEU_S008::2024-10-27,FUSPCEU,FUSPCEU::FUSPCEU_S008,2024-10-27,174.73755555555587,2.24263472588811,11.568906053569581,-2.2793888927148096,40.4165,0.2328064196470283,TRUE,1500,1500,FALSE
FUSPCEU::FUSPCEU_S009::2024-11-04,FUSPCEU,FUSPCEU::FUSPCEU_S009,2024-11-04,2697.90466666666,3.4310426965241088,11.270750055644248,-2.5775448906401426,40.4165,0.2328064196470283,TRUE,1440,1440,FALSE
FUSPCEU::FUSPCEU_S009::2024-11-05,FUSPCEU,FUSPCEU::FUSPCEU_S009,2024-11-05,2919.816527777779,3.465370436364972,11.235199311110708,-2.613095635173682,40.4165,0.2328064196470283,TRUE,1440,1440,FALSE
FUSPCEU::FUSPCEU_S009::2024-11-06,FUSPCEU,FUSPCEU::FUSPCEU_S009,2024-11-06,2379.376722222227,3.3764814605699995,11.200074996153514,-2.6482199501308763,40.4165,0.2328064196470283,TRUE,1440,1440,FALSE
FUSPCEU::FUSPCEU_S009::2024-11-07,FUSPCEU,FUSPCEU::FUSPCEU_S009,2024-11-07,3612.7391111111147,3.557848621763861,11.165391299592125,-2.6829036466922656,40.4165,0.2328064196470283,TRUE,1440,1440,FALSE
FUSPCEU::FUSPCEU_S009::2024-11-08,FUSPCEU,FUSPCEU::FUSPCEU_S009,2024-11-08,8140.750861111107,3.910669798620636,11.131162701845168,-2.717132244439222,40.4165,0.2328064196470283,TRUE,1440,1440,FALSE
FUSPCEU::FUSPCEU_S009::2024-11-09,FUSPCEU,FUSPCEU::FUSPCEU_S009,2024-11-09,2298.275694444448,3.3614210203000807,11.097403965526157,-2.750890980758234,40.4165,0.2328064196470283,TRUE,1440,1440,FALSE
FUSPCEU::FUSPCEU_S009::2024-11-10,FUSPCEU,FUSPCEU::FUSPCEU_S009,2024-11-10,8798.49469444445,3.9444133124700285,11.06413012444973,-2.7841648218346613,40.4165,0.2328064196470283,TRUE,1440,1440,FALSE
FUSPCEU::FUSPCEU_S010::2024-11-04,FUSPCEU,FUSPCEU::FUSPCEU_S010,2024-11-04,678.4405555555559,2.8315758100320454,11.270750055644248,-2.5775448906401426,40.4165,0.2328064196470283,TRUE,1440,1440,FALSE
FUSPCEU::FUSPCEU_S010::2024-11-05,FUSPCEU,FUSPCEU::FUSPCEU_S010,2024-11-05,9025.169723687117,3.9554601898307213,11.235199311110708,-2.613095635173682,40.4165,0.2328064196470283,TRUE,1413,1440,FALSE
FUSPCEU::FUSPCEU_S010::2024-11-06,FUSPCEU,FUSPCEU::FUSPCEU_S010,2024-11-06,4939.909722222221,3.6937278036409156,11.200074996153514,-2.6482199501308763,40.4165,0.2328064196470283,TRUE,1440,1440,FALSE
FUSPCEU::FUSPCEU_S010::2024-11-07,FUSPCEU,FUSPCEU::FUSPCEU_S010,2024-11-07,7695.591027777775,3.8862476230078213,11.165391299592125,-2.6829036466922656,40.4165,0.2328064196470283,TRUE,1440,1440,FALSE
FUSPCEU::FUSPCEU_S011::2024-11-12,FUSPCEU,FUSPCEU::FUSPCEU_S011,2024-11-12,49970.63969444436,4.698715778156572,10.999098544253243,-2.849196402031147,40.4165,0.2328064196470283,TRUE,1440,1440,FALSE
FUSPCEU::FUSPCEU_S011::2024-11-13,FUSPCEU,FUSPCEU::FUSPCEU_S011,2024-11-13,3481.6871944444424,3.541802223673103,10.967372110684712,-2.8809228355996783,40.4165,0.2328064196470283,TRUE,1440,1440,FALSE
FUSPCEU::FUSPCEU_S011::2024-11-14,FUSPCEU,FUSPCEU::FUSPCEU_S011,2024-11-14,2297.154388888892,3.3612090899157203,10.936193150546815,-2.912101795737575,40.4165,0.2328064196470283,TRUE,1440,1440,FALSE
FUSPCEU::FUSPCEU_S011::2024-11-16,FUSPCEU,FUSPCEU::FUSPCEU_S011,2024-11-16,43947.486441969806,4.642935029040811,10.875542518695196,-2.972752427589194,40.4165,0.2328064196470283,TRUE,1286,1440,FALSE
FUSPCEU::FUSPCEU_S011::2024-11-17,FUSPCEU,FUSPCEU::FUSPCEU_S011,2024-11-17,43154.60072222221,4.63502810912494,10.84610369225343,-3.0021912540309597,40.4165,0.2328064196470283,TRUE,1440,1440,FALSE
FUSPCEU::FUSPCEU_S012::2024-12-03,FUSPCEU,FUSPCEU::FUSPCEU_S012,2024-12-03,9250.122944444454,3.966152200022837,10.469824230074883,-3.378470716209508,40.4165,0.2328064196470283,TRUE,1440,1440,FALSE
FUSPCEU::FUSPCEU_S012::2024-12-04,FUSPCEU,FUSPCEU::FUSPCEU_S012,2024-12-04,20897.454222222208,4.320095460754699,10.453057371642855,-3.395237574641536,40.4165,0.2328064196470283,TRUE,1440,1440,FALSE
FUSPCEU::FUSPCEU_S012::2024-12-05,FUSPCEU,FUSPCEU::FUSPCEU_S012,2024-12-05,14030.660777777794,4.147081220039989,10.437175499664413,-3.4111194466199777,40.4165,0.2328064196470283,TRUE,1440,1440,FALSE
FUSPCEU::FUSPCEU_S012::2024-12-06,FUSPCEU,FUSPCEU::FUSPCEU_S012,2024-12-06,1992.3529166666667,3.299388067446591,10.42219187537829,-3.4261030709061,40.4165,0.2328064196470283,TRUE,1440,1440,FALSE
FUSPCEU::FUSPCEU_S012::2024-12-07,FUSPCEU,FUSPCEU::FUSPCEU_S012,2024-12-07,1210.3120833333332,3.082933250523058,10.408119205898709,-3.4401757403856816,40.4165,0.2328064196470283,TRUE,1440,1440,FALSE
FUSPCEU::FUSPCEU_S012::2024-12-08,FUSPCEU,FUSPCEU::FUSPCEU_S012,2024-12-08,247.9559444444443,2.3945496389855343,10.394969606002173,-3.453325340282218,40.4165,0.2328064196470283,TRUE,1440,1440,FALSE
FUSPCEU::FUSPCEU_S013::2024-11-19,FUSPCEU,FUSPCEU::FUSPCEU_S013,2024-11-19,11693.988861111106,4.067966389633263,10.789082120656968,-3.059212825627423,40.4165,0.2328064196470283,TRUE,1440,1440,FALSE
FUSPCEU::FUSPCEU_S013::2024-11-20,FUSPCEU,FUSPCEU::FUSPCEU_S013,2024-11-20,2707.2758888888916,3.432548556892507,10.761532905565367,-3.086762040719023,40.4165,0.2328064196470283,TRUE,1440,1440,FALSE
FUSPCEU::FUSPCEU_S013::2024-11-21,FUSPCEU,FUSPCEU::FUSPCEU_S013,2024-11-21,3099.3454722222227,3.4912840003193697,10.73464718706078,-3.1136477592236105,40.4165,0.2328064196470283,TRUE,1440,1440,FALSE
FUSPCEU::FUSPCEU_S013::2024-11-22,FUSPCEU,FUSPCEU::FUSPCEU_S013,2024-11-22,4816.343277777783,3.6827264500590853,10.708441830012534,-3.1398531162718566,40.4165,0.2328064196470283,TRUE,1440,1440,FALSE
FUSPCEU::FUSPCEU_S013::2024-11-23,FUSPCEU,FUSPCEU::FUSPCEU_S013,2024-11-23,1947.187250000001,3.289430020286481,10.682933683130477,-3.1653612631539136,40.4165,0.2328064196470283,TRUE,1440,1440,FALSE
FUSPCEU::FUSPCEU_S013::2024-11-24,FUSPCEU,FUSPCEU::FUSPCEU_S013,2024-11-24,2396.7856944444407,3.379647323372114,10.65813954671224,-3.1901553995721503,40.4165,0.2328064196470283,TRUE,1440,1440,FALSE
FUSPCEU::FUSPCEU_S014::2024-11-20,FUSPCEU,FUSPCEU::FUSPCEU_S014,2024-11-20,3235.701333333334,3.5099818496257558,10.761532905565367,-3.086762040719023,40.4165,0.2328064196470283,TRUE,1440,1440,FALSE
FUSPCEU::FUSPCEU_S014::2024-11-21,FUSPCEU,FUSPCEU::FUSPCEU_S014,2024-11-21,4363.96224099679,3.6398909359421276,10.73464718706078,-3.1136477592236105,40.4165,0.2328064196470283,TRUE,1408,1440,FALSE
FUSPCEU::FUSPCEU_S014::2024-11-22,FUSPCEU,FUSPCEU::FUSPCEU_S014,2024-11-22,9218.569749999986,3.9646682570715317,10.708441830012534,-3.1398531162718566,40.4165,0.2328064196470283,TRUE,1440,1440,FALSE
FUSPCEU::FUSPCEU_S014::2024-11-23,FUSPCEU,FUSPCEU::FUSPCEU_S014,2024-11-23,5027.896353990048,3.7013949540889843,10.682933683130477,-3.1653612631539136,40.4165,0.2328064196470283,TRUE,1319,1440,FALSE
FUSPCEU::FUSPCEU_S014::2024-11-24,FUSPCEU,FUSPCEU::FUSPCEU_S014,2024-11-24,3684.3238594698996,3.5663695860308153,10.65813954671224,-3.1901553995721503,40.4165,0.2328064196470283,TRUE,1241,1440,FALSE
FUSPCEU::FUSPCEU_S015::2024-11-26,FUSPCEU,FUSPCEU::FUSPCEU_S015,2024-11-26,1383.5037777777784,3.141011739137209,10.61076005200545,-3.237534894278941,40.4165,0.2328064196470283,TRUE,1440,1440,FALSE
FUSPCEU::FUSPCEU_S015::2024-11-27,FUSPCEU,FUSPCEU::FUSPCEU_S015,2024-11-27,9880.307722222207,3.9947748664355744,10.588207732571496,-3.260087213712895,40.4165,0.2328064196470283,TRUE,1440,1440,FALSE
FUSPCEU::FUSPCEU_S015::2024-11-28,FUSPCEU,FUSPCEU::FUSPCEU_S015,2024-11-28,7000.205777777783,3.8451170106858563,10.566435426274936,-3.281859520009455,40.4165,0.2328064196470283,TRUE,1440,1440,FALSE
FUSPCEU::FUSPCEU_S015::2024-11-29,FUSPCEU,FUSPCEU::FUSPCEU_S015,2024-11-29,1595.73211111111,3.2029871996379646,10.545459147691727,-3.302835798592664,40.4165,0.2328064196470283,TRUE,1440,1440,FALSE
FUSPCEU::FUSPCEU_S015::2024-11-30,FUSPCEU,FUSPCEU::FUSPCEU_S015,2024-11-30,13840.783018475518,4.141163798055577,10.525294639203283,-3.3230003070811076,40.4165,0.2328064196470283,TRUE,1282,1440,FALSE
FUSPCEU::FUSPCEU_S015::2024-12-01,FUSPCEU,FUSPCEU::FUSPCEU_S015,2024-12-01,2828.196944444439,3.4515250043340395,10.505957330796454,-3.3423376154879367,40.4165,0.2328064196470283,TRUE,1440,1440,FALSE
FUSPCEU::FUSPCEU_S016::2024-11-26,FUSPCEU,FUSPCEU::FUSPCEU_S016,2024-11-26,1776.4227493265546,3.249570773234708,10.61076005200545,-3.237534894278941,40.4165,0.2328064196470283,TRUE,1392,1440,FALSE
FUSPCEU::FUSPCEU_S016::2024-11-27,FUSPCEU,FUSPCEU::FUSPCEU_S016,2024-11-27,3861.4242834414918,3.586758770271498,10.588207732571496,-3.260087213712895,40.4165,0.2328064196470283,TRUE,1369,1440,FALSE
FUSPCEU::FUSPCEU_S016::2024-11-29,FUSPCEU,FUSPCEU::FUSPCEU_S016,2024-11-29,1297.275878127896,3.113065818911507,10.545459147691727,-3.302835798592664,40.4165,0.2328064196470283,TRUE,1238,1440,FALSE
FUSPCEU::FUSPCEU_S016::2024-11-30,FUSPCEU,FUSPCEU::FUSPCEU_S016,2024-11-30,661.7452777777783,2.8207564745440052,10.525294639203283,-3.3230003070811076,40.4165,0.2328064196470283,TRUE,1440,1440,FALSE
FUSPCEU::FUSPCEU_S017::2024-12-03,FUSPCEU,FUSPCEU::FUSPCEU_S017,2024-12-03,5589.334666666669,3.7473678841720974,10.469824230074883,-3.378470716209508,40.4165,0.2328064196470283,TRUE,1440,1440,FALSE
FUSPCEU::FUSPCEU_S017::2024-12-04,FUSPCEU,FUSPCEU::FUSPCEU_S017,2024-12-04,6238.8125000000055,3.7951088947450224,10.453057371642855,-3.395237574641536,40.4165,0.2328064196470283,TRUE,1440,1440,FALSE
FUSPCEU::FUSPCEU_S017::2024-12-05,FUSPCEU,FUSPCEU::FUSPCEU_S017,2024-12-05,23721.738944444438,4.375148353008754,10.437175499664413,-3.4111194466199777,40.4165,0.2328064196470283,TRUE,1440,1440,FALSE
FUSPCEU::FUSPCEU_S017::2024-12-06,FUSPCEU,FUSPCEU::FUSPCEU_S017,2024-12-06,281.9001944444445,2.450249407773688,10.42219187537829,-3.4261030709061,40.4165,0.2328064196470283,TRUE,1440,1440,FALSE
FUSPCEU::FUSPCEU_S017::2024-12-08,FUSPCEU,FUSPCEU::FUSPCEU_S017,2024-12-08,2291.5797315237623,3.360153923700821,10.394969606002173,-3.453325340282218,40.4165,0.2328064196470283,TRUE,1299,1440,FALSE
FUSPCEU::FUSPCEU_S018::2024-12-10,FUSPCEU,FUSPCEU::FUSPCEU_S018,2024-12-10,453.687333333333,2.65685236915973,10.371484889454312,-3.476810056830079,40.4165,0.2328064196470283,TRUE,1440,1440,FALSE
FUSPCEU::FUSPCEU_S018::2024-12-11,FUSPCEU,FUSPCEU::FUSPCEU_S018,2024-12-11,1505.8782500000004,3.177818699638127,10.361170710656378,-3.4871242356280128,40.4165,0.2328064196470283,TRUE,1440,1440,FALSE
FUSPCEU::FUSPCEU_S018::2024-12-12,FUSPCEU,FUSPCEU::FUSPCEU_S018,2024-12-12,666.4123333333332,2.8238081901325525,10.351821409728792,-3.496473536555598,40.4165,0.2328064196470283,TRUE,1440,1440,FALSE
FUSPCEU::FUSPCEU_S018::2024-12-13,FUSPCEU,FUSPCEU::FUSPCEU_S018,2024-12-13,526.5021944444453,2.7214826645557078,10.343445607622465,-3.5048493386619253,40.4165,0.2328064196470283,TRUE,1440,1440,FALSE
FUSPCEU::FUSPCEU_S018::2024-12-14,FUSPCEU,FUSPCEU::FUSPCEU_S018,2024-12-14,238.97772297913534,2.3785391108796214,10.336051132281622,-3.512243814002769,40.4165,0.2328064196470283,TRUE,1301,1440,FALSE
FUSPCEU::FUSPCEU_S018::2024-12-15,FUSPCEU,FUSPCEU::FUSPCEU_S018,2024-12-15,266.85005555555585,2.426430015575905,10.329644992086623,-3.518649954197768,40.4165,0.2328064196470283,TRUE,1440,1440,FALSE
FUSPCEU::FUSPCEU_S019::2024-12-10,FUSPCEU,FUSPCEU::FUSPCEU_S019,2024-12-10,5720.514444444454,3.7574426783559853,10.371484889454312,-3.476810056830079,40.4165,0.2328064196470283,TRUE,1440,1440,FALSE
FUSPCEU::FUSPCEU_S019::2024-12-11,FUSPCEU,FUSPCEU::FUSPCEU_S019,2024-12-11,1722.0583333333338,3.236073077507799,10.361170710656378,-3.4871242356280128,40.4165,0.2328064196470283,TRUE,1440,1440,FALSE
FUSPCEU::FUSPCEU_S019::2024-12-12,FUSPCEU,FUSPCEU::FUSPCEU_S019,2024-12-12,193.35852777777765,2.2865878784625506,10.351821409728792,-3.496473536555598,40.4165,0.2328064196470283,TRUE,1440,1440,FALSE
FUSPCEU::FUSPCEU_S019::2024-12-13,FUSPCEU,FUSPCEU::FUSPCEU_S019,2024-12-13,1688.1271111111103,3.2274308702918035,10.343445607622465,-3.5048493386619253,40.4165,0.2328064196470283,TRUE,1440,1440,FALSE
FUSPCEU::FUSPCEU_S019::2024-12-14,FUSPCEU,FUSPCEU::FUSPCEU_S019,2024-12-14,3447.3626666666655,3.5374995718026523,10.336051132281622,-3.512243814002769,40.4165,0.2328064196470283,TRUE,1440,1440,FALSE
FUSPCEU::FUSPCEU_S019::2024-12-15,FUSPCEU,FUSPCEU::FUSPCEU_S019,2024-12-15,4166.825638888888,3.6198157502992796,10.329644992086623,-3.518649954197768,40.4165,0.2328064196470283,TRUE,1440,1440,FALSE
FUSPCEU::FUSPCEU_S020::2025-01-21,FUSPCEU,FUSPCEU::FUSPCEU_S020,2025-01-21,1707.9751111111127,3.2325069644934135,10.77204123781787,-3.0762537084665205,40.4165,0.2328064196470283,TRUE,1440,1440,FALSE
FUSPCEU::FUSPCEU_S020::2025-01-22,FUSPCEU,FUSPCEU::FUSPCEU_S020,2025-01-22,3599.6484999999902,3.5562721594123783,10.800073096619712,-3.048221849664678,40.4165,0.2328064196470283,TRUE,1440,1440,FALSE
FUSPCEU::FUSPCEU_S020::2025-01-23,FUSPCEU,FUSPCEU::FUSPCEU_S020,2025-01-23,3770.6170277777783,3.57642394214156,10.828762292199665,-3.019532654084726,40.4165,0.2328064196470283,TRUE,1440,1440,FALSE
FUSPCEU::FUSPCEU_S020::2025-01-24,FUSPCEU,FUSPCEU::FUSPCEU_S020,2025-01-24,1599.3446944444438,3.203969227656853,10.858091982603073,-2.990202963681318,40.4165,0.2328064196470283,TRUE,1440,1440,FALSE
FUSPCEU::FUSPCEU_S020::2025-01-25,FUSPCEU,FUSPCEU::FUSPCEU_S020,2025-01-25,1853.181444444444,3.2679413774881576,10.888045382764604,-2.9602495635197865,40.4165,0.2328064196470283,TRUE,1440,1440,FALSE
FUSPCEU::FUSPCEU_S020::2025-01-26,FUSPCEU,FUSPCEU::FUSPCEU_S020,2025-01-26,305.98197222222245,2.485837751044658,10.91860579205884,-2.929689154225551,40.4165,0.2328064196470283,TRUE,1440,1440,FALSE
FUSPCEU::FUSPCEU_S022::2025-01-28,FUSPCEU,FUSPCEU::FUSPCEU_S022,2025-01-28,4205.499722222225,3.623827935325435,10.981481417152617,-2.8668135291317736,40.4165,0.2328064196470283,TRUE,1440,1440,FALSE
FUSPCEU::FUSPCEU_S022::2025-01-29,FUSPCEU,FUSPCEU::FUSPCEU_S022,2025-01-29,2138.1723611111097,3.3300630223854277,11.013763885233137,-2.834531061051253,40.4165,0.2328064196470283,TRUE,1440,1440,FALSE
FUSPCEU::FUSPCEU_S022::2025-01-30,FUSPCEU,FUSPCEU::FUSPCEU_S022,2025-01-30,390.98827777777757,2.5922747988907098,11.046587911711798,-2.8017070345725923,40.4165,0.2328064196470283,TRUE,1440,1440,FALSE
FUSPCEU::FUSPCEU_S022::2025-01-31,FUSPCEU,FUSPCEU::FUSPCEU_S022,2025-01-31,8046.108027777775,3.9055912566901343,11.079937583009402,-2.7683573632749887,40.4165,0.2328064196470283,TRUE,1440,1440,FALSE
FUSPCEU::FUSPCEU_S022::2025-02-01,FUSPCEU,FUSPCEU::FUSPCEU_S022,2025-02-01,3857.8505555555594,3.586356657318497,11.113797203765975,-2.734497742518416,40.4165,0.2328064196470283,TRUE,1440,1440,FALSE
FUSPCEU::FUSPCEU_S022::2025-02-02,FUSPCEU,FUSPCEU::FUSPCEU_S022,2025-02-02,927.3190277777775,2.9672760020343585,11.148151313198937,-2.700143633085453,40.4165,0.2328064196470283,TRUE,1440,1440,FALSE
FUSPCEU::FUSPCEU_S023::2025-01-28,FUSPCEU,FUSPCEU::FUSPCEU_S023,2025-01-28,2973.580499999997,3.4732943049589973,10.981481417152617,-2.8668135291317736,40.4165,0.2328064196470283,TRUE,1440,1440,FALSE
FUSPCEU::FUSPCEU_S023::2025-01-29,FUSPCEU,FUSPCEU::FUSPCEU_S023,2025-01-29,1777.5359722222215,3.2498428300641318,11.013763885233137,-2.834531061051253,40.4165,0.2328064196470283,TRUE,1440,1440,FALSE
FUSPCEU::FUSPCEU_S023::2025-01-30,FUSPCEU,FUSPCEU::FUSPCEU_S023,2025-01-30,3481.7420277777796,3.5418090631567494,11.046587911711798,-2.8017070345725923,40.4165,0.2328064196470283,TRUE,1440,1440,FALSE
FUSPCEU::FUSPCEU_S023::2025-01-31,FUSPCEU,FUSPCEU::FUSPCEU_S023,2025-01-31,1760.4120555555544,3.2456390033586753,11.079937583009402,-2.7683573632749887,40.4165,0.2328064196470283,TRUE,1440,1440,FALSE
FUSPCEU::FUSPCEU_S023::2025-02-01,FUSPCEU,FUSPCEU::FUSPCEU_S023,2025-02-01,197.05902777777757,2.2948166679134663,11.113797203765975,-2.734497742518416,40.4165,0.2328064196470283,TRUE,1440,1440,FALSE
FUSPCEU::FUSPCEU_S023::2025-02-02,FUSPCEU,FUSPCEU::FUSPCEU_S023,2025-02-02,153.76083333333355,2.187128080312103,11.148151313198937,-2.700143633085453,40.4165,0.2328064196470283,TRUE,1440,1440,FALSE
FUSPCEU::FUSPCEU_S024::2025-02-04,FUSPCEU,FUSPCEU::FUSPCEU_S024,2025-02-04,9067.02796532919,3.957469745016815,11.218282416065534,-2.630012530218856,40.4165,0.2328064196470283,TRUE,1430,1440,FALSE
FUSPCEU::FUSPCEU_S024::2025-02-05,FUSPCEU,FUSPCEU::FUSPCEU_S024,2025-02-05,8466.590134453805,3.927713665669921,11.254029786454307,-2.5942651598300834,40.4165,0.2328064196470283,TRUE,1315,1440,FALSE
FUSPCEU::FUSPCEU_S024::2025-02-06,FUSPCEU,FUSPCEU::FUSPCEU_S024,2025-02-06,6026.820348520939,3.7800954518916026,11.290212421417236,-2.558082524867155,40.4165,0.2328064196470283,TRUE,1350,1440,FALSE
FUSPCEU::FUSPCEU_S024::2025-02-08,FUSPCEU,FUSPCEU::FUSPCEU_S024,2025-02-08,468.7738611111115,2.6710560222640622,11.36382739689615,-2.48446754938824,40.4165,0.2328064196470283,TRUE,1440,1440,FALSE
FUSPCEU::FUSPCEU_S024::2025-02-09,FUSPCEU,FUSPCEU::FUSPCEU_S024,2025-02-09,409.44325000000043,2.612299772383376,11.401232449942166,-2.447062496342225,40.4165,0.2328064196470283,TRUE,1440,1440,FALSE
FUSPCEU::FUSPCEU_S025::2025-02-04,FUSPCEU,FUSPCEU::FUSPCEU_S025,2025-02-04,82662.8958038144,4.917311140571738,11.218282416065534,-2.630012530218856,40.4165,0.2328064196470283,TRUE,1287,1440,FALSE
FUSPCEU::FUSPCEU_S025::2025-02-05,FUSPCEU,FUSPCEU::FUSPCEU_S025,2025-02-05,12760.96484955025,4.105886915685161,11.254029786454307,-2.5942651598300834,40.4165,0.2328064196470283,TRUE,1302,1440,FALSE
FUSPCEU::FUSPCEU_S025::2025-02-06,FUSPCEU,FUSPCEU::FUSPCEU_S025,2025-02-06,11350.769313477776,4.055029123519369,11.290212421417236,-2.558082524867155,40.4165,0.2328064196470283,TRUE,1428,1440,FALSE
IZTECH::IZTECH_S001::2024-12-24,IZTECH,IZTECH::IZTECH_S001,2024-12-24,0.8540555555555559,-0.020426335181941948,10.489451321429677,-3.358843624854714,38.32,0.023156419647028414,TRUE,1440,1440,FALSE
IZTECH::IZTECH_S001::2024-12-25,IZTECH,IZTECH::IZTECH_S001,2024-12-25,464.5663611111113,2.6671412334588234,10.492750476797422,-3.3555444694869685,38.32,0.023156419647028414,TRUE,1440,1440,FALSE
IZTECH::IZTECH_S001::2024-12-26,IZTECH,IZTECH::IZTECH_S001,2024-12-26,91.20886095405584,1.9605129251434978,10.496976461079386,-3.351318485205004,38.32,0.023156419647028414,TRUE,1415,1440,FALSE
IZTECH::IZTECH_S001::2024-12-27,IZTECH,IZTECH::IZTECH_S001,2024-12-27,1306.14638888889,3.1160251028520314,10.50212588707606,-3.3461690592083304,38.32,0.023156419647028414,TRUE,1440,1440,FALSE
IZTECH::IZTECH_S001::2024-12-28,IZTECH,IZTECH::IZTECH_S001,2024-12-28,1393.0078333333322,3.1439847342337943,10.50819456073973,-3.3401003855446607,38.32,0.023156419647028414,TRUE,1440,1440,FALSE
IZTECH::IZTECH_S001::2024-12-29,IZTECH,IZTECH::IZTECH_S001,2024-12-29,603.5218888888896,2.7807649800288297,10.515177495413356,-3.3331174508710344,38.32,0.023156419647028414,TRUE,1440,1440,FALSE
IZTECH::IZTECH_S001::2024-12-30,IZTECH,IZTECH::IZTECH_S001,2024-12-30,1672.5953033894864,3.2234168374906393,10.523068928983477,-3.3252260173009134,38.32,0.023156419647028414,TRUE,1375,1440,FALSE
IZTECH::IZTECH_S002::2025-01-07,IZTECH,IZTECH::IZTECH_S002,2025-01-07,2486.785478642205,3.395655786420355,10.617976313961877,-3.230318632322513,38.32,0.023156419647028414,TRUE,1279,1440,FALSE
IZTECH::IZTECH_S002::2025-01-08,IZTECH,IZTECH::IZTECH_S002,2025-01-08,3420.084777777774,3.5340495697407843,10.63366825911734,-3.2146266871670512,38.32,0.023156419647028414,TRUE,1440,1440,FALSE
IZTECH::IZTECH_S002::2025-01-09,IZTECH,IZTECH::IZTECH_S002,2025-01-09,8197.499265465707,3.9136866842841274,10.650173718598154,-3.1981212276862365,38.32,0.023156419647028414,TRUE,1412,1440,FALSE
IZTECH::IZTECH_S002::2025-01-10,IZTECH,IZTECH::IZTECH_S002,2025-01-10,5040.822131376271,3.7025099888139104,10.667480112777817,-3.180814833506574,38.32,0.023156419647028414,TRUE,1202,1440,FALSE
IZTECH::IZTECH_S002::2025-01-11,IZTECH,IZTECH::IZTECH_S002,2025-01-11,1123.8766666666697,3.0507572955363402,10.685574437181154,-3.162720509103236,38.32,0.023156419647028414,TRUE,1440,1440,FALSE
IZTECH::IZTECH_S002::2025-01-12,IZTECH,IZTECH::IZTECH_S002,2025-01-12,523.694861111111,2.7191612332987676,10.704443298247126,-3.1438516480372645,38.32,0.023156419647028414,TRUE,1440,1440,FALSE
IZTECH::IZTECH_S003::2025-01-07,IZTECH,IZTECH::IZTECH_S003,2025-01-07,2889.977111111106,3.4609094304670247,10.617976313961877,-3.230318632322513,38.32,0.023156419647028414,TRUE,1440,1440,FALSE
IZTECH::IZTECH_S003::2025-01-08,IZTECH,IZTECH::IZTECH_S003,2025-01-08,3147.372666666665,3.4979619672890716,10.63366825911734,-3.2146266871670512,38.32,0.023156419647028414,TRUE,1440,1440,FALSE
IZTECH::IZTECH_S003::2025-01-09,IZTECH,IZTECH::IZTECH_S003,2025-01-09,8547.64663888888,3.9318516408945583,10.650173718598154,-3.1981212276862365,38.32,0.023156419647028414,TRUE,1440,1440,FALSE
IZTECH::IZTECH_S003::2025-01-10,IZTECH,IZTECH::IZTECH_S003,2025-01-10,2593.884222222222,3.4139673301818836,10.667480112777817,-3.180814833506574,38.32,0.023156419647028414,TRUE,1440,1440,FALSE
IZTECH::IZTECH_S003::2025-01-11,IZTECH,IZTECH::IZTECH_S003,2025-01-11,459.69390839121775,2.662563213193363,10.685574437181154,-3.162720509103236,38.32,0.023156419647028414,TRUE,1402,1440,FALSE
IZTECH::IZTECH_S003::2025-01-12,IZTECH,IZTECH::IZTECH_S003,2025-01-12,4299.101138888896,3.633387764136799,10.704443298247126,-3.1438516480372645,38.32,0.023156419647028414,TRUE,1440,1440,FALSE
IZTECH::IZTECH_S004::2025-01-21,IZTECH,IZTECH::IZTECH_S004,2025-01-21,1734.3962348679731,3.239173361440784,10.906761128637525,-2.9415338176468655,38.32,0.023156419647028414,TRUE,1403,1440,FALSE
IZTECH::IZTECH_S004::2025-01-22,IZTECH,IZTECH::IZTECH_S004,2025-01-22,6614.840694444447,3.8205259549194412,10.9325787850221,-2.9157161612622904,38.32,0.023156419647028414,TRUE,1440,1440,FALSE
IZTECH::IZTECH_S004::2025-01-23,IZTECH,IZTECH::IZTECH_S004,2025-01-23,12061.89338888889,4.081419086100623,10.959008137186368,-2.8892868090980226,38.32,0.023156419647028414,TRUE,1440,1440,FALSE
IZTECH::IZTECH_S004::2025-01-24,IZTECH,IZTECH::IZTECH_S004,2025-01-24,6540.738805555549,3.8156334463769808,10.986033838391304,-2.8622611078930866,38.32,0.023156419647028414,TRUE,1440,1440,FALSE
IZTECH::IZTECH_S004::2025-01-25,IZTECH,IZTECH::IZTECH_S004,2025-01-25,1020.857166666667,3.0090075220374257,11.013640581170717,-2.834654365113673,38.32,0.023156419647028414,TRUE,1440,1440,FALSE
IZTECH::IZTECH_S004::2025-01-26,IZTECH,IZTECH::IZTECH_S004,2025-01-26,31378.737028707033,4.4966368436048185,11.0418131228288,-2.8064818234555897,38.32,0.023156419647028414,TRUE,1395,1440,FALSE
IZTECH::IZTECH_S005::2025-01-21,IZTECH,IZTECH::IZTECH_S005,2025-01-21,3807.741361111109,3.5806788469001516,10.906761128637525,-2.9415338176468655,38.32,0.023156419647028414,TRUE,1440,1440,FALSE
IZTECH::IZTECH_S005::2025-01-22,IZTECH,IZTECH::IZTECH_S005,2025-01-22,1045.175526433118,3.019230782157569,10.9325787850221,-2.9157161612622904,38.32,0.023156419647028414,TRUE,1386,1440,FALSE
IZTECH::IZTECH_S005::2025-01-23,IZTECH,IZTECH::IZTECH_S005,2025-01-23,9008.170388888882,3.9546414133243277,10.959008137186368,-2.8892868090980226,38.32,0.023156419647028414,TRUE,1440,1440,FALSE
IZTECH::IZTECH_S005::2025-01-24,IZTECH,IZTECH::IZTECH_S005,2025-01-24,5568.366080116079,3.7457355785333966,10.986033838391304,-2.8622611078930866,38.32,0.023156419647028414,TRUE,1387,1440,FALSE
IZTECH::IZTECH_S005::2025-01-25,IZTECH,IZTECH::IZTECH_S005,2025-01-25,484.09025000000014,2.685016039930515,11.013640581170717,-2.834654365113673,38.32,0.023156419647028414,TRUE,1440,1440,FALSE
IZTECH::IZTECH_S005::2025-01-26,IZTECH,IZTECH::IZTECH_S005,2025-01-26,2916.387099422732,3.464860059743606,11.0418131228288,-2.8064818234555897,38.32,0.023156419647028414,TRUE,1385,1440,FALSE
IZTECH::IZTECH_S006::2025-02-18,IZTECH,IZTECH::IZTECH_S006,2025-02-18,4059.9876944444445,3.6085354140702997,11.813367618785964,-2.0349273274984263,38.32,0.023156419647028414,TRUE,1374,1440,FALSE
IZTECH::IZTECH_S006::2025-02-19,IZTECH,IZTECH::IZTECH_S006,2025-02-19,10373.580472222216,4.015932866822416,11.851021302806007,-1.9972736434783833,38.32,0.023156419647028414,TRUE,1440,1440,FALSE
IZTECH::IZTECH_S006::2025-02-20,IZTECH,IZTECH::IZTECH_S006,2025-02-20,11418.496111111102,4.057612711731479,11.888926246033774,-1.9593687002506162,38.32,0.023156419647028414,TRUE,1440,1440,FALSE
IZTECH::IZTECH_S006::2025-02-21,IZTECH,IZTECH::IZTECH_S006,2025-02-21,1288.8890491203404,3.110249227728259,11.927073288957278,-1.9212216573271128,38.32,0.023156419647028414,TRUE,1297,1440,FALSE
IZTECH::IZTECH_S006::2025-02-22,IZTECH,IZTECH::IZTECH_S006,2025-02-22,4136.8738888888865,3.6166827797915095,11.965453527503543,-1.8828414187808473,38.32,0.023156419647028414,TRUE,1440,1440,FALSE
IZTECH::IZTECH_S006::2025-02-23,IZTECH,IZTECH::IZTECH_S006,2025-02-23,3159.194116560994,3.4995900587173012,12.004058307475514,-1.8442366388088764,38.32,0.023156419647028414,TRUE,1370,1440,FALSE
IZTECH::IZTECH_S007::2025-02-25,IZTECH,IZTECH::IZTECH_S007,2025-02-25,2803.9546405398514,3.447786472152588,12.08190808110767,-1.7663868651767203,38.32,0.023156419647028414,TRUE,1353,1440,FALSE
IZTECH::IZTECH_S007::2025-02-26,IZTECH,IZTECH::IZTECH_S007,2025-02-26,7898.763748586117,3.897564622529674,12.121136951049168,-1.7271579952352223,38.32,0.023156419647028414,TRUE,1351,1440,FALSE
IZTECH::IZTECH_S007::2025-02-27,IZTECH,IZTECH::IZTECH_S007,2025-02-27,8174.2412222222265,3.912452762545528,12.160558099481795,-1.6877368468025953,38.32,0.023156419647028414,TRUE,1440,1440,FALSE
IZTECH::IZTECH_S007::2025-02-28,IZTECH,IZTECH::IZTECH_S007,2025-02-28,3790.7272222222286,3.578733990666093,12.200164010590978,-1.6481309356934126,38.32,0.023156419647028414,TRUE,1440,1440,FALSE
IZTECH::IZTECH_S007::2025-03-02,IZTECH,IZTECH::IZTECH_S007,2025-03-02,240.86533333333304,2.3819545669525604,12.279901064501868,-1.568393881782523,38.32,0.023156419647028414,TRUE,1440,1440,FALSE
IZTECH::IZTECH_S008::2025-03-04,IZTECH,IZTECH::IZTECH_S008,2025-03-04,43374.728434215765,4.637237769984043,12.36029188712438,-1.488003059160011,38.32,0.023156419647028414,TRUE,1435,1440,FALSE
IZTECH::IZTECH_S008::2025-03-05,IZTECH,IZTECH::IZTECH_S008,2025-03-05,31318.341454260775,4.495800141487565,12.400715667472946,-1.4475792788114443,38.32,0.023156419647028414,TRUE,1393,1440,FALSE
IZTECH::IZTECH_S008::2025-03-06,IZTECH,IZTECH::IZTECH_S008,2025-03-06,17625.029553228822,4.246132317949712,12.441283061040773,-1.4070118852436178,38.32,0.023156419647028414,TRUE,1410,1440,FALSE
IZTECH::IZTECH_S008::2025-03-07,IZTECH,IZTECH::IZTECH_S008,2025-03-07,4551.045484948325,3.6581207186750078,12.481987778014608,-1.366307168269783,38.32,0.023156419647028414,TRUE,1413,1440,FALSE
IZTECH::IZTECH_S008::2025-03-09,IZTECH,IZTECH::IZTECH_S008,2025-03-09,1390.774777777778,3.143288031668431,12.563784693280855,-1.2845102530035355,38.32,0.023156419647028414,TRUE,1440,1440,FALSE
IZTECH::IZTECH_S009::2025-03-20,IZTECH,IZTECH::IZTECH_S009,2025-03-20,16589.678442857803,4.219840586043239,13.02098494960202,-0.82730999668237,38.32,0.023156419647028414,TRUE,1365,1440,FALSE
IZTECH::IZTECH_S009::2025-03-21,IZTECH,IZTECH::IZTECH_S009,2025-03-21,1097.318871536848,3.0403724241795875,13.063008562657568,-0.785286383626822,38.32,0.023156419647028414,TRUE,1293,1440,FALSE
IZTECH::IZTECH_S009::2025-03-22,IZTECH,IZTECH::IZTECH_S009,2025-03-22,3326.53875544552,3.5220056427580357,13.105085474186474,-0.7432094720979165,38.32,0.023156419647028414,TRUE,1307,1440,FALSE
IZTECH::IZTECH_S009::2025-03-24,IZTECH,IZTECH::IZTECH_S009,2025-03-24,11525.237468977599,4.0616536506577,13.189377503262627,-0.6589174430217639,38.32,0.023156419647028414,TRUE,1317,1440,FALSE
IZTECH::IZTECH_S009::2025-03-25,IZTECH,IZTECH::IZTECH_S009,2025-03-25,793.3630417393518,2.8995267028079885,13.23158166481389,-0.616713281470501,38.32,0.023156419647028414,TRUE,1366,1440,FALSE
IZTECH::IZTECH_S009::2025-03-26,IZTECH,IZTECH::IZTECH_S009,2025-03-26,25354.79278148563,4.404061778381916,13.27381718940205,-0.5744777568823398,38.32,0.023156419647028414,TRUE,1276,1440,FALSE
IZTECH::IZTECH_S010::2025-04-15,IZTECH,IZTECH::IZTECH_S010,2025-04-15,9693.69912661852,3.986494016098005,14.115496115022236,0.26720116873784505,38.32,0.023156419647028414,TRUE,1370,1440,FALSE
IZTECH::IZTECH_S010::2025-04-16,IZTECH,IZTECH::IZTECH_S010,2025-04-16,8757.620861996118,3.942391098651639,14.15687135650052,0.3085764102161299,38.32,0.023156419647028414,TRUE,1375,1440,FALSE
IZTECH::IZTECH_S010::2025-04-18,IZTECH,IZTECH::IZTECH_S010,2025-04-18,15969.340582134746,4.203289702841847,14.239221658243073,0.39092671195868256,38.32,0.023156419647028414,TRUE,1304,1440,FALSE
IZTECH::IZTECH_S010::2025-04-19,IZTECH,IZTECH::IZTECH_S010,2025-04-19,7785.2513549904925,3.8912782171726374,14.280176197157965,0.431881250873575,38.32,0.023156419647028414,TRUE,1332,1440,FALSE
IZTECH::IZTECH_S010::2025-04-20,IZTECH,IZTECH::IZTECH_S010,2025-04-20,18175.65684003387,4.259492503966119,14.320969442592727,0.47267449630833624,38.32,0.023156419647028414,TRUE,1282,1440,FALSE
IZTECH::IZTECH_S011::2025-04-15,IZTECH,IZTECH::IZTECH_S011,2025-04-15,12267.264722222217,4.08875127751773,14.115496115022236,0.26720116873784505,38.32,0.023156419647028414,TRUE,1440,1440,FALSE
IZTECH::IZTECH_S011::2025-04-16,IZTECH,IZTECH::IZTECH_S011,2025-04-16,8026.117349586216,3.9045109162310916,14.15687135650052,0.3085764102161299,38.32,0.023156419647028414,TRUE,1397,1440,FALSE
IZTECH::IZTECH_S011::2025-04-17,IZTECH,IZTECH::IZTECH_S011,2025-04-17,13413.657000000001,4.1275504345143235,14.198116571439638,0.34982162515524706,38.32,0.023156419647028414,TRUE,1440,1440,FALSE
IZTECH::IZTECH_S011::2025-04-18,IZTECH,IZTECH::IZTECH_S011,2025-04-18,11014.283463321859,4.041960192274709,14.239221658243073,0.39092671195868256,38.32,0.023156419647028414,TRUE,1384,1440,FALSE
IZTECH::IZTECH_S011::2025-04-19,IZTECH,IZTECH::IZTECH_S011,2025-04-19,8407.868972222223,3.9246911003539706,14.280176197157965,0.431881250873575,38.32,0.023156419647028414,TRUE,1440,1440,FALSE
IZTECH::IZTECH_S011::2025-04-20,IZTECH,IZTECH::IZTECH_S011,2025-04-20,5718.513944444452,3.7572907789287915,14.320969442592727,0.47267449630833624,38.32,0.023156419647028414,TRUE,1440,1440,FALSE
IZTECH::IZTECH_S012::2025-04-22,IZTECH,IZTECH::IZTECH_S012,2025-04-22,12282.033249450695,4.089273804753301,14.402027399937312,0.5537324536529216,38.32,0.023156419647028414,TRUE,1380,1440,FALSE
IZTECH::IZTECH_S012::2025-04-23,IZTECH,IZTECH::IZTECH_S012,2025-04-23,68106.2057757224,4.833187323907182,14.442268930408689,0.5939739841242986,38.32,0.023156419647028414,TRUE,1421,1440,FALSE
IZTECH::IZTECH_S012::2025-04-24,IZTECH,IZTECH::IZTECH_S012,2025-04-24,11501.425777777773,4.060755457128852,14.482302793529298,0.6340078472449076,38.32,0.023156419647028414,TRUE,1440,1440,FALSE
IZTECH::IZTECH_S012::2025-04-25,IZTECH,IZTECH::IZTECH_S012,2025-04-25,26963.771944444474,4.430782255940675,14.522116519543859,0.6738215732594686,38.32,0.023156419647028414,TRUE,1440,1440,FALSE
IZTECH::IZTECH_S012::2025-04-26,IZTECH,IZTECH::IZTECH_S012,2025-04-26,3886.5312777777754,3.589573341345922,14.561697279877134,0.7134023335927431,38.32,0.023156419647028414,TRUE,1440,1440,FALSE
IZTECH::IZTECH_S012::2025-04-27,IZTECH,IZTECH::IZTECH_S012,2025-04-27,2909.301472222225,3.463803654261946,14.60103188349141,0.7527369372070201,38.32,0.023156419647028414,TRUE,1440,1440,FALSE
IZTECH::IZTECH_S013::2025-04-22,IZTECH,IZTECH::IZTECH_S013,2025-04-22,23356.861982952014,4.368416353858072,14.402027399937312,0.5537324536529216,38.32,0.023156419647028414,TRUE,1400,1440,FALSE
IZTECH::IZTECH_S013::2025-04-23,IZTECH,IZTECH::IZTECH_S013,2025-04-23,2143.444027777778,3.331132408222004,14.442268930408689,0.5939739841242986,38.32,0.023156419647028414,TRUE,1440,1440,FALSE
IZTECH::IZTECH_S013::2025-04-24,IZTECH,IZTECH::IZTECH_S013,2025-04-24,2072.3280555555575,3.31647946292916,14.482302793529298,0.6340078472449076,38.32,0.023156419647028414,TRUE,1440,1440,FALSE
IZTECH::IZTECH_S013::2025-04-25,IZTECH,IZTECH::IZTECH_S013,2025-04-25,15936.511361111121,4.202395981826623,14.522116519543859,0.6738215732594686,38.32,0.023156419647028414,TRUE,1440,1440,FALSE
IZTECH::IZTECH_S013::2025-04-26,IZTECH,IZTECH::IZTECH_S013,2025-04-26,3886.2403909051027,3.589540836258009,14.561697279877134,0.7134023335927431,38.32,0.023156419647028414,TRUE,1393,1440,FALSE
IZTECH::IZTECH_S013::2025-04-27,IZTECH,IZTECH::IZTECH_S013,2025-04-27,779.7153270539359,2.8919917668734243,14.60103188349141,0.7527369372070201,38.32,0.023156419647028414,TRUE,1381,1440,FALSE
IZTECH::IZTECH_S014::2025-04-29,IZTECH,IZTECH::IZTECH_S014,2025-04-29,5451.523029031075,3.736525817435586,14.678908035159111,0.8306130888747205,38.32,0.023156419647028414,TRUE,1413,1440,FALSE
IZTECH::IZTECH_S014::2025-04-30,IZTECH,IZTECH::IZTECH_S014,2025-04-30,54784.68686552994,4.738659976411178,14.71742137697008,0.8691264306856894,38.32,0.023156419647028414,TRUE,1379,1440,FALSE
IZTECH::IZTECH_S014::2025-05-01,IZTECH,IZTECH::IZTECH_S014,2025-05-01,18512.59468692499,4.2674696387683,14.755632150570552,0.9073372042861614,38.32,0.023156419647028414,TRUE,1264,1440,FALSE
IZTECH::IZTECH_S014::2025-05-04,IZTECH,IZTECH::IZTECH_S014,2025-05-04,19440.868861111125,4.288717904651436,14.868297146558762,1.0200022002743712,38.32,0.023156419647028414,TRUE,1440,1440,FALSE
IZTECH::IZTECH_S015::2025-04-29,IZTECH,IZTECH::IZTECH_S015,2025-04-29,1674.952476622878,3.22402841731361,14.678908035159111,0.8306130888747205,38.32,0.023156419647028414,TRUE,1403,1440,FALSE
IZTECH::IZTECH_S015::2025-04-30,IZTECH,IZTECH::IZTECH_S015,2025-04-30,1482.1499916071307,3.1709214565579176,14.71742137697008,0.8691264306856894,38.32,0.023156419647028414,TRUE,1380,1440,FALSE
IZTECH::IZTECH_S015::2025-05-01,IZTECH,IZTECH::IZTECH_S015,2025-05-01,1056.1554726401303,3.023768972117515,14.755632150570552,0.9073372042861614,38.32,0.023156419647028414,TRUE,1297,1440,FALSE
IZTECH::IZTECH_S015::2025-05-02,IZTECH,IZTECH::IZTECH_S015,2025-05-02,285.2849191283225,2.4554310195410647,14.793525343338649,0.9452303970542584,38.32,0.023156419647028414,TRUE,1372,1440,FALSE
IZTECH::IZTECH_S015::2025-05-03,IZTECH,IZTECH::IZTECH_S015,2025-05-03,2977.6605555024835,3.473889772796673,14.831085583964983,0.9827906376805924,38.32,0.023156419647028414,TRUE,1360,1440,FALSE
IZTECH::IZTECH_S015::2025-05-04,IZTECH,IZTECH::IZTECH_S015,2025-05-04,7312.251572536465,3.864057063790053,14.868297146558762,1.0200022002743712,38.32,0.023156419647028414,TRUE,1395,1440,FALSE
IZTECH::IZTECH_S016::2025-05-06,IZTECH,IZTECH::IZTECH_S016,2025-05-06,4832.431249999999,3.6841746711141816,14.941609600252576,1.0933146539681857,38.32,0.023156419647028414,TRUE,1440,1440,FALSE
IZTECH::IZTECH_S016::2025-05-07,IZTECH,IZTECH::IZTECH_S016,2025-05-07,1313.062752019913,3.1183185554297994,14.97767732905017,1.1293823827657796,38.32,0.023156419647028414,TRUE,1322,1440,FALSE
IZTECH::IZTECH_S016::2025-05-08,IZTECH,IZTECH::IZTECH_S016,2025-05-08,1415.1746477340832,3.1508407270837058,15.013330074350039,1.1650351280656484,38.32,0.023156419647028414,TRUE,1281,1440,FALSE
IZTECH::IZTECH_S016::2025-05-09,IZTECH,IZTECH::IZTECH_S016,2025-05-09,4723.496083333329,3.674272753827308,15.048550457292134,1.200255511007743,38.32,0.023156419647028414,TRUE,1440,1440,FALSE
IZTECH::IZTECH_S016::2025-05-10,IZTECH,IZTECH::IZTECH_S016,2025-05-10,9168.906545894439,3.9623222827791884,15.083320802648862,1.2350258563644712,38.32,0.023156419647028414,TRUE,1419,1440,FALSE
IZTECH::IZTECH_S016::2025-05-11,IZTECH,IZTECH::IZTECH_S016,2025-05-11,483.8843888888889,2.684831353527153,15.117623154189852,1.2693282079054615,38.32,0.023156419647028414,TRUE,1440,1440,FALSE
IZTECH::IZTECH_S017::2025-05-27,IZTECH,IZTECH::IZTECH_S017,2025-05-27,2504.629527777778,3.3987608356182046,15.587403438157505,1.7391084918731146,38.32,0.023156419647028414,TRUE,1418,1440,FALSE
IZTECH::IZTECH_S017::2025-05-28,IZTECH,IZTECH::IZTECH_S017,2025-05-28,32225.36816666668,4.508199235434999,15.610839857392842,1.762544911108451,38.32,0.023156419647028414,TRUE,1440,1440,FALSE
IZTECH::IZTECH_S017::2025-05-29,IZTECH,IZTECH::IZTECH_S017,2025-05-29,29830.300166666686,4.4746590793429375,15.633464889923731,1.7851699436393407,38.32,0.023156419647028414,TRUE,1440,1440,FALSE
IZTECH::IZTECH_S017::2025-05-30,IZTECH,IZTECH::IZTECH_S017,2025-05-30,36356.465999999935,4.560582855911838,15.65526044540935,1.80696549912496,38.32,0.023156419647028414,TRUE,1440,1440,FALSE
IZTECH::IZTECH_S017::2025-05-31,IZTECH,IZTECH::IZTECH_S017,2025-05-31,20151.288111111087,4.304304967510973,15.676208808090951,1.827913861806561,38.32,0.023156419647028414,TRUE,1440,1440,FALSE
IZTECH::IZTECH_S017::2025-06-01,IZTECH,IZTECH::IZTECH_S017,2025-06-01,1484.751111111111,3.1716829082898466,15.696292682422532,1.8479977361381419,38.32,0.023156419647028414,TRUE,1440,1440,FALSE
KNUST::KNUST_S001::2024-10-08,KNUST,KNUST::KNUST_S001,2024-10-08,7723.949361111113,3.8878450405073672,12.71061712841193,-1.1376778178724614,6.6750074282377385,-3.141342837529198,TRUE,1440,1440,FALSE
KNUST::KNUST_S001::2024-10-09,KNUST,KNUST::KNUST_S001,2024-10-09,6391.271916666673,3.805594090065607,12.705258833169937,-1.1430361131144533,6.6750074282377385,-3.141342837529198,TRUE,1440,1440,FALSE
KNUST::KNUST_S001::2024-10-11,KNUST,KNUST::KNUST_S001,2024-10-11,9675.537544232835,3.9856795910366833,12.694696087572309,-1.1535988587120816,6.6750074282377385,-3.141342837529198,TRUE,1247,1440,FALSE
KNUST::KNUST_S001::2024-10-12,KNUST,KNUST::KNUST_S001,2024-10-12,2294.5035608210187,3.360707663197887,12.689493022296164,-1.1588019239882268,6.6750074282377385,-3.141342837529198,TRUE,1368,1440,FALSE
KNUST::KNUST_S001::2024-10-13,KNUST,KNUST::KNUST_S001,2024-10-13,226.89911150464326,2.356024157327987,12.684343072573343,-1.1639518737110475,6.6750074282377385,-3.141342837529198,TRUE,1420,1440,FALSE
KNUST::KNUST_S002::2024-10-15,KNUST,KNUST::KNUST_S002,2024-10-15,87.75593388759118,1.9437710995547806,12.674205210341347,-1.1740897359430438,6.6750074282377385,-3.141342837529198,TRUE,1325,1440,FALSE
KNUST::KNUST_S002::2024-10-16,KNUST,KNUST::KNUST_S002,2024-10-16,2175.119476975776,3.337503083281739,12.66921862827407,-1.1790763180103205,6.6750074282377385,-3.141342837529198,TRUE,1298,1440,FALSE
KNUST::KNUST_S002::2024-10-17,KNUST,KNUST::KNUST_S002,2024-10-17,10455.341846934969,4.019342390824755,12.664287823637327,-1.1840071226470634,6.6750074282377385,-3.141342837529198,TRUE,1278,1440,FALSE
KNUST::KNUST_S002::2024-10-18,KNUST,KNUST::KNUST_S002,2024-10-18,3680.3826876042217,3.565904779221404,12.659413449234433,-1.188881497049957,6.6750074282377385,-3.141342837529198,TRUE,1305,1440,FALSE
KNUST::KNUST_S002::2024-10-19,KNUST,KNUST::KNUST_S002,2024-10-19,15981.665852217277,4.203624763557712,12.654596153762606,-1.1936987925217846,6.6750074282377385,-3.141342837529198,TRUE,1374,1440,FALSE
KNUST::KNUST_S002::2024-10-20,KNUST,KNUST::KNUST_S002,2024-10-20,1057.9724802846633,3.024515418842364,12.64983658240901,-1.19845836387538,6.6750074282377385,-3.141342837529198,TRUE,1427,1440,FALSE
KNUST::KNUST_S003::2024-10-22,KNUST,KNUST::KNUST_S003,2024-10-22,7339.604469410319,3.8656785735552766,12.640493177175522,-1.207801769108869,6.6750074282377385,-3.141342837529198,TRUE,1332,1440,FALSE
KNUST::KNUST_S003::2024-10-23,KNUST,KNUST::KNUST_S003,2024-10-23,10911.88513212991,4.037903765575019,12.63591061969598,-1.2123843265884098,6.6750074282377385,-3.141342837529198,TRUE,1327,1440,FALSE
KNUST::KNUST_S003::2024-10-24,KNUST,KNUST::KNUST_S003,2024-10-24,381.8225625229375,2.581975315586637,12.6313883396652,-1.2169066066191903,6.6750074282377385,-3.141342837529198,TRUE,1303,1440,FALSE
KNUST::KNUST_S003::2024-10-25,KNUST,KNUST::KNUST_S003,2024-10-25,9518.955986438381,3.9785938811356276,12.626926970415646,-1.2213679758687448,6.6750074282377385,-3.141342837529198,TRUE,1309,1440,FALSE
KNUST::KNUST_S003::2024-10-26,KNUST,KNUST::KNUST_S003,2024-10-26,2165.9454027873426,3.335667555693432,12.622527143955232,-1.225767802329159,6.6750074282377385,-3.141342837529198,TRUE,1272,1440,FALSE
KNUST::KNUST_S003::2024-10-27,KNUST,KNUST::KNUST_S003,2024-10-27,10476.341912703532,4.020213809359993,12.618189491497146,-1.2301054547872443,6.6750074282377385,-3.141342837529198,TRUE,1390,1440,FALSE
KNUST::KNUST_S004::2024-10-29,KNUST,KNUST::KNUST_S004,2024-10-29,19042.848333333302,4.27973418909938,12.609703228473663,-1.2385917178107277,6.6750074282377385,-3.141342837529198,TRUE,1440,1440,FALSE
KNUST::KNUST_S004::2024-10-30,KNUST,KNUST::KNUST_S004,2024-10-30,12907.510094661944,4.110845838022979,12.605555876758363,-1.2427390695260279,6.6750074282377385,-3.141342837529198,TRUE,1345,1440,FALSE
KNUST::KNUST_S004::2024-10-31,KNUST,KNUST::KNUST_S004,2024-10-31,16748.572803624884,4.223980398423683,12.601473216944271,-1.2468217293401196,6.6750074282377385,-3.141342837529198,TRUE,1337,1440,FALSE
KNUST::KNUST_S004::2024-11-01,KNUST,KNUST::KNUST_S004,2024-11-01,13549.62854855639,4.131930594764303,12.597455877727933,-1.2508390685564574,6.6750074282377385,-3.141342837529198,TRUE,1393,1440,FALSE
KNUST::KNUST_S004::2024-11-02,KNUST,KNUST::KNUST_S004,2024-11-02,4298.304881615682,3.633307320780801,12.593504488004578,-1.2547904582798122,6.6750074282377385,-3.141342837529198,TRUE,1396,1440,FALSE
KNUST::KNUST_S004::2024-11-03,KNUST,KNUST::KNUST_S004,2024-11-03,13585.207888492747,4.13306948543026,12.589619676470756,-1.2586752698136348,6.6750074282377385,-3.141342837529198,TRUE,1385,1440,FALSE
KNUST::KNUST_S005::2024-11-05,KNUST,KNUST::KNUST_S005,2024-11-05,362.43338888888866,2.559348010748216,12.582052303089036,-1.2662426431953548,6.6750074282377385,-3.141342837529198,TRUE,1440,1440,FALSE
KNUST::KNUST_S005::2024-11-06,KNUST,KNUST::KNUST_S005,2024-11-06,9813.764421358657,3.991840053903454,12.578370998766687,-1.2699239475177038,6.6750074282377385,-3.141342837529198,TRUE,1430,1440,FALSE
KNUST::KNUST_S005::2024-11-07,KNUST,KNUST::KNUST_S005,2024-11-07,10334.36618789906,4.0142880486810455,12.57475878742006,-1.2735361588643297,6.6750074282377385,-3.141342837529198,TRUE,1312,1440,FALSE
KNUST::KNUST_S005::2024-11-08,KNUST,KNUST::KNUST_S005,2024-11-08,43.27499802303202,1.6372394680044333,12.571216297215885,-1.277078649068505,6.6750074282377385,-3.141342837529198,TRUE,1380,1440,FALSE
KNUST::KNUST_S005::2024-11-09,KNUST,KNUST::KNUST_S005,2024-11-09,344.7569572998349,2.5376389920661473,12.56774415632089,-1.2805507899635007,6.6750074282377385,-3.141342837529198,TRUE,1360,1440,FALSE
KNUST::KNUST_S005::2024-11-10,KNUST,KNUST::KNUST_S005,2024-11-10,27241.667138699508,4.435235276283823,12.56434299170971,-1.2839519545746807,6.6750074282377385,-3.141342837529198,TRUE,1340,1440,FALSE
KNUST::KNUST_S006::2024-11-12,KNUST,KNUST::KNUST_S006,2024-11-12,29312.45060662497,4.467053609847099,12.557756095329921,-1.2905388509544693,6.6750074282377385,-3.141342837529198,TRUE,1350,1440,FALSE
KNUST::KNUST_S006::2024-11-13,KNUST,KNUST::KNUST_S006,2024-11-13,381.32551009259913,2.581409735699911,12.55457161227862,-1.2937233340057706,6.6750074282377385,-3.141342837529198,TRUE,1356,1440,FALSE
KNUST::KNUST_S006::2024-11-14,KNUST,KNUST::KNUST_S006,2024-11-14,4299.053201080684,3.633382921553031,12.55146060248216,-1.2968343438022298,6.6750074282377385,-3.141342837529198,TRUE,1320,1440,FALSE
KNUST::KNUST_S006::2024-11-15,KNUST,KNUST::KNUST_S006,2024-11-15,4479.975572909338,3.6512853400295464,12.548423685232798,-1.2998712610515923,6.6750074282377385,-3.141342837529198,TRUE,1327,1440,FALSE
KNUST::KNUST_S006::2024-11-16,KNUST,KNUST::KNUST_S006,2024-11-16,9294.623176447616,3.968236459763481,12.545461477438609,-1.3028334688457814,6.6750074282377385,-3.141342837529198,TRUE,1285,1440,FALSE
KNUST::KNUST_S006::2024-11-17,KNUST,KNUST::KNUST_S006,2024-11-17,31340.206809226675,4.496103243724847,12.542574592497614,-1.3057203537867768,6.6750074282377385,-3.141342837529198,TRUE,1256,1440,FALSE
KNUST::KNUST_S007::2024-11-19,KNUST,KNUST::KNUST_S007,2024-11-19,20828.487974905143,4.318659828973529,12.53702922715081,-1.31126571913358,6.6750074282377385,-3.141342837529198,TRUE,1290,1440,FALSE
KNUST::KNUST_S007::2024-11-20,KNUST,KNUST::KNUST_S007,2024-11-20,6437.466180349332,3.808721706765797,12.534371952944332,-1.313922993340059,6.6750074282377385,-3.141342837529198,TRUE,1437,1440,FALSE
KNUST::KNUST_S007::2024-11-21,KNUST,KNUST::KNUST_S007,2024-11-21,19790.03942334446,4.296448853861568,12.531792413393656,-1.316502532890734,6.6750074282377385,-3.141342837529198,TRUE,1364,1440,FALSE
KNUST::KNUST_S007::2024-11-22,KNUST,KNUST::KNUST_S007,2024-11-22,23688.38201840944,4.374537231590191,12.529291197525131,-1.3190037487592594,6.6750074282377385,-3.141342837529198,TRUE,1361,1440,FALSE
KNUST::KNUST_S008::2024-11-28,KNUST,KNUST::KNUST_S008,2024-11-28,15663.573545088977,4.194893623192217,12.515960734354126,-1.3323342119302648,6.6750074282377385,-3.141342837529198,TRUE,1332,1440,FALSE
KNUST::KNUST_S008::2024-11-30,KNUST,KNUST::KNUST_S008,2024-11-30,738.1187329790662,2.868185061621238,12.512169211175706,-1.3361257351086842,6.6750074282377385,-3.141342837529198,TRUE,1387,1440,FALSE
KNUST::KNUST_S008::2024-12-01,KNUST,KNUST::KNUST_S008,2024-12-01,16286.654163845225,4.211834541080246,12.510398037830988,-1.337896908453402,6.6750074282377385,-3.141342837529198,TRUE,1401,1440,FALSE
KNUST::KNUST_S009::2024-12-03,KNUST,KNUST::KNUST_S009,2024-12-03,19642.053764151344,4.293189106495879,12.507107292148802,-1.341187654135588,6.6750074282377385,-3.141342837529198,TRUE,1369,1440,FALSE
KNUST::KNUST_S009::2024-12-04,KNUST,KNUST::KNUST_S009,2024-12-04,7923.80322621093,3.8989391629064856,12.505588644080692,-1.3427063022036982,6.6750074282377385,-3.141342837529198,TRUE,1410,1440,FALSE
KNUST::KNUST_S009::2024-12-05,KNUST,KNUST::KNUST_S009,2024-12-05,23387.150867925648,4.368979174222169,12.50415506793393,-1.344139878350461,6.6750074282377385,-3.141342837529198,TRUE,1358,1440,FALSE
KNUST::KNUST_S009::2024-12-06,KNUST,KNUST::KNUST_S009,2024-12-06,9363.958149246815,3.9714641019296066,12.50280698345767,-1.34548796282672,6.6750074282377385,-3.141342837529198,TRUE,1406,1440,FALSE
KNUST::KNUST_S009::2024-12-07,KNUST,KNUST::KNUST_S009,2024-12-07,6025.048972489365,3.7799677893598105,12.501544791857402,-1.3467501544269886,6.6750074282377385,-3.141342837529198,TRUE,1399,1440,FALSE
KNUST::KNUST_S009::2024-12-08,KNUST,KNUST::KNUST_S009,2024-12-08,11748.936578438901,4.070002255899498,12.500368875066439,-1.3479260712179517,6.6750074282377385,-3.141342837529198,TRUE,1395,1440,FALSE
KNUST::KNUST_S010::2024-12-10,KNUST,KNUST::KNUST_S010,2024-12-10,373.863694419009,2.572829441561891,12.498277292450268,-1.3500176538341222,6.6750074282377385,-3.141342837529198,TRUE,1338,1440,FALSE
KNUST::KNUST_S010::2024-12-12,KNUST,KNUST::KNUST_S010,2024-12-12,34241.07459217944,4.534548654081999,12.496534875300195,-1.351760070984195,6.6750074282377385,-3.141342837529198,TRUE,1401,1440,FALSE
KNUST::KNUST_S010::2024-12-13,KNUST,KNUST::KNUST_S010,2024-12-13,1021.3601388888903,3.0092214235398114,12.495795331663556,-1.3524996146208341,6.6750074282377385,-3.141342837529198,TRUE,1440,1440,FALSE
KNUST::KNUST_S010::2024-12-14,KNUST,KNUST::KNUST_S010,2024-12-14,19545.826517605514,4.291056261718711,12.495143906407886,-1.3531510398765043,6.6750074282377385,-3.141342837529198,TRUE,1373,1440,FALSE
KNUST::KNUST_S010::2024-12-15,KNUST,KNUST::KNUST_S010,2024-12-15,14582.84850358151,4.163845342183159,12.494580825832156,-1.353714120452235,6.6750074282377385,-3.141342837529198,TRUE,1369,1440,FALSE
KNUST::KNUST_S011::2024-12-17,KNUST,KNUST::KNUST_S011,2024-12-17,30787.47826144996,4.4883755288170395,12.493720479806264,-1.3545744664781267,6.6750074282377385,-3.141342837529198,TRUE,1362,1440,FALSE
KNUST::KNUST_S011::2024-12-18,KNUST,KNUST::KNUST_S011,2024-12-18,18600.738214421424,4.269532515384342,12.493423541718059,-1.3548714045663317,6.6750074282377385,-3.141342837529198,TRUE,1392,1440,FALSE
KNUST::KNUST_S011::2024-12-19,KNUST,KNUST::KNUST_S011,2024-12-19,5111.814962100486,3.7085836206202787,12.493215602106519,-1.355079344177872,6.6750074282377385,-3.141342837529198,TRUE,1348,1440,FALSE
KNUST::KNUST_S011::2024-12-20,KNUST,KNUST::KNUST_S011,2024-12-20,11347.80625802684,4.054915739549808,12.49309675971667,-1.355198186567721,6.6750074282377385,-3.141342837529198,TRUE,1417,1440,FALSE
KNUST::KNUST_S011::2024-12-21,KNUST,KNUST::KNUST_S011,2024-12-21,174.89818575463457,2.2430335462815214,12.493067087067498,-1.3552278592168925,6.6750074282377385,-3.141342837529198,TRUE,1421,1440,FALSE
KNUST::KNUST_S011::2024-12-22,KNUST,KNUST::KNUST_S011,2024-12-22,116.65283333333336,2.067267428733663,12.493126629855897,-1.3551683164284931,6.6750074282377385,-3.141342837529198,TRUE,1440,1440,FALSE
KNUST::KNUST_S012::2025-01-07,KNUST,KNUST::KNUST_S012,2025-01-07,8408.639157809463,3.9247308807138634,12.50614821129375,-1.3421467349906404,6.6750074282377385,-3.141342837529198,TRUE,1355,1440,FALSE
KNUST::KNUST_S012::2025-01-08,KNUST,KNUST::KNUST_S012,2025-01-08,22116.26366767833,4.344713722592771,12.507706261078516,-1.3405886852058746,6.6750074282377385,-3.141342837529198,TRUE,1393,1440,FALSE
KNUST::KNUST_S012::2025-01-09,KNUST,KNUST::KNUST_S012,2025-01-09,938.8186666666678,2.9726279733654524,12.509350015123685,-1.3389449311607056,6.6750074282377385,-3.141342837529198,TRUE,1440,1440,FALSE
KNUST::KNUST_S012::2025-01-10,KNUST,KNUST::KNUST_S012,2025-01-10,24697.562694444445,4.392655855003162,12.51107906738917,-1.3372158788952202,6.6750074282377385,-3.141342837529198,TRUE,1440,1440,FALSE
KNUST::KNUST_S012::2025-01-11,KNUST,KNUST::KNUST_S012,2025-01-11,16025.917666666675,4.204825617160266,12.512892994681994,-1.335401951602396,6.6750074282377385,-3.141342837529198,TRUE,1440,1440,FALSE
KNUST::KNUST_S012::2025-01-12,KNUST,KNUST::KNUST_S012,2025-01-12,26890.48061111109,4.429600179444552,12.51479135685497,-1.3335035894294212,6.6750074282377385,-3.141342837529198,TRUE,1440,1440,FALSE
KNUST::KNUST_S013::2025-01-15,KNUST,KNUST::KNUST_S013,2025-01-15,12607.451194444462,4.100630740338575,12.520988418327438,-1.327306527956953,6.6750074282377385,-3.141342837529198,TRUE,1440,1440,FALSE
KNUST::KNUST_S013::2025-01-16,KNUST,KNUST::KNUST_S013,2025-01-16,8556.18591666667,3.9322852885170607,12.523219814168081,-1.325075132116309,6.6750074282377385,-3.141342837529198,TRUE,1440,1440,FALSE
KNUST::KNUST_S013::2025-01-17,KNUST,KNUST::KNUST_S013,2025-01-17,32644.450917125334,4.5138106985016435,12.525533223284615,-1.3227617229997755,6.6750074282377385,-3.141342837529198,TRUE,1438,1440,FALSE
KNUST::KNUST_S014::2025-01-21,KNUST,KNUST::KNUST_S014,2025-01-21,3609.113339265292,3.557412553804401,12.535596380896038,-1.3126985653883523,6.6750074282377385,-3.141342837529198,TRUE,1415,1440,FALSE
KNUST::KNUST_S014::2025-01-22,KNUST,KNUST::KNUST_S014,2025-01-22,13058.206223648485,4.115886848805234,12.53831181022856,-1.3099831360558305,6.6750074282377385,-3.141342837529198,TRUE,1437,1440,FALSE
KNUST::KNUST_S014::2025-01-23,KNUST,KNUST::KNUST_S014,2025-01-23,14643.596798957691,4.165650728137464,12.541105968819725,-1.3071889774646657,6.6750074282377385,-3.141342837529198,TRUE,1400,1440,FALSE
KNUST::KNUST_S014::2025-01-24,KNUST,KNUST::KNUST_S014,2025-01-24,329.5890271962185,2.5181044930714678,12.54397827969657,-1.3043166665878196,6.6750074282377385,-3.141342837529198,TRUE,1415,1440,FALSE
KNUST::KNUST_S014::2025-01-25,KNUST,KNUST::KNUST_S014,2025-01-25,5024.866483624018,3.701133169370997,12.546928159528308,-1.3013667867560823,6.6750074282377385,-3.141342837529198,TRUE,1439,1440,FALSE
KNUST::KNUST_S014::2025-01-26,KNUST,KNUST::KNUST_S014,2025-01-26,1635.7997222222218,3.2137566786627545,12.549955018825,-1.2983399274593896,6.6750074282377385,-3.141342837529198,TRUE,1440,1440,FALSE
KNUST::KNUST_S015::2025-01-28,KNUST,KNUST::KNUST_S015,2025-01-28,4974.246220786157,3.6967360094309303,12.556237291826141,-1.2920576544582492,6.6750074282377385,-3.141342837529198,TRUE,1292,1440,FALSE
KNUST::KNUST_S015::2025-01-29,KNUST,KNUST::KNUST_S015,2025-01-29,28669.39266836642,4.457420007795511,12.55949150145054,-1.2888034448338512,6.6750074282377385,-3.141342837529198,TRUE,1387,1440,FALSE
KNUST::KNUST_S015::2025-01-30,KNUST,KNUST::KNUST_S015,2025-01-30,12394.08763063089,4.09321806647324,12.562820283836789,-1.2854746624476014,6.6750074282377385,-3.141342837529198,TRUE,1439,1440,FALSE
KNUST::KNUST_S015::2025-01-31,KNUST,KNUST::KNUST_S015,2025-01-31,16572.505006731055,4.219390779459029,12.56622302737501,-1.2820719189093808,6.6750074282377385,-3.141342837529198,TRUE,1348,1440,FALSE
KNUST::KNUST_S015::2025-02-01,KNUST,KNUST::KNUST_S015,2025-02-01,27366.211531021952,4.437216266548929,12.569699117210176,-1.2785958290742148,6.6750074282377385,-3.141342837529198,TRUE,1330,1440,FALSE
RISE::RISE_S001::2025-03-04,RISE,RISE::RISE_S001,2025-03-04,5844.65223069596,3.7667661053828416,12.179657288326158,-1.6686376579582323,57.715675,1.9627239196470283,TRUE,1381,1440,FALSE
RISE::RISE_S001::2025-03-05,RISE,RISE::RISE_S001,2025-03-05,991.8150823418291,2.9964744938790493,12.261009983155462,-1.587284963128928,57.715675,1.9627239196470283,TRUE,1406,1440,FALSE
RISE::RISE_S001::2025-03-06,RISE,RISE::RISE_S001,2025-03-06,5636.251044145965,3.7509980340802813,12.34262978831927,-1.5056651579651206,57.715675,1.9627239196470283,TRUE,1399,1440,FALSE
RISE::RISE_S001::2025-03-07,RISE,RISE::RISE_S001,2025-03-07,25326.995237733237,4.4035853834517065,12.424510966539383,-1.4237839797450071,57.715675,1.9627239196470283,TRUE,1320,1440,FALSE
RISE::RISE_S001::2025-03-09,RISE,RISE::RISE_S001,2025-03-09,37136.264361111185,4.569799384185833,12.58903662721316,-1.2592583190712308,57.715675,1.9627239196470283,TRUE,1440,1440,FALSE
RISE::RISE_S002::2025-03-18,RISE,RISE::RISE_S002,2025-03-18,5562.036913367395,3.745241674925144,13.341199753284455,-0.5070951929999357,57.715675,1.9627239196470283,TRUE,1395,1440,FALSE
RISE::RISE_S002::2025-03-19,RISE,RISE::RISE_S002,2025-03-19,7441.496627007072,3.8716661253183027,13.42590415040652,-0.4223907958778703,57.715675,1.9627239196470283,TRUE,1363,1440,FALSE
RISE::RISE_S002::2025-03-20,RISE,RISE::RISE_S002,2025-03-20,6815.184844826694,3.833484011887675,13.510826363431082,-0.33746858285330816,57.715675,1.9627239196470283,TRUE,1337,1440,FALSE
RISE::RISE_S002::2025-03-21,RISE,RISE::RISE_S002,2025-03-21,9090.311999999982,3.9585835669702307,13.595964657399389,-0.25233028888500186,57.715675,1.9627239196470283,TRUE,1440,1440,FALSE
RISE::RISE_S002::2025-03-22,RISE,RISE::RISE_S002,2025-03-22,1952.5003055555576,3.2906133529362083,13.68131742046939,-0.1669775258149997,57.715675,1.9627239196470283,TRUE,1440,1440,FALSE
RISE::RISE_S002::2025-03-23,RISE,RISE::RISE_S002,2025-03-23,1923.7303354687688,3.2841667685236535,13.766883142524295,-0.08141180376009594,57.715675,1.9627239196470283,TRUE,1405,1440,FALSE
RISE::RISE_S003::2025-03-18,RISE,RISE::RISE_S003,2025-03-18,4048.6568271094857,3.6073216933364742,13.341199753284455,-0.5070951929999357,57.715675,1.9627239196470283,TRUE,1422,1440,FALSE
RISE::RISE_S003::2025-03-19,RISE,RISE::RISE_S003,2025-03-19,14674.057749999987,4.166553183512523,13.42590415040652,-0.4223907958778703,57.715675,1.9627239196470283,TRUE,1440,1440,FALSE
RISE::RISE_S003::2025-03-20,RISE,RISE::RISE_S003,2025-03-20,16437.48375068494,4.2158379786014475,13.510826363431082,-0.33746858285330816,57.715675,1.9627239196470283,TRUE,1342,1440,FALSE
RISE::RISE_S003::2025-03-21,RISE,RISE::RISE_S003,2025-03-21,20394.693804847415,4.3095193188774505,13.595964657399389,-0.25233028888500186,57.715675,1.9627239196470283,TRUE,1439,1440,FALSE
RISE::RISE_S003::2025-03-23,RISE,RISE::RISE_S003,2025-03-23,629.5620555555546,2.799107522809195,13.766883142524295,-0.08141180376009594,57.715675,1.9627239196470283,TRUE,1440,1440,FALSE
RISE::RISE_S004::2025-03-25,RISE,RISE::RISE_S004,2025-03-25,2371.7037222222234,3.375078746293063,13.938647803200615,0.09035285691622441,57.715675,1.9627239196470283,TRUE,1440,1440,FALSE
RISE::RISE_S004::2025-03-26,RISE,RISE::RISE_S004,2025-03-26,26307.41722962066,4.420079863503641,14.024844036764568,0.17654909048017764,57.715675,1.9627239196470283,TRUE,1390,1440,FALSE
RISE::RISE_S004::2025-03-27,RISE,RISE::RISE_S004,2025-03-27,1700.7356111111117,3.2306623402807872,14.111247775289748,0.2629528290053571,57.715675,1.9627239196470283,TRUE,1440,1440,FALSE
RISE::RISE_S004::2025-03-28,RISE,RISE::RISE_S004,2025-03-28,3104.8598037340153,3.4920559822486674,14.19785769297017,0.3495627466857787,57.715675,1.9627239196470283,TRUE,1434,1440,FALSE
RISE::RISE_S004::2025-03-29,RISE,RISE::RISE_S004,2025-03-29,30790.004083333322,4.488411157001312,14.284672434462442,0.4363774881780511,57.715675,1.9627239196470283,TRUE,1440,1440,FALSE
RISE::RISE_S004::2025-03-30,RISE,RISE::RISE_S004,2025-03-30,2699.113805555557,3.4312372865184884,14.371690592434671,0.5233956461502807,57.715675,1.9627239196470283,TRUE,1320,1380,FALSE
RISE::RISE_S005::2025-04-01,RISE,RISE::RISE_S005,2025-04-01,19529.8244116461,4.290700562403649,14.54633112874296,0.6980361824585692,57.715675,1.9627239196470283,TRUE,1398,1440,FALSE
RISE::RISE_S005::2025-04-02,RISE,RISE::RISE_S005,2025-04-02,31207.64519647265,4.49426239141109,14.633950222267044,0.7856552759826538,57.715675,1.9627239196470283,TRUE,1425,1440,FALSE
RISE::RISE_S005::2025-04-03,RISE,RISE::RISE_S005,2025-04-03,31168.229734858458,4.493713529695186,14.721766114168696,0.8734711678843059,57.715675,1.9627239196470283,TRUE,1422,1440,FALSE
RISE::RISE_S005::2025-04-04,RISE,RISE::RISE_S005,2025-04-04,31432.119,4.497375041706022,14.809776781466272,0.9614818351818819,57.715675,1.9627239196470283,TRUE,1440,1440,FALSE
RISE::RISE_S005::2025-04-05,RISE,RISE::RISE_S005,2025-04-05,23248.874750000025,4.366403805818011,14.897980003555615,1.0496850572712244,57.715675,1.9627239196470283,TRUE,1440,1440,FALSE
RISE::RISE_S005::2025-04-06,RISE,RISE::RISE_S005,2025-04-06,3952.9615419036154,3.5969335755625753,14.986373335785336,1.1380783895009454,57.715675,1.9627239196470283,TRUE,1331,1440,FALSE
RISE::RISE_S006::2025-04-15,RISE,RISE::RISE_S006,2025-04-15,12042.083240088536,4.080705231370867,15.78991743306319,1.9416224867787992,57.715675,1.9627239196470283,TRUE,1411,1440,FALSE
RISE::RISE_S006::2025-04-16,RISE,RISE::RISE_S006,2025-04-16,5772.478277777777,3.7613698307839214,15.880007472435633,2.0317125261512423,57.715675,1.9627239196470283,TRUE,1440,1440,FALSE
RISE::RISE_S006::2025-04-17,RISE,RISE::RISE_S006,2025-04-17,25168.188722222247,4.40085368738938,15.970237473911709,2.1219425276273185,57.715675,1.9627239196470283,TRUE,1408,1440,FALSE
RISE::RISE_S006::2025-04-18,RISE,RISE::RISE_S006,2025-04-18,28684.650999999998,4.457651084311005,16.060599889622793,2.2123049433384026,57.715675,1.9627239196470283,TRUE,1440,1440,FALSE
RISE::RISE_S006::2025-04-20,RISE,RISE::RISE_S006,2025-04-20,1747.9800833333347,3.242561324724631,16.241688398917518,2.393393452633127,57.715675,1.9627239196470283,TRUE,1440,1440,FALSE
RISE::RISE_S007::2025-04-15,RISE,RISE::RISE_S007,2025-04-15,68889.63883333324,4.838154538309163,15.78991743306319,1.9416224867787992,57.715675,1.9627239196470283,TRUE,1440,1440,FALSE
RISE::RISE_S007::2025-04-16,RISE,RISE::RISE_S007,2025-04-16,10161.008027224614,4.006941068565174,15.880007472435633,2.0317125261512423,57.715675,1.9627239196470283,TRUE,1349,1440,FALSE
RISE::RISE_S007::2025-04-17,RISE,RISE::RISE_S007,2025-04-17,18836.352714815363,4.274999119718418,15.970237473911709,2.1219425276273185,57.715675,1.9627239196470283,TRUE,1431,1440,FALSE
RISE::RISE_S007::2025-04-18,RISE,RISE::RISE_S007,2025-04-18,49621.77638888885,4.695673182546686,16.060599889622793,2.2123049433384026,57.715675,1.9627239196470283,TRUE,1440,1440,FALSE
RISE::RISE_S007::2025-04-19,RISE,RISE::RISE_S007,2025-04-19,10504.319546138788,4.021372059133809,16.15108650598261,2.302791559698221,57.715675,1.9627239196470283,TRUE,1399,1440,FALSE
RISE::RISE_S007::2025-04-20,RISE,RISE::RISE_S007,2025-04-20,7138.394074488306,3.853606603356001,16.241688398917518,2.393393452633127,57.715675,1.9627239196470283,TRUE,1430,1440,FALSE
RISE::RISE_S008::2025-04-29,RISE,RISE::RISE_S008,2025-04-29,20211.828388888927,4.305607750858224,17.06040390630563,3.21210896002124,57.715675,1.9627239196470283,TRUE,1440,1440,FALSE
RISE::RISE_S008::2025-04-30,RISE,RISE::RISE_S008,2025-04-30,97385.81480401398,4.988496148200585,17.151474550233946,3.3031796039495553,57.715675,1.9627239196470283,TRUE,1305,1440,FALSE
RISE::RISE_S008::2025-05-01,RISE,RISE::RISE_S008,2025-05-01,114421.69283333329,5.058508748284776,17.242500105102856,3.3942051588184654,57.715675,1.9627239196470283,TRUE,1440,1440,FALSE
RISE::RISE_S008::2025-05-02,RISE,RISE::RISE_S008,2025-05-02,77967.32311111114,4.89191318066009,17.33345867547724,3.4851637291928483,57.715675,1.9627239196470283,TRUE,1440,1440,FALSE
RISE::RISE_S008::2025-05-03,RISE,RISE::RISE_S008,2025-05-03,90713.05747222235,4.957670283787253,17.424326815075343,3.5760318687909525,57.715675,1.9627239196470283,TRUE,1440,1440,FALSE
RISE::RISE_S008::2025-05-04,RISE,RISE::RISE_S008,2025-05-04,71291.59130555546,4.853038917924619,17.515079435838594,3.666784489554203,57.715675,1.9627239196470283,TRUE,1440,1440,FALSE
RISE::RISE_S009::2025-05-27,RISE,RISE::RISE_S009,2025-05-27,9878.596305555546,3.994699634399205,19.47890533533361,5.63061038904922,57.715675,1.9627239196470283,TRUE,1440,1440,FALSE
RISE::RISE_S009::2025-05-28,RISE,RISE::RISE_S009,2025-05-28,4144.255377949747,3.617456989030882,19.55297898358769,5.7046840373032985,57.715675,1.9627239196470283,TRUE,1267,1440,FALSE
RISE::RISE_S009::2025-05-29,RISE,RISE::RISE_S009,2025-05-29,115230.26971771583,5.061566955324969,19.625408908989694,5.777113962705304,57.715675,1.9627239196470283,TRUE,1364,1440,FALSE
RISE::RISE_S009::2025-05-30,RISE,RISE::RISE_S009,2025-05-30,3859.5166974611943,3.5865441765776636,19.696082001328467,5.847787055044076,57.715675,1.9627239196470283,TRUE,1311,1440,FALSE
RISE::RISE_S009::2025-05-31,RISE,RISE::RISE_S009,2025-05-31,121134.41567408615,5.083267907230549,19.76488055811988,5.91658561183549,57.715675,1.9627239196470283,TRUE,1359,1440,FALSE
RISE::RISE_S009::2025-06-01,RISE,RISE::RISE_S009,2025-06-01,27596.75993629132,4.440859669386868,19.831682472030323,5.983387525745933,57.715675,1.9627239196470283,TRUE,1324,1440,FALSE
RISE::RISE_S010::2025-06-10,RISE,RISE::RISE_S010,2025-06-10,3849.9899269460398,3.585470873487808,20.321251919137108,6.472956972852717,57.715675,1.9627239196470283,TRUE,1371,1440,FALSE
RISE::RISE_S010::2025-06-11,RISE,RISE::RISE_S010,2025-06-11,11151.86367998966,4.047351346334479,20.360735110441844,6.512440164157454,57.715675,1.9627239196470283,TRUE,1356,1440,FALSE
RISE::RISE_S010::2025-06-12,RISE,RISE::RISE_S010,2025-06-12,174632.8579107109,5.242126210091243,20.396744766698944,6.548449820414554,57.715675,1.9627239196470283,TRUE,1269,1440,FALSE
RISE::RISE_S010::2025-06-13,RISE,RISE::RISE_S010,2025-06-13,1899.3781887658677,3.278634311024189,20.429159809152285,6.5808648628678945,57.715675,1.9627239196470283,TRUE,1329,1440,FALSE
RISE::RISE_S010::2025-06-14,RISE,RISE::RISE_S010,2025-06-14,108610.51275516419,5.035872263888315,20.457867281238237,6.609572334953846,57.715675,1.9627239196470283,TRUE,1437,1440,FALSE
RISE::RISE_S012::2025-06-10,RISE,RISE::RISE_S012,2025-06-10,5915.102583333334,3.771969622897541,20.321251919137108,6.472956972852717,57.715675,1.9627239196470283,TRUE,1440,1440,FALSE
RISE::RISE_S012::2025-06-11,RISE,RISE::RISE_S012,2025-06-11,63469.103104853864,4.802563045512046,20.360735110441844,6.512440164157454,57.715675,1.9627239196470283,TRUE,1436,1440,FALSE
RISE::RISE_S012::2025-06-12,RISE,RISE::RISE_S012,2025-06-12,96315.24577721304,4.983695488115258,20.396744766698944,6.548449820414554,57.715675,1.9627239196470283,TRUE,1433,1440,FALSE
RISE::RISE_S012::2025-06-13,RISE,RISE::RISE_S012,2025-06-13,100704.79397377295,5.003050576553206,20.429159809152285,6.5808648628678945,57.715675,1.9627239196470283,TRUE,1425,1440,FALSE
RISE::RISE_S012::2025-06-14,RISE,RISE::RISE_S012,2025-06-14,175195.66585569285,5.243523605897536,20.457867281238237,6.609572334953846,57.715675,1.9627239196470283,TRUE,1427,1440,FALSE
RISE::RISE_S012::2025-06-15,RISE,RISE::RISE_S012,2025-06-15,41430.09858333337,4.6173170149647,20.482763924863605,6.634468978579214,57.715675,1.9627239196470283,TRUE,1440,1440,FALSE
RISE::RISE_S012::2025-06-16,RISE,RISE::RISE_S012,2025-06-16,48884.53066666659,4.689172338350025,20.503757714099354,6.655462767814964,57.715675,1.9627239196470283,TRUE,1440,1440,FALSE
RISE::RISE_S013::2025-06-24,RISE,RISE::RISE_S013,2025-06-24,14538.47571730114,4.162521862615553,20.52484733098083,6.676552384696439,57.715675,1.9627239196470283,TRUE,1438,1440,FALSE
RISE::RISE_S013::2025-06-26,RISE,RISE::RISE_S013,2025-06-26,18042.086750000002,4.256289173777075,20.489147805107965,6.640852858823575,57.715675,1.9627239196470283,TRUE,1440,1440,FALSE
RISE::RISE_S013::2025-06-27,RISE,RISE::RISE_S013,2025-06-27,4430.258440923933,3.646438864511543,20.465393348733585,6.617098402449194,57.715675,1.9627239196470283,TRUE,1299,1440,FALSE
RISE::RISE_S013::2025-06-28,RISE,RISE::RISE_S013,2025-06-28,9943.439172195462,3.9975409889632223,20.43781963951058,6.589524693226188,57.715675,1.9627239196470283,TRUE,1262,1440,FALSE
RISE::RISE_S013::2025-06-29,RISE,RISE::RISE_S013,2025-06-29,40945.23644435712,4.612204444025167,20.406529225375916,6.558234279091526,57.715675,1.9627239196470283,TRUE,1435,1440,FALSE
RISE::RISE_S014::2025-10-07,RISE,RISE::RISE_S014,2025-10-07,2237.5590714384207,3.349793918353245,12.295595754848586,-1.5526991914358046,57.715675,1.9627239196470283,TRUE,1425,1440,FALSE
RISE::RISE_S014::2025-10-08,RISE,RISE::RISE_S014,2025-10-08,4521.270081186811,3.6552700561692966,12.215335908797051,-1.632959037487339,57.715675,1.9627239196470283,TRUE,1411,1440,FALSE
RISE::RISE_S014::2025-10-09,RISE,RISE::RISE_S014,2025-10-09,2996.170512947818,3.4765810203014684,12.135332807037566,-1.7129621392468248,57.715675,1.9627239196470283,TRUE,1394,1440,FALSE
RISE::RISE_S014::2025-10-10,RISE,RISE::RISE_S014,2025-10-10,5027.959092679815,3.7014003731256855,12.055592330296834,-1.7927026159875563,57.715675,1.9627239196470283,TRUE,1412,1440,FALSE
RISE::RISE_S014::2025-10-11,RISE,RISE::RISE_S014,2025-10-11,2174.8716111111085,3.3374535926845614,11.976120831569036,-1.8721741147153548,57.715675,1.9627239196470283,TRUE,1440,1440,FALSE
RISE::RISE_S014::2025-10-12,RISE,RISE::RISE_S014,2025-10-12,1041.0374904003972,3.017508085302427,11.896925158434444,-1.9513697878499467,57.715675,1.9627239196470283,TRUE,1402,1440,FALSE
RISE::RISE_S015::2025-10-07,RISE,RISE::RISE_S015,2025-10-07,1006.8067938418417,3.0029892711557906,12.295595754848586,-1.5526991914358046,57.715675,1.9627239196470283,TRUE,1415,1440,FALSE
RISE::RISE_S015::2025-10-08,RISE,RISE::RISE_S015,2025-10-08,13424.489687746465,4.127901020697794,12.215335908797051,-1.632959037487339,57.715675,1.9627239196470283,TRUE,1423,1440,FALSE
RISE::RISE_S015::2025-10-09,RISE,RISE::RISE_S015,2025-10-09,738.3461565412373,2.8683188344218067,12.135332807037566,-1.7129621392468248,57.715675,1.9627239196470283,TRUE,1338,1440,FALSE
RISE::RISE_S015::2025-10-10,RISE,RISE::RISE_S015,2025-10-10,1253.6877485621378,3.0982240217975208,12.055592330296834,-1.7927026159875563,57.715675,1.9627239196470283,TRUE,1402,1440,FALSE
RISE::RISE_S015::2025-10-11,RISE,RISE::RISE_S015,2025-10-11,12981.167861111124,4.113317111431542,11.976120831569036,-1.8721741147153548,57.715675,1.9627239196470283,TRUE,1440,1440,FALSE
RISE::RISE_S015::2025-10-12,RISE,RISE::RISE_S015,2025-10-12,4869.130172322452,3.6874603044713075,11.896925158434444,-1.9513697878499467,57.715675,1.9627239196470283,TRUE,1394,1440,FALSE
RISE::RISE_S016::2025-10-07,RISE,RISE::RISE_S016,2025-10-07,1000.260805555556,3.000156667600247,12.295595754848586,-1.5526991914358046,57.715675,1.9627239196470283,TRUE,1440,1440,FALSE
RISE::RISE_S016::2025-10-09,RISE,RISE::RISE_S016,2025-10-09,1597.9182717505,3.203581740732072,12.135332807037566,-1.7129621392468248,57.715675,1.9627239196470283,TRUE,1262,1440,FALSE
RISE::RISE_S016::2025-10-10,RISE,RISE::RISE_S016,2025-10-10,359.0466111111113,2.5552717728083323,12.055592330296834,-1.7927026159875563,57.715675,1.9627239196470283,TRUE,1440,1440,FALSE
RISE::RISE_S016::2025-10-12,RISE,RISE::RISE_S016,2025-10-12,1452.5514756348587,3.1621614296010025,11.896925158434444,-1.9513697878499467,57.715675,1.9627239196470283,TRUE,1391,1440,FALSE
RISE::RISE_S017::2025-10-14,RISE,RISE::RISE_S017,2025-10-14,3911.4878055555505,3.5923530835377515,11.73939129365815,-2.108903652626241,57.715675,1.9627239196470283,TRUE,1440,1440,FALSE
RISE::RISE_S017::2025-10-15,RISE,RISE::RISE_S017,2025-10-15,1488.697694444444,3.1728356875737913,11.661069481571515,-2.187225464712876,57.715675,1.9627239196470283,TRUE,1440,1440,FALSE
RISE::RISE_S017::2025-10-16,RISE,RISE::RISE_S017,2025-10-16,10367.589000000027,4.015681961172195,11.58305630173948,-2.26523864454491,57.715675,1.9627239196470283,TRUE,1440,1440,FALSE
RISE::RISE_S017::2025-10-17,RISE,RISE::RISE_S017,2025-10-17,1409.1162777777765,3.148977651049254,11.50536142786344,-2.342933518420951,57.715675,1.9627239196470283,TRUE,1440,1440,FALSE
RISE::RISE_S017::2025-10-18,RISE,RISE::RISE_S017,2025-10-18,14588.113861111102,4.164002121382877,11.42799517068598,-2.4202997755984104,57.715675,1.9627239196470283,TRUE,1440,1440,FALSE
RISE::RISE_S017::2025-10-19,RISE,RISE::RISE_S017,2025-10-19,5964.403833333334,3.7755743220369036,11.350968501501614,-2.497326444782777,57.715675,1.9627239196470283,TRUE,1440,1440,FALSE
THUAS::THUAS_S001::2025-02-22,THUAS,THUAS::THUAS_S001,2025-02-22,179.53480555555547,2.254390488212235,11.59127261598905,-2.2570223302953405,52.0116,1.3923164196470283,TRUE,1440,1440,FALSE
THUAS::THUAS_S001::2025-02-23,THUAS,THUAS::THUAS_S001,2025-02-23,23591.006505043693,4.3727483112868155,11.654367930557992,-2.1939270157263984,52.0116,1.3923164196470283,TRUE,1161,1440,FALSE
THUAS::THUAS_S001::2025-02-24,THUAS,THUAS::THUAS_S001,2025-02-24,339.5389166666672,2.531017446958413,11.717774412168398,-2.130520534115993,52.0116,1.3923164196470283,TRUE,1440,1440,FALSE
THUAS::THUAS_S001::2025-02-25,THUAS,THUAS::THUAS_S001,2025-02-25,561.6436166931369,2.749538146065447,11.781480873823165,-2.0668140724612254,52.0116,1.3923164196470283,TRUE,1425,1440,FALSE
THUAS::THUAS_S001::2025-02-26,THUAS,THUAS::THUAS_S001,2025-02-26,14616.145027777786,4.164835814949287,11.845476604236497,-2.0028183420478936,52.0116,1.3923164196470283,TRUE,1440,1440,FALSE
THUAS::THUAS_S001::2025-02-27,THUAS,THUAS::THUAS_S001,2025-02-27,606.6701962843877,2.783024240692295,11.909751350416078,-1.9385435958683122,52.0116,1.3923164196470283,TRUE,1357,1440,FALSE
THUAS::THUAS_S001::2025-02-28,THUAS,THUAS::THUAS_S001,2025-02-28,10151.345070275302,4.006527868985744,11.974295300576422,-1.8739996457079684,52.0116,1.3923164196470283,TRUE,1341,1440,FALSE
THUAS::THUAS_S001::2025-03-02,THUAS,THUAS::THUAS_S001,2025-03-02,128.0888333333334,2.1078501949726873,12.10415366133054,-1.7441412849538498,52.0116,1.3923164196470283,TRUE,1440,1440,FALSE
THUAS::THUAS_S002::2025-03-04,THUAS,THUAS::THUAS_S002,2025-03-04,22469.76971547879,4.351600554305525,12.234981320500374,-1.6133136257840164,52.0116,1.3923164196470283,TRUE,1422,1440,FALSE
THUAS::THUAS_S002::2025-03-05,THUAS,THUAS::THUAS_S002,2025-03-05,3989.246888888885,3.6009018015091896,12.300738272799386,-1.5475566734850048,52.0116,1.3923164196470283,TRUE,1440,1440,FALSE
THUAS::THUAS_S002::2025-03-06,THUAS,THUAS::THUAS_S002,2025-03-06,212.37125000000006,2.3273001729224725,12.366713795595698,-1.481581150688692,52.0116,1.3923164196470283,TRUE,1440,1440,FALSE
THUAS::THUAS_S002::2025-03-07,THUAS,THUAS::THUAS_S002,2025-03-07,13055.766999999998,4.115805717278329,12.432900649176704,-1.415394297107687,52.0116,1.3923164196470283,TRUE,1440,1440,FALSE
THUAS::THUAS_S002::2025-03-08,THUAS,THUAS::THUAS_S002,2025-03-08,1886.8572499999996,3.275762061108539,12.499291886356142,-1.3490030599282488,52.0116,1.3923164196470283,TRUE,1440,1440,FALSE
THUAS::THUAS_S003::2025-03-18,THUAS,THUAS::THUAS_S003,2025-03-18,3437.1738196973756,3.536214130230577,13.173087510267893,-0.6752074360164979,52.0116,1.3923164196470283,TRUE,1325,1440,FALSE
THUAS::THUAS_S003::2025-03-19,THUAS,THUAS::THUAS_S003,2025-03-19,61903.148655984274,4.791713441206643,13.241332811580763,-0.6069621347036271,52.0116,1.3923164196470283,TRUE,1190,1440,FALSE
THUAS::THUAS_S003::2025-03-20,THUAS,THUAS::THUAS_S003,2025-03-20,39068.716972222195,4.591830260720188,13.309714924295744,-0.538580021988647,52.0116,1.3923164196470283,TRUE,1440,1440,FALSE
THUAS::THUAS_S003::2025-03-21,THUAS,THUAS::THUAS_S003,2025-03-21,32416.00379702515,4.510760814302197,13.378228944804933,-0.47006600147945754,52.0116,1.3923164196470283,TRUE,1394,1440,FALSE
THUAS::THUAS_S003::2025-03-22,THUAS,THUAS::THUAS_S003,2025-03-22,1600.17849439987,3.2041955689410693,13.446869988971287,-0.4014249573131039,52.0116,1.3923164196470283,TRUE,1390,1440,FALSE
THUAS::THUAS_S003::2025-03-23,THUAS,THUAS::THUAS_S003,2025-03-23,54319.025333333295,4.7349527681582115,13.515633172988892,-0.3326617732954986,52.0116,1.3923164196470283,TRUE,1440,1440,FALSE
THUAS::THUAS_S005::2025-03-25,THUAS,THUAS::THUAS_S005,2025-03-25,2817.9049334966458,3.449941749095727,13.653506302436194,-0.19478864384819694,52.0116,1.3923164196470283,TRUE,1428,1440,FALSE
THUAS::THUAS_S005::2025-03-26,THUAS,THUAS::THUAS_S005,2025-03-26,4462.23602523161,3.6495622706562756,13.72260629620817,-0.12568865007622065,52.0116,1.3923164196470283,TRUE,1323,1440,FALSE
THUAS::THUAS_S005::2025-03-27,THUAS,THUAS::THUAS_S005,2025-03-27,8804.230249999997,3.9446963245517632,13.791808485322528,-0.05648646096186205,52.0116,1.3923164196470283,TRUE,1440,1440,FALSE
THUAS::THUAS_S005::2025-03-28,THUAS,THUAS::THUAS_S005,2025-03-28,6431.595526494719,3.808325476926175,13.861107677883572,0.012812731599181504,52.0116,1.3923164196470283,TRUE,1303,1440,FALSE
THUAS::THUAS_S005::2025-03-29,THUAS,THUAS::THUAS_S005,2025-03-29,3672.37480555556,3.5649588250625044,13.930498557686805,0.08220361140241472,52.0116,1.3923164196470283,TRUE,1440,1440,FALSE
THUAS::THUAS_S005::2025-03-30,THUAS,THUAS::THUAS_S005,2025-03-30,2270.659692019739,3.3561711765130493,13.9999756623639,0.15168071607950928,52.0116,1.3923164196470283,TRUE,1289,1380,FALSE
THUAS::THUAS_S006::2025-04-01,THUAS,THUAS::THUAS_S006,2025-04-01,37999.91444554229,4.579783761712023,14.13916583571169,0.2908708894272998,52.0116,1.3923164196470283,TRUE,1409,1440,FALSE
THUAS::THUAS_S006::2025-04-02,THUAS,THUAS::THUAS_S006,2025-04-02,39095.674027777735,4.592129815820279,14.208867051866319,0.3605721055819284,52.0116,1.3923164196470283,TRUE,1440,1440,FALSE
THUAS::THUAS_S006::2025-04-03,THUAS,THUAS::THUAS_S006,2025-04-03,39081.891527777756,4.591976686251627,14.27863074236446,0.4303357960800689,52.0116,1.3923164196470283,TRUE,1413,1440,FALSE
THUAS::THUAS_S006::2025-04-05,THUAS,THUAS::THUAS_S006,2025-04-05,131597.4492499999,5.119247801457935,14.418319160474672,0.5700242141902816,52.0116,1.3923164196470283,TRUE,1440,1440,FALSE
THUAS::THUAS_S006::2025-04-06,THUAS,THUAS::THUAS_S006,2025-04-06,30128.96656156792,4.478985676862872,14.488229966627227,0.6399350203428362,52.0116,1.3923164196470283,TRUE,1349,1440,FALSE
THUAS::THUAS_S007::2025-04-08,THUAS,THUAS::THUAS_S007,2025-04-08,12597.761091845323,4.100296815366636,14.628147530357042,0.7798525840726516,52.0116,1.3923164196470283,TRUE,1376,1440,FALSE
THUAS::THUAS_S007::2025-04-09,THUAS,THUAS::THUAS_S007,2025-04-09,51489.219794058685,4.71171715456489,14.698138311372864,0.8498433650884731,52.0116,1.3923164196470283,TRUE,1325,1440,FALSE
THUAS::THUAS_S007::2025-04-10,THUAS,THUAS::THUAS_S007,2025-04-10,7362.794123479306,3.867048555478834,14.76813911543952,0.9198441691551302,52.0116,1.3923164196470283,TRUE,1349,1440,FALSE
THUAS::THUAS_S007::2025-04-11,THUAS,THUAS::THUAS_S007,2025-04-11,0.23991666666666667,-0.46862754073053026,14.838140927619405,0.989845981335014,52.0116,1.3923164196470283,TRUE,1440,1440,FALSE
THUAS::THUAS_S007::2025-04-13,THUAS,THUAS::THUAS_S007,2025-04-13,3498.4979096584193,3.5438940323225854,14.978109200398126,1.129814254113736,52.0116,1.3923164196470283,TRUE,1353,1440,FALSE
THUAS::THUAS_S010::2025-06-03,THUAS,THUAS::THUAS_S010,2025-06-03,15755.907138888893,4.197446168911625,18.042194473081164,4.193899526796773,52.0116,1.3923164196470283,TRUE,1398,1440,FALSE
THUAS::THUAS_S010::2025-06-06,THUAS,THUAS::THUAS_S010,2025-06-06,37982.79854223155,4.579588103446393,18.14129734608862,4.29300239980423,52.0116,1.3923164196470283,TRUE,1183,1440,FALSE
THUAS::THUAS_S010::2025-06-07,THUAS,THUAS::THUAS_S010,2025-06-07,8580.718589676322,3.933528720485241,18.170695600642098,4.322400654357708,52.0116,1.3923164196470283,TRUE,1364,1440,FALSE
THUAS::THUAS_S010::2025-06-08,THUAS,THUAS::THUAS_S010,2025-06-08,5576.741861111106,3.7463883296591147,18.198204170399244,4.349909224114853,52.0116,1.3923164196470283,TRUE,1440,1440,FALSE
THUAS::THUAS_S010::2025-06-09,THUAS,THUAS::THUAS_S010,2025-06-09,39370.906941759786,4.595176522325347,18.223782843152684,4.375487896868293,52.0116,1.3923164196470283,TRUE,1343,1440,FALSE
THUAS::THUAS_S011::2025-05-13,THUAS,THUAS::THUAS_S011,2025-05-13,25715.061254958964,4.410189252044987,16.991607664691077,3.143312718406687,52.0116,1.3923164196470283,TRUE,1422,1440,FALSE
THUAS::THUAS_S011::2025-05-14,THUAS,THUAS::THUAS_S011,2025-05-14,38138.20833333333,4.5813614255271835,17.05210279080603,3.203807844521638,52.0116,1.3923164196470283,TRUE,1440,1440,FALSE
THUAS::THUAS_S011::2025-05-15,THUAS,THUAS::THUAS_S011,2025-05-15,9069.154899527923,3.957571608304219,17.111836332347657,3.2635413860632667,52.0116,1.3923164196470283,TRUE,1420,1440,FALSE
THUAS::THUAS_S011::2025-05-16,THUAS,THUAS::THUAS_S011,2025-05-16,12490.517758517119,4.096583918156403,17.170767495963307,3.322472549678917,52.0116,1.3923164196470283,TRUE,1365,1440,FALSE
THUAS::THUAS_S011::2025-05-17,THUAS,THUAS::THUAS_S011,2025-05-17,71643.46516666669,4.855177189316654,17.22885436197122,3.380559415686829,52.0116,1.3923164196470283,TRUE,1440,1440,FALSE
THUAS::THUAS_S011::2025-05-18,THUAS,THUAS::THUAS_S011,2025-05-18,5788.271689064227,3.7625564107204537,17.286053916414577,3.4377589701301865,52.0116,1.3923164196470283,TRUE,1422,1440,FALSE
THUAS::THUAS_S014::2025-07-08,THUAS,THUAS::THUAS_S014,2025-07-08,18578.835809243792,4.269020834231932,18.05177746653557,4.203482520251178,52.0116,1.3923164196470283,TRUE,1317,1440,FALSE
THUAS::THUAS_S014::2025-07-09,THUAS,THUAS::THUAS_S014,2025-07-09,17923.44175708616,4.253423831976508,18.01588496943315,4.167590023148758,52.0116,1.3923164196470283,TRUE,1240,1440,FALSE
THUAS::THUAS_S014::2025-07-12,THUAS,THUAS::THUAS_S014,2025-07-12,33451.89519444441,4.524422025724063,17.898490925100116,4.050195978815726,52.0116,1.3923164196470283,TRUE,1440,1440,FALSE
THUAS::THUAS_S014::2025-07-13,THUAS,THUAS::THUAS_S014,2025-07-13,11232.206277777772,4.050468937105468,17.856285890539485,4.007990944255095,52.0116,1.3923164196470283,TRUE,1440,1440,FALSE
THUAS::THUAS_S015::2025-07-08,THUAS,THUAS::THUAS_S015,2025-07-08,40898.542361111126,4.6117088917514995,18.05177746653557,4.203482520251178,52.0116,1.3923164196470283,TRUE,1440,1440,FALSE
THUAS::THUAS_S015::2025-07-09,THUAS,THUAS::THUAS_S015,2025-07-09,7897.575727169404,3.8974992979505245,18.01588496943315,4.167590023148758,52.0116,1.3923164196470283,TRUE,1220,1440,FALSE
THUAS::THUAS_S015::2025-07-10,THUAS,THUAS::THUAS_S015,2025-07-10,35470.84402777776,4.549872746988968,17.978340305818453,4.130045359534062,52.0116,1.3923164196470283,TRUE,1440,1440,FALSE
THUAS::THUAS_S015::2025-07-11,THUAS,THUAS::THUAS_S015,2025-07-11,25592.6340277778,4.408116683298381,17.939192422562176,4.090897476277785,52.0116,1.3923164196470283,TRUE,1440,1440,FALSE
THUAS::THUAS_S015::2025-07-12,THUAS,THUAS::THUAS_S015,2025-07-12,38347.928722222234,4.583743043980825,17.898490925100116,4.050195978815726,52.0116,1.3923164196470283,TRUE,1440,1440,FALSE
THUAS::THUAS_S015::2025-07-13,THUAS,THUAS::THUAS_S015,2025-07-13,286.29777777777764,2.456969643864195,17.856285890539485,4.007990944255095,52.0116,1.3923164196470283,TRUE,1440,1440,FALSE
THUAS::THUAS_S016::2025-07-08,THUAS,THUAS::THUAS_S016,2025-07-08,12208.693916666662,4.086672762945055,18.05177746653557,4.203482520251178,52.0116,1.3923164196470283,TRUE,1440,1440,FALSE
THUAS::THUAS_S016::2025-07-09,THUAS,THUAS::THUAS_S016,2025-07-09,10493.782027777777,4.020936177551179,18.01588496943315,4.167590023148758,52.0116,1.3923164196470283,TRUE,1440,1440,FALSE
THUAS::THUAS_S016::2025-07-10,THUAS,THUAS::THUAS_S016,2025-07-10,14892.778722222225,4.172978652912562,17.978340305818453,4.130045359534062,52.0116,1.3923164196470283,TRUE,1440,1440,FALSE
THUAS::THUAS_S016::2025-07-11,THUAS,THUAS::THUAS_S016,2025-07-11,7315.971222222224,3.864277924697701,17.939192422562176,4.090897476277785,52.0116,1.3923164196470283,TRUE,1440,1440,FALSE
THUAS::THUAS_S016::2025-07-12,THUAS,THUAS::THUAS_S016,2025-07-12,3592.8175833333366,3.5554472551912712,17.898490925100116,4.050195978815726,52.0116,1.3923164196470283,TRUE,1440,1440,FALSE
THUAS::THUAS_S016::2025-07-13,THUAS,THUAS::THUAS_S016,2025-07-13,8036.472944444444,3.9050708909608254,17.856285890539485,4.007990944255095,52.0116,1.3923164196470283,TRUE,1440,1440,FALSE
THUAS::THUAS_S017::2025-09-09,THUAS,THUAS::THUAS_S017,2025-09-09,3332.0465277777753,3.5227240908158257,14.2053072239293,0.35701227764490895,52.0116,1.3923164196470283,TRUE,1440,1440,FALSE
THUAS::THUAS_S017::2025-09-10,THUAS,THUAS::THUAS_S017,2025-09-10,18673.976805555543,4.271239140706262,14.136658898790678,0.28836395250628755,52.0116,1.3923164196470283,TRUE,1440,1440,FALSE
THUAS::THUAS_S017::2025-09-11,THUAS,THUAS::THUAS_S017,2025-09-11,8374.115027777772,3.922944108236414,14.068081025481224,0.21978607919683313,52.0116,1.3923164196470283,TRUE,1440,1440,FALSE
THUAS::THUAS_S017::2025-09-12,THUAS,THUAS::THUAS_S017,2025-09-12,18586.37161111109,4.269196952694755,13.99957904915015,0.151284102865759,52.0116,1.3923164196470283,TRUE,1440,1440,FALSE
THUAS::THUAS_S017::2025-09-13,THUAS,THUAS::THUAS_S017,2025-09-13,8567.761138888893,3.932872419179658,13.931158213880327,0.08286326759593621,52.0116,1.3923164196470283,TRUE,1440,1440,FALSE
THUAS::THUAS_S017::2025-09-14,THUAS,THUAS::THUAS_S017,2025-09-14,2414.7300277777767,3.382886567552941,13.862823584808243,0.014528638523852777,52.0116,1.3923164196470283,TRUE,1440,1440,FALSE
THUAS::THUAS_S018::2025-09-23,THUAS,THUAS::THUAS_S018,2025-09-23,13753.030443098794,4.138401562124506,13.252464475962851,-0.5958304703215394,52.0116,1.3923164196470283,TRUE,1353,1440,FALSE
THUAS::THUAS_S018::2025-09-24,THUAS,THUAS::THUAS_S018,2025-09-24,49106.52490191715,4.69114008609976,13.185245578487715,-0.6630493677966758,52.0116,1.3923164196470283,TRUE,1240,1440,FALSE
THUAS::THUAS_S018::2025-09-25,THUAS,THUAS::THUAS_S018,2025-09-25,4629.151440452022,3.6655107703777943,13.118162540859647,-0.7301324054247438,52.0116,1.3923164196470283,TRUE,1290,1440,FALSE
THUAS::THUAS_S018::2025-09-26,THUAS,THUAS::THUAS_S018,2025-09-26,18013.131939994557,4.255591641069368,13.05121983177132,-0.7970751145130706,52.0116,1.3923164196470283,TRUE,1281,1440,FALSE
THUAS::THUAS_S018::2025-09-27,THUAS,THUAS::THUAS_S018,2025-09-27,17454.089732185097,4.241899692565341,12.984421993957625,-0.8638729523267656,52.0116,1.3923164196470283,TRUE,1290,1440,FALSE
THUAS::THUAS_S018::2025-09-28,THUAS,THUAS::THUAS_S018,2025-09-28,55314.69994125566,4.742841346004026,12.917773662938012,-0.9305212833463781,52.0116,1.3923164196470283,TRUE,1335,1440,FALSE
THUAS::THUAS_S018::2025-09-29,THUAS,THUAS::THUAS_S018,2025-09-29,44447.204777777806,4.647845431096396,12.85127958536148,-0.9970153609229104,52.0116,1.3923164196470283,TRUE,1439,1440,FALSE
THUAS::THUAS_S019::2025-09-30,THUAS,THUAS::THUAS_S019,2025-09-30,8223.351833333338,3.915054153001769,12.784944637285339,-1.063350308999052,52.0116,1.3923164196470283,TRUE,1440,1440,FALSE
THUAS::THUAS_S019::2025-10-01,THUAS,THUAS::THUAS_S019,2025-10-01,4654.656833333331,3.6678969981637803,12.718773842520184,-1.1295211037642066,52.0116,1.3923164196470283,TRUE,1440,1440,FALSE
THUAS::THUAS_S019::2025-10-02,THUAS,THUAS::THUAS_S019,2025-10-02,3393.3949166666685,3.530647202970459,12.652772391173574,-1.1955225551108164,52.0116,1.3923164196470283,TRUE,1440,1440,FALSE
THUAS::THUAS_S019::2025-10-03,THUAS,THUAS::THUAS_S019,2025-10-03,1539.6363611111121,3.18744636582583,12.586945657730103,-1.2613492885542872,52.0116,1.3923164196470283,TRUE,1440,1440,FALSE
THUAS::THUAS_S019::2025-10-04,THUAS,THUAS::THUAS_S019,2025-10-04,5546.139777777776,3.7439986412812853,12.521299219065241,-1.326995727219149,52.0116,1.3923164196470283,TRUE,1440,1440,FALSE
THUAS::THUAS_S019::2025-10-05,THUAS,THUAS::THUAS_S019,2025-10-05,2841.4506944444415,3.4535554084437767,12.455838873253928,-1.3924560730304627,52.0116,1.3923164196470283,TRUE,1440,1440,FALSE
THUAS::THUAS_S019::2025-10-06,THUAS,THUAS::THUAS_S019,2025-10-06,10731.86047441918,4.030679064505562,12.390570657451947,-1.457724288832443,52.0116,1.3923164196470283,TRUE,1260,1440,FALSE
THUAS::THUAS_S020::2025-10-07,THUAS,THUAS::THUAS_S020,2025-10-07,6809.02277777778,3.833091165171243,12.325500866307152,-1.5227940799772384,52.0116,1.3923164196470283,TRUE,1440,1440,FALSE
THUAS::THUAS_S020::2025-10-08,THUAS,THUAS::THUAS_S020,2025-10-08,7319.392555555558,3.8644809734134244,12.260636069840855,-1.5876588764435358,52.0116,1.3923164196470283,TRUE,1440,1440,FALSE
THUAS::THUAS_S020::2025-10-09,THUAS,THUAS::THUAS_S020,2025-10-09,3732.301499999998,3.571988355292996,12.195983132190175,-1.6523118140942152,52.0116,1.3923164196470283,TRUE,1440,1440,FALSE
THUAS::THUAS_S020::2025-10-10,THUAS,THUAS::THUAS_S020,2025-10-10,5974.009166666665,3.776273154332349,12.131549229489432,-1.716745716794959,52.0116,1.3923164196470283,TRUE,1440,1440,FALSE
THUAS::THUAS_S020::2025-10-11,THUAS,THUAS::THUAS_S020,2025-10-11,6269.516694444428,3.7972409901806006,12.067341867884,-1.7809530784003904,52.0116,1.3923164196470283,TRUE,1440,1440,FALSE
THUAS::THUAS_S020::2025-10-12,THUAS,THUAS::THUAS_S020,2025-10-12,4949.503527777768,3.6945704125508714,12.003368901809056,-1.8449260444753346,52.0116,1.3923164196470283,TRUE,1440,1440,FALSE
THUAS::THUAS_S020::2025-10-13,THUAS,THUAS::THUAS_S020,2025-10-13,3464.4121944444482,3.539642094308658,11.939638552069663,-1.9086563942147272,52.0116,1.3923164196470283,TRUE,1440,1440,FALSE
TUM::TUM_S001::2024-05-14,TUM,TUM::TUM_S001,2024-05-14,3097.698103549725,3.4910531095589117,16.407798154950143,2.5595032086657525,48.1333,1.0044864196470282,TRUE,1415,1440,FALSE
TUM::TUM_S001::2024-05-15,TUM,TUM::TUM_S001,2024-05-15,20440.918826007215,4.310502538208561,16.456689239475462,2.608394293191072,48.1333,1.0044864196470282,TRUE,1343,1440,FALSE
TUM::TUM_S001::2024-05-16,TUM,TUM::TUM_S001,2024-05-16,25744.28480321318,4.410682518235032,16.50482180317243,2.656526856888039,48.1333,1.0044864196470282,TRUE,1388,1440,FALSE
TUM::TUM_S001::2024-05-17,TUM,TUM::TUM_S001,2024-05-17,7232.317617827562,3.859283495437661,16.552163121700286,2.703868175415895,48.1333,1.0044864196470282,TRUE,1277,1440,FALSE
TUM::TUM_S001::2024-05-18,TUM,TUM::TUM_S001,2024-05-18,5235.443843439489,3.7189618008070884,16.598679932951928,2.7503849866675374,48.1333,1.0044864196470282,TRUE,1406,1440,FALSE
TUM::TUM_S001::2024-05-19,TUM,TUM::TUM_S001,2024-05-19,14812.14791508085,4.170620972297913,16.64433848268456,2.7960435364001697,48.1333,1.0044864196470282,TRUE,1404,1440,FALSE
TUM::TUM_S002::2024-05-30,TUM,TUM::TUM_S002,2024-05-30,12888.172563557346,4.110194712047818,17.079968775775697,3.2316738294913065,48.1333,1.0044864196470282,TRUE,1340,1440,FALSE
TUM::TUM_S002::2024-05-31,TUM,TUM::TUM_S002,2024-05-31,1375.7122982972526,3.1385591872612504,17.11260074065791,3.26430579437352,48.1333,1.0044864196470282,TRUE,1400,1440,FALSE
TUM::TUM_S002::2024-06-01,TUM,TUM::TUM_S002,2024-06-01,1232.148333333333,3.0906982394259694,17.143920845124455,3.295625898840065,48.1333,1.0044864196470282,TRUE,1440,1440,FALSE
TUM::TUM_S002::2024-06-02,TUM,TUM::TUM_S002,2024-06-02,4342.844741273678,3.637784303524653,17.17389604330063,3.3256010970162393,48.1333,1.0044864196470282,TRUE,1399,1440,FALSE
TUM::TUM_S003::2024-06-04,TUM,TUM::TUM_S003,2024-06-04,2178.0298701023817,3.3380837708225686,17.229683514038722,3.381388567754332,48.1333,1.0044864196470282,TRUE,1371,1440,FALSE
TUM::TUM_S003::2024-06-06,TUM,TUM::TUM_S003,2024-06-06,2503.4665816531883,3.3985591458288225,17.279716282222005,3.431421335937614,48.1333,1.0044864196470282,TRUE,1361,1440,FALSE
TUM::TUM_S003::2024-06-08,TUM,TUM::TUM_S003,2024-06-08,1252.2897527820267,3.097739505504741,17.323765294618077,3.475470348333687,48.1333,1.0044864196470282,TRUE,1393,1440,FALSE
TUM::TUM_S003::2024-06-09,TUM,TUM::TUM_S003,2024-06-09,1859.8415555555555,3.2694992977133444,17.343480072021485,3.4951851257370947,48.1333,1.0044864196470282,TRUE,1424,1440,FALSE
TUM::TUM_S004::2024-06-11,TUM,TUM::TUM_S004,2024-06-11,9172.433167745148,3.9624892908332896,17.378171757062276,3.5298768107778855,48.1333,1.0044864196470282,TRUE,1429,1440,FALSE
TUM::TUM_S004::2024-06-12,TUM,TUM::TUM_S004,2024-06-12,14453.913194723445,4.159988446839228,17.393106327851612,3.5448113815672215,48.1333,1.0044864196470282,TRUE,1416,1440,FALSE
TUM::TUM_S004::2024-06-13,TUM,TUM::TUM_S004,2024-06-13,11893.088611111105,4.075298306305758,17.4064081744353,3.5581132281509085,48.1333,1.0044864196470282,TRUE,1440,1440,FALSE
TUM::TUM_S004::2024-06-14,TUM,TUM::TUM_S004,2024-06-14,2016.4629874502698,3.3046117917663294,17.4180607806974,3.5697658344130083,48.1333,1.0044864196470282,TRUE,1422,1440,FALSE
TUM::TUM_S004::2024-06-15,TUM,TUM::TUM_S004,2024-06-15,552.9835510121383,2.742790742521075,17.428049636880555,3.5797546905961646,48.1333,1.0044864196470282,TRUE,1418,1440,FALSE
TUM::TUM_S004::2024-06-16,TUM,TUM::TUM_S004,2024-06-16,2368.4796952339993,3.374488001948955,17.436362307866414,3.5880673615820236,48.1333,1.0044864196470282,TRUE,1423,1440,FALSE
TUM::TUM_S005::2024-06-18,TUM,TUM::TUM_S005,2024-06-18,22061.002694444396,4.343627216270255,17.447920072807207,3.5996251265228167,48.1333,1.0044864196470282,TRUE,1435,1440,FALSE
TUM::TUM_S005::2024-06-19,TUM,TUM::TUM_S005,2024-06-19,7780.21160336869,3.8909969909374493,17.451151154239973,3.6028562079555826,48.1333,1.0044864196470282,TRUE,1377,1440,FALSE
TUM::TUM_S005::2024-06-20,TUM,TUM::TUM_S005,2024-06-20,89.22941414282629,1.9509944857253765,17.452678093645307,3.6043831473609167,48.1333,1.0044864196470282,TRUE,1352,1440,FALSE
TUM::TUM_S005::2024-06-21,TUM,TUM::TUM_S005,2024-06-21,266.9720301652083,2.4266284077482214,17.452499517268606,3.6042045709842156,48.1333,1.0044864196470282,TRUE,1322,1440,FALSE
TUM::TUM_S005::2024-06-22,TUM,TUM::TUM_S005,2024-06-22,4062.377590607592,3.608790978343286,17.450616327722866,3.6023213814384754,48.1333,1.0044864196470282,TRUE,1354,1440,FALSE
TUM::TUM_S005::2024-06-23,TUM,TUM::TUM_S005,2024-06-23,250.36497580607514,2.398747004144901,17.447031699485247,3.598736753200857,48.1333,1.0044864196470282,TRUE,1358,1440,FALSE
TUM::TUM_S006::2024-06-25,TUM,TUM::TUM_S006,2024-06-25,21456.9560512718,4.33157013569178,17.434782080054283,3.586487133769893,48.1333,1.0044864196470282,TRUE,1417,1440,FALSE
TUM::TUM_S006::2024-06-26,TUM,TUM::TUM_S006,2024-06-26,12149.154058493425,4.084549613882879,17.42613460249371,3.5778396562093207,48.1333,1.0044864196470282,TRUE,1427,1440,FALSE
TUM::TUM_S006::2024-06-27,TUM,TUM::TUM_S006,2024-06-27,17983.5252173554,4.254877243192209,17.415820629066893,3.5675256827825024,48.1333,1.0044864196470282,TRUE,1329,1440,FALSE
TUM::TUM_S006::2024-06-28,TUM,TUM::TUM_S006,2024-06-28,18628.494055555613,4.270180078892219,17.403854245874616,3.555559299590225,48.1333,1.0044864196470282,TRUE,1440,1440,FALSE
TUM::TUM_S006::2024-06-29,TUM,TUM::TUM_S006,2024-06-29,25363.8862383799,4.40421750888185,17.390251560144954,3.541956613860563,48.1333,1.0044864196470282,TRUE,1402,1440,FALSE
TUM::TUM_S006::2024-06-30,TUM,TUM::TUM_S006,2024-06-30,4170.78986070294,3.6202287217277536,17.375030625594988,3.5267356793105975,48.1333,1.0044864196470282,TRUE,1422,1440,FALSE
TUM::TUM_S007::2024-07-02,TUM,TUM::TUM_S007,2024-07-02,906.5620000000014,2.957445413969539,17.339815451171663,3.491520504887273,48.1333,1.0044864196470282,TRUE,1440,1440,FALSE
TUM::TUM_S007::2024-07-03,TUM,TUM::TUM_S007,2024-07-03,1252.3070482061737,3.0977455030429577,17.319866269760663,3.4715713234762724,48.1333,1.0044864196470282,TRUE,1391,1440,FALSE
TUM::TUM_S007::2024-07-04,TUM,TUM::TUM_S007,2024-07-04,9831.518106349955,3.9926250007240016,17.298388759096465,3.4500938128120744,48.1333,1.0044864196470282,TRUE,1363,1440,FALSE
TUM::TUM_S007::2024-07-05,TUM,TUM::TUM_S007,2024-07-05,1346.1972500000022,3.1291409586861096,17.275409334103266,3.4271143878188752,48.1333,1.0044864196470282,TRUE,1440,1440,FALSE
TUM::TUM_S007::2024-07-06,TUM,TUM::TUM_S007,2024-07-06,4345.745750000001,3.6380743075545294,17.250955771075354,3.4026608247909635,48.1333,1.0044864196470282,TRUE,1440,1440,FALSE
TUM::TUM_S007::2024-07-07,TUM,TUM::TUM_S007,2024-07-07,562.0438249008197,2.7498474443405643,17.225057096150188,3.3767621498657974,48.1333,1.0044864196470282,TRUE,1386,1440,FALSE
TUM::TUM_S008::2024-07-09,TUM,TUM::TUM_S008,2024-07-09,21655.42610043601,4.335568738965925,17.169046083688738,3.320751137404347,48.1333,1.0044864196470282,TRUE,1243,1440,FALSE
TUM::TUM_S008::2024-07-10,TUM,TUM::TUM_S008,2024-07-10,12705.28852009617,4.103987949949474,17.138997023701666,3.2907020774172757,48.1333,1.0044864196470282,TRUE,1387,1440,FALSE
TUM::TUM_S008::2024-07-11,TUM,TUM::TUM_S008,2024-07-11,15427.062270836028,4.188286047679666,17.10762917962339,3.2593342333390005,48.1333,1.0044864196470282,TRUE,1265,1440,FALSE
TUM::TUM_S008::2024-07-12,TUM,TUM::TUM_S008,2024-07-12,11592.721852772109,4.064189162100087,17.074976120856075,3.2266811745716844,48.1333,1.0044864196470282,TRUE,1370,1440,FALSE
TUM::TUM_S008::2024-07-13,TUM,TUM::TUM_S008,2024-07-13,7155.034151268029,3.8546177807386006,17.041071989602514,3.1927770433181237,48.1333,1.0044864196470282,TRUE,1299,1440,FALSE
TUM::TUM_S008::2024-07-14,TUM,TUM::TUM_S008,2024-07-14,35075.10074559325,4.5450001653013645,17.005951392915513,3.1576564466311225,48.1333,1.0044864196470282,TRUE,1195,1440,FALSE
TUM::TUM_S009::2024-07-16,TUM,TUM::TUM_S009,2024-07-16,14273.549361111103,4.154535023904376,16.932200935615434,3.0839059893310434,48.1333,1.0044864196470282,TRUE,1440,1440,FALSE
TUM::TUM_S009::2024-07-17,TUM,TUM::TUM_S009,2024-07-17,10536.816416666663,4.022713535054881,16.89364169617494,3.045346749890548,48.1333,1.0044864196470282,TRUE,1440,1440,FALSE
TUM::TUM_S009::2024-07-18,TUM,TUM::TUM_S009,2024-07-18,18393.637861111092,4.264669992832516,16.85400704509682,3.005712098812431,48.1333,1.0044864196470282,TRUE,1440,1440,FALSE
TUM::TUM_S009::2024-07-19,TUM,TUM::TUM_S009,2024-07-19,14459.458416666677,4.16015503015538,16.813332432177333,2.9650374858929425,48.1333,1.0044864196470282,TRUE,1440,1440,FALSE
TUM::TUM_S009::2024-07-20,TUM,TUM::TUM_S009,2024-07-20,13691.155060370695,4.1364432611953434,16.77165320912997,2.9233582628455785,48.1333,1.0044864196470282,TRUE,1383,1440,FALSE
TUM::TUM_S009::2024-07-21,TUM,TUM::TUM_S009,2024-07-21,4330.072258289557,3.636505173336408,16.729004553026623,2.880709606742233,48.1333,1.0044864196470282,TRUE,1427,1440,FALSE
TUM::TUM_S010::2024-07-24,TUM,TUM::TUM_S010,2024-07-24,7784.545138294941,3.891238820116351,16.595589646233453,2.7472946999490624,48.1333,1.0044864196470282,TRUE,1362,1440,FALSE
TUM::TUM_S010::2024-07-25,TUM,TUM::TUM_S010,2024-07-25,7461.594733469306,3.872837477580492,16.54940910299619,2.7011141567117996,48.1333,1.0044864196470282,TRUE,1269,1440,FALSE
TUM::TUM_S010::2024-07-26,TUM,TUM::TUM_S010,2024-07-26,4364.024052949224,3.6398970871833947,16.502430035074553,2.654135088790163,48.1333,1.0044864196470282,TRUE,1331,1440,FALSE
TUM::TUM_S010::2024-07-27,TUM,TUM::TUM_S010,2024-07-27,3495.3028039350916,3.543497230280923,16.454685231116084,2.6063902848316935,48.1333,1.0044864196470282,TRUE,1372,1440,FALSE
TUM::TUM_S010::2024-07-28,TUM,TUM::TUM_S010,2024-07-28,83.50105555555558,1.9222117609205842,16.40620690557692,2.557911959292529,48.1333,1.0044864196470282,TRUE,1435,1440,FALSE
UCR::UCR_S001::2025-06-17,UCR,UCR::UCR_S001,2025-06-17,3871.643444541469,3.5879065716964225,13.473499963151085,-0.37479498313330595,9.9372,-2.8151235803529713,TRUE,1357,1440,FALSE
UCR::UCR_S001::2025-06-18,UCR,UCR::UCR_S001,2025-06-18,11798.782341804648,4.071840870375976,13.474199655519591,-0.3740952907647994,9.9372,-2.8151235803529713,TRUE,1419,1440,FALSE
UCR::UCR_S001::2025-06-19,UCR,UCR::UCR_S001,2025-06-19,11593.340303322999,4.064212330100158,13.474654420481787,-0.3736405258026032,9.9372,-2.8151235803529713,TRUE,1411,1440,FALSE
UCR::UCR_S001::2025-06-22,UCR,UCR::UCR_S001,2025-06-22,10331.077613517873,4.014149827996236,13.474547087020344,-0.3737478592640464,9.9372,-2.8151235803529713,TRUE,1384,1440,FALSE
UCR::UCR_S002::2025-06-17,UCR,UCR::UCR_S002,2025-06-17,13714.251099364725,4.137175263589679,13.473499963151085,-0.37479498313330595,9.9372,-2.8151235803529713,TRUE,1419,1440,FALSE
UCR::UCR_S002::2025-06-18,UCR,UCR::UCR_S002,2025-06-18,2255.5422780977074,3.353270226088538,13.474199655519591,-0.3740952907647994,9.9372,-2.8151235803529713,TRUE,1429,1440,FALSE
UCR::UCR_S002::2025-06-19,UCR,UCR::UCR_S002,2025-06-19,3390.906416666665,3.5303286115770507,13.474654420481787,-0.3736405258026032,9.9372,-2.8151235803529713,TRUE,1440,1440,FALSE
UCR::UCR_S002::2025-06-20,UCR,UCR::UCR_S002,2025-06-20,1683.8537667691103,3.2263301637000397,13.474863940808508,-0.3734310054758829,9.9372,-2.8151235803529713,TRUE,1428,1440,FALSE
UCR::UCR_S002::2025-06-21,UCR,UCR::UCR_S002,2025-06-21,4137.440749999991,3.616742284104134,13.47482812086741,-0.37346682541697973,9.9372,-2.8151235803529713,TRUE,1440,1440,FALSE
UCR::UCR_S002::2025-06-22,UCR,UCR::UCR_S002,2025-06-22,1113.7343333333363,3.046820600649631,13.474547087020344,-0.3737478592640464,9.9372,-2.8151235803529713,TRUE,1440,1440,FALSE
UCR::UCR_S003::2025-06-17,UCR,UCR::UCR_S003,2025-06-17,2913.1914062176124,3.4643839277387594,13.473499963151085,-0.37479498313330595,9.9372,-2.8151235803529713,TRUE,1367,1440,FALSE
UCR::UCR_S003::2025-06-18,UCR,UCR::UCR_S003,2025-06-18,1358.5341111111088,3.1331025141862217,13.474199655519591,-0.3740952907647994,9.9372,-2.8151235803529713,TRUE,1440,1440,FALSE
UCR::UCR_S003::2025-06-19,UCR,UCR::UCR_S003,2025-06-19,3542.9359444444435,3.5493755583153086,13.474654420481787,-0.3736405258026032,9.9372,-2.8151235803529713,TRUE,1440,1440,FALSE
UCR::UCR_S003::2025-06-20,UCR,UCR::UCR_S003,2025-06-20,1302.7991235518139,3.1149107919361096,13.474863940808508,-0.3734310054758829,9.9372,-2.8151235803529713,TRUE,1183,1440,FALSE
UCR::UCR_S004::2025-06-24,UCR,UCR::UCR_S004,2025-06-24,4187.757847340557,3.6219919315637874,13.473250989052984,-0.3750439572314068,9.9372,-2.8151235803529713,TRUE,1393,1440,FALSE
UCR::UCR_S004::2025-06-25,UCR,UCR::UCR_S004,2025-06-25,3787.737153092863,3.5783912995198794,13.472237280209859,-0.37605766607453184,9.9372,-2.8151235803529713,TRUE,1185,1440,FALSE
UCR::UCR_S004::2025-06-26,UCR,UCR::UCR_S004,2025-06-26,6662.801444444444,3.823663389367417,13.470981064306365,-0.37731388197802573,9.9372,-2.8151235803529713,TRUE,1405,1440,FALSE
UCR::UCR_S004::2025-06-28,UCR,UCR::UCR_S004,2025-06-28,997.4108989884999,2.99891764956651,13.467746192746691,-0.380548753537699,9.9372,-2.8151235803529713,TRUE,1375,1440,FALSE
UCR::UCR_S004::2025-06-29,UCR,UCR::UCR_S004,2025-06-29,5475.9362499999925,3.7384663143930807,13.465770600769256,-0.3825243455151348,9.9372,-2.8151235803529713,TRUE,1440,1440,FALSE
UCR::UCR_S005::2025-06-24,UCR,UCR::UCR_S005,2025-06-24,562.3684221116297,2.750098145472061,13.473250989052984,-0.3750439572314068,9.9372,-2.8151235803529713,TRUE,1409,1440,FALSE
UCR::UCR_S005::2025-06-25,UCR,UCR::UCR_S005,2025-06-25,675.305138888889,2.829564360685826,13.472237280209859,-0.37605766607453184,9.9372,-2.8151235803529713,TRUE,1439,1440,FALSE
UCR::UCR_S005::2025-06-26,UCR,UCR::UCR_S005,2025-06-26,2231.5076866797945,3.348617848650175,13.470981064306365,-0.37731388197802573,9.9372,-2.8151235803529713,TRUE,1422,1440,FALSE
UCR::UCR_S005::2025-06-27,UCR,UCR::UCR_S005,2025-06-27,1143.4067298245948,3.0582387248825005,13.469483559065395,-0.3788113872189953,9.9372,-2.8151235803529713,TRUE,1165,1440,FALSE
UCR::UCR_S005::2025-06-29,UCR,UCR::UCR_S005,2025-06-29,1012.4739332974297,3.005426743146813,13.465770600769256,-0.3825243455151348,9.9372,-2.8151235803529713,TRUE,1419,1440,FALSE
UCR::UCR_S006::2025-06-24,UCR,UCR::UCR_S006,2025-06-24,8977.73142081013,3.9531714462762277,13.473250989052984,-0.3750439572314068,9.9372,-2.8151235803529713,TRUE,1388,1440,FALSE
UCR::UCR_S006::2025-06-25,UCR,UCR::UCR_S006,2025-06-25,17233.877898019073,4.2363855316422505,13.472237280209859,-0.37605766607453184,9.9372,-2.8151235803529713,TRUE,1288,1440,FALSE
UCR::UCR_S006::2025-06-26,UCR,UCR::UCR_S006,2025-06-26,11057.288125899391,4.043652554051105,13.470981064306365,-0.37731388197802573,9.9372,-2.8151235803529713,TRUE,1346,1440,FALSE
UCR::UCR_S006::2025-06-27,UCR,UCR::UCR_S006,2025-06-27,785.047250116283,2.894951113962904,13.469483559065395,-0.3788113872189953,9.9372,-2.8151235803529713,TRUE,1300,1440,FALSE
UCR::UCR_S006::2025-06-28,UCR,UCR::UCR_S006,2025-06-28,8899.956724114489,3.9493927746102395,13.467746192746691,-0.380548753537699,9.9372,-2.8151235803529713,TRUE,1362,1440,FALSE
UCR::UCR_S006::2025-06-29,UCR,UCR::UCR_S006,2025-06-29,20413.447495601235,4.309918483593463,13.465770600769256,-0.3825243455151348,9.9372,-2.8151235803529713,TRUE,1343,1440,FALSE
UCR::UCR_S007::2025-07-01,UCR,UCR::UCR_S007,2025-07-01,76229.15743735904,4.882121689251494,13.461112287971709,-0.38718265831268184,9.9372,-2.8151235803529713,TRUE,1408,1440,FALSE
UCR::UCR_S007::2025-07-02,UCR,UCR::UCR_S007,2025-07-02,527.8331388888893,2.7225789239537344,13.458433830208248,-0.38986111607614227,9.9372,-2.8151235803529713,TRUE,1440,1440,FALSE
UCR::UCR_S007::2025-07-03,UCR,UCR::UCR_S007,2025-07-03,1612.745562256629,3.2075927835880633,13.455525661706924,-0.39276928457746685,9.9372,-2.8151235803529713,TRUE,1373,1440,FALSE
UCR::UCR_S007::2025-07-04,UCR,UCR::UCR_S007,2025-07-04,5043.334653075975,3.702726398121067,13.45239037712415,-0.3959045691602405,9.9372,-2.8151235803529713,TRUE,1415,1440,FALSE
UCR::UCR_S007::2025-07-05,UCR,UCR::UCR_S007,2025-07-05,188.35722222222222,2.275212785516885,13.449030745095676,-0.3992642011887142,9.9372,-2.8151235803529713,TRUE,1423,1440,FALSE
UCR::UCR_S007::2025-07-06,UCR,UCR::UCR_S007,2025-07-06,383.50490001189127,2.583884146033908,13.445449701017804,-0.4028452452665867,9.9372,-2.8151235803529713,TRUE,1421,1440,FALSE
UCR::UCR_S008::2025-07-02,UCR,UCR::UCR_S008,2025-07-02,2349.855943776078,3.3710597203337382,13.458433830208248,-0.38986111607614227,9.9372,-2.8151235803529713,TRUE,1274,1440,FALSE
UCR::UCR_S008::2025-07-03,UCR,UCR::UCR_S008,2025-07-03,14840.482714071277,4.1714509538094,13.455525661706924,-0.39276928457746685,9.9372,-2.8151235803529713,TRUE,1249,1440,FALSE
UCR::UCR_S008::2025-07-04,UCR,UCR::UCR_S008,2025-07-04,3214.2956345249313,3.50709932958865,13.45239037712415,-0.3959045691602405,9.9372,-2.8151235803529713,TRUE,1360,1440,FALSE
UCR::UCR_S008::2025-07-05,UCR,UCR::UCR_S008,2025-07-05,5009.832447649525,3.6998318700167787,13.449030745095676,-0.3992642011887142,9.9372,-2.8151235803529713,TRUE,1401,1440,FALSE
UCR::UCR_S008::2025-07-06,UCR,UCR::UCR_S008,2025-07-06,19660.350555555575,4.293593466270758,13.445449701017804,-0.4028452452665867,9.9372,-2.8151235803529713,TRUE,1440,1440,FALSE
UCR::UCR_S009::2025-07-01,UCR,UCR::UCR_S009,2025-07-01,20717.943750000013,4.316348745827582,13.461112287971709,-0.38718265831268184,9.9372,-2.8151235803529713,TRUE,1440,1440,FALSE
UCR::UCR_S009::2025-07-02,UCR,UCR::UCR_S009,2025-07-02,26219.164416666677,4.41862050336231,13.458433830208248,-0.38986111607614227,9.9372,-2.8151235803529713,TRUE,1440,1440,FALSE
UCR::UCR_S009::2025-07-03,UCR,UCR::UCR_S009,2025-07-03,9567.52408333333,3.9808041033352635,13.455525661706924,-0.39276928457746685,9.9372,-2.8151235803529713,TRUE,1440,1440,FALSE
UCR::UCR_S009::2025-07-04,UCR,UCR::UCR_S009,2025-07-04,8410.208083333331,3.9248119050061128,13.45239037712415,-0.3959045691602405,9.9372,-2.8151235803529713,TRUE,1440,1440,FALSE
UCR::UCR_S009::2025-07-05,UCR,UCR::UCR_S009,2025-07-05,205.95591666666684,2.3139850893230824,13.449030745095676,-0.3992642011887142,9.9372,-2.8151235803529713,TRUE,1440,1440,FALSE
UCR::UCR_S009::2025-07-06,UCR,UCR::UCR_S009,2025-07-06,6483.019777777775,3.811784045410926,13.445449701017804,-0.4028452452665867,9.9372,-2.8151235803529713,TRUE,1440,1440,FALSE
UCR::UCR_S010::2025-07-08,UCR,UCR::UCR_S010,2025-07-08,4808.503725066819,3.6820189885298387,13.4376359107097,-0.41065903557469063,9.9372,-2.8151235803529713,TRUE,1410,1440,FALSE
UCR::UCR_S010::2025-07-09,UCR,UCR::UCR_S010,2025-07-09,4957.8325642985965,3.69530061538215,13.433409804105759,-0.4148851421786315,9.9372,-2.8151235803529713,TRUE,1417,1440,FALSE
UCR::UCR_S010::2025-07-10,UCR,UCR::UCR_S010,2025-07-10,4233.971496129478,3.6267581872007177,13.428975549274021,-0.41931939701036924,9.9372,-2.8151235803529713,TRUE,1320,1440,FALSE
UCR::UCR_S010::2025-07-11,UCR,UCR::UCR_S010,2025-07-11,4298.938865272033,3.6333713713549423,13.424336803423033,-0.42395814286135725,9.9372,-2.8151235803529713,TRUE,1422,1440,FALSE
UCR::UCR_S010::2025-07-12,UCR,UCR::UCR_S010,2025-07-12,36133.14697222222,4.557906989488273,13.419497343699136,-0.428797602585254,9.9372,-2.8151235803529713,TRUE,1440,1440,FALSE
UCR::UCR_S010::2025-07-13,UCR,UCR::UCR_S010,2025-07-13,17336.230612316263,4.238957180599226,13.414461059305403,-0.43383388697898795,9.9372,-2.8151235803529713,TRUE,1432,1440,FALSE
UCR::UCR_S011::2025-07-09,UCR,UCR::UCR_S011,2025-07-09,7387.482192502669,3.868502325774495,13.433409804105759,-0.4148851421786315,9.9372,-2.8151235803529713,TRUE,1231,1440,FALSE
UCR::UCR_S011::2025-07-10,UCR,UCR::UCR_S011,2025-07-10,4607.942242184114,3.6635164516355063,13.428975549274021,-0.41931939701036924,9.9372,-2.8151235803529713,TRUE,1241,1440,FALSE
UCR::UCR_S011::2025-07-11,UCR,UCR::UCR_S011,2025-07-11,7250.786927126187,3.86039113263965,13.424336803423033,-0.42395814286135725,9.9372,-2.8151235803529713,TRUE,1235,1440,FALSE
UCR::UCR_S011::2025-07-12,UCR,UCR::UCR_S011,2025-07-12,4109.579219968388,3.613807924446747,13.419497343699136,-0.428797602585254,9.9372,-2.8151235803529713,TRUE,1223,1440,FALSE
UCR::UCR_S011::2025-07-13,UCR,UCR::UCR_S011,2025-07-13,9771.310349116855,3.9899572518082334,13.414461059305403,-0.43383388697898795,9.9372,-2.8151235803529713,TRUE,1347,1440,FALSE
UCR::UCR_S012::2025-07-08,UCR,UCR::UCR_S012,2025-07-08,10434.140933694798,4.0184608606560595,13.4376359107097,-0.41065903557469063,9.9372,-2.8151235803529713,TRUE,1250,1440,FALSE
UCR::UCR_S012::2025-07-09,UCR,UCR::UCR_S012,2025-07-09,12631.995917145783,4.101475414667194,13.433409804105759,-0.4148851421786315,9.9372,-2.8151235803529713,TRUE,1383,1440,FALSE
UCR::UCR_S012::2025-07-10,UCR,UCR::UCR_S012,2025-07-10,2620.437551049319,3.4183903873153394,13.428975549274021,-0.41931939701036924,9.9372,-2.8151235803529713,TRUE,1260,1440,FALSE
UCR::UCR_S012::2025-07-11,UCR,UCR::UCR_S012,2025-07-11,470.6384722222228,2.6727796935074437,13.424336803423033,-0.42395814286135725,9.9372,-2.8151235803529713,TRUE,1440,1440,FALSE
UCR::UCR_S012::2025-07-12,UCR,UCR::UCR_S012,2025-07-12,489.76236111111183,2.6900740714430125,13.419497343699136,-0.428797602585254,9.9372,-2.8151235803529713,TRUE,1440,1440,FALSE
UCR::UCR_S012::2025-07-13,UCR,UCR::UCR_S012,2025-07-13,2264.9292777777787,3.3550738200773953,13.414461059305403,-0.43383388697898795,9.9372,-2.8151235803529713,TRUE,1440,1440,FALSE
UCR::UCR_S013::2025-07-08,UCR,UCR::UCR_S013,2025-07-08,15315.337447968283,4.185129405878181,13.4376359107097,-0.41065903557469063,9.9372,-2.8151235803529713,TRUE,1413,1440,FALSE
UCR::UCR_S013::2025-07-09,UCR,UCR::UCR_S013,2025-07-09,11244.963741211866,4.050961921521596,13.433409804105759,-0.4148851421786315,9.9372,-2.8151235803529713,TRUE,1395,1440,FALSE
UCR::UCR_S013::2025-07-10,UCR,UCR::UCR_S013,2025-07-10,4899.999249999989,3.6902048766184716,13.428975549274021,-0.41931939701036924,9.9372,-2.8151235803529713,TRUE,1440,1440,FALSE
UCR::UCR_S013::2025-07-11,UCR,UCR::UCR_S013,2025-07-11,289.53536111111123,2.4618515830704393,13.424336803423033,-0.42395814286135725,9.9372,-2.8151235803529713,TRUE,1440,1440,FALSE
UCR::UCR_S013::2025-07-12,UCR,UCR::UCR_S013,2025-07-12,11972.422888888881,4.078185675993087,13.419497343699136,-0.428797602585254,9.9372,-2.8151235803529713,TRUE,1440,1440,FALSE
UCR::UCR_S013::2025-07-13,UCR,UCR::UCR_S013,2025-07-13,4963.532089932049,3.6957995836176294,13.414461059305403,-0.43383388697898795,9.9372,-2.8151235803529713,TRUE,1387,1440,FALSE
UCR::UCR_S014::2025-07-15,UCR,UCR::UCR_S014,2025-07-15,17299.300615280263,4.238031056077591,13.40381408115228,-0.4444808651321104,9.9372,-2.8151235803529713,TRUE,1416,1440,FALSE
UCR::UCR_S014::2025-07-16,UCR,UCR::UCR_S014,2025-07-16,19063.819083333325,4.280212185982524,13.398211648133065,-0.4500832981513252,9.9372,-2.8151235803529713,TRUE,1435,1440,FALSE
UCR::UCR_S014::2025-07-17,UCR,UCR::UCR_S014,2025-07-17,17064.279542743145,4.232090502045562,13.392428895102606,-0.45586605118178447,9.9372,-2.8151235803529713,TRUE,1424,1440,FALSE
UCR::UCR_S014::2025-07-18,UCR,UCR::UCR_S014,2025-07-18,8881.613512986994,3.9484967605359804,13.386470142934057,-0.4618248033503338,9.9372,-2.8151235803529713,TRUE,1350,1440,FALSE
UCR::UCR_S014::2025-07-19,UCR,UCR::UCR_S014,2025-07-19,11465.144112821721,4.059383305967205,13.38033977356222,-0.4679551727221707,9.9372,-2.8151235803529713,TRUE,1385,1440,FALSE
UCR::UCR_S014::2025-07-20,UCR,UCR::UCR_S014,2025-07-20,33233.64709480903,4.521579310609258,13.37404222170512,-0.47425272457927115,9.9372,-2.8151235803529713,TRUE,1424,1440,FALSE
UCR::UCR_S015::2025-07-15,UCR,UCR::UCR_S015,2025-07-15,21489.343126988017,4.332225161419327,13.40381408115228,-0.4444808651321104,9.9372,-2.8151235803529713,TRUE,1202,1440,FALSE
UCR::UCR_S015::2025-07-16,UCR,UCR::UCR_S015,2025-07-16,20246.51129708073,4.30635234517382,13.398211648133065,-0.4500832981513252,9.9372,-2.8151235803529713,TRUE,1350,1440,FALSE
UCR::UCR_S015::2025-07-17,UCR,UCR::UCR_S015,2025-07-17,16449.219583333343,4.21614793831546,13.392428895102606,-0.45586605118178447,9.9372,-2.8151235803529713,TRUE,1440,1440,FALSE
UCR::UCR_S015::2025-07-18,UCR,UCR::UCR_S015,2025-07-18,1064.9934342386298,3.0273877074877844,13.386470142934057,-0.4618248033503338,9.9372,-2.8151235803529713,TRUE,1426,1440,FALSE
UCR::UCR_S015::2025-07-19,UCR,UCR::UCR_S015,2025-07-19,13887.562166666665,4.1426291432488185,13.38033977356222,-0.4679551727221707,9.9372,-2.8151235803529713,TRUE,1440,1440,FALSE
UCR::UCR_S015::2025-07-20,UCR,UCR::UCR_S015,2025-07-20,49363.28566666667,4.69340493882757,13.37404222170512,-0.47425272457927115,9.9372,-2.8151235803529713,TRUE,1440,1440,FALSE
UCR::UCR_S016::2025-07-15,UCR,UCR::UCR_S016,2025-07-15,7111.0981442607135,3.851942779858122,13.40381408115228,-0.4444808651321104,9.9372,-2.8151235803529713,TRUE,1382,1440,FALSE
UCR::UCR_S016::2025-07-16,UCR,UCR::UCR_S016,2025-07-16,4522.731645434999,3.6554104221878014,13.398211648133065,-0.4500832981513252,9.9372,-2.8151235803529713,TRUE,1378,1440,FALSE
UCR::UCR_S016::2025-07-17,UCR,UCR::UCR_S016,2025-07-17,2108.55661111111,3.3240058618439003,13.392428895102606,-0.45586605118178447,9.9372,-2.8151235803529713,TRUE,1440,1440,FALSE
UCR::UCR_S016::2025-07-18,UCR,UCR::UCR_S016,2025-07-18,5107.00743376709,3.7081749938260637,13.386470142934057,-0.4618248033503338,9.9372,-2.8151235803529713,TRUE,1381,1440,FALSE
UCR::UCR_S016::2025-07-19,UCR,UCR::UCR_S016,2025-07-19,506.5617033173898,2.7047180788190035,13.38033977356222,-0.4679551727221707,9.9372,-2.8151235803529713,TRUE,1395,1440,FALSE
UCR::UCR_S016::2025-07-20,UCR,UCR::UCR_S016,2025-07-20,8112.975991552177,3.909185543838967,13.37404222170512,-0.47425272457927115,9.9372,-2.8151235803529713,TRUE,1387,1440,FALSE
UCR::UCR_S017::2025-07-15,UCR,UCR::UCR_S017,2025-07-15,1384.3666279829922,3.1412824917121367,13.40381408115228,-0.4444808651321104,9.9372,-2.8151235803529713,TRUE,1363,1440,FALSE
UCR::UCR_S017::2025-07-16,UCR,UCR::UCR_S017,2025-07-16,1093.7174842326067,3.038944861116745,13.398211648133065,-0.4500832981513252,9.9372,-2.8151235803529713,TRUE,1423,1440,FALSE
UCR::UCR_S017::2025-07-17,UCR,UCR::UCR_S017,2025-07-17,1045.2624163182052,3.019266881949768,13.392428895102606,-0.45586605118178447,9.9372,-2.8151235803529713,TRUE,1407,1440,FALSE
UCR::UCR_S017::2025-07-18,UCR,UCR::UCR_S017,2025-07-18,1111.321163608235,3.0458786623348773,13.386470142934057,-0.4618248033503338,9.9372,-2.8151235803529713,TRUE,1244,1440,FALSE
UCR::UCR_S017::2025-07-19,UCR,UCR::UCR_S017,2025-07-19,899.2741129202669,2.9539403829231845,13.38033977356222,-0.4679551727221707,9.9372,-2.8151235803529713,TRUE,1360,1440,FALSE
UCR::UCR_S017::2025-07-20,UCR,UCR::UCR_S017,2025-07-20,1641.4463611111096,3.2152531527311563,13.37404222170512,-0.47425272457927115,9.9372,-2.8151235803529713,TRUE,1440,1440,FALSE
UCR::UCR_S018::2025-07-21,UCR,UCR::UCR_S018,2025-07-21,5182.647721919473,3.7145600694135603,13.367581967049174,-0.48071297923521605,9.9372,-2.8151235803529713,TRUE,1404,1440,FALSE
UCR::UCR_S018::2025-07-22,UCR,UCR::UCR_S018,2025-07-22,525.9100450785207,2.7209940378429343,13.36096352590455,-0.48733142037984045,9.9372,-2.8151235803529713,TRUE,1425,1440,FALSE
UCR::UCR_S018::2025-07-23,UCR,UCR::UCR_S018,2025-07-23,6424.070750000003,3.8078170756699508,13.35419144378768,-0.49410350249671,9.9372,-2.8151235803529713,TRUE,1409,1440,FALSE
UCR::UCR_S018::2025-07-24,UCR,UCR::UCR_S018,2025-07-24,3690.0009659929774,3.5670382491871693,13.347270287738906,-0.5010246585454841,9.9372,-2.8151235803529713,TRUE,1368,1440,FALSE
UCR::UCR_S018::2025-07-25,UCR,UCR::UCR_S018,2025-07-25,600.4209841704251,2.7785281876759718,13.340204638971223,-0.508090307313168,9.9372,-2.8151235803529713,TRUE,1417,1440,FALSE
UCR::UCR_S018::2025-07-26,UCR,UCR::UCR_S018,2025-07-26,6795.070678618732,3.8322003696559106,13.332999085916413,-0.5152958603679778,9.9372,-2.8151235803529713,TRUE,1335,1440,FALSE
UCR::UCR_S018::2025-07-27,UCR,UCR::UCR_S018,2025-07-27,595.8332499999985,2.775197617491691,13.325658217271169,-0.5226367290132217,9.9372,-2.8151235803529713,TRUE,1440,1440,FALSE
UCR::UCR_S019::2025-07-22,UCR,UCR::UCR_S019,2025-07-22,2013.672055555554,3.304010310002628,13.36096352590455,-0.48733142037984045,9.9372,-2.8151235803529713,TRUE,1429,1440,FALSE
UCR::UCR_S019::2025-07-23,UCR,UCR::UCR_S019,2025-07-23,7467.066861111105,3.8731558561695736,13.35419144378768,-0.49410350249671,9.9372,-2.8151235803529713,TRUE,1423,1440,FALSE
UCR::UCR_S019::2025-07-24,UCR,UCR::UCR_S019,2025-07-24,8415.90319018005,3.9251058914338715,13.347270287738906,-0.5010246585454841,9.9372,-2.8151235803529713,TRUE,1287,1440,FALSE
UCR::UCR_S019::2025-07-25,UCR,UCR::UCR_S019,2025-07-25,19612.32358268181,4.292531264424985,13.340204638971223,-0.508090307313168,9.9372,-2.8151235803529713,TRUE,1408,1440,FALSE
UCR::UCR_S019::2025-07-26,UCR,UCR::UCR_S019,2025-07-26,7175.386861111125,3.8558513735482807,13.332999085916413,-0.5152958603679778,9.9372,-2.8151235803529713,TRUE,1440,1440,FALSE
UCR::UCR_S019::2025-07-27,UCR,UCR::UCR_S019,2025-07-27,22864.763416666672,4.359168611464999,13.325658217271169,-0.5226367290132217,9.9372,-2.8151235803529713,TRUE,1440,1440,FALSE
UCR::UCR_S020::2025-07-22,UCR,UCR::UCR_S020,2025-07-22,475.94994587963583,2.677652520119627,13.36096352590455,-0.48733142037984045,9.9372,-2.8151235803529713,TRUE,1417,1440,FALSE
UCR::UCR_S020::2025-07-23,UCR,UCR::UCR_S020,2025-07-23,8111.510346286035,3.9091070804850396,13.35419144378768,-0.49410350249671,9.9372,-2.8151235803529713,TRUE,1407,1440,FALSE
UCR::UCR_S020::2025-07-24,UCR,UCR::UCR_S020,2025-07-24,34137.962964854814,4.533238875081557,13.347270287738906,-0.5010246585454841,9.9372,-2.8151235803529713,TRUE,1418,1440,FALSE
UCR::UCR_S020::2025-07-25,UCR,UCR::UCR_S020,2025-07-25,2939.631726494652,3.4683076994532924,13.340204638971223,-0.508090307313168,9.9372,-2.8151235803529713,TRUE,1428,1440,FALSE
UCR::UCR_S020::2025-07-26,UCR,UCR::UCR_S020,2025-07-26,6998.131864170859,3.844988327352631,13.332999085916413,-0.5152958603679778,9.9372,-2.8151235803529713,TRUE,1417,1440,FALSE
UCR::UCR_S020::2025-07-27,UCR,UCR::UCR_S020,2025-07-27,6425.503034463879,3.80791389188667,13.325658217271169,-0.5226367290132217,9.9372,-2.8151235803529713,TRUE,1405,1440,FALSE
UCR::UCR_S021::2025-07-22,UCR,UCR::UCR_S021,2025-07-22,6006.1243611111195,3.7786015511351216,13.36096352590455,-0.48733142037984045,9.9372,-2.8151235803529713,TRUE,1417,1440,FALSE
UCR::UCR_S021::2025-07-23,UCR,UCR::UCR_S021,2025-07-23,14717.026166666668,4.167823013003602,13.35419144378768,-0.49410350249671,9.9372,-2.8151235803529713,TRUE,1440,1440,FALSE
UCR::UCR_S021::2025-07-24,UCR,UCR::UCR_S021,2025-07-24,29831.428388888886,4.474675504580854,13.347270287738906,-0.5010246585454841,9.9372,-2.8151235803529713,TRUE,1440,1440,FALSE
UCR::UCR_S021::2025-07-25,UCR,UCR::UCR_S021,2025-07-25,5816.955867056678,3.7647032347864933,13.340204638971223,-0.508090307313168,9.9372,-2.8151235803529713,TRUE,1410,1440,FALSE
UCR::UCR_S021::2025-07-26,UCR,UCR::UCR_S021,2025-07-26,16422.49954266782,4.215441902946575,13.332999085916413,-0.5152958603679778,9.9372,-2.8151235803529713,TRUE,1410,1440,FALSE
UCR::UCR_S021::2025-07-27,UCR,UCR::UCR_S021,2025-07-27,4247.79284466358,3.628173552904329,13.325658217271169,-0.5226367290132217,9.9372,-2.8151235803529713,TRUE,1427,1440,FALSE
UCR::UCR_S022::2025-07-29,UCR,UCR::UCR_S022,2025-07-29,4193.787934717424,3.6226168214597783,13.310588850577671,-0.537706095706719,9.9372,-2.8151235803529713,TRUE,1366,1440,FALSE
UCR::UCR_S022::2025-07-30,UCR,UCR::UCR_S022,2025-07-30,26812.800386373572,4.428343794723928,13.302869473960664,-0.5454254723237266,9.9372,-2.8151235803529713,TRUE,1293,1440,FALSE
UCR::UCR_S022::2025-08-01,UCR,UCR::UCR_S022,2025-08-01,10402.651968813247,4.017148243795909,13.287083964943886,-0.5612109813405048,9.9372,-2.8151235803529713,TRUE,1218,1440,FALSE
UCR::UCR_S022::2025-08-03,UCR,UCR::UCR_S022,2025-08-03,1279.7909999999993,3.107172985183642,13.270865920583407,-0.5774290257009831,9.9372,-2.8151235803529713,TRUE,1440,1440,FALSE
UCR::UCR_S023::2025-07-29,UCR,UCR::UCR_S023,2025-07-29,5772.010151039216,3.761334610282172,13.310588850577671,-0.537706095706719,9.9372,-2.8151235803529713,TRUE,1417,1440,FALSE
UCR::UCR_S023::2025-07-30,UCR,UCR::UCR_S023,2025-07-30,8986.39347671395,3.9535902633922584,13.302869473960664,-0.5454254723237266,9.9372,-2.8151235803529713,TRUE,1416,1440,FALSE
UCR::UCR_S023::2025-07-31,UCR,UCR::UCR_S023,2025-07-31,14462.952083333314,4.16025995015645,13.295033012893464,-0.5532619333909263,9.9372,-2.8151235803529713,TRUE,1426,1440,FALSE
UCR::UCR_S023::2025-08-01,UCR,UCR::UCR_S023,2025-08-01,14587.988289685047,4.163998383076553,13.287083964943886,-0.5612109813405048,9.9372,-2.8151235803529713,TRUE,1414,1440,FALSE
UCR::UCR_S023::2025-08-02,UCR,UCR::UCR_S023,2025-08-02,2481.9228454870995,3.394805774593542,13.279026792976591,-0.5692681533077995,9.9372,-2.8151235803529713,TRUE,1405,1440,FALSE
UCR::UCR_S023::2025-08-03,UCR,UCR::UCR_S023,2025-08-03,266.58315756877664,2.425995588596085,13.270865920583407,-0.5774290257009831,9.9372,-2.8151235803529713,TRUE,1417,1440,FALSE
UCR::UCR_S025::2025-08-05,UCR,UCR::UCR_S025,2025-08-05,988.4264621616181,2.9949882995646604,13.254250544110933,-0.5940444021734574,9.9372,-2.8151235803529713,TRUE,1335,1440,FALSE
UCR::UCR_S025::2025-08-06,UCR,UCR::UCR_S025,2025-08-06,1317.1208049076004,3.1196585815792046,13.245804650915993,-0.6024902953683977,9.9372,-2.8151235803529713,TRUE,1306,1440,FALSE
UCR::UCR_S025::2025-08-07,UCR,UCR::UCR_S025,2025-08-07,2305.1168605050584,3.3627117873788355,13.237272271315257,-0.6110226749691332,9.9372,-2.8151235803529713,TRUE,1312,1440,FALSE
UCR::UCR_S025::2025-08-08,UCR,UCR::UCR_S025,2025-08-08,2132.8318566132957,3.3289769807332723,13.228657570613755,-0.619637375670635,9.9372,-2.8151235803529713,TRUE,1416,1440,FALSE
UCR::UCR_S025::2025-08-09,UCR,UCR::UCR_S025,2025-08-09,17585.18816905113,4.245149489468619,13.21996465212769,-0.6283302941567008,9.9372,-2.8151235803529713,TRUE,1406,1440,FALSE
UCR::UCR_S025::2025-08-10,UCR,UCR::UCR_S025,2025-08-10,1303.977209607901,3.1153033051336294,13.211197554866473,-0.6370973914179174,9.9372,-2.8151235803529713,TRUE,1408,1440,FALSE
UCR::UCR_S026::2025-08-05,UCR,UCR::UCR_S026,2025-08-05,5475.236896672232,3.7384108464097525,13.254250544110933,-0.5940444021734574,9.9372,-2.8151235803529713,TRUE,1397,1440,FALSE
UCR::UCR_S026::2025-08-06,UCR,UCR::UCR_S026,2025-08-06,7703.1194722222035,3.8866722715100677,13.245804650915993,-0.6024902953683977,9.9372,-2.8151235803529713,TRUE,1387,1440,FALSE
UCR::UCR_S026::2025-08-07,UCR,UCR::UCR_S026,2025-08-07,27359.254222222233,4.437105842279244,13.237272271315257,-0.6110226749691332,9.9372,-2.8151235803529713,TRUE,1412,1440,FALSE
UCR::UCR_S026::2025-08-08,UCR,UCR::UCR_S026,2025-08-08,13173.631794585783,4.119708817347705,13.228657570613755,-0.619637375670635,9.9372,-2.8151235803529713,TRUE,1420,1440,FALSE
UCR::UCR_S026::2025-08-09,UCR,UCR::UCR_S026,2025-08-09,28178.176305555535,4.44991442334107,13.21996465212769,-0.6283302941567008,9.9372,-2.8151235803529713,TRUE,1384,1440,FALSE
UCR::UCR_S026::2025-08-10,UCR,UCR::UCR_S026,2025-08-10,8345.298777777803,3.9214470939032875,13.211197554866473,-0.6370973914179174,9.9372,-2.8151235803529713,TRUE,1440,1440,FALSE
UCR::UCR_S027::2025-08-05,UCR,UCR::UCR_S027,2025-08-05,5851.516440774,3.7672758514391593,13.254250544110933,-0.5940444021734574,9.9372,-2.8151235803529713,TRUE,1427,1440,FALSE
UCR::UCR_S027::2025-08-06,UCR,UCR::UCR_S027,2025-08-06,12707.959638888871,4.104079244302699,13.245804650915993,-0.6024902953683977,9.9372,-2.8151235803529713,TRUE,1440,1440,FALSE
UCR::UCR_S027::2025-08-07,UCR,UCR::UCR_S027,2025-08-07,23887.897673149084,4.378179748077762,13.237272271315257,-0.6110226749691332,9.9372,-2.8151235803529713,TRUE,1429,1440,FALSE
UCR::UCR_S027::2025-08-08,UCR,UCR::UCR_S027,2025-08-08,9690.343222937454,3.9863436413308344,13.228657570613755,-0.619637375670635,9.9372,-2.8151235803529713,TRUE,1286,1440,FALSE
UCR::UCR_S027::2025-08-09,UCR,UCR::UCR_S027,2025-08-09,22893.949425689396,4.359722616077384,13.21996465212769,-0.6283302941567008,9.9372,-2.8151235803529713,TRUE,1427,1440,FALSE
UCR::UCR_S027::2025-08-10,UCR,UCR::UCR_S027,2025-08-10,8662.358720112412,3.9376411780475564,13.211197554866473,-0.6370973914179174,9.9372,-2.8151235803529713,TRUE,1428,1440,FALSE
UCR::UCR_S028::2025-08-12,UCR,UCR::UCR_S028,2025-08-12,15010.191957208875,4.1763891395565045,13.193456644680765,-0.6548383016036254,9.9372,-2.8151235803529713,TRUE,1360,1440,FALSE
UCR::UCR_S028::2025-08-13,UCR,UCR::UCR_S028,2025-08-13,7566.348472222228,3.87889207885987,13.184490568041802,-0.6638043782425882,9.9372,-2.8151235803529713,TRUE,1424,1440,FALSE
UCR::UCR_S028::2025-08-14,UCR,UCR::UCR_S028,2025-08-14,2613.9223611111106,3.4173092983423174,13.175465781887372,-0.6728291643970188,9.9372,-2.8151235803529713,TRUE,1440,1440,FALSE
UCR::UCR_S028::2025-08-15,UCR,UCR::UCR_S028,2025-08-15,8082.558166666664,3.9075542119212003,13.166385973360804,-0.681908972923587,9.9372,-2.8151235803529713,TRUE,1440,1440,FALSE
UCR::UCR_S028::2025-08-16,UCR,UCR::UCR_S028,2025-08-16,50820.504361111074,4.7060398253962665,13.157254754834705,-0.6910401914496855,9.9372,-2.8151235803529713,TRUE,1440,1440,FALSE
UCR::UCR_S028::2025-08-17,UCR,UCR::UCR_S028,2025-08-17,19315.767888888928,4.285914226376127,13.148075663381153,-0.7002192829032374,9.9372,-2.8151235803529713,TRUE,1440,1440,FALSE
UCR::UCR_S029::2025-08-12,UCR,UCR::UCR_S029,2025-08-12,1038.6310277777795,3.0165031045595163,13.193456644680765,-0.6548383016036254,9.9372,-2.8151235803529713,TRUE,1440,1440,FALSE
UCR::UCR_S029::2025-08-13,UCR,UCR::UCR_S029,2025-08-13,11100.940446760607,4.04536368501286,13.184490568041802,-0.6638043782425882,9.9372,-2.8151235803529713,TRUE,1254,1440,FALSE
UCR::UCR_S029::2025-08-14,UCR,UCR::UCR_S029,2025-08-14,4017.870795142596,3.6040067757286787,13.175465781887372,-0.6728291643970188,9.9372,-2.8151235803529713,TRUE,1284,1440,FALSE
UCR::UCR_S029::2025-08-15,UCR,UCR::UCR_S029,2025-08-15,27779.505334897116,4.443726071419814,13.166385973360804,-0.681908972923587,9.9372,-2.8151235803529713,TRUE,1414,1440,FALSE
UCR::UCR_S029::2025-08-17,UCR,UCR::UCR_S029,2025-08-17,29707.899555555556,4.472873408746327,13.148075663381153,-0.7002192829032374,9.9372,-2.8151235803529713,TRUE,1440,1440,FALSE
UCR::UCR_S030::2025-08-12,UCR,UCR::UCR_S030,2025-08-12,8937.57865418863,3.951224735956307,13.193456644680765,-0.6548383016036254,9.9372,-2.8151235803529713,TRUE,1411,1440,FALSE
UCR::UCR_S030::2025-08-13,UCR,UCR::UCR_S030,2025-08-13,15292.210059851033,4.184473094991591,13.184490568041802,-0.6638043782425882,9.9372,-2.8151235803529713,TRUE,1407,1440,FALSE
UCR::UCR_S030::2025-08-14,UCR,UCR::UCR_S030,2025-08-14,14472.170276597419,4.1605366645855035,13.175465781887372,-0.6728291643970188,9.9372,-2.8151235803529713,TRUE,1402,1440,FALSE
UCR::UCR_S030::2025-08-15,UCR,UCR::UCR_S030,2025-08-15,16269.01194558682,4.2113638474877355,13.166385973360804,-0.681908972923587,9.9372,-2.8151235803529713,TRUE,1376,1440,FALSE
UCR::UCR_S030::2025-08-16,UCR,UCR::UCR_S030,2025-08-16,4373.633055555558,3.6408522729775648,13.157254754834705,-0.6910401914496855,9.9372,-2.8151235803529713,TRUE,1440,1440,FALSE
UCR::UCR_S031::2025-08-19,UCR,UCR::UCR_S031,2025-08-19,2958.7742080091416,3.4711265021904563,13.129587629304991,-0.7187073169793994,9.9372,-2.8151235803529713,TRUE,1403,1440,FALSE
UCR::UCR_S031::2025-08-20,UCR,UCR::UCR_S031,2025-08-20,15845.754439399307,4.199915662163835,13.120285379158126,-0.7280095671262643,9.9372,-2.8151235803529713,TRUE,1421,1440,FALSE
UCR::UCR_S031::2025-08-21,UCR,UCR::UCR_S031,2025-08-21,2914.1845080189146,3.46453194765057,13.11094864083661,-0.7373463054477813,9.9372,-2.8151235803529713,TRUE,1422,1440,FALSE
UCR::UCR_S031::2025-08-22,UCR,UCR::UCR_S031,2025-08-22,24909.523199180858,4.396367158136498,13.101580569346746,-0.7467143769376445,9.9372,-2.8151235803529713,TRUE,1404,1440,FALSE
UCR::UCR_S031::2025-08-23,UCR,UCR::UCR_S031,2025-08-23,14011.206177972877,4.146478623468789,13.092184243268436,-0.7561107030159544,9.9372,-2.8151235803529713,TRUE,1385,1440,FALSE
UCR::UCR_S031::2025-08-24,UCR,UCR::UCR_S031,2025-08-24,4868.35612876038,3.687391260791305,13.082762665947278,-0.7655322803371121,9.9372,-2.8151235803529713,TRUE,1417,1440,FALSE
UCR::UCR_S032::2025-08-19,UCR,UCR::UCR_S032,2025-08-19,25799.220656124813,4.411608270336072,13.129587629304991,-0.7187073169793994,9.9372,-2.8151235803529713,TRUE,1414,1440,FALSE
UCR::UCR_S032::2025-08-20,UCR,UCR::UCR_S032,2025-08-20,13245.917517778584,4.122085325063092,13.120285379158126,-0.7280095671262643,9.9372,-2.8151235803529713,TRUE,1299,1440,FALSE
UCR::UCR_S032::2025-08-21,UCR,UCR::UCR_S032,2025-08-21,21688.64374989785,4.336234397644092,13.11094864083661,-0.7373463054477813,9.9372,-2.8151235803529713,TRUE,1408,1440,FALSE
UCR::UCR_S032::2025-08-22,UCR,UCR::UCR_S032,2025-08-22,34124.49671860536,4.533067527626271,13.101580569346746,-0.7467143769376445,9.9372,-2.8151235803529713,TRUE,1359,1440,FALSE
UCR::UCR_S032::2025-08-23,UCR,UCR::UCR_S032,2025-08-23,5664.410222222221,3.753162364864589,13.092184243268436,-0.7561107030159544,9.9372,-2.8151235803529713,TRUE,1440,1440,FALSE
UCR::UCR_S033::2025-08-19,UCR,UCR::UCR_S033,2025-08-19,13411.52919444442,4.127481537522005,13.129587629304991,-0.7187073169793994,9.9372,-2.8151235803529713,TRUE,1408,1440,FALSE
UCR::UCR_S033::2025-08-20,UCR,UCR::UCR_S033,2025-08-20,4518.837121613691,3.6550362984176834,13.120285379158126,-0.7280095671262643,9.9372,-2.8151235803529713,TRUE,1423,1440,FALSE
UCR::UCR_S033::2025-08-21,UCR,UCR::UCR_S033,2025-08-21,9913.927888888868,3.996250136273137,13.11094864083661,-0.7373463054477813,9.9372,-2.8151235803529713,TRUE,1416,1440,FALSE
UCR::UCR_S033::2025-08-22,UCR,UCR::UCR_S033,2025-08-22,3989.1236111111116,3.6008883808447654,13.101580569346746,-0.7467143769376445,9.9372,-2.8151235803529713,TRUE,1440,1440,FALSE
UCR::UCR_S033::2025-08-23,UCR,UCR::UCR_S033,2025-08-23,5891.506618203471,3.7702337413533855,13.092184243268436,-0.7561107030159544,9.9372,-2.8151235803529713,TRUE,1417,1440,FALSE
UCR::UCR_S033::2025-08-24,UCR,UCR::UCR_S033,2025-08-24,3461.1442222222195,3.539232243796144,13.082762665947278,-0.7655322803371121,9.9372,-2.8151235803529713,TRUE,1440,1440,FALSE
UCR::UCR_S034::2025-08-26,UCR,UCR::UCR_S034,2025-08-26,14137.806978935185,4.150385119872454,13.06385539650917,-0.7844395497752199,9.9372,-2.8151235803529713,TRUE,1417,1440,FALSE
UCR::UCR_S034::2025-08-27,UCR,UCR::UCR_S034,2025-08-27,15382.947645999451,4.187042385187138,13.054375339680249,-0.7939196066041418,9.9372,-2.8151235803529713,TRUE,1417,1440,FALSE
UCR::UCR_S034::2025-08-28,UCR,UCR::UCR_S034,2025-08-28,7690.981030795423,3.885987386968279,13.044881304038896,-0.8034136422454949,9.9372,-2.8151235803529713,TRUE,1394,1440,FALSE
UCR::UCR_S034::2025-08-29,UCR,UCR::UCR_S034,2025-08-29,14693.849773396389,4.167138551013048,13.035375927819146,-0.8129190184652444,9.9372,-2.8151235803529713,TRUE,1414,1440,FALSE
UCR::UCR_S034::2025-08-31,UCR,UCR::UCR_S034,2025-08-31,5573.436916666668,3.74613088205023,13.016341358820597,-0.8319535874637936,9.9372,-2.8151235803529713,TRUE,1440,1440,FALSE
UCR::UCR_S035::2025-08-27,UCR,UCR::UCR_S035,2025-08-27,12268.135151720619,4.088782091741156,13.054375339680249,-0.7939196066041418,9.9372,-2.8151235803529713,TRUE,1428,1440,FALSE
UCR::UCR_S035::2025-08-28,UCR,UCR::UCR_S035,2025-08-28,4036.3932310222635,3.6060042285320226,13.044881304038896,-0.8034136422454949,9.9372,-2.8151235803529713,TRUE,1423,1440,FALSE
UCR::UCR_S035::2025-08-29,UCR,UCR::UCR_S035,2025-08-29,13203.583545428304,4.120695106985053,13.035375927819146,-0.8129190184652444,9.9372,-2.8151235803529713,TRUE,1413,1440,FALSE
UCR::UCR_S035::2025-08-30,UCR,UCR::UCR_S035,2025-08-30,14985.812416670344,4.175683190088592,13.025861779318916,-0.8224331669654745,9.9372,-2.8151235803529713,TRUE,1413,1440,FALSE
UCR::UCR_S035::2025-08-31,UCR,UCR::UCR_S035,2025-08-31,4230.242060910517,3.62637548537971,13.016341358820597,-0.8319535874637936,9.9372,-2.8151235803529713,TRUE,1423,1440,FALSE
UCR::UCR_S035::2025-09-01,UCR,UCR::UCR_S035,2025-09-01,2876.9144778925042,3.458942047379726,13.006817099849384,-0.8414778464350068,9.9372,-2.8151235803529713,TRUE,1421,1440,FALSE
UCR::UCR_S036::2025-08-27,UCR,UCR::UCR_S036,2025-08-27,16253.719469365848,4.210955431749183,13.054375339680249,-0.7939196066041418,9.9372,-2.8151235803529713,TRUE,1415,1440,FALSE
UCR::UCR_S036::2025-08-28,UCR,UCR::UCR_S036,2025-08-28,6383.521777777787,3.805067147658142,13.044881304038896,-0.8034136422454949,9.9372,-2.8151235803529713,TRUE,1440,1440,FALSE
UCR::UCR_S036::2025-08-29,UCR,UCR::UCR_S036,2025-08-29,4092.563120977303,3.6120059980726227,13.035375927819146,-0.8129190184652444,9.9372,-2.8151235803529713,TRUE,1385,1440,FALSE
UCR::UCR_S036::2025-09-01,UCR,UCR::UCR_S036,2025-09-01,6683.237378173995,3.8249933850771543,13.006817099849384,-0.8414778464350068,9.9372,-2.8151235803529713,TRUE,1428,1440,FALSE
UCR::UCR_S037::2025-08-27,UCR,UCR::UCR_S037,2025-08-27,1345.5024410753724,3.1289167663139756,13.054375339680249,-0.7939196066041418,9.9372,-2.8151235803529713,TRUE,1409,1440,FALSE
UCR::UCR_S037::2025-08-28,UCR,UCR::UCR_S037,2025-08-28,1953.8128055555558,3.29090517918265,13.044881304038896,-0.8034136422454949,9.9372,-2.8151235803529713,TRUE,1409,1440,FALSE
UCR::UCR_S037::2025-08-29,UCR,UCR::UCR_S037,2025-08-29,4680.243388888895,3.6702777176956376,13.035375927819146,-0.8129190184652444,9.9372,-2.8151235803529713,TRUE,1419,1440,FALSE
UCR::UCR_S037::2025-08-30,UCR,UCR::UCR_S037,2025-08-30,11119.922075749051,4.0461056494192835,13.025861779318916,-0.8224331669654745,9.9372,-2.8151235803529713,TRUE,1258,1440,FALSE
UCR::UCR_S037::2025-08-31,UCR,UCR::UCR_S037,2025-08-31,2272.6652797857923,3.356554586205632,13.016341358820597,-0.8319535874637936,9.9372,-2.8151235803529713,TRUE,1192,1440,FALSE
UCR::UCR_S037::2025-09-01,UCR,UCR::UCR_S037,2025-09-01,4867.154666666672,3.687284070187326,13.006817099849384,-0.8414778464350068,9.9372,-2.8151235803529713,TRUE,1426,1440,FALSE
UCR::UCR_S038::2025-08-27,UCR,UCR::UCR_S038,2025-08-27,39847.12110603734,4.600398039649442,13.054375339680249,-0.7939196066041418,9.9372,-2.8151235803529713,TRUE,1416,1440,FALSE
UCR::UCR_S038::2025-08-28,UCR,UCR::UCR_S038,2025-08-28,4839.558659397586,3.6848147319816618,13.044881304038896,-0.8034136422454949,9.9372,-2.8151235803529713,TRUE,1397,1440,FALSE
UCR::UCR_S038::2025-08-29,UCR,UCR::UCR_S038,2025-08-29,17860.96133333335,4.251907261804219,13.035375927819146,-0.8129190184652444,9.9372,-2.8151235803529713,TRUE,1424,1440,FALSE
UCR::UCR_S038::2025-08-30,UCR,UCR::UCR_S038,2025-08-30,4659.542027777772,3.66835255374314,13.025861779318916,-0.8224331669654745,9.9372,-2.8151235803529713,TRUE,1440,1440,FALSE
UCR::UCR_S038::2025-08-31,UCR,UCR::UCR_S038,2025-08-31,1462.2373888888892,3.1650475841322554,13.016341358820597,-0.8319535874637936,9.9372,-2.8151235803529713,TRUE,1440,1440,FALSE
UCR::UCR_S039::2025-08-27,UCR,UCR::UCR_S039,2025-08-27,9702.160555555543,3.9868729334853192,13.054375339680249,-0.7939196066041418,9.9372,-2.8151235803529713,TRUE,1427,1440,FALSE
UCR::UCR_S039::2025-08-28,UCR,UCR::UCR_S039,2025-08-28,4599.601395490201,3.6627296389641484,13.044881304038896,-0.8034136422454949,9.9372,-2.8151235803529713,TRUE,1412,1440,FALSE
UCR::UCR_S039::2025-08-29,UCR,UCR::UCR_S039,2025-08-29,17069.97841846808,4.232235516230712,13.035375927819146,-0.8129190184652444,9.9372,-2.8151235803529713,TRUE,1409,1440,FALSE
UCR::UCR_S039::2025-08-30,UCR,UCR::UCR_S039,2025-08-30,18846.759412097104,4.275238990953938,13.025861779318916,-0.8224331669654745,9.9372,-2.8151235803529713,TRUE,1375,1440,FALSE
UCR::UCR_S039::2025-08-31,UCR,UCR::UCR_S039,2025-08-31,1969.4434871231397,3.294365574385633,13.016341358820597,-0.8319535874637936,9.9372,-2.8151235803529713,TRUE,1179,1440,FALSE
UCR::UCR_S039::2025-09-01,UCR,UCR::UCR_S039,2025-09-01,8666.142194444448,3.9378308220444187,13.006817099849384,-0.8414778464350068,9.9372,-2.8151235803529713,TRUE,1373,1440,FALSE
UCR::UCR_S040::2025-09-01,UCR,UCR::UCR_S040,2025-09-01,2134.2487499999993,3.3292653840789304,13.006817099849384,-0.8414778464350068,9.9372,-2.8151235803529713,TRUE,1418,1440,FALSE
UCR::UCR_S040::2025-09-02,UCR,UCR::UCR_S040,2025-09-02,225.3729999999999,2.353094543317906,12.997291370630265,-0.8510035756541257,9.9372,-2.8151235803529713,TRUE,1418,1440,FALSE
UCR::UCR_S040::2025-09-03,UCR,UCR::UCR_S040,2025-09-03,6462.9229166666655,3.8104356958521532,12.987766475809945,-0.8605284704744456,9.9372,-2.8151235803529713,TRUE,1421,1440,FALSE
UCR::UCR_S040::2025-09-04,UCR,UCR::UCR_S040,2025-09-04,6699.910916666679,3.8260755103193693,12.978244658046298,-0.870050288238092,9.9372,-2.8151235803529713,TRUE,1403,1440,FALSE
UCR::UCR_S040::2025-09-05,UCR,UCR::UCR_S040,2025-09-05,2236.956757667042,3.3496770029741,12.968728100061417,-0.8795668462229731,9.9372,-2.8151235803529713,TRUE,1346,1440,FALSE
