.model_row_id,site,participant_key,local_date,value,response_value,photoperiod_hours,photoperiod_centered_hours,latitude_deg,absolute_latitude_10deg_centered,metric_support_available,metric_support_valid_minutes,metric_support_expected_minutes,metric_any_censored
BAUA::BAUA_S001::2025-06-11,BAUA,BAUA::BAUA_S001,2025-06-11,3.533333333333333,3.533333333333333,18.13485554655393,4.246530551635873,51.498204,1.3409768196470289,TRUE,1413,1440,FALSE
BAUA::BAUA_S001::2025-06-12,BAUA,BAUA::BAUA_S001,2025-06-12,1.3166666666666667,1.3166666666666667,18.15373947189914,4.265414476981084,51.498204,1.3409768196470289,TRUE,1322,1440,FALSE
BAUA::BAUA_S001::2025-06-13,BAUA,BAUA::BAUA_S001,2025-06-13,2.1166666666666667,2.1166666666666667,18.170627665254806,4.282302670336749,51.498204,1.3409768196470289,TRUE,1323,1440,FALSE
BAUA::BAUA_S001::2025-06-14,BAUA,BAUA::BAUA_S001,2025-06-14,2.7,2.7,18.18549463795291,4.297169643034854,51.498204,1.3409768196470289,TRUE,1270,1440,FALSE
BAUA::BAUA_S001::2025-06-15,BAUA,BAUA::BAUA_S001,2025-06-15,0,0,18.198317792680527,4.309992797762471,51.498204,1.3409768196470289,TRUE,1440,1440,FALSE
BAUA::BAUA_S001::2025-06-16,BAUA,BAUA::BAUA_S001,2025-06-16,2.1666666666666665,2.1666666666666665,18.20907755719291,4.320752562274853,51.498204,1.3409768196470289,TRUE,1440,1440,FALSE
BAUA::BAUA_S002::2025-06-11,BAUA,BAUA::BAUA_S002,2025-06-11,2.25,2.25,18.13485554655393,4.246530551635873,51.498204,1.3409768196470289,TRUE,1439,1440,FALSE
BAUA::BAUA_S002::2025-06-12,BAUA,BAUA::BAUA_S002,2025-06-12,1.65,1.65,18.15373947189914,4.265414476981084,51.498204,1.3409768196470289,TRUE,1392,1440,FALSE
BAUA::BAUA_S002::2025-06-13,BAUA,BAUA::BAUA_S002,2025-06-13,4.15,4.15,18.170627665254806,4.282302670336749,51.498204,1.3409768196470289,TRUE,1323,1440,FALSE
BAUA::BAUA_S002::2025-06-14,BAUA,BAUA::BAUA_S002,2025-06-14,3.45,3.45,18.18549463795291,4.297169643034854,51.498204,1.3409768196470289,TRUE,1346,1440,FALSE
BAUA::BAUA_S002::2025-06-15,BAUA,BAUA::BAUA_S002,2025-06-15,3.1,3.1,18.198317792680527,4.309992797762471,51.498204,1.3409768196470289,TRUE,1440,1440,FALSE
BAUA::BAUA_S002::2025-06-16,BAUA,BAUA::BAUA_S002,2025-06-16,1.8,1.8,18.20907755719291,4.320752562274853,51.498204,1.3409768196470289,TRUE,1401,1440,FALSE
BAUA::BAUA_S003::2025-06-11,BAUA,BAUA::BAUA_S003,2025-06-11,1.9333333333333333,1.9333333333333333,18.13485554655393,4.246530551635873,51.498204,1.3409768196470289,TRUE,1440,1440,FALSE
BAUA::BAUA_S003::2025-06-12,BAUA,BAUA::BAUA_S003,2025-06-12,1.4666666666666666,1.4666666666666666,18.15373947189914,4.265414476981084,51.498204,1.3409768196470289,TRUE,1440,1440,FALSE
BAUA::BAUA_S003::2025-06-13,BAUA,BAUA::BAUA_S003,2025-06-13,1.9166666666666667,1.9166666666666667,18.170627665254806,4.282302670336749,51.498204,1.3409768196470289,TRUE,1440,1440,FALSE
BAUA::BAUA_S003::2025-06-14,BAUA,BAUA::BAUA_S003,2025-06-14,0.5166666666666667,0.5166666666666667,18.18549463795291,4.297169643034854,51.498204,1.3409768196470289,TRUE,1439,1440,FALSE
BAUA::BAUA_S003::2025-06-15,BAUA,BAUA::BAUA_S003,2025-06-15,0.8333333333333334,0.8333333333333334,18.198317792680527,4.309992797762471,51.498204,1.3409768196470289,TRUE,1425,1440,FALSE
BAUA::BAUA_S003::2025-06-16,BAUA,BAUA::BAUA_S003,2025-06-16,0.016666666666666666,0.016666666666666666,18.20907755719291,4.320752562274853,51.498204,1.3409768196470289,TRUE,1416,1440,FALSE
BAUA::BAUA_S004::2025-06-11,BAUA,BAUA::BAUA_S004,2025-06-11,1.9333333333333333,1.9333333333333333,18.13485554655393,4.246530551635873,51.498204,1.3409768196470289,TRUE,1351,1440,FALSE
BAUA::BAUA_S004::2025-06-12,BAUA,BAUA::BAUA_S004,2025-06-12,1.35,1.35,18.15373947189914,4.265414476981084,51.498204,1.3409768196470289,TRUE,1282,1440,FALSE
BAUA::BAUA_S004::2025-06-13,BAUA,BAUA::BAUA_S004,2025-06-13,1.0666666666666667,1.0666666666666667,18.170627665254806,4.282302670336749,51.498204,1.3409768196470289,TRUE,1378,1440,FALSE
BAUA::BAUA_S004::2025-06-14,BAUA,BAUA::BAUA_S004,2025-06-14,3.2333333333333334,3.2333333333333334,18.18549463795291,4.297169643034854,51.498204,1.3409768196470289,TRUE,1379,1440,FALSE
BAUA::BAUA_S004::2025-06-15,BAUA,BAUA::BAUA_S004,2025-06-15,0.48333333333333334,0.48333333333333334,18.198317792680527,4.309992797762471,51.498204,1.3409768196470289,TRUE,1304,1440,FALSE
BAUA::BAUA_S004::2025-06-16,BAUA,BAUA::BAUA_S004,2025-06-16,2.683333333333333,2.683333333333333,18.20907755719291,4.320752562274853,51.498204,1.3409768196470289,TRUE,1300,1440,FALSE
BAUA::BAUA_S005::2025-06-11,BAUA,BAUA::BAUA_S005,2025-06-11,0.5833333333333334,0.5833333333333334,18.13485554655393,4.246530551635873,51.498204,1.3409768196470289,TRUE,1306,1440,FALSE
BAUA::BAUA_S005::2025-06-12,BAUA,BAUA::BAUA_S005,2025-06-12,3.2666666666666666,3.2666666666666666,18.15373947189914,4.265414476981084,51.498204,1.3409768196470289,TRUE,1294,1440,FALSE
BAUA::BAUA_S005::2025-06-13,BAUA,BAUA::BAUA_S005,2025-06-13,0.5,0.5,18.170627665254806,4.282302670336749,51.498204,1.3409768196470289,TRUE,1297,1440,FALSE
BAUA::BAUA_S005::2025-06-14,BAUA,BAUA::BAUA_S005,2025-06-14,1.0833333333333333,1.0833333333333333,18.18549463795291,4.297169643034854,51.498204,1.3409768196470289,TRUE,1440,1440,FALSE
BAUA::BAUA_S005::2025-06-15,BAUA,BAUA::BAUA_S005,2025-06-15,0,0,18.198317792680527,4.309992797762471,51.498204,1.3409768196470289,TRUE,1440,1440,FALSE
BAUA::BAUA_S006::2025-06-11,BAUA,BAUA::BAUA_S006,2025-06-11,3.2333333333333334,3.2333333333333334,18.13485554655393,4.246530551635873,51.498204,1.3409768196470289,TRUE,1410,1440,FALSE
BAUA::BAUA_S006::2025-06-12,BAUA,BAUA::BAUA_S006,2025-06-12,2.8666666666666667,2.8666666666666667,18.15373947189914,4.265414476981084,51.498204,1.3409768196470289,TRUE,1440,1440,FALSE
BAUA::BAUA_S006::2025-06-13,BAUA,BAUA::BAUA_S006,2025-06-13,3.05,3.05,18.170627665254806,4.282302670336749,51.498204,1.3409768196470289,TRUE,1376,1440,FALSE
BAUA::BAUA_S006::2025-06-15,BAUA,BAUA::BAUA_S006,2025-06-15,0,0,18.198317792680527,4.309992797762471,51.498204,1.3409768196470289,TRUE,1440,1440,FALSE
BAUA::BAUA_S006::2025-06-16,BAUA,BAUA::BAUA_S006,2025-06-16,1.2333333333333334,1.2333333333333334,18.20907755719291,4.320752562274853,51.498204,1.3409768196470289,TRUE,1440,1440,FALSE
BAUA::BAUA_S008::2025-06-25,BAUA,BAUA::BAUA_S008,2025-06-25,0.9166666666666666,0.9166666666666666,18.211450270281897,4.323125275363841,51.498204,1.3409768196470289,TRUE,1440,1440,FALSE
BAUA::BAUA_S008::2025-06-26,BAUA,BAUA::BAUA_S008,2025-06-26,0.13333333333333333,0.13333333333333333,18.201224926577673,4.312899931659617,51.498204,1.3409768196470289,TRUE,1440,1440,FALSE
BAUA::BAUA_S008::2025-06-27,BAUA,BAUA::BAUA_S008,2025-06-27,0.016666666666666666,0.016666666666666666,18.188940423462125,4.300615428544068,51.498204,1.3409768196470289,TRUE,1440,1440,FALSE
BAUA::BAUA_S008::2025-06-28,BAUA,BAUA::BAUA_S008,2025-06-28,0.15,0.15,18.174617048899332,4.286292053981276,51.498204,1.3409768196470289,TRUE,1440,1440,FALSE
BAUA::BAUA_S008::2025-06-29,BAUA,BAUA::BAUA_S008,2025-06-29,0.18333333333333332,0.18333333333333332,18.15827808989419,4.269953094976133,51.498204,1.3409768196470289,TRUE,1440,1440,FALSE
BAUA::BAUA_S008::2025-06-30,BAUA,BAUA::BAUA_S008,2025-06-30,0.1,0.1,18.13994969639513,4.251624701477075,51.498204,1.3409768196470289,TRUE,1440,1440,FALSE
BAUA::BAUA_S009::2025-06-25,BAUA,BAUA::BAUA_S009,2025-06-25,9.116666666666667,9.116666666666667,18.211450270281897,4.323125275363841,51.498204,1.3409768196470289,TRUE,1324,1440,FALSE
BAUA::BAUA_S009::2025-06-26,BAUA,BAUA::BAUA_S009,2025-06-26,3.1333333333333333,3.1333333333333333,18.201224926577673,4.312899931659617,51.498204,1.3409768196470289,TRUE,1345,1440,FALSE
BAUA::BAUA_S009::2025-06-27,BAUA,BAUA::BAUA_S009,2025-06-27,4.616666666666666,4.616666666666666,18.188940423462125,4.300615428544068,51.498204,1.3409768196470289,TRUE,1404,1440,FALSE
BAUA::BAUA_S009::2025-06-28,BAUA,BAUA::BAUA_S009,2025-06-28,4.283333333333333,4.283333333333333,18.174617048899332,4.286292053981276,51.498204,1.3409768196470289,TRUE,1440,1440,FALSE
BAUA::BAUA_S009::2025-06-29,BAUA,BAUA::BAUA_S009,2025-06-29,10.633333333333333,10.633333333333333,18.15827808989419,4.269953094976133,51.498204,1.3409768196470289,TRUE,1440,1440,FALSE
BAUA::BAUA_S009::2025-06-30,BAUA,BAUA::BAUA_S009,2025-06-30,6.383333333333334,6.383333333333334,18.13994969639513,4.251624701477075,51.498204,1.3409768196470289,TRUE,1440,1440,FALSE
BAUA::BAUA_S010::2025-06-28,BAUA,BAUA::BAUA_S010,2025-06-28,1.55,1.55,18.174617048899332,4.286292053981276,51.498204,1.3409768196470289,TRUE,1343,1440,FALSE
BAUA::BAUA_S010::2025-06-29,BAUA,BAUA::BAUA_S010,2025-06-29,0.4666666666666667,0.4666666666666667,18.15827808989419,4.269953094976133,51.498204,1.3409768196470289,TRUE,1440,1440,FALSE
BAUA::BAUA_S012::2025-07-16,BAUA,BAUA::BAUA_S012,2025-07-16,0,0,17.605919546220036,3.71759455130198,51.498204,1.3409768196470289,TRUE,1219,1440,FALSE
BAUA::BAUA_S012::2025-07-17,BAUA,BAUA::BAUA_S012,2025-07-17,1.3833333333333333,1.3833333333333333,17.559705352187155,3.671380357269099,51.498204,1.3409768196470289,TRUE,1392,1440,FALSE
BAUA::BAUA_S012::2025-07-18,BAUA,BAUA::BAUA_S012,2025-07-18,0.9333333333333333,0.9333333333333333,17.51226164135668,3.623936646438624,51.498204,1.3409768196470289,TRUE,1440,1440,FALSE
BAUA::BAUA_S012::2025-07-19,BAUA,BAUA::BAUA_S012,2025-07-19,0,0,17.463635578751564,3.5753105838335077,51.498204,1.3409768196470289,TRUE,1243,1440,FALSE
BAUA::BAUA_S012::2025-07-20,BAUA,BAUA::BAUA_S012,2025-07-20,6.333333333333333,6.333333333333333,17.413873874545096,3.5255488796270402,51.498204,1.3409768196470289,TRUE,1238,1440,FALSE
BAUA::BAUA_S012::2025-07-21,BAUA,BAUA::BAUA_S012,2025-07-21,3.45,3.45,17.36302268412378,3.4746976892057244,51.498204,1.3409768196470289,TRUE,1309,1440,FALSE
BAUA::BAUA_S013::2025-07-16,BAUA,BAUA::BAUA_S013,2025-07-16,0.55,0.55,17.605919546220036,3.71759455130198,51.498204,1.3409768196470289,TRUE,1430,1440,FALSE
BAUA::BAUA_S013::2025-07-17,BAUA,BAUA::BAUA_S013,2025-07-17,1.45,1.45,17.559705352187155,3.671380357269099,51.498204,1.3409768196470289,TRUE,1420,1440,FALSE
BAUA::BAUA_S013::2025-07-18,BAUA,BAUA::BAUA_S013,2025-07-18,3.2666666666666666,3.2666666666666666,17.51226164135668,3.623936646438624,51.498204,1.3409768196470289,TRUE,1440,1440,FALSE
BAUA::BAUA_S013::2025-07-19,BAUA,BAUA::BAUA_S013,2025-07-19,4.583333333333333,4.583333333333333,17.463635578751564,3.5753105838335077,51.498204,1.3409768196470289,TRUE,1438,1440,FALSE
BAUA::BAUA_S013::2025-07-20,BAUA,BAUA::BAUA_S013,2025-07-20,2.933333333333333,2.933333333333333,17.413873874545096,3.5255488796270402,51.498204,1.3409768196470289,TRUE,1440,1440,FALSE
BAUA::BAUA_S013::2025-07-21,BAUA,BAUA::BAUA_S013,2025-07-21,2.3666666666666667,2.3666666666666667,17.36302268412378,3.4746976892057244,51.498204,1.3409768196470289,TRUE,1338,1440,FALSE
BAUA::BAUA_S014::2025-07-16,BAUA,BAUA::BAUA_S014,2025-07-16,2.95,2.95,17.605919546220036,3.71759455130198,51.498204,1.3409768196470289,TRUE,1440,1440,FALSE
BAUA::BAUA_S014::2025-07-17,BAUA,BAUA::BAUA_S014,2025-07-17,3.3,3.3,17.559705352187155,3.671380357269099,51.498204,1.3409768196470289,TRUE,1440,1440,FALSE
BAUA::BAUA_S014::2025-07-18,BAUA,BAUA::BAUA_S014,2025-07-18,6.2,6.2,17.51226164135668,3.623936646438624,51.498204,1.3409768196470289,TRUE,1440,1440,FALSE
BAUA::BAUA_S014::2025-07-19,BAUA,BAUA::BAUA_S014,2025-07-19,1.75,1.75,17.463635578751564,3.5753105838335077,51.498204,1.3409768196470289,TRUE,1440,1440,FALSE
BAUA::BAUA_S014::2025-07-20,BAUA,BAUA::BAUA_S014,2025-07-20,7.75,7.75,17.413873874545096,3.5255488796270402,51.498204,1.3409768196470289,TRUE,1440,1440,FALSE
BAUA::BAUA_S014::2025-07-21,BAUA,BAUA::BAUA_S014,2025-07-21,3.816666666666667,3.816666666666667,17.36302268412378,3.4746976892057244,51.498204,1.3409768196470289,TRUE,1440,1440,FALSE
BAUA::BAUA_S015::2025-07-23,BAUA,BAUA::BAUA_S015,2025-07-23,5.5,5.5,17.25823315329022,3.369908158372164,51.498204,1.3409768196470289,TRUE,1412,1440,FALSE
BAUA::BAUA_S015::2025-07-24,BAUA,BAUA::BAUA_S015,2025-07-24,0.23333333333333334,0.23333333333333334,17.20438357512156,3.3160585802035047,51.498204,1.3409768196470289,TRUE,1377,1440,FALSE
BAUA::BAUA_S015::2025-07-25,BAUA,BAUA::BAUA_S015,2025-07-25,1.1166666666666667,1.1166666666666667,17.14962189859814,3.261296903680085,51.498204,1.3409768196470289,TRUE,1164,1440,FALSE
BAUA::BAUA_S015::2025-07-26,BAUA,BAUA::BAUA_S015,2025-07-26,0.6666666666666666,0.6666666666666666,17.093990320430862,3.205665325512806,51.498204,1.3409768196470289,TRUE,1440,1440,FALSE
BAUA::BAUA_S015::2025-07-27,BAUA,BAUA::BAUA_S015,2025-07-27,0.25,0.25,17.037530069549877,3.149205074631821,51.498204,1.3409768196470289,TRUE,1383,1440,FALSE
BAUA::BAUA_S015::2025-07-28,BAUA,BAUA::BAUA_S015,2025-07-28,0.3,0.3,16.98028136703703,3.0919563721189736,51.498204,1.3409768196470289,TRUE,1204,1440,FALSE
BAUA::BAUA_S016::2025-07-23,BAUA,BAUA::BAUA_S016,2025-07-23,0.5166666666666667,0.5166666666666667,17.25823315329022,3.369908158372164,51.498204,1.3409768196470289,TRUE,1271,1440,FALSE
BAUA::BAUA_S016::2025-07-24,BAUA,BAUA::BAUA_S016,2025-07-24,0.45,0.45,17.20438357512156,3.3160585802035047,51.498204,1.3409768196470289,TRUE,1337,1440,FALSE
BAUA::BAUA_S016::2025-07-25,BAUA,BAUA::BAUA_S016,2025-07-25,1.2833333333333334,1.2833333333333334,17.14962189859814,3.261296903680085,51.498204,1.3409768196470289,TRUE,1421,1440,FALSE
BAUA::BAUA_S016::2025-07-26,BAUA,BAUA::BAUA_S016,2025-07-26,0.15,0.15,17.093990320430862,3.205665325512806,51.498204,1.3409768196470289,TRUE,1322,1440,FALSE
BAUA::BAUA_S016::2025-07-27,BAUA,BAUA::BAUA_S016,2025-07-27,0.55,0.55,17.037530069549877,3.149205074631821,51.498204,1.3409768196470289,TRUE,1343,1440,FALSE
BAUA::BAUA_S016::2025-07-28,BAUA,BAUA::BAUA_S016,2025-07-28,0.06666666666666667,0.06666666666666667,16.98028136703703,3.0919563721189736,51.498204,1.3409768196470289,TRUE,1307,1440,FALSE
BAUA::BAUA_S017::2025-09-09,BAUA,BAUA::BAUA_S017,2025-09-09,0.7666666666666667,0.7666666666666667,14.173865788976352,0.2855407940582957,51.498204,1.3409768196470289,TRUE,1440,1440,FALSE
BAUA::BAUA_S017::2025-09-10,BAUA,BAUA::BAUA_S017,2025-09-10,3.1333333333333333,3.1333333333333333,14.106545170876714,0.21822017595865795,51.498204,1.3409768196470289,TRUE,1440,1440,FALSE
BAUA::BAUA_S017::2025-09-11,BAUA,BAUA::BAUA_S017,2025-09-11,2.9166666666666665,2.9166666666666665,14.039288122190369,0.15096312727231265,51.498204,1.3409768196470289,TRUE,1440,1440,FALSE
BAUA::BAUA_S017::2025-09-12,BAUA,BAUA::BAUA_S017,2025-09-12,5.433333333333334,5.433333333333334,13.972100253105163,0.08377525818710652,51.498204,1.3409768196470289,TRUE,1440,1440,FALSE
BAUA::BAUA_S017::2025-09-13,BAUA,BAUA::BAUA_S017,2025-09-13,1.1833333333333333,1.1833333333333333,13.904986972941293,0.016661978023236657,51.498204,1.3409768196470289,TRUE,1356,1440,FALSE
BAUA::BAUA_S017::2025-09-14,BAUA,BAUA::BAUA_S017,2025-09-14,2.8666666666666667,2.8666666666666667,13.837953510483105,-0.050371484434950986,51.498204,1.3409768196470289,TRUE,1440,1440,FALSE
BAUA::BAUA_S018::2025-09-09,BAUA,BAUA::BAUA_S018,2025-09-09,0.2833333333333333,0.2833333333333333,14.173865788976352,0.2855407940582957,51.498204,1.3409768196470289,TRUE,1440,1440,FALSE
BAUA::BAUA_S018::2025-09-10,BAUA,BAUA::BAUA_S018,2025-09-10,0.5333333333333333,0.5333333333333333,14.106545170876714,0.21822017595865795,51.498204,1.3409768196470289,TRUE,1440,1440,FALSE
BAUA::BAUA_S018::2025-09-11,BAUA,BAUA::BAUA_S018,2025-09-11,0.5833333333333334,0.5833333333333334,14.039288122190369,0.15096312727231265,51.498204,1.3409768196470289,TRUE,1406,1440,FALSE
BAUA::BAUA_S018::2025-09-12,BAUA,BAUA::BAUA_S018,2025-09-12,0.05,0.05,13.972100253105163,0.08377525818710652,51.498204,1.3409768196470289,TRUE,1351,1440,FALSE
BAUA::BAUA_S018::2025-09-13,BAUA,BAUA::BAUA_S018,2025-09-13,0.45,0.45,13.904986972941293,0.016661978023236657,51.498204,1.3409768196470289,TRUE,1389,1440,FALSE
BAUA::BAUA_S018::2025-09-14,BAUA,BAUA::BAUA_S018,2025-09-14,0,0,13.837953510483105,-0.050371484434950986,51.498204,1.3409768196470289,TRUE,1440,1440,FALSE
BAUA::BAUA_S022::2025-09-24,BAUA,BAUA::BAUA_S022,2025-09-24,1.1333333333333333,1.1333333333333333,13.17307060652309,-0.7152543883949658,51.498204,1.3409768196470289,TRUE,1430,1440,FALSE
BAUA::BAUA_S022::2025-09-25,BAUA,BAUA::BAUA_S022,2025-09-25,0,0,13.107228702041837,-0.7810962928762191,51.498204,1.3409768196470289,TRUE,1413,1440,FALSE
BAUA::BAUA_S022::2025-09-26,BAUA,BAUA::BAUA_S022,2025-09-26,2.3,2.3,13.041522514886326,-0.8468024800317302,51.498204,1.3409768196470289,TRUE,1440,1440,FALSE
BAUA::BAUA_S022::2025-09-27,BAUA,BAUA::BAUA_S022,2025-09-27,3.1166666666666667,3.1166666666666667,12.975956710047193,-0.9123682848708636,51.498204,1.3409768196470289,TRUE,1440,1440,FALSE
BAUA::BAUA_S022::2025-09-28,BAUA,BAUA::BAUA_S022,2025-09-28,5.05,5.05,12.910536039935218,-0.977788954982838,51.498204,1.3409768196470289,TRUE,1440,1440,FALSE
BAUA::BAUA_S022::2025-09-29,BAUA,BAUA::BAUA_S022,2025-09-29,2.316666666666667,2.316666666666667,12.845265362262726,-1.0430596326553303,51.498204,1.3409768196470289,TRUE,1440,1440,FALSE
BAUA::BAUA_S023::2025-09-24,BAUA,BAUA::BAUA_S023,2025-09-24,0.9666666666666667,0.9666666666666667,13.17307060652309,-0.7152543883949658,51.498204,1.3409768196470289,TRUE,1440,1440,FALSE
BAUA::BAUA_S023::2025-09-25,BAUA,BAUA::BAUA_S023,2025-09-25,0.26666666666666666,0.26666666666666666,13.107228702041837,-0.7810962928762191,51.498204,1.3409768196470289,TRUE,1440,1440,FALSE
BAUA::BAUA_S023::2025-09-26,BAUA,BAUA::BAUA_S023,2025-09-26,0.21666666666666667,0.21666666666666667,13.041522514886326,-0.8468024800317302,51.498204,1.3409768196470289,TRUE,1440,1440,FALSE
BAUA::BAUA_S023::2025-09-27,BAUA,BAUA::BAUA_S023,2025-09-27,1.7166666666666666,1.7166666666666666,12.975956710047193,-0.9123682848708636,51.498204,1.3409768196470289,TRUE,1440,1440,FALSE
BAUA::BAUA_S023::2025-09-28,BAUA,BAUA::BAUA_S023,2025-09-28,0.25,0.25,12.910536039935218,-0.977788954982838,51.498204,1.3409768196470289,TRUE,1440,1440,FALSE
BAUA::BAUA_S023::2025-09-29,BAUA,BAUA::BAUA_S023,2025-09-29,1.25,1.25,12.845265362262726,-1.0430596326553303,51.498204,1.3409768196470289,TRUE,1440,1440,FALSE
BAUA::BAUA_S024::2025-10-14,BAUA,BAUA::BAUA_S024,2025-10-14,0.05,0.05,11.888039366337988,-2.000285628580068,51.498204,1.3409768196470289,TRUE,1440,1440,FALSE
BAUA::BAUA_S024::2025-10-15,BAUA,BAUA::BAUA_S024,2025-10-15,0,0,11.825984905560812,-2.062340089357244,51.498204,1.3409768196470289,TRUE,1440,1440,FALSE
BAUA::BAUA_S024::2025-10-16,BAUA,BAUA::BAUA_S024,2025-10-16,0.03333333333333333,0.03333333333333333,11.764196532567341,-2.124128462350715,51.498204,1.3409768196470289,TRUE,1277,1440,FALSE
BAUA::BAUA_S024::2025-10-17,BAUA,BAUA::BAUA_S024,2025-10-17,0,0,11.702684059407975,-2.185640935510081,51.498204,1.3409768196470289,TRUE,1426,1440,FALSE
BAUA::BAUA_S024::2025-10-18,BAUA,BAUA::BAUA_S024,2025-10-18,0.8333333333333334,0.8333333333333334,11.641457739075024,-2.246867255843032,51.498204,1.3409768196470289,TRUE,1426,1440,FALSE
BAUA::BAUA_S024::2025-10-19,BAUA,BAUA::BAUA_S024,2025-10-19,1.25,1.25,11.580528282059564,-2.307796712858492,51.498204,1.3409768196470289,TRUE,1413,1440,FALSE
BAUA::BAUA_S025::2025-10-14,BAUA,BAUA::BAUA_S025,2025-10-14,0.6666666666666666,0.6666666666666666,11.888039366337988,-2.000285628580068,51.498204,1.3409768196470289,TRUE,1440,1440,FALSE
BAUA::BAUA_S025::2025-10-15,BAUA,BAUA::BAUA_S025,2025-10-15,0.48333333333333334,0.48333333333333334,11.825984905560812,-2.062340089357244,51.498204,1.3409768196470289,TRUE,1411,1440,FALSE
BAUA::BAUA_S025::2025-10-16,BAUA,BAUA::BAUA_S025,2025-10-16,0,0,11.764196532567341,-2.124128462350715,51.498204,1.3409768196470289,TRUE,1406,1440,FALSE
BAUA::BAUA_S025::2025-10-17,BAUA,BAUA::BAUA_S025,2025-10-17,0.75,0.75,11.702684059407975,-2.185640935510081,51.498204,1.3409768196470289,TRUE,1440,1440,FALSE
BAUA::BAUA_S025::2025-10-18,BAUA,BAUA::BAUA_S025,2025-10-18,0.8666666666666667,0.8666666666666667,11.641457739075024,-2.246867255843032,51.498204,1.3409768196470289,TRUE,1440,1440,FALSE
BAUA::BAUA_S025::2025-10-19,BAUA,BAUA::BAUA_S025,2025-10-19,1.6333333333333333,1.6333333333333333,11.580528282059564,-2.307796712858492,51.498204,1.3409768196470289,TRUE,1440,1440,FALSE
FUSPCEU::FUSPCEU_S003::2024-10-08,FUSPCEU,FUSPCEU::FUSPCEU_S003,2024-10-08,0.2833333333333333,0.2833333333333333,12.348446626994345,-1.539878367923711,40.4165,0.2328064196470283,TRUE,1221,1440,FALSE
FUSPCEU::FUSPCEU_S003::2024-10-09,FUSPCEU,FUSPCEU::FUSPCEU_S003,2024-10-09,0.38333333333333336,0.38333333333333336,12.305623547832171,-1.582701447085885,40.4165,0.2328064196470283,TRUE,1395,1440,FALSE
FUSPCEU::FUSPCEU_S003::2024-10-10,FUSPCEU,FUSPCEU::FUSPCEU_S003,2024-10-10,0.5666666666666667,0.5666666666666667,12.26295735961861,-1.6253676352994457,40.4165,0.2328064196470283,TRUE,1440,1440,FALSE
FUSPCEU::FUSPCEU_S003::2024-10-11,FUSPCEU,FUSPCEU::FUSPCEU_S003,2024-10-11,0.5333333333333333,0.5333333333333333,12.220454689529207,-1.667870305388849,40.4165,0.2328064196470283,TRUE,1440,1440,FALSE
FUSPCEU::FUSPCEU_S003::2024-10-12,FUSPCEU,FUSPCEU::FUSPCEU_S003,2024-10-12,0.4666666666666667,0.4666666666666667,12.178122354679637,-1.7102026402384194,40.4165,0.2328064196470283,TRUE,1440,1440,FALSE
FUSPCEU::FUSPCEU_S003::2024-10-13,FUSPCEU,FUSPCEU::FUSPCEU_S003,2024-10-13,0.7833333333333333,0.7833333333333333,12.13596737186114,-1.7523576230569162,40.4165,0.2328064196470283,TRUE,1440,1440,FALSE
FUSPCEU::FUSPCEU_S004::2024-10-08,FUSPCEU,FUSPCEU::FUSPCEU_S004,2024-10-08,0.13333333333333333,0.13333333333333333,12.348446626994345,-1.539878367923711,40.4165,0.2328064196470283,TRUE,1440,1440,FALSE
FUSPCEU::FUSPCEU_S004::2024-10-09,FUSPCEU,FUSPCEU::FUSPCEU_S004,2024-10-09,0.23333333333333334,0.23333333333333334,12.305623547832171,-1.582701447085885,40.4165,0.2328064196470283,TRUE,1440,1440,FALSE
FUSPCEU::FUSPCEU_S004::2024-10-11,FUSPCEU,FUSPCEU::FUSPCEU_S004,2024-10-11,4,4,12.220454689529207,-1.667870305388849,40.4165,0.2328064196470283,TRUE,1440,1440,FALSE
FUSPCEU::FUSPCEU_S004::2024-10-12,FUSPCEU,FUSPCEU::FUSPCEU_S004,2024-10-12,0,0,12.178122354679637,-1.7102026402384194,40.4165,0.2328064196470283,TRUE,1278,1440,FALSE
FUSPCEU::FUSPCEU_S004::2024-10-13,FUSPCEU,FUSPCEU::FUSPCEU_S004,2024-10-13,5.45,5.45,12.13596737186114,-1.7523576230569162,40.4165,0.2328064196470283,TRUE,1440,1440,FALSE
FUSPCEU::FUSPCEU_S005::2024-10-15,FUSPCEU,FUSPCEU::FUSPCEU_S005,2024-10-15,0.38333333333333336,0.38333333333333336,12.052218589584033,-1.8361064053340233,40.4165,0.2328064196470283,TRUE,1440,1440,FALSE
FUSPCEU::FUSPCEU_S005::2024-10-16,FUSPCEU,FUSPCEU::FUSPCEU_S005,2024-10-16,0.25,0.25,12.010639912883441,-1.8776850820346151,40.4165,0.2328064196470283,TRUE,1289,1440,FALSE
FUSPCEU::FUSPCEU_S005::2024-10-17,FUSPCEU,FUSPCEU::FUSPCEU_S005,2024-10-17,0.03333333333333333,0.03333333333333333,11.969268852670988,-1.9190561422470687,40.4165,0.2328064196470283,TRUE,1309,1440,FALSE
FUSPCEU::FUSPCEU_S005::2024-10-18,FUSPCEU,FUSPCEU::FUSPCEU_S005,2024-10-18,0.7333333333333333,0.7333333333333333,11.928113571604094,-1.9602114233139627,40.4165,0.2328064196470283,TRUE,1439,1440,FALSE
FUSPCEU::FUSPCEU_S005::2024-10-19,FUSPCEU,FUSPCEU::FUSPCEU_S005,2024-10-19,0.8166666666666667,0.8166666666666667,11.88718248864015,-2.0011425062779065,40.4165,0.2328064196470283,TRUE,1337,1440,FALSE
FUSPCEU::FUSPCEU_S005::2024-10-20,FUSPCEU,FUSPCEU::FUSPCEU_S005,2024-10-20,0,0,11.846484287579854,-2.0418407073382028,40.4165,0.2328064196470283,TRUE,1437,1440,FALSE
FUSPCEU::FUSPCEU_S006::2024-10-15,FUSPCEU,FUSPCEU::FUSPCEU_S006,2024-10-15,0.5166666666666667,0.5166666666666667,12.052218589584033,-1.8361064053340233,40.4165,0.2328064196470283,TRUE,1368,1440,FALSE
FUSPCEU::FUSPCEU_S006::2024-10-16,FUSPCEU,FUSPCEU::FUSPCEU_S006,2024-10-16,1.0166666666666666,1.0166666666666666,12.010639912883441,-1.8776850820346151,40.4165,0.2328064196470283,TRUE,1398,1440,FALSE
FUSPCEU::FUSPCEU_S006::2024-10-17,FUSPCEU,FUSPCEU::FUSPCEU_S006,2024-10-17,0.5833333333333334,0.5833333333333334,11.969268852670988,-1.9190561422470687,40.4165,0.2328064196470283,TRUE,1419,1440,FALSE
FUSPCEU::FUSPCEU_S006::2024-10-18,FUSPCEU,FUSPCEU::FUSPCEU_S006,2024-10-18,1.05,1.05,11.928113571604094,-1.9602114233139627,40.4165,0.2328064196470283,TRUE,1369,1440,FALSE
FUSPCEU::FUSPCEU_S006::2024-10-19,FUSPCEU,FUSPCEU::FUSPCEU_S006,2024-10-19,2.2,2.2,11.88718248864015,-2.0011425062779065,40.4165,0.2328064196470283,TRUE,1384,1440,FALSE
FUSPCEU::FUSPCEU_S007::2024-10-22,FUSPCEU,FUSPCEU::FUSPCEU_S007,2024-10-22,0.38333333333333336,0.38333333333333336,11.765822637412283,-2.1225023575057733,40.4165,0.2328064196470283,TRUE,1385,1440,FALSE
FUSPCEU::FUSPCEU_S007::2024-10-23,FUSPCEU,FUSPCEU::FUSPCEU_S007,2024-10-23,0.2,0.2,11.725877948668268,-2.1624470462497882,40.4165,0.2328064196470283,TRUE,1425,1440,FALSE
FUSPCEU::FUSPCEU_S007::2024-10-24,FUSPCEU,FUSPCEU::FUSPCEU_S007,2024-10-24,0.48333333333333334,0.48333333333333334,11.68620367626349,-2.202121318654566,40.4165,0.2328064196470283,TRUE,1338,1440,FALSE
FUSPCEU::FUSPCEU_S007::2024-10-25,FUSPCEU,FUSPCEU::FUSPCEU_S007,2024-10-25,0.4166666666666667,0.4166666666666667,11.646809936960539,-2.2415150579575176,40.4165,0.2328064196470283,TRUE,1406,1440,FALSE
FUSPCEU::FUSPCEU_S007::2024-10-26,FUSPCEU,FUSPCEU::FUSPCEU_S007,2024-10-26,0.9,0.9,11.607707152366638,-2.2806178425514183,40.4165,0.2328064196470283,TRUE,1440,1440,FALSE
FUSPCEU::FUSPCEU_S007::2024-10-27,FUSPCEU,FUSPCEU::FUSPCEU_S007,2024-10-27,0.2833333333333333,0.2833333333333333,11.568906053569581,-2.3194189413484754,40.4165,0.2328064196470283,TRUE,1365,1500,FALSE
FUSPCEU::FUSPCEU_S008::2024-10-22,FUSPCEU,FUSPCEU::FUSPCEU_S008,2024-10-22,0.8166666666666667,0.8166666666666667,11.765822637412283,-2.1225023575057733,40.4165,0.2328064196470283,TRUE,1440,1440,FALSE
FUSPCEU::FUSPCEU_S008::2024-10-23,FUSPCEU,FUSPCEU::FUSPCEU_S008,2024-10-23,0.31666666666666665,0.31666666666666665,11.725877948668268,-2.1624470462497882,40.4165,0.2328064196470283,TRUE,1440,1440,FALSE
FUSPCEU::FUSPCEU_S008::2024-10-24,FUSPCEU,FUSPCEU::FUSPCEU_S008,2024-10-24,0,0,11.68620367626349,-2.202121318654566,40.4165,0.2328064196470283,TRUE,1440,1440,FALSE
FUSPCEU::FUSPCEU_S008::2024-10-25,FUSPCEU,FUSPCEU::FUSPCEU_S008,2024-10-25,0.08333333333333333,0.08333333333333333,11.646809936960539,-2.2415150579575176,40.4165,0.2328064196470283,TRUE,1440,1440,FALSE
FUSPCEU::FUSPCEU_S008::2024-10-26,FUSPCEU,FUSPCEU::FUSPCEU_S008,2024-10-26,0,0,11.607707152366638,-2.2806178425514183,40.4165,0.2328064196470283,TRUE,1440,1440,FALSE
FUSPCEU::FUSPCEU_S008::2024-10-27,FUSPCEU,FUSPCEU::FUSPCEU_S008,2024-10-27,0,0,11.568906053569581,-2.3194189413484754,40.4165,0.2328064196470283,TRUE,1500,1500,FALSE
FUSPCEU::FUSPCEU_S009::2024-11-04,FUSPCEU,FUSPCEU::FUSPCEU_S009,2024-11-04,0.75,0.75,11.270750055644248,-2.6175749392738084,40.4165,0.2328064196470283,TRUE,1440,1440,FALSE
FUSPCEU::FUSPCEU_S009::2024-11-05,FUSPCEU,FUSPCEU::FUSPCEU_S009,2024-11-05,0.06666666666666667,0.06666666666666667,11.235199311110708,-2.653125683807348,40.4165,0.2328064196470283,TRUE,1440,1440,FALSE
FUSPCEU::FUSPCEU_S009::2024-11-06,FUSPCEU,FUSPCEU::FUSPCEU_S009,2024-11-06,0,0,11.200074996153514,-2.688249998764542,40.4165,0.2328064196470283,TRUE,1440,1440,FALSE
FUSPCEU::FUSPCEU_S009::2024-11-07,FUSPCEU,FUSPCEU::FUSPCEU_S009,2024-11-07,0.06666666666666667,0.06666666666666667,11.165391299592125,-2.7229336953259313,40.4165,0.2328064196470283,TRUE,1440,1440,FALSE
FUSPCEU::FUSPCEU_S009::2024-11-08,FUSPCEU,FUSPCEU::FUSPCEU_S009,2024-11-08,2.1,2.1,11.131162701845168,-2.757162293072888,40.4165,0.2328064196470283,TRUE,1440,1440,FALSE
FUSPCEU::FUSPCEU_S009::2024-11-09,FUSPCEU,FUSPCEU::FUSPCEU_S009,2024-11-09,0.4666666666666667,0.4666666666666667,11.097403965526157,-2.7909210293918996,40.4165,0.2328064196470283,TRUE,1440,1440,FALSE
FUSPCEU::FUSPCEU_S009::2024-11-10,FUSPCEU,FUSPCEU::FUSPCEU_S009,2024-11-10,1.1666666666666667,1.1666666666666667,11.06413012444973,-2.824194870468327,40.4165,0.2328064196470283,TRUE,1440,1440,FALSE
FUSPCEU::FUSPCEU_S010::2024-11-04,FUSPCEU,FUSPCEU::FUSPCEU_S010,2024-11-04,0,0,11.270750055644248,-2.6175749392738084,40.4165,0.2328064196470283,TRUE,1440,1440,FALSE
FUSPCEU::FUSPCEU_S010::2024-11-05,FUSPCEU,FUSPCEU::FUSPCEU_S010,2024-11-05,1.5333333333333334,1.5333333333333334,11.235199311110708,-2.653125683807348,40.4165,0.2328064196470283,TRUE,1413,1440,FALSE
FUSPCEU::FUSPCEU_S010::2024-11-06,FUSPCEU,FUSPCEU::FUSPCEU_S010,2024-11-06,0.5833333333333334,0.5833333333333334,11.200074996153514,-2.688249998764542,40.4165,0.2328064196470283,TRUE,1440,1440,FALSE
FUSPCEU::FUSPCEU_S010::2024-11-07,FUSPCEU,FUSPCEU::FUSPCEU_S010,2024-11-07,1.2833333333333334,1.2833333333333334,11.165391299592125,-2.7229336953259313,40.4165,0.2328064196470283,TRUE,1440,1440,FALSE
FUSPCEU::FUSPCEU_S011::2024-11-12,FUSPCEU,FUSPCEU::FUSPCEU_S011,2024-11-12,3.283333333333333,3.283333333333333,10.999098544253243,-2.889226450664813,40.4165,0.2328064196470283,TRUE,1440,1440,FALSE
FUSPCEU::FUSPCEU_S011::2024-11-13,FUSPCEU,FUSPCEU::FUSPCEU_S011,2024-11-13,0.9833333333333333,0.9833333333333333,10.967372110684712,-2.920952884233344,40.4165,0.2328064196470283,TRUE,1440,1440,FALSE
FUSPCEU::FUSPCEU_S011::2024-11-14,FUSPCEU,FUSPCEU::FUSPCEU_S011,2024-11-14,0.45,0.45,10.936193150546815,-2.952131844371241,40.4165,0.2328064196470283,TRUE,1440,1440,FALSE
FUSPCEU::FUSPCEU_S011::2024-11-16,FUSPCEU,FUSPCEU::FUSPCEU_S011,2024-11-16,2.9833333333333334,2.9833333333333334,10.875542518695196,-3.01278247622286,40.4165,0.2328064196470283,TRUE,1286,1440,FALSE
FUSPCEU::FUSPCEU_S011::2024-11-17,FUSPCEU,FUSPCEU::FUSPCEU_S011,2024-11-17,1.25,1.25,10.84610369225343,-3.0422213026646254,40.4165,0.2328064196470283,TRUE,1440,1440,FALSE
FUSPCEU::FUSPCEU_S012::2024-12-03,FUSPCEU,FUSPCEU::FUSPCEU_S012,2024-12-03,0.9166666666666666,0.9166666666666666,10.469824230074883,-3.4185007648431736,40.4165,0.2328064196470283,TRUE,1440,1440,FALSE
FUSPCEU::FUSPCEU_S012::2024-12-04,FUSPCEU,FUSPCEU::FUSPCEU_S012,2024-12-04,0.6333333333333333,0.6333333333333333,10.453057371642855,-3.4352676232752017,40.4165,0.2328064196470283,TRUE,1440,1440,FALSE
FUSPCEU::FUSPCEU_S012::2024-12-05,FUSPCEU,FUSPCEU::FUSPCEU_S012,2024-12-05,1.55,1.55,10.437175499664413,-3.4511494952536435,40.4165,0.2328064196470283,TRUE,1440,1440,FALSE
FUSPCEU::FUSPCEU_S012::2024-12-06,FUSPCEU,FUSPCEU::FUSPCEU_S012,2024-12-06,0.21666666666666667,0.21666666666666667,10.42219187537829,-3.4661331195397658,40.4165,0.2328064196470283,TRUE,1440,1440,FALSE
FUSPCEU::FUSPCEU_S012::2024-12-07,FUSPCEU,FUSPCEU::FUSPCEU_S012,2024-12-07,0.06666666666666667,0.06666666666666667,10.408119205898709,-3.4802057890193474,40.4165,0.2328064196470283,TRUE,1440,1440,FALSE
FUSPCEU::FUSPCEU_S012::2024-12-08,FUSPCEU,FUSPCEU::FUSPCEU_S012,2024-12-08,0,0,10.394969606002173,-3.4933553889158837,40.4165,0.2328064196470283,TRUE,1440,1440,FALSE
FUSPCEU::FUSPCEU_S013::2024-11-19,FUSPCEU,FUSPCEU::FUSPCEU_S013,2024-11-19,0.9333333333333333,0.9333333333333333,10.789082120656968,-3.0992428742610887,40.4165,0.2328064196470283,TRUE,1440,1440,FALSE
FUSPCEU::FUSPCEU_S013::2024-11-20,FUSPCEU,FUSPCEU::FUSPCEU_S013,2024-11-20,0.13333333333333333,0.13333333333333333,10.761532905565367,-3.126792089352689,40.4165,0.2328064196470283,TRUE,1440,1440,FALSE
FUSPCEU::FUSPCEU_S013::2024-11-21,FUSPCEU,FUSPCEU::FUSPCEU_S013,2024-11-21,0.36666666666666664,0.36666666666666664,10.73464718706078,-3.1536778078572762,40.4165,0.2328064196470283,TRUE,1440,1440,FALSE
FUSPCEU::FUSPCEU_S013::2024-11-22,FUSPCEU,FUSPCEU::FUSPCEU_S013,2024-11-22,1.0666666666666667,1.0666666666666667,10.708441830012534,-3.1798831649055224,40.4165,0.2328064196470283,TRUE,1440,1440,FALSE
FUSPCEU::FUSPCEU_S013::2024-11-23,FUSPCEU,FUSPCEU::FUSPCEU_S013,2024-11-23,0.13333333333333333,0.13333333333333333,10.682933683130477,-3.2053913117875794,40.4165,0.2328064196470283,TRUE,1440,1440,FALSE
FUSPCEU::FUSPCEU_S013::2024-11-24,FUSPCEU,FUSPCEU::FUSPCEU_S013,2024-11-24,0.35,0.35,10.65813954671224,-3.230185448205816,40.4165,0.2328064196470283,TRUE,1440,1440,FALSE
FUSPCEU::FUSPCEU_S014::2024-11-20,FUSPCEU,FUSPCEU::FUSPCEU_S014,2024-11-20,0.4166666666666667,0.4166666666666667,10.761532905565367,-3.126792089352689,40.4165,0.2328064196470283,TRUE,1440,1440,FALSE
FUSPCEU::FUSPCEU_S014::2024-11-21,FUSPCEU,FUSPCEU::FUSPCEU_S014,2024-11-21,0.4,0.4,10.73464718706078,-3.1536778078572762,40.4165,0.2328064196470283,TRUE,1408,1440,FALSE
FUSPCEU::FUSPCEU_S014::2024-11-22,FUSPCEU,FUSPCEU::FUSPCEU_S014,2024-11-22,0.6166666666666667,0.6166666666666667,10.708441830012534,-3.1798831649055224,40.4165,0.2328064196470283,TRUE,1440,1440,FALSE
FUSPCEU::FUSPCEU_S014::2024-11-23,FUSPCEU,FUSPCEU::FUSPCEU_S014,2024-11-23,0.9833333333333333,0.9833333333333333,10.682933683130477,-3.2053913117875794,40.4165,0.2328064196470283,TRUE,1319,1440,FALSE
FUSPCEU::FUSPCEU_S014::2024-11-24,FUSPCEU,FUSPCEU::FUSPCEU_S014,2024-11-24,0.36666666666666664,0.36666666666666664,10.65813954671224,-3.230185448205816,40.4165,0.2328064196470283,TRUE,1241,1440,FALSE
FUSPCEU::FUSPCEU_S015::2024-11-26,FUSPCEU,FUSPCEU::FUSPCEU_S015,2024-11-26,0,0,10.61076005200545,-3.2775649429126066,40.4165,0.2328064196470283,TRUE,1440,1440,FALSE
FUSPCEU::FUSPCEU_S015::2024-11-27,FUSPCEU,FUSPCEU::FUSPCEU_S015,2024-11-27,1.3166666666666667,1.3166666666666667,10.588207732571496,-3.3001172623465607,40.4165,0.2328064196470283,TRUE,1440,1440,FALSE
FUSPCEU::FUSPCEU_S015::2024-11-28,FUSPCEU,FUSPCEU::FUSPCEU_S015,2024-11-28,0.65,0.65,10.566435426274936,-3.3218895686431207,40.4165,0.2328064196470283,TRUE,1440,1440,FALSE
FUSPCEU::FUSPCEU_S015::2024-11-29,FUSPCEU,FUSPCEU::FUSPCEU_S015,2024-11-29,0.31666666666666665,0.31666666666666665,10.545459147691727,-3.3428658472263297,40.4165,0.2328064196470283,TRUE,1440,1440,FALSE
FUSPCEU::FUSPCEU_S015::2024-11-30,FUSPCEU,FUSPCEU::FUSPCEU_S015,2024-11-30,0.9833333333333333,0.9833333333333333,10.525294639203283,-3.3630303557147734,40.4165,0.2328064196470283,TRUE,1282,1440,FALSE
FUSPCEU::FUSPCEU_S015::2024-12-01,FUSPCEU,FUSPCEU::FUSPCEU_S015,2024-12-01,0.38333333333333336,0.38333333333333336,10.505957330796454,-3.3823676641216025,40.4165,0.2328064196470283,TRUE,1440,1440,FALSE
FUSPCEU::FUSPCEU_S016::2024-11-26,FUSPCEU,FUSPCEU::FUSPCEU_S016,2024-11-26,0.2,0.2,10.61076005200545,-3.2775649429126066,40.4165,0.2328064196470283,TRUE,1392,1440,FALSE
FUSPCEU::FUSPCEU_S016::2024-11-27,FUSPCEU,FUSPCEU::FUSPCEU_S016,2024-11-27,0.23333333333333334,0.23333333333333334,10.588207732571496,-3.3001172623465607,40.4165,0.2328064196470283,TRUE,1369,1440,FALSE
FUSPCEU::FUSPCEU_S016::2024-11-29,FUSPCEU,FUSPCEU::FUSPCEU_S016,2024-11-29,0,0,10.545459147691727,-3.3428658472263297,40.4165,0.2328064196470283,TRUE,1238,1440,FALSE
FUSPCEU::FUSPCEU_S016::2024-11-30,FUSPCEU,FUSPCEU::FUSPCEU_S016,2024-11-30,0.1,0.1,10.525294639203283,-3.3630303557147734,40.4165,0.2328064196470283,TRUE,1440,1440,FALSE
FUSPCEU::FUSPCEU_S016::2024-12-01,FUSPCEU,FUSPCEU::FUSPCEU_S016,2024-12-01,0,0,10.505957330796454,-3.3823676641216025,40.4165,0.2328064196470283,TRUE,1338,1440,FALSE
FUSPCEU::FUSPCEU_S017::2024-12-03,FUSPCEU,FUSPCEU::FUSPCEU_S017,2024-12-03,1.4166666666666667,1.4166666666666667,10.469824230074883,-3.4185007648431736,40.4165,0.2328064196470283,TRUE,1440,1440,FALSE
FUSPCEU::FUSPCEU_S017::2024-12-04,FUSPCEU,FUSPCEU::FUSPCEU_S017,2024-12-04,0.9333333333333333,0.9333333333333333,10.453057371642855,-3.4352676232752017,40.4165,0.2328064196470283,TRUE,1440,1440,FALSE
FUSPCEU::FUSPCEU_S017::2024-12-05,FUSPCEU,FUSPCEU::FUSPCEU_S017,2024-12-05,1.3666666666666667,1.3666666666666667,10.437175499664413,-3.4511494952536435,40.4165,0.2328064196470283,TRUE,1440,1440,FALSE
FUSPCEU::FUSPCEU_S017::2024-12-06,FUSPCEU,FUSPCEU::FUSPCEU_S017,2024-12-06,0.1,0.1,10.42219187537829,-3.4661331195397658,40.4165,0.2328064196470283,TRUE,1440,1440,FALSE
FUSPCEU::FUSPCEU_S017::2024-12-07,FUSPCEU,FUSPCEU::FUSPCEU_S017,2024-12-07,0.36666666666666664,0.36666666666666664,10.408119205898709,-3.4802057890193474,40.4165,0.2328064196470283,TRUE,1239,1440,FALSE
FUSPCEU::FUSPCEU_S017::2024-12-08,FUSPCEU,FUSPCEU::FUSPCEU_S017,2024-12-08,0.25,0.25,10.394969606002173,-3.4933553889158837,40.4165,0.2328064196470283,TRUE,1299,1440,FALSE
FUSPCEU::FUSPCEU_S018::2024-12-10,FUSPCEU,FUSPCEU::FUSPCEU_S018,2024-12-10,0,0,10.371484889454312,-3.5168401054637446,40.4165,0.2328064196470283,TRUE,1440,1440,FALSE
FUSPCEU::FUSPCEU_S018::2024-12-11,FUSPCEU,FUSPCEU::FUSPCEU_S018,2024-12-11,0.21666666666666667,0.21666666666666667,10.361170710656378,-3.5271542842616785,40.4165,0.2328064196470283,TRUE,1440,1440,FALSE
FUSPCEU::FUSPCEU_S018::2024-12-12,FUSPCEU,FUSPCEU::FUSPCEU_S018,2024-12-12,0.15,0.15,10.351821409728792,-3.536503585189264,40.4165,0.2328064196470283,TRUE,1440,1440,FALSE
FUSPCEU::FUSPCEU_S018::2024-12-13,FUSPCEU,FUSPCEU::FUSPCEU_S018,2024-12-13,0.03333333333333333,0.03333333333333333,10.343445607622465,-3.544879387295591,40.4165,0.2328064196470283,TRUE,1440,1440,FALSE
FUSPCEU::FUSPCEU_S018::2024-12-14,FUSPCEU,FUSPCEU::FUSPCEU_S018,2024-12-14,0.016666666666666666,0.016666666666666666,10.336051132281622,-3.5522738626364347,40.4165,0.2328064196470283,TRUE,1301,1440,FALSE
FUSPCEU::FUSPCEU_S018::2024-12-15,FUSPCEU,FUSPCEU::FUSPCEU_S018,2024-12-15,0,0,10.329644992086623,-3.5586800028314336,40.4165,0.2328064196470283,TRUE,1440,1440,FALSE
FUSPCEU::FUSPCEU_S019::2024-12-10,FUSPCEU,FUSPCEU::FUSPCEU_S019,2024-12-10,0.31666666666666665,0.31666666666666665,10.371484889454312,-3.5168401054637446,40.4165,0.2328064196470283,TRUE,1440,1440,FALSE
FUSPCEU::FUSPCEU_S019::2024-12-11,FUSPCEU,FUSPCEU::FUSPCEU_S019,2024-12-11,0.18333333333333332,0.18333333333333332,10.361170710656378,-3.5271542842616785,40.4165,0.2328064196470283,TRUE,1440,1440,FALSE
FUSPCEU::FUSPCEU_S019::2024-12-12,FUSPCEU,FUSPCEU::FUSPCEU_S019,2024-12-12,0,0,10.351821409728792,-3.536503585189264,40.4165,0.2328064196470283,TRUE,1440,1440,FALSE
FUSPCEU::FUSPCEU_S019::2024-12-13,FUSPCEU,FUSPCEU::FUSPCEU_S019,2024-12-13,0.2833333333333333,0.2833333333333333,10.343445607622465,-3.544879387295591,40.4165,0.2328064196470283,TRUE,1440,1440,FALSE
FUSPCEU::FUSPCEU_S019::2024-12-14,FUSPCEU,FUSPCEU::FUSPCEU_S019,2024-12-14,0.6,0.6,10.336051132281622,-3.5522738626364347,40.4165,0.2328064196470283,TRUE,1440,1440,FALSE
FUSPCEU::FUSPCEU_S019::2024-12-15,FUSPCEU,FUSPCEU::FUSPCEU_S019,2024-12-15,0.45,0.45,10.329644992086623,-3.5586800028314336,40.4165,0.2328064196470283,TRUE,1440,1440,FALSE
FUSPCEU::FUSPCEU_S020::2025-01-21,FUSPCEU,FUSPCEU::FUSPCEU_S020,2025-01-21,0,0,10.77204123781787,-3.1162837571001862,40.4165,0.2328064196470283,TRUE,1440,1440,FALSE
FUSPCEU::FUSPCEU_S020::2025-01-22,FUSPCEU,FUSPCEU::FUSPCEU_S020,2025-01-22,0.23333333333333334,0.23333333333333334,10.800073096619712,-3.088251898298344,40.4165,0.2328064196470283,TRUE,1440,1440,FALSE
FUSPCEU::FUSPCEU_S020::2025-01-23,FUSPCEU,FUSPCEU::FUSPCEU_S020,2025-01-23,0.38333333333333336,0.38333333333333336,10.828762292199665,-3.0595627027183916,40.4165,0.2328064196470283,TRUE,1440,1440,FALSE
FUSPCEU::FUSPCEU_S020::2025-01-24,FUSPCEU,FUSPCEU::FUSPCEU_S020,2025-01-24,0.23333333333333334,0.23333333333333334,10.858091982603073,-3.0302330123149837,40.4165,0.2328064196470283,TRUE,1440,1440,FALSE
FUSPCEU::FUSPCEU_S020::2025-01-25,FUSPCEU,FUSPCEU::FUSPCEU_S020,2025-01-25,0.26666666666666666,0.26666666666666666,10.888045382764604,-3.0002796121534523,40.4165,0.2328064196470283,TRUE,1440,1440,FALSE
FUSPCEU::FUSPCEU_S020::2025-01-26,FUSPCEU,FUSPCEU::FUSPCEU_S020,2025-01-26,0,0,10.91860579205884,-2.969719202859217,40.4165,0.2328064196470283,TRUE,1440,1440,FALSE
FUSPCEU::FUSPCEU_S022::2025-01-28,FUSPCEU,FUSPCEU::FUSPCEU_S022,2025-01-28,0.7666666666666667,0.7666666666666667,10.981481417152617,-2.9068435777654393,40.4165,0.2328064196470283,TRUE,1440,1440,FALSE
FUSPCEU::FUSPCEU_S022::2025-01-29,FUSPCEU,FUSPCEU::FUSPCEU_S022,2025-01-29,0,0,11.013763885233137,-2.874561109684919,40.4165,0.2328064196470283,TRUE,1440,1440,FALSE
FUSPCEU::FUSPCEU_S022::2025-01-30,FUSPCEU,FUSPCEU::FUSPCEU_S022,2025-01-30,0.016666666666666666,0.016666666666666666,11.046587911711798,-2.841737083206258,40.4165,0.2328064196470283,TRUE,1440,1440,FALSE
FUSPCEU::FUSPCEU_S022::2025-01-31,FUSPCEU,FUSPCEU::FUSPCEU_S022,2025-01-31,0.65,0.65,11.079937583009402,-2.8083874119086545,40.4165,0.2328064196470283,TRUE,1440,1440,FALSE
FUSPCEU::FUSPCEU_S022::2025-02-01,FUSPCEU,FUSPCEU::FUSPCEU_S022,2025-02-01,1.0333333333333334,1.0333333333333334,11.113797203765975,-2.7745277911520816,40.4165,0.2328064196470283,TRUE,1440,1440,FALSE
FUSPCEU::FUSPCEU_S022::2025-02-02,FUSPCEU,FUSPCEU::FUSPCEU_S022,2025-02-02,0.03333333333333333,0.03333333333333333,11.148151313198937,-2.740173681719119,40.4165,0.2328064196470283,TRUE,1440,1440,FALSE
FUSPCEU::FUSPCEU_S023::2025-01-28,FUSPCEU,FUSPCEU::FUSPCEU_S023,2025-01-28,0.6333333333333333,0.6333333333333333,10.981481417152617,-2.9068435777654393,40.4165,0.2328064196470283,TRUE,1440,1440,FALSE
FUSPCEU::FUSPCEU_S023::2025-01-29,FUSPCEU,FUSPCEU::FUSPCEU_S023,2025-01-29,0.06666666666666667,0.06666666666666667,11.013763885233137,-2.874561109684919,40.4165,0.2328064196470283,TRUE,1440,1440,FALSE
FUSPCEU::FUSPCEU_S023::2025-01-30,FUSPCEU,FUSPCEU::FUSPCEU_S023,2025-01-30,0.4666666666666667,0.4666666666666667,11.046587911711798,-2.841737083206258,40.4165,0.2328064196470283,TRUE,1440,1440,FALSE
FUSPCEU::FUSPCEU_S023::2025-01-31,FUSPCEU,FUSPCEU::FUSPCEU_S023,2025-01-31,0.1,0.1,11.079937583009402,-2.8083874119086545,40.4165,0.2328064196470283,TRUE,1440,1440,FALSE
FUSPCEU::FUSPCEU_S023::2025-02-01,FUSPCEU,FUSPCEU::FUSPCEU_S023,2025-02-01,0.016666666666666666,0.016666666666666666,11.113797203765975,-2.7745277911520816,40.4165,0.2328064196470283,TRUE,1440,1440,FALSE
FUSPCEU::FUSPCEU_S023::2025-02-02,FUSPCEU,FUSPCEU::FUSPCEU_S023,2025-02-02,0,0,11.148151313198937,-2.740173681719119,40.4165,0.2328064196470283,TRUE,1440,1440,FALSE
FUSPCEU::FUSPCEU_S024::2025-02-04,FUSPCEU,FUSPCEU::FUSPCEU_S024,2025-02-04,1.85,1.85,11.218282416065534,-2.670042578852522,40.4165,0.2328064196470283,TRUE,1430,1440,FALSE
FUSPCEU::FUSPCEU_S024::2025-02-05,FUSPCEU,FUSPCEU::FUSPCEU_S024,2025-02-05,0.8833333333333333,0.8833333333333333,11.254029786454307,-2.634295208463749,40.4165,0.2328064196470283,TRUE,1315,1440,FALSE
FUSPCEU::FUSPCEU_S024::2025-02-06,FUSPCEU,FUSPCEU::FUSPCEU_S024,2025-02-06,1.2,1.2,11.290212421417236,-2.5981125735008206,40.4165,0.2328064196470283,TRUE,1350,1440,FALSE
FUSPCEU::FUSPCEU_S024::2025-02-08,FUSPCEU,FUSPCEU::FUSPCEU_S024,2025-02-08,0.016666666666666666,0.016666666666666666,11.36382739689615,-2.524497598021906,40.4165,0.2328064196470283,TRUE,1440,1440,FALSE
FUSPCEU::FUSPCEU_S024::2025-02-09,FUSPCEU,FUSPCEU::FUSPCEU_S024,2025-02-09,0.016666666666666666,0.016666666666666666,11.401232449942166,-2.4870925449758907,40.4165,0.2328064196470283,TRUE,1440,1440,FALSE
FUSPCEU::FUSPCEU_S025::2025-02-04,FUSPCEU,FUSPCEU::FUSPCEU_S025,2025-02-04,3.35,3.35,11.218282416065534,-2.670042578852522,40.4165,0.2328064196470283,TRUE,1287,1440,FALSE
FUSPCEU::FUSPCEU_S025::2025-02-05,FUSPCEU,FUSPCEU::FUSPCEU_S025,2025-02-05,1.25,1.25,11.254029786454307,-2.634295208463749,40.4165,0.2328064196470283,TRUE,1302,1440,FALSE
FUSPCEU::FUSPCEU_S025::2025-02-06,FUSPCEU,FUSPCEU::FUSPCEU_S025,2025-02-06,0.7166666666666667,0.7166666666666667,11.290212421417236,-2.5981125735008206,40.4165,0.2328064196470283,TRUE,1428,1440,FALSE
FUSPCEU::FUSPCEU_S025::2025-02-09,FUSPCEU,FUSPCEU::FUSPCEU_S025,2025-02-09,1.2333333333333334,1.2333333333333334,11.401232449942166,-2.4870925449758907,40.4165,0.2328064196470283,TRUE,1156,1440,FALSE
IZTECH::IZTECH_S001::2024-12-24,IZTECH,IZTECH::IZTECH_S001,2024-12-24,0,0,10.489451321429677,-3.3988736734883798,38.32,0.023156419647028414,TRUE,1440,1440,FALSE
IZTECH::IZTECH_S001::2024-12-25,IZTECH,IZTECH::IZTECH_S001,2024-12-25,0,0,10.492750476797422,-3.3955745181206343,38.32,0.023156419647028414,TRUE,1440,1440,FALSE
IZTECH::IZTECH_S001::2024-12-26,IZTECH,IZTECH::IZTECH_S001,2024-12-26,0,0,10.496976461079386,-3.39134853383867,38.32,0.023156419647028414,TRUE,1415,1440,FALSE
IZTECH::IZTECH_S001::2024-12-27,IZTECH,IZTECH::IZTECH_S001,2024-12-27,0.016666666666666666,0.016666666666666666,10.50212588707606,-3.386199107841996,38.32,0.023156419647028414,TRUE,1440,1440,FALSE
IZTECH::IZTECH_S001::2024-12-28,IZTECH,IZTECH::IZTECH_S001,2024-12-28,0,0,10.50819456073973,-3.3801304341783265,38.32,0.023156419647028414,TRUE,1440,1440,FALSE
IZTECH::IZTECH_S001::2024-12-29,IZTECH,IZTECH::IZTECH_S001,2024-12-29,0,0,10.515177495413356,-3.3731474995047,38.32,0.023156419647028414,TRUE,1440,1440,FALSE
IZTECH::IZTECH_S001::2024-12-30,IZTECH,IZTECH::IZTECH_S001,2024-12-30,0.15,0.15,10.523068928983477,-3.365256065934579,38.32,0.023156419647028414,TRUE,1375,1440,FALSE
IZTECH::IZTECH_S002::2025-01-07,IZTECH,IZTECH::IZTECH_S002,2025-01-07,0.36666666666666664,0.36666666666666664,10.617976313961877,-3.270348680956179,38.32,0.023156419647028414,TRUE,1279,1440,FALSE
IZTECH::IZTECH_S002::2025-01-08,IZTECH,IZTECH::IZTECH_S002,2025-01-08,0.5833333333333334,0.5833333333333334,10.63366825911734,-3.254656735800717,38.32,0.023156419647028414,TRUE,1440,1440,FALSE
IZTECH::IZTECH_S002::2025-01-09,IZTECH,IZTECH::IZTECH_S002,2025-01-09,0.75,0.75,10.650173718598154,-3.2381512763199023,38.32,0.023156419647028414,TRUE,1412,1440,FALSE
IZTECH::IZTECH_S002::2025-01-10,IZTECH,IZTECH::IZTECH_S002,2025-01-10,0.55,0.55,10.667480112777817,-3.2208448821402396,38.32,0.023156419647028414,TRUE,1202,1440,FALSE
IZTECH::IZTECH_S002::2025-01-11,IZTECH,IZTECH::IZTECH_S002,2025-01-11,0.016666666666666666,0.016666666666666666,10.685574437181154,-3.202750557736902,38.32,0.023156419647028414,TRUE,1440,1440,FALSE
IZTECH::IZTECH_S002::2025-01-12,IZTECH,IZTECH::IZTECH_S002,2025-01-12,0,0,10.704443298247126,-3.1838816966709302,38.32,0.023156419647028414,TRUE,1440,1440,FALSE
IZTECH::IZTECH_S003::2025-01-07,IZTECH,IZTECH::IZTECH_S003,2025-01-07,0.38333333333333336,0.38333333333333336,10.617976313961877,-3.270348680956179,38.32,0.023156419647028414,TRUE,1440,1440,FALSE
IZTECH::IZTECH_S003::2025-01-08,IZTECH,IZTECH::IZTECH_S003,2025-01-08,0.4666666666666667,0.4666666666666667,10.63366825911734,-3.254656735800717,38.32,0.023156419647028414,TRUE,1440,1440,FALSE
IZTECH::IZTECH_S003::2025-01-09,IZTECH,IZTECH::IZTECH_S003,2025-01-09,0.5,0.5,10.650173718598154,-3.2381512763199023,38.32,0.023156419647028414,TRUE,1440,1440,FALSE
IZTECH::IZTECH_S003::2025-01-10,IZTECH,IZTECH::IZTECH_S003,2025-01-10,0.45,0.45,10.667480112777817,-3.2208448821402396,38.32,0.023156419647028414,TRUE,1440,1440,FALSE
IZTECH::IZTECH_S003::2025-01-11,IZTECH,IZTECH::IZTECH_S003,2025-01-11,0,0,10.685574437181154,-3.202750557736902,38.32,0.023156419647028414,TRUE,1402,1440,FALSE
IZTECH::IZTECH_S003::2025-01-12,IZTECH,IZTECH::IZTECH_S003,2025-01-12,0.4666666666666667,0.4666666666666667,10.704443298247126,-3.1838816966709302,38.32,0.023156419647028414,TRUE,1440,1440,FALSE
IZTECH::IZTECH_S004::2025-01-21,IZTECH,IZTECH::IZTECH_S004,2025-01-21,0.2,0.2,10.906761128637525,-2.9815638662805313,38.32,0.023156419647028414,TRUE,1403,1440,FALSE
IZTECH::IZTECH_S004::2025-01-22,IZTECH,IZTECH::IZTECH_S004,2025-01-22,0.7333333333333333,0.7333333333333333,10.9325787850221,-2.955746209895956,38.32,0.023156419647028414,TRUE,1440,1440,FALSE
IZTECH::IZTECH_S004::2025-01-23,IZTECH,IZTECH::IZTECH_S004,2025-01-23,0.95,0.95,10.959008137186368,-2.9293168577316884,38.32,0.023156419647028414,TRUE,1440,1440,FALSE
IZTECH::IZTECH_S004::2025-01-24,IZTECH,IZTECH::IZTECH_S004,2025-01-24,0.5833333333333334,0.5833333333333334,10.986033838391304,-2.9022911565267524,38.32,0.023156419647028414,TRUE,1440,1440,FALSE
IZTECH::IZTECH_S004::2025-01-25,IZTECH,IZTECH::IZTECH_S004,2025-01-25,0.08333333333333333,0.08333333333333333,11.013640581170717,-2.874684413747339,38.32,0.023156419647028414,TRUE,1440,1440,FALSE
IZTECH::IZTECH_S004::2025-01-26,IZTECH,IZTECH::IZTECH_S004,2025-01-26,1.05,1.05,11.0418131228288,-2.8465118720892555,38.32,0.023156419647028414,TRUE,1395,1440,FALSE
IZTECH::IZTECH_S005::2025-01-21,IZTECH,IZTECH::IZTECH_S005,2025-01-21,0.9333333333333333,0.9333333333333333,10.906761128637525,-2.9815638662805313,38.32,0.023156419647028414,TRUE,1440,1440,FALSE
IZTECH::IZTECH_S005::2025-01-22,IZTECH,IZTECH::IZTECH_S005,2025-01-22,0.03333333333333333,0.03333333333333333,10.9325787850221,-2.955746209895956,38.32,0.023156419647028414,TRUE,1386,1440,FALSE
IZTECH::IZTECH_S005::2025-01-23,IZTECH,IZTECH::IZTECH_S005,2025-01-23,0.8166666666666667,0.8166666666666667,10.959008137186368,-2.9293168577316884,38.32,0.023156419647028414,TRUE,1440,1440,FALSE
IZTECH::IZTECH_S005::2025-01-24,IZTECH,IZTECH::IZTECH_S005,2025-01-24,1.0666666666666667,1.0666666666666667,10.986033838391304,-2.9022911565267524,38.32,0.023156419647028414,TRUE,1387,1440,FALSE
IZTECH::IZTECH_S005::2025-01-25,IZTECH,IZTECH::IZTECH_S005,2025-01-25,0,0,11.013640581170717,-2.874684413747339,38.32,0.023156419647028414,TRUE,1440,1440,FALSE
IZTECH::IZTECH_S005::2025-01-26,IZTECH,IZTECH::IZTECH_S005,2025-01-26,0.16666666666666666,0.16666666666666666,11.0418131228288,-2.8465118720892555,38.32,0.023156419647028414,TRUE,1385,1440,FALSE
IZTECH::IZTECH_S006::2025-02-18,IZTECH,IZTECH::IZTECH_S006,2025-02-18,0.95,0.95,11.813367618785964,-2.074957376132092,38.32,0.023156419647028414,TRUE,1374,1440,FALSE
IZTECH::IZTECH_S006::2025-02-19,IZTECH,IZTECH::IZTECH_S006,2025-02-19,1.1166666666666667,1.1166666666666667,11.851021302806007,-2.037303692112049,38.32,0.023156419647028414,TRUE,1440,1440,FALSE
IZTECH::IZTECH_S006::2025-02-20,IZTECH,IZTECH::IZTECH_S006,2025-02-20,1.9,1.9,11.888926246033774,-1.999398748884282,38.32,0.023156419647028414,TRUE,1440,1440,FALSE
IZTECH::IZTECH_S006::2025-02-21,IZTECH,IZTECH::IZTECH_S006,2025-02-21,0,0,11.927073288957278,-1.9612517059607786,38.32,0.023156419647028414,TRUE,1297,1440,FALSE
IZTECH::IZTECH_S006::2025-02-22,IZTECH,IZTECH::IZTECH_S006,2025-02-22,0.26666666666666666,0.26666666666666666,11.965453527503543,-1.922871467414513,38.32,0.023156419647028414,TRUE,1440,1440,FALSE
IZTECH::IZTECH_S006::2025-02-23,IZTECH,IZTECH::IZTECH_S006,2025-02-23,0.16666666666666666,0.16666666666666666,12.004058307475514,-1.8842666874425422,38.32,0.023156419647028414,TRUE,1370,1440,FALSE
IZTECH::IZTECH_S007::2025-02-25,IZTECH,IZTECH::IZTECH_S007,2025-02-25,0.4166666666666667,0.4166666666666667,12.08190808110767,-1.806416913810386,38.32,0.023156419647028414,TRUE,1353,1440,FALSE
IZTECH::IZTECH_S007::2025-02-26,IZTECH,IZTECH::IZTECH_S007,2025-02-26,0.5833333333333334,0.5833333333333334,12.121136951049168,-1.767188043868888,38.32,0.023156419647028414,TRUE,1351,1440,FALSE
IZTECH::IZTECH_S007::2025-02-27,IZTECH,IZTECH::IZTECH_S007,2025-02-27,0.95,0.95,12.160558099481795,-1.727766895436261,38.32,0.023156419647028414,TRUE,1440,1440,FALSE
IZTECH::IZTECH_S007::2025-02-28,IZTECH,IZTECH::IZTECH_S007,2025-02-28,0.9166666666666666,0.9166666666666666,12.200164010590978,-1.6881609843270784,38.32,0.023156419647028414,TRUE,1440,1440,FALSE
IZTECH::IZTECH_S007::2025-03-01,IZTECH,IZTECH::IZTECH_S007,2025-03-01,0,0,12.23994737168153,-1.6483776232365255,38.32,0.023156419647028414,TRUE,1261,1440,FALSE
IZTECH::IZTECH_S007::2025-03-02,IZTECH,IZTECH::IZTECH_S007,2025-03-02,0,0,12.279901064501868,-1.6084239304161887,38.32,0.023156419647028414,TRUE,1440,1440,FALSE
IZTECH::IZTECH_S008::2025-03-04,IZTECH,IZTECH::IZTECH_S008,2025-03-04,1.3666666666666667,1.3666666666666667,12.36029188712438,-1.5280331077936768,38.32,0.023156419647028414,TRUE,1435,1440,FALSE
IZTECH::IZTECH_S008::2025-03-05,IZTECH,IZTECH::IZTECH_S008,2025-03-05,0.7,0.7,12.400715667472946,-1.48760932744511,38.32,0.023156419647028414,TRUE,1393,1440,FALSE
IZTECH::IZTECH_S008::2025-03-06,IZTECH,IZTECH::IZTECH_S008,2025-03-06,2.566666666666667,2.566666666666667,12.441283061040773,-1.4470419338772835,38.32,0.023156419647028414,TRUE,1410,1440,FALSE
IZTECH::IZTECH_S008::2025-03-07,IZTECH,IZTECH::IZTECH_S008,2025-03-07,1,1,12.481987778014608,-1.4063372169034487,38.32,0.023156419647028414,TRUE,1413,1440,FALSE
IZTECH::IZTECH_S008::2025-03-09,IZTECH,IZTECH::IZTECH_S008,2025-03-09,0.2,0.2,12.563784693280855,-1.3245403016372013,38.32,0.023156419647028414,TRUE,1440,1440,FALSE
IZTECH::IZTECH_S009::2025-03-20,IZTECH,IZTECH::IZTECH_S009,2025-03-20,2.95,2.95,13.02098494960202,-0.8673400453160358,38.32,0.023156419647028414,TRUE,1365,1440,FALSE
IZTECH::IZTECH_S009::2025-03-21,IZTECH,IZTECH::IZTECH_S009,2025-03-21,0,0,13.063008562657568,-0.8253164322604878,38.32,0.023156419647028414,TRUE,1293,1440,FALSE
IZTECH::IZTECH_S009::2025-03-22,IZTECH,IZTECH::IZTECH_S009,2025-03-22,0.2833333333333333,0.2833333333333333,13.105085474186474,-0.7832395207315823,38.32,0.023156419647028414,TRUE,1307,1440,FALSE
IZTECH::IZTECH_S009::2025-03-24,IZTECH,IZTECH::IZTECH_S009,2025-03-24,1.0166666666666666,1.0166666666666666,13.189377503262627,-0.6989474916554297,38.32,0.023156419647028414,TRUE,1317,1440,FALSE
IZTECH::IZTECH_S009::2025-03-25,IZTECH,IZTECH::IZTECH_S009,2025-03-25,0,0,13.23158166481389,-0.6567433301041667,38.32,0.023156419647028414,TRUE,1366,1440,FALSE
IZTECH::IZTECH_S009::2025-03-26,IZTECH,IZTECH::IZTECH_S009,2025-03-26,2.9,2.9,13.27381718940205,-0.6145078055160056,38.32,0.023156419647028414,TRUE,1276,1440,FALSE
IZTECH::IZTECH_S010::2025-04-15,IZTECH,IZTECH::IZTECH_S010,2025-04-15,0.8,0.8,14.115496115022236,0.22717112010417928,38.32,0.023156419647028414,TRUE,1370,1440,FALSE
IZTECH::IZTECH_S010::2025-04-16,IZTECH,IZTECH::IZTECH_S010,2025-04-16,0.31666666666666665,0.31666666666666665,14.15687135650052,0.26854636158246414,38.32,0.023156419647028414,TRUE,1375,1440,FALSE
IZTECH::IZTECH_S010::2025-04-17,IZTECH,IZTECH::IZTECH_S010,2025-04-17,0.18333333333333332,0.18333333333333332,14.198116571439638,0.3097915765215813,38.32,0.023156419647028414,TRUE,1243,1440,FALSE
IZTECH::IZTECH_S010::2025-04-18,IZTECH,IZTECH::IZTECH_S010,2025-04-18,0.6,0.6,14.239221658243073,0.3508966633250168,38.32,0.023156419647028414,TRUE,1304,1440,FALSE
IZTECH::IZTECH_S010::2025-04-19,IZTECH,IZTECH::IZTECH_S010,2025-04-19,0.45,0.45,14.280176197157965,0.3918512022399092,38.32,0.023156419647028414,TRUE,1332,1440,FALSE
IZTECH::IZTECH_S010::2025-04-20,IZTECH,IZTECH::IZTECH_S010,2025-04-20,0.6333333333333333,0.6333333333333333,14.320969442592727,0.4326444476746705,38.32,0.023156419647028414,TRUE,1282,1440,FALSE
IZTECH::IZTECH_S011::2025-04-15,IZTECH,IZTECH::IZTECH_S011,2025-04-15,0.48333333333333334,0.48333333333333334,14.115496115022236,0.22717112010417928,38.32,0.023156419647028414,TRUE,1440,1440,FALSE
IZTECH::IZTECH_S011::2025-04-16,IZTECH,IZTECH::IZTECH_S011,2025-04-16,0.4166666666666667,0.4166666666666667,14.15687135650052,0.26854636158246414,38.32,0.023156419647028414,TRUE,1397,1440,FALSE
IZTECH::IZTECH_S011::2025-04-17,IZTECH,IZTECH::IZTECH_S011,2025-04-17,0.3333333333333333,0.3333333333333333,14.198116571439638,0.3097915765215813,38.32,0.023156419647028414,TRUE,1440,1440,FALSE
IZTECH::IZTECH_S011::2025-04-18,IZTECH,IZTECH::IZTECH_S011,2025-04-18,0.26666666666666666,0.26666666666666666,14.239221658243073,0.3508966633250168,38.32,0.023156419647028414,TRUE,1384,1440,FALSE
IZTECH::IZTECH_S011::2025-04-19,IZTECH,IZTECH::IZTECH_S011,2025-04-19,0.7666666666666667,0.7666666666666667,14.280176197157965,0.3918512022399092,38.32,0.023156419647028414,TRUE,1440,1440,FALSE
IZTECH::IZTECH_S011::2025-04-20,IZTECH,IZTECH::IZTECH_S011,2025-04-20,0.6333333333333333,0.6333333333333333,14.320969442592727,0.4326444476746705,38.32,0.023156419647028414,TRUE,1440,1440,FALSE
IZTECH::IZTECH_S012::2025-04-22,IZTECH,IZTECH::IZTECH_S012,2025-04-22,1.35,1.35,14.402027399937312,0.5137024050192558,38.32,0.023156419647028414,TRUE,1380,1440,FALSE
IZTECH::IZTECH_S012::2025-04-23,IZTECH,IZTECH::IZTECH_S012,2025-04-23,3.466666666666667,3.466666666666667,14.442268930408689,0.5539439354906328,38.32,0.023156419647028414,TRUE,1421,1440,FALSE
IZTECH::IZTECH_S012::2025-04-24,IZTECH,IZTECH::IZTECH_S012,2025-04-24,1.1833333333333333,1.1833333333333333,14.482302793529298,0.5939777986112418,38.32,0.023156419647028414,TRUE,1440,1440,FALSE
IZTECH::IZTECH_S012::2025-04-25,IZTECH,IZTECH::IZTECH_S012,2025-04-25,3.3666666666666667,3.3666666666666667,14.522116519543859,0.6337915246258028,38.32,0.023156419647028414,TRUE,1440,1440,FALSE
IZTECH::IZTECH_S012::2025-04-26,IZTECH,IZTECH::IZTECH_S012,2025-04-26,0.2,0.2,14.561697279877134,0.6733722849590773,38.32,0.023156419647028414,TRUE,1440,1440,FALSE
IZTECH::IZTECH_S012::2025-04-27,IZTECH,IZTECH::IZTECH_S012,2025-04-27,0,0,14.60103188349141,0.7127068885733543,38.32,0.023156419647028414,TRUE,1440,1440,FALSE
IZTECH::IZTECH_S013::2025-04-22,IZTECH,IZTECH::IZTECH_S013,2025-04-22,1.9166666666666667,1.9166666666666667,14.402027399937312,0.5137024050192558,38.32,0.023156419647028414,TRUE,1400,1440,FALSE
IZTECH::IZTECH_S013::2025-04-23,IZTECH,IZTECH::IZTECH_S013,2025-04-23,0.15,0.15,14.442268930408689,0.5539439354906328,38.32,0.023156419647028414,TRUE,1440,1440,FALSE
IZTECH::IZTECH_S013::2025-04-24,IZTECH,IZTECH::IZTECH_S013,2025-04-24,0.06666666666666667,0.06666666666666667,14.482302793529298,0.5939777986112418,38.32,0.023156419647028414,TRUE,1440,1440,FALSE
IZTECH::IZTECH_S013::2025-04-25,IZTECH,IZTECH::IZTECH_S013,2025-04-25,0.9333333333333333,0.9333333333333333,14.522116519543859,0.6337915246258028,38.32,0.023156419647028414,TRUE,1440,1440,FALSE
IZTECH::IZTECH_S013::2025-04-26,IZTECH,IZTECH::IZTECH_S013,2025-04-26,0.08333333333333333,0.08333333333333333,14.561697279877134,0.6733722849590773,38.32,0.023156419647028414,TRUE,1393,1440,FALSE
IZTECH::IZTECH_S013::2025-04-27,IZTECH,IZTECH::IZTECH_S013,2025-04-27,0,0,14.60103188349141,0.7127068885733543,38.32,0.023156419647028414,TRUE,1381,1440,FALSE
IZTECH::IZTECH_S014::2025-04-29,IZTECH,IZTECH::IZTECH_S014,2025-04-29,1.0166666666666666,1.0166666666666666,14.678908035159111,0.7905830402410547,38.32,0.023156419647028414,TRUE,1413,1440,FALSE
IZTECH::IZTECH_S014::2025-04-30,IZTECH,IZTECH::IZTECH_S014,2025-04-30,3.533333333333333,3.533333333333333,14.71742137697008,0.8290963820520236,38.32,0.023156419647028414,TRUE,1379,1440,FALSE
IZTECH::IZTECH_S014::2025-05-01,IZTECH,IZTECH::IZTECH_S014,2025-05-01,1.9333333333333333,1.9333333333333333,14.755632150570552,0.8673071556524956,38.32,0.023156419647028414,TRUE,1264,1440,FALSE
IZTECH::IZTECH_S014::2025-05-02,IZTECH,IZTECH::IZTECH_S014,2025-05-02,1.3666666666666667,1.3666666666666667,14.793525343338649,0.9052003484205926,38.32,0.023156419647028414,TRUE,1306,1440,FALSE
IZTECH::IZTECH_S014::2025-05-03,IZTECH,IZTECH::IZTECH_S014,2025-05-03,1.0833333333333333,1.0833333333333333,14.831085583964983,0.9427605890469266,38.32,0.023156419647028414,TRUE,1311,1440,FALSE
IZTECH::IZTECH_S014::2025-05-04,IZTECH,IZTECH::IZTECH_S014,2025-05-04,2,2,14.868297146558762,0.9799721516407054,38.32,0.023156419647028414,TRUE,1440,1440,FALSE
IZTECH::IZTECH_S015::2025-04-29,IZTECH,IZTECH::IZTECH_S015,2025-04-29,0.38333333333333336,0.38333333333333336,14.678908035159111,0.7905830402410547,38.32,0.023156419647028414,TRUE,1403,1440,FALSE
IZTECH::IZTECH_S015::2025-04-30,IZTECH,IZTECH::IZTECH_S015,2025-04-30,0.13333333333333333,0.13333333333333333,14.71742137697008,0.8290963820520236,38.32,0.023156419647028414,TRUE,1380,1440,FALSE
IZTECH::IZTECH_S015::2025-05-01,IZTECH,IZTECH::IZTECH_S015,2025-05-01,0.3,0.3,14.755632150570552,0.8673071556524956,38.32,0.023156419647028414,TRUE,1297,1440,FALSE
IZTECH::IZTECH_S015::2025-05-02,IZTECH,IZTECH::IZTECH_S015,2025-05-02,0.016666666666666666,0.016666666666666666,14.793525343338649,0.9052003484205926,38.32,0.023156419647028414,TRUE,1372,1440,FALSE
IZTECH::IZTECH_S015::2025-05-03,IZTECH,IZTECH::IZTECH_S015,2025-05-03,0.9,0.9,14.831085583964983,0.9427605890469266,38.32,0.023156419647028414,TRUE,1360,1440,FALSE
IZTECH::IZTECH_S015::2025-05-04,IZTECH,IZTECH::IZTECH_S015,2025-05-04,1.5666666666666667,1.5666666666666667,14.868297146558762,0.9799721516407054,38.32,0.023156419647028414,TRUE,1395,1440,FALSE
IZTECH::IZTECH_S016::2025-05-06,IZTECH,IZTECH::IZTECH_S016,2025-05-06,0.3333333333333333,0.3333333333333333,14.941609600252576,1.05328460533452,38.32,0.023156419647028414,TRUE,1440,1440,FALSE
IZTECH::IZTECH_S016::2025-05-07,IZTECH,IZTECH::IZTECH_S016,2025-05-07,0.06666666666666667,0.06666666666666667,14.97767732905017,1.0893523341321139,38.32,0.023156419647028414,TRUE,1322,1440,FALSE
IZTECH::IZTECH_S016::2025-05-08,IZTECH,IZTECH::IZTECH_S016,2025-05-08,0.11666666666666667,0.11666666666666667,15.013330074350039,1.1250050794319826,38.32,0.023156419647028414,TRUE,1281,1440,FALSE
IZTECH::IZTECH_S016::2025-05-09,IZTECH,IZTECH::IZTECH_S016,2025-05-09,0.6666666666666666,0.6666666666666666,15.048550457292134,1.1602254623740773,38.32,0.023156419647028414,TRUE,1440,1440,FALSE
IZTECH::IZTECH_S016::2025-05-10,IZTECH,IZTECH::IZTECH_S016,2025-05-10,0.5166666666666667,0.5166666666666667,15.083320802648862,1.1949958077308054,38.32,0.023156419647028414,TRUE,1419,1440,FALSE
IZTECH::IZTECH_S016::2025-05-11,IZTECH,IZTECH::IZTECH_S016,2025-05-11,0.016666666666666666,0.016666666666666666,15.117623154189852,1.2292981592717958,38.32,0.023156419647028414,TRUE,1440,1440,FALSE
IZTECH::IZTECH_S017::2025-05-27,IZTECH,IZTECH::IZTECH_S017,2025-05-27,0.05,0.05,15.587403438157505,1.6990784432394488,38.32,0.023156419647028414,TRUE,1418,1440,FALSE
IZTECH::IZTECH_S017::2025-05-28,IZTECH,IZTECH::IZTECH_S017,2025-05-28,1.6166666666666667,1.6166666666666667,15.610839857392842,1.7225148624747852,38.32,0.023156419647028414,TRUE,1440,1440,FALSE
IZTECH::IZTECH_S017::2025-05-29,IZTECH,IZTECH::IZTECH_S017,2025-05-29,2.0833333333333335,2.0833333333333335,15.633464889923731,1.745139895005675,38.32,0.023156419647028414,TRUE,1440,1440,FALSE
IZTECH::IZTECH_S017::2025-05-30,IZTECH,IZTECH::IZTECH_S017,2025-05-30,3,3,15.65526044540935,1.7669354504912942,38.32,0.023156419647028414,TRUE,1440,1440,FALSE
IZTECH::IZTECH_S017::2025-05-31,IZTECH,IZTECH::IZTECH_S017,2025-05-31,1.2833333333333334,1.2833333333333334,15.676208808090951,1.7878838131728951,38.32,0.023156419647028414,TRUE,1440,1440,FALSE
IZTECH::IZTECH_S017::2025-06-01,IZTECH,IZTECH::IZTECH_S017,2025-06-01,0.11666666666666667,0.11666666666666667,15.696292682422532,1.8079676875044761,38.32,0.023156419647028414,TRUE,1440,1440,FALSE
KNUST::KNUST_S001::2024-10-08,KNUST,KNUST::KNUST_S001,2024-10-08,0.7166666666666667,0.7166666666666667,12.71061712841193,-1.1777078665061271,6.6750074282377385,-3.141342837529198,TRUE,1440,1440,FALSE
KNUST::KNUST_S001::2024-10-09,KNUST,KNUST::KNUST_S001,2024-10-09,0.85,0.85,12.705258833169937,-1.183066161748119,6.6750074282377385,-3.141342837529198,TRUE,1440,1440,FALSE
KNUST::KNUST_S001::2024-10-10,KNUST,KNUST::KNUST_S001,2024-10-10,0.65,0.65,12.699951587319374,-1.1883734075986823,6.6750074282377385,-3.141342837529198,TRUE,1170,1440,FALSE
KNUST::KNUST_S001::2024-10-11,KNUST,KNUST::KNUST_S001,2024-10-11,0.9833333333333333,0.9833333333333333,12.694696087572309,-1.1936289073457473,6.6750074282377385,-3.141342837529198,TRUE,1247,1440,FALSE
KNUST::KNUST_S001::2024-10-12,KNUST,KNUST::KNUST_S001,2024-10-12,0.38333333333333336,0.38333333333333336,12.689493022296164,-1.1988319726218926,6.6750074282377385,-3.141342837529198,TRUE,1368,1440,FALSE
KNUST::KNUST_S001::2024-10-13,KNUST,KNUST::KNUST_S001,2024-10-13,0.016666666666666666,0.016666666666666666,12.684343072573343,-1.2039819223447132,6.6750074282377385,-3.141342837529198,TRUE,1420,1440,FALSE
KNUST::KNUST_S002::2024-10-15,KNUST,KNUST::KNUST_S002,2024-10-15,0,0,12.674205210341347,-1.2141197845767095,6.6750074282377385,-3.141342837529198,TRUE,1325,1440,FALSE
KNUST::KNUST_S002::2024-10-16,KNUST,KNUST::KNUST_S002,2024-10-16,0.3333333333333333,0.3333333333333333,12.66921862827407,-1.2191063666439863,6.6750074282377385,-3.141342837529198,TRUE,1298,1440,FALSE
KNUST::KNUST_S002::2024-10-17,KNUST,KNUST::KNUST_S002,2024-10-17,1.05,1.05,12.664287823637327,-1.2240371712807292,6.6750074282377385,-3.141342837529198,TRUE,1278,1440,FALSE
KNUST::KNUST_S002::2024-10-18,KNUST,KNUST::KNUST_S002,2024-10-18,1.8166666666666667,1.8166666666666667,12.659413449234433,-1.2289115456836228,6.6750074282377385,-3.141342837529198,TRUE,1305,1440,FALSE
KNUST::KNUST_S002::2024-10-19,KNUST,KNUST::KNUST_S002,2024-10-19,1.2666666666666666,1.2666666666666666,12.654596153762606,-1.2337288411554503,6.6750074282377385,-3.141342837529198,TRUE,1374,1440,FALSE
KNUST::KNUST_S002::2024-10-20,KNUST,KNUST::KNUST_S002,2024-10-20,0.2,0.2,12.64983658240901,-1.2384884125090458,6.6750074282377385,-3.141342837529198,TRUE,1427,1440,FALSE
KNUST::KNUST_S003::2024-10-22,KNUST,KNUST::KNUST_S003,2024-10-22,1.0833333333333333,1.0833333333333333,12.640493177175522,-1.2478318177425347,6.6750074282377385,-3.141342837529198,TRUE,1332,1440,FALSE
KNUST::KNUST_S003::2024-10-23,KNUST,KNUST::KNUST_S003,2024-10-23,1.2333333333333334,1.2333333333333334,12.63591061969598,-1.2524143752220755,6.6750074282377385,-3.141342837529198,TRUE,1327,1440,FALSE
KNUST::KNUST_S003::2024-10-24,KNUST,KNUST::KNUST_S003,2024-10-24,0.11666666666666667,0.11666666666666667,12.6313883396652,-1.256936655252856,6.6750074282377385,-3.141342837529198,TRUE,1303,1440,FALSE
KNUST::KNUST_S003::2024-10-25,KNUST,KNUST::KNUST_S003,2024-10-25,1.45,1.45,12.626926970415646,-1.2613980245024106,6.6750074282377385,-3.141342837529198,TRUE,1309,1440,FALSE
KNUST::KNUST_S003::2024-10-26,KNUST,KNUST::KNUST_S003,2024-10-26,0.2,0.2,12.622527143955232,-1.2657978509628247,6.6750074282377385,-3.141342837529198,TRUE,1272,1440,FALSE
KNUST::KNUST_S003::2024-10-27,KNUST,KNUST::KNUST_S003,2024-10-27,0.6,0.6,12.618189491497146,-1.27013550342091,6.6750074282377385,-3.141342837529198,TRUE,1390,1440,FALSE
KNUST::KNUST_S004::2024-10-29,KNUST,KNUST::KNUST_S004,2024-10-29,1.7166666666666666,1.7166666666666666,12.609703228473663,-1.2786217664443935,6.6750074282377385,-3.141342837529198,TRUE,1440,1440,FALSE
KNUST::KNUST_S004::2024-10-30,KNUST,KNUST::KNUST_S004,2024-10-30,1.1333333333333333,1.1333333333333333,12.605555876758363,-1.2827691181596936,6.6750074282377385,-3.141342837529198,TRUE,1345,1440,FALSE
KNUST::KNUST_S004::2024-10-31,KNUST,KNUST::KNUST_S004,2024-10-31,1.6833333333333333,1.6833333333333333,12.601473216944271,-1.2868517779737854,6.6750074282377385,-3.141342837529198,TRUE,1337,1440,FALSE
KNUST::KNUST_S004::2024-11-01,KNUST,KNUST::KNUST_S004,2024-11-01,1.5833333333333333,1.5833333333333333,12.597455877727933,-1.2908691171901232,6.6750074282377385,-3.141342837529198,TRUE,1393,1440,FALSE
KNUST::KNUST_S004::2024-11-02,KNUST,KNUST::KNUST_S004,2024-11-02,0.45,0.45,12.593504488004578,-1.294820506913478,6.6750074282377385,-3.141342837529198,TRUE,1396,1440,FALSE
KNUST::KNUST_S004::2024-11-03,KNUST,KNUST::KNUST_S004,2024-11-03,1.0666666666666667,1.0666666666666667,12.589619676470756,-1.2987053184473005,6.6750074282377385,-3.141342837529198,TRUE,1385,1440,FALSE
KNUST::KNUST_S005::2024-11-05,KNUST,KNUST::KNUST_S005,2024-11-05,0.03333333333333333,0.03333333333333333,12.582052303089036,-1.3062726918290206,6.6750074282377385,-3.141342837529198,TRUE,1440,1440,FALSE
KNUST::KNUST_S005::2024-11-06,KNUST,KNUST::KNUST_S005,2024-11-06,1.2833333333333334,1.2833333333333334,12.578370998766687,-1.3099539961513695,6.6750074282377385,-3.141342837529198,TRUE,1430,1440,FALSE
KNUST::KNUST_S005::2024-11-07,KNUST,KNUST::KNUST_S005,2024-11-07,1.0333333333333334,1.0333333333333334,12.57475878742006,-1.3135662074979955,6.6750074282377385,-3.141342837529198,TRUE,1312,1440,FALSE
KNUST::KNUST_S005::2024-11-08,KNUST,KNUST::KNUST_S005,2024-11-08,0,0,12.571216297215885,-1.3171086977021709,6.6750074282377385,-3.141342837529198,TRUE,1380,1440,FALSE
KNUST::KNUST_S005::2024-11-09,KNUST,KNUST::KNUST_S005,2024-11-09,0.15,0.15,12.56774415632089,-1.3205808385971665,6.6750074282377385,-3.141342837529198,TRUE,1360,1440,FALSE
KNUST::KNUST_S005::2024-11-10,KNUST,KNUST::KNUST_S005,2024-11-10,1.25,1.25,12.56434299170971,-1.3239820032083465,6.6750074282377385,-3.141342837529198,TRUE,1340,1440,FALSE
KNUST::KNUST_S006::2024-11-12,KNUST,KNUST::KNUST_S006,2024-11-12,2.8666666666666667,2.8666666666666667,12.557756095329921,-1.330568899588135,6.6750074282377385,-3.141342837529198,TRUE,1350,1440,FALSE
KNUST::KNUST_S006::2024-11-13,KNUST,KNUST::KNUST_S006,2024-11-13,0.03333333333333333,0.03333333333333333,12.55457161227862,-1.3337533826394363,6.6750074282377385,-3.141342837529198,TRUE,1356,1440,FALSE
KNUST::KNUST_S006::2024-11-14,KNUST,KNUST::KNUST_S006,2024-11-14,0.5166666666666667,0.5166666666666667,12.55146060248216,-1.3368643924358956,6.6750074282377385,-3.141342837529198,TRUE,1320,1440,FALSE
KNUST::KNUST_S006::2024-11-15,KNUST,KNUST::KNUST_S006,2024-11-15,0.48333333333333334,0.48333333333333334,12.548423685232798,-1.3399013096852581,6.6750074282377385,-3.141342837529198,TRUE,1327,1440,FALSE
KNUST::KNUST_S006::2024-11-16,KNUST,KNUST::KNUST_S006,2024-11-16,0.7,0.7,12.545461477438609,-1.3428635174794472,6.6750074282377385,-3.141342837529198,TRUE,1285,1440,FALSE
KNUST::KNUST_S006::2024-11-17,KNUST,KNUST::KNUST_S006,2024-11-17,0.9833333333333333,0.9833333333333333,12.542574592497614,-1.3457504024204425,6.6750074282377385,-3.141342837529198,TRUE,1256,1440,FALSE
KNUST::KNUST_S007::2024-11-19,KNUST,KNUST::KNUST_S007,2024-11-19,3.2333333333333334,3.2333333333333334,12.53702922715081,-1.3512957677672457,6.6750074282377385,-3.141342837529198,TRUE,1290,1440,FALSE
KNUST::KNUST_S007::2024-11-20,KNUST,KNUST::KNUST_S007,2024-11-20,0.8,0.8,12.534371952944332,-1.3539530419737247,6.6750074282377385,-3.141342837529198,TRUE,1437,1440,FALSE
KNUST::KNUST_S007::2024-11-21,KNUST,KNUST::KNUST_S007,2024-11-21,2.75,2.75,12.531792413393656,-1.3565325815243998,6.6750074282377385,-3.141342837529198,TRUE,1364,1440,FALSE
KNUST::KNUST_S007::2024-11-22,KNUST,KNUST::KNUST_S007,2024-11-22,2.6333333333333333,2.6333333333333333,12.529291197525131,-1.3590337973929252,6.6750074282377385,-3.141342837529198,TRUE,1361,1440,FALSE
KNUST::KNUST_S008::2024-11-27,KNUST,KNUST::KNUST_S008,2024-11-27,1.2333333333333334,1.2333333333333334,12.517980072233412,-1.3703449226846445,6.6750074282377385,-3.141342837529198,TRUE,1192,1440,FALSE
KNUST::KNUST_S008::2024-11-28,KNUST,KNUST::KNUST_S008,2024-11-28,0.5666666666666667,0.5666666666666667,12.515960734354126,-1.3723642605639306,6.6750074282377385,-3.141342837529198,TRUE,1332,1440,FALSE
KNUST::KNUST_S008::2024-11-29,KNUST,KNUST::KNUST_S008,2024-11-29,1.0833333333333333,1.0833333333333333,12.514023609823651,-1.3743013850944052,6.6750074282377385,-3.141342837529198,TRUE,1285,1440,FALSE
KNUST::KNUST_S008::2024-11-30,KNUST,KNUST::KNUST_S008,2024-11-30,0,0,12.512169211175706,-1.37615578374235,6.6750074282377385,-3.141342837529198,TRUE,1387,1440,FALSE
KNUST::KNUST_S008::2024-12-01,KNUST,KNUST::KNUST_S008,2024-12-01,1.4166666666666667,1.4166666666666667,12.510398037830988,-1.3779269570870678,6.6750074282377385,-3.141342837529198,TRUE,1401,1440,FALSE
KNUST::KNUST_S009::2024-12-03,KNUST,KNUST::KNUST_S009,2024-12-03,0.9666666666666667,0.9666666666666667,12.507107292148802,-1.3812177027692538,6.6750074282377385,-3.141342837529198,TRUE,1369,1440,FALSE
KNUST::KNUST_S009::2024-12-04,KNUST,KNUST::KNUST_S009,2024-12-04,1.4833333333333334,1.4833333333333334,12.505588644080692,-1.382736350837364,6.6750074282377385,-3.141342837529198,TRUE,1410,1440,FALSE
KNUST::KNUST_S009::2024-12-05,KNUST,KNUST::KNUST_S009,2024-12-05,3.066666666666667,3.066666666666667,12.50415506793393,-1.3841699269841268,6.6750074282377385,-3.141342837529198,TRUE,1358,1440,FALSE
KNUST::KNUST_S009::2024-12-06,KNUST,KNUST::KNUST_S009,2024-12-06,1.25,1.25,12.50280698345767,-1.3855180114603858,6.6750074282377385,-3.141342837529198,TRUE,1406,1440,FALSE
KNUST::KNUST_S009::2024-12-07,KNUST,KNUST::KNUST_S009,2024-12-07,0.23333333333333334,0.23333333333333334,12.501544791857402,-1.3867802030606544,6.6750074282377385,-3.141342837529198,TRUE,1399,1440,FALSE
KNUST::KNUST_S009::2024-12-08,KNUST,KNUST::KNUST_S009,2024-12-08,0.9833333333333333,0.9833333333333333,12.500368875066439,-1.3879561198516175,6.6750074282377385,-3.141342837529198,TRUE,1395,1440,FALSE
KNUST::KNUST_S010::2024-12-10,KNUST,KNUST::KNUST_S010,2024-12-10,0,0,12.498277292450268,-1.390047702467788,6.6750074282377385,-3.141342837529198,TRUE,1338,1440,FALSE
KNUST::KNUST_S010::2024-12-11,KNUST,KNUST::KNUST_S010,2024-12-11,0.35,0.35,12.49736228691207,-1.3909627080059863,6.6750074282377385,-3.141342837529198,TRUE,1288,1440,FALSE
KNUST::KNUST_S010::2024-12-12,KNUST,KNUST::KNUST_S010,2024-12-12,1.4166666666666667,1.4166666666666667,12.496534875300195,-1.3917901196178608,6.6750074282377385,-3.141342837529198,TRUE,1401,1440,FALSE
KNUST::KNUST_S010::2024-12-13,KNUST,KNUST::KNUST_S010,2024-12-13,0.016666666666666666,0.016666666666666666,12.495795331663556,-1.3925296632545,6.6750074282377385,-3.141342837529198,TRUE,1440,1440,FALSE
KNUST::KNUST_S010::2024-12-14,KNUST,KNUST::KNUST_S010,2024-12-14,0.7,0.7,12.495143906407886,-1.39318108851017,6.6750074282377385,-3.141342837529198,TRUE,1373,1440,FALSE
KNUST::KNUST_S010::2024-12-15,KNUST,KNUST::KNUST_S010,2024-12-15,0.55,0.55,12.494580825832156,-1.3937441690859007,6.6750074282377385,-3.141342837529198,TRUE,1369,1440,FALSE
KNUST::KNUST_S011::2024-12-17,KNUST,KNUST::KNUST_S011,2024-12-17,4.55,4.55,12.493720479806264,-1.3946045151117925,6.6750074282377385,-3.141342837529198,TRUE,1362,1440,FALSE
KNUST::KNUST_S011::2024-12-18,KNUST,KNUST::KNUST_S011,2024-12-18,3.0166666666666666,3.0166666666666666,12.493423541718059,-1.3949014531999975,6.6750074282377385,-3.141342837529198,TRUE,1392,1440,FALSE
KNUST::KNUST_S011::2024-12-19,KNUST,KNUST::KNUST_S011,2024-12-19,1.1,1.1,12.493215602106519,-1.3951093928115377,6.6750074282377385,-3.141342837529198,TRUE,1348,1440,FALSE
KNUST::KNUST_S011::2024-12-20,KNUST,KNUST::KNUST_S011,2024-12-20,1.2,1.2,12.49309675971667,-1.3952282352013867,6.6750074282377385,-3.141342837529198,TRUE,1417,1440,FALSE
KNUST::KNUST_S011::2024-12-21,KNUST,KNUST::KNUST_S011,2024-12-21,0,0,12.493067087067498,-1.3952579078505583,6.6750074282377385,-3.141342837529198,TRUE,1421,1440,FALSE
KNUST::KNUST_S011::2024-12-22,KNUST,KNUST::KNUST_S011,2024-12-22,0,0,12.493126629855897,-1.3951983650621589,6.6750074282377385,-3.141342837529198,TRUE,1440,1440,FALSE
KNUST::KNUST_S012::2025-01-07,KNUST,KNUST::KNUST_S012,2025-01-07,0.5833333333333334,0.5833333333333334,12.50614821129375,-1.3821767836243062,6.6750074282377385,-3.141342837529198,TRUE,1355,1440,FALSE
KNUST::KNUST_S012::2025-01-08,KNUST,KNUST::KNUST_S012,2025-01-08,2.35,2.35,12.507706261078516,-1.3806187338395404,6.6750074282377385,-3.141342837529198,TRUE,1393,1440,FALSE
KNUST::KNUST_S012::2025-01-09,KNUST,KNUST::KNUST_S012,2025-01-09,0.08333333333333333,0.08333333333333333,12.509350015123685,-1.3789749797943713,6.6750074282377385,-3.141342837529198,TRUE,1440,1440,FALSE
KNUST::KNUST_S012::2025-01-10,KNUST,KNUST::KNUST_S012,2025-01-10,2.433333333333333,2.433333333333333,12.51107906738917,-1.377245927528886,6.6750074282377385,-3.141342837529198,TRUE,1440,1440,FALSE
KNUST::KNUST_S012::2025-01-11,KNUST,KNUST::KNUST_S012,2025-01-11,1.3166666666666667,1.3166666666666667,12.512892994681994,-1.3754320002360618,6.6750074282377385,-3.141342837529198,TRUE,1440,1440,FALSE
KNUST::KNUST_S012::2025-01-12,KNUST,KNUST::KNUST_S012,2025-01-12,4.15,4.15,12.51479135685497,-1.373533638063087,6.6750074282377385,-3.141342837529198,TRUE,1440,1440,FALSE
KNUST::KNUST_S013::2025-01-14,KNUST,KNUST::KNUST_S013,2025-01-14,1.5,1.5,12.518839546640715,-1.3694854482773415,6.6750074282377385,-3.141342837529198,TRUE,1279,1440,FALSE
KNUST::KNUST_S013::2025-01-15,KNUST,KNUST::KNUST_S013,2025-01-15,0.9166666666666666,0.9166666666666666,12.520988418327438,-1.3673365765906187,6.6750074282377385,-3.141342837529198,TRUE,1440,1440,FALSE
KNUST::KNUST_S013::2025-01-16,KNUST,KNUST::KNUST_S013,2025-01-16,0.8833333333333333,0.8833333333333333,12.523219814168081,-1.3651051807499748,6.6750074282377385,-3.141342837529198,TRUE,1440,1440,FALSE
KNUST::KNUST_S013::2025-01-17,KNUST,KNUST::KNUST_S013,2025-01-17,2.3,2.3,12.525533223284615,-1.3627917716334412,6.6750074282377385,-3.141342837529198,TRUE,1438,1440,FALSE
KNUST::KNUST_S014::2025-01-21,KNUST,KNUST::KNUST_S014,2025-01-21,0.7666666666666667,0.7666666666666667,12.535596380896038,-1.352728614022018,6.6750074282377385,-3.141342837529198,TRUE,1415,1440,FALSE
KNUST::KNUST_S014::2025-01-22,KNUST,KNUST::KNUST_S014,2025-01-22,1.2166666666666666,1.2166666666666666,12.53831181022856,-1.3500131846894963,6.6750074282377385,-3.141342837529198,TRUE,1437,1440,FALSE
KNUST::KNUST_S014::2025-01-23,KNUST,KNUST::KNUST_S014,2025-01-23,0.85,0.85,12.541105968819725,-1.3472190260983314,6.6750074282377385,-3.141342837529198,TRUE,1400,1440,FALSE
KNUST::KNUST_S014::2025-01-24,KNUST,KNUST::KNUST_S014,2025-01-24,0,0,12.54397827969657,-1.3443467152214854,6.6750074282377385,-3.141342837529198,TRUE,1415,1440,FALSE
KNUST::KNUST_S014::2025-01-25,KNUST,KNUST::KNUST_S014,2025-01-25,0.65,0.65,12.546928159528308,-1.341396835389748,6.6750074282377385,-3.141342837529198,TRUE,1439,1440,FALSE
KNUST::KNUST_S014::2025-01-26,KNUST,KNUST::KNUST_S014,2025-01-26,0.5,0.5,12.549955018825,-1.3383699760930554,6.6750074282377385,-3.141342837529198,TRUE,1440,1440,FALSE
KNUST::KNUST_S015::2025-01-28,KNUST,KNUST::KNUST_S015,2025-01-28,0.7166666666666667,0.7166666666666667,12.556237291826141,-1.332087703091915,6.6750074282377385,-3.141342837529198,TRUE,1292,1440,FALSE
KNUST::KNUST_S015::2025-01-29,KNUST,KNUST::KNUST_S015,2025-01-29,2.35,2.35,12.55949150145054,-1.328833493467517,6.6750074282377385,-3.141342837529198,TRUE,1387,1440,FALSE
KNUST::KNUST_S015::2025-01-30,KNUST,KNUST::KNUST_S015,2025-01-30,0.7833333333333333,0.7833333333333333,12.562820283836789,-1.3255047110812672,6.6750074282377385,-3.141342837529198,TRUE,1439,1440,FALSE
KNUST::KNUST_S015::2025-01-31,KNUST,KNUST::KNUST_S015,2025-01-31,2,2,12.56622302737501,-1.3221019675430465,6.6750074282377385,-3.141342837529198,TRUE,1348,1440,FALSE
KNUST::KNUST_S015::2025-02-01,KNUST,KNUST::KNUST_S015,2025-02-01,1.5,1.5,12.569699117210176,-1.3186258777078805,6.6750074282377385,-3.141342837529198,TRUE,1330,1440,FALSE
RISE::RISE_S001::2025-03-04,RISE,RISE::RISE_S001,2025-03-04,1.0666666666666667,1.0666666666666667,12.179657288326158,-1.708667706591898,57.715675,1.9627239196470283,TRUE,1381,1440,FALSE
RISE::RISE_S001::2025-03-05,RISE,RISE::RISE_S001,2025-03-05,0.06666666666666667,0.06666666666666667,12.261009983155462,-1.6273150117625939,57.715675,1.9627239196470283,TRUE,1406,1440,FALSE
RISE::RISE_S001::2025-03-06,RISE,RISE::RISE_S001,2025-03-06,1.3333333333333333,1.3333333333333333,12.34262978831927,-1.5456952065987863,57.715675,1.9627239196470283,TRUE,1399,1440,FALSE
RISE::RISE_S001::2025-03-07,RISE,RISE::RISE_S001,2025-03-07,2.15,2.15,12.424510966539383,-1.463814028378673,57.715675,1.9627239196470283,TRUE,1320,1440,FALSE
RISE::RISE_S001::2025-03-08,RISE,RISE::RISE_S001,2025-03-08,1.0833333333333333,1.0833333333333333,12.506648212075234,-1.3816767828428222,57.715675,1.9627239196470283,TRUE,1261,1440,FALSE
RISE::RISE_S001::2025-03-09,RISE,RISE::RISE_S001,2025-03-09,2.816666666666667,2.816666666666667,12.58903662721316,-1.2992883677048965,57.715675,1.9627239196470283,TRUE,1440,1440,FALSE
RISE::RISE_S002::2025-03-18,RISE,RISE::RISE_S002,2025-03-18,0.7,0.7,13.341199753284455,-0.5471252416336014,57.715675,1.9627239196470283,TRUE,1395,1440,FALSE
RISE::RISE_S002::2025-03-19,RISE,RISE::RISE_S002,2025-03-19,0.6333333333333333,0.6333333333333333,13.42590415040652,-0.4624208445115361,57.715675,1.9627239196470283,TRUE,1363,1440,FALSE
RISE::RISE_S002::2025-03-20,RISE,RISE::RISE_S002,2025-03-20,0.8,0.8,13.510826363431082,-0.37749863148697393,57.715675,1.9627239196470283,TRUE,1337,1440,FALSE
RISE::RISE_S002::2025-03-21,RISE,RISE::RISE_S002,2025-03-21,0.6666666666666666,0.6666666666666666,13.595964657399389,-0.29236033751866763,57.715675,1.9627239196470283,TRUE,1440,1440,FALSE
RISE::RISE_S002::2025-03-22,RISE,RISE::RISE_S002,2025-03-22,0.26666666666666666,0.26666666666666666,13.68131742046939,-0.20700757444866547,57.715675,1.9627239196470283,TRUE,1440,1440,FALSE
RISE::RISE_S002::2025-03-23,RISE,RISE::RISE_S002,2025-03-23,0.5333333333333333,0.5333333333333333,13.766883142524295,-0.1214418523937617,57.715675,1.9627239196470283,TRUE,1405,1440,FALSE
RISE::RISE_S003::2025-03-18,RISE,RISE::RISE_S003,2025-03-18,0.7,0.7,13.341199753284455,-0.5471252416336014,57.715675,1.9627239196470283,TRUE,1422,1440,FALSE
RISE::RISE_S003::2025-03-19,RISE,RISE::RISE_S003,2025-03-19,1.1,1.1,13.42590415040652,-0.4624208445115361,57.715675,1.9627239196470283,TRUE,1440,1440,FALSE
RISE::RISE_S003::2025-03-20,RISE,RISE::RISE_S003,2025-03-20,1.6666666666666667,1.6666666666666667,13.510826363431082,-0.37749863148697393,57.715675,1.9627239196470283,TRUE,1342,1440,FALSE
RISE::RISE_S003::2025-03-21,RISE,RISE::RISE_S003,2025-03-21,1.4,1.4,13.595964657399389,-0.29236033751866763,57.715675,1.9627239196470283,TRUE,1439,1440,FALSE
RISE::RISE_S003::2025-03-22,RISE,RISE::RISE_S003,2025-03-22,2.466666666666667,2.466666666666667,13.68131742046939,-0.20700757444866547,57.715675,1.9627239196470283,TRUE,1329,1440,FALSE
RISE::RISE_S003::2025-03-23,RISE,RISE::RISE_S003,2025-03-23,0.18333333333333332,0.18333333333333332,13.766883142524295,-0.1214418523937617,57.715675,1.9627239196470283,TRUE,1440,1440,FALSE
RISE::RISE_S004::2025-03-25,RISE,RISE::RISE_S004,2025-03-25,0.4,0.4,13.938647803200615,0.05032280828255864,57.715675,1.9627239196470283,TRUE,1440,1440,FALSE
RISE::RISE_S004::2025-03-26,RISE,RISE::RISE_S004,2025-03-26,5.166666666666667,5.166666666666667,14.024844036764568,0.13651904184651187,57.715675,1.9627239196470283,TRUE,1390,1440,FALSE
RISE::RISE_S004::2025-03-27,RISE,RISE::RISE_S004,2025-03-27,0.23333333333333334,0.23333333333333334,14.111247775289748,0.22292278037169133,57.715675,1.9627239196470283,TRUE,1440,1440,FALSE
RISE::RISE_S004::2025-03-28,RISE,RISE::RISE_S004,2025-03-28,0.5833333333333334,0.5833333333333334,14.19785769297017,0.3095326980521129,57.715675,1.9627239196470283,TRUE,1434,1440,FALSE
RISE::RISE_S004::2025-03-29,RISE,RISE::RISE_S004,2025-03-29,3.9166666666666665,3.9166666666666665,14.284672434462442,0.39634743954438534,57.715675,1.9627239196470283,TRUE,1440,1440,FALSE
RISE::RISE_S004::2025-03-30,RISE,RISE::RISE_S004,2025-03-30,0.5,0.5,14.371690592434671,0.4833655975166149,57.715675,1.9627239196470283,TRUE,1320,1380,FALSE
RISE::RISE_S005::2025-04-01,RISE,RISE::RISE_S005,2025-04-01,2.066666666666667,2.066666666666667,14.54633112874296,0.6580061338249035,57.715675,1.9627239196470283,TRUE,1398,1440,FALSE
RISE::RISE_S005::2025-04-02,RISE,RISE::RISE_S005,2025-04-02,2,2,14.633950222267044,0.7456252273489881,57.715675,1.9627239196470283,TRUE,1425,1440,FALSE
RISE::RISE_S005::2025-04-03,RISE,RISE::RISE_S005,2025-04-03,2.8833333333333333,2.8833333333333333,14.721766114168696,0.8334411192506401,57.715675,1.9627239196470283,TRUE,1422,1440,FALSE
RISE::RISE_S005::2025-04-04,RISE,RISE::RISE_S005,2025-04-04,1.6666666666666667,1.6666666666666667,14.809776781466272,0.9214517865482161,57.715675,1.9627239196470283,TRUE,1440,1440,FALSE
RISE::RISE_S005::2025-04-05,RISE,RISE::RISE_S005,2025-04-05,1.6833333333333333,1.6833333333333333,14.897980003555615,1.0096550086375586,57.715675,1.9627239196470283,TRUE,1440,1440,FALSE
RISE::RISE_S005::2025-04-06,RISE,RISE::RISE_S005,2025-04-06,0.65,0.65,14.986373335785336,1.0980483408672796,57.715675,1.9627239196470283,TRUE,1331,1440,FALSE
RISE::RISE_S006::2025-04-15,RISE,RISE::RISE_S006,2025-04-15,1.9166666666666667,1.9166666666666667,15.78991743306319,1.9015924381451335,57.715675,1.9627239196470283,TRUE,1411,1440,FALSE
RISE::RISE_S006::2025-04-16,RISE,RISE::RISE_S006,2025-04-16,0.95,0.95,15.880007472435633,1.9916824775175765,57.715675,1.9627239196470283,TRUE,1440,1440,FALSE
RISE::RISE_S006::2025-04-17,RISE,RISE::RISE_S006,2025-04-17,2.8,2.8,15.970237473911709,2.0819124789936527,57.715675,1.9627239196470283,TRUE,1408,1440,FALSE
RISE::RISE_S006::2025-04-18,RISE,RISE::RISE_S006,2025-04-18,3.6666666666666665,3.6666666666666665,16.060599889622793,2.172274894704737,57.715675,1.9627239196470283,TRUE,1440,1440,FALSE
RISE::RISE_S006::2025-04-19,RISE,RISE::RISE_S006,2025-04-19,0,0,16.15108650598261,2.2627615110645554,57.715675,1.9627239196470283,TRUE,1278,1440,FALSE
RISE::RISE_S006::2025-04-20,RISE,RISE::RISE_S006,2025-04-20,0.31666666666666665,0.31666666666666665,16.241688398917518,2.3533634039994613,57.715675,1.9627239196470283,TRUE,1440,1440,FALSE
RISE::RISE_S007::2025-04-15,RISE,RISE::RISE_S007,2025-04-15,4.85,4.85,15.78991743306319,1.9015924381451335,57.715675,1.9627239196470283,TRUE,1440,1440,FALSE
RISE::RISE_S007::2025-04-16,RISE,RISE::RISE_S007,2025-04-16,2.816666666666667,2.816666666666667,15.880007472435633,1.9916824775175765,57.715675,1.9627239196470283,TRUE,1349,1440,FALSE
RISE::RISE_S007::2025-04-17,RISE,RISE::RISE_S007,2025-04-17,1.4,1.4,15.970237473911709,2.0819124789936527,57.715675,1.9627239196470283,TRUE,1431,1440,FALSE
RISE::RISE_S007::2025-04-18,RISE,RISE::RISE_S007,2025-04-18,5.466666666666667,5.466666666666667,16.060599889622793,2.172274894704737,57.715675,1.9627239196470283,TRUE,1440,1440,FALSE
RISE::RISE_S007::2025-04-19,RISE,RISE::RISE_S007,2025-04-19,1.9166666666666667,1.9166666666666667,16.15108650598261,2.2627615110645554,57.715675,1.9627239196470283,TRUE,1399,1440,FALSE
RISE::RISE_S007::2025-04-20,RISE,RISE::RISE_S007,2025-04-20,2.55,2.55,16.241688398917518,2.3533634039994613,57.715675,1.9627239196470283,TRUE,1430,1440,FALSE
RISE::RISE_S008::2025-04-29,RISE,RISE::RISE_S008,2025-04-29,3.0166666666666666,3.0166666666666666,17.06040390630563,3.1720789113875743,57.715675,1.9627239196470283,TRUE,1440,1440,FALSE
RISE::RISE_S008::2025-04-30,RISE,RISE::RISE_S008,2025-04-30,5.566666666666666,5.566666666666666,17.151474550233946,3.2631495553158896,57.715675,1.9627239196470283,TRUE,1305,1440,FALSE
RISE::RISE_S008::2025-05-01,RISE,RISE::RISE_S008,2025-05-01,8.516666666666667,8.516666666666667,17.242500105102856,3.3541751101847996,57.715675,1.9627239196470283,TRUE,1440,1440,FALSE
RISE::RISE_S008::2025-05-02,RISE,RISE::RISE_S008,2025-05-02,4.833333333333333,4.833333333333333,17.33345867547724,3.4451336805591826,57.715675,1.9627239196470283,TRUE,1440,1440,FALSE
RISE::RISE_S008::2025-05-03,RISE,RISE::RISE_S008,2025-05-03,4.6,4.6,17.424326815075343,3.5360018201572867,57.715675,1.9627239196470283,TRUE,1440,1440,FALSE
RISE::RISE_S008::2025-05-04,RISE,RISE::RISE_S008,2025-05-04,5.483333333333333,5.483333333333333,17.515079435838594,3.6267544409205374,57.715675,1.9627239196470283,TRUE,1440,1440,FALSE
RISE::RISE_S009::2025-05-27,RISE,RISE::RISE_S009,2025-05-27,1.3666666666666667,1.3666666666666667,19.47890533533361,5.5905803404155545,57.715675,1.9627239196470283,TRUE,1440,1440,FALSE
RISE::RISE_S009::2025-05-28,RISE,RISE::RISE_S009,2025-05-28,0.38333333333333336,0.38333333333333336,19.55297898358769,5.664653988669633,57.715675,1.9627239196470283,TRUE,1267,1440,FALSE
RISE::RISE_S009::2025-05-29,RISE,RISE::RISE_S009,2025-05-29,5.25,5.25,19.625408908989694,5.737083914071638,57.715675,1.9627239196470283,TRUE,1364,1440,FALSE
RISE::RISE_S009::2025-05-30,RISE,RISE::RISE_S009,2025-05-30,0.45,0.45,19.696082001328467,5.8077570064104105,57.715675,1.9627239196470283,TRUE,1311,1440,FALSE
RISE::RISE_S009::2025-05-31,RISE,RISE::RISE_S009,2025-05-31,2.4,2.4,19.76488055811988,5.8765555632018245,57.715675,1.9627239196470283,TRUE,1359,1440,FALSE
RISE::RISE_S009::2025-06-01,RISE,RISE::RISE_S009,2025-06-01,1.8666666666666667,1.8666666666666667,19.831682472030323,5.943357477112267,57.715675,1.9627239196470283,TRUE,1324,1440,FALSE
RISE::RISE_S010::2025-06-10,RISE,RISE::RISE_S010,2025-06-10,0.4166666666666667,0.4166666666666667,20.321251919137108,6.432926924219052,57.715675,1.9627239196470283,TRUE,1371,1440,FALSE
RISE::RISE_S010::2025-06-11,RISE,RISE::RISE_S010,2025-06-11,0.8833333333333333,0.8833333333333333,20.360735110441844,6.472410115523788,57.715675,1.9627239196470283,TRUE,1356,1440,FALSE
RISE::RISE_S010::2025-06-12,RISE,RISE::RISE_S010,2025-06-12,5.533333333333333,5.533333333333333,20.396744766698944,6.508419771780888,57.715675,1.9627239196470283,TRUE,1269,1440,FALSE
RISE::RISE_S010::2025-06-13,RISE,RISE::RISE_S010,2025-06-13,0.13333333333333333,0.13333333333333333,20.429159809152285,6.540834814234229,57.715675,1.9627239196470283,TRUE,1329,1440,FALSE
RISE::RISE_S010::2025-06-14,RISE,RISE::RISE_S010,2025-06-14,4.066666666666666,4.066666666666666,20.457867281238237,6.56954228632018,57.715675,1.9627239196470283,TRUE,1437,1440,FALSE
RISE::RISE_S012::2025-06-10,RISE,RISE::RISE_S012,2025-06-10,1.45,1.45,20.321251919137108,6.432926924219052,57.715675,1.9627239196470283,TRUE,1440,1440,FALSE
RISE::RISE_S012::2025-06-11,RISE,RISE::RISE_S012,2025-06-11,4.866666666666666,4.866666666666666,20.360735110441844,6.472410115523788,57.715675,1.9627239196470283,TRUE,1436,1440,FALSE
RISE::RISE_S012::2025-06-12,RISE,RISE::RISE_S012,2025-06-12,4.133333333333334,4.133333333333334,20.396744766698944,6.508419771780888,57.715675,1.9627239196470283,TRUE,1433,1440,FALSE
RISE::RISE_S012::2025-06-13,RISE,RISE::RISE_S012,2025-06-13,5.466666666666667,5.466666666666667,20.429159809152285,6.540834814234229,57.715675,1.9627239196470283,TRUE,1425,1440,FALSE
RISE::RISE_S012::2025-06-14,RISE,RISE::RISE_S012,2025-06-14,6.416666666666667,6.416666666666667,20.457867281238237,6.56954228632018,57.715675,1.9627239196470283,TRUE,1427,1440,FALSE
RISE::RISE_S012::2025-06-15,RISE,RISE::RISE_S012,2025-06-15,2.7,2.7,20.482763924863605,6.594438929945548,57.715675,1.9627239196470283,TRUE,1440,1440,FALSE
RISE::RISE_S012::2025-06-16,RISE,RISE::RISE_S012,2025-06-16,3.95,3.95,20.503757714099354,6.615432719181298,57.715675,1.9627239196470283,TRUE,1440,1440,FALSE
RISE::RISE_S013::2025-06-24,RISE,RISE::RISE_S013,2025-06-24,0.8833333333333333,0.8833333333333333,20.52484733098083,6.636522336062773,57.715675,1.9627239196470283,TRUE,1438,1440,FALSE
RISE::RISE_S013::2025-06-25,RISE,RISE::RISE_S013,2025-06-25,3.05,3.05,20.508991887436974,6.620666892518917,57.715675,1.9627239196470283,TRUE,1233,1440,FALSE
RISE::RISE_S013::2025-06-26,RISE,RISE::RISE_S013,2025-06-26,4.1,4.1,20.489147805107965,6.600822810189909,57.715675,1.9627239196470283,TRUE,1440,1440,FALSE
RISE::RISE_S013::2025-06-27,RISE,RISE::RISE_S013,2025-06-27,0.1,0.1,20.465393348733585,6.577068353815529,57.715675,1.9627239196470283,TRUE,1299,1440,FALSE
RISE::RISE_S013::2025-06-28,RISE,RISE::RISE_S013,2025-06-28,2.533333333333333,2.533333333333333,20.43781963951058,6.549494644592523,57.715675,1.9627239196470283,TRUE,1262,1440,FALSE
RISE::RISE_S013::2025-06-29,RISE,RISE::RISE_S013,2025-06-29,4.366666666666666,4.366666666666666,20.406529225375916,6.51820423045786,57.715675,1.9627239196470283,TRUE,1435,1440,FALSE
RISE::RISE_S014::2025-10-07,RISE,RISE::RISE_S014,2025-10-07,0.48333333333333334,0.48333333333333334,12.295595754848586,-1.5927292400694704,57.715675,1.9627239196470283,TRUE,1425,1440,FALSE
RISE::RISE_S014::2025-10-08,RISE,RISE::RISE_S014,2025-10-08,0.7333333333333333,0.7333333333333333,12.215335908797051,-1.6729890861210048,57.715675,1.9627239196470283,TRUE,1411,1440,FALSE
RISE::RISE_S014::2025-10-09,RISE,RISE::RISE_S014,2025-10-09,0.55,0.55,12.135332807037566,-1.7529921878804906,57.715675,1.9627239196470283,TRUE,1394,1440,FALSE
RISE::RISE_S014::2025-10-10,RISE,RISE::RISE_S014,2025-10-10,1.0833333333333333,1.0833333333333333,12.055592330296834,-1.832732664621222,57.715675,1.9627239196470283,TRUE,1412,1440,FALSE
RISE::RISE_S014::2025-10-11,RISE,RISE::RISE_S014,2025-10-11,0.15,0.15,11.976120831569036,-1.9122041633490205,57.715675,1.9627239196470283,TRUE,1440,1440,FALSE
RISE::RISE_S014::2025-10-12,RISE,RISE::RISE_S014,2025-10-12,0.1,0.1,11.896925158434444,-1.9913998364836125,57.715675,1.9627239196470283,TRUE,1402,1440,FALSE
RISE::RISE_S015::2025-10-07,RISE,RISE::RISE_S015,2025-10-07,0.13333333333333333,0.13333333333333333,12.295595754848586,-1.5927292400694704,57.715675,1.9627239196470283,TRUE,1415,1440,FALSE
RISE::RISE_S015::2025-10-08,RISE,RISE::RISE_S015,2025-10-08,1.7333333333333334,1.7333333333333334,12.215335908797051,-1.6729890861210048,57.715675,1.9627239196470283,TRUE,1423,1440,FALSE
RISE::RISE_S015::2025-10-09,RISE,RISE::RISE_S015,2025-10-09,0,0,12.135332807037566,-1.7529921878804906,57.715675,1.9627239196470283,TRUE,1338,1440,FALSE
RISE::RISE_S015::2025-10-10,RISE,RISE::RISE_S015,2025-10-10,0.11666666666666667,0.11666666666666667,12.055592330296834,-1.832732664621222,57.715675,1.9627239196470283,TRUE,1402,1440,FALSE
RISE::RISE_S015::2025-10-11,RISE,RISE::RISE_S015,2025-10-11,1.2666666666666666,1.2666666666666666,11.976120831569036,-1.9122041633490205,57.715675,1.9627239196470283,TRUE,1440,1440,FALSE
RISE::RISE_S015::2025-10-12,RISE,RISE::RISE_S015,2025-10-12,0.45,0.45,11.896925158434444,-1.9913998364836125,57.715675,1.9627239196470283,TRUE,1394,1440,FALSE
RISE::RISE_S016::2025-10-07,RISE,RISE::RISE_S016,2025-10-07,0.1,0.1,12.295595754848586,-1.5927292400694704,57.715675,1.9627239196470283,TRUE,1440,1440,FALSE
RISE::RISE_S016::2025-10-08,RISE,RISE::RISE_S016,2025-10-08,0.45,0.45,12.215335908797051,-1.6729890861210048,57.715675,1.9627239196470283,TRUE,1260,1440,FALSE
RISE::RISE_S016::2025-10-09,RISE,RISE::RISE_S016,2025-10-09,0.26666666666666666,0.26666666666666666,12.135332807037566,-1.7529921878804906,57.715675,1.9627239196470283,TRUE,1262,1440,FALSE
RISE::RISE_S016::2025-10-10,RISE,RISE::RISE_S016,2025-10-10,0.03333333333333333,0.03333333333333333,12.055592330296834,-1.832732664621222,57.715675,1.9627239196470283,TRUE,1440,1440,FALSE
RISE::RISE_S016::2025-10-11,RISE,RISE::RISE_S016,2025-10-11,0.25,0.25,11.976120831569036,-1.9122041633490205,57.715675,1.9627239196470283,TRUE,1308,1440,FALSE
RISE::RISE_S016::2025-10-12,RISE,RISE::RISE_S016,2025-10-12,0.25,0.25,11.896925158434444,-1.9913998364836125,57.715675,1.9627239196470283,TRUE,1391,1440,FALSE
RISE::RISE_S017::2025-10-14,RISE,RISE::RISE_S017,2025-10-14,0.7333333333333333,0.7333333333333333,11.73939129365815,-2.1489337012599066,57.715675,1.9627239196470283,TRUE,1440,1440,FALSE
RISE::RISE_S017::2025-10-15,RISE,RISE::RISE_S017,2025-10-15,0.13333333333333333,0.13333333333333333,11.661069481571515,-2.2272555133465417,57.715675,1.9627239196470283,TRUE,1440,1440,FALSE
RISE::RISE_S017::2025-10-16,RISE,RISE::RISE_S017,2025-10-16,0.23333333333333334,0.23333333333333334,11.58305630173948,-2.3052686931785757,57.715675,1.9627239196470283,TRUE,1440,1440,FALSE
RISE::RISE_S017::2025-10-17,RISE,RISE::RISE_S017,2025-10-17,0.06666666666666667,0.06666666666666667,11.50536142786344,-2.3829635670546168,57.715675,1.9627239196470283,TRUE,1440,1440,FALSE
RISE::RISE_S017::2025-10-18,RISE,RISE::RISE_S017,2025-10-18,1.0666666666666667,1.0666666666666667,11.42799517068598,-2.460329824232076,57.715675,1.9627239196470283,TRUE,1440,1440,FALSE
RISE::RISE_S017::2025-10-19,RISE,RISE::RISE_S017,2025-10-19,0.5833333333333334,0.5833333333333334,11.350968501501614,-2.5373564934164428,57.715675,1.9627239196470283,TRUE,1440,1440,FALSE
THUAS::THUAS_S001::2025-02-22,THUAS,THUAS::THUAS_S001,2025-02-22,0,0,11.59127261598905,-2.2970523789290063,52.0116,1.3923164196470283,TRUE,1440,1440,FALSE
THUAS::THUAS_S001::2025-02-23,THUAS,THUAS::THUAS_S001,2025-02-23,1.4166666666666667,1.4166666666666667,11.654367930557992,-2.233957064360064,52.0116,1.3923164196470283,TRUE,1161,1440,FALSE
THUAS::THUAS_S001::2025-02-24,THUAS,THUAS::THUAS_S001,2025-02-24,0,0,11.717774412168398,-2.1705505827496587,52.0116,1.3923164196470283,TRUE,1440,1440,FALSE
THUAS::THUAS_S001::2025-02-25,THUAS,THUAS::THUAS_S001,2025-02-25,0,0,11.781480873823165,-2.106844121094891,52.0116,1.3923164196470283,TRUE,1425,1440,FALSE
THUAS::THUAS_S001::2025-02-26,THUAS,THUAS::THUAS_S001,2025-02-26,1.05,1.05,11.845476604236497,-2.0428483906815593,52.0116,1.3923164196470283,TRUE,1440,1440,FALSE
THUAS::THUAS_S001::2025-02-27,THUAS,THUAS::THUAS_S001,2025-02-27,0,0,11.909751350416078,-1.978573644501978,52.0116,1.3923164196470283,TRUE,1357,1440,FALSE
THUAS::THUAS_S001::2025-02-28,THUAS,THUAS::THUAS_S001,2025-02-28,0.5166666666666667,0.5166666666666667,11.974295300576422,-1.9140296943416342,52.0116,1.3923164196470283,TRUE,1341,1440,FALSE
THUAS::THUAS_S001::2025-03-02,THUAS,THUAS::THUAS_S001,2025-03-02,0,0,12.10415366133054,-1.7841713335875156,52.0116,1.3923164196470283,TRUE,1440,1440,FALSE
THUAS::THUAS_S002::2025-03-04,THUAS,THUAS::THUAS_S002,2025-03-04,2.9833333333333334,2.9833333333333334,12.234981320500374,-1.6533436744176822,52.0116,1.3923164196470283,TRUE,1422,1440,FALSE
THUAS::THUAS_S002::2025-03-05,THUAS,THUAS::THUAS_S002,2025-03-05,0,0,12.300738272799386,-1.5875867221186706,52.0116,1.3923164196470283,TRUE,1440,1440,FALSE
THUAS::THUAS_S002::2025-03-06,THUAS,THUAS::THUAS_S002,2025-03-06,0,0,12.366713795595698,-1.5216111993223578,52.0116,1.3923164196470283,TRUE,1440,1440,FALSE
THUAS::THUAS_S002::2025-03-07,THUAS,THUAS::THUAS_S002,2025-03-07,1.95,1.95,12.432900649176704,-1.4554243457413527,52.0116,1.3923164196470283,TRUE,1440,1440,FALSE
THUAS::THUAS_S002::2025-03-08,THUAS,THUAS::THUAS_S002,2025-03-08,0.4666666666666667,0.4666666666666667,12.499291886356142,-1.3890331085619145,52.0116,1.3923164196470283,TRUE,1440,1440,FALSE
THUAS::THUAS_S003::2025-03-18,THUAS,THUAS::THUAS_S003,2025-03-18,0.43333333333333335,0.43333333333333335,13.173087510267893,-0.7152374846501637,52.0116,1.3923164196470283,TRUE,1325,1440,FALSE
THUAS::THUAS_S003::2025-03-19,THUAS,THUAS::THUAS_S003,2025-03-19,3.683333333333333,3.683333333333333,13.241332811580763,-0.6469921833372929,52.0116,1.3923164196470283,TRUE,1190,1440,FALSE
THUAS::THUAS_S003::2025-03-20,THUAS,THUAS::THUAS_S003,2025-03-20,2.5833333333333335,2.5833333333333335,13.309714924295744,-0.5786100706223127,52.0116,1.3923164196470283,TRUE,1440,1440,FALSE
THUAS::THUAS_S003::2025-03-21,THUAS,THUAS::THUAS_S003,2025-03-21,2.15,2.15,13.378228944804933,-0.5100960501131233,52.0116,1.3923164196470283,TRUE,1394,1440,FALSE
THUAS::THUAS_S003::2025-03-22,THUAS,THUAS::THUAS_S003,2025-03-22,0.4666666666666667,0.4666666666666667,13.446869988971287,-0.4414550059467697,52.0116,1.3923164196470283,TRUE,1390,1440,FALSE
THUAS::THUAS_S003::2025-03-23,THUAS,THUAS::THUAS_S003,2025-03-23,6.233333333333333,6.233333333333333,13.515633172988892,-0.3726918219291644,52.0116,1.3923164196470283,TRUE,1440,1440,FALSE
THUAS::THUAS_S005::2025-03-25,THUAS,THUAS::THUAS_S005,2025-03-25,0.48333333333333334,0.48333333333333334,13.653506302436194,-0.2348186924818627,52.0116,1.3923164196470283,TRUE,1428,1440,FALSE
THUAS::THUAS_S005::2025-03-26,THUAS,THUAS::THUAS_S005,2025-03-26,0.7166666666666667,0.7166666666666667,13.72260629620817,-0.16571869870988643,52.0116,1.3923164196470283,TRUE,1323,1440,FALSE
THUAS::THUAS_S005::2025-03-27,THUAS,THUAS::THUAS_S005,2025-03-27,1.8166666666666667,1.8166666666666667,13.791808485322528,-0.09651650959552782,52.0116,1.3923164196470283,TRUE,1440,1440,FALSE
THUAS::THUAS_S005::2025-03-28,THUAS,THUAS::THUAS_S005,2025-03-28,1,1,13.861107677883572,-0.027217317034484267,52.0116,1.3923164196470283,TRUE,1303,1440,FALSE
THUAS::THUAS_S005::2025-03-29,THUAS,THUAS::THUAS_S005,2025-03-29,0.7,0.7,13.930498557686805,0.04217356276874895,52.0116,1.3923164196470283,TRUE,1440,1440,FALSE
THUAS::THUAS_S005::2025-03-30,THUAS,THUAS::THUAS_S005,2025-03-30,0.35,0.35,13.9999756623639,0.11165066744584351,52.0116,1.3923164196470283,TRUE,1289,1380,FALSE
THUAS::THUAS_S006::2025-04-01,THUAS,THUAS::THUAS_S006,2025-04-01,1.3333333333333333,1.3333333333333333,14.13916583571169,0.250840840793634,52.0116,1.3923164196470283,TRUE,1409,1440,FALSE
THUAS::THUAS_S006::2025-04-02,THUAS,THUAS::THUAS_S006,2025-04-02,1.2666666666666666,1.2666666666666666,14.208867051866319,0.32054205694826265,52.0116,1.3923164196470283,TRUE,1440,1440,FALSE
THUAS::THUAS_S006::2025-04-03,THUAS,THUAS::THUAS_S006,2025-04-03,1.6,1.6,14.27863074236446,0.3903057474464031,52.0116,1.3923164196470283,TRUE,1413,1440,FALSE
THUAS::THUAS_S006::2025-04-05,THUAS,THUAS::THUAS_S006,2025-04-05,4.083333333333333,4.083333333333333,14.418319160474672,0.5299941655566158,52.0116,1.3923164196470283,TRUE,1440,1440,FALSE
THUAS::THUAS_S006::2025-04-06,THUAS,THUAS::THUAS_S006,2025-04-06,1.3,1.3,14.488229966627227,0.5999049717091705,52.0116,1.3923164196470283,TRUE,1349,1440,FALSE
THUAS::THUAS_S007::2025-04-08,THUAS,THUAS::THUAS_S007,2025-04-08,0.35,0.35,14.628147530357042,0.7398225354389858,52.0116,1.3923164196470283,TRUE,1376,1440,FALSE
THUAS::THUAS_S007::2025-04-09,THUAS,THUAS::THUAS_S007,2025-04-09,2.8666666666666667,2.8666666666666667,14.698138311372864,0.8098133164548074,52.0116,1.3923164196470283,TRUE,1325,1440,FALSE
THUAS::THUAS_S007::2025-04-10,THUAS,THUAS::THUAS_S007,2025-04-10,0.7666666666666667,0.7666666666666667,14.76813911543952,0.8798141205214645,52.0116,1.3923164196470283,TRUE,1349,1440,FALSE
THUAS::THUAS_S007::2025-04-11,THUAS,THUAS::THUAS_S007,2025-04-11,0,0,14.838140927619405,0.9498159327013482,52.0116,1.3923164196470283,TRUE,1440,1440,FALSE
THUAS::THUAS_S007::2025-04-12,THUAS,THUAS::THUAS_S007,2025-04-12,0.18333333333333332,0.18333333333333332,14.908134275078773,1.0198092801607164,52.0116,1.3923164196470283,TRUE,1232,1440,FALSE
THUAS::THUAS_S007::2025-04-13,THUAS,THUAS::THUAS_S007,2025-04-13,0.2,0.2,14.978109200398126,1.0897842054800702,52.0116,1.3923164196470283,TRUE,1353,1440,FALSE
THUAS::THUAS_S010::2025-06-03,THUAS,THUAS::THUAS_S010,2025-06-03,2.9166666666666665,2.9166666666666665,18.042194473081164,4.153869478163108,52.0116,1.3923164196470283,TRUE,1398,1440,FALSE
THUAS::THUAS_S010::2025-06-05,THUAS,THUAS::THUAS_S010,2025-06-05,2.75,2.75,18.110051562454967,4.22172656753691,52.0116,1.3923164196470283,TRUE,1249,1440,FALSE
THUAS::THUAS_S010::2025-06-06,THUAS,THUAS::THUAS_S010,2025-06-06,6.316666666666666,6.316666666666666,18.14129734608862,4.252972351170564,52.0116,1.3923164196470283,TRUE,1183,1440,FALSE
THUAS::THUAS_S010::2025-06-07,THUAS,THUAS::THUAS_S010,2025-06-07,2.433333333333333,2.433333333333333,18.170695600642098,4.282370605724042,52.0116,1.3923164196470283,TRUE,1364,1440,FALSE
THUAS::THUAS_S010::2025-06-08,THUAS,THUAS::THUAS_S010,2025-06-08,1.25,1.25,18.198204170399244,4.309879175481187,52.0116,1.3923164196470283,TRUE,1440,1440,FALSE
THUAS::THUAS_S010::2025-06-09,THUAS,THUAS::THUAS_S010,2025-06-09,3.4166666666666665,3.4166666666666665,18.223782843152684,4.335457848234627,52.0116,1.3923164196470283,TRUE,1343,1440,FALSE
THUAS::THUAS_S011::2025-05-13,THUAS,THUAS::THUAS_S011,2025-05-13,2.1166666666666667,2.1166666666666667,16.991607664691077,3.103282669773021,52.0116,1.3923164196470283,TRUE,1422,1440,FALSE
THUAS::THUAS_S011::2025-05-14,THUAS,THUAS::THUAS_S011,2025-05-14,2.7,2.7,17.05210279080603,3.163777795887972,52.0116,1.3923164196470283,TRUE,1440,1440,FALSE
THUAS::THUAS_S011::2025-05-15,THUAS,THUAS::THUAS_S011,2025-05-15,0.9,0.9,17.111836332347657,3.223511337429601,52.0116,1.3923164196470283,TRUE,1420,1440,FALSE
THUAS::THUAS_S011::2025-05-16,THUAS,THUAS::THUAS_S011,2025-05-16,1.1333333333333333,1.1333333333333333,17.170767495963307,3.282442501045251,52.0116,1.3923164196470283,TRUE,1365,1440,FALSE
THUAS::THUAS_S011::2025-05-17,THUAS,THUAS::THUAS_S011,2025-05-17,2.0833333333333335,2.0833333333333335,17.22885436197122,3.340529367053163,52.0116,1.3923164196470283,TRUE,1440,1440,FALSE
THUAS::THUAS_S011::2025-05-18,THUAS,THUAS::THUAS_S011,2025-05-18,0.75,0.75,17.286053916414577,3.3977289214965207,52.0116,1.3923164196470283,TRUE,1422,1440,FALSE
THUAS::THUAS_S014::2025-07-08,THUAS,THUAS::THUAS_S014,2025-07-08,1.5833333333333333,1.5833333333333333,18.05177746653557,4.1634524716175125,52.0116,1.3923164196470283,TRUE,1317,1440,FALSE
THUAS::THUAS_S014::2025-07-09,THUAS,THUAS::THUAS_S014,2025-07-09,1.6,1.6,18.01588496943315,4.127559974515092,52.0116,1.3923164196470283,TRUE,1240,1440,FALSE
THUAS::THUAS_S014::2025-07-10,THUAS,THUAS::THUAS_S014,2025-07-10,0.31666666666666665,0.31666666666666665,17.978340305818453,4.090015310900396,52.0116,1.3923164196470283,TRUE,1304,1440,FALSE
THUAS::THUAS_S014::2025-07-11,THUAS,THUAS::THUAS_S014,2025-07-11,2.5833333333333335,2.5833333333333335,17.939192422562176,4.0508674276441194,52.0116,1.3923164196470283,TRUE,1219,1440,FALSE
THUAS::THUAS_S014::2025-07-12,THUAS,THUAS::THUAS_S014,2025-07-12,3.1166666666666667,3.1166666666666667,17.898490925100116,4.01016593018206,52.0116,1.3923164196470283,TRUE,1440,1440,FALSE
THUAS::THUAS_S014::2025-07-13,THUAS,THUAS::THUAS_S014,2025-07-13,1.65,1.65,17.856285890539485,3.967960895621429,52.0116,1.3923164196470283,TRUE,1440,1440,FALSE
THUAS::THUAS_S015::2025-07-08,THUAS,THUAS::THUAS_S015,2025-07-08,4.416666666666667,4.416666666666667,18.05177746653557,4.1634524716175125,52.0116,1.3923164196470283,TRUE,1440,1440,FALSE
THUAS::THUAS_S015::2025-07-09,THUAS,THUAS::THUAS_S015,2025-07-09,0.5333333333333333,0.5333333333333333,18.01588496943315,4.127559974515092,52.0116,1.3923164196470283,TRUE,1220,1440,FALSE
THUAS::THUAS_S015::2025-07-10,THUAS,THUAS::THUAS_S015,2025-07-10,5.7,5.7,17.978340305818453,4.090015310900396,52.0116,1.3923164196470283,TRUE,1440,1440,FALSE
THUAS::THUAS_S015::2025-07-11,THUAS,THUAS::THUAS_S015,2025-07-11,1.65,1.65,17.939192422562176,4.0508674276441194,52.0116,1.3923164196470283,TRUE,1440,1440,FALSE
THUAS::THUAS_S015::2025-07-12,THUAS,THUAS::THUAS_S015,2025-07-12,5.433333333333334,5.433333333333334,17.898490925100116,4.01016593018206,52.0116,1.3923164196470283,TRUE,1440,1440,FALSE
THUAS::THUAS_S015::2025-07-13,THUAS,THUAS::THUAS_S015,2025-07-13,0,0,17.856285890539485,3.967960895621429,52.0116,1.3923164196470283,TRUE,1440,1440,FALSE
THUAS::THUAS_S016::2025-07-08,THUAS,THUAS::THUAS_S016,2025-07-08,1.3833333333333333,1.3833333333333333,18.05177746653557,4.1634524716175125,52.0116,1.3923164196470283,TRUE,1440,1440,FALSE
THUAS::THUAS_S016::2025-07-09,THUAS,THUAS::THUAS_S016,2025-07-09,1.0166666666666666,1.0166666666666666,18.01588496943315,4.127559974515092,52.0116,1.3923164196470283,TRUE,1440,1440,FALSE
THUAS::THUAS_S016::2025-07-10,THUAS,THUAS::THUAS_S016,2025-07-10,1.6666666666666667,1.6666666666666667,17.978340305818453,4.090015310900396,52.0116,1.3923164196470283,TRUE,1440,1440,FALSE
THUAS::THUAS_S016::2025-07-11,THUAS,THUAS::THUAS_S016,2025-07-11,0.9666666666666667,0.9666666666666667,17.939192422562176,4.0508674276441194,52.0116,1.3923164196470283,TRUE,1440,1440,FALSE
THUAS::THUAS_S016::2025-07-12,THUAS,THUAS::THUAS_S016,2025-07-12,0.18333333333333332,0.18333333333333332,17.898490925100116,4.01016593018206,52.0116,1.3923164196470283,TRUE,1440,1440,FALSE
THUAS::THUAS_S016::2025-07-13,THUAS,THUAS::THUAS_S016,2025-07-13,0.8,0.8,17.856285890539485,3.967960895621429,52.0116,1.3923164196470283,TRUE,1440,1440,FALSE
THUAS::THUAS_S017::2025-09-09,THUAS,THUAS::THUAS_S017,2025-09-09,0.65,0.65,14.2053072239293,0.3169822290112432,52.0116,1.3923164196470283,TRUE,1440,1440,FALSE
THUAS::THUAS_S017::2025-09-10,THUAS,THUAS::THUAS_S017,2025-09-10,1.3166666666666667,1.3166666666666667,14.136658898790678,0.24833390387262178,52.0116,1.3923164196470283,TRUE,1440,1440,FALSE
THUAS::THUAS_S017::2025-09-11,THUAS,THUAS::THUAS_S017,2025-09-11,1.8,1.8,14.068081025481224,0.17975603056316736,52.0116,1.3923164196470283,TRUE,1440,1440,FALSE
THUAS::THUAS_S017::2025-09-12,THUAS,THUAS::THUAS_S017,2025-09-12,2.55,2.55,13.99957904915015,0.11125405423209322,52.0116,1.3923164196470283,TRUE,1440,1440,FALSE
THUAS::THUAS_S017::2025-09-13,THUAS,THUAS::THUAS_S017,2025-09-13,2.25,2.25,13.931158213880327,0.042833218962270436,52.0116,1.3923164196470283,TRUE,1440,1440,FALSE
THUAS::THUAS_S017::2025-09-14,THUAS,THUAS::THUAS_S017,2025-09-14,0,0,13.862823584808243,-0.025501410109812994,52.0116,1.3923164196470283,TRUE,1440,1440,FALSE
THUAS::THUAS_S018::2025-09-23,THUAS,THUAS::THUAS_S018,2025-09-23,1.6,1.6,13.252464475962851,-0.6358605189552051,52.0116,1.3923164196470283,TRUE,1353,1440,FALSE
THUAS::THUAS_S018::2025-09-24,THUAS,THUAS::THUAS_S018,2025-09-24,2.6333333333333333,2.6333333333333333,13.185245578487715,-0.7030794164303416,52.0116,1.3923164196470283,TRUE,1240,1440,FALSE
THUAS::THUAS_S018::2025-09-25,THUAS,THUAS::THUAS_S018,2025-09-25,0.7333333333333333,0.7333333333333333,13.118162540859647,-0.7701624540584096,52.0116,1.3923164196470283,TRUE,1290,1440,FALSE
THUAS::THUAS_S018::2025-09-26,THUAS,THUAS::THUAS_S018,2025-09-26,3.25,3.25,13.05121983177132,-0.8371051631467363,52.0116,1.3923164196470283,TRUE,1281,1440,FALSE
THUAS::THUAS_S018::2025-09-27,THUAS,THUAS::THUAS_S018,2025-09-27,2.783333333333333,2.783333333333333,12.984421993957625,-0.9039030009604314,52.0116,1.3923164196470283,TRUE,1290,1440,FALSE
THUAS::THUAS_S018::2025-09-28,THUAS,THUAS::THUAS_S018,2025-09-28,3.7333333333333334,3.7333333333333334,12.917773662938012,-0.9705513319800438,52.0116,1.3923164196470283,TRUE,1335,1440,FALSE
THUAS::THUAS_S018::2025-09-29,THUAS,THUAS::THUAS_S018,2025-09-29,3.5833333333333335,3.5833333333333335,12.85127958536148,-1.0370454095565762,52.0116,1.3923164196470283,TRUE,1439,1440,FALSE
THUAS::THUAS_S019::2025-09-30,THUAS,THUAS::THUAS_S019,2025-09-30,0.7833333333333333,0.7833333333333333,12.784944637285339,-1.1033803576327177,52.0116,1.3923164196470283,TRUE,1440,1440,FALSE
THUAS::THUAS_S019::2025-10-01,THUAS,THUAS::THUAS_S019,2025-10-01,0.9166666666666666,0.9166666666666666,12.718773842520184,-1.1695511523978723,52.0116,1.3923164196470283,TRUE,1440,1440,FALSE
THUAS::THUAS_S019::2025-10-02,THUAS,THUAS::THUAS_S019,2025-10-02,0.5166666666666667,0.5166666666666667,12.652772391173574,-1.2355526037444822,52.0116,1.3923164196470283,TRUE,1440,1440,FALSE
THUAS::THUAS_S019::2025-10-03,THUAS,THUAS::THUAS_S019,2025-10-03,0.26666666666666666,0.26666666666666666,12.586945657730103,-1.301379337187953,52.0116,1.3923164196470283,TRUE,1440,1440,FALSE
THUAS::THUAS_S019::2025-10-04,THUAS,THUAS::THUAS_S019,2025-10-04,0.95,0.95,12.521299219065241,-1.3670257758528148,52.0116,1.3923164196470283,TRUE,1440,1440,FALSE
THUAS::THUAS_S019::2025-10-05,THUAS,THUAS::THUAS_S019,2025-10-05,0.9333333333333333,0.9333333333333333,12.455838873253928,-1.4324861216641285,52.0116,1.3923164196470283,TRUE,1440,1440,FALSE
THUAS::THUAS_S019::2025-10-06,THUAS,THUAS::THUAS_S019,2025-10-06,1.35,1.35,12.390570657451947,-1.4977543374661089,52.0116,1.3923164196470283,TRUE,1260,1440,FALSE
THUAS::THUAS_S020::2025-10-07,THUAS,THUAS::THUAS_S020,2025-10-07,1.1,1.1,12.325500866307152,-1.5628241286109041,52.0116,1.3923164196470283,TRUE,1440,1440,FALSE
THUAS::THUAS_S020::2025-10-08,THUAS,THUAS::THUAS_S020,2025-10-08,1.0833333333333333,1.0833333333333333,12.260636069840855,-1.6276889250772015,52.0116,1.3923164196470283,TRUE,1440,1440,FALSE
THUAS::THUAS_S020::2025-10-09,THUAS,THUAS::THUAS_S020,2025-10-09,0.5833333333333334,0.5833333333333334,12.195983132190175,-1.692341862727881,52.0116,1.3923164196470283,TRUE,1440,1440,FALSE
THUAS::THUAS_S020::2025-10-10,THUAS,THUAS::THUAS_S020,2025-10-10,1.2333333333333334,1.2333333333333334,12.131549229489432,-1.7567757654286247,52.0116,1.3923164196470283,TRUE,1440,1440,FALSE
THUAS::THUAS_S020::2025-10-11,THUAS,THUAS::THUAS_S020,2025-10-11,1.75,1.75,12.067341867884,-1.8209831270340562,52.0116,1.3923164196470283,TRUE,1440,1440,FALSE
THUAS::THUAS_S020::2025-10-12,THUAS,THUAS::THUAS_S020,2025-10-12,0.5833333333333334,0.5833333333333334,12.003368901809056,-1.8849560931090004,52.0116,1.3923164196470283,TRUE,1440,1440,FALSE
THUAS::THUAS_S020::2025-10-13,THUAS,THUAS::THUAS_S020,2025-10-13,0.43333333333333335,0.43333333333333335,11.939638552069663,-1.948686442848393,52.0116,1.3923164196470283,TRUE,1440,1440,FALSE
TUM::TUM_S001::2024-05-14,TUM,TUM::TUM_S001,2024-05-14,0.3333333333333333,0.3333333333333333,16.407798154950143,2.5194731600320868,48.1333,1.0044864196470282,TRUE,1415,1440,FALSE
TUM::TUM_S001::2024-05-15,TUM,TUM::TUM_S001,2024-05-15,1.9166666666666667,1.9166666666666667,16.456689239475462,2.568364244557406,48.1333,1.0044864196470282,TRUE,1343,1440,FALSE
TUM::TUM_S001::2024-05-16,TUM,TUM::TUM_S001,2024-05-16,3.3333333333333335,3.3333333333333335,16.50482180317243,2.6164968082543734,48.1333,1.0044864196470282,TRUE,1388,1440,FALSE
TUM::TUM_S001::2024-05-17,TUM,TUM::TUM_S001,2024-05-17,1.1,1.1,16.552163121700286,2.6638381267822293,48.1333,1.0044864196470282,TRUE,1277,1440,FALSE
TUM::TUM_S001::2024-05-18,TUM,TUM::TUM_S001,2024-05-18,0.8833333333333333,0.8833333333333333,16.598679932951928,2.7103549380338716,48.1333,1.0044864196470282,TRUE,1406,1440,FALSE
TUM::TUM_S001::2024-05-19,TUM,TUM::TUM_S001,2024-05-19,3.25,3.25,16.64433848268456,2.756013487766504,48.1333,1.0044864196470282,TRUE,1404,1440,FALSE
TUM::TUM_S002::2024-05-28,TUM,TUM::TUM_S002,2024-05-28,0.8,0.8,17.01090464512507,3.1225796502070136,48.1333,1.0044864196470282,TRUE,1297,1440,FALSE
TUM::TUM_S002::2024-05-29,TUM,TUM::TUM_S002,2024-05-29,0.4666666666666667,0.4666666666666667,17.046058657566707,3.157733662648651,48.1333,1.0044864196470282,TRUE,1256,1440,FALSE
TUM::TUM_S002::2024-05-30,TUM,TUM::TUM_S002,2024-05-30,1.0666666666666667,1.0666666666666667,17.079968775775697,3.1916437808576408,48.1333,1.0044864196470282,TRUE,1340,1440,FALSE
TUM::TUM_S002::2024-05-31,TUM,TUM::TUM_S002,2024-05-31,0.11666666666666667,0.11666666666666667,17.11260074065791,3.2242757457398543,48.1333,1.0044864196470282,TRUE,1400,1440,FALSE
TUM::TUM_S002::2024-06-01,TUM,TUM::TUM_S002,2024-06-01,0.1,0.1,17.143920845124455,3.255595850206399,48.1333,1.0044864196470282,TRUE,1440,1440,FALSE
TUM::TUM_S002::2024-06-02,TUM,TUM::TUM_S002,2024-06-02,0.9166666666666666,0.9166666666666666,17.17389604330063,3.2855710483825735,48.1333,1.0044864196470282,TRUE,1399,1440,FALSE
TUM::TUM_S003::2024-06-04,TUM,TUM::TUM_S003,2024-06-04,0,0,17.229683514038722,3.341358519120666,48.1333,1.0044864196470282,TRUE,1371,1440,FALSE
TUM::TUM_S003::2024-06-05,TUM,TUM::TUM_S003,2024-06-05,0,0,17.255434011883207,3.3671090169651503,48.1333,1.0044864196470282,TRUE,1293,1440,FALSE
TUM::TUM_S003::2024-06-06,TUM,TUM::TUM_S003,2024-06-06,0.21666666666666667,0.21666666666666667,17.279716282222005,3.3913912873039482,48.1333,1.0044864196470282,TRUE,1361,1440,FALSE
TUM::TUM_S003::2024-06-07,TUM,TUM::TUM_S003,2024-06-07,0,0,17.30250227868557,3.414177283767513,48.1333,1.0044864196470282,TRUE,1309,1440,FALSE
TUM::TUM_S003::2024-06-08,TUM,TUM::TUM_S003,2024-06-08,0,0,17.323765294618077,3.435440299700021,48.1333,1.0044864196470282,TRUE,1393,1440,FALSE
TUM::TUM_S003::2024-06-09,TUM,TUM::TUM_S003,2024-06-09,0.1,0.1,17.343480072021485,3.455155077103429,48.1333,1.0044864196470282,TRUE,1424,1440,FALSE
TUM::TUM_S004::2024-06-11,TUM,TUM::TUM_S004,2024-06-11,4.65,4.65,17.378171757062276,3.4898467621442197,48.1333,1.0044864196470282,TRUE,1429,1440,FALSE
TUM::TUM_S004::2024-06-12,TUM,TUM::TUM_S004,2024-06-12,2.683333333333333,2.683333333333333,17.393106327851612,3.5047813329335558,48.1333,1.0044864196470282,TRUE,1416,1440,FALSE
TUM::TUM_S004::2024-06-13,TUM,TUM::TUM_S004,2024-06-13,0.6666666666666666,0.6666666666666666,17.4064081744353,3.5180831795172427,48.1333,1.0044864196470282,TRUE,1440,1440,FALSE
TUM::TUM_S004::2024-06-14,TUM,TUM::TUM_S004,2024-06-14,0.1,0.1,17.4180607806974,3.5297357857793425,48.1333,1.0044864196470282,TRUE,1422,1440,FALSE
TUM::TUM_S004::2024-06-15,TUM,TUM::TUM_S004,2024-06-15,0,0,17.428049636880555,3.539724641962499,48.1333,1.0044864196470282,TRUE,1418,1440,FALSE
TUM::TUM_S004::2024-06-16,TUM,TUM::TUM_S004,2024-06-16,0,0,17.436362307866414,3.548037312948358,48.1333,1.0044864196470282,TRUE,1423,1440,FALSE
TUM::TUM_S005::2024-06-18,TUM,TUM::TUM_S005,2024-06-18,1.0333333333333334,1.0333333333333334,17.447920072807207,3.559595077889151,48.1333,1.0044864196470282,TRUE,1435,1440,FALSE
TUM::TUM_S005::2024-06-19,TUM,TUM::TUM_S005,2024-06-19,0.55,0.55,17.451151154239973,3.562826159321917,48.1333,1.0044864196470282,TRUE,1377,1440,FALSE
TUM::TUM_S005::2024-06-20,TUM,TUM::TUM_S005,2024-06-20,0,0,17.452678093645307,3.564353098727251,48.1333,1.0044864196470282,TRUE,1352,1440,FALSE
TUM::TUM_S005::2024-06-21,TUM,TUM::TUM_S005,2024-06-21,0.03333333333333333,0.03333333333333333,17.452499517268606,3.56417452235055,48.1333,1.0044864196470282,TRUE,1322,1440,FALSE
TUM::TUM_S005::2024-06-22,TUM,TUM::TUM_S005,2024-06-22,0.3,0.3,17.450616327722866,3.5622913328048096,48.1333,1.0044864196470282,TRUE,1354,1440,FALSE
TUM::TUM_S005::2024-06-23,TUM,TUM::TUM_S005,2024-06-23,0,0,17.447031699485247,3.558706704567191,48.1333,1.0044864196470282,TRUE,1358,1440,FALSE
TUM::TUM_S006::2024-06-25,TUM,TUM::TUM_S006,2024-06-25,2.4,2.4,17.434782080054283,3.546457085136227,48.1333,1.0044864196470282,TRUE,1417,1440,FALSE
TUM::TUM_S006::2024-06-26,TUM,TUM::TUM_S006,2024-06-26,1.4,1.4,17.42613460249371,3.537809607575655,48.1333,1.0044864196470282,TRUE,1427,1440,FALSE
TUM::TUM_S006::2024-06-27,TUM,TUM::TUM_S006,2024-06-27,3.2,3.2,17.415820629066893,3.5274956341488366,48.1333,1.0044864196470282,TRUE,1329,1440,FALSE
TUM::TUM_S006::2024-06-28,TUM,TUM::TUM_S006,2024-06-28,2.933333333333333,2.933333333333333,17.403854245874616,3.5155292509565594,48.1333,1.0044864196470282,TRUE,1440,1440,FALSE
TUM::TUM_S006::2024-06-29,TUM,TUM::TUM_S006,2024-06-29,1.9333333333333333,1.9333333333333333,17.390251560144954,3.5019265652268974,48.1333,1.0044864196470282,TRUE,1402,1440,FALSE
TUM::TUM_S006::2024-06-30,TUM,TUM::TUM_S006,2024-06-30,0.5666666666666667,0.5666666666666667,17.375030625594988,3.4867056306769317,48.1333,1.0044864196470282,TRUE,1422,1440,FALSE
TUM::TUM_S007::2024-07-02,TUM,TUM::TUM_S007,2024-07-02,0.08333333333333333,0.08333333333333333,17.339815451171663,3.451490456253607,48.1333,1.0044864196470282,TRUE,1440,1440,FALSE
TUM::TUM_S007::2024-07-03,TUM,TUM::TUM_S007,2024-07-03,0.05,0.05,17.319866269760663,3.4315412748426066,48.1333,1.0044864196470282,TRUE,1391,1440,FALSE
TUM::TUM_S007::2024-07-04,TUM,TUM::TUM_S007,2024-07-04,0.8,0.8,17.298388759096465,3.4100637641784086,48.1333,1.0044864196470282,TRUE,1363,1440,FALSE
TUM::TUM_S007::2024-07-05,TUM,TUM::TUM_S007,2024-07-05,0.3,0.3,17.275409334103266,3.3870843391852095,48.1333,1.0044864196470282,TRUE,1440,1440,FALSE
TUM::TUM_S007::2024-07-06,TUM,TUM::TUM_S007,2024-07-06,0.48333333333333334,0.48333333333333334,17.250955771075354,3.3626307761572978,48.1333,1.0044864196470282,TRUE,1440,1440,FALSE
TUM::TUM_S007::2024-07-07,TUM,TUM::TUM_S007,2024-07-07,0.03333333333333333,0.03333333333333333,17.225057096150188,3.3367321012321316,48.1333,1.0044864196470282,TRUE,1386,1440,FALSE
TUM::TUM_S008::2024-07-09,TUM,TUM::TUM_S008,2024-07-09,0.26666666666666666,0.26666666666666666,17.169046083688738,3.2807210887706812,48.1333,1.0044864196470282,TRUE,1243,1440,FALSE
TUM::TUM_S008::2024-07-10,TUM,TUM::TUM_S008,2024-07-10,1.8166666666666667,1.8166666666666667,17.138997023701666,3.25067202878361,48.1333,1.0044864196470282,TRUE,1387,1440,FALSE
TUM::TUM_S008::2024-07-11,TUM,TUM::TUM_S008,2024-07-11,1.8833333333333333,1.8833333333333333,17.10762917962339,3.2193041847053347,48.1333,1.0044864196470282,TRUE,1265,1440,FALSE
TUM::TUM_S008::2024-07-12,TUM,TUM::TUM_S008,2024-07-12,1.8166666666666667,1.8166666666666667,17.074976120856075,3.1866511259380186,48.1333,1.0044864196470282,TRUE,1370,1440,FALSE
TUM::TUM_S008::2024-07-13,TUM,TUM::TUM_S008,2024-07-13,1.9,1.9,17.041071989602514,3.152746994684458,48.1333,1.0044864196470282,TRUE,1299,1440,FALSE
TUM::TUM_S008::2024-07-14,TUM,TUM::TUM_S008,2024-07-14,4.633333333333334,4.633333333333334,17.005951392915513,3.1176263979974568,48.1333,1.0044864196470282,TRUE,1195,1440,FALSE
TUM::TUM_S009::2024-07-16,TUM,TUM::TUM_S009,2024-07-16,2.35,2.35,16.932200935615434,3.0438759406973777,48.1333,1.0044864196470282,TRUE,1440,1440,FALSE
TUM::TUM_S009::2024-07-17,TUM,TUM::TUM_S009,2024-07-17,2.5,2.5,16.89364169617494,3.0053167012568824,48.1333,1.0044864196470282,TRUE,1440,1440,FALSE
TUM::TUM_S009::2024-07-18,TUM,TUM::TUM_S009,2024-07-18,7.116666666666666,7.116666666666666,16.85400704509682,2.9656820501787653,48.1333,1.0044864196470282,TRUE,1440,1440,FALSE
TUM::TUM_S009::2024-07-19,TUM,TUM::TUM_S009,2024-07-19,4.833333333333333,4.833333333333333,16.813332432177333,2.9250074372592767,48.1333,1.0044864196470282,TRUE,1440,1440,FALSE
TUM::TUM_S009::2024-07-20,TUM,TUM::TUM_S009,2024-07-20,3.933333333333333,3.933333333333333,16.77165320912997,2.8833282142119128,48.1333,1.0044864196470282,TRUE,1383,1440,FALSE
TUM::TUM_S009::2024-07-21,TUM,TUM::TUM_S009,2024-07-21,0.4166666666666667,0.4166666666666667,16.729004553026623,2.840679558108567,48.1333,1.0044864196470282,TRUE,1427,1440,FALSE
TUM::TUM_S010::2024-07-23,TUM,TUM::TUM_S010,2024-07-23,0.4,0.4,16.640938344730273,2.7526133498122167,48.1333,1.0044864196470282,TRUE,1195,1440,FALSE
TUM::TUM_S010::2024-07-24,TUM,TUM::TUM_S010,2024-07-24,1.05,1.05,16.595589646233453,2.7072646513153966,48.1333,1.0044864196470282,TRUE,1362,1440,FALSE
TUM::TUM_S010::2024-07-25,TUM,TUM::TUM_S010,2024-07-25,0.7333333333333333,0.7333333333333333,16.54940910299619,2.661084108078134,48.1333,1.0044864196470282,TRUE,1269,1440,FALSE
TUM::TUM_S010::2024-07-26,TUM,TUM::TUM_S010,2024-07-26,0.3333333333333333,0.3333333333333333,16.502430035074553,2.614105040156497,48.1333,1.0044864196470282,TRUE,1331,1440,FALSE
TUM::TUM_S010::2024-07-27,TUM,TUM::TUM_S010,2024-07-27,0.4166666666666667,0.4166666666666667,16.454685231116084,2.5663602361980278,48.1333,1.0044864196470282,TRUE,1372,1440,FALSE
TUM::TUM_S010::2024-07-28,TUM,TUM::TUM_S010,2024-07-28,0,0,16.40620690557692,2.517881910658863,48.1333,1.0044864196470282,TRUE,1435,1440,FALSE
UCR::UCR_S001::2025-06-17,UCR,UCR::UCR_S001,2025-06-17,0.7666666666666667,0.7666666666666667,13.473499963151085,-0.4148250317669717,9.9372,-2.8151235803529713,TRUE,1357,1440,FALSE
UCR::UCR_S001::2025-06-18,UCR,UCR::UCR_S001,2025-06-18,2.0166666666666666,2.0166666666666666,13.474199655519591,-0.4141253393984652,9.9372,-2.8151235803529713,TRUE,1419,1440,FALSE
UCR::UCR_S001::2025-06-19,UCR,UCR::UCR_S001,2025-06-19,2.3666666666666667,2.3666666666666667,13.474654420481787,-0.413670574436269,9.9372,-2.8151235803529713,TRUE,1411,1440,FALSE
UCR::UCR_S001::2025-06-22,UCR,UCR::UCR_S001,2025-06-22,1.1833333333333333,1.1833333333333333,13.474547087020344,-0.4137779078977122,9.9372,-2.8151235803529713,TRUE,1384,1440,FALSE
UCR::UCR_S002::2025-06-17,UCR,UCR::UCR_S002,2025-06-17,2.4166666666666665,2.4166666666666665,13.473499963151085,-0.4148250317669717,9.9372,-2.8151235803529713,TRUE,1419,1440,FALSE
UCR::UCR_S002::2025-06-18,UCR,UCR::UCR_S002,2025-06-18,0.26666666666666666,0.26666666666666666,13.474199655519591,-0.4141253393984652,9.9372,-2.8151235803529713,TRUE,1429,1440,FALSE
UCR::UCR_S002::2025-06-19,UCR,UCR::UCR_S002,2025-06-19,0.5333333333333333,0.5333333333333333,13.474654420481787,-0.413670574436269,9.9372,-2.8151235803529713,TRUE,1440,1440,FALSE
UCR::UCR_S002::2025-06-20,UCR,UCR::UCR_S002,2025-06-20,0.31666666666666665,0.31666666666666665,13.474863940808508,-0.4134610541095487,9.9372,-2.8151235803529713,TRUE,1428,1440,FALSE
UCR::UCR_S002::2025-06-21,UCR,UCR::UCR_S002,2025-06-21,0.6833333333333333,0.6833333333333333,13.47482812086741,-0.4134968740506455,9.9372,-2.8151235803529713,TRUE,1440,1440,FALSE
UCR::UCR_S002::2025-06-22,UCR,UCR::UCR_S002,2025-06-22,0.15,0.15,13.474547087020344,-0.4137779078977122,9.9372,-2.8151235803529713,TRUE,1440,1440,FALSE
UCR::UCR_S003::2025-06-17,UCR,UCR::UCR_S003,2025-06-17,0.5833333333333334,0.5833333333333334,13.473499963151085,-0.4148250317669717,9.9372,-2.8151235803529713,TRUE,1367,1440,FALSE
UCR::UCR_S003::2025-06-18,UCR,UCR::UCR_S003,2025-06-18,0.13333333333333333,0.13333333333333333,13.474199655519591,-0.4141253393984652,9.9372,-2.8151235803529713,TRUE,1440,1440,FALSE
UCR::UCR_S003::2025-06-19,UCR,UCR::UCR_S003,2025-06-19,0.65,0.65,13.474654420481787,-0.413670574436269,9.9372,-2.8151235803529713,TRUE,1440,1440,FALSE
UCR::UCR_S003::2025-06-20,UCR,UCR::UCR_S003,2025-06-20,0.35,0.35,13.474863940808508,-0.4134610541095487,9.9372,-2.8151235803529713,TRUE,1183,1440,FALSE
UCR::UCR_S003::2025-06-22,UCR,UCR::UCR_S003,2025-06-22,0.016666666666666666,0.016666666666666666,13.474547087020344,-0.4137779078977122,9.9372,-2.8151235803529713,TRUE,1349,1440,FALSE
UCR::UCR_S004::2025-06-24,UCR,UCR::UCR_S004,2025-06-24,0.7666666666666667,0.7666666666666667,13.473250989052984,-0.4150740058650726,9.9372,-2.8151235803529713,TRUE,1393,1440,FALSE
UCR::UCR_S004::2025-06-25,UCR,UCR::UCR_S004,2025-06-25,0.6833333333333333,0.6833333333333333,13.472237280209859,-0.4160877147081976,9.9372,-2.8151235803529713,TRUE,1185,1440,FALSE
UCR::UCR_S004::2025-06-26,UCR,UCR::UCR_S004,2025-06-26,1.6,1.6,13.470981064306365,-0.4173439306116915,9.9372,-2.8151235803529713,TRUE,1405,1440,FALSE
UCR::UCR_S004::2025-06-27,UCR,UCR::UCR_S004,2025-06-27,0.15,0.15,13.469483559065395,-0.4188414358526611,9.9372,-2.8151235803529713,TRUE,1308,1440,FALSE
UCR::UCR_S004::2025-06-28,UCR,UCR::UCR_S004,2025-06-28,0.05,0.05,13.467746192746691,-0.4205788021713648,9.9372,-2.8151235803529713,TRUE,1375,1440,FALSE
UCR::UCR_S004::2025-06-29,UCR,UCR::UCR_S004,2025-06-29,0.38333333333333336,0.38333333333333336,13.465770600769256,-0.4225543941488006,9.9372,-2.8151235803529713,TRUE,1440,1440,FALSE
UCR::UCR_S005::2025-06-24,UCR,UCR::UCR_S005,2025-06-24,0,0,13.473250989052984,-0.4150740058650726,9.9372,-2.8151235803529713,TRUE,1409,1440,FALSE
UCR::UCR_S005::2025-06-25,UCR,UCR::UCR_S005,2025-06-25,0,0,13.472237280209859,-0.4160877147081976,9.9372,-2.8151235803529713,TRUE,1439,1440,FALSE
UCR::UCR_S005::2025-06-26,UCR,UCR::UCR_S005,2025-06-26,0.26666666666666666,0.26666666666666666,13.470981064306365,-0.4173439306116915,9.9372,-2.8151235803529713,TRUE,1422,1440,FALSE
UCR::UCR_S005::2025-06-27,UCR,UCR::UCR_S005,2025-06-27,0,0,13.469483559065395,-0.4188414358526611,9.9372,-2.8151235803529713,TRUE,1165,1440,FALSE
UCR::UCR_S005::2025-06-29,UCR,UCR::UCR_S005,2025-06-29,0.016666666666666666,0.016666666666666666,13.465770600769256,-0.4225543941488006,9.9372,-2.8151235803529713,TRUE,1419,1440,FALSE
UCR::UCR_S006::2025-06-24,UCR,UCR::UCR_S006,2025-06-24,2.1333333333333333,2.1333333333333333,13.473250989052984,-0.4150740058650726,9.9372,-2.8151235803529713,TRUE,1388,1440,FALSE
UCR::UCR_S006::2025-06-25,UCR,UCR::UCR_S006,2025-06-25,1.75,1.75,13.472237280209859,-0.4160877147081976,9.9372,-2.8151235803529713,TRUE,1288,1440,FALSE
UCR::UCR_S006::2025-06-26,UCR,UCR::UCR_S006,2025-06-26,0.7666666666666667,0.7666666666666667,13.470981064306365,-0.4173439306116915,9.9372,-2.8151235803529713,TRUE,1346,1440,FALSE
UCR::UCR_S006::2025-06-27,UCR,UCR::UCR_S006,2025-06-27,0.03333333333333333,0.03333333333333333,13.469483559065395,-0.4188414358526611,9.9372,-2.8151235803529713,TRUE,1300,1440,FALSE
UCR::UCR_S006::2025-06-28,UCR,UCR::UCR_S006,2025-06-28,1.15,1.15,13.467746192746691,-0.4205788021713648,9.9372,-2.8151235803529713,TRUE,1362,1440,FALSE
UCR::UCR_S006::2025-06-29,UCR,UCR::UCR_S006,2025-06-29,1.3,1.3,13.465770600769256,-0.4225543941488006,9.9372,-2.8151235803529713,TRUE,1343,1440,FALSE
UCR::UCR_S007::2025-07-01,UCR,UCR::UCR_S007,2025-07-01,4.833333333333333,4.833333333333333,13.461112287971709,-0.4272127069463476,9.9372,-2.8151235803529713,TRUE,1408,1440,FALSE
UCR::UCR_S007::2025-07-02,UCR,UCR::UCR_S007,2025-07-02,0,0,13.458433830208248,-0.42989116470980804,9.9372,-2.8151235803529713,TRUE,1440,1440,FALSE
UCR::UCR_S007::2025-07-03,UCR,UCR::UCR_S007,2025-07-03,0.2,0.2,13.455525661706924,-0.4327993332111326,9.9372,-2.8151235803529713,TRUE,1373,1440,FALSE
UCR::UCR_S007::2025-07-04,UCR,UCR::UCR_S007,2025-07-04,1.25,1.25,13.45239037712415,-0.4359346177939063,9.9372,-2.8151235803529713,TRUE,1415,1440,FALSE
UCR::UCR_S007::2025-07-05,UCR,UCR::UCR_S007,2025-07-05,0,0,13.449030745095676,-0.43929424982237997,9.9372,-2.8151235803529713,TRUE,1423,1440,FALSE
UCR::UCR_S007::2025-07-06,UCR,UCR::UCR_S007,2025-07-06,0.08333333333333333,0.08333333333333333,13.445449701017804,-0.4428752939002525,9.9372,-2.8151235803529713,TRUE,1421,1440,FALSE
UCR::UCR_S008::2025-07-01,UCR,UCR::UCR_S008,2025-07-01,1.4166666666666667,1.4166666666666667,13.461112287971709,-0.4272127069463476,9.9372,-2.8151235803529713,TRUE,1226,1440,FALSE
UCR::UCR_S008::2025-07-02,UCR,UCR::UCR_S008,2025-07-02,0.25,0.25,13.458433830208248,-0.42989116470980804,9.9372,-2.8151235803529713,TRUE,1274,1440,FALSE
UCR::UCR_S008::2025-07-03,UCR,UCR::UCR_S008,2025-07-03,0.8,0.8,13.455525661706924,-0.4327993332111326,9.9372,-2.8151235803529713,TRUE,1249,1440,FALSE
UCR::UCR_S008::2025-07-04,UCR,UCR::UCR_S008,2025-07-04,0.4666666666666667,0.4666666666666667,13.45239037712415,-0.4359346177939063,9.9372,-2.8151235803529713,TRUE,1360,1440,FALSE
UCR::UCR_S008::2025-07-05,UCR,UCR::UCR_S008,2025-07-05,1.0333333333333334,1.0333333333333334,13.449030745095676,-0.43929424982237997,9.9372,-2.8151235803529713,TRUE,1401,1440,FALSE
UCR::UCR_S008::2025-07-06,UCR,UCR::UCR_S008,2025-07-06,5.566666666666666,5.566666666666666,13.445449701017804,-0.4428752939002525,9.9372,-2.8151235803529713,TRUE,1440,1440,FALSE
UCR::UCR_S009::2025-07-01,UCR,UCR::UCR_S009,2025-07-01,1.8333333333333333,1.8333333333333333,13.461112287971709,-0.4272127069463476,9.9372,-2.8151235803529713,TRUE,1440,1440,FALSE
UCR::UCR_S009::2025-07-02,UCR,UCR::UCR_S009,2025-07-02,3.683333333333333,3.683333333333333,13.458433830208248,-0.42989116470980804,9.9372,-2.8151235803529713,TRUE,1440,1440,FALSE
UCR::UCR_S009::2025-07-03,UCR,UCR::UCR_S009,2025-07-03,2.2333333333333334,2.2333333333333334,13.455525661706924,-0.4327993332111326,9.9372,-2.8151235803529713,TRUE,1440,1440,FALSE
UCR::UCR_S009::2025-07-04,UCR,UCR::UCR_S009,2025-07-04,1.4,1.4,13.45239037712415,-0.4359346177939063,9.9372,-2.8151235803529713,TRUE,1440,1440,FALSE
UCR::UCR_S009::2025-07-05,UCR,UCR::UCR_S009,2025-07-05,0,0,13.449030745095676,-0.43929424982237997,9.9372,-2.8151235803529713,TRUE,1440,1440,FALSE
UCR::UCR_S009::2025-07-06,UCR,UCR::UCR_S009,2025-07-06,0.5,0.5,13.445449701017804,-0.4428752939002525,9.9372,-2.8151235803529713,TRUE,1440,1440,FALSE
UCR::UCR_S010::2025-07-08,UCR,UCR::UCR_S010,2025-07-08,0.7833333333333333,0.7833333333333333,13.4376359107097,-0.4506890842083564,9.9372,-2.8151235803529713,TRUE,1410,1440,FALSE
UCR::UCR_S010::2025-07-09,UCR,UCR::UCR_S010,2025-07-09,0.9666666666666667,0.9666666666666667,13.433409804105759,-0.45491519081229725,9.9372,-2.8151235803529713,TRUE,1417,1440,FALSE
UCR::UCR_S010::2025-07-10,UCR,UCR::UCR_S010,2025-07-10,0.8666666666666667,0.8666666666666667,13.428975549274021,-0.459349445644035,9.9372,-2.8151235803529713,TRUE,1320,1440,FALSE
UCR::UCR_S010::2025-07-11,UCR,UCR::UCR_S010,2025-07-11,0.8333333333333334,0.8333333333333334,13.424336803423033,-0.463988191495023,9.9372,-2.8151235803529713,TRUE,1422,1440,FALSE
UCR::UCR_S010::2025-07-12,UCR,UCR::UCR_S010,2025-07-12,6.5,6.5,13.419497343699136,-0.4688276512189198,9.9372,-2.8151235803529713,TRUE,1440,1440,FALSE
UCR::UCR_S010::2025-07-13,UCR,UCR::UCR_S010,2025-07-13,1.8833333333333333,1.8833333333333333,13.414461059305403,-0.4738639356126537,9.9372,-2.8151235803529713,TRUE,1432,1440,FALSE
UCR::UCR_S011::2025-07-08,UCR,UCR::UCR_S011,2025-07-08,3.1333333333333333,3.1333333333333333,13.4376359107097,-0.4506890842083564,9.9372,-2.8151235803529713,TRUE,1254,1440,FALSE
UCR::UCR_S011::2025-07-09,UCR,UCR::UCR_S011,2025-07-09,2.8666666666666667,2.8666666666666667,13.433409804105759,-0.45491519081229725,9.9372,-2.8151235803529713,TRUE,1231,1440,FALSE
UCR::UCR_S011::2025-07-10,UCR,UCR::UCR_S011,2025-07-10,1.0666666666666667,1.0666666666666667,13.428975549274021,-0.459349445644035,9.9372,-2.8151235803529713,TRUE,1241,1440,FALSE
UCR::UCR_S011::2025-07-11,UCR,UCR::UCR_S011,2025-07-11,3.05,3.05,13.424336803423033,-0.463988191495023,9.9372,-2.8151235803529713,TRUE,1235,1440,FALSE
UCR::UCR_S011::2025-07-12,UCR,UCR::UCR_S011,2025-07-12,0.7333333333333333,0.7333333333333333,13.419497343699136,-0.4688276512189198,9.9372,-2.8151235803529713,TRUE,1223,1440,FALSE
UCR::UCR_S011::2025-07-13,UCR,UCR::UCR_S011,2025-07-13,0.5,0.5,13.414461059305403,-0.4738639356126537,9.9372,-2.8151235803529713,TRUE,1347,1440,FALSE
UCR::UCR_S012::2025-07-08,UCR,UCR::UCR_S012,2025-07-08,2.466666666666667,2.466666666666667,13.4376359107097,-0.4506890842083564,9.9372,-2.8151235803529713,TRUE,1250,1440,FALSE
UCR::UCR_S012::2025-07-09,UCR,UCR::UCR_S012,2025-07-09,3.283333333333333,3.283333333333333,13.433409804105759,-0.45491519081229725,9.9372,-2.8151235803529713,TRUE,1383,1440,FALSE
UCR::UCR_S012::2025-07-10,UCR,UCR::UCR_S012,2025-07-10,0.6833333333333333,0.6833333333333333,13.428975549274021,-0.459349445644035,9.9372,-2.8151235803529713,TRUE,1260,1440,FALSE
UCR::UCR_S012::2025-07-11,UCR,UCR::UCR_S012,2025-07-11,0.05,0.05,13.424336803423033,-0.463988191495023,9.9372,-2.8151235803529713,TRUE,1440,1440,FALSE
UCR::UCR_S012::2025-07-12,UCR,UCR::UCR_S012,2025-07-12,0.08333333333333333,0.08333333333333333,13.419497343699136,-0.4688276512189198,9.9372,-2.8151235803529713,TRUE,1440,1440,FALSE
UCR::UCR_S012::2025-07-13,UCR,UCR::UCR_S012,2025-07-13,0.5333333333333333,0.5333333333333333,13.414461059305403,-0.4738639356126537,9.9372,-2.8151235803529713,TRUE,1440,1440,FALSE
UCR::UCR_S013::2025-07-08,UCR,UCR::UCR_S013,2025-07-08,1.9,1.9,13.4376359107097,-0.4506890842083564,9.9372,-2.8151235803529713,TRUE,1413,1440,FALSE
UCR::UCR_S013::2025-07-09,UCR,UCR::UCR_S013,2025-07-09,2.3333333333333335,2.3333333333333335,13.433409804105759,-0.45491519081229725,9.9372,-2.8151235803529713,TRUE,1395,1440,FALSE
UCR::UCR_S013::2025-07-10,UCR,UCR::UCR_S013,2025-07-10,1.4666666666666666,1.4666666666666666,13.428975549274021,-0.459349445644035,9.9372,-2.8151235803529713,TRUE,1440,1440,FALSE
UCR::UCR_S013::2025-07-11,UCR,UCR::UCR_S013,2025-07-11,0,0,13.424336803423033,-0.463988191495023,9.9372,-2.8151235803529713,TRUE,1440,1440,FALSE
UCR::UCR_S013::2025-07-12,UCR,UCR::UCR_S013,2025-07-12,1.85,1.85,13.419497343699136,-0.4688276512189198,9.9372,-2.8151235803529713,TRUE,1440,1440,FALSE
UCR::UCR_S013::2025-07-13,UCR,UCR::UCR_S013,2025-07-13,0.18333333333333332,0.18333333333333332,13.414461059305403,-0.4738639356126537,9.9372,-2.8151235803529713,TRUE,1387,1440,FALSE
UCR::UCR_S014::2025-07-15,UCR,UCR::UCR_S014,2025-07-15,2.216666666666667,2.216666666666667,13.40381408115228,-0.48451091376577615,9.9372,-2.8151235803529713,TRUE,1416,1440,FALSE
UCR::UCR_S014::2025-07-16,UCR,UCR::UCR_S014,2025-07-16,2.9833333333333334,2.9833333333333334,13.398211648133065,-0.49011334678499097,9.9372,-2.8151235803529713,TRUE,1435,1440,FALSE
UCR::UCR_S014::2025-07-17,UCR,UCR::UCR_S014,2025-07-17,2.2,2.2,13.392428895102606,-0.49589609981545024,9.9372,-2.8151235803529713,TRUE,1424,1440,FALSE
UCR::UCR_S014::2025-07-18,UCR,UCR::UCR_S014,2025-07-18,1.3,1.3,13.386470142934057,-0.5018548519839996,9.9372,-2.8151235803529713,TRUE,1350,1440,FALSE
UCR::UCR_S014::2025-07-19,UCR,UCR::UCR_S014,2025-07-19,2.0166666666666666,2.0166666666666666,13.38033977356222,-0.5079852213558365,9.9372,-2.8151235803529713,TRUE,1385,1440,FALSE
UCR::UCR_S014::2025-07-20,UCR,UCR::UCR_S014,2025-07-20,3.85,3.85,13.37404222170512,-0.5142827732129369,9.9372,-2.8151235803529713,TRUE,1424,1440,FALSE
UCR::UCR_S015::2025-07-15,UCR,UCR::UCR_S015,2025-07-15,1.85,1.85,13.40381408115228,-0.48451091376577615,9.9372,-2.8151235803529713,TRUE,1202,1440,FALSE
UCR::UCR_S015::2025-07-16,UCR,UCR::UCR_S015,2025-07-16,1.1,1.1,13.398211648133065,-0.49011334678499097,9.9372,-2.8151235803529713,TRUE,1350,1440,FALSE
UCR::UCR_S015::2025-07-17,UCR,UCR::UCR_S015,2025-07-17,2.8333333333333335,2.8333333333333335,13.392428895102606,-0.49589609981545024,9.9372,-2.8151235803529713,TRUE,1440,1440,FALSE
UCR::UCR_S015::2025-07-18,UCR,UCR::UCR_S015,2025-07-18,0.016666666666666666,0.016666666666666666,13.386470142934057,-0.5018548519839996,9.9372,-2.8151235803529713,TRUE,1426,1440,FALSE
UCR::UCR_S015::2025-07-19,UCR,UCR::UCR_S015,2025-07-19,4.416666666666667,4.416666666666667,13.38033977356222,-0.5079852213558365,9.9372,-2.8151235803529713,TRUE,1440,1440,FALSE
UCR::UCR_S015::2025-07-20,UCR,UCR::UCR_S015,2025-07-20,6.7,6.7,13.37404222170512,-0.5142827732129369,9.9372,-2.8151235803529713,TRUE,1440,1440,FALSE
UCR::UCR_S016::2025-07-15,UCR,UCR::UCR_S016,2025-07-15,2.25,2.25,13.40381408115228,-0.48451091376577615,9.9372,-2.8151235803529713,TRUE,1382,1440,FALSE
UCR::UCR_S016::2025-07-16,UCR,UCR::UCR_S016,2025-07-16,0.7666666666666667,0.7666666666666667,13.398211648133065,-0.49011334678499097,9.9372,-2.8151235803529713,TRUE,1378,1440,FALSE
UCR::UCR_S016::2025-07-17,UCR,UCR::UCR_S016,2025-07-17,0.6166666666666667,0.6166666666666667,13.392428895102606,-0.49589609981545024,9.9372,-2.8151235803529713,TRUE,1440,1440,FALSE
UCR::UCR_S016::2025-07-18,UCR,UCR::UCR_S016,2025-07-18,0.7333333333333333,0.7333333333333333,13.386470142934057,-0.5018548519839996,9.9372,-2.8151235803529713,TRUE,1381,1440,FALSE
UCR::UCR_S016::2025-07-19,UCR,UCR::UCR_S016,2025-07-19,0.1,0.1,13.38033977356222,-0.5079852213558365,9.9372,-2.8151235803529713,TRUE,1395,1440,FALSE
UCR::UCR_S016::2025-07-20,UCR,UCR::UCR_S016,2025-07-20,0.85,0.85,13.37404222170512,-0.5142827732129369,9.9372,-2.8151235803529713,TRUE,1387,1440,FALSE
UCR::UCR_S017::2025-07-15,UCR,UCR::UCR_S017,2025-07-15,0.13333333333333333,0.13333333333333333,13.40381408115228,-0.48451091376577615,9.9372,-2.8151235803529713,TRUE,1363,1440,FALSE
UCR::UCR_S017::2025-07-16,UCR,UCR::UCR_S017,2025-07-16,0,0,13.398211648133065,-0.49011334678499097,9.9372,-2.8151235803529713,TRUE,1423,1440,FALSE
UCR::UCR_S017::2025-07-17,UCR,UCR::UCR_S017,2025-07-17,0.06666666666666667,0.06666666666666667,13.392428895102606,-0.49589609981545024,9.9372,-2.8151235803529713,TRUE,1407,1440,FALSE
UCR::UCR_S017::2025-07-18,UCR,UCR::UCR_S017,2025-07-18,0,0,13.386470142934057,-0.5018548519839996,9.9372,-2.8151235803529713,TRUE,1244,1440,FALSE
UCR::UCR_S017::2025-07-19,UCR,UCR::UCR_S017,2025-07-19,0.15,0.15,13.38033977356222,-0.5079852213558365,9.9372,-2.8151235803529713,TRUE,1360,1440,FALSE
UCR::UCR_S017::2025-07-20,UCR,UCR::UCR_S017,2025-07-20,0.3,0.3,13.37404222170512,-0.5142827732129369,9.9372,-2.8151235803529713,TRUE,1440,1440,FALSE
UCR::UCR_S018::2025-07-21,UCR,UCR::UCR_S018,2025-07-21,0.9666666666666667,0.9666666666666667,13.367581967049174,-0.5207430278688818,9.9372,-2.8151235803529713,TRUE,1404,1440,FALSE
UCR::UCR_S018::2025-07-22,UCR,UCR::UCR_S018,2025-07-22,0.05,0.05,13.36096352590455,-0.5273614690135062,9.9372,-2.8151235803529713,TRUE,1425,1440,FALSE
UCR::UCR_S018::2025-07-23,UCR,UCR::UCR_S018,2025-07-23,1.1666666666666667,1.1666666666666667,13.35419144378768,-0.53413355113037575,9.9372,-2.8151235803529713,TRUE,1409,1440,FALSE
UCR::UCR_S018::2025-07-24,UCR,UCR::UCR_S018,2025-07-24,0.6333333333333333,0.6333333333333333,13.347270287738906,-0.5410547071791498,9.9372,-2.8151235803529713,TRUE,1368,1440,FALSE
UCR::UCR_S018::2025-07-25,UCR,UCR::UCR_S018,2025-07-25,0,0,13.340204638971223,-0.5481203559468337,9.9372,-2.8151235803529713,TRUE,1417,1440,FALSE
UCR::UCR_S018::2025-07-26,UCR,UCR::UCR_S018,2025-07-26,0.4166666666666667,0.4166666666666667,13.332999085916413,-0.5553259090016436,9.9372,-2.8151235803529713,TRUE,1335,1440,FALSE
UCR::UCR_S018::2025-07-27,UCR,UCR::UCR_S018,2025-07-27,0.06666666666666667,0.06666666666666667,13.325658217271169,-0.5626667776468874,9.9372,-2.8151235803529713,TRUE,1440,1440,FALSE
UCR::UCR_S019::2025-07-22,UCR,UCR::UCR_S019,2025-07-22,0.25,0.25,13.36096352590455,-0.5273614690135062,9.9372,-2.8151235803529713,TRUE,1429,1440,FALSE
UCR::UCR_S019::2025-07-23,UCR,UCR::UCR_S019,2025-07-23,1.55,1.55,13.35419144378768,-0.53413355113037575,9.9372,-2.8151235803529713,TRUE,1423,1440,FALSE
UCR::UCR_S019::2025-07-24,UCR,UCR::UCR_S019,2025-07-24,1.1,1.1,13.347270287738906,-0.5410547071791498,9.9372,-2.8151235803529713,TRUE,1287,1440,FALSE
UCR::UCR_S019::2025-07-25,UCR,UCR::UCR_S019,2025-07-25,2.5166666666666666,2.5166666666666666,13.340204638971223,-0.5481203559468337,9.9372,-2.8151235803529713,TRUE,1408,1440,FALSE
UCR::UCR_S019::2025-07-26,UCR,UCR::UCR_S019,2025-07-26,1.2333333333333334,1.2333333333333334,13.332999085916413,-0.5553259090016436,9.9372,-2.8151235803529713,TRUE,1440,1440,FALSE
UCR::UCR_S019::2025-07-27,UCR,UCR::UCR_S019,2025-07-27,1.7,1.7,13.325658217271169,-0.5626667776468874,9.9372,-2.8151235803529713,TRUE,1440,1440,FALSE
UCR::UCR_S020::2025-07-22,UCR,UCR::UCR_S020,2025-07-22,0,0,13.36096352590455,-0.5273614690135062,9.9372,-2.8151235803529713,TRUE,1417,1440,FALSE
UCR::UCR_S020::2025-07-23,UCR,UCR::UCR_S020,2025-07-23,0.9166666666666666,0.9166666666666666,13.35419144378768,-0.53413355113037575,9.9372,-2.8151235803529713,TRUE,1407,1440,FALSE
UCR::UCR_S020::2025-07-24,UCR,UCR::UCR_S020,2025-07-24,1.5333333333333334,1.5333333333333334,13.347270287738906,-0.5410547071791498,9.9372,-2.8151235803529713,TRUE,1418,1440,FALSE
UCR::UCR_S020::2025-07-25,UCR,UCR::UCR_S020,2025-07-25,0.16666666666666666,0.16666666666666666,13.340204638971223,-0.5481203559468337,9.9372,-2.8151235803529713,TRUE,1428,1440,FALSE
UCR::UCR_S020::2025-07-26,UCR,UCR::UCR_S020,2025-07-26,0.95,0.95,13.332999085916413,-0.5553259090016436,9.9372,-2.8151235803529713,TRUE,1417,1440,FALSE
UCR::UCR_S020::2025-07-27,UCR,UCR::UCR_S020,2025-07-27,0.65,0.65,13.325658217271169,-0.5626667776468874,9.9372,-2.8151235803529713,TRUE,1405,1440,FALSE
UCR::UCR_S021::2025-07-22,UCR,UCR::UCR_S021,2025-07-22,1.4666666666666666,1.4666666666666666,13.36096352590455,-0.5273614690135062,9.9372,-2.8151235803529713,TRUE,1417,1440,FALSE
UCR::UCR_S021::2025-07-23,UCR,UCR::UCR_S021,2025-07-23,2.5166666666666666,2.5166666666666666,13.35419144378768,-0.53413355113037575,9.9372,-2.8151235803529713,TRUE,1440,1440,FALSE
UCR::UCR_S021::2025-07-24,UCR,UCR::UCR_S021,2025-07-24,3.3666666666666667,3.3666666666666667,13.347270287738906,-0.5410547071791498,9.9372,-2.8151235803529713,TRUE,1440,1440,FALSE
UCR::UCR_S021::2025-07-25,UCR,UCR::UCR_S021,2025-07-25,1.3666666666666667,1.3666666666666667,13.340204638971223,-0.5481203559468337,9.9372,-2.8151235803529713,TRUE,1410,1440,FALSE
UCR::UCR_S021::2025-07-26,UCR,UCR::UCR_S021,2025-07-26,0.8666666666666667,0.8666666666666667,13.332999085916413,-0.5553259090016436,9.9372,-2.8151235803529713,TRUE,1410,1440,FALSE
UCR::UCR_S021::2025-07-27,UCR,UCR::UCR_S021,2025-07-27,0.7166666666666667,0.7166666666666667,13.325658217271169,-0.5626667776468874,9.9372,-2.8151235803529713,TRUE,1427,1440,FALSE
UCR::UCR_S022::2025-07-29,UCR,UCR::UCR_S022,2025-07-29,0.4,0.4,13.310588850577671,-0.5777361443403848,9.9372,-2.8151235803529713,TRUE,1366,1440,FALSE
UCR::UCR_S022::2025-07-30,UCR,UCR::UCR_S022,2025-07-30,1.2,1.2,13.302869473960664,-0.5854555209573924,9.9372,-2.8151235803529713,TRUE,1293,1440,FALSE
UCR::UCR_S022::2025-07-31,UCR,UCR::UCR_S022,2025-07-31,0.2,0.2,13.295033012893464,-0.5932919820245921,9.9372,-2.8151235803529713,TRUE,1232,1440,FALSE
UCR::UCR_S022::2025-08-01,UCR,UCR::UCR_S022,2025-08-01,0.7,0.7,13.287083964943886,-0.6012410299741706,9.9372,-2.8151235803529713,TRUE,1218,1440,FALSE
UCR::UCR_S022::2025-08-02,UCR,UCR::UCR_S022,2025-08-02,0.016666666666666666,0.016666666666666666,13.279026792976591,-0.6092982019414652,9.9372,-2.8151235803529713,TRUE,1162,1440,FALSE
UCR::UCR_S022::2025-08-03,UCR,UCR::UCR_S022,2025-08-03,0,0,13.270865920583407,-0.6174590743346489,9.9372,-2.8151235803529713,TRUE,1440,1440,FALSE
UCR::UCR_S023::2025-07-29,UCR,UCR::UCR_S023,2025-07-29,1.2666666666666666,1.2666666666666666,13.310588850577671,-0.5777361443403848,9.9372,-2.8151235803529713,TRUE,1417,1440,FALSE
UCR::UCR_S023::2025-07-30,UCR,UCR::UCR_S023,2025-07-30,1.4666666666666666,1.4666666666666666,13.302869473960664,-0.5854555209573924,9.9372,-2.8151235803529713,TRUE,1416,1440,FALSE
UCR::UCR_S023::2025-07-31,UCR,UCR::UCR_S023,2025-07-31,2.783333333333333,2.783333333333333,13.295033012893464,-0.5932919820245921,9.9372,-2.8151235803529713,TRUE,1426,1440,FALSE
UCR::UCR_S023::2025-08-01,UCR,UCR::UCR_S023,2025-08-01,1.9333333333333333,1.9333333333333333,13.287083964943886,-0.6012410299741706,9.9372,-2.8151235803529713,TRUE,1414,1440,FALSE
UCR::UCR_S023::2025-08-02,UCR,UCR::UCR_S023,2025-08-02,0.45,0.45,13.279026792976591,-0.6092982019414652,9.9372,-2.8151235803529713,TRUE,1405,1440,FALSE
UCR::UCR_S023::2025-08-03,UCR,UCR::UCR_S023,2025-08-03,0.016666666666666666,0.016666666666666666,13.270865920583407,-0.6174590743346489,9.9372,-2.8151235803529713,TRUE,1417,1440,FALSE
UCR::UCR_S025::2025-08-05,UCR,UCR::UCR_S025,2025-08-05,0,0,13.254250544110933,-0.6340744508071232,9.9372,-2.8151235803529713,TRUE,1335,1440,FALSE
UCR::UCR_S025::2025-08-06,UCR,UCR::UCR_S025,2025-08-06,0.03333333333333333,0.03333333333333333,13.245804650915993,-0.6425203440020635,9.9372,-2.8151235803529713,TRUE,1306,1440,FALSE
UCR::UCR_S025::2025-08-07,UCR,UCR::UCR_S025,2025-08-07,0.11666666666666667,0.11666666666666667,13.237272271315257,-0.651052723602799,9.9372,-2.8151235803529713,TRUE,1312,1440,FALSE
UCR::UCR_S025::2025-08-08,UCR,UCR::UCR_S025,2025-08-08,0.26666666666666666,0.26666666666666666,13.228657570613755,-0.6596674243043008,9.9372,-2.8151235803529713,TRUE,1416,1440,FALSE
UCR::UCR_S025::2025-08-09,UCR,UCR::UCR_S025,2025-08-09,4.8,4.8,13.21996465212769,-0.6683603427903666,9.9372,-2.8151235803529713,TRUE,1406,1440,FALSE
UCR::UCR_S025::2025-08-10,UCR,UCR::UCR_S025,2025-08-10,0.08333333333333333,0.08333333333333333,13.211197554866473,-0.6771274400515832,9.9372,-2.8151235803529713,TRUE,1408,1440,FALSE
UCR::UCR_S026::2025-08-05,UCR,UCR::UCR_S026,2025-08-05,1.0333333333333334,1.0333333333333334,13.254250544110933,-0.6340744508071232,9.9372,-2.8151235803529713,TRUE,1397,1440,FALSE
UCR::UCR_S026::2025-08-06,UCR,UCR::UCR_S026,2025-08-06,2.1,2.1,13.245804650915993,-0.6425203440020635,9.9372,-2.8151235803529713,TRUE,1387,1440,FALSE
UCR::UCR_S026::2025-08-07,UCR,UCR::UCR_S026,2025-08-07,2.55,2.55,13.237272271315257,-0.651052723602799,9.9372,-2.8151235803529713,TRUE,1412,1440,FALSE
UCR::UCR_S026::2025-08-08,UCR,UCR::UCR_S026,2025-08-08,2.15,2.15,13.228657570613755,-0.6596674243043008,9.9372,-2.8151235803529713,TRUE,1420,1440,FALSE
UCR::UCR_S026::2025-08-09,UCR,UCR::UCR_S026,2025-08-09,3.5166666666666666,3.5166666666666666,13.21996465212769,-0.6683603427903666,9.9372,-2.8151235803529713,TRUE,1384,1440,FALSE
UCR::UCR_S026::2025-08-10,UCR,UCR::UCR_S026,2025-08-10,1.5833333333333333,1.5833333333333333,13.211197554866473,-0.6771274400515832,9.9372,-2.8151235803529713,TRUE,1440,1440,FALSE
UCR::UCR_S027::2025-08-05,UCR,UCR::UCR_S027,2025-08-05,0.7833333333333333,0.7833333333333333,13.254250544110933,-0.6340744508071232,9.9372,-2.8151235803529713,TRUE,1427,1440,FALSE
UCR::UCR_S027::2025-08-06,UCR,UCR::UCR_S027,2025-08-06,1.2833333333333334,1.2833333333333334,13.245804650915993,-0.6425203440020635,9.9372,-2.8151235803529713,TRUE,1440,1440,FALSE
UCR::UCR_S027::2025-08-07,UCR,UCR::UCR_S027,2025-08-07,3.683333333333333,3.683333333333333,13.237272271315257,-0.651052723602799,9.9372,-2.8151235803529713,TRUE,1429,1440,FALSE
UCR::UCR_S027::2025-08-08,UCR,UCR::UCR_S027,2025-08-08,1.9333333333333333,1.9333333333333333,13.228657570613755,-0.6596674243043008,9.9372,-2.8151235803529713,TRUE,1286,1440,FALSE
UCR::UCR_S027::2025-08-09,UCR,UCR::UCR_S027,2025-08-09,1.7833333333333334,1.7833333333333334,13.21996465212769,-0.6683603427903666,9.9372,-2.8151235803529713,TRUE,1427,1440,FALSE
UCR::UCR_S027::2025-08-10,UCR,UCR::UCR_S027,2025-08-10,2.2666666666666666,2.2666666666666666,13.211197554866473,-0.6771274400515832,9.9372,-2.8151235803529713,TRUE,1428,1440,FALSE
UCR::UCR_S028::2025-08-12,UCR,UCR::UCR_S028,2025-08-12,1.8666666666666667,1.8666666666666667,13.193456644680765,-0.6948683502372912,9.9372,-2.8151235803529713,TRUE,1360,1440,FALSE
UCR::UCR_S028::2025-08-13,UCR,UCR::UCR_S028,2025-08-13,0.6,0.6,13.184490568041802,-0.703834426876254,9.9372,-2.8151235803529713,TRUE,1424,1440,FALSE
UCR::UCR_S028::2025-08-14,UCR,UCR::UCR_S028,2025-08-14,0.2,0.2,13.175465781887372,-0.7128592130306846,9.9372,-2.8151235803529713,TRUE,1440,1440,FALSE
UCR::UCR_S028::2025-08-15,UCR,UCR::UCR_S028,2025-08-15,0.9666666666666667,0.9666666666666667,13.166385973360804,-0.7219390215572528,9.9372,-2.8151235803529713,TRUE,1440,1440,FALSE
UCR::UCR_S028::2025-08-16,UCR,UCR::UCR_S028,2025-08-16,6.5,6.5,13.157254754834705,-0.7310702400833513,9.9372,-2.8151235803529713,TRUE,1440,1440,FALSE
UCR::UCR_S028::2025-08-17,UCR,UCR::UCR_S028,2025-08-17,2.5833333333333335,2.5833333333333335,13.148075663381153,-0.7402493315369032,9.9372,-2.8151235803529713,TRUE,1440,1440,FALSE
UCR::UCR_S029::2025-08-12,UCR,UCR::UCR_S029,2025-08-12,0.05,0.05,13.193456644680765,-0.6948683502372912,9.9372,-2.8151235803529713,TRUE,1440,1440,FALSE
UCR::UCR_S029::2025-08-13,UCR,UCR::UCR_S029,2025-08-13,1.3,1.3,13.184490568041802,-0.703834426876254,9.9372,-2.8151235803529713,TRUE,1254,1440,FALSE
UCR::UCR_S029::2025-08-14,UCR,UCR::UCR_S029,2025-08-14,0.8333333333333334,0.8333333333333334,13.175465781887372,-0.7128592130306846,9.9372,-2.8151235803529713,TRUE,1284,1440,FALSE
UCR::UCR_S029::2025-08-15,UCR,UCR::UCR_S029,2025-08-15,4.633333333333334,4.633333333333334,13.166385973360804,-0.7219390215572528,9.9372,-2.8151235803529713,TRUE,1414,1440,FALSE
UCR::UCR_S029::2025-08-16,UCR,UCR::UCR_S029,2025-08-16,2.55,2.55,13.157254754834705,-0.7310702400833513,9.9372,-2.8151235803529713,TRUE,1278,1440,FALSE
UCR::UCR_S029::2025-08-17,UCR,UCR::UCR_S029,2025-08-17,4.116666666666666,4.116666666666666,13.148075663381153,-0.7402493315369032,9.9372,-2.8151235803529713,TRUE,1440,1440,FALSE
UCR::UCR_S030::2025-08-12,UCR,UCR::UCR_S030,2025-08-12,1.2833333333333334,1.2833333333333334,13.193456644680765,-0.6948683502372912,9.9372,-2.8151235803529713,TRUE,1411,1440,FALSE
UCR::UCR_S030::2025-08-13,UCR,UCR::UCR_S030,2025-08-13,6.066666666666666,6.066666666666666,13.184490568041802,-0.703834426876254,9.9372,-2.8151235803529713,TRUE,1407,1440,FALSE
UCR::UCR_S030::2025-08-14,UCR,UCR::UCR_S030,2025-08-14,4.216666666666667,4.216666666666667,13.175465781887372,-0.7128592130306846,9.9372,-2.8151235803529713,TRUE,1402,1440,FALSE
UCR::UCR_S030::2025-08-15,UCR,UCR::UCR_S030,2025-08-15,3.066666666666667,3.066666666666667,13.166385973360804,-0.7219390215572528,9.9372,-2.8151235803529713,TRUE,1376,1440,FALSE
UCR::UCR_S030::2025-08-16,UCR,UCR::UCR_S030,2025-08-16,0.9833333333333333,0.9833333333333333,13.157254754834705,-0.7310702400833513,9.9372,-2.8151235803529713,TRUE,1440,1440,FALSE
UCR::UCR_S030::2025-08-17,UCR,UCR::UCR_S030,2025-08-17,2.0166666666666666,2.0166666666666666,13.148075663381153,-0.7402493315369032,9.9372,-2.8151235803529713,TRUE,1283,1440,FALSE
UCR::UCR_S031::2025-08-19,UCR,UCR::UCR_S031,2025-08-19,0.4,0.4,13.129587629304991,-0.7587373656130652,9.9372,-2.8151235803529713,TRUE,1403,1440,FALSE
UCR::UCR_S031::2025-08-20,UCR,UCR::UCR_S031,2025-08-20,3.5166666666666666,3.5166666666666666,13.120285379158126,-0.7680396157599301,9.9372,-2.8151235803529713,TRUE,1421,1440,FALSE
UCR::UCR_S031::2025-08-21,UCR,UCR::UCR_S031,2025-08-21,0.5166666666666667,0.5166666666666667,13.11094864083661,-0.7773763540814471,9.9372,-2.8151235803529713,TRUE,1422,1440,FALSE
UCR::UCR_S031::2025-08-22,UCR,UCR::UCR_S031,2025-08-22,3.5,3.5,13.101580569346746,-0.7867444255713103,9.9372,-2.8151235803529713,TRUE,1404,1440,FALSE
UCR::UCR_S031::2025-08-23,UCR,UCR::UCR_S031,2025-08-23,2.4,2.4,13.092184243268436,-0.7961407516496202,9.9372,-2.8151235803529713,TRUE,1385,1440,FALSE
UCR::UCR_S031::2025-08-24,UCR,UCR::UCR_S031,2025-08-24,0.75,0.75,13.082762665947278,-0.8055623289707778,9.9372,-2.8151235803529713,TRUE,1417,1440,FALSE
UCR::UCR_S032::2025-08-19,UCR,UCR::UCR_S032,2025-08-19,2.0833333333333335,2.0833333333333335,13.129587629304991,-0.7587373656130652,9.9372,-2.8151235803529713,TRUE,1414,1440,FALSE
UCR::UCR_S032::2025-08-20,UCR,UCR::UCR_S032,2025-08-20,1.4,1.4,13.120285379158126,-0.7680396157599301,9.9372,-2.8151235803529713,TRUE,1299,1440,FALSE
UCR::UCR_S032::2025-08-21,UCR,UCR::UCR_S032,2025-08-21,2.4,2.4,13.11094864083661,-0.7773763540814471,9.9372,-2.8151235803529713,TRUE,1408,1440,FALSE
UCR::UCR_S032::2025-08-22,UCR,UCR::UCR_S032,2025-08-22,2.0166666666666666,2.0166666666666666,13.101580569346746,-0.7867444255713103,9.9372,-2.8151235803529713,TRUE,1359,1440,FALSE
UCR::UCR_S032::2025-08-23,UCR,UCR::UCR_S032,2025-08-23,0.6166666666666667,0.6166666666666667,13.092184243268436,-0.7961407516496202,9.9372,-2.8151235803529713,TRUE,1440,1440,FALSE
UCR::UCR_S032::2025-08-24,UCR,UCR::UCR_S032,2025-08-24,0.5833333333333334,0.5833333333333334,13.082762665947278,-0.8055623289707778,9.9372,-2.8151235803529713,TRUE,1338,1440,FALSE
UCR::UCR_S033::2025-08-19,UCR,UCR::UCR_S033,2025-08-19,1.8666666666666667,1.8666666666666667,13.129587629304991,-0.7587373656130652,9.9372,-2.8151235803529713,TRUE,1408,1440,FALSE
UCR::UCR_S033::2025-08-20,UCR,UCR::UCR_S033,2025-08-20,1.6,1.6,13.120285379158126,-0.7680396157599301,9.9372,-2.8151235803529713,TRUE,1423,1440,FALSE
UCR::UCR_S033::2025-08-21,UCR,UCR::UCR_S033,2025-08-21,1.7833333333333334,1.7833333333333334,13.11094864083661,-0.7773763540814471,9.9372,-2.8151235803529713,TRUE,1416,1440,FALSE
UCR::UCR_S033::2025-08-22,UCR,UCR::UCR_S033,2025-08-22,1.7333333333333334,1.7333333333333334,13.101580569346746,-0.7867444255713103,9.9372,-2.8151235803529713,TRUE,1440,1440,FALSE
UCR::UCR_S033::2025-08-23,UCR,UCR::UCR_S033,2025-08-23,0.85,0.85,13.092184243268436,-0.7961407516496202,9.9372,-2.8151235803529713,TRUE,1417,1440,FALSE
UCR::UCR_S033::2025-08-24,UCR,UCR::UCR_S033,2025-08-24,0.2833333333333333,0.2833333333333333,13.082762665947278,-0.8055623289707778,9.9372,-2.8151235803529713,TRUE,1440,1440,FALSE
UCR::UCR_S034::2025-08-26,UCR,UCR::UCR_S034,2025-08-26,3.6,3.6,13.06385539650917,-0.8244695984088857,9.9372,-2.8151235803529713,TRUE,1417,1440,FALSE
UCR::UCR_S034::2025-08-27,UCR,UCR::UCR_S034,2025-08-27,2.3666666666666667,2.3666666666666667,13.054375339680249,-0.8339496552378076,9.9372,-2.8151235803529713,TRUE,1417,1440,FALSE
UCR::UCR_S034::2025-08-28,UCR,UCR::UCR_S034,2025-08-28,0.7666666666666667,0.7666666666666667,13.044881304038896,-0.8434436908791607,9.9372,-2.8151235803529713,TRUE,1394,1440,FALSE
UCR::UCR_S034::2025-08-29,UCR,UCR::UCR_S034,2025-08-29,4.45,4.45,13.035375927819146,-0.8529490670989102,9.9372,-2.8151235803529713,TRUE,1414,1440,FALSE
UCR::UCR_S034::2025-08-30,UCR,UCR::UCR_S034,2025-08-30,3.65,3.65,13.025861779318916,-0.8624632155991403,9.9372,-2.8151235803529713,TRUE,1186,1440,FALSE
UCR::UCR_S034::2025-08-31,UCR,UCR::UCR_S034,2025-08-31,1.1333333333333333,1.1333333333333333,13.016341358820597,-0.8719836360974593,9.9372,-2.8151235803529713,TRUE,1440,1440,FALSE
UCR::UCR_S035::2025-08-27,UCR,UCR::UCR_S035,2025-08-27,1.0666666666666667,1.0666666666666667,13.054375339680249,-0.8339496552378076,9.9372,-2.8151235803529713,TRUE,1428,1440,FALSE
UCR::UCR_S035::2025-08-28,UCR,UCR::UCR_S035,2025-08-28,0.7666666666666667,0.7666666666666667,13.044881304038896,-0.8434436908791607,9.9372,-2.8151235803529713,TRUE,1423,1440,FALSE
UCR::UCR_S035::2025-08-29,UCR,UCR::UCR_S035,2025-08-29,2.15,2.15,13.035375927819146,-0.8529490670989102,9.9372,-2.8151235803529713,TRUE,1413,1440,FALSE
UCR::UCR_S035::2025-08-30,UCR,UCR::UCR_S035,2025-08-30,1.3,1.3,13.025861779318916,-0.8624632155991403,9.9372,-2.8151235803529713,TRUE,1413,1440,FALSE
UCR::UCR_S035::2025-08-31,UCR,UCR::UCR_S035,2025-08-31,0.5833333333333334,0.5833333333333334,13.016341358820597,-0.8719836360974593,9.9372,-2.8151235803529713,TRUE,1423,1440,FALSE
UCR::UCR_S035::2025-09-01,UCR,UCR::UCR_S035,2025-09-01,0.2,0.2,13.006817099849384,-0.8815078950686726,9.9372,-2.8151235803529713,TRUE,1421,1440,FALSE
UCR::UCR_S036::2025-08-27,UCR,UCR::UCR_S036,2025-08-27,1.1166666666666667,1.1166666666666667,13.054375339680249,-0.8339496552378076,9.9372,-2.8151235803529713,TRUE,1415,1440,FALSE
UCR::UCR_S036::2025-08-28,UCR,UCR::UCR_S036,2025-08-28,0.7333333333333333,0.7333333333333333,13.044881304038896,-0.8434436908791607,9.9372,-2.8151235803529713,TRUE,1440,1440,FALSE
UCR::UCR_S036::2025-08-29,UCR,UCR::UCR_S036,2025-08-29,0.75,0.75,13.035375927819146,-0.8529490670989102,9.9372,-2.8151235803529713,TRUE,1385,1440,FALSE
UCR::UCR_S036::2025-08-31,UCR,UCR::UCR_S036,2025-08-31,1.1166666666666667,1.1166666666666667,13.016341358820597,-0.8719836360974593,9.9372,-2.8151235803529713,TRUE,1166,1440,FALSE
UCR::UCR_S036::2025-09-01,UCR,UCR::UCR_S036,2025-09-01,2.066666666666667,2.066666666666667,13.006817099849384,-0.8815078950686726,9.9372,-2.8151235803529713,TRUE,1428,1440,FALSE
UCR::UCR_S037::2025-08-27,UCR,UCR::UCR_S037,2025-08-27,0.2,0.2,13.054375339680249,-0.8339496552378076,9.9372,-2.8151235803529713,TRUE,1409,1440,FALSE
UCR::UCR_S037::2025-08-28,UCR,UCR::UCR_S037,2025-08-28,0.31666666666666665,0.31666666666666665,13.044881304038896,-0.8434436908791607,9.9372,-2.8151235803529713,TRUE,1409,1440,FALSE
UCR::UCR_S037::2025-08-29,UCR,UCR::UCR_S037,2025-08-29,0.45,0.45,13.035375927819146,-0.8529490670989102,9.9372,-2.8151235803529713,TRUE,1419,1440,FALSE
UCR::UCR_S037::2025-08-30,UCR,UCR::UCR_S037,2025-08-30,2.283333333333333,2.283333333333333,13.025861779318916,-0.8624632155991403,9.9372,-2.8151235803529713,TRUE,1258,1440,FALSE
UCR::UCR_S037::2025-08-31,UCR,UCR::UCR_S037,2025-08-31,0.25,0.25,13.016341358820597,-0.8719836360974593,9.9372,-2.8151235803529713,TRUE,1192,1440,FALSE
UCR::UCR_S037::2025-09-01,UCR,UCR::UCR_S037,2025-09-01,0.26666666666666666,0.26666666666666666,13.006817099849384,-0.8815078950686726,9.9372,-2.8151235803529713,TRUE,1426,1440,FALSE
UCR::UCR_S038::2025-08-27,UCR,UCR::UCR_S038,2025-08-27,3.066666666666667,3.066666666666667,13.054375339680249,-0.8339496552378076,9.9372,-2.8151235803529713,TRUE,1416,1440,FALSE
UCR::UCR_S038::2025-08-28,UCR,UCR::UCR_S038,2025-08-28,0.6833333333333333,0.6833333333333333,13.044881304038896,-0.8434436908791607,9.9372,-2.8151235803529713,TRUE,1397,1440,FALSE
UCR::UCR_S038::2025-08-29,UCR,UCR::UCR_S038,2025-08-29,2.25,2.25,13.035375927819146,-0.8529490670989102,9.9372,-2.8151235803529713,TRUE,1424,1440,FALSE
UCR::UCR_S038::2025-08-30,UCR,UCR::UCR_S038,2025-08-30,0.35,0.35,13.025861779318916,-0.8624632155991403,9.9372,-2.8151235803529713,TRUE,1440,1440,FALSE
UCR::UCR_S038::2025-08-31,UCR,UCR::UCR_S038,2025-08-31,0.23333333333333334,0.23333333333333334,13.016341358820597,-0.8719836360974593,9.9372,-2.8151235803529713,TRUE,1440,1440,FALSE
UCR::UCR_S038::2025-09-01,UCR,UCR::UCR_S038,2025-09-01,0.8166666666666667,0.8166666666666667,13.006817099849384,-0.8815078950686726,9.9372,-2.8151235803529713,TRUE,1328,1440,FALSE
UCR::UCR_S039::2025-08-27,UCR,UCR::UCR_S039,2025-08-27,1.6,1.6,13.054375339680249,-0.8339496552378076,9.9372,-2.8151235803529713,TRUE,1427,1440,FALSE
UCR::UCR_S039::2025-08-28,UCR,UCR::UCR_S039,2025-08-28,1.35,1.35,13.044881304038896,-0.8434436908791607,9.9372,-2.8151235803529713,TRUE,1412,1440,FALSE
UCR::UCR_S039::2025-08-29,UCR,UCR::UCR_S039,2025-08-29,1.4833333333333334,1.4833333333333334,13.035375927819146,-0.8529490670989102,9.9372,-2.8151235803529713,TRUE,1409,1440,FALSE
UCR::UCR_S039::2025-08-30,UCR,UCR::UCR_S039,2025-08-30,2.683333333333333,2.683333333333333,13.025861779318916,-0.8624632155991403,9.9372,-2.8151235803529713,TRUE,1375,1440,FALSE
UCR::UCR_S039::2025-08-31,UCR,UCR::UCR_S039,2025-08-31,0.16666666666666666,0.16666666666666666,13.016341358820597,-0.8719836360974593,9.9372,-2.8151235803529713,TRUE,1179,1440,FALSE
UCR::UCR_S039::2025-09-01,UCR,UCR::UCR_S039,2025-09-01,1.3666666666666667,1.3666666666666667,13.006817099849384,-0.8815078950686726,9.9372,-2.8151235803529713,TRUE,1373,1440,FALSE
UCR::UCR_S040::2025-09-01,UCR,UCR::UCR_S040,2025-09-01,0.4,0.4,13.006817099849384,-0.8815078950686726,9.9372,-2.8151235803529713,TRUE,1418,1440,FALSE
UCR::UCR_S040::2025-09-02,UCR,UCR::UCR_S040,2025-09-02,0,0,12.997291370630265,-0.8910336242877914,9.9372,-2.8151235803529713,TRUE,1418,1440,FALSE
UCR::UCR_S040::2025-09-03,UCR,UCR::UCR_S040,2025-09-03,1.2833333333333334,1.2833333333333334,12.987766475809945,-0.9005585191081114,9.9372,-2.8151235803529713,TRUE,1421,1440,FALSE
UCR::UCR_S040::2025-09-04,UCR,UCR::UCR_S040,2025-09-04,1.3333333333333333,1.3333333333333333,12.978244658046298,-0.9100803368717578,9.9372,-2.8151235803529713,TRUE,1403,1440,FALSE
UCR::UCR_S040::2025-09-05,UCR,UCR::UCR_S040,2025-09-05,0.6333333333333333,0.6333333333333333,12.968728100061417,-0.9195968948566389,9.9372,-2.8151235803529713,TRUE,1346,1440,FALSE
UCR::UCR_S040::2025-09-06,UCR,UCR::UCR_S040,2025-09-06,1.1,1.1,12.959218925899929,-0.9291060690181272,9.9372,-2.8151235803529713,TRUE,1180,1440,FALSE
