panel,model_row_id,site,participant_key,x,y
residual_fitted,BAUA::BAUA_S001::2025-06-11,BAUA,BAUA::BAUA_S001,2.099725537039546,1.5236948001638502
residual_fitted,BAUA::BAUA_S001::2025-06-12,BAUA,BAUA::BAUA_S001,2.101066708724336,0.005521793992889307
residual_fitted,BAUA::BAUA_S001::2025-06-13,BAUA,BAUA::BAUA_S001,2.1022661397918614,0.9038837211078675
residual_fitted,BAUA::BAUA_S001::2025-06-14,BAUA,BAUA::BAUA_S001,2.1033220199892644,0.36941224104658327
residual_fitted,BAUA::BAUA_S001::2025-06-15,BAUA,BAUA::BAUA_S001,2.104232744413131,-3.631121962445779
residual_fitted,BAUA::BAUA_S001::2025-06-16,BAUA,BAUA::BAUA_S001,2.1049969230060457,1.085986838326071
residual_fitted,BAUA::BAUA_S002::2025-06-11,BAUA,BAUA::BAUA_S002,2.3806934932444266,0.3788924130311961
residual_fitted,BAUA::BAUA_S002::2025-06-12,BAUA,BAUA::BAUA_S002,2.3820346649292166,0.21664519376356597
residual_fitted,BAUA::BAUA_S002::2025-06-13,BAUA,BAUA::BAUA_S002,2.383234095996742,1.0166964554087303
residual_fitted,BAUA::BAUA_S002::2025-06-14,BAUA,BAUA::BAUA_S002,2.384289976194145,0.3358861528677017
residual_fitted,BAUA::BAUA_S002::2025-06-15,BAUA,BAUA::BAUA_S002,2.385200700618011,-0.09610223657010246
residual_fitted,BAUA::BAUA_S002::2025-06-16,BAUA,BAUA::BAUA_S002,2.385964879210926,-0.07431963256243904
residual_fitted,BAUA::BAUA_S003::2025-06-11,BAUA,BAUA::BAUA_S003,1.66116549021499,0.4714295270925866
residual_fitted,BAUA::BAUA_S003::2025-06-12,BAUA,BAUA::BAUA_S003,1.66250666189978,0.32970532739668756
residual_fitted,BAUA::BAUA_S003::2025-06-13,BAUA,BAUA::BAUA_S003,1.6637060929673053,-0.01250761081726707
residual_fitted,BAUA::BAUA_S003::2025-06-14,BAUA,BAUA::BAUA_S003,1.6647619731647083,-0.4328808491300568
residual_fitted,BAUA::BAUA_S003::2025-06-15,BAUA,BAUA::BAUA_S003,1.6656726975885747,-0.3002535132182119
residual_fitted,BAUA::BAUA_S003::2025-06-16,BAUA,BAUA::BAUA_S003,1.6664368761814896,-2.1711690176862457
residual_fitted,BAUA::BAUA_S004::2025-06-11,BAUA,BAUA::BAUA_S004,2.2076953588260793,0.519304888965688
residual_fitted,BAUA::BAUA_S004::2025-06-12,BAUA,BAUA::BAUA_S004,2.2090365305108692,0.47898192748431206
residual_fitted,BAUA::BAUA_S004::2025-06-13,BAUA,BAUA::BAUA_S004,2.2102359615783946,-0.13007553559401971
residual_fitted,BAUA::BAUA_S004::2025-06-14,BAUA,BAUA::BAUA_S004,2.2112918417757976,-0.17216457785131722
residual_fitted,BAUA::BAUA_S004::2025-06-15,BAUA,BAUA::BAUA_S004,2.212202566199664,-0.5874695885140574
residual_fitted,BAUA::BAUA_S004::2025-06-16,BAUA,BAUA::BAUA_S004,2.212966744792579,0.7330262925516341
residual_fitted,BAUA::BAUA_S005::2025-06-11,BAUA,BAUA::BAUA_S005,1.5499678920114035,-1.0787376122712091
residual_fitted,BAUA::BAUA_S005::2025-06-12,BAUA,BAUA::BAUA_S005,1.5513090636961935,-0.7303989966780752
residual_fitted,BAUA::BAUA_S005::2025-06-13,BAUA,BAUA::BAUA_S005,1.5525084947637189,0.46461690709658043
residual_fitted,BAUA::BAUA_S005::2025-06-14,BAUA,BAUA::BAUA_S005,1.5535643749611219,0.7605177478391838
residual_fitted,BAUA::BAUA_S005::2025-06-15,BAUA,BAUA::BAUA_S005,1.5544750993849883,-2.1333656933342833
residual_fitted,BAUA::BAUA_S006::2025-06-11,BAUA,BAUA::BAUA_S006,1.9989851684618547,1.7777361746909768
residual_fitted,BAUA::BAUA_S006::2025-06-12,BAUA,BAUA::BAUA_S006,2.000326340146645,0.40625979499715487
residual_fitted,BAUA::BAUA_S006::2025-06-13,BAUA,BAUA::BAUA_S006,2.0015257712141703,0.6440030434091628
residual_fitted,BAUA::BAUA_S006::2025-06-15,BAUA,BAUA::BAUA_S006,2.0034923758354397,-4.34804450689436
residual_fitted,BAUA::BAUA_S006::2025-06-16,BAUA,BAUA::BAUA_S006,2.0042565544283546,1.232315607431621
residual_fitted,BAUA::BAUA_S008::2025-06-25,BAUA,BAUA::BAUA_S008,1.6593764379941978,-0.18608806977563144
residual_fitted,BAUA::BAUA_S008::2025-06-26,BAUA,BAUA::BAUA_S008,1.6586502149662703,-0.17880107809017748
residual_fitted,BAUA::BAUA_S008::2025-06-27,BAUA,BAUA::BAUA_S008,1.6577777465869956,-0.4118593467801453
residual_fitted,BAUA::BAUA_S008::2025-06-28,BAUA,BAUA::BAUA_S008,1.6567604737455133,-0.7081906192347998
residual_fitted,BAUA::BAUA_S008::2025-06-29,BAUA,BAUA::BAUA_S008,1.655600050328451,-0.27388390462192674
residual_fitted,BAUA::BAUA_S008::2025-06-30,BAUA,BAUA::BAUA_S008,1.654298333554038,-0.3959690659326832
residual_fitted,BAUA::BAUA_S009::2025-06-25,BAUA,BAUA::BAUA_S009,2.8028801726105694,1.4784621323088851
residual_fitted,BAUA::BAUA_S009::2025-06-26,BAUA,BAUA::BAUA_S009,2.802153949582642,-0.09056151277292632
residual_fitted,BAUA::BAUA_S009::2025-06-27,BAUA,BAUA::BAUA_S009,2.8012814812033673,-0.08453320603814421
residual_fitted,BAUA::BAUA_S009::2025-06-28,BAUA,BAUA::BAUA_S009,2.800264208361885,0.23593186084174414
residual_fitted,BAUA::BAUA_S009::2025-06-29,BAUA,BAUA::BAUA_S009,2.7991037849448226,1.9189076528177933
residual_fitted,BAUA::BAUA_S009::2025-06-30,BAUA,BAUA::BAUA_S009,2.7978020681704097,0.5745131380759246
residual_fitted,BAUA::BAUA_S010::2025-06-28,BAUA,BAUA::BAUA_S010,1.6473910823119828,0.9312608192047271
residual_fitted,BAUA::BAUA_S010::2025-06-29,BAUA,BAUA::BAUA_S010,1.6462306588949205,-3.1367507908222576
residual_fitted,BAUA::BAUA_S012::2025-07-16,BAUA,BAUA::BAUA_S012,2.293086736102107,-0.7540486535192522
residual_fitted,BAUA::BAUA_S012::2025-07-17,BAUA,BAUA::BAUA_S012,2.289804517636442,0.30805507143736993
residual_fitted,BAUA::BAUA_S012::2025-07-18,BAUA,BAUA::BAUA_S012,2.286434976589017,0.3779966032175318
residual_fitted,BAUA::BAUA_S012::2025-07-19,BAUA,BAUA::BAUA_S012,2.2829814627079457,-0.6667999900680345
residual_fitted,BAUA::BAUA_S012::2025-07-20,BAUA,BAUA::BAUA_S012,2.2794472934370673,1.806179455056032
residual_fitted,BAUA::BAUA_S012::2025-07-21,BAUA,BAUA::BAUA_S012,2.275835746818227,0.4355448628384669
residual_fitted,BAUA::BAUA_S013::2025-07-16,BAUA,BAUA::BAUA_S013,1.9282300239167822,-1.8419001591383517
residual_fitted,BAUA::BAUA_S013::2025-07-17,BAUA,BAUA::BAUA_S013,1.924947805451117,-0.37343480590884887
residual_fitted,BAUA::BAUA_S013::2025-07-18,BAUA,BAUA::BAUA_S013,1.9215782644036923,0.6361313405868165
residual_fitted,BAUA::BAUA_S013::2025-07-19,BAUA,BAUA::BAUA_S013,1.9181247505226209,0.09913975873314586
residual_fitted,BAUA::BAUA_S013::2025-07-20,BAUA,BAUA::BAUA_S013,1.9145905812517425,0.8571942857089486
residual_fitted,BAUA::BAUA_S013::2025-07-21,BAUA,BAUA::BAUA_S013,1.910979034632902,0.1555529705273678
residual_fitted,BAUA::BAUA_S014::2025-07-16,BAUA,BAUA::BAUA_S014,2.2547667280969113,-0.12447423885135268
residual_fitted,BAUA::BAUA_S014::2025-07-17,BAUA,BAUA::BAUA_S014,2.251484509631246,0.5903667796735148
residual_fitted,BAUA::BAUA_S014::2025-07-18,BAUA,BAUA::BAUA_S014,2.2481149685838213,0.11794608635735825
residual_fitted,BAUA::BAUA_S014::2025-07-19,BAUA,BAUA::BAUA_S014,2.24466145470275,-1.5651315944148518
residual_fitted,BAUA::BAUA_S014::2025-07-20,BAUA,BAUA::BAUA_S014,2.2411272854318716,1.8252045862635762
residual_fitted,BAUA::BAUA_S014::2025-07-21,BAUA,BAUA::BAUA_S014,2.237515738813031,0.45566571617366447
residual_fitted,BAUA::BAUA_S015::2025-07-23,BAUA,BAUA::BAUA_S015,1.7988796636337558,2.318972280287627
residual_fitted,BAUA::BAUA_S015::2025-07-24,BAUA,BAUA::BAUA_S015,1.7950551659110934,0.31176221450254216
residual_fitted,BAUA::BAUA_S015::2025-07-25,BAUA,BAUA::BAUA_S015,1.7911658892579496,0.5327434894949057
residual_fitted,BAUA::BAUA_S015::2025-07-26,BAUA,BAUA::BAUA_S015,1.7872148305636273,-1.106798526718673
residual_fitted,BAUA::BAUA_S015::2025-07-27,BAUA,BAUA::BAUA_S015,1.78320491798383,0.8658378147577077
residual_fitted,BAUA::BAUA_S015::2025-07-28,BAUA,BAUA::BAUA_S015,1.779139008094991,-3.9561342613107198
residual_fitted,BAUA::BAUA_S016::2025-07-23,BAUA,BAUA::BAUA_S016,1.7214660310305394,0.04295935452411245
residual_fitted,BAUA::BAUA_S016::2025-07-24,BAUA,BAUA::BAUA_S016,1.717641533307877,0.38173978706829464
residual_fitted,BAUA::BAUA_S016::2025-07-25,BAUA,BAUA::BAUA_S016,1.713752256654733,0.12178891899336254
residual_fitted,BAUA::BAUA_S016::2025-07-26,BAUA,BAUA::BAUA_S016,1.7098011979604109,-0.5992389654832454
residual_fitted,BAUA::BAUA_S016::2025-07-27,BAUA,BAUA::BAUA_S016,1.7057912853806134,-1.2991104031168723
residual_fitted,BAUA::BAUA_S016::2025-07-28,BAUA,BAUA::BAUA_S016,1.7017253754917743,-0.10064175697015543
residual_fitted,BAUA::BAUA_S017::2025-09-09,BAUA,BAUA::BAUA_S017,1.9912358360596905,-0.3236469049717665
residual_fitted,BAUA::BAUA_S017::2025-09-10,BAUA,BAUA::BAUA_S017,1.9864545998946848,0.30262849769537736
residual_fitted,BAUA::BAUA_S017::2025-09-11,BAUA,BAUA::BAUA_S017,1.9816778785482652,-0.5611464220938583
residual_fitted,BAUA::BAUA_S017::2025-09-12,BAUA,BAUA::BAUA_S017,1.9769060704664616,1.6627143698768567
residual_fitted,BAUA::BAUA_S017::2025-09-13,BAUA,BAUA::BAUA_S017,1.9721395598293083,-0.5716503506879492
residual_fitted,BAUA::BAUA_S017::2025-09-14,BAUA,BAUA::BAUA_S017,1.9673787179948456,0.6836482388400084
residual_fitted,BAUA::BAUA_S018::2025-09-09,BAUA,BAUA::BAUA_S018,1.461741639477283,0.6066373892375311
residual_fitted,BAUA::BAUA_S018::2025-09-10,BAUA,BAUA::BAUA_S018,1.4569604033122774,-0.5104033195230538
residual_fitted,BAUA::BAUA_S018::2025-09-11,BAUA,BAUA::BAUA_S018,1.4521836819658578,0.8677223913119908
residual_fitted,BAUA::BAUA_S018::2025-09-12,BAUA,BAUA::BAUA_S018,1.4474118738840542,-0.4495198572566345
residual_fitted,BAUA::BAUA_S018::2025-09-13,BAUA,BAUA::BAUA_S018,1.4426453632469007,-1.1280303738427537
residual_fitted,BAUA::BAUA_S018::2025-09-14,BAUA,BAUA::BAUA_S018,1.437884521412438,-1.0589581230750147
residual_fitted,BAUA::BAUA_S022::2025-09-24,BAUA,BAUA::BAUA_S022,2.123609086116944,0.41433736818317085
residual_fitted,BAUA::BAUA_S022::2025-09-25,BAUA,BAUA::BAUA_S022,2.1189328709578277,0.16822598124870364
residual_fitted,BAUA::BAUA_S022::2025-09-26,BAUA,BAUA::BAUA_S022,2.1142662946969324,0.8087053177378836
residual_fitted,BAUA::BAUA_S022::2025-09-27,BAUA,BAUA::BAUA_S022,2.1096096886506155,0.2840645000953845
residual_fitted,BAUA::BAUA_S022::2025-09-28,BAUA,BAUA::BAUA_S022,2.1049633903439755,1.3271223769056557
residual_fitted,BAUA::BAUA_S022::2025-09-29,BAUA,BAUA::BAUA_S022,2.1003277447808246,-0.7090291430269771
residual_fitted,BAUA::BAUA_S023::2025-09-24,BAUA,BAUA::BAUA_S023,1.8114308051538694,-0.6744361061260988
residual_fitted,BAUA::BAUA_S023::2025-09-25,BAUA,BAUA::BAUA_S023,1.806754589994753,0.3710853038568855
residual_fitted,BAUA::BAUA_S023::2025-09-26,BAUA,BAUA::BAUA_S023,1.8020880137338577,-0.2262376069686134
residual_fitted,BAUA::BAUA_S023::2025-09-27,BAUA,BAUA::BAUA_S023,1.7974314076875408,0.4245443750922292
residual_fitted,BAUA::BAUA_S023::2025-09-28,BAUA,BAUA::BAUA_S023,1.792785109380901,-0.25457135584177
residual_fitted,BAUA::BAUA_S023::2025-09-29,BAUA,BAUA::BAUA_S023,1.7881494638177504,0.9638414432462548
residual_fitted,BAUA::BAUA_S024::2025-10-14,BAUA,BAUA::BAUA_S024,1.5634672237948226,-0.46050288661329575
residual_fitted,BAUA::BAUA_S024::2025-10-15,BAUA,BAUA::BAUA_S024,1.5590599999688526,-0.28030504462718053
residual_fitted,BAUA::BAUA_S024::2025-10-16,BAUA,BAUA::BAUA_S024,1.5546716741947784,-0.6014331775211068
residual_fitted,BAUA::BAUA_S024::2025-10-17,BAUA,BAUA::BAUA_S024,1.5503029433427649,-0.670488881337623
residual_fitted,BAUA::BAUA_S024::2025-10-18,BAUA,BAUA::BAUA_S024,1.5459545355994957,0.763174170117695
residual_fitted,BAUA::BAUA_S024::2025-10-19,BAUA,BAUA::BAUA_S024,1.5416272116440723,1.0058857459236714
residual_fitted,BAUA::BAUA_S025::2025-10-14,BAUA,BAUA::BAUA_S025,1.7091480407924422,0.013889906170100077
residual_fitted,BAUA::BAUA_S025::2025-10-15,BAUA,BAUA::BAUA_S025,1.7047408169664722,0.6428374346913537
residual_fitted,BAUA::BAUA_S025::2025-10-16,BAUA,BAUA::BAUA_S025,1.700352491192398,-0.48242255271013107
residual_fitted,BAUA::BAUA_S025::2025-10-17,BAUA,BAUA::BAUA_S025,1.6959837603403844,0.819167412938259
residual_fitted,BAUA::BAUA_S025::2025-10-18,BAUA,BAUA::BAUA_S025,1.6916353525971153,-0.6231619273192083
residual_fitted,BAUA::BAUA_S025::2025-10-19,BAUA,BAUA::BAUA_S025,1.687308028641692,0.17430026539500035
residual_fitted,FUSPCEU::FUSPCEU_S003::2024-10-08,FUSPCEU,FUSPCEU::FUSPCEU_S003,1.953527569271733,0.4023473464338428
residual_fitted,FUSPCEU::FUSPCEU_S003::2024-10-09,FUSPCEU,FUSPCEU::FUSPCEU_S003,1.9504861941244631,0.7579856168472477
residual_fitted,FUSPCEU::FUSPCEU_S003::2024-10-10,FUSPCEU,FUSPCEU::FUSPCEU_S003,1.9474559616656986,0.8846800818694042
residual_fitted,FUSPCEU::FUSPCEU_S003::2024-10-11,FUSPCEU,FUSPCEU::FUSPCEU_S003,1.9444373425698371,-0.11072191281882277
residual_fitted,FUSPCEU::FUSPCEU_S003::2024-10-12,FUSPCEU,FUSPCEU::FUSPCEU_S003,1.9414308210011797,-0.7190301241058465
residual_fitted,FUSPCEU::FUSPCEU_S003::2024-10-13,FUSPCEU,FUSPCEU::FUSPCEU_S003,1.9384368953053597,-0.3011598724628962
residual_fitted,FUSPCEU::FUSPCEU_S004::2024-10-08,FUSPCEU,FUSPCEU::FUSPCEU_S004,1.8251262272032358,0.33300911828513696
residual_fitted,FUSPCEU::FUSPCEU_S004::2024-10-09,FUSPCEU,FUSPCEU::FUSPCEU_S004,1.8220848520559658,-0.17803996999445118
residual_fitted,FUSPCEU::FUSPCEU_S004::2024-10-11,FUSPCEU,FUSPCEU::FUSPCEU_S004,1.8160360005013398,1.110507758643578
residual_fitted,FUSPCEU::FUSPCEU_S004::2024-10-12,FUSPCEU,FUSPCEU::FUSPCEU_S004,1.8130294789326824,-2.206666411707502
residual_fitted,FUSPCEU::FUSPCEU_S004::2024-10-13,FUSPCEU,FUSPCEU::FUSPCEU_S004,1.8100355532368624,1.1605094692712357
residual_fitted,FUSPCEU::FUSPCEU_S005::2024-10-15,FUSPCEU,FUSPCEU::FUSPCEU_S005,1.3847965511664722,1.5561618424832238
residual_fitted,FUSPCEU::FUSPCEU_S005::2024-10-16,FUSPCEU,FUSPCEU::FUSPCEU_S005,1.3818435558086497,-1.7183446690077273
residual_fitted,FUSPCEU::FUSPCEU_S005::2024-10-17,FUSPCEU,FUSPCEU::FUSPCEU_S005,1.37890530576199,-1.3947935929584563
residual_fitted,FUSPCEU::FUSPCEU_S005::2024-10-18,FUSPCEU,FUSPCEU::FUSPCEU_S005,1.3759823807536846,1.9736327994905087
residual_fitted,FUSPCEU::FUSPCEU_S005::2024-10-19,FUSPCEU,FUSPCEU::FUSPCEU_S005,1.3730753787138283,1.7406378601995662
residual_fitted,FUSPCEU::FUSPCEU_S005::2024-10-20,FUSPCEU,FUSPCEU::FUSPCEU_S005,1.3701849163821818,-4.206762843107432
residual_fitted,FUSPCEU::FUSPCEU_S006::2024-10-15,FUSPCEU,FUSPCEU::FUSPCEU_S006,2.1208825885861686,0.27952662787638954
residual_fitted,FUSPCEU::FUSPCEU_S006::2024-10-16,FUSPCEU,FUSPCEU::FUSPCEU_S006,2.1179295932283466,0.6236374318619358
residual_fitted,FUSPCEU::FUSPCEU_S006::2024-10-17,FUSPCEU,FUSPCEU::FUSPCEU_S006,2.114991343181687,0.3496482307151094
residual_fitted,FUSPCEU::FUSPCEU_S006::2024-10-18,FUSPCEU,FUSPCEU::FUSPCEU_S006,2.1120684181733815,0.38511254276442763
residual_fitted,FUSPCEU::FUSPCEU_S006::2024-10-19,FUSPCEU,FUSPCEU::FUSPCEU_S006,2.109161416133525,0.29557676490507917
residual_fitted,FUSPCEU::FUSPCEU_S007::2024-10-22,FUSPCEU,FUSPCEU::FUSPCEU_S007,2.046420271459121,0.5944757898317036
residual_fitted,FUSPCEU::FUSPCEU_S007::2024-10-23,FUSPCEU,FUSPCEU::FUSPCEU_S007,2.0435833249809985,-0.45813585191815503
residual_fitted,FUSPCEU::FUSPCEU_S007::2024-10-24,FUSPCEU,FUSPCEU::FUSPCEU_S007,2.0407655839768792,0.31809565028364467
residual_fitted,FUSPCEU::FUSPCEU_S007::2024-10-25,FUSPCEU,FUSPCEU::FUSPCEU_S007,2.0379677669581566,0.21718515319791248
residual_fitted,FUSPCEU::FUSPCEU_S007::2024-10-26,FUSPCEU,FUSPCEU::FUSPCEU_S007,2.0351906140868614,0.6130481899182105
residual_fitted,FUSPCEU::FUSPCEU_S007::2024-10-27,FUSPCEU,FUSPCEU::FUSPCEU_S007,2.032434887504912,0.3559782071251063
residual_fitted,FUSPCEU::FUSPCEU_S008::2024-10-22,FUSPCEU,FUSPCEU::FUSPCEU_S008,1.7172041429041836,1.442503900743257
residual_fitted,FUSPCEU::FUSPCEU_S008::2024-10-23,FUSPCEU,FUSPCEU::FUSPCEU_S008,1.7143671964260614,1.3332762313738757
residual_fitted,FUSPCEU::FUSPCEU_S008::2024-10-24,FUSPCEU,FUSPCEU::FUSPCEU_S008,1.711549455421942,1.1310035693855078
residual_fitted,FUSPCEU::FUSPCEU_S008::2024-10-25,FUSPCEU,FUSPCEU::FUSPCEU_S008,1.7087516384032195,-1.5856797073244657
residual_fitted,FUSPCEU::FUSPCEU_S008::2024-10-26,FUSPCEU,FUSPCEU::FUSPCEU_S008,1.7059744855319243,-0.7017923619855457
residual_fitted,FUSPCEU::FUSPCEU_S008::2024-10-27,FUSPCEU,FUSPCEU::FUSPCEU_S008,1.7032187589499748,-1.7600568352352266
residual_fitted,FUSPCEU::FUSPCEU_S009::2024-11-04,FUSPCEU,FUSPCEU::FUSPCEU_S009,1.7832764493700008,-1.3585638376520686
residual_fitted,FUSPCEU::FUSPCEU_S009::2024-11-05,FUSPCEU,FUSPCEU::FUSPCEU_S009,1.7807515690249474,0.9351000856366222
residual_fitted,FUSPCEU::FUSPCEU_S009::2024-11-06,FUSPCEU,FUSPCEU::FUSPCEU_S009,1.7782569745056898,0.8608169125440254
residual_fitted,FUSPCEU::FUSPCEU_S009::2024-11-07,FUSPCEU,FUSPCEU::FUSPCEU_S009,1.7757936735287148,1.2835845538822095
residual_fitted,FUSPCEU::FUSPCEU_S009::2024-11-08,FUSPCEU,FUSPCEU::FUSPCEU_S009,1.7733626945204268,-0.21146967789265073
residual_fitted,FUSPCEU::FUSPCEU_S009::2024-11-09,FUSPCEU,FUSPCEU::FUSPCEU_S009,1.7709650859492392,-0.5715629693655181
residual_fitted,FUSPCEU::FUSPCEU_S009::2024-11-10,FUSPCEU,FUSPCEU::FUSPCEU_S009,1.7686019155447754,-0.5308757650887811
residual_fitted,FUSPCEU::FUSPCEU_S010::2024-11-04,FUSPCEU,FUSPCEU::FUSPCEU_S010,1.9483599735327306,-1.6409260011904283
residual_fitted,FUSPCEU::FUSPCEU_S010::2024-11-05,FUSPCEU,FUSPCEU::FUSPCEU_S010,1.9458350931876771,1.1584357961998089
residual_fitted,FUSPCEU::FUSPCEU_S010::2024-11-06,FUSPCEU,FUSPCEU::FUSPCEU_S010,1.9433404986684195,1.1448673063799204
residual_fitted,FUSPCEU::FUSPCEU_S010::2024-11-07,FUSPCEU,FUSPCEU::FUSPCEU_S010,1.9408771976914445,0.6379210904431342
residual_fitted,FUSPCEU::FUSPCEU_S011::2024-11-12,FUSPCEU,FUSPCEU::FUSPCEU_S011,1.989807499871583,1.1945625354453409
residual_fitted,FUSPCEU::FUSPCEU_S011::2024-11-13,FUSPCEU,FUSPCEU::FUSPCEU_S011,1.9875542292414765,-0.20434183229326702
residual_fitted,FUSPCEU::FUSPCEU_S011::2024-11-14,FUSPCEU,FUSPCEU::FUSPCEU_S011,1.9853398411980105,-0.6857993092512205
residual_fitted,FUSPCEU::FUSPCEU_S011::2024-11-16,FUSPCEU,FUSPCEU::FUSPCEU_S011,1.981032319927035,1.3468806568323954
residual_fitted,FUSPCEU::FUSPCEU_S011::2024-11-17,FUSPCEU,FUSPCEU::FUSPCEU_S011,1.9789415194321498,-0.02233508421707541
residual_fitted,FUSPCEU::FUSPCEU_S012::2024-12-03,FUSPCEU,FUSPCEU::FUSPCEU_S012,1.665938670490537,0.7487022819380718
residual_fitted,FUSPCEU::FUSPCEU_S012::2024-12-04,FUSPCEU,FUSPCEU::FUSPCEU_S012,1.6647478568561451,1.3359544057986426
residual_fitted,FUSPCEU::FUSPCEU_S012::2024-12-05,FUSPCEU,FUSPCEU::FUSPCEU_S012,1.6636198966143225,1.6996452295222555
residual_fitted,FUSPCEU::FUSPCEU_S012::2024-12-06,FUSPCEU,FUSPCEU::FUSPCEU_S012,1.6625557316030382,-0.12163394950202093
residual_fitted,FUSPCEU::FUSPCEU_S012::2024-12-07,FUSPCEU,FUSPCEU::FUSPCEU_S012,1.6615562643053023,-1.455389029920011
residual_fitted,FUSPCEU::FUSPCEU_S012::2024-12-08,FUSPCEU,FUSPCEU::FUSPCEU_S012,1.660622355135193,-2.1273698043263174
residual_fitted,FUSPCEU::FUSPCEU_S013::2024-11-19,FUSPCEU,FUSPCEU::FUSPCEU_S013,1.8789615703763984,0.8548945834161283
residual_fitted,FUSPCEU::FUSPCEU_S013::2024-11-20,FUSPCEU,FUSPCEU::FUSPCEU_S013,1.877004973612558,0.4609072966827056
residual_fitted,FUSPCEU::FUSPCEU_S013::2024-11-21,FUSPCEU,FUSPCEU::FUSPCEU_S013,1.8750954996168492,0.3166897724515071
residual_fitted,FUSPCEU::FUSPCEU_S013::2024-11-22,FUSPCEU,FUSPCEU::FUSPCEU_S013,1.873234346163824,0.6678743902053987
residual_fitted,FUSPCEU::FUSPCEU_S013::2024-11-23,FUSPCEU,FUSPCEU::FUSPCEU_S013,1.8714227098803562,-0.09593269235424379
residual_fitted,FUSPCEU::FUSPCEU_S013::2024-11-24,FUSPCEU,FUSPCEU::FUSPCEU_S013,1.8696617839549954,-1.0945456637181352
residual_fitted,FUSPCEU::FUSPCEU_S014::2024-11-20,FUSPCEU,FUSPCEU::FUSPCEU_S014,1.8385212495868097,-1.0615731187117399
residual_fitted,FUSPCEU::FUSPCEU_S014::2024-11-21,FUSPCEU,FUSPCEU::FUSPCEU_S014,1.8366117755911011,0.799452111737451
residual_fitted,FUSPCEU::FUSPCEU_S014::2024-11-22,FUSPCEU,FUSPCEU::FUSPCEU_S014,1.8347506221380756,0.7506278336653062
residual_fitted,FUSPCEU::FUSPCEU_S014::2024-11-23,FUSPCEU,FUSPCEU::FUSPCEU_S014,1.832938985854608,0.13844592525293503
residual_fitted,FUSPCEU::FUSPCEU_S014::2024-11-24,FUSPCEU,FUSPCEU::FUSPCEU_S014,1.831178059929247,0.2746990516675477
residual_fitted,FUSPCEU::FUSPCEU_S015::2024-11-26,FUSPCEU,FUSPCEU::FUSPCEU_S015,1.8265954551786086,0.15125623861060686
residual_fitted,FUSPCEU::FUSPCEU_S015::2024-11-27,FUSPCEU,FUSPCEU::FUSPCEU_S015,1.824993747286937,0.8429477427530415
residual_fitted,FUSPCEU::FUSPCEU_S015::2024-11-28,FUSPCEU,FUSPCEU::FUSPCEU_S015,1.8234474373866534,0.49263921208150707
residual_fitted,FUSPCEU::FUSPCEU_S015::2024-11-29,FUSPCEU,FUSPCEU::FUSPCEU_S015,1.8219576628628835,-0.10384834991199256
residual_fitted,FUSPCEU::FUSPCEU_S015::2024-11-30,FUSPCEU,FUSPCEU::FUSPCEU_S015,1.820525541768989,-0.18320496272778636
residual_fitted,FUSPCEU::FUSPCEU_S015::2024-12-01,FUSPCEU,FUSPCEU::FUSPCEU_S015,1.8191521699714848,-0.3047266574186457
residual_fitted,FUSPCEU::FUSPCEU_S016::2024-11-26,FUSPCEU,FUSPCEU::FUSPCEU_S016,1.470874822207667,0.4780391901878211
residual_fitted,FUSPCEU::FUSPCEU_S016::2024-11-27,FUSPCEU,FUSPCEU::FUSPCEU_S016,1.4692731143159956,1.1939848830384874
residual_fitted,FUSPCEU::FUSPCEU_S016::2024-11-29,FUSPCEU,FUSPCEU::FUSPCEU_S016,1.466237029891942,-0.1463500840373416
residual_fitted,FUSPCEU::FUSPCEU_S016::2024-11-30,FUSPCEU,FUSPCEU::FUSPCEU_S016,1.4648049087980475,-0.9518182339138316
residual_fitted,FUSPCEU::FUSPCEU_S016::2024-12-01,FUSPCEU,FUSPCEU::FUSPCEU_S016,1.4634315370005433,-1.6036010583196105
residual_fitted,FUSPCEU::FUSPCEU_S017::2024-12-03,FUSPCEU,FUSPCEU::FUSPCEU_S017,1.2003588915311956,1.2007033734283867
residual_fitted,FUSPCEU::FUSPCEU_S017::2024-12-04,FUSPCEU,FUSPCEU::FUSPCEU_S017,1.1991680778968035,1.4901874697592536
residual_fitted,FUSPCEU::FUSPCEU_S017::2024-12-05,FUSPCEU,FUSPCEU::FUSPCEU_S017,1.198040117654981,1.9464543922545983
residual_fitted,FUSPCEU::FUSPCEU_S017::2024-12-06,FUSPCEU,FUSPCEU::FUSPCEU_S017,1.1969759526436965,-3.6622001291905613
residual_fitted,FUSPCEU::FUSPCEU_S017::2024-12-07,FUSPCEU,FUSPCEU::FUSPCEU_S017,1.1959764853459607,-1.8405865785536246
residual_fitted,FUSPCEU::FUSPCEU_S017::2024-12-08,FUSPCEU,FUSPCEU::FUSPCEU_S017,1.1950425761758514,-1.5739070509343265
residual_fitted,FUSPCEU::FUSPCEU_S018::2024-12-10,FUSPCEU,FUSPCEU::FUSPCEU_S018,0.9152845406208843,-0.0529559026347833
residual_fitted,FUSPCEU::FUSPCEU_S018::2024-12-11,FUSPCEU,FUSPCEU::FUSPCEU_S018,0.9145520083585092,-1.7372043752595707
residual_fitted,FUSPCEU::FUSPCEU_S018::2024-12-12,FUSPCEU,FUSPCEU::FUSPCEU_S018,0.9138880035264927,-0.896055276019988
residual_fitted,FUSPCEU::FUSPCEU_S018::2024-12-13,FUSPCEU,FUSPCEU::FUSPCEU_S018,0.9132931384008869,-0.46862622406738563
residual_fitted,FUSPCEU::FUSPCEU_S018::2024-12-14,FUSPCEU,FUSPCEU::FUSPCEU_S018,0.9127679689369264,-0.8341414350980839
residual_fitted,FUSPCEU::FUSPCEU_S018::2024-12-15,FUSPCEU,FUSPCEU::FUSPCEU_S018,0.9123129928828875,0.04488585155593494
residual_fitted,FUSPCEU::FUSPCEU_S019::2024-12-10,FUSPCEU,FUSPCEU::FUSPCEU_S019,1.4064959175344975,0.06633435625294479
residual_fitted,FUSPCEU::FUSPCEU_S019::2024-12-11,FUSPCEU,FUSPCEU::FUSPCEU_S019,1.4057633852721225,0.9590185822361601
residual_fitted,FUSPCEU::FUSPCEU_S019::2024-12-12,FUSPCEU,FUSPCEU::FUSPCEU_S019,1.405099380440106,-1.0618248321235684
residual_fitted,FUSPCEU::FUSPCEU_S019::2024-12-13,FUSPCEU,FUSPCEU::FUSPCEU_S019,1.4045045153145002,0.5654049435283677
residual_fitted,FUSPCEU::FUSPCEU_S019::2024-12-14,FUSPCEU,FUSPCEU::FUSPCEU_S019,1.4039793458505396,-1.4992949284770891
residual_fitted,FUSPCEU::FUSPCEU_S019::2024-12-15,FUSPCEU,FUSPCEU::FUSPCEU_S019,1.4035243697965007,-0.31578494836888527
residual_fitted,FUSPCEU::FUSPCEU_S020::2025-01-21,FUSPCEU,FUSPCEU::FUSPCEU_S020,1.553424681079792,0.3906435319129895
residual_fitted,FUSPCEU::FUSPCEU_S020::2025-01-22,FUSPCEU,FUSPCEU::FUSPCEU_S020,1.55541555610232,0.9634387388086916
residual_fitted,FUSPCEU::FUSPCEU_S020::2025-01-23,FUSPCEU,FUSPCEU::FUSPCEU_S020,1.5574531164118341,1.0903089259160634
residual_fitted,FUSPCEU::FUSPCEU_S020::2025-01-24,FUSPCEU,FUSPCEU::FUSPCEU_S020,1.5595361658612263,-0.7447285009944066
residual_fitted,FUSPCEU::FUSPCEU_S020::2025-01-25,FUSPCEU,FUSPCEU::FUSPCEU_S020,1.561663512343774,-0.5706290082659988
residual_fitted,FUSPCEU::FUSPCEU_S020::2025-01-26,FUSPCEU,FUSPCEU::FUSPCEU_S020,1.5638339697498351,-1.7740811210992957
residual_fitted,FUSPCEU::FUSPCEU_S022::2025-01-28,FUSPCEU,FUSPCEU::FUSPCEU_S022,1.5970907918683388,0.07883780258285157
residual_fitted,FUSPCEU::FUSPCEU_S022::2025-01-29,FUSPCEU,FUSPCEU::FUSPCEU_S022,1.5993835531090894,0.919454956193232
residual_fitted,FUSPCEU::FUSPCEU_S022::2025-01-30,FUSPCEU,FUSPCEU::FUSPCEU_S022,1.6017147768398134,-0.931070357335789
residual_fitted,FUSPCEU::FUSPCEU_S022::2025-01-31,FUSPCEU,FUSPCEU::FUSPCEU_S022,1.6040833328483628,0.7505248279249593
residual_fitted,FUSPCEU::FUSPCEU_S022::2025-02-01,FUSPCEU,FUSPCEU::FUSPCEU_S022,1.606488106420927,-0.22688966823756024
residual_fitted,FUSPCEU::FUSPCEU_S022::2025-02-02,FUSPCEU,FUSPCEU::FUSPCEU_S022,1.608927999503821,-1.0801150529552699
residual_fitted,FUSPCEU::FUSPCEU_S023::2025-01-28,FUSPCEU,FUSPCEU::FUSPCEU_S023,1.5565825333082106,0.3799237514501254
residual_fitted,FUSPCEU::FUSPCEU_S023::2025-01-29,FUSPCEU,FUSPCEU::FUSPCEU_S023,1.5588752945489612,0.773998113178732
residual_fitted,FUSPCEU::FUSPCEU_S023::2025-01-30,FUSPCEU,FUSPCEU::FUSPCEU_S023,1.5612065182796853,1.0758622351547211
residual_fitted,FUSPCEU::FUSPCEU_S023::2025-01-31,FUSPCEU,FUSPCEU::FUSPCEU_S023,1.5635750742882346,0.18967774070609486
residual_fitted,FUSPCEU::FUSPCEU_S023::2025-02-01,FUSPCEU,FUSPCEU::FUSPCEU_S023,1.565979847860799,-1.3880093698964975
residual_fitted,FUSPCEU::FUSPCEU_S023::2025-02-02,FUSPCEU,FUSPCEU::FUSPCEU_S023,1.5684197409436929,-1.739900625656146
residual_fitted,FUSPCEU::FUSPCEU_S024::2025-02-04,FUSPCEU,FUSPCEU::FUSPCEU_S024,1.678024773960369,1.0243144614864232
residual_fitted,FUSPCEU::FUSPCEU_S024::2025-02-05,FUSPCEU,FUSPCEU::FUSPCEU_S024,1.6805636190412876,1.0308961053591186
residual_fitted,FUSPCEU::FUSPCEU_S024::2025-02-06,FUSPCEU,FUSPCEU::FUSPCEU_S024,1.6831333774260653,1.1618361206116954
residual_fitted,FUSPCEU::FUSPCEU_S024::2025-02-08,FUSPCEU,FUSPCEU::FUSPCEU_S024,1.6883616506205397,-1.6031912397864496
residual_fitted,FUSPCEU::FUSPCEU_S024::2025-02-09,FUSPCEU,FUSPCEU::FUSPCEU_S024,1.6910182274231007,-1.7561808755648027
residual_fitted,FUSPCEU::FUSPCEU_S025::2025-02-04,FUSPCEU,FUSPCEU::FUSPCEU_S025,2.045161217696761,1.3945264641812205
residual_fitted,FUSPCEU::FUSPCEU_S025::2025-02-05,FUSPCEU,FUSPCEU::FUSPCEU_S025,2.0477000627776794,0.9015383020834756
residual_fitted,FUSPCEU::FUSPCEU_S025::2025-02-06,FUSPCEU,FUSPCEU::FUSPCEU_S025,2.0502698211624573,0.6520227388428088
residual_fitted,FUSPCEU::FUSPCEU_S025::2025-02-09,FUSPCEU,FUSPCEU::FUSPCEU_S025,2.0581546711594925,-1.1038333203278725
residual_fitted,IZTECH::IZTECH_S001::2024-12-24,IZTECH,IZTECH::IZTECH_S001,1.2627262065136429,-4.058173842979803
residual_fitted,IZTECH::IZTECH_S001::2024-12-25,IZTECH,IZTECH::IZTECH_S001,1.2629605186962032,0.42401684964462955
residual_fitted,IZTECH::IZTECH_S001::2024-12-26,IZTECH,IZTECH::IZTECH_S001,1.2632606560011188,-1.5213642438174477
residual_fitted,IZTECH::IZTECH_S001::2024-12-27,IZTECH,IZTECH::IZTECH_S001,1.2636263778631474,0.74261674912351
residual_fitted,IZTECH::IZTECH_S001::2024-12-28,IZTECH,IZTECH::IZTECH_S001,1.264057386413179,0.9799946738973663
residual_fitted,IZTECH::IZTECH_S001::2024-12-29,IZTECH,IZTECH::IZTECH_S001,1.264553327489507,0.1685039571560518
residual_fitted,IZTECH::IZTECH_S001::2024-12-30,IZTECH,IZTECH::IZTECH_S001,1.2651137918560607,1.2351626919287761
residual_fitted,IZTECH::IZTECH_S002::2025-01-07,IZTECH,IZTECH::IZTECH_S002,1.6780241273146825,0.2853578056782898
residual_fitted,IZTECH::IZTECH_S002::2025-01-08,IZTECH,IZTECH::IZTECH_S002,1.6791385985984362,0.5067942790652081
residual_fitted,IZTECH::IZTECH_S002::2025-01-09,IZTECH,IZTECH::IZTECH_S002,1.680310847190582,0.6043881214122212
residual_fitted,IZTECH::IZTECH_S002::2025-01-10,IZTECH,IZTECH::IZTECH_S002,1.6815399796625268,0.3351655903178147
residual_fitted,IZTECH::IZTECH_S002::2025-01-11,IZTECH,IZTECH::IZTECH_S002,1.682825072412129,-0.2635274991381287
residual_fitted,IZTECH::IZTECH_S002::2025-01-12,IZTECH,IZTECH::IZTECH_S002,1.684165174203642,-1.299631707874799
residual_fitted,IZTECH::IZTECH_S003::2025-01-07,IZTECH,IZTECH::IZTECH_S003,1.7369319200377278,0.2837238566020602
residual_fitted,IZTECH::IZTECH_S003::2025-01-08,IZTECH,IZTECH::IZTECH_S003,1.7380463913214814,0.3217305372953178
residual_fitted,IZTECH::IZTECH_S003::2025-01-09,IZTECH,IZTECH::IZTECH_S003,1.7392186399136274,0.16724205218530874
residual_fitted,IZTECH::IZTECH_S003::2025-01-10,IZTECH,IZTECH::IZTECH_S003,1.740447772385572,0.5374882575339883
residual_fitted,IZTECH::IZTECH_S003::2025-01-11,IZTECH,IZTECH::IZTECH_S003,1.7417328651351742,-0.5800133515108186
residual_fitted,IZTECH::IZTECH_S003::2025-01-12,IZTECH,IZTECH::IZTECH_S003,1.7430729669266873,-0.24287400377144286
residual_fitted,IZTECH::IZTECH_S004::2025-01-21,IZTECH,IZTECH::IZTECH_S004,1.8302413464796528,0.025104981216067048
residual_fitted,IZTECH::IZTECH_S004::2025-01-22,IZTECH,IZTECH::IZTECH_S004,1.832074964706671,0.24235488950996498
residual_fitted,IZTECH::IZTECH_S004::2025-01-23,IZTECH,IZTECH::IZTECH_S004,1.833952026711634,0.29238498006613783
residual_fitted,IZTECH::IZTECH_S004::2025-01-24,IZTECH,IZTECH::IZTECH_S004,1.8358714425404434,0.3283266131682166
residual_fitted,IZTECH::IZTECH_S004::2025-01-25,IZTECH,IZTECH::IZTECH_S004,1.8378321250282303,-0.5617210091591025
residual_fitted,IZTECH::IZTECH_S004::2025-01-26,IZTECH,IZTECH::IZTECH_S004,1.8398329916102394,0.5547652429941821
residual_fitted,IZTECH::IZTECH_S005::2025-01-21,IZTECH,IZTECH::IZTECH_S005,1.772846825795292,0.6905687018987033
residual_fitted,IZTECH::IZTECH_S005::2025-01-22,IZTECH,IZTECH::IZTECH_S005,1.7746804440223103,-0.09710305805483659
residual_fitted,IZTECH::IZTECH_S005::2025-01-23,IZTECH,IZTECH::IZTECH_S005,1.7765575060272734,0.449780722631391
residual_fitted,IZTECH::IZTECH_S005::2025-01-24,IZTECH,IZTECH::IZTECH_S005,1.7784769218560827,0.5805663410002991
residual_fitted,IZTECH::IZTECH_S005::2025-01-25,IZTECH,IZTECH::IZTECH_S005,1.7804376043438697,-0.6395419622907038
residual_fitted,IZTECH::IZTECH_S005::2025-01-26,IZTECH,IZTECH::IZTECH_S005,1.7824384709258787,-0.41361747347366323
residual_fitted,IZTECH::IZTECH_S006::2025-02-18,IZTECH,IZTECH::IZTECH_S006,1.9597416413842648,0.22866628897760344
residual_fitted,IZTECH::IZTECH_S006::2025-02-19,IZTECH,IZTECH::IZTECH_S006,1.9624158764234598,0.8613491139056665
residual_fitted,IZTECH::IZTECH_S006::2025-02-20,IZTECH,IZTECH::IZTECH_S006,1.9651079563613603,0.9516967908413964
residual_fitted,IZTECH::IZTECH_S006::2025-02-21,IZTECH,IZTECH::IZTECH_S006,1.9678172306722992,-0.3283758626642877
residual_fitted,IZTECH::IZTECH_S006::2025-02-22,IZTECH,IZTECH::IZTECH_S006,1.9705430669723663,-0.17185806381986357
residual_fitted,IZTECH::IZTECH_S006::2025-02-23,IZTECH,IZTECH::IZTECH_S006,1.9732848506243061,-0.3079439812496903
residual_fitted,IZTECH::IZTECH_S007::2025-02-25,IZTECH,IZTECH::IZTECH_S007,1.4946239311486929,1.0574261632898372
residual_fitted,IZTECH::IZTECH_S007::2025-02-26,IZTECH,IZTECH::IZTECH_S007,1.497410038837113,1.341984400469523
residual_fitted,IZTECH::IZTECH_S007::2025-02-27,IZTECH,IZTECH::IZTECH_S007,1.5002098025034711,0.7434313875342827
residual_fitted,IZTECH::IZTECH_S007::2025-02-28,IZTECH,IZTECH::IZTECH_S007,1.503022688360564,-0.5879738062029379
residual_fitted,IZTECH::IZTECH_S007::2025-03-01,IZTECH,IZTECH::IZTECH_S007,1.5058481770471075,-2.116755021080363
residual_fitted,IZTECH::IZTECH_S007::2025-03-02,IZTECH,IZTECH::IZTECH_S007,1.5086857630115647,-1.8245363812359907
residual_fitted,IZTECH::IZTECH_S008::2025-03-04,IZTECH,IZTECH::IZTECH_S008,1.8237441113111519,0.38826804382636376
residual_fitted,IZTECH::IZTECH_S008::2025-03-05,IZTECH,IZTECH::IZTECH_S008,1.8266150837707742,-0.1061940488152139
residual_fitted,IZTECH::IZTECH_S008::2025-03-06,IZTECH,IZTECH::IZTECH_S008,1.8294962559097383,0.4775945298696611
residual_fitted,IZTECH::IZTECH_S008::2025-03-07,IZTECH,IZTECH::IZTECH_S008,1.8323871810137469,-0.2372904437051954
residual_fitted,IZTECH::IZTECH_S008::2025-03-09,IZTECH,IZTECH::IZTECH_S008,1.838196550869473,-0.23491111923681643
residual_fitted,IZTECH::IZTECH_S009::2025-03-20,IZTECH,IZTECH::IZTECH_S009,1.972640785876134,-0.01422225512127468
residual_fitted,IZTECH::IZTECH_S009::2025-03-21,IZTECH,IZTECH::IZTECH_S009,1.9756253814457707,-0.21201584396141923
residual_fitted,IZTECH::IZTECH_S009::2025-03-22,IZTECH,IZTECH::IZTECH_S009,1.978613762372636,0.3729104050582163
residual_fitted,IZTECH::IZTECH_S009::2025-03-24,IZTECH,IZTECH::IZTECH_S009,1.9846003398761896,0.12772565096955485
residual_fitted,IZTECH::IZTECH_S009::2025-03-25,IZTECH,IZTECH::IZTECH_S009,1.9875977583375588,-0.5658844093975961
residual_fitted,IZTECH::IZTECH_S009::2025-03-26,IZTECH,IZTECH::IZTECH_S009,1.9905974042604473,1.1307306133946513
residual_fitted,IZTECH::IZTECH_S010::2025-04-15,IZTECH,IZTECH::IZTECH_S010,1.8841539000844643,0.09592405308482048
residual_fitted,IZTECH::IZTECH_S010::2025-04-16,IZTECH,IZTECH::IZTECH_S010,1.8870924470924406,-0.6508383454358109
residual_fitted,IZTECH::IZTECH_S010::2025-04-17,IZTECH,IZTECH::IZTECH_S010,1.8900217593724984,-1.232823051084929
residual_fitted,IZTECH::IZTECH_S010::2025-04-18,IZTECH,IZTECH::IZTECH_S010,1.892941119490366,-0.28544446228285697
residual_fitted,IZTECH::IZTECH_S010::2025-04-19,IZTECH,IZTECH::IZTECH_S010,1.895849787415714,0.96945666812357
residual_fitted,IZTECH::IZTECH_S010::2025-04-20,IZTECH,IZTECH::IZTECH_S010,1.898746999976537,1.043544890628132
residual_fitted,IZTECH::IZTECH_S011::2025-04-15,IZTECH,IZTECH::IZTECH_S011,2.1594605614546416,0.5682977027529672
residual_fitted,IZTECH::IZTECH_S011::2025-04-16,IZTECH,IZTECH::IZTECH_S011,2.1623991084626177,0.3212125495589166
residual_fitted,IZTECH::IZTECH_S011::2025-04-17,IZTECH,IZTECH::IZTECH_S011,2.1653284207426755,0.6794310642113824
residual_fitted,IZTECH::IZTECH_S011::2025-04-18,IZTECH,IZTECH::IZTECH_S011,2.1682477808605434,0.3681565341759719
residual_fitted,IZTECH::IZTECH_S011::2025-04-19,IZTECH,IZTECH::IZTECH_S011,2.1711564487858914,0.15785974204645184
residual_fitted,IZTECH::IZTECH_S011::2025-04-20,IZTECH,IZTECH::IZTECH_S011,2.174053661346714,-0.6654502588635716
residual_fitted,IZTECH::IZTECH_S012::2025-04-22,IZTECH,IZTECH::IZTECH_S012,2.1825496340582697,-0.24905020143402323
residual_fitted,IZTECH::IZTECH_S012::2025-04-23,IZTECH,IZTECH::IZTECH_S012,2.1854076627908663,0.7787744944899013
residual_fitted,IZTECH::IZTECH_S012::2025-04-24,IZTECH,IZTECH::IZTECH_S012,2.1882509425999412,0.037948814826681616
residual_fitted,IZTECH::IZTECH_S012::2025-04-25,IZTECH,IZTECH::IZTECH_S012,2.1910785878601597,0.7749290471981619
residual_fitted,IZTECH::IZTECH_S012::2025-04-26,IZTECH,IZTECH::IZTECH_S012,2.193889687462124,-0.02487284715863589
residual_fitted,IZTECH::IZTECH_S012::2025-04-27,IZTECH,IZTECH::IZTECH_S012,2.1966833045536722,0.1265992472495425
residual_fitted,IZTECH::IZTECH_S013::2025-04-22,IZTECH,IZTECH::IZTECH_S013,1.8502890740503768,1.0739840022617981
residual_fitted,IZTECH::IZTECH_S013::2025-04-23,IZTECH,IZTECH::IZTECH_S013,1.8531471027829733,0.08115174720659667
residual_fitted,IZTECH::IZTECH_S013::2025-04-24,IZTECH,IZTECH::IZTECH_S013,1.8559903825920483,-0.34523698629876304
residual_fitted,IZTECH::IZTECH_S013::2025-04-25,IZTECH,IZTECH::IZTECH_S013,1.8588180278522672,0.03294173319911036
residual_fitted,IZTECH::IZTECH_S013::2025-04-26,IZTECH,IZTECH::IZTECH_S013,1.8616291274542314,-0.4387424661410816
residual_fitted,IZTECH::IZTECH_S013::2025-04-27,IZTECH,IZTECH::IZTECH_S013,1.8644227445457797,-0.7576352709156738
residual_fitted,IZTECH::IZTECH_S014::2025-04-29,IZTECH,IZTECH::IZTECH_S014,1.8652621397786162,0.06374510857960741
residual_fitted,IZTECH::IZTECH_S014::2025-04-30,IZTECH,IZTECH::IZTECH_S014,1.8679974293214023,0.7028045885632151
residual_fitted,IZTECH::IZTECH_S014::2025-05-01,IZTECH,IZTECH::IZTECH_S014,1.870711229904175,0.5558958833124621
residual_fitted,IZTECH::IZTECH_S014::2025-05-02,IZTECH,IZTECH::IZTECH_S014,1.8734024753024603,-1.5957591858386957
residual_fitted,IZTECH::IZTECH_S014::2025-05-03,IZTECH,IZTECH::IZTECH_S014,1.8760700738171254,-0.14141998175465106
residual_fitted,IZTECH::IZTECH_S014::2025-05-04,IZTECH,IZTECH::IZTECH_S014,1.8787129085660048,0.03581050546845207
residual_fitted,IZTECH::IZTECH_S015::2025-04-29,IZTECH,IZTECH::IZTECH_S015,1.3775345780159691,0.2264234370867069
residual_fitted,IZTECH::IZTECH_S015::2025-04-30,IZTECH,IZTECH::IZTECH_S015,1.3802698675587552,-0.9417038779186092
residual_fitted,IZTECH::IZTECH_S015::2025-05-01,IZTECH,IZTECH::IZTECH_S015,1.3829836681415282,-1.7654671187776372
residual_fitted,IZTECH::IZTECH_S015::2025-05-02,IZTECH,IZTECH::IZTECH_S015,1.3856749135398134,-0.476193259392133
residual_fitted,IZTECH::IZTECH_S015::2025-05-03,IZTECH,IZTECH::IZTECH_S015,1.3883425120544786,0.15795708413726806
residual_fitted,IZTECH::IZTECH_S015::2025-05-04,IZTECH,IZTECH::IZTECH_S015,1.3909853468033577,-0.21903891664358094
residual_fitted,IZTECH::IZTECH_S016::2025-05-06,IZTECH,IZTECH::IZTECH_S016,1.8503042795576026,0.2738897987883831
residual_fitted,IZTECH::IZTECH_S016::2025-05-07,IZTECH,IZTECH::IZTECH_S016,1.852865877091681,0.174970594156541
residual_fitted,IZTECH::IZTECH_S016::2025-05-08,IZTECH,IZTECH::IZTECH_S016,1.8553980017218676,0.1259710027877775
residual_fitted,IZTECH::IZTECH_S016::2025-05-09,IZTECH,IZTECH::IZTECH_S016,1.8578994191690286,-0.13201678039987277
residual_fitted,IZTECH::IZTECH_S016::2025-05-10,IZTECH,IZTECH::IZTECH_S016,1.8603688741054536,-0.20129210842644216
residual_fitted,IZTECH::IZTECH_S016::2025-05-11,IZTECH,IZTECH::IZTECH_S016,1.8628050912460892,-0.8023390026169255
residual_fitted,IZTECH::IZTECH_S017::2025-05-27,IZTECH,IZTECH::IZTECH_S017,2.0821180639102725,0.15703841391246062
residual_fitted,IZTECH::IZTECH_S017::2025-05-28,IZTECH,IZTECH::IZTECH_S017,2.0837825622228157,0.23096681366875363
residual_fitted,IZTECH::IZTECH_S017::2025-05-29,IZTECH,IZTECH::IZTECH_S017,2.085389434334581,-0.31108857502435655
residual_fitted,IZTECH::IZTECH_S017::2025-05-30,IZTECH,IZTECH::IZTECH_S017,2.0869373954357404,0.5115963201610981
residual_fitted,IZTECH::IZTECH_S017::2025-05-31,IZTECH,IZTECH::IZTECH_S017,2.0884251873199844,0.2976626691966388
residual_fitted,IZTECH::IZTECH_S017::2025-06-01,IZTECH,IZTECH::IZTECH_S017,2.089851581625299,-0.4408237083257027
residual_fitted,KNUST::KNUST_S001::2024-10-08,KNUST,KNUST::KNUST_S001,1.3442268618522084,-0.15159220245425933
residual_fitted,KNUST::KNUST_S001::2024-10-09,KNUST,KNUST::KNUST_S001,1.34384630570586,0.989367546173735
residual_fitted,KNUST::KNUST_S001::2024-10-10,KNUST,KNUST::KNUST_S001,1.3434693751827367,0.4583777371386468
residual_fitted,KNUST::KNUST_S001::2024-10-11,KNUST,KNUST::KNUST_S001,1.343096119764632,1.5544180081396195
residual_fitted,KNUST::KNUST_S001::2024-10-12,KNUST,KNUST::KNUST_S001,1.3427265883406874,-0.7679470133714071
residual_fitted,KNUST::KNUST_S001::2024-10-13,KNUST,KNUST::KNUST_S001,1.3423608292826485,-2.5886637513038133
residual_fitted,KNUST::KNUST_S002::2024-10-15,KNUST,KNUST::KNUST_S002,0.898975987752658,-1.3321964675474456
residual_fitted,KNUST::KNUST_S002::2024-10-16,KNUST,KNUST::KNUST_S002,0.8986218313709602,0.19374641212442964
residual_fitted,KNUST::KNUST_S002::2024-10-17,KNUST,KNUST::KNUST_S002,0.8982716364066643,-0.8744634850938954
residual_fitted,KNUST::KNUST_S002::2024-10-18,KNUST,KNUST::KNUST_S002,0.8979254492230826,0.8663149374864881
residual_fitted,KNUST::KNUST_S002::2024-10-19,KNUST,KNUST::KNUST_S002,0.8975833158919042,-1.2728616695696418
residual_fitted,KNUST::KNUST_S002::2024-10-20,KNUST,KNUST::KNUST_S002,0.8972452822355279,-0.48184401030107743
residual_fitted,KNUST::KNUST_S003::2024-10-22,KNUST,KNUST::KNUST_S003,1.2170110982677782,1.1768060065769816
residual_fitted,KNUST::KNUST_S003::2024-10-23,KNUST,KNUST::KNUST_S003,1.2166856364676955,1.3011924219369173
residual_fitted,KNUST::KNUST_S003::2024-10-24,KNUST,KNUST::KNUST_S003,1.2163644556847226,-1.2728221422486587
residual_fitted,KNUST::KNUST_S003::2024-10-25,KNUST,KNUST::KNUST_S003,1.2160476008993157,1.1085016727203854
residual_fitted,KNUST::KNUST_S003::2024-10-26,KNUST,KNUST::KNUST_S003,1.2157351169978587,-1.6939561335587454
residual_fitted,KNUST::KNUST_S003::2024-10-27,KNUST,KNUST::KNUST_S003,1.215427048810292,-1.7871788467587801
residual_fitted,KNUST::KNUST_S004::2024-10-29,KNUST,KNUST::KNUST_S004,1.815569915872508,0.18524348017249634
residual_fitted,KNUST::KNUST_S004::2024-10-30,KNUST,KNUST::KNUST_S004,1.8152753631994942,0.14668143420601776
residual_fitted,KNUST::KNUST_S004::2024-10-31,KNUST,KNUST::KNUST_S004,1.8149854050662568,0.6428237041032614
residual_fitted,KNUST::KNUST_S004::2024-11-01,KNUST,KNUST::KNUST_S004,1.8147000861240001,0.16480013116699993
residual_fitted,KNUST::KNUST_S004::2024-11-02,KNUST,KNUST::KNUST_S004,1.8144194510380394,0.9188895749529383
residual_fitted,KNUST::KNUST_S004::2024-11-03,KNUST,KNUST::KNUST_S004,1.8141435444595784,0.02474603463693377
residual_fitted,KNUST::KNUST_S005::2024-11-05,KNUST,KNUST::KNUST_S005,0.6171433176399851,-0.7191251906167007
residual_fitted,KNUST::KNUST_S005::2024-11-06,KNUST,KNUST::KNUST_S005,0.616881864524175,1.4833471589628628
residual_fitted,KNUST::KNUST_S005::2024-11-07,KNUST,KNUST::KNUST_S005,0.6166253185206821,-1.8577647848777243
residual_fitted,KNUST::KNUST_S005::2024-11-08,KNUST,KNUST::KNUST_S005,0.6163737242430819,-1.2197760882551858
residual_fitted,KNUST::KNUST_S005::2024-11-09,KNUST,KNUST::KNUST_S005,0.6161271263049498,-2.1406940615640884
residual_fitted,KNUST::KNUST_S005::2024-11-10,KNUST,KNUST::KNUST_S005,0.6158855692351969,0.06312317065810272
residual_fitted,KNUST::KNUST_S006::2024-11-12,KNUST,KNUST::KNUST_S006,1.7288504239140723,0.14589254676574548
residual_fitted,KNUST::KNUST_S006::2024-11-13,KNUST,KNUST::KNUST_S006,1.7286242559738256,-1.3715987944028956
residual_fitted,KNUST::KNUST_S006::2024-11-14,KNUST,KNUST::KNUST_S006,1.7284033062415092,0.4769219709357246
residual_fitted,KNUST::KNUST_S006::2024-11-15,KNUST,KNUST::KNUST_S006,1.728187618700416,0.6726037701575007
residual_fitted,KNUST::KNUST_S006::2024-11-16,KNUST,KNUST::KNUST_S006,1.7279772371645112,0.8864610848242317
residual_fitted,KNUST::KNUST_S006::2024-11-17,KNUST,KNUST::KNUST_S006,1.72777220519847,0.8236268827847336
residual_fitted,KNUST::KNUST_S007::2024-11-19,KNUST,KNUST::KNUST_S007,1.4651318164459473,0.023676682756984358
residual_fitted,KNUST::KNUST_S007::2024-11-20,KNUST,KNUST::KNUST_S007,1.4649430918635682,-0.06187030239740593
residual_fitted,KNUST::KNUST_S007::2024-11-21,KNUST,KNUST::KNUST_S007,1.4647598881417827,0.3264343592216901
residual_fitted,KNUST::KNUST_S007::2024-11-22,KNUST,KNUST::KNUST_S007,1.4645822471143433,-0.07335242448712992
residual_fitted,KNUST::KNUST_S008::2024-11-27,KNUST,KNUST::KNUST_S008,1.4681772520947163,-0.7037458756690469
residual_fitted,KNUST::KNUST_S008::2024-11-28,KNUST,KNUST::KNUST_S008,1.468033834943027,0.46475368970442077
residual_fitted,KNUST::KNUST_S008::2024-11-29,KNUST,KNUST::KNUST_S008,1.4678962567370823,0.9093581728642947
residual_fitted,KNUST::KNUST_S008::2024-11-30,KNUST,KNUST::KNUST_S008,1.4677645538779855,-0.2101150831643537
residual_fitted,KNUST::KNUST_S008::2024-12-01,KNUST,KNUST::KNUST_S008,1.467638761835528,-0.22156310704263577
residual_fitted,KNUST::KNUST_S009::2024-12-03,KNUST,KNUST::KNUST_S009,1.525652979895941,-0.7382475267991059
residual_fitted,KNUST::KNUST_S009::2024-12-04,KNUST,KNUST::KNUST_S009,1.525545122670768,1.4874766565481552
residual_fitted,KNUST::KNUST_S009::2024-12-05,KNUST,KNUST::KNUST_S009,1.5254433074125058,2.105686598082511
residual_fitted,KNUST::KNUST_S009::2024-12-06,KNUST,KNUST::KNUST_S009,1.525347563932524,-0.20575814171541693
residual_fitted,KNUST::KNUST_S009::2024-12-07,KNUST,KNUST::KNUST_S009,1.525257920725187,-1.7007842056747464
residual_fitted,KNUST::KNUST_S009::2024-12-08,KNUST,KNUST::KNUST_S009,1.5251744049161124,-0.39450533374768293
residual_fitted,KNUST::KNUST_S010::2024-12-10,KNUST,KNUST::KNUST_S010,1.3425743162694415,-0.7861209679415104
residual_fitted,KNUST::KNUST_S010::2024-12-11,KNUST,KNUST::KNUST_S010,1.342509330865357,-0.7058693530395211
residual_fitted,KNUST::KNUST_S010::2024-12-12,KNUST,KNUST::KNUST_S010,1.3424505665456923,0.8148055555153401
residual_fitted,KNUST::KNUST_S010::2024-12-13,KNUST,KNUST::KNUST_S010,1.342398042773913,0.5382488781503066
residual_fitted,KNUST::KNUST_S010::2024-12-14,KNUST,KNUST::KNUST_S010,1.342351777334303,0.45368851851520103
residual_fitted,KNUST::KNUST_S010::2024-12-15,KNUST,KNUST::KNUST_S010,1.3423117862990377,-0.7481320150426259
residual_fitted,KNUST::KNUST_S011::2024-12-17,KNUST,KNUST::KNUST_S011,1.5878807854973584,2.1294858951100633
residual_fitted,KNUST::KNUST_S011::2024-12-18,KNUST,KNUST::KNUST_S011,1.587859696399157,1.7336242600923868
residual_fitted,KNUST::KNUST_S011::2024-12-19,KNUST,KNUST::KNUST_S011,1.5878449281391662,-0.3167226037063276
residual_fitted,KNUST::KNUST_S011::2024-12-20,KNUST,KNUST::KNUST_S011,1.5878364877304425,0.18435897217289648
residual_fitted,KNUST::KNUST_S011::2024-12-21,KNUST,KNUST::KNUST_S011,1.5878343803234203,-0.7722931467338484
residual_fitted,KNUST::KNUST_S011::2024-12-22,KNUST,KNUST::KNUST_S011,1.5878386091635779,-2.0627253883755867
residual_fitted,KNUST::KNUST_S012::2025-01-07,KNUST,KNUST::KNUST_S012,1.8830588426746786,0.21826602525266767
residual_fitted,KNUST::KNUST_S012::2025-01-08,KNUST,KNUST::KNUST_S012,1.883169498283437,0.7206116027670333
residual_fitted,KNUST::KNUST_S012::2025-01-09,KNUST,KNUST::KNUST_S012,1.883286240769008,-0.2911511558778565
residual_fitted,KNUST::KNUST_S012::2025-01-10,KNUST,KNUST::KNUST_S012,1.883409041293666,0.9272943076860829
residual_fitted,KNUST::KNUST_S012::2025-01-11,KNUST,KNUST::KNUST_S012,1.883537869801454,0.20092671156361167
residual_fitted,KNUST::KNUST_S012::2025-01-12,KNUST,KNUST::KNUST_S012,1.883672695032296,0.7122164549701352
residual_fitted,KNUST::KNUST_S013::2025-01-14,KNUST,KNUST::KNUST_S013,1.5144815543032766,-1.7389970103528074
residual_fitted,KNUST::KNUST_S013::2025-01-15,KNUST,KNUST::KNUST_S013,1.514634171188156,0.8178118518563071
residual_fitted,KNUST::KNUST_S013::2025-01-16,KNUST,KNUST::KNUST_S013,1.51479264909274,0.19001189859508438
residual_fitted,KNUST::KNUST_S013::2025-01-17,KNUST,KNUST::KNUST_S013,1.5149569517335157,1.2200838839802415
residual_fitted,KNUST::KNUST_S014::2025-01-21,KNUST,KNUST::KNUST_S014,1.0855960586285902,-0.30474786053965025
residual_fitted,KNUST::KNUST_S014::2025-01-22,KNUST,KNUST::KNUST_S014,1.085788913496752,-0.5717995500789742
residual_fitted,KNUST::KNUST_S014::2025-01-23,KNUST,KNUST::KNUST_S014,1.0859873598640606,1.0085066094148853
residual_fitted,KNUST::KNUST_S014::2025-01-24,KNUST,KNUST::KNUST_S014,1.0861913567528174,-0.9951883444403827
residual_fitted,KNUST::KNUST_S014::2025-01-25,KNUST,KNUST::KNUST_S014,1.0864008627337793,0.3534481032969155
residual_fitted,KNUST::KNUST_S014::2025-01-26,KNUST,KNUST::KNUST_S014,1.0866158359402687,-1.328452446414222
residual_fitted,KNUST::KNUST_S015::2025-01-28,KNUST,KNUST::KNUST_S015,1.9146703811555674,0.514578657215354
residual_fitted,KNUST::KNUST_S015::2025-01-29,KNUST,KNUST::KNUST_S015,1.9149015012074013,1.0969560919610277
residual_fitted,KNUST::KNUST_S015::2025-01-30,KNUST,KNUST::KNUST_S015,1.9151379175562087,0.40645646214722697
residual_fitted,KNUST::KNUST_S015::2025-01-31,KNUST,KNUST::KNUST_S015,1.9153795867643122,0.8117992498631864
residual_fitted,KNUST::KNUST_S015::2025-02-01,KNUST,KNUST::KNUST_S015,1.9156264651635584,-0.18982535076410023
residual_fitted,RISE::RISE_S001::2025-03-04,RISE,RISE::RISE_S001,1.9315710047132102,0.5971893014343
residual_fitted,RISE::RISE_S001::2025-03-05,RISE,RISE::RISE_S001,1.9373488252029576,-0.7795132480907613
residual_fitted,RISE::RISE_S001::2025-03-06,RISE,RISE::RISE_S001,1.9431456163680703,0.40512349359379585
residual_fitted,RISE::RISE_S001::2025-03-07,RISE,RISE::RISE_S001,1.9489609707363242,1.128479256793305
residual_fitted,RISE::RISE_S001::2025-03-08,RISE,RISE::RISE_S001,1.954794511484104,-2.420250264562079
residual_fitted,RISE::RISE_S001::2025-03-09,RISE,RISE::RISE_S001,1.9606458907666284,1.011749862955899
residual_fitted,RISE::RISE_S002::2025-03-18,RISE,RISE::RISE_S002,1.994110997669441,0.5473875380755087
residual_fitted,RISE::RISE_S002::2025-03-19,RISE,RISE::RISE_S002,2.0001268623226087,0.3011950385401188
residual_fitted,RISE::RISE_S002::2025-03-20,RISE,RISE::RISE_S002,2.0061581966684163,0.48304346620085414
residual_fitted,RISE::RISE_S002::2025-03-21,RISE,RISE::RISE_S002,2.01220487748685,0.032518385376031154
residual_fitted,RISE::RISE_S002::2025-03-22,RISE,RISE::RISE_S002,2.018266790301873,-0.6486923611540132
residual_fitted,RISE::RISE_S002::2025-03-23,RISE,RISE::RISE_S002,2.0243438278621673,-0.880649996545819
residual_fitted,RISE::RISE_S003::2025-03-18,RISE,RISE::RISE_S003,1.8127352573268494,0.8209022636712002
residual_fitted,RISE::RISE_S003::2025-03-19,RISE,RISE::RISE_S003,1.8187511219800172,0.36735249997309594
residual_fitted,RISE::RISE_S003::2025-03-20,RISE,RISE::RISE_S003,1.8247824563258248,0.838851990310028
residual_fitted,RISE::RISE_S003::2025-03-21,RISE,RISE::RISE_S003,1.8308291371442584,0.4714478498176647
residual_fitted,RISE::RISE_S003::2025-03-22,RISE,RISE::RISE_S003,1.8368910499592814,0.03262295322289146
residual_fitted,RISE::RISE_S003::2025-03-23,RISE,RISE::RISE_S003,1.8429680875195757,-3.6778017495317994
residual_fitted,RISE::RISE_S004::2025-03-25,RISE,RISE::RISE_S004,2.090559238490691,-0.20348621839257777
residual_fitted,RISE::RISE_S004::2025-03-26,RISE,RISE::RISE_S004,2.096681056157209,1.6265866550544195
residual_fitted,RISE::RISE_S004::2025-03-27,RISE,RISE::RISE_S004,2.1028176112140393,-0.3274553554781705
residual_fitted,RISE::RISE_S004::2025-03-28,RISE,RISE::RISE_S004,2.108968809499963,-0.8004881555356094
residual_fitted,RISE::RISE_S004::2025-03-29,RISE,RISE::RISE_S004,2.1151345547559575,0.8906874726175374
residual_fitted,RISE::RISE_S004::2025-03-30,RISE,RISE::RISE_S004,2.1213147470306812,-1.0587591510944192
residual_fitted,RISE::RISE_S005::2025-04-01,RISE,RISE::RISE_S005,2.259340162389454,0.10706756117685422
residual_fitted,RISE::RISE_S005::2025-04-02,RISE,RISE::RISE_S005,2.2655630342306234,0.289396741468599
residual_fitted,RISE::RISE_S005::2025-04-03,RISE,RISE::RISE_S005,2.271799883060517,0.31620403209341813
residual_fitted,RISE::RISE_S005::2025-04-04,RISE,RISE::RISE_S005,2.278050565203195,0.18656198107489616
residual_fitted,RISE::RISE_S005::2025-04-05,RISE,RISE::RISE_S005,2.284314922947199,0.008413485628474444
residual_fitted,RISE::RISE_S005::2025-04-06,RISE,RISE::RISE_S005,2.290592782668816,-0.10081579738384068
residual_fitted,RISE::RISE_S006::2025-04-15,RISE,RISE::RISE_S006,2.055946055230806,0.4641250755043295
residual_fitted,RISE::RISE_S006::2025-04-16,RISE,RISE::RISE_S006,2.0623444182659885,-0.08147654677194952
residual_fitted,RISE::RISE_S006::2025-04-17,RISE,RISE::RISE_S006,2.068752721671454,0.9339942574829734
residual_fitted,RISE::RISE_S006::2025-04-18,RISE,RISE::RISE_S006,2.0751704293834603,0.5404473774598705
residual_fitted,RISE::RISE_S006::2025-04-19,RISE,RISE::RISE_S006,2.081596958057755,-1.6849519843021927
residual_fitted,RISE::RISE_S006::2025-04-20,RISE,RISE::RISE_S006,2.088031673889942,-0.943788510220272
residual_fitted,RISE::RISE_S007::2025-04-15,RISE,RISE::RISE_S007,2.469055588352345,1.3751925359618646
residual_fitted,RISE::RISE_S007::2025-04-16,RISE,RISE::RISE_S007,2.475453951387527,0.4922007046309618
residual_fitted,RISE::RISE_S007::2025-04-17,RISE,RISE::RISE_S007,2.4818622547929925,0.1517101141953347
residual_fitted,RISE::RISE_S007::2025-04-18,RISE,RISE::RISE_S007,2.488279962504999,0.8629236581047403
residual_fitted,RISE::RISE_S007::2025-04-19,RISE,RISE::RISE_S007,2.494706491179294,-0.16002262356067756
residual_fitted,RISE::RISE_S007::2025-04-20,RISE,RISE::RISE_S007,2.501141207011481,-1.2583141804382498
residual_fitted,RISE::RISE_S008::2025-04-29,RISE,RISE::RISE_S008,2.812051804410643,-0.5414021560302539
residual_fitted,RISE::RISE_S008::2025-04-30,RISE,RISE::RISE_S008,2.818519811814793,0.8274727456372557
residual_fitted,RISE::RISE_S008::2025-05-01,RISE,RISE::RISE_S008,2.824984616909642,1.435765563539404
residual_fitted,RISE::RISE_S008::2025-05-02,RISE,RISE::RISE_S008,2.831444664640451,0.4356034193805788
residual_fitted,RISE::RISE_S008::2025-05-03,RISE,RISE::RISE_S008,2.837898289808453,0.20229062315778593
residual_fitted,RISE::RISE_S008::2025-05-04,RISE,RISE::RISE_S008,2.8443437106128204,0.4716684004060275
residual_fitted,RISE::RISE_S009::2025-05-27,RISE,RISE::RISE_S009,2.465258865674778,-0.5391789398911722
residual_fitted,RISE::RISE_S009::2025-05-28,RISE,RISE::RISE_S009,2.4705197146673132,-0.5988942884250029
residual_fitted,RISE::RISE_S009::2025-05-29,RISE,RISE::RISE_S009,2.475663823389669,1.631656596914404
residual_fitted,RISE::RISE_S009::2025-05-30,RISE,RISE::RISE_S009,2.48068315854317,-0.5397932489720523
residual_fitted,RISE::RISE_S009::2025-05-31,RISE,RISE::RISE_S009,2.4855693606773284,0.5607210114541323
residual_fitted,RISE::RISE_S009::2025-06-01,RISE,RISE::RISE_S009,2.49031375750101,-0.4890437172845825
residual_fitted,RISE::RISE_S010::2025-06-10,RISE,RISE::RISE_S010,2.46214884837196,-0.43048933909917664
residual_fitted,RISE::RISE_S010::2025-06-11,RISE,RISE::RISE_S010,2.4649530184390946,0.21030557095719632
residual_fitted,RISE::RISE_S010::2025-06-12,RISE,RISE::RISE_S010,2.467510491552771,2.0148669678391418
residual_fitted,RISE::RISE_S010::2025-06-13,RISE,RISE::RISE_S010,2.4698126684733497,-2.366356079273128
residual_fitted,RISE::RISE_S010::2025-06-14,RISE,RISE::RISE_S010,2.471851526814491,0.2565980164433688
residual_fitted,RISE::RISE_S012::2025-06-10,RISE,RISE::RISE_S012,2.754889916855302,-0.9860033665891651
residual_fitted,RISE::RISE_S012::2025-06-11,RISE,RISE::RISE_S012,2.7576940869224367,0.28797144012196957
residual_fitted,RISE::RISE_S012::2025-06-12,RISE,RISE::RISE_S012,2.760251560036113,0.3911543904396786
residual_fitted,RISE::RISE_S012::2025-06-13,RISE,RISE::RISE_S012,2.7625537369566917,0.7538929918320836
residual_fitted,RISE::RISE_S012::2025-06-14,RISE,RISE::RISE_S012,2.764592595297833,1.2729276961255407
residual_fitted,RISE::RISE_S012::2025-06-15,RISE,RISE::RISE_S012,2.7663608014766994,-0.391712781979435
residual_fitted,RISE::RISE_S012::2025-06-16,RISE,RISE::RISE_S012,2.767851819639752,-0.0592798704067461
residual_fitted,RISE::RISE_S013::2025-06-24,RISE,RISE::RISE_S013,2.421216565745971,0.10506729081611228
residual_fitted,RISE::RISE_S013::2025-06-25,RISE,RISE::RISE_S013,2.4200904825009855,0.5031245248759334
residual_fitted,RISE::RISE_S013::2025-06-26,RISE,RISE::RISE_S013,2.4186811186720263,0.36756418722387835
residual_fitted,RISE::RISE_S013::2025-06-27,RISE,RISE::RISE_S013,2.4169940327672426,-1.26939498534305
residual_fitted,RISE::RISE_S013::2025-06-28,RISE,RISE::RISE_S013,2.4150356963843937,-0.9934989279041063
residual_fitted,RISE::RISE_S013::2025-06-29,RISE,RISE::RISE_S013,2.412813392669695,0.6723362330397019
residual_fitted,RISE::RISE_S014::2025-10-07,RISE,RISE::RISE_S014,1.8814106785135276,0.2591257940995505
residual_fitted,RISE::RISE_S014::2025-10-08,RISE,RISE::RISE_S014,1.875710474187248,0.7341573826664926
residual_fitted,RISE::RISE_S014::2025-10-09,RISE,RISE::RISE_S014,1.8700285043206173,0.2345820376162834
residual_fitted,RISE::RISE_S014::2025-10-10,RISE,RISE::RISE_S014,1.8643651865738418,0.7008626370512004
residual_fitted,RISE::RISE_S014::2025-10-11,RISE,RISE::RISE_S014,1.8587209721484457,-1.2291064950895976
residual_fitted,RISE::RISE_S014::2025-10-12,RISE,RISE::RISE_S014,1.8530963473723827,-1.0728162414961222
residual_fitted,RISE::RISE_S015::2025-10-07,RISE,RISE::RISE_S015,1.7232206925614897,-0.4382356952419913
residual_fitted,RISE::RISE_S015::2025-10-08,RISE,RISE::RISE_S015,1.71752048823521,-0.14044906547308042
residual_fitted,RISE::RISE_S015::2025-10-09,RISE,RISE::RISE_S015,1.7118385183685794,-0.1273297600120259
residual_fitted,RISE::RISE_S015::2025-10-10,RISE,RISE::RISE_S015,1.7061752006218038,-0.10321278065964286
residual_fitted,RISE::RISE_S015::2025-10-11,RISE,RISE::RISE_S015,1.7005309861964077,0.38797036457225126
residual_fitted,RISE::RISE_S015::2025-10-12,RISE,RISE::RISE_S015,1.6949063614203448,-0.8079058218160753
residual_fitted,RISE::RISE_S016::2025-10-07,RISE,RISE::RISE_S016,1.4841713973310537,0.01692060234910639
residual_fitted,RISE::RISE_S016::2025-10-08,RISE,RISE::RISE_S016,1.478471193004774,0.2683498583444868
residual_fitted,RISE::RISE_S016::2025-10-09,RISE,RISE::RISE_S016,1.4727892231381434,-0.1598551338095589
residual_fitted,RISE::RISE_S016::2025-10-10,RISE,RISE::RISE_S016,1.467125905391368,-1.3754599641462244
residual_fitted,RISE::RISE_S016::2025-10-11,RISE,RISE::RISE_S016,1.4614816909659718,-0.8256622221962405
residual_fitted,RISE::RISE_S016::2025-10-12,RISE,RISE::RISE_S016,1.4558570661899088,-0.4469544456410463
residual_fitted,RISE::RISE_S017::2025-10-14,RISE,RISE::RISE_S017,2.035100048163402,0.18133662741856404
residual_fitted,RISE::RISE_S017::2025-10-15,RISE,RISE::RISE_S017,2.0295374866328,-0.2326302110940047
residual_fitted,RISE::RISE_S017::2025-10-16,RISE,RISE::RISE_S017,2.023996844741961,0.15206364365904498
residual_fitted,RISE::RISE_S017::2025-10-17,RISE,RISE::RISE_S017,2.018478809535245,-0.020542088046775632
residual_fitted,RISE::RISE_S017::2025-10-18,RISE,RISE::RISE_S017,2.0129841133008686,0.4034535391210633
residual_fitted,RISE::RISE_S017::2025-10-19,RISE,RISE::RISE_S017,2.0075135352406797,0.188488059461839
residual_fitted,THUAS::THUAS_S001::2025-02-22,THUAS,THUAS::THUAS_S001,1.4108469563487285,-2.6847973202223354
residual_fitted,THUAS::THUAS_S001::2025-02-23,THUAS,THUAS::THUAS_S001,1.4153281035570462,1.176069024016303
residual_fitted,THUAS::THUAS_S001::2025-02-24,THUAS,THUAS::THUAS_S001,1.4198313504304299,-0.2841558993858064
residual_fitted,THUAS::THUAS_S001::2025-02-25,THUAS,THUAS::THUAS_S001,1.4243559024474286,0.04303526719009793
residual_fitted,THUAS::THUAS_S001::2025-02-26,THUAS,THUAS::THUAS_S001,1.428900998872499,1.3727578528377278
residual_fitted,THUAS::THUAS_S001::2025-02-27,THUAS,THUAS::THUAS_S001,1.4334659115189563,0.07974454100335122
residual_fitted,THUAS::THUAS_S001::2025-02-28,THUAS,THUAS::THUAS_S001,1.4380499435354515,-0.2532060745190346
residual_fitted,THUAS::THUAS_S001::2025-03-02,THUAS,THUAS::THUAS_S001,1.4472727271089325,-1.6948822516050226
residual_fitted,THUAS::THUAS_S002::2025-03-04,THUAS,THUAS::THUAS_S002,1.5346964151085736,0.8949272797507095
residual_fitted,THUAS::THUAS_S002::2025-03-05,THUAS,THUAS::THUAS_S002,1.5393665968048744,1.024742466546839
residual_fitted,THUAS::THUAS_S002::2025-03-06,THUAS,THUAS::THUAS_S002,1.544052301786549,-2.9555392523540585
residual_fitted,THUAS::THUAS_S002::2025-03-07,THUAS,THUAS::THUAS_S002,1.5487530158756722,1.7963737407863674
residual_fitted,THUAS::THUAS_S002::2025-03-08,THUAS,THUAS::THUAS_S002,1.5534682456700866,-2.5831655838760517
residual_fitted,THUAS::THUAS_S003::2025-03-18,THUAS,THUAS::THUAS_S003,2.2861143516377846,0.04929415008451528
residual_fitted,THUAS::THUAS_S003::2025-03-19,THUAS,THUAS::THUAS_S003,2.29096126053345,0.9123115765515897
residual_fitted,THUAS::THUAS_S003::2025-03-20,THUAS,THUAS::THUAS_S003,2.2958178860306857,0.5494697997656307
residual_fitted,THUAS::THUAS_S003::2025-03-21,THUAS,THUAS::THUAS_S003,2.3006838798660905,0.046510002910116026
residual_fitted,THUAS::THUAS_S003::2025-03-22,THUAS,THUAS::THUAS_S003,2.3055588951591197,-1.2885082456847303
residual_fitted,THUAS::THUAS_S003::2025-03-23,THUAS,THUAS::THUAS_S003,2.310442585052747,1.6136782848006253
residual_fitted,THUAS::THUAS_S005::2025-03-25,THUAS,THUAS::THUAS_S005,2.0397396030328254,-0.2353616478212287
residual_fitted,THUAS::THUAS_S005::2025-03-26,THUAS,THUAS::THUAS_S005,2.044647213784932,0.497565612360254
residual_fitted,THUAS::THUAS_S005::2025-03-27,THUAS,THUAS::THUAS_S005,2.0495620826413266,0.27155673071663644
residual_fitted,THUAS::THUAS_S005::2025-03-28,THUAS,THUAS::THUAS_S005,2.0544838408638695,-0.2667263878934001
residual_fitted,THUAS::THUAS_S005::2025-03-29,THUAS,THUAS::THUAS_S005,2.0594121108857775,0.1711805877923727
residual_fitted,THUAS::THUAS_S005::2025-03-30,THUAS,THUAS::THUAS_S005,2.06434650475944,-0.0732210118091342
residual_fitted,THUAS::THUAS_S006::2025-04-01,THUAS,THUAS::THUAS_S006,2.2243015679401195,-0.03384059336468279
residual_fitted,THUAS::THUAS_S006::2025-04-02,THUAS,THUAS::THUAS_S006,2.2292518786299316,0.32139467875250044
residual_fitted,THUAS::THUAS_S006::2025-04-03,THUAS,THUAS::THUAS_S006,2.2342066263644265,0.07020523817432543
residual_fitted,THUAS::THUAS_S006::2025-04-05,THUAS,THUAS::THUAS_S006,2.2441275589903342,1.1495523569580421
residual_fitted,THUAS::THUAS_S006::2025-04-06,THUAS,THUAS::THUAS_S006,2.2490927551536637,-0.33028987757366807
residual_fitted,THUAS::THUAS_S007::2025-04-08,THUAS,THUAS::THUAS_S007,1.7744176004013574,0.5626441181795647
residual_fitted,THUAS::THUAS_S007::2025-04-09,THUAS,THUAS::THUAS_S007,1.7793884765290031,2.066081575364061
residual_fitted,THUAS::THUAS_S007::2025-04-10,THUAS,THUAS::THUAS_S007,1.7843600645124587,0.9433804095616756
residual_fitted,THUAS::THUAS_S007::2025-04-11,THUAS,THUAS::THUAS_S007,1.7893317240940008,-5.212083924837867
residual_fitted,THUAS::THUAS_S007::2025-04-12,THUAS,THUAS::THUAS_S007,1.7943027824952658,-0.24278606345957227
residual_fitted,THUAS::THUAS_S007::2025-04-13,THUAS,THUAS::THUAS_S007,1.7992725325217032,0.43754250230336195
residual_fitted,THUAS::THUAS_S010::2025-06-03,THUAS,THUAS::THUAS_S010,2.4317448998071294,-0.1094857093316939
residual_fitted,THUAS::THUAS_S010::2025-06-05,THUAS,THUAS::THUAS_S010,2.436564237165052,-1.1854517615710194
residual_fitted,THUAS::THUAS_S010::2025-06-06,THUAS,THUAS::THUAS_S010,2.438783371138125,1.3023163459403408
residual_fitted,THUAS::THUAS_S010::2025-06-07,THUAS,THUAS::THUAS_S010,2.440871290141648,0.3976194959499301
residual_fitted,THUAS::THUAS_S010::2025-06-08,THUAS,THUAS::THUAS_S010,2.4428250001978418,-0.3757863968890429
residual_fitted,THUAS::THUAS_S010::2025-06-09,THUAS,THUAS::THUAS_S010,2.444641645360555,0.7703535607365486
residual_fitted,THUAS::THUAS_S011::2025-05-13,THUAS,THUAS::THUAS_S011,2.2029570689022884,0.6485424739654096
residual_fitted,THUAS::THUAS_S011::2025-05-14,THUAS,THUAS::THUAS_S011,2.207253545865101,0.7123985987913026
residual_fitted,THUAS::THUAS_S011::2025-05-15,THUAS,THUAS::THUAS_S011,2.2114959336676012,-0.71847761222288
residual_fitted,THUAS::THUAS_S011::2025-05-16,THUAS,THUAS::THUAS_S011,2.2156813350896143,-0.029540391124314523
residual_fitted,THUAS::THUAS_S011::2025-05-17,THUAS,THUAS::THUAS_S011,2.219806772916965,0.7617153622510169
residual_fitted,THUAS::THUAS_S011::2025-05-18,THUAS,THUAS::THUAS_S011,2.223869192218018,-1.4093058484087435
residual_fitted,THUAS::THUAS_S014::2025-07-08,THUAS,THUAS::THUAS_S014,2.0883939732115335,0.6953076970007217
residual_fitted,THUAS::THUAS_S014::2025-07-09,THUAS,THUAS::THUAS_S014,2.0858448209600726,0.7106435749949953
residual_fitted,THUAS::THUAS_S014::2025-07-10,THUAS,THUAS::THUAS_S014,2.0831783287538976,-0.7237780185029267
residual_fitted,THUAS::THUAS_S014::2025-07-11,THUAS,THUAS::THUAS_S014,2.0803979728912805,-0.802545648849671
residual_fitted,THUAS::THUAS_S014::2025-07-12,THUAS,THUAS::THUAS_S014,2.0775072764430176,0.7546916001858172
residual_fitted,THUAS::THUAS_S014::2025-07-13,THUAS,THUAS::THUAS_S014,2.0745097959788907,-1.6963123158540958
residual_fitted,THUAS::THUAS_S015::2025-07-08,THUAS,THUAS::THUAS_S015,2.0416026884354457,1.357541334327681
residual_fitted,THUAS::THUAS_S015::2025-07-09,THUAS,THUAS::THUAS_S015,2.0390535361839848,-0.7372013677626231
residual_fitted,THUAS::THUAS_S015::2025-07-10,THUAS,THUAS::THUAS_S015,2.03638704397781,1.6960411144853387
residual_fitted,THUAS::THUAS_S015::2025-07-11,THUAS,THUAS::THUAS_S015,2.0336066881151926,-1.1419023930457217
residual_fitted,THUAS::THUAS_S015::2025-07-12,THUAS,THUAS::THUAS_S015,2.0307159916669297,1.3380377328593391
residual_fitted,THUAS::THUAS_S015::2025-07-13,THUAS,THUAS::THUAS_S015,2.027718511202803,-3.827697723834848
residual_fitted,THUAS::THUAS_S016::2025-07-08,THUAS,THUAS::THUAS_S016,2.2513276947667538,-0.16126883572145542
residual_fitted,THUAS::THUAS_S016::2025-07-09,THUAS,THUAS::THUAS_S016,2.248778542515293,0.08208352009815331
residual_fitted,THUAS::THUAS_S016::2025-07-10,THUAS,THUAS::THUAS_S016,2.246112050309118,0.41151164664990675
residual_fitted,THUAS::THUAS_S016::2025-07-11,THUAS,THUAS::THUAS_S016,2.2433316944465007,0.07342883343318785
residual_fitted,THUAS::THUAS_S016::2025-07-12,THUAS,THUAS::THUAS_S016,2.240440997998238,0.027437484975037375
residual_fitted,THUAS::THUAS_S016::2025-07-13,THUAS,THUAS::THUAS_S016,2.237443517534111,-0.6135494778711299
residual_fitted,THUAS::THUAS_S017::2025-09-09,THUAS,THUAS::THUAS_S017,2.055452268661883,0.0058414645713129225
residual_fitted,THUAS::THUAS_S017::2025-09-10,THUAS,THUAS::THUAS_S017,2.0505767362605902,0.07447242294904116
residual_fitted,THUAS::THUAS_S017::2025-09-11,THUAS,THUAS::THUAS_S017,2.0457062074799266,0.5926186434217163
residual_fitted,THUAS::THUAS_S017::2025-09-12,THUAS,THUAS::THUAS_S017,2.0408410690445704,0.29952633819328
residual_fitted,THUAS::THUAS_S017::2025-09-13,THUAS,THUAS::THUAS_S017,2.035981693399091,-0.7310577374091926
residual_fitted,THUAS::THUAS_S017::2025-09-14,THUAS,THUAS::THUAS_S017,2.031128440278953,-0.0034430188094250486
residual_fitted,THUAS::THUAS_S018::2025-09-23,THUAS,THUAS::THUAS_S018,2.333130008842172,0.3799029846316417
residual_fitted,THUAS::THUAS_S018::2025-09-24,THUAS,THUAS::THUAS_S018,2.3283559970661027,0.6549073804589828
residual_fitted,THUAS::THUAS_S018::2025-09-25,THUAS,THUAS::THUAS_S018,2.323591634310386,-0.5039487902735835
residual_fitted,THUAS::THUAS_S018::2025-09-26,THUAS,THUAS::THUAS_S018,2.3188372379499302,0.34424019664723926
residual_fitted,THUAS::THUAS_S018::2025-09-27,THUAS,THUAS::THUAS_S018,2.3140931306182604,-0.48021610911420387
residual_fitted,THUAS::THUAS_S018::2025-09-28,THUAS,THUAS::THUAS_S018,2.3093596415386353,0.9914561544191858
residual_fitted,THUAS::THUAS_S018::2025-09-29,THUAS,THUAS::THUAS_S018,2.304637107826941,0.7203114439094607
residual_fitted,THUAS::THUAS_S019::2025-09-30,THUAS,THUAS::THUAS_S019,1.964298376147135,0.6739174670808886
residual_fitted,THUAS::THUAS_S019::2025-10-01,THUAS,THUAS::THUAS_S019,1.9595988025851385,0.5267263636132893
residual_fitted,THUAS::THUAS_S019::2025-10-02,THUAS,THUAS::THUAS_S019,1.9549112561093438,0.2861994987589059
residual_fitted,THUAS::THUAS_S019::2025-10-03,THUAS,THUAS::THUAS_S019,1.9502361184256956,-0.5186620452979408
residual_fitted,THUAS::THUAS_S019::2025-10-04,THUAS,THUAS::THUAS_S019,1.9455737856143163,-0.037343216537893124
residual_fitted,THUAS::THUAS_S019::2025-10-05,THUAS,THUAS::THUAS_S019,1.940924669465329,-1.0483097349467667
residual_fitted,THUAS::THUAS_S019::2025-10-06,THUAS,THUAS::THUAS_S019,1.9362891987488249,0.408040582206666
residual_fitted,THUAS::THUAS_S020::2025-10-07,THUAS,THUAS::THUAS_S020,2.1082392829939804,0.6859653203830203
residual_fitted,THUAS::THUAS_S020::2025-10-08,THUAS,THUAS::THUAS_S020,2.103632463872959,0.6027574467676657
residual_fitted,THUAS::THUAS_S020::2025-10-09,THUAS,THUAS::THUAS_S020,2.0990406913611293,0.2376700630081614
residual_fitted,THUAS::THUAS_S020::2025-10-10,THUAS,THUAS::THUAS_S020,2.094464475120968,0.13568639801847177
residual_fitted,THUAS::THUAS_S020::2025-10-11,THUAS,THUAS::THUAS_S020,2.0899043482529533,-0.03437719587484568
residual_fitted,THUAS::THUAS_S020::2025-10-12,THUAS,THUAS::THUAS_S020,2.0853608685937575,-0.05795136252377416
residual_fitted,THUAS::THUAS_S020::2025-10-13,THUAS,THUAS::THUAS_S020,2.080834620000326,-0.32375149590566993
residual_fitted,TUM::TUM_S001::2024-05-14,TUM,TUM::TUM_S001,2.2685261934564496,-0.07182425782110805
residual_fitted,TUM::TUM_S001::2024-05-15,TUM,TUM::TUM_S001,2.271998529689798,0.663786043656849
residual_fitted,TUM::TUM_S001::2024-05-16,TUM,TUM::TUM_S001,2.2754169943557314,0.852651168510816
residual_fitted,TUM::TUM_S001::2024-05-17,TUM,TUM::TUM_S001,2.278779263310384,-0.28385566252448285
residual_fitted,TUM::TUM_S001::2024-05-18,TUM,TUM::TUM_S001,2.2820829742167206,0.16191452981329504
residual_fitted,TUM::TUM_S001::2024-05-19,TUM,TUM::TUM_S001,2.2853257297853085,0.9065130303406523
residual_fitted,TUM::TUM_S002::2024-05-28,TUM,TUM::TUM_S002,1.684752594958122,-0.32727087388370096
residual_fitted,TUM::TUM_S002::2024-05-29,TUM,TUM::TUM_S002,1.6872492986482492,-2.0725854066078164
residual_fitted,TUM::TUM_S002::2024-05-30,TUM,TUM::TUM_S002,1.689657658644298,1.4585767663795763
residual_fitted,TUM::TUM_S002::2024-05-31,TUM,TUM::TUM_S002,1.6919752418013496,-0.21141141042703296
residual_fitted,TUM::TUM_S002::2024-06-01,TUM,TUM::TUM_S002,1.6941996541789301,-0.3711128163688564
residual_fitted,TUM::TUM_S002::2024-06-02,TUM,TUM::TUM_S002,1.696328548797233,0.3624088615686784
residual_fitted,TUM::TUM_S003::2024-06-04,TUM,TUM::TUM_S003,1.8130298807713936,0.651528015489788
residual_fitted,TUM::TUM_S003::2024-06-05,TUM,TUM::TUM_S003,1.81485872927333,-1.0914641997092163
residual_fitted,TUM::TUM_S003::2024-06-06,TUM,TUM::TUM_S003,1.8165833015127064,0.2600140475126894
residual_fitted,TUM::TUM_S003::2024-06-07,TUM,TUM::TUM_S003,1.8182016055839205,-0.2630998900753537
residual_fitted,TUM::TUM_S003::2024-06-08,TUM,TUM::TUM_S003,1.8197117447303428,-0.24239063108671705
residual_fitted,TUM::TUM_S003::2024-06-09,TUM,TUM::TUM_S003,1.8211119250817278,0.13405092306222313
residual_fitted,TUM::TUM_S004::2024-06-11,TUM,TUM::TUM_S004,2.1269628321711886,1.0851471105331862
residual_fitted,TUM::TUM_S004::2024-06-12,TUM,TUM::TUM_S004,2.128023513311417,0.5838327014370421
residual_fitted,TUM::TUM_S004::2024-06-13,TUM,TUM::TUM_S004,2.128968235325899,0.6498655088265325
residual_fitted,TUM::TUM_S004::2024-06-14,TUM,TUM::TUM_S004,2.1297958252092015,-0.5425648498500388
residual_fitted,TUM::TUM_S004::2024-06-15,TUM,TUM::TUM_S004,2.1305052524512282,-0.9170095739458896
residual_fitted,TUM::TUM_S004::2024-06-16,TUM,TUM::TUM_S004,2.131095633886624,0.23099820115433206
residual_fitted,TUM::TUM_S005::2024-06-18,TUM,TUM::TUM_S005,1.2557207127046326,1.4667680998428576
residual_fitted,TUM::TUM_S005::2024-06-19,TUM,TUM::TUM_S005,1.2559501901490544,-1.2216867766043433
residual_fitted,TUM::TUM_S005::2024-06-20,TUM,TUM::TUM_S005,1.2560586362404993,-2.3521699903984628
residual_fitted,TUM::TUM_S005::2024-06-21,TUM,TUM::TUM_S005,1.2560459534123465,-1.1971447531184245
residual_fitted,TUM::TUM_S005::2024-06-22,TUM,TUM::TUM_S005,1.2559122057698586,0.21718121286152206
residual_fitted,TUM::TUM_S005::2024-06-23,TUM,TUM::TUM_S005,1.255657618770339,-0.5637843338528462
residual_fitted,TUM::TUM_S006::2024-06-25,TUM,TUM::TUM_S006,2.2324575344519157,0.5103806915002249
residual_fitted,TUM::TUM_S006::2024-06-26,TUM,TUM::TUM_S006,2.231843374427605,-0.11990220858444554
residual_fitted,TUM::TUM_S006::2024-06-27,TUM,TUM::TUM_S006,2.2311108567510707,1.0113183777785046
residual_fitted,TUM::TUM_S006::2024-06-28,TUM,TUM::TUM_S006,2.230260981843527,0.7288498347597406
residual_fitted,TUM::TUM_S006::2024-06-29,TUM,TUM::TUM_S006,2.229294893670426,0.12599489557022364
residual_fitted,TUM::TUM_S006::2024-06-30,TUM,TUM::TUM_S006,2.2282138744405113,-0.6172947756018083
residual_fitted,TUM::TUM_S007::2024-07-02,TUM,TUM::TUM_S007,1.6755666391252855,-0.4002462160703666
residual_fitted,TUM::TUM_S007::2024-07-03,TUM,TUM::TUM_S007,1.6741498109630224,-0.2353833401079633
residual_fitted,TUM::TUM_S007::2024-07-04,TUM,TUM::TUM_S007,1.6726244379997204,0.37290528756645197
residual_fitted,TUM::TUM_S007::2024-07-05,TUM,TUM::TUM_S007,1.6709923962726836,-0.320537768978303
residual_fitted,TUM::TUM_S007::2024-07-06,TUM,TUM::TUM_S007,1.6692556585062648,-0.35733187472762074
residual_fitted,TUM::TUM_S007::2024-07-07,TUM,TUM::TUM_S007,1.6674162861910158,-0.39690676123342117
residual_fitted,TUM::TUM_S008::2024-07-09,TUM,TUM::TUM_S008,2.23577997600197,0.25947056420921577
residual_fitted,TUM::TUM_S008::2024-07-10,TUM,TUM::TUM_S008,2.2336458355797593,-0.027991768047596823
residual_fitted,TUM::TUM_S008::2024-07-11,TUM,TUM::TUM_S008,2.2314180326456965,-0.1386785403063337
residual_fitted,TUM::TUM_S008::2024-07-12,TUM,TUM::TUM_S008,2.229098951361486,-0.10695067732526513
residual_fitted,TUM::TUM_S008::2024-07-13,TUM,TUM::TUM_S008,2.2266910165702054,0.3427815555132694
residual_fitted,TUM::TUM_S008::2024-07-14,TUM,TUM::TUM_S008,2.224196686129449,1.430815840678203
residual_fitted,TUM::TUM_S009::2024-07-16,TUM,TUM::TUM_S009,2.3603806881304177,0.6777265586694496
residual_fitted,TUM::TUM_S009::2024-07-17,TUM,TUM::TUM_S009,2.357642138852169,0.6435397602214448
residual_fitted,TUM::TUM_S009::2024-07-18,TUM,TUM::TUM_S009,2.354827211828748,1.5180980927047325
residual_fitted,TUM::TUM_S009::2024-07-19,TUM,TUM::TUM_S009,2.351938424770964,-0.0393290404914724
residual_fitted,TUM::TUM_S009::2024-07-20,TUM,TUM::TUM_S009,2.3489782884236052,0.42136537854820133
residual_fitted,TUM::TUM_S009::2024-07-21,TUM,TUM::TUM_S009,2.3459493011280874,-0.6967182258879626
residual_fitted,TUM::TUM_S010::2024-07-23,TUM,TUM::TUM_S010,1.4033598097493436,-2.353721403312731
residual_fitted,TUM::TUM_S010::2024-07-24,TUM,TUM::TUM_S010,1.400139060394844,1.664079334490512
residual_fitted,TUM::TUM_S010::2024-07-25,TUM,TUM::TUM_S010,1.3968592318715998,0.8459316630305698
residual_fitted,TUM::TUM_S010::2024-07-26,TUM,TUM::TUM_S010,1.3935226906322913,-2.4798351166043404
residual_fitted,TUM::TUM_S010::2024-07-27,TUM,TUM::TUM_S010,1.3901317653879706,1.6689861715422498
residual_fitted,TUM::TUM_S010::2024-07-28,TUM,TUM::TUM_S010,1.3866887440695428,-1.8872770842197275
residual_fitted,UCR::UCR_S001::2025-06-17,UCR,UCR::UCR_S001,2.124965665667011,0.13124318495957288
residual_fitted,UCR::UCR_S001::2025-06-18,UCR,UCR::UCR_S001,2.1250153591272185,0.3699616801107293
residual_fitted,UCR::UCR_S001::2025-06-19,UCR,UCR::UCR_S001,2.1250476573850956,0.44355513560078064
residual_fitted,UCR::UCR_S001::2025-06-22,UCR,UCR::UCR_S001,2.1250400343619855,0.024393276341100546
residual_fitted,UCR::UCR_S002::2025-06-17,UCR,UCR::UCR_S002,1.900423682887954,1.1854698972034925
residual_fitted,UCR::UCR_S002::2025-06-18,UCR,UCR::UCR_S002,1.9004733763481614,-0.11815719796988407
residual_fitted,UCR::UCR_S002::2025-06-19,UCR,UCR::UCR_S002,1.9005056746060387,-0.12865424316362337
residual_fitted,UCR::UCR_S002::2025-06-20,UCR,UCR::UCR_S002,1.9005205551313769,-0.3722980257001249
residual_fitted,UCR::UCR_S002::2025-06-21,UCR,UCR::UCR_S002,1.9005180111321887,-0.41817094449383785
residual_fitted,UCR::UCR_S002::2025-06-22,UCR,UCR::UCR_S002,1.9004980515829284,-0.3940355171277628
residual_fitted,UCR::UCR_S003::2025-06-17,UCR,UCR::UCR_S003,1.7279335675384737,-0.2654954062195919
residual_fitted,UCR::UCR_S003::2025-06-18,UCR,UCR::UCR_S003,1.7279832609986812,-1.0425257706259183
residual_fitted,UCR::UCR_S003::2025-06-19,UCR,UCR::UCR_S003,1.7280155592565585,0.34924259119572443
residual_fitted,UCR::UCR_S003::2025-06-20,UCR,UCR::UCR_S003,1.7280304397818966,-0.3459953961315006
residual_fitted,UCR::UCR_S003::2025-06-22,UCR,UCR::UCR_S003,1.7280079362334482,0.12558190878644013
residual_fitted,UCR::UCR_S004::2025-06-24,UCR,UCR::UCR_S004,1.760399760587788,0.5985017271227808
residual_fitted,UCR::UCR_S004::2025-06-25,UCR,UCR::UCR_S004,1.7603277650904448,0.23914590666734933
residual_fitted,UCR::UCR_S004::2025-06-26,UCR,UCR::UCR_S004,1.7602385462882653,0.46307714843940495
residual_fitted,UCR::UCR_S004::2025-06-27,UCR,UCR::UCR_S004,1.7601321906662057,-1.4459684854466677
residual_fitted,UCR::UCR_S004::2025-06-28,UCR,UCR::UCR_S004,1.7600087996619438,-0.1289830354468841
residual_fitted,UCR::UCR_S004::2025-06-29,UCR,UCR::UCR_S004,1.7598684894259946,-0.7291947013186997
residual_fitted,UCR::UCR_S005::2025-06-24,UCR,UCR::UCR_S005,1.6278424801488698,-0.7992880304998607
residual_fitted,UCR::UCR_S005::2025-06-25,UCR,UCR::UCR_S005,1.6277704846515266,-1.1633214017018678
residual_fitted,UCR::UCR_S005::2025-06-26,UCR,UCR::UCR_S005,1.6276812658493471,0.12926704799639366
residual_fitted,UCR::UCR_S005::2025-06-27,UCR,UCR::UCR_S005,1.6275749102272876,0.08980431643709776
residual_fitted,UCR::UCR_S005::2025-06-29,UCR,UCR::UCR_S005,1.6273112089870765,0.022847625146015318
residual_fitted,UCR::UCR_S006::2025-06-24,UCR,UCR::UCR_S006,1.983207548858528,0.46897997965463273
residual_fitted,UCR::UCR_S006::2025-06-25,UCR,UCR::UCR_S006,1.9831355533611847,0.7172296128082554
residual_fitted,UCR::UCR_S006::2025-06-26,UCR,UCR::UCR_S006,1.9830463345590053,0.16495621658701917
residual_fitted,UCR::UCR_S006::2025-06-27,UCR,UCR::UCR_S006,1.9829399789369457,-0.7028937870571363
residual_fitted,UCR::UCR_S006::2025-06-28,UCR,UCR::UCR_S006,1.9828165879326838,-0.5428435427084132
residual_fitted,UCR::UCR_S006::2025-06-29,UCR,UCR::UCR_S006,1.9826762776967346,0.09676564212723036
residual_fitted,UCR::UCR_S007::2025-07-01,UCR,UCR::UCR_S007,1.6265403125409783,1.9148647949334228
residual_fitted,UCR::UCR_S007::2025-07-02,UCR,UCR::UCR_S007,1.6263500834627762,-0.720795980747002
residual_fitted,UCR::UCR_S007::2025-07-03,UCR,UCR::UCR_S007,1.6261435398984871,-0.8605540855136966
residual_fitted,UCR::UCR_S007::2025-07-04,UCR,UCR::UCR_S007,1.62592086612546,0.9428322302785876
residual_fitted,UCR::UCR_S007::2025-07-05,UCR,UCR::UCR_S007,1.6256822587773834,-1.8654527928680926
residual_fitted,UCR::UCR_S007::2025-07-06,UCR,UCR::UCR_S007,1.6254279263315898,-1.1339657480293177
residual_fitted,UCR::UCR_S008::2025-07-01,UCR,UCR::UCR_S008,2.0371333673923284,0.2947496416958431
residual_fitted,UCR::UCR_S008::2025-07-02,UCR,UCR::UCR_S008,2.0369431383141263,-0.6460522743587133
residual_fitted,UCR::UCR_S008::2025-07-03,UCR,UCR::UCR_S008,2.036736594749837,-0.11790099486595705
residual_fitted,UCR::UCR_S008::2025-07-04,UCR,UCR::UCR_S008,2.03651392097681,0.11827666158241218
residual_fitted,UCR::UCR_S008::2025-07-05,UCR,UCR::UCR_S008,2.036275313628733,-0.5676382473984147
residual_fitted,UCR::UCR_S008::2025-07-06,UCR,UCR::UCR_S008,2.03602098118294,1.417217477639261
residual_fitted,UCR::UCR_S009::2025-07-01,UCR,UCR::UCR_S009,1.6846777829285118,0.6702768797841224
residual_fitted,UCR::UCR_S009::2025-07-02,UCR,UCR::UCR_S009,1.6844875538503097,1.4164877533423963
residual_fitted,UCR::UCR_S009::2025-07-03,UCR,UCR::UCR_S009,1.6842810102860204,0.4986711201181409
residual_fitted,UCR::UCR_S009::2025-07-04,UCR,UCR::UCR_S009,1.6840583365129935,0.10213619455759394
residual_fitted,UCR::UCR_S009::2025-07-05,UCR,UCR::UCR_S009,1.6838197291649166,-1.7116798434048721
residual_fitted,UCR::UCR_S009::2025-07-06,UCR,UCR::UCR_S009,1.6835653967191233,-2.3843811506821107
residual_fitted,UCR::UCR_S010::2025-07-08,UCR,UCR::UCR_S010,1.99214931162338,0.11689518667303479
residual_fitted,UCR::UCR_S010::2025-07-09,UCR,UCR::UCR_S010,1.991849165630929,0.4726411352189151
residual_fitted,UCR::UCR_S010::2025-07-10,UCR,UCR::UCR_S010,1.9915342365621704,0.31201369399667866
residual_fitted,UCR::UCR_S010::2025-07-11,UCR,UCR::UCR_S010,1.9912047841588936,0.3088519787053267
residual_fitted,UCR::UCR_S010::2025-07-12,UCR,UCR::UCR_S010,1.9908610766810932,1.900832684381065
residual_fitted,UCR::UCR_S010::2025-07-13,UCR,UCR::UCR_S010,1.9905033903472433,-2.8469696934134894
residual_fitted,UCR::UCR_S011::2025-07-08,UCR,UCR::UCR_S011,1.6587341744351962,-1.290430714984709
residual_fitted,UCR::UCR_S011::2025-07-09,UCR,UCR::UCR_S011,1.6584340284427452,1.1973756629064223
residual_fitted,UCR::UCR_S011::2025-07-10,UCR,UCR::UCR_S011,1.6581190993739867,0.16584796891509115
residual_fitted,UCR::UCR_S011::2025-07-11,UCR,UCR::UCR_S011,1.6577896469707099,0.07666125983219982
residual_fitted,UCR::UCR_S011::2025-07-12,UCR,UCR::UCR_S011,1.6574459394929095,0.22232651163016523
residual_fitted,UCR::UCR_S011::2025-07-13,UCR,UCR::UCR_S011,1.6570882531590596,-1.9116289292916655
residual_fitted,UCR::UCR_S012::2025-07-08,UCR,UCR::UCR_S012,1.701043851287917,0.950164053217523
residual_fitted,UCR::UCR_S012::2025-07-09,UCR,UCR::UCR_S012,1.700743705295466,1.2146370173362802
residual_fitted,UCR::UCR_S012::2025-07-10,UCR,UCR::UCR_S012,1.7004287762267074,0.09549319299853927
residual_fitted,UCR::UCR_S012::2025-07-11,UCR,UCR::UCR_S012,1.7000993238234305,-1.7281764843354008
residual_fitted,UCR::UCR_S012::2025-07-12,UCR,UCR::UCR_S012,1.6997556163456302,-1.1929852555218576
residual_fitted,UCR::UCR_S012::2025-07-13,UCR,UCR::UCR_S012,1.6993979300117803,-0.6500426058956558
residual_fitted,UCR::UCR_S013::2025-07-08,UCR,UCR::UCR_S013,1.9948952319660347,1.2942837780312397
residual_fitted,UCR::UCR_S013::2025-07-09,UCR,UCR::UCR_S013,1.9945950859735837,1.343611167015082
residual_fitted,UCR::UCR_S013::2025-07-10,UCR,UCR::UCR_S013,1.9942801569048252,0.5778566923344907
residual_fitted,UCR::UCR_S013::2025-07-11,UCR,UCR::UCR_S013,1.9939507045015483,-4.245792192943099
residual_fitted,UCR::UCR_S013::2025-07-12,UCR,UCR::UCR_S013,1.993606997023748,0.12893577629781972
residual_fitted,UCR::UCR_S013::2025-07-13,UCR,UCR::UCR_S013,1.993249310689898,1.1802279720778506
residual_fitted,UCR::UCR_S014::2025-07-15,UCR,UCR::UCR_S014,2.1208587908931635,-0.3113268761687169
residual_fitted,UCR::UCR_S014::2025-07-16,UCR,UCR::UCR_S014,2.1204608956254187,0.3227248892249768
residual_fitted,UCR::UCR_S014::2025-07-17,UCR,UCR::UCR_S014,2.120050193693336,0.03533630504750128
residual_fitted,UCR::UCR_S014::2025-07-18,UCR,UCR::UCR_S014,2.119626991973405,-0.19888562145576164
residual_fitted,UCR::UCR_S014::2025-07-19,UCR,UCR::UCR_S014,2.119191601678829,0.02391688354602453
residual_fitted,UCR::UCR_S014::2025-07-20,UCR,UCR::UCR_S014,2.118744337771572,1.1019456455551473
residual_fitted,UCR::UCR_S015::2025-07-15,UCR,UCR::UCR_S015,2.203829294596095,0.20645833535642108
residual_fitted,UCR::UCR_S015::2025-07-16,UCR,UCR::UCR_S015,2.20343139932835,-0.3912080898620384
residual_fitted,UCR::UCR_S015::2025-07-17,UCR,UCR::UCR_S015,2.2030206973962674,0.34193188548503334
residual_fitted,UCR::UCR_S015::2025-07-18,UCR,UCR::UCR_S015,2.2025974956763363,-1.279619032686561
residual_fitted,UCR::UCR_S015::2025-07-19,UCR,UCR::UCR_S015,2.20216210538176,0.9489387502413322
residual_fitted,UCR::UCR_S015::2025-07-20,UCR,UCR::UCR_S015,2.2017148414745034,1.5961637480533533
residual_fitted,UCR::UCR_S016::2025-07-15,UCR,UCR::UCR_S016,1.7641428944345463,1.709225220122535
residual_fitted,UCR::UCR_S016::2025-07-16,UCR,UCR::UCR_S016,1.7637449991668017,0.5727526333726317
residual_fitted,UCR::UCR_S016::2025-07-17,UCR,UCR::UCR_S016,1.7633342972347188,-0.8257666207528367
residual_fitted,UCR::UCR_S016::2025-07-18,UCR,UCR::UCR_S016,1.762911095514788,-0.51093882274620706
residual_fitted,UCR::UCR_S016::2025-07-19,UCR,UCR::UCR_S016,1.7624757052202116,-2.9880878110236497
residual_fitted,UCR::UCR_S016::2025-07-20,UCR,UCR::UCR_S016,1.762028441312955,1.0863327179145554
residual_fitted,UCR::UCR_S017::2025-07-15,UCR,UCR::UCR_S017,1.7285114523368643,0.2157966541338571
residual_fitted,UCR::UCR_S017::2025-07-16,UCR,UCR::UCR_S017,1.7281135570691197,0.05745605030074207
residual_fitted,UCR::UCR_S017::2025-07-17,UCR,UCR::UCR_S017,1.7277028551370368,-0.4163034548745221
residual_fitted,UCR::UCR_S017::2025-07-18,UCR,UCR::UCR_S017,1.727279653417106,-0.882677176569809
residual_fitted,UCR::UCR_S017::2025-07-19,UCR,UCR::UCR_S017,1.7268442631225296,-0.25185196098643425
residual_fitted,UCR::UCR_S017::2025-07-20,UCR,UCR::UCR_S017,1.726396999215273,0.1282950528521066
residual_fitted,UCR::UCR_S018::2025-07-21,UCR,UCR::UCR_S018,1.7713058516953712,1.0264629392419722
residual_fitted,UCR::UCR_S018::2025-07-22,UCR,UCR::UCR_S018,1.7708357976309566,-0.8325285624910901
residual_fitted,UCR::UCR_S018::2025-07-23,UCR,UCR::UCR_S018,1.7703548316974347,1.057558093310754
residual_fitted,UCR::UCR_S018::2025-07-24,UCR,UCR::UCR_S018,1.7698632782545494,-0.3763567091187489
residual_fitted,UCR::UCR_S018::2025-07-25,UCR,UCR::UCR_S018,1.7693614626686127,-0.4822539542318464
residual_fitted,UCR::UCR_S018::2025-07-26,UCR,UCR::UCR_S018,1.7688497108186292,-0.2937943274769386
residual_fitted,UCR::UCR_S018::2025-07-27,UCR,UCR::UCR_S018,1.768328348602417,-1.0028873087405126
residual_fitted,UCR::UCR_S019::2025-07-22,UCR,UCR::UCR_S019,2.0390266497724534,-0.35702216606941434
residual_fitted,UCR::UCR_S019::2025-07-23,UCR,UCR::UCR_S019,2.0385456838389313,0.1299864854370192
residual_fitted,UCR::UCR_S019::2025-07-24,UCR,UCR::UCR_S019,2.038054130396046,0.07140661724809354
residual_fitted,UCR::UCR_S019::2025-07-25,UCR,UCR::UCR_S019,2.0375523148101093,0.7874776222453496
residual_fitted,UCR::UCR_S019::2025-07-26,UCR,UCR::UCR_S019,2.037040562960126,0.12596788161920355
residual_fitted,UCR::UCR_S019::2025-07-27,UCR,UCR::UCR_S019,2.0365192007439137,-0.21043241651878883
residual_fitted,UCR::UCR_S020::2025-07-22,UCR,UCR::UCR_S020,1.942571337466539,-1.0664029904985188
residual_fitted,UCR::UCR_S020::2025-07-23,UCR,UCR::UCR_S020,1.9420903715330171,-0.032700998992262593
residual_fitted,UCR::UCR_S020::2025-07-24,UCR,UCR::UCR_S020,1.9415988180901318,0.17738633696266778
residual_fitted,UCR::UCR_S020::2025-07-25,UCR,UCR::UCR_S020,1.9410970025041951,0.3696416749499406
residual_fitted,UCR::UCR_S020::2025-07-26,UCR,UCR::UCR_S020,1.9405852506542116,0.6021626979744762
residual_fitted,UCR::UCR_S020::2025-07-27,UCR,UCR::UCR_S020,1.9400638884379995,-0.02462352513519137
residual_fitted,UCR::UCR_S021::2025-07-22,UCR,UCR::UCR_S021,2.154627314058079,-0.4192841861358954
residual_fitted,UCR::UCR_S021::2025-07-23,UCR,UCR::UCR_S021,2.154146348124557,0.649239806163464
residual_fitted,UCR::UCR_S021::2025-07-24,UCR,UCR::UCR_S021,2.153654794681672,1.130247356585472
residual_fitted,UCR::UCR_S021::2025-07-25,UCR,UCR::UCR_S021,2.153152979095735,0.1853726372649126
residual_fitted,UCR::UCR_S021::2025-07-26,UCR,UCR::UCR_S021,2.1526412272457516,-0.4303642490433028
residual_fitted,UCR::UCR_S021::2025-07-27,UCR,UCR::UCR_S021,2.1521198650295394,0.057689212439202824
residual_fitted,UCR::UCR_S022::2025-07-29,UCR,UCR::UCR_S022,1.76710061094635,0.0732590164121004
residual_fitted,UCR::UCR_S022::2025-07-30,UCR,UCR::UCR_S022,1.766552366386297,1.0307067495802384
residual_fitted,UCR::UCR_S022::2025-07-31,UCR,UCR::UCR_S022,1.7659958062696814,-0.5715878432370327
residual_fitted,UCR::UCR_S022::2025-08-01,UCR,UCR::UCR_S022,1.765431250022179,0.7078306793276453
residual_fitted,UCR::UCR_S022::2025-08-02,UCR,UCR::UCR_S022,1.7648590146047816,-1.9158246099604044
residual_fitted,UCR::UCR_S022::2025-08-03,UCR,UCR::UCR_S022,1.7642794141892515,-0.22903596431077136
residual_fitted,UCR::UCR_S023::2025-07-29,UCR,UCR::UCR_S023,1.932091922715245,0.28913215283044685
residual_fitted,UCR::UCR_S023::2025-07-30,UCR,UCR::UCR_S023,1.931543678155192,0.6996517348502713
residual_fitted,UCR::UCR_S023::2025-07-31,UCR,UCR::UCR_S023,1.9309871180385765,0.8446946064694195
residual_fitted,UCR::UCR_S023::2025-08-01,UCR,UCR::UCR_S023,1.930422561791074,0.6294743652681214
residual_fitted,UCR::UCR_S023::2025-08-02,UCR,UCR::UCR_S023,1.9298503263736766,-1.0601993888040726
residual_fitted,UCR::UCR_S023::2025-08-03,UCR,UCR::UCR_S023,1.9292707259581465,-1.4146355153807975
residual_fitted,UCR::UCR_S025::2025-08-05,UCR,UCR::UCR_S025,1.9809220893255106,-0.39500922716370773
residual_fitted,UCR::UCR_S025::2025-08-06,UCR,UCR::UCR_S025,1.980322246199744,-0.22903808625214267
residual_fitted,UCR::UCR_S025::2025-08-07,UCR,UCR::UCR_S025,1.9797162606477365,-0.10003550898508427
residual_fitted,UCR::UCR_S025::2025-08-08,UCR,UCR::UCR_S025,1.979104428497239,0.08339855417130632
residual_fitted,UCR::UCR_S025::2025-08-09,UCR,UCR::UCR_S025,1.97848704117344,1.640977664554452
residual_fitted,UCR::UCR_S025::2025-08-10,UCR,UCR::UCR_S025,1.9778643855343399,-0.7263040147286856
residual_fitted,UCR::UCR_S026::2025-08-05,UCR,UCR::UCR_S026,2.1901389217548894,0.09327312511456719
residual_fitted,UCR::UCR_S026::2025-08-06,UCR,UCR::UCR_S026,2.1895390786291227,0.35519277331003085
residual_fitted,UCR::UCR_S026::2025-08-07,UCR,UCR::UCR_S026,2.1889330930771154,0.7387417284077624
residual_fitted,UCR::UCR_S026::2025-08-08,UCR,UCR::UCR_S026,2.188321260926618,0.4441014808815577
residual_fitted,UCR::UCR_S026::2025-08-09,UCR,UCR::UCR_S026,2.187703873602819,0.6474334197240248
residual_fitted,UCR::UCR_S026::2025-08-10,UCR,UCR::UCR_S026,2.1870812179637187,-0.8726784062640924
residual_fitted,UCR::UCR_S027::2025-08-05,UCR,UCR::UCR_S027,2.2148568382505456,-0.2747282933878291
residual_fitted,UCR::UCR_S027::2025-08-06,UCR,UCR::UCR_S027,2.2142569951247792,0.5884708577733319
residual_fitted,UCR::UCR_S027::2025-08-07,UCR,UCR::UCR_S027,2.2136510095727715,0.7933533316409835
residual_fitted,UCR::UCR_S027::2025-08-08,UCR,UCR::UCR_S027,2.213039177422274,0.292974418518577
residual_fitted,UCR::UCR_S027::2025-08-09,UCR,UCR::UCR_S027,2.212421790098475,-0.11146455403038141
residual_fitted,UCR::UCR_S027::2025-08-10,UCR,UCR::UCR_S027,2.211799134459375,0.2512072973713686
residual_fitted,UCR::UCR_S028::2025-08-12,UCR,UCR::UCR_S028,2.2056920053577747,0.5281731757687044
residual_fitted,UCR::UCR_S028::2025-08-13,UCR,UCR::UCR_S028,2.2050552178312404,0.0809110315331648
residual_fitted,UCR::UCR_S028::2025-08-14,UCR,UCR::UCR_S028,2.2044142606451502,-0.36439202066284687
residual_fitted,UCR::UCR_S028::2025-08-15,UCR,UCR::UCR_S028,2.2037693956673166,-0.6955032476872482
residual_fitted,UCR::UCR_S028::2025-08-16,UCR,UCR::UCR_S028,2.203120879455197,1.712501665869113
residual_fitted,UCR::UCR_S028::2025-08-17,UCR,UCR::UCR_S028,2.202468963218262,0.25189454053791377
residual_fitted,UCR::UCR_S029::2025-08-12,UCR,UCR::UCR_S029,2.0842561426621553,-0.6333680280124119
residual_fitted,UCR::UCR_S029::2025-08-13,UCR,UCR::UCR_S029,2.083619355135621,0.5134517960843454
residual_fitted,UCR::UCR_S029::2025-08-14,UCR,UCR::UCR_S029,2.082978397949531,0.34781051341791247
residual_fitted,UCR::UCR_S029::2025-08-15,UCR,UCR::UCR_S029,2.082333532971697,1.3284485021280426
residual_fitted,UCR::UCR_S029::2025-08-16,UCR,UCR::UCR_S029,2.0816850167595775,-1.8925281232586637
residual_fitted,UCR::UCR_S029::2025-08-17,UCR,UCR::UCR_S029,2.081033100522643,1.192679604499121
residual_fitted,UCR::UCR_S030::2025-08-12,UCR,UCR::UCR_S030,2.1003497736004717,0.818074527835813
residual_fitted,UCR::UCR_S030::2025-08-13,UCR,UCR::UCR_S030,2.0997129860739374,1.6478124131764988
residual_fitted,UCR::UCR_S030::2025-08-14,UCR,UCR::UCR_S030,2.0990720288878473,1.079584747442646
residual_fitted,UCR::UCR_S030::2025-08-15,UCR,UCR::UCR_S030,2.0984271639100136,0.26885609170039626
residual_fitted,UCR::UCR_S030::2025-08-16,UCR,UCR::UCR_S030,2.097778647697894,-1.0716921642198909
residual_fitted,UCR::UCR_S030::2025-08-17,UCR,UCR::UCR_S030,2.0971267314609596,-1.7990585248924515
residual_fitted,UCR::UCR_S031::2025-08-19,UCR,UCR::UCR_S031,2.0989859560552766,-0.9541333606447039
residual_fitted,UCR::UCR_S031::2025-08-20,UCR,UCR::UCR_S031,2.0983252928576768,1.1741492991965052
residual_fitted,UCR::UCR_S031::2025-08-21,UCR,UCR::UCR_S031,2.0976621802454307,-0.5310123514408689
residual_fitted,UCR::UCR_S031::2025-08-22,UCR,UCR::UCR_S031,2.0969968422929868,1.2216834035039568
residual_fitted,UCR::UCR_S031::2025-08-23,UCR,UCR::UCR_S031,2.096329497646844,0.541655849775739
residual_fitted,UCR::UCR_S031::2025-08-24,UCR,UCR::UCR_S031,2.095660359610223,-0.49160050854399107
residual_fitted,UCR::UCR_S032::2025-08-19,UCR,UCR::UCR_S032,2.002873409159401,0.6760734230708308
residual_fitted,UCR::UCR_S032::2025-08-20,UCR,UCR::UCR_S032,2.002212745961801,0.5703960313468818
residual_fitted,UCR::UCR_S032::2025-08-21,UCR,UCR::UCR_S032,2.0015496333495553,0.7793099769662314
residual_fitted,UCR::UCR_S032::2025-08-22,UCR,UCR::UCR_S032,2.0008842953971113,0.6686372479928706
residual_fitted,UCR::UCR_S032::2025-08-23,UCR,UCR::UCR_S032,2.0002169507509686,-1.22650659435831
residual_fitted,UCR::UCR_S032::2025-08-24,UCR,UCR::UCR_S032,1.9995478127143473,-1.0272338742093674
residual_fitted,UCR::UCR_S033::2025-08-19,UCR,UCR::UCR_S033,2.0452809855027025,0.9545698189574475
residual_fitted,UCR::UCR_S033::2025-08-20,UCR,UCR::UCR_S033,2.0446203223051023,0.3137425490559905
residual_fitted,UCR::UCR_S033::2025-08-21,UCR,UCR::UCR_S033,2.0439572096928567,0.32162940999987727
residual_fitted,UCR::UCR_S033::2025-08-22,UCR,UCR::UCR_S033,2.0432918717404127,0.07326772615474861
residual_fitted,UCR::UCR_S033::2025-08-23,UCR,UCR::UCR_S033,2.04262452709427,-0.7378585190514158
residual_fitted,UCR::UCR_S033::2025-08-24,UCR,UCR::UCR_S033,2.041955389057649,-0.2552068802212624
residual_fitted,UCR::UCR_S034::2025-08-26,UCR,UCR::UCR_S034,2.1601034300718434,0.9137942970909759
residual_fitted,UCR::UCR_S034::2025-08-27,UCR,UCR::UCR_S034,2.1594301387112433,0.43964743917361776
residual_fitted,UCR::UCR_S034::2025-08-28,UCR,UCR::UCR_S034,2.1587558545492485,0.06714772152894512
residual_fitted,UCR::UCR_S034::2025-08-29,UCR,UCR::UCR_S034,2.1580807649581724,0.8900222195978906
residual_fitted,UCR::UCR_S034::2025-08-30,UCR,UCR::UCR_S034,2.1574050523433357,-1.216365654163506
residual_fitted,UCR::UCR_S034::2025-08-31,UCR,UCR::UCR_S034,2.156728894279468,0.22246458729255203
residual_fitted,UCR::UCR_S035::2025-08-27,UCR,UCR::UCR_S035,2.0775247321501933,0.7497751536229118
residual_fitted,UCR::UCR_S035::2025-08-28,UCR,UCR::UCR_S035,2.0768504479881984,-0.13426363704311473
residual_fitted,UCR::UCR_S035::2025-08-29,UCR,UCR::UCR_S035,2.0761753583971223,0.625822233435173
residual_fitted,UCR::UCR_S035::2025-08-30,UCR,UCR::UCR_S035,2.0754996457822856,0.23996655599188715
residual_fitted,UCR::UCR_S035::2025-08-31,UCR,UCR::UCR_S035,2.074823487718418,-0.5399234965721053
residual_fitted,UCR::UCR_S035::2025-09-01,UCR,UCR::UCR_S035,2.0741470570390286,-0.06785731659791558
residual_fitted,UCR::UCR_S036::2025-08-27,UCR,UCR::UCR_S036,1.7751615109695766,-0.42932282756650636
residual_fitted,UCR::UCR_S036::2025-08-28,UCR,UCR::UCR_S036,1.7744872268075818,0.8648087707256583
residual_fitted,UCR::UCR_S036::2025-08-29,UCR,UCR::UCR_S036,1.7738121372165059,-0.21859245519998638
residual_fitted,UCR::UCR_S036::2025-08-31,UCR,UCR::UCR_S036,1.7724602665378015,-1.2891828554899902
residual_fitted,UCR::UCR_S036::2025-09-01,UCR,UCR::UCR_S036,1.7717838358584121,0.3097179163396935
residual_fitted,UCR::UCR_S037::2025-08-27,UCR,UCR::UCR_S037,2.0265853111264356,-0.8560892066808208
residual_fitted,UCR::UCR_S037::2025-08-28,UCR,UCR::UCR_S037,2.0259110269644407,-0.5286140816760276
residual_fitted,UCR::UCR_S037::2025-08-29,UCR,UCR::UCR_S037,2.025235937373365,0.7287494116514146
residual_fitted,UCR::UCR_S037::2025-08-30,UCR,UCR::UCR_S037,2.0245602247585284,0.670074077403117
residual_fitted,UCR::UCR_S037::2025-08-31,UCR,UCR::UCR_S037,2.0238840666946603,-0.3631589378892297
residual_fitted,UCR::UCR_S037::2025-09-01,UCR,UCR::UCR_S037,2.023207636015271,0.9469244240860513
residual_fitted,UCR::UCR_S038::2025-08-27,UCR,UCR::UCR_S038,1.6927989127851713,0.23359657302387635
residual_fitted,UCR::UCR_S038::2025-08-28,UCR,UCR::UCR_S038,1.6921246286231764,0.7189470495168723
residual_fitted,UCR::UCR_S038::2025-08-29,UCR,UCR::UCR_S038,1.6914495390321005,1.7487607145371045
residual_fitted,UCR::UCR_S038::2025-08-30,UCR,UCR::UCR_S038,1.6907738264172638,0.8306766044384043
residual_fitted,UCR::UCR_S038::2025-08-31,UCR,UCR::UCR_S038,1.6900976683533961,-4.291176938441047
residual_fitted,UCR::UCR_S038::2025-09-01,UCR,UCR::UCR_S038,1.6894212376740068,-0.4490404411981573
residual_fitted,UCR::UCR_S039::2025-08-27,UCR,UCR::UCR_S039,1.8382282628113555,-0.07791058944390357
residual_fitted,UCR::UCR_S039::2025-08-28,UCR,UCR::UCR_S039,1.8375539786493607,-0.40718805976984257
residual_fitted,UCR::UCR_S039::2025-08-29,UCR,UCR::UCR_S039,1.8368788890582848,0.8290854621756465
residual_fitted,UCR::UCR_S039::2025-08-30,UCR,UCR::UCR_S039,1.836203176443448,0.8436927784286425
residual_fitted,UCR::UCR_S039::2025-08-31,UCR,UCR::UCR_S039,1.8355270183795804,-1.4080022130091137
residual_fitted,UCR::UCR_S039::2025-09-01,UCR,UCR::UCR_S039,1.834850587700191,-0.20099389401954376
residual_fitted,UCR::UCR_S040::2025-09-01,UCR,UCR::UCR_S040,1.672643818276193,0.1705103245013953
residual_fitted,UCR::UCR_S040::2025-09-02,UCR,UCR::UCR_S040,1.6719672831770485,-2.4196778915331967
residual_fitted,UCR::UCR_S040::2025-09-03,UCR,UCR::UCR_S040,1.671290807338467,1.1964231277025386
residual_fitted,UCR::UCR_S040::2025-09-04,UCR,UCR::UCR_S040,1.6706145500382032,0.9108557840869256
residual_fitted,UCR::UCR_S040::2025-09-05,UCR,UCR::UCR_S040,1.6699386662972615,-0.7100546359465677
residual_fitted,UCR::UCR_S040::2025-09-06,UCR,UCR::UCR_S040,1.6692633069692626,-0.44707596051084525
normal_qq,THUAS::THUAS_S007::2025-04-11,THUAS,THUAS::THUAS_S007,-3.261396889166458,-5.212083924837867
normal_qq,BAUA::BAUA_S006::2025-06-15,BAUA,BAUA::BAUA_S006,-2.935888137802918,-4.34804450689436
normal_qq,UCR::UCR_S038::2025-08-31,UCR,UCR::UCR_S038,-2.7736435835960025,-4.291176938441047
normal_qq,UCR::UCR_S013::2025-07-11,UCR,UCR::UCR_S013,-2.662314542383128,-4.245792192943099
normal_qq,FUSPCEU::FUSPCEU_S005::2024-10-20,FUSPCEU,FUSPCEU::FUSPCEU_S005,-2.5765967748287886,-4.206762843107432
normal_qq,IZTECH::IZTECH_S001::2024-12-24,IZTECH,IZTECH::IZTECH_S001,-2.5064473464808867,-4.058173842979803
normal_qq,BAUA::BAUA_S015::2025-07-28,BAUA,BAUA::BAUA_S015,-2.4468165671115756,-3.9561342613107198
normal_qq,THUAS::THUAS_S015::2025-07-13,THUAS,THUAS::THUAS_S015,-2.3947938597779603,-3.827697723834848
normal_qq,RISE::RISE_S003::2025-03-23,RISE,RISE::RISE_S003,-2.348543320776218,-3.6778017495317994
normal_qq,FUSPCEU::FUSPCEU_S017::2024-12-06,FUSPCEU,FUSPCEU::FUSPCEU_S017,-2.3068299561478405,-3.6622001291905613
normal_qq,BAUA::BAUA_S001::2025-06-15,BAUA,BAUA::BAUA_S001,-2.2687818300973177,-3.631121962445779
normal_qq,BAUA::BAUA_S010::2025-06-29,BAUA,BAUA::BAUA_S010,-2.2337596568118396,-3.1367507908222576
normal_qq,UCR::UCR_S016::2025-07-19,UCR,UCR::UCR_S016,-2.2012803051438854,-2.9880878110236497
normal_qq,THUAS::THUAS_S002::2025-03-06,THUAS,THUAS::THUAS_S002,-2.170969458209123,-2.9555392523540585
normal_qq,UCR::UCR_S010::2025-07-13,UCR,UCR::UCR_S010,-2.1425310100676933,-2.8469696934134894
normal_qq,THUAS::THUAS_S001::2025-02-22,THUAS,THUAS::THUAS_S001,-2.1157265522459983,-2.6847973202223354
normal_qq,KNUST::KNUST_S001::2024-10-13,KNUST,KNUST::KNUST_S001,-2.090361196243243,-2.5886637513038133
normal_qq,THUAS::THUAS_S002::2025-03-08,THUAS,THUAS::THUAS_S002,-2.066273514893951,-2.5831655838760517
normal_qq,TUM::TUM_S010::2024-07-26,TUM,TUM::TUM_S010,-2.043328242136349,-2.4798351166043404
normal_qq,RISE::RISE_S001::2025-03-08,RISE,RISE::RISE_S001,-2.0214108684708947,-2.420250264562079
normal_qq,UCR::UCR_S040::2025-09-02,UCR,UCR::UCR_S040,-2.0004235691059793,-2.4196778915331967
normal_qq,UCR::UCR_S009::2025-07-06,UCR,UCR::UCR_S009,-1.980282087988742,-2.3843811506821107
normal_qq,RISE::RISE_S010::2025-06-13,RISE,RISE::RISE_S010,-1.960913319830353,-2.366356079273128
normal_qq,TUM::TUM_S010::2024-07-23,TUM,TUM::TUM_S010,-1.9422534100565998,-2.353721403312731
normal_qq,TUM::TUM_S005::2024-06-20,TUM,TUM::TUM_S005,-1.9242462446731883,-2.3521699903984628
normal_qq,FUSPCEU::FUSPCEU_S004::2024-10-12,FUSPCEU,FUSPCEU::FUSPCEU_S004,-1.9068422375536254,-2.206666411707502
normal_qq,BAUA::BAUA_S003::2025-06-16,BAUA,BAUA::BAUA_S003,-1.8899973473277896,-2.1711690176862457
normal_qq,KNUST::KNUST_S005::2024-11-09,KNUST,KNUST::KNUST_S005,-1.8736722734653821,-2.1406940615640884
normal_qq,BAUA::BAUA_S005::2025-06-15,BAUA,BAUA::BAUA_S005,-1.8578317936273474,-2.1333656933342833
normal_qq,FUSPCEU::FUSPCEU_S012::2024-12-08,FUSPCEU,FUSPCEU::FUSPCEU_S012,-1.842444213422356,-2.1273698043263174
normal_qq,IZTECH::IZTECH_S007::2025-03-01,IZTECH,IZTECH::IZTECH_S007,-1.8274809063721245,-2.116755021080363
normal_qq,TUM::TUM_S002::2024-05-29,TUM,TUM::TUM_S002,-1.8129159268499804,-2.0725854066078164
normal_qq,KNUST::KNUST_S011::2024-12-22,KNUST,KNUST::KNUST_S011,-1.7987256824880815,-2.0627253883755867
normal_qq,UCR::UCR_S022::2025-08-02,UCR,UCR::UCR_S022,-1.7848886553830419,-1.9158246099604044
normal_qq,UCR::UCR_S011::2025-07-13,UCR,UCR::UCR_S011,-1.7713851636030138,-1.9116289292916655
normal_qq,UCR::UCR_S029::2025-08-16,UCR,UCR::UCR_S029,-1.758197156180253,-1.8925281232586637
normal_qq,TUM::TUM_S010::2024-07-28,TUM,TUM::TUM_S010,-1.7453080360839934,-1.8872770842197275
normal_qq,UCR::UCR_S007::2025-07-05,UCR,UCR::UCR_S007,-1.7327025066984223,-1.8654527928680926
normal_qq,KNUST::KNUST_S005::2024-11-07,KNUST,KNUST::KNUST_S005,-1.7203664381457202,-1.8577647848777243
normal_qq,BAUA::BAUA_S013::2025-07-16,BAUA,BAUA::BAUA_S013,-1.708286750443608,-1.8419001591383517
normal_qq,FUSPCEU::FUSPCEU_S017::2024-12-07,FUSPCEU,FUSPCEU::FUSPCEU_S017,-1.6964513110076982,-1.8405865785536246
normal_qq,IZTECH::IZTECH_S007::2025-03-02,IZTECH,IZTECH::IZTECH_S007,-1.684848844429123,-1.8245363812359907
normal_qq,UCR::UCR_S030::2025-08-17,UCR,UCR::UCR_S030,-1.673468852798813,-1.7990585248924515
normal_qq,KNUST::KNUST_S003::2024-10-27,KNUST,KNUST::KNUST_S003,-1.662301545127949,-1.7871788467587801
normal_qq,FUSPCEU::FUSPCEU_S020::2025-01-26,FUSPCEU,FUSPCEU::FUSPCEU_S020,-1.651337774642105,-1.7740811210992957
normal_qq,IZTECH::IZTECH_S015::2025-05-01,IZTECH,IZTECH::IZTECH_S015,-1.640568982914536,-1.7654671187776372
normal_qq,FUSPCEU::FUSPCEU_S008::2024-10-27,FUSPCEU,FUSPCEU::FUSPCEU_S008,-1.6299871499596106,-1.7600568352352266
normal_qq,FUSPCEU::FUSPCEU_S024::2025-02-09,FUSPCEU,FUSPCEU::FUSPCEU_S024,-1.6195847495367042,-1.7561808755648027
normal_qq,FUSPCEU::FUSPCEU_S023::2025-02-02,FUSPCEU,FUSPCEU::FUSPCEU_S023,-1.6093547090229037,-1.739900625656146
normal_qq,KNUST::KNUST_S013::2025-01-14,KNUST,KNUST::KNUST_S013,-1.5992903733034074,-1.7389970103528074
normal_qq,FUSPCEU::FUSPCEU_S018::2024-12-11,FUSPCEU,FUSPCEU::FUSPCEU_S018,-1.589385472204701,-1.7372043752595707
normal_qq,UCR::UCR_S012::2025-07-11,UCR,UCR::UCR_S012,-1.5796340910600049,-1.7281764843354008
normal_qq,FUSPCEU::FUSPCEU_S005::2024-10-16,FUSPCEU,FUSPCEU::FUSPCEU_S005,-1.570030644051025,-1.7183446690077273
normal_qq,UCR::UCR_S009::2025-07-05,UCR,UCR::UCR_S009,-1.5605698500164984,-1.7116798434048721
normal_qq,KNUST::KNUST_S009::2024-12-07,KNUST,KNUST::KNUST_S009,-1.5512467104576209,-1.7007842056747464
normal_qq,THUAS::THUAS_S014::2025-07-13,THUAS,THUAS::THUAS_S014,-1.5420564895043856,-1.6963123158540958
normal_qq,THUAS::THUAS_S001::2025-03-02,THUAS,THUAS::THUAS_S001,-1.5329946956359604,-1.6948822516050226
normal_qq,KNUST::KNUST_S003::2024-10-26,KNUST,KNUST::KNUST_S003,-1.5240570649733318,-1.6939561335587454
normal_qq,RISE::RISE_S006::2025-04-19,RISE,RISE::RISE_S006,-1.5152395459841026,-1.6849519843021927
normal_qq,FUSPCEU::FUSPCEU_S010::2024-11-04,FUSPCEU,FUSPCEU::FUSPCEU_S010,-1.5065382854580558,-1.6409260011904283
normal_qq,FUSPCEU::FUSPCEU_S016::2024-12-01,FUSPCEU,FUSPCEU::FUSPCEU_S016,-1.497949615628427,-1.6036010583196105
normal_qq,FUSPCEU::FUSPCEU_S024::2025-02-08,FUSPCEU,FUSPCEU::FUSPCEU_S024,-1.4894700423279403,-1.6031912397864496
normal_qq,IZTECH::IZTECH_S014::2025-05-02,IZTECH,IZTECH::IZTECH_S014,-1.4810962340810643,-1.5957591858386957
normal_qq,FUSPCEU::FUSPCEU_S008::2024-10-25,FUSPCEU,FUSPCEU::FUSPCEU_S008,-1.4728250120447386,-1.5856797073244657
normal_qq,FUSPCEU::FUSPCEU_S017::2024-12-08,FUSPCEU,FUSPCEU::FUSPCEU_S017,-1.4646533407192857,-1.5739070509343265
normal_qq,BAUA::BAUA_S014::2025-07-19,BAUA,BAUA::BAUA_S014,-1.4565783193595534,-1.5651315944148518
normal_qq,IZTECH::IZTECH_S001::2024-12-26,IZTECH,IZTECH::IZTECH_S001,-1.4485971740236505,-1.5213642438174477
normal_qq,FUSPCEU::FUSPCEU_S019::2024-12-14,FUSPCEU,FUSPCEU::FUSPCEU_S019,-1.440707250203095,-1.4992949284770891
normal_qq,FUSPCEU::FUSPCEU_S012::2024-12-07,FUSPCEU,FUSPCEU::FUSPCEU_S012,-1.4329060059838998,-1.455389029920011
normal_qq,UCR::UCR_S004::2025-06-27,UCR,UCR::UCR_S004,-1.4251910056931785,-1.4459684854466677
normal_qq,UCR::UCR_S023::2025-08-03,UCR,UCR::UCR_S023,-1.4175599139903308,-1.4146355153807975
normal_qq,THUAS::THUAS_S011::2025-05-18,THUAS,THUAS::THUAS_S011,-1.410010490365841,-1.4093058484087435
normal_qq,UCR::UCR_S039::2025-08-31,UCR,UCR::UCR_S039,-1.402540584014293,-1.4080022130091137
normal_qq,FUSPCEU::FUSPCEU_S005::2024-10-17,FUSPCEU,FUSPCEU::FUSPCEU_S005,-1.3951481290513297,-1.3947935929584563
normal_qq,FUSPCEU::FUSPCEU_S023::2025-02-01,FUSPCEU,FUSPCEU::FUSPCEU_S023,-1.387831140047141,-1.3880093698964975
normal_qq,RISE::RISE_S016::2025-10-10,RISE,RISE::RISE_S016,-1.3805877078515743,-1.3754599641462244
normal_qq,KNUST::KNUST_S006::2024-11-13,KNUST,KNUST::KNUST_S006,-1.3734159956882168,-1.3715987944028956
normal_qq,FUSPCEU::FUSPCEU_S009::2024-11-04,FUSPCEU,FUSPCEU::FUSPCEU_S009,-1.3663142354968492,-1.3585638376520686
normal_qq,KNUST::KNUST_S002::2024-10-15,KNUST,KNUST::KNUST_S002,-1.3592807245054743,-1.3321964675474456
normal_qq,KNUST::KNUST_S014::2025-01-26,KNUST,KNUST::KNUST_S014,-1.3523138220147795,-1.328452446414222
normal_qq,IZTECH::IZTECH_S002::2025-01-12,IZTECH,IZTECH::IZTECH_S002,-1.3454119463793677,-1.299631707874799
normal_qq,BAUA::BAUA_S016::2025-07-27,BAUA,BAUA::BAUA_S016,-1.3385735721714218,-1.2991104031168723
normal_qq,UCR::UCR_S011::2025-07-08,UCR,UCR::UCR_S011,-1.3317972275136805,-1.290430714984709
normal_qq,UCR::UCR_S036::2025-08-31,UCR,UCR::UCR_S036,-1.3250814915696931,-1.2891828554899902
normal_qq,THUAS::THUAS_S003::2025-03-22,THUAS,THUAS::THUAS_S003,-1.3184249921803082,-1.2885082456847303
normal_qq,UCR::UCR_S015::2025-07-18,UCR,UCR::UCR_S015,-1.3118264036362448,-1.279619032686561
normal_qq,KNUST::KNUST_S002::2024-10-19,KNUST,KNUST::KNUST_S002,-1.3052844445774199,-1.2728616695696418
normal_qq,KNUST::KNUST_S003::2024-10-24,KNUST,KNUST::KNUST_S003,-1.298797876010434,-1.2728221422486587
normal_qq,RISE::RISE_S013::2025-06-27,RISE,RISE::RISE_S013,-1.2923654994362976,-1.26939498534305
normal_qq,RISE::RISE_S007::2025-04-20,RISE,RISE::RISE_S007,-1.2859861550810947,-1.2583141804382498
normal_qq,IZTECH::IZTECH_S010::2025-04-17,IZTECH,IZTECH::IZTECH_S010,-1.2796587202228338,-1.232823051084929
normal_qq,RISE::RISE_S014::2025-10-11,RISE,RISE::RISE_S014,-1.273382107608261,-1.2291064950895976
normal_qq,UCR::UCR_S032::2025-08-23,UCR,UCR::UCR_S032,-1.2671552639538608,-1.22650659435831
normal_qq,TUM::TUM_S005::2024-06-19,TUM,TUM::TUM_S005,-1.260977168525715,-1.2216867766043433
normal_qq,KNUST::KNUST_S005::2024-11-08,KNUST,KNUST::KNUST_S005,-1.2548468317932642,-1.2197760882551858
normal_qq,UCR::UCR_S034::2025-08-30,UCR,UCR::UCR_S034,-1.2487632941523923,-1.216365654163506
normal_qq,TUM::TUM_S005::2024-06-21,TUM,TUM::TUM_S005,-1.2427256247135754,-1.1971447531184245
normal_qq,UCR::UCR_S012::2025-07-12,UCR,UCR::UCR_S012,-1.2367329201511352,-1.1929852555218576
normal_qq,THUAS::THUAS_S010::2025-06-05,THUAS,THUAS::THUAS_S010,-1.230784303609929,-1.1854517615710194
normal_qq,UCR::UCR_S005::2025-06-25,UCR,UCR::UCR_S005,-1.2248789236660496,-1.1633214017018678
normal_qq,THUAS::THUAS_S015::2025-07-11,THUAS,THUAS::THUAS_S015,-1.2190159533383536,-1.1419023930457217
normal_qq,UCR::UCR_S007::2025-07-06,UCR,UCR::UCR_S007,-1.2131945891478528,-1.1339657480293177
normal_qq,BAUA::BAUA_S018::2025-09-13,BAUA,BAUA::BAUA_S018,-1.2074140502222017,-1.1280303738427537
normal_qq,BAUA::BAUA_S015::2025-07-26,BAUA,BAUA::BAUA_S015,-1.2016735774426974,-1.106798526718673
normal_qq,FUSPCEU::FUSPCEU_S025::2025-02-09,FUSPCEU,FUSPCEU::FUSPCEU_S025,-1.1959724326313856,-1.1038333203278725
normal_qq,FUSPCEU::FUSPCEU_S013::2024-11-24,FUSPCEU,FUSPCEU::FUSPCEU_S013,-1.1903098977760262,-1.0945456637181352
normal_qq,TUM::TUM_S003::2024-06-05,TUM,TUM::TUM_S003,-1.1846852742908005,-1.0914641997092163
normal_qq,FUSPCEU::FUSPCEU_S022::2025-02-02,FUSPCEU,FUSPCEU::FUSPCEU_S022,-1.1790978823108027,-1.0801150529552699
normal_qq,BAUA::BAUA_S005::2025-06-11,BAUA,BAUA::BAUA_S005,-1.173547060018471,-1.0787376122712091
normal_qq,RISE::RISE_S014::2025-10-12,RISE,RISE::RISE_S014,-1.168032163000222,-1.0728162414961222
normal_qq,UCR::UCR_S030::2025-08-16,UCR,UCR::UCR_S030,-1.1625525636316842,-1.0716921642198909
normal_qq,UCR::UCR_S020::2025-07-22,UCR,UCR::UCR_S020,-1.1571076504900009,-1.0664029904985188
normal_qq,FUSPCEU::FUSPCEU_S019::2024-12-12,FUSPCEU,FUSPCEU::FUSPCEU_S019,-1.1516968277917834,-1.0618248321235684
normal_qq,FUSPCEU::FUSPCEU_S014::2024-11-20,FUSPCEU,FUSPCEU::FUSPCEU_S014,-1.1463195148553786,-1.0615731187117399
normal_qq,UCR::UCR_S023::2025-08-02,UCR,UCR::UCR_S023,-1.140975145586186,-1.0601993888040726
normal_qq,BAUA::BAUA_S018::2025-09-14,BAUA,BAUA::BAUA_S018,-1.1356631679838567,-1.0589581230750147
normal_qq,RISE::RISE_S004::2025-03-30,RISE,RISE::RISE_S004,-1.1303830436702484,-1.0587591510944192
normal_qq,THUAS::THUAS_S019::2025-10-05,THUAS,THUAS::THUAS_S019,-1.1251342474371022,-1.0483097349467667
normal_qq,UCR::UCR_S003::2025-06-18,UCR,UCR::UCR_S003,-1.1199162668124483,-1.0425257706259183
normal_qq,UCR::UCR_S032::2025-08-24,UCR,UCR::UCR_S032,-1.1147286016448228,-1.0272338742093674
normal_qq,UCR::UCR_S018::2025-07-27,UCR,UCR::UCR_S018,-1.10957076370441,-1.0028873087405126
normal_qq,KNUST::KNUST_S014::2025-01-24,KNUST,KNUST::KNUST_S014,-1.1044422763002961,-0.9951883444403827
normal_qq,RISE::RISE_S013::2025-06-28,RISE,RISE::RISE_S013,-1.0993426739130485,-0.9934989279041063
normal_qq,RISE::RISE_S012::2025-06-10,RISE,RISE::RISE_S012,-1.0942715018418925,-0.9860033665891651
normal_qq,UCR::UCR_S031::2025-08-19,UCR,UCR::UCR_S031,-1.0892283158657912,-0.9541333606447039
normal_qq,FUSPCEU::FUSPCEU_S016::2024-11-30,FUSPCEU,FUSPCEU::FUSPCEU_S016,-1.084212681917766,-0.9518182339138316
normal_qq,RISE::RISE_S006::2025-04-20,RISE,RISE::RISE_S006,-1.0792241757718515,-0.943788510220272
normal_qq,IZTECH::IZTECH_S015::2025-04-30,IZTECH,IZTECH::IZTECH_S015,-1.074262382742088,-0.9417038779186092
normal_qq,FUSPCEU::FUSPCEU_S022::2025-01-30,FUSPCEU,FUSPCEU::FUSPCEU_S022,-1.069326897393004,-0.931070357335789
normal_qq,TUM::TUM_S004::2024-06-15,TUM,TUM::TUM_S004,-1.064417323261056,-0.9170095739458896
normal_qq,FUSPCEU::FUSPCEU_S018::2024-12-12,FUSPCEU,FUSPCEU::FUSPCEU_S018,-1.0595332725865445,-0.896055276019988
normal_qq,UCR::UCR_S017::2025-07-18,UCR,UCR::UCR_S017,-1.0546743660555171,-0.882677176569809
normal_qq,RISE::RISE_S002::2025-03-23,RISE,RISE::RISE_S002,-1.0498402325512244,-0.880649996545819
normal_qq,KNUST::KNUST_S002::2024-10-17,KNUST,KNUST::KNUST_S002,-1.0450305089147045,-0.8744634850938954
normal_qq,UCR::UCR_S026::2025-08-10,UCR,UCR::UCR_S026,-1.0402448397140929,-0.8726784062640924
normal_qq,UCR::UCR_S007::2025-07-03,UCR,UCR::UCR_S007,-1.0354828770222737,-0.8605540855136966
normal_qq,UCR::UCR_S037::2025-08-27,UCR,UCR::UCR_S037,-1.0307442802025202,-0.8560892066808208
normal_qq,FUSPCEU::FUSPCEU_S018::2024-12-14,FUSPCEU,FUSPCEU::FUSPCEU_S018,-1.0260287157017725,-0.8341414350980839
normal_qq,UCR::UCR_S018::2025-07-22,UCR,UCR::UCR_S018,-1.0213358568512303,-0.8325285624910901
normal_qq,UCR::UCR_S016::2025-07-17,UCR,UCR::UCR_S016,-1.016665383673953,-0.8257666207528367
normal_qq,RISE::RISE_S016::2025-10-11,RISE,RISE::RISE_S016,-1.0120169826991656,-0.8256622221962405
normal_qq,RISE::RISE_S015::2025-10-12,RISE,RISE::RISE_S015,-1.007390346782998,-0.8079058218160753
normal_qq,THUAS::THUAS_S014::2025-07-11,THUAS,THUAS::THUAS_S014,-1.0027851749353869,-0.802545648849671
normal_qq,IZTECH::IZTECH_S016::2025-05-11,IZTECH,IZTECH::IZTECH_S016,-0.9982011721528864,-0.8023390026169255
normal_qq,RISE::RISE_S004::2025-03-28,RISE,RISE::RISE_S004,-0.9936380492571456,-0.8004881555356094
normal_qq,UCR::UCR_S005::2025-06-24,UCR,UCR::UCR_S005,-0.9890955227388274,-0.7992880304998607
normal_qq,KNUST::KNUST_S010::2024-12-10,KNUST,KNUST::KNUST_S010,-0.9845733146067425,-0.7861209679415104
normal_qq,RISE::RISE_S001::2025-03-05,RISE,RISE::RISE_S001,-0.9800711522419941,-0.7795132480907613
normal_qq,KNUST::KNUST_S011::2024-12-21,KNUST,KNUST::KNUST_S011,-0.975588768256933,-0.7722931467338484
normal_qq,KNUST::KNUST_S001::2024-10-12,KNUST,KNUST::KNUST_S001,-0.9711259003587317,-0.7679470133714071
normal_qq,IZTECH::IZTECH_S013::2025-04-27,IZTECH,IZTECH::IZTECH_S013,-0.9666822912173999,-0.7576352709156738
normal_qq,BAUA::BAUA_S012::2025-07-16,BAUA,BAUA::BAUA_S012,-0.9622576883380616,-0.7540486535192522
normal_qq,KNUST::KNUST_S010::2024-12-15,KNUST,KNUST::KNUST_S010,-0.9578518439373371,-0.7481320150426259
normal_qq,FUSPCEU::FUSPCEU_S020::2025-01-24,FUSPCEU,FUSPCEU::FUSPCEU_S020,-0.9534645148236647,-0.7447285009944066
normal_qq,KNUST::KNUST_S009::2024-12-03,KNUST,KNUST::KNUST_S009,-0.949095462281417,-0.7382475267991059
normal_qq,UCR::UCR_S033::2025-08-23,UCR,UCR::UCR_S033,-0.9447444519586612,-0.7378585190514158
normal_qq,THUAS::THUAS_S015::2025-07-09,THUAS,THUAS::THUAS_S015,-0.940411253758435,-0.7372013677626231
normal_qq,THUAS::THUAS_S017::2025-09-13,THUAS,THUAS::THUAS_S017,-0.936095641733398,-0.7310577374091926
normal_qq,BAUA::BAUA_S005::2025-06-12,BAUA,BAUA::BAUA_S005,-0.9317973939837354,-0.7303989966780752
normal_qq,UCR::UCR_S004::2025-06-29,UCR,UCR::UCR_S004,-0.9275162925581965,-0.7291947013186997
normal_qq,UCR::UCR_S025::2025-08-10,UCR,UCR::UCR_S025,-0.9232521233581494,-0.7263040147286856
normal_qq,THUAS::THUAS_S014::2025-07-10,THUAS,THUAS::THUAS_S014,-0.9190046760445426,-0.7237780185029267
normal_qq,UCR::UCR_S007::2025-07-02,UCR,UCR::UCR_S007,-0.9147737439476671,-0.720795980747002
normal_qq,KNUST::KNUST_S005::2024-11-05,KNUST,KNUST::KNUST_S005,-0.9105591239796205,-0.7191251906167007
normal_qq,FUSPCEU::FUSPCEU_S003::2024-10-12,FUSPCEU,FUSPCEU::FUSPCEU_S003,-0.9063606165493726,-0.7190301241058465
normal_qq,THUAS::THUAS_S011::2025-05-15,THUAS,THUAS::THUAS_S011,-0.9021780254803419,-0.71847761222288
normal_qq,UCR::UCR_S040::2025-09-05,UCR,UCR::UCR_S040,-0.8980111579303955,-0.7100546359465677
normal_qq,BAUA::BAUA_S022::2025-09-29,BAUA,BAUA::BAUA_S022,-0.8938598243141798,-0.7090291430269771
normal_qq,BAUA::BAUA_S008::2025-06-28,BAUA,BAUA::BAUA_S008,-0.8897238382277125,-0.7081906192347998
normal_qq,KNUST::KNUST_S010::2024-12-11,KNUST,KNUST::KNUST_S010,-0.8856030163751439,-0.7058693530395211
normal_qq,KNUST::KNUST_S008::2024-11-27,KNUST,KNUST::KNUST_S008,-0.8814971784976234,-0.7037458756690469
normal_qq,UCR::UCR_S006::2025-06-27,UCR,UCR::UCR_S006,-0.8774061473041902,-0.7028937870571363
normal_qq,FUSPCEU::FUSPCEU_S008::2024-10-26,FUSPCEU,FUSPCEU::FUSPCEU_S008,-0.873329748404626,-0.7017923619855457
normal_qq,TUM::TUM_S009::2024-07-21,TUM,TUM::TUM_S009,-0.8692678102441974,-0.6967182258879626
normal_qq,UCR::UCR_S028::2025-08-15,UCR,UCR::UCR_S028,-0.8652201640402274,-0.6955032476872482
normal_qq,FUSPCEU::FUSPCEU_S011::2024-11-14,FUSPCEU,FUSPCEU::FUSPCEU_S011,-0.861186643720434,-0.6857993092512205
normal_qq,BAUA::BAUA_S023::2025-09-24,BAUA,BAUA::BAUA_S023,-0.8571670858629747,-0.6744361061260988
normal_qq,BAUA::BAUA_S024::2025-10-17,BAUA,BAUA::BAUA_S024,-0.8531613296381441,-0.670488881337623
normal_qq,BAUA::BAUA_S012::2025-07-19,BAUA,BAUA::BAUA_S012,-0.8491692167516647,-0.6667999900680345
normal_qq,IZTECH::IZTECH_S011::2025-04-20,IZTECH,IZTECH::IZTECH_S011,-0.8451905913895246,-0.6654502588635716
normal_qq,IZTECH::IZTECH_S010::2025-04-16,IZTECH,IZTECH::IZTECH_S010,-0.8412253001643063,-0.6508383454358109
normal_qq,UCR::UCR_S012::2025-07-13,UCR,UCR::UCR_S012,-0.8372731920629602,-0.6500426058956558
normal_qq,RISE::RISE_S002::2025-03-22,RISE,RISE::RISE_S002,-0.8333341183959786,-0.6486923611540132
normal_qq,UCR::UCR_S008::2025-07-02,UCR,UCR::UCR_S008,-0.8294079327479179,-0.6460522743587133
normal_qq,IZTECH::IZTECH_S005::2025-01-25,IZTECH,IZTECH::IZTECH_S005,-0.8254944909292357,-0.6395419622907038
normal_qq,UCR::UCR_S029::2025-08-12,UCR,UCR::UCR_S029,-0.821593650929394,-0.6333680280124119
normal_qq,BAUA::BAUA_S025::2025-10-18,BAUA,BAUA::BAUA_S025,-0.8177052728711871,-0.6231619273192083
normal_qq,TUM::TUM_S006::2024-06-30,TUM,TUM::TUM_S006,-0.8138292189662659,-0.6172947756018083
normal_qq,THUAS::THUAS_S016::2025-07-13,THUAS,THUAS::THUAS_S016,-0.8099653534718073,-0.6135494778711299
normal_qq,BAUA::BAUA_S024::2025-10-16,BAUA,BAUA::BAUA_S024,-0.8061135426483041,-0.6014331775211068
normal_qq,BAUA::BAUA_S016::2025-07-26,BAUA,BAUA::BAUA_S016,-0.8022736547184345,-0.5992389654832454
normal_qq,RISE::RISE_S009::2025-05-28,RISE,RISE::RISE_S009,-0.7984455598269812,-0.5988942884250029
normal_qq,IZTECH::IZTECH_S007::2025-02-28,IZTECH,IZTECH::IZTECH_S007,-0.7946291300017662,-0.5879738062029379
normal_qq,BAUA::BAUA_S004::2025-06-15,BAUA,BAUA::BAUA_S004,-0.7908242391155698,-0.5874695885140574
normal_qq,IZTECH::IZTECH_S003::2025-01-11,IZTECH,IZTECH::IZTECH_S003,-0.7870307628490071,-0.5800133515108186
normal_qq,KNUST::KNUST_S014::2025-01-22,KNUST,KNUST::KNUST_S014,-0.7832485786543301,-0.5717995500789742
normal_qq,BAUA::BAUA_S017::2025-09-13,BAUA,BAUA::BAUA_S017,-0.7794775657201258,-0.5716503506879492
normal_qq,UCR::UCR_S022::2025-07-31,UCR,UCR::UCR_S022,-0.7757176049368915,-0.5715878432370327
normal_qq,FUSPCEU::FUSPCEU_S009::2024-11-09,FUSPCEU,FUSPCEU::FUSPCEU_S009,-0.7719685788634507,-0.5715629693655181
normal_qq,FUSPCEU::FUSPCEU_S020::2025-01-25,FUSPCEU,FUSPCEU::FUSPCEU_S020,-0.7682303716941944,-0.5706290082659988
normal_qq,UCR::UCR_S008::2025-07-05,UCR,UCR::UCR_S008,-0.7645028692271145,-0.5676382473984147
normal_qq,IZTECH::IZTECH_S009::2025-03-25,IZTECH,IZTECH::IZTECH_S009,-0.7607859588326148,-0.5658844093975961
normal_qq,TUM::TUM_S005::2024-06-23,TUM,TUM::TUM_S005,-0.7570795294230719,-0.5637843338528462
normal_qq,IZTECH::IZTECH_S004::2025-01-25,IZTECH,IZTECH::IZTECH_S004,-0.7533834714231219,-0.5617210091591025
normal_qq,BAUA::BAUA_S017::2025-09-11,BAUA,BAUA::BAUA_S017,-0.7496976767406606,-0.5611464220938583
normal_qq,UCR::UCR_S006::2025-06-28,UCR,UCR::UCR_S006,-0.7460220387385275,-0.5428435427084132
normal_qq,TUM::TUM_S004::2024-06-14,TUM,TUM::TUM_S004,-0.742356452206858,-0.5425648498500388
normal_qq,RISE::RISE_S008::2025-04-29,RISE,RISE::RISE_S008,-0.7387008133360887,-0.5414021560302539
normal_qq,UCR::UCR_S035::2025-08-31,UCR,UCR::UCR_S035,-0.7350550196905873,-0.5399234965721053
normal_qq,RISE::RISE_S009::2025-05-30,RISE,RISE::RISE_S009,-0.7314189701829009,-0.5397932489720523
normal_qq,RISE::RISE_S009::2025-05-27,RISE,RISE::RISE_S009,-0.7277925650485974,-0.5391789398911722
normal_qq,UCR::UCR_S031::2025-08-21,UCR,UCR::UCR_S031,-0.7241757058216858,-0.5310123514408689
normal_qq,FUSPCEU::FUSPCEU_S009::2024-11-10,FUSPCEU,FUSPCEU::FUSPCEU_S009,-0.7205682953106023,-0.5308757650887811
normal_qq,UCR::UCR_S037::2025-08-28,UCR,UCR::UCR_S037,-0.7169702375747391,-0.5286140816760276
normal_qq,THUAS::THUAS_S019::2025-10-03,THUAS,THUAS::THUAS_S019,-0.7133814379015124,-0.5186620452979408
normal_qq,UCR::UCR_S016::2025-07-18,UCR,UCR::UCR_S016,-0.7098018027839411,-0.51093882274620706
normal_qq,BAUA::BAUA_S018::2025-09-10,BAUA,BAUA::BAUA_S018,-0.7062312398987347,-0.5104033195230538
normal_qq,THUAS::THUAS_S018::2025-09-25,THUAS,THUAS::THUAS_S018,-0.7026696580848686,-0.5039487902735835
normal_qq,UCR::UCR_S031::2025-08-24,UCR,UCR::UCR_S031,-0.6991169673226372,-0.49160050854399107
normal_qq,RISE::RISE_S009::2025-06-01,RISE,RISE::RISE_S009,-0.6955730787131711,-0.4890437172845825
normal_qq,BAUA::BAUA_S025::2025-10-16,BAUA,BAUA::BAUA_S025,-0.6920379044584046,-0.48242255271013107
normal_qq,UCR::UCR_S018::2025-07-25,UCR,UCR::UCR_S018,-0.6885113578414854,-0.4822539542318464
normal_qq,KNUST::KNUST_S002::2024-10-20,KNUST,KNUST::KNUST_S002,-0.6849933532076103,-0.48184401030107743
normal_qq,THUAS::THUAS_S018::2025-09-27,THUAS,THUAS::THUAS_S018,-0.6814838059452771,-0.48021610911420387
normal_qq,IZTECH::IZTECH_S015::2025-05-02,IZTECH,IZTECH::IZTECH_S015,-0.6779826324679435,-0.476193259392133
normal_qq,FUSPCEU::FUSPCEU_S018::2024-12-13,FUSPCEU,FUSPCEU::FUSPCEU_S018,-0.6744897501960817,-0.46862622406738563
normal_qq,BAUA::BAUA_S024::2025-10-14,BAUA,BAUA::BAUA_S024,-0.6710050775396155,-0.46050288661329575
normal_qq,FUSPCEU::FUSPCEU_S007::2024-10-23,FUSPCEU,FUSPCEU::FUSPCEU_S007,-0.6675285338807329,-0.45813585191815503
normal_qq,BAUA::BAUA_S018::2025-09-12,BAUA,BAUA::BAUA_S018,-0.6640600395570672,-0.4495198572566345
normal_qq,UCR::UCR_S038::2025-09-01,UCR,UCR::UCR_S038,-0.6605995158452264,-0.4490404411981573
normal_qq,UCR::UCR_S040::2025-09-06,UCR,UCR::UCR_S040,-0.6571468849446787,-0.44707596051084525
normal_qq,RISE::RISE_S016::2025-10-12,RISE,RISE::RISE_S016,-0.6537020699619672,-0.4469544456410463
normal_qq,IZTECH::IZTECH_S017::2025-06-01,IZTECH,IZTECH::IZTECH_S017,-0.6502649948952586,-0.4408237083257027
normal_qq,IZTECH::IZTECH_S013::2025-04-26,IZTECH,IZTECH::IZTECH_S013,-0.6468355846192115,-0.4387424661410816
normal_qq,RISE::RISE_S015::2025-10-07,RISE,RISE::RISE_S015,-0.6434137648701582,-0.4382356952419913
normal_qq,BAUA::BAUA_S003::2025-06-14,BAUA,BAUA::BAUA_S003,-0.6399994622315899,-0.4328808491300568
normal_qq,RISE::RISE_S010::2025-06-10,RISE,RISE::RISE_S010,-0.6365926041199401,-0.43048933909917664
normal_qq,UCR::UCR_S021::2025-07-26,UCR,UCR::UCR_S021,-0.6331931187706588,-0.4303642490433028
normal_qq,UCR::UCR_S036::2025-08-27,UCR,UCR::UCR_S036,-0.6298009352245679,-0.42932282756650636
normal_qq,UCR::UCR_S021::2025-07-22,UCR,UCR::UCR_S021,-0.626415983314493,-0.4192841861358954
normal_qq,UCR::UCR_S002::2025-06-21,UCR,UCR::UCR_S002,-0.6230381936521651,-0.41817094449383785
normal_qq,UCR::UCR_S017::2025-07-17,UCR,UCR::UCR_S017,-0.6196674976153825,-0.4163034548745221
normal_qq,IZTECH::IZTECH_S005::2025-01-26,IZTECH,IZTECH::IZTECH_S005,-0.616303827335432,-0.41361747347366323
normal_qq,BAUA::BAUA_S008::2025-06-27,BAUA,BAUA::BAUA_S008,-0.6129471156847557,-0.4118593467801453
normal_qq,UCR::UCR_S039::2025-08-28,UCR,UCR::UCR_S039,-0.6095972962648667,-0.40718805976984257
normal_qq,TUM::TUM_S007::2024-07-02,TUM,TUM::TUM_S007,-0.606254303394497,-0.4002462160703666
normal_qq,TUM::TUM_S007::2024-07-07,TUM,TUM::TUM_S007,-0.6029180720979828,-0.39690676123342117
normal_qq,BAUA::BAUA_S008::2025-06-30,BAUA,BAUA::BAUA_S008,-0.599588538093872,-0.3959690659326832
normal_qq,UCR::UCR_S025::2025-08-05,UCR,UCR::UCR_S025,-0.5962656377837589,-0.39500922716370773
normal_qq,KNUST::KNUST_S009::2024-12-08,KNUST,KNUST::KNUST_S009,-0.5929493082413261,-0.39450533374768293
normal_qq,UCR::UCR_S002::2025-06-22,UCR,UCR::UCR_S002,-0.5896394872016061,-0.3940355171277628
normal_qq,RISE::RISE_S012::2025-06-15,RISE,RISE::RISE_S012,-0.5863361130504435,-0.391712781979435
normal_qq,UCR::UCR_S015::2025-07-16,UCR,UCR::UCR_S015,-0.5830391248141603,-0.3912080898620384
normal_qq,UCR::UCR_S018::2025-07-24,UCR,UCR::UCR_S018,-0.5797484621494177,-0.3763567091187489
normal_qq,THUAS::THUAS_S010::2025-06-08,THUAS,THUAS::THUAS_S010,-0.5764640653332685,-0.3757863968890429
normal_qq,BAUA::BAUA_S013::2025-07-17,BAUA,BAUA::BAUA_S013,-0.5731858752533983,-0.37343480590884887
normal_qq,UCR::UCR_S002::2025-06-20,UCR,UCR::UCR_S002,-0.569913833398549,-0.3722980257001249
normal_qq,TUM::TUM_S002::2024-06-01,TUM,TUM::TUM_S002,-0.5666478818491216,-0.3711128163688564
normal_qq,UCR::UCR_S028::2025-08-14,UCR,UCR::UCR_S028,-0.5633879632679538,-0.36439202066284687
normal_qq,UCR::UCR_S037::2025-08-31,UCR,UCR::UCR_S037,-0.5601340208912676,-0.3631589378892297
normal_qq,TUM::TUM_S007::2024-07-06,TUM,TUM::TUM_S007,-0.5568859985197854,-0.35733187472762074
normal_qq,UCR::UCR_S019::2025-07-22,UCR,UCR::UCR_S019,-0.5536438405100073,-0.35702216606941434
normal_qq,UCR::UCR_S003::2025-06-20,UCR,UCR::UCR_S003,-0.5504074917656492,-0.3459953961315006
normal_qq,IZTECH::IZTECH_S013::2025-04-24,IZTECH,IZTECH::IZTECH_S013,-0.5471768977292367,-0.34523698629876304
normal_qq,THUAS::THUAS_S006::2025-04-06,THUAS,THUAS::THUAS_S006,-0.5439520043738504,-0.33028987757366807
normal_qq,IZTECH::IZTECH_S006::2025-02-21,IZTECH,IZTECH::IZTECH_S006,-0.5407327581950216,-0.3283758626642877
normal_qq,RISE::RISE_S004::2025-03-27,RISE,RISE::RISE_S004,-0.537519106202773,-0.3274553554781705
normal_qq,TUM::TUM_S002::2024-05-28,TUM,TUM::TUM_S002,-0.5343109959137999,-0.32727087388370096
normal_qq,THUAS::THUAS_S020::2025-10-13,THUAS,THUAS::THUAS_S020,-0.531108375343795,-0.32375149590566993
normal_qq,BAUA::BAUA_S017::2025-09-09,BAUA,BAUA::BAUA_S017,-0.5279111929999045,-0.3236469049717665
normal_qq,TUM::TUM_S007::2024-07-05,TUM,TUM::TUM_S007,-0.524719397873322,-0.320537768978303
normal_qq,KNUST::KNUST_S011::2024-12-19,KNUST,KNUST::KNUST_S011,-0.5215329394320088,-0.3167226037063276
normal_qq,FUSPCEU::FUSPCEU_S019::2024-12-15,FUSPCEU,FUSPCEU::FUSPCEU_S019,-0.5183517676135446,-0.31578494836888527
normal_qq,UCR::UCR_S014::2025-07-15,UCR,UCR::UCR_S014,-0.5151758328181003,-0.3113268761687169
normal_qq,IZTECH::IZTECH_S017::2025-05-29,IZTECH,IZTECH::IZTECH_S017,-0.5120050859015352,-0.31108857502435655
normal_qq,IZTECH::IZTECH_S006::2025-02-23,IZTECH,IZTECH::IZTECH_S006,-0.5088394781686127,-0.3079439812496903
normal_qq,KNUST::KNUST_S014::2025-01-21,KNUST,KNUST::KNUST_S014,-0.5056789613663314,-0.30474786053965025
normal_qq,FUSPCEU::FUSPCEU_S015::2024-12-01,FUSPCEU,FUSPCEU::FUSPCEU_S015,-0.5025234876773724,-0.3047266574186457
normal_qq,FUSPCEU::FUSPCEU_S003::2024-10-13,FUSPCEU,FUSPCEU::FUSPCEU_S003,-0.4993730097136585,-0.3011598724628962
normal_qq,BAUA::BAUA_S003::2025-06-15,BAUA,BAUA::BAUA_S003,-0.49622748051002047,-0.3002535132182119
normal_qq,UCR::UCR_S018::2025-07-26,UCR,UCR::UCR_S018,-0.49308685351797304,-0.2937943274769386
normal_qq,KNUST::KNUST_S012::2025-01-09,KNUST,KNUST::KNUST_S012,-0.489951082599595,-0.2911511558778565
normal_qq,IZTECH::IZTECH_S010::2025-04-18,IZTECH,IZTECH::IZTECH_S010,-0.4868201220215114,-0.28544446228285697
normal_qq,THUAS::THUAS_S001::2025-02-24,THUAS,THUAS::THUAS_S001,-0.48369392644897613,-0.2841558993858064
normal_qq,TUM::TUM_S001::2024-05-17,TUM,TUM::TUM_S001,-0.4805724509400544,-0.28385566252448285
normal_qq,BAUA::BAUA_S024::2025-10-15,BAUA,BAUA::BAUA_S024,-0.47745565093990017,-0.28030504462718053
normal_qq,UCR::UCR_S027::2025-08-05,UCR,UCR::UCR_S027,-0.47434348227512707,-0.2747282933878291
normal_qq,BAUA::BAUA_S008::2025-06-29,BAUA,BAUA::BAUA_S008,-0.47123590114827535,-0.27388390462192674
normal_qq,THUAS::THUAS_S005::2025-03-28,THUAS,THUAS::THUAS_S005,-0.4681328641323639,-0.2667263878934001
normal_qq,UCR::UCR_S003::2025-06-17,UCR,UCR::UCR_S003,-0.4650343281655359,-0.2654954062195919
normal_qq,IZTECH::IZTECH_S002::2025-01-11,IZTECH,IZTECH::IZTECH_S002,-0.46194025054578897,-0.2635274991381287
normal_qq,TUM::TUM_S003::2024-06-07,TUM,TUM::TUM_S003,-0.45885058892578884,-0.2630998900753537
normal_qq,UCR::UCR_S033::2025-08-24,UCR,UCR::UCR_S033,-0.45576530130776943,-0.2552068802212624
normal_qq,BAUA::BAUA_S023::2025-09-28,BAUA,BAUA::BAUA_S023,-0.4526843460385124,-0.25457135584177
normal_qq,THUAS::THUAS_S001::2025-02-28,THUAS,THUAS::THUAS_S001,-0.44960768180440647,-0.2532060745190346
normal_qq,UCR::UCR_S017::2025-07-19,UCR,UCR::UCR_S017,-0.4465352676265869,-0.25185196098643425
normal_qq,IZTECH::IZTECH_S012::2025-04-22,IZTECH,IZTECH::IZTECH_S012,-0.44346706285614884,-0.24905020143402323
normal_qq,IZTECH::IZTECH_S003::2025-01-12,IZTECH,IZTECH::IZTECH_S003,-0.44040302716943847,-0.24287400377144286
normal_qq,THUAS::THUAS_S007::2025-04-12,THUAS,THUAS::THUAS_S007,-0.43734312056341623,-0.24278606345957227
normal_qq,TUM::TUM_S003::2024-06-08,TUM,TUM::TUM_S003,-0.43428730335109195,-0.24239063108671705
normal_qq,IZTECH::IZTECH_S008::2025-03-07,IZTECH,IZTECH::IZTECH_S008,-0.43123553615703236,-0.2372904437051954
normal_qq,TUM::TUM_S007::2024-07-03,TUM,TUM::TUM_S007,-0.4281877799129359,-0.2353833401079633
normal_qq,THUAS::THUAS_S005::2025-03-25,THUAS,THUAS::THUAS_S005,-0.42514399585327645,-0.2353616478212287
normal_qq,IZTECH::IZTECH_S008::2025-03-09,IZTECH,IZTECH::IZTECH_S008,-0.4221041455110142,-0.23491111923681643
normal_qq,RISE::RISE_S017::2025-10-15,RISE,RISE::RISE_S017,-0.41906819071337015,-0.2326302110940047
normal_qq,UCR::UCR_S025::2025-08-06,UCR,UCR::UCR_S025,-0.41603609357766574,-0.22903808625214267
normal_qq,UCR::UCR_S022::2025-08-03,UCR,UCR::UCR_S022,-0.4130078165072246,-0.22903596431077136
normal_qq,FUSPCEU::FUSPCEU_S022::2025-02-01,FUSPCEU,FUSPCEU::FUSPCEU_S022,-0.4099833221873369,-0.22688966823756024
normal_qq,BAUA::BAUA_S023::2025-09-26,BAUA,BAUA::BAUA_S023,-0.40696257358128163,-0.2262376069686134
normal_qq,KNUST::KNUST_S008::2024-12-01,KNUST,KNUST::KNUST_S008,-0.40394553392641097,-0.22156310704263577
normal_qq,IZTECH::IZTECH_S015::2025-05-04,IZTECH,IZTECH::IZTECH_S015,-0.4009321667302891,-0.21903891664358094
normal_qq,UCR::UCR_S036::2025-08-29,UCR,UCR::UCR_S036,-0.3979224357668914,-0.21859245519998638
normal_qq,IZTECH::IZTECH_S009::2025-03-21,IZTECH,IZTECH::IZTECH_S009,-0.39491630507285586,-0.21201584396141923
normal_qq,FUSPCEU::FUSPCEU_S009::2024-11-08,FUSPCEU,FUSPCEU::FUSPCEU_S009,-0.39191373894379233,-0.21146967789265073
normal_qq,TUM::TUM_S002::2024-05-31,TUM,TUM::TUM_S002,-0.38891470193064254,-0.21141141042703296
normal_qq,UCR::UCR_S019::2025-07-27,UCR,UCR::UCR_S019,-0.3859191588360948,-0.21043241651878883
normal_qq,KNUST::KNUST_S008::2024-11-30,KNUST,KNUST::KNUST_S008,-0.3829270747110483,-0.2101150831643537
normal_qq,KNUST::KNUST_S009::2024-12-06,KNUST,KNUST::KNUST_S009,-0.37993841485112945,-0.20575814171541693
normal_qq,FUSPCEU::FUSPCEU_S011::2024-11-13,FUSPCEU,FUSPCEU::FUSPCEU_S011,-0.3769531447932565,-0.20434183229326702
normal_qq,RISE::RISE_S004::2025-03-25,RISE,RISE::RISE_S004,-0.37397123031225415,-0.20348621839257777
normal_qq,IZTECH::IZTECH_S016::2025-05-10,IZTECH,IZTECH::IZTECH_S016,-0.37099263741751404,-0.20129210842644216
normal_qq,UCR::UCR_S039::2025-09-01,UCR,UCR::UCR_S039,-0.3680173323497043,-0.20099389401954376
normal_qq,UCR::UCR_S014::2025-07-18,UCR,UCR::UCR_S014,-0.36504528157752175,-0.19888562145576164
normal_qq,KNUST::KNUST_S015::2025-02-01,KNUST,KNUST::KNUST_S015,-0.36207645179449244,-0.18982535076410023
normal_qq,BAUA::BAUA_S008::2025-06-25,BAUA,BAUA::BAUA_S008,-0.35911080991581396,-0.18608806977563144
normal_qq,FUSPCEU::FUSPCEU_S015::2024-11-30,FUSPCEU,FUSPCEU::FUSPCEU_S015,-0.35614832307524247,-0.18320496272778636
normal_qq,BAUA::BAUA_S008::2025-06-26,BAUA,BAUA::BAUA_S008,-0.3531889586220202,-0.17880107809017748
normal_qq,FUSPCEU::FUSPCEU_S004::2024-10-09,FUSPCEU,FUSPCEU::FUSPCEU_S004,-0.3502326841178481,-0.17803996999445118
normal_qq,BAUA::BAUA_S004::2025-06-14,BAUA,BAUA::BAUA_S004,-0.34727946733389525,-0.17216457785131722
normal_qq,IZTECH::IZTECH_S006::2025-02-22,IZTECH,IZTECH::IZTECH_S006,-0.3443292762478513,-0.17185806381986357
normal_qq,THUAS::THUAS_S016::2025-07-08,THUAS,THUAS::THUAS_S016,-0.34138207904101725,-0.16126883572145542
normal_qq,RISE::RISE_S007::2025-04-19,RISE,RISE::RISE_S007,-0.3384378440954345,-0.16002262356067756
normal_qq,RISE::RISE_S016::2025-10-09,RISE,RISE::RISE_S016,-0.33549653999105233,-0.1598551338095589
normal_qq,KNUST::KNUST_S001::2024-10-08,KNUST,KNUST::KNUST_S001,-0.33255813550293284,-0.15159220245425933
normal_qq,FUSPCEU::FUSPCEU_S016::2024-11-29,FUSPCEU,FUSPCEU::FUSPCEU_S016,-0.32962259959849105,-0.1463500840373416
normal_qq,IZTECH::IZTECH_S014::2025-05-03,IZTECH,IZTECH::IZTECH_S014,-0.32668990143477217,-0.14141998175465106
normal_qq,RISE::RISE_S015::2025-10-08,RISE,RISE::RISE_S015,-0.3237600103557635,-0.14044906547308042
normal_qq,TUM::TUM_S008::2024-07-11,TUM,TUM::TUM_S008,-0.3208328958897402,-0.1386785403063337
normal_qq,UCR::UCR_S035::2025-08-28,UCR,UCR::UCR_S035,-0.31790852774664585,-0.13426363704311473
normal_qq,IZTECH::IZTECH_S016::2025-05-09,IZTECH,IZTECH::IZTECH_S016,-0.3149868758155061,-0.13201678039987277
normal_qq,BAUA::BAUA_S004::2025-06-13,BAUA,BAUA::BAUA_S004,-0.3120679101618736,-0.13007553559401971
normal_qq,UCR::UCR_S004::2025-06-28,UCR,UCR::UCR_S004,-0.3091516010253064,-0.1289830354468841
normal_qq,UCR::UCR_S002::2025-06-19,UCR,UCR::UCR_S002,-0.3062379188168775,-0.12865424316362337
normal_qq,RISE::RISE_S015::2025-10-09,RISE,RISE::RISE_S015,-0.30332683411671385,-0.1273297600120259
normal_qq,BAUA::BAUA_S014::2025-07-16,BAUA,BAUA::BAUA_S014,-0.3004183176715677,-0.12447423885135268
normal_qq,FUSPCEU::FUSPCEU_S012::2024-12-06,FUSPCEU,FUSPCEU::FUSPCEU_S012,-0.2975123403924154,-0.12163394950202093
normal_qq,TUM::TUM_S006::2024-06-26,TUM,TUM::TUM_S006,-0.29460887335208724,-0.11990220858444554
normal_qq,UCR::UCR_S002::2025-06-18,UCR,UCR::UCR_S002,-0.29170788778292417,-0.11815719796988407
normal_qq,UCR::UCR_S008::2025-07-03,UCR,UCR::UCR_S008,-0.2888093550744634,-0.11790099486595705
normal_qq,UCR::UCR_S027::2025-08-09,UCR,UCR::UCR_S027,-0.2859132467711523,-0.11146455403038141
normal_qq,FUSPCEU::FUSPCEU_S003::2024-10-11,FUSPCEU,FUSPCEU::FUSPCEU_S003,-0.28301953457008694,-0.11072191281882277
normal_qq,THUAS::THUAS_S010::2025-06-03,THUAS,THUAS::THUAS_S010,-0.2801281903187802,-0.1094857093316939
normal_qq,TUM::TUM_S008::2024-07-12,TUM,TUM::TUM_S008,-0.27723918601295267,-0.10695067732526513
normal_qq,IZTECH::IZTECH_S008::2025-03-05,IZTECH,IZTECH::IZTECH_S008,-0.2743524937943516,-0.1061940488152139
normal_qq,FUSPCEU::FUSPCEU_S015::2024-11-29,FUSPCEU,FUSPCEU::FUSPCEU_S015,-0.27146808594859384,-0.10384834991199256
normal_qq,RISE::RISE_S015::2025-10-10,RISE,RISE::RISE_S015,-0.2685859349030332,-0.10321278065964286
normal_qq,RISE::RISE_S005::2025-04-06,RISE,RISE::RISE_S005,-0.2657060132246521,-0.10081579738384068
normal_qq,BAUA::BAUA_S016::2025-07-28,BAUA,BAUA::BAUA_S016,-0.2628282936179769,-0.10064175697015543
normal_qq,UCR::UCR_S025::2025-08-07,UCR,UCR::UCR_S025,-0.2599527489230173,-0.10003550898508427
normal_qq,IZTECH::IZTECH_S005::2025-01-22,IZTECH,IZTECH::IZTECH_S005,-0.25707935211322624,-0.09710305805483659
normal_qq,BAUA::BAUA_S002::2025-06-15,BAUA,BAUA::BAUA_S002,-0.2542080762934848,-0.09610223657010246
normal_qq,FUSPCEU::FUSPCEU_S013::2024-11-23,FUSPCEU,FUSPCEU::FUSPCEU_S013,-0.2513388946981071,-0.09593269235424379
normal_qq,BAUA::BAUA_S009::2025-06-26,BAUA,BAUA::BAUA_S009,-0.2484717806888683,-0.09056151277292632
normal_qq,BAUA::BAUA_S009::2025-06-27,BAUA,BAUA::BAUA_S009,-0.24560670775305177,-0.08453320603814421
normal_qq,RISE::RISE_S006::2025-04-16,RISE,RISE::RISE_S006,-0.2427436495015192,-0.08147654677194952
normal_qq,UCR::UCR_S039::2025-08-27,UCR,UCR::UCR_S039,-0.23988257966679913,-0.07791058944390357
normal_qq,BAUA::BAUA_S002::2025-06-16,BAUA,BAUA::BAUA_S002,-0.2370234721011965,-0.07431963256243904
normal_qq,KNUST::KNUST_S007::2024-11-22,KNUST,KNUST::KNUST_S007,-0.23416630077492165,-0.07335242448712992
normal_qq,THUAS::THUAS_S005::2025-03-30,THUAS,THUAS::THUAS_S005,-0.23131103977423806,-0.0732210118091342
normal_qq,TUM::TUM_S001::2024-05-14,TUM,TUM::TUM_S001,-0.22845766329962933,-0.07182425782110805
normal_qq,UCR::UCR_S035::2025-09-01,UCR,UCR::UCR_S035,-0.22560614566398488,-0.06785731659791558
normal_qq,KNUST::KNUST_S007::2024-11-20,KNUST,KNUST::KNUST_S007,-0.22275646129080254,-0.06187030239740593
normal_qq,RISE::RISE_S012::2025-06-16,RISE,RISE::RISE_S012,-0.2199085847124105,-0.0592798704067461
normal_qq,THUAS::THUAS_S020::2025-10-12,THUAS,THUAS::THUAS_S020,-0.21706249056820556,-0.05795136252377416
normal_qq,FUSPCEU::FUSPCEU_S018::2024-12-10,FUSPCEU,FUSPCEU::FUSPCEU_S018,-0.2142181536029091,-0.0529559026347833
normal_qq,TUM::TUM_S009::2024-07-19,TUM,TUM::TUM_S009,-0.21137554866483887,-0.0393290404914724
normal_qq,THUAS::THUAS_S019::2025-10-04,THUAS,THUAS::THUAS_S019,-0.20853465070419908,-0.037343216537893124
normal_qq,THUAS::THUAS_S020::2025-10-11,THUAS,THUAS::THUAS_S020,-0.20569543477138433,-0.03437719587484568
normal_qq,THUAS::THUAS_S006::2025-04-01,THUAS,THUAS::THUAS_S006,-0.2028578760153005,-0.03384059336468279
normal_qq,UCR::UCR_S020::2025-07-23,UCR,UCR::UCR_S020,-0.2000219496817015,-0.032700998992262593
normal_qq,THUAS::THUAS_S011::2025-05-16,THUAS,THUAS::THUAS_S011,-0.19718763111154033,-0.029540391124314523
normal_qq,TUM::TUM_S008::2024-07-10,TUM,TUM::TUM_S008,-0.19435489573933518,-0.027991768047596823
normal_qq,IZTECH::IZTECH_S012::2025-04-26,IZTECH,IZTECH::IZTECH_S012,-0.19152371909155103,-0.02487284715863589
normal_qq,UCR::UCR_S020::2025-07-27,UCR,UCR::UCR_S020,-0.18869407678499386,-0.02462352513519137
normal_qq,FUSPCEU::FUSPCEU_S011::2024-11-17,FUSPCEU,FUSPCEU::FUSPCEU_S011,-0.1858659445252203,-0.02233508421707541
normal_qq,RISE::RISE_S017::2025-10-17,RISE,RISE::RISE_S017,-0.1830392981049601,-0.020542088046775632
normal_qq,IZTECH::IZTECH_S009::2025-03-20,IZTECH,IZTECH::IZTECH_S009,-0.18021411340255283,-0.01422225512127468
normal_qq,BAUA::BAUA_S003::2025-06-13,BAUA,BAUA::BAUA_S003,-0.17739036638039654,-0.01250761081726707
normal_qq,THUAS::THUAS_S017::2025-09-14,THUAS,THUAS::THUAS_S017,-0.17456803308341112,-0.0034430188094250486
normal_qq,BAUA::BAUA_S001::2025-06-12,BAUA,BAUA::BAUA_S001,-0.17174708963751176,0.005521793992889307
normal_qq,THUAS::THUAS_S017::2025-09-09,THUAS,THUAS::THUAS_S017,-0.16892751224809713,0.0058414645713129225
normal_qq,RISE::RISE_S005::2025-04-05,RISE,RISE::RISE_S005,-0.16610927719854818,0.008413485628474444
normal_qq,BAUA::BAUA_S025::2025-10-14,BAUA,BAUA::BAUA_S025,-0.16329236084873958,0.013889906170100077
normal_qq,RISE::RISE_S016::2025-10-07,RISE,RISE::RISE_S016,-0.16047673963356157,0.01692060234910639
normal_qq,UCR::UCR_S005::2025-06-29,UCR,UCR::UCR_S005,-0.1576623900614552,0.022847625146015318
normal_qq,KNUST::KNUST_S007::2024-11-19,KNUST,KNUST::KNUST_S007,-0.15484928871295595,0.023676682756984358
normal_qq,UCR::UCR_S014::2025-07-19,UCR,UCR::UCR_S014,-0.1520374122392504,0.02391688354602453
normal_qq,UCR::UCR_S001::2025-06-22,UCR,UCR::UCR_S001,-0.1492267373607424,0.024393276341100546
normal_qq,KNUST::KNUST_S004::2024-11-03,KNUST,KNUST::KNUST_S004,-0.14641724086562974,0.02474603463693377
normal_qq,IZTECH::IZTECH_S004::2025-01-21,IZTECH,IZTECH::IZTECH_S004,-0.14360889960849096,0.025104981216067048
normal_qq,THUAS::THUAS_S016::2025-07-12,THUAS,THUAS::THUAS_S016,-0.14080169050888253,0.027437484975037375
normal_qq,RISE::RISE_S002::2025-03-21,RISE,RISE::RISE_S002,-0.13799559054994437,0.032518385376031154
normal_qq,RISE::RISE_S003::2025-03-22,RISE,RISE::RISE_S003,-0.13519057677701626,0.03262295322289146
normal_qq,IZTECH::IZTECH_S013::2025-04-25,IZTECH,IZTECH::IZTECH_S013,-0.13238662629626263,0.03294173319911036
normal_qq,UCR::UCR_S014::2025-07-17,UCR,UCR::UCR_S014,-0.1295837162733063,0.03533630504750128
normal_qq,IZTECH::IZTECH_S014::2025-05-04,IZTECH,IZTECH::IZTECH_S014,-0.12678182393187135,0.03581050546845207
normal_qq,IZTECH::IZTECH_S012::2025-04-24,IZTECH,IZTECH::IZTECH_S012,-0.12398092655243449,0.037948814826681616
normal_qq,BAUA::BAUA_S016::2025-07-23,BAUA,BAUA::BAUA_S016,-0.12118100147088402,0.04295935452411245
normal_qq,THUAS::THUAS_S001::2025-02-25,THUAS,THUAS::THUAS_S001,-0.11838202607718792,0.04303526719009793
normal_qq,FUSPCEU::FUSPCEU_S018::2024-12-15,FUSPCEU,FUSPCEU::FUSPCEU_S018,-0.11558397781406923,0.04488585155593494
normal_qq,THUAS::THUAS_S003::2025-03-21,THUAS,THUAS::THUAS_S003,-0.11278683417568923,0.046510002910116026
normal_qq,THUAS::THUAS_S003::2025-03-18,THUAS,THUAS::THUAS_S003,-0.10999057270633808,0.04929415008451528
normal_qq,UCR::UCR_S017::2025-07-16,UCR,UCR::UCR_S017,-0.10719517099913325,0.05745605030074207
normal_qq,UCR::UCR_S021::2025-07-27,UCR,UCR::UCR_S021,-0.10440060669472383,0.057689212439202824
normal_qq,KNUST::KNUST_S005::2024-11-10,KNUST,KNUST::KNUST_S005,-0.10160685748000287,0.06312317065810272
normal_qq,IZTECH::IZTECH_S014::2025-04-29,IZTECH,IZTECH::IZTECH_S014,-0.0988139010868261,0.06374510857960741
normal_qq,FUSPCEU::FUSPCEU_S019::2024-12-10,FUSPCEU,FUSPCEU::FUSPCEU_S019,-0.09602171529073673,0.06633435625294479
normal_qq,UCR::UCR_S034::2025-08-28,UCR,UCR::UCR_S034,-0.09323027790969701,0.06714772152894512
normal_qq,THUAS::THUAS_S006::2025-04-03,THUAS,THUAS::THUAS_S006,-0.09043956680282601,0.07020523817432543
normal_qq,UCR::UCR_S019::2025-07-24,UCR,UCR::UCR_S019,-0.08764955986914244,0.07140661724809354
normal_qq,UCR::UCR_S022::2025-07-29,UCR,UCR::UCR_S022,-0.08486023504631411,0.0732590164121004
normal_qq,UCR::UCR_S033::2025-08-22,UCR,UCR::UCR_S033,-0.0820715703094127,0.07326772615474861
normal_qq,THUAS::THUAS_S016::2025-07-11,THUAS,THUAS::THUAS_S016,-0.07928354366967352,0.07342883343318785
normal_qq,THUAS::THUAS_S017::2025-09-10,THUAS,THUAS::THUAS_S017,-0.07649613317326087,0.07447242294904116
normal_qq,UCR::UCR_S011::2025-07-11,UCR,UCR::UCR_S011,-0.0737093169000381,0.07666125983219982
normal_qq,FUSPCEU::FUSPCEU_S022::2025-01-28,FUSPCEU,FUSPCEU::FUSPCEU_S022,-0.07092307296234292,0.07883780258285157
normal_qq,THUAS::THUAS_S001::2025-02-27,THUAS,THUAS::THUAS_S001,-0.06813737950376646,0.07974454100335122
normal_qq,UCR::UCR_S028::2025-08-13,UCR,UCR::UCR_S028,-0.06535221469793759,0.0809110315331648
normal_qq,IZTECH::IZTECH_S013::2025-04-23,IZTECH,IZTECH::IZTECH_S013,-0.06256755674731129,0.08115174720659667
normal_qq,THUAS::THUAS_S016::2025-07-09,THUAS,THUAS::THUAS_S016,-0.059783383881960875,0.08208352009815331
normal_qq,UCR::UCR_S025::2025-08-08,UCR,UCR::UCR_S025,-0.05699967435837431,0.08339855417130632
normal_qq,UCR::UCR_S005::2025-06-27,UCR,UCR::UCR_S005,-0.05421640645825473,0.08980431643709776
normal_qq,UCR::UCR_S026::2025-08-05,UCR,UCR::UCR_S026,-0.05143355848732328,0.09327312511456719
normal_qq,UCR::UCR_S012::2025-07-10,UCR,UCR::UCR_S012,-0.04865110877412662,0.09549319299853927
normal_qq,IZTECH::IZTECH_S010::2025-04-15,IZTECH,IZTECH::IZTECH_S010,-0.04586903566884706,0.09592405308482048
normal_qq,UCR::UCR_S006::2025-06-29,UCR,UCR::UCR_S006,-0.04308731754211583,0.09676564212723036
normal_qq,BAUA::BAUA_S013::2025-07-19,BAUA,BAUA::BAUA_S013,-0.04030593278382918,0.09913975873314586
normal_qq,UCR::UCR_S009::2025-07-04,UCR,UCR::UCR_S009,-0.037524859801967715,0.10213619455759394
normal_qq,RISE::RISE_S013::2025-06-24,RISE,RISE::RISE_S013,-0.034744077021417075,0.10506729081611228
normal_qq,RISE::RISE_S005::2025-04-01,RISE,RISE::RISE_S005,-0.031963562882792285,0.10706756117685422
normal_qq,UCR::UCR_S010::2025-07-08,UCR,UCR::UCR_S010,-0.029183295841263647,0.11689518667303479
normal_qq,BAUA::BAUA_S014::2025-07-18,BAUA,BAUA::BAUA_S014,-0.026403254365384765,0.11794608635735825
normal_qq,UCR::UCR_S008::2025-07-04,UCR,UCR::UCR_S008,-0.023623416935922455,0.11827666158241218
normal_qq,BAUA::BAUA_S016::2025-07-25,BAUA,BAUA::BAUA_S016,-0.020843762044688862,0.12178891899336254
normal_qq,UCR::UCR_S003::2025-06-22,UCR,UCR::UCR_S003,-0.018064268193373922,0.12558190878644013
normal_qq,UCR::UCR_S019::2025-07-26,UCR,UCR::UCR_S019,-0.015284913892380476,0.12596788161920355
normal_qq,IZTECH::IZTECH_S016::2025-05-08,IZTECH,IZTECH::IZTECH_S016,-0.01250567765965999,0.1259710027877775
normal_qq,TUM::TUM_S006::2024-06-29,TUM,TUM::TUM_S006,-0.009726538019549416,0.12599489557022364
normal_qq,IZTECH::IZTECH_S012::2025-04-27,IZTECH,IZTECH::IZTECH_S012,-0.006947473501608857,0.1265992472495425
normal_qq,IZTECH::IZTECH_S009::2025-03-24,IZTECH,IZTECH::IZTECH_S009,-0.004168462639460607,0.12772565096955485
normal_qq,UCR::UCR_S017::2025-07-20,UCR,UCR::UCR_S017,-0.0013894839696274276,0.1282950528521066
normal_qq,UCR::UCR_S013::2025-07-12,UCR,UCR::UCR_S013,0.0013894839696275668,0.12893577629781972
normal_qq,UCR::UCR_S005::2025-06-26,UCR,UCR::UCR_S005,0.004168462639460747,0.12926704799639366
normal_qq,UCR::UCR_S019::2025-07-23,UCR,UCR::UCR_S019,0.006947473501608996,0.1299864854370192
normal_qq,UCR::UCR_S001::2025-06-17,UCR,UCR::UCR_S001,0.009726538019549416,0.13124318495957288
normal_qq,TUM::TUM_S003::2024-06-09,TUM,TUM::TUM_S003,0.01250567765965999,0.13405092306222313
normal_qq,THUAS::THUAS_S020::2025-10-10,THUAS,THUAS::THUAS_S020,0.015284913892380476,0.13568639801847177
normal_qq,FUSPCEU::FUSPCEU_S014::2024-11-23,FUSPCEU,FUSPCEU::FUSPCEU_S014,0.018064268193373922,0.13844592525293503
normal_qq,KNUST::KNUST_S006::2024-11-12,KNUST,KNUST::KNUST_S006,0.020843762044688862,0.14589254676574548
normal_qq,KNUST::KNUST_S004::2024-10-30,KNUST,KNUST::KNUST_S004,0.023623416935922455,0.14668143420601776
normal_qq,FUSPCEU::FUSPCEU_S015::2024-11-26,FUSPCEU,FUSPCEU::FUSPCEU_S015,0.02640325436538463,0.15125623861060686
normal_qq,RISE::RISE_S007::2025-04-17,RISE,RISE::RISE_S007,0.02918329584126351,0.1517101141953347
normal_qq,RISE::RISE_S017::2025-10-16,RISE,RISE::RISE_S017,0.031963562882792146,0.15206364365904498
normal_qq,BAUA::BAUA_S013::2025-07-21,BAUA,BAUA::BAUA_S013,0.03474407702141721,0.1555529705273678
normal_qq,IZTECH::IZTECH_S017::2025-05-27,IZTECH,IZTECH::IZTECH_S017,0.03752485980196785,0.15703841391246062
normal_qq,IZTECH::IZTECH_S011::2025-04-19,IZTECH,IZTECH::IZTECH_S011,0.040305932783829324,0.15785974204645184
normal_qq,IZTECH::IZTECH_S015::2025-05-03,IZTECH,IZTECH::IZTECH_S015,0.04308731754211583,0.15795708413726806
normal_qq,TUM::TUM_S001::2024-05-18,TUM,TUM::TUM_S001,0.04586903566884706,0.16191452981329504
normal_qq,KNUST::KNUST_S004::2024-11-01,KNUST,KNUST::KNUST_S004,0.04865110877412662,0.16480013116699993
normal_qq,UCR::UCR_S006::2025-06-26,UCR,UCR::UCR_S006,0.05143355848732328,0.16495621658701917
normal_qq,UCR::UCR_S011::2025-07-10,UCR,UCR::UCR_S011,0.05421640645825473,0.16584796891509115
normal_qq,IZTECH::IZTECH_S003::2025-01-09,IZTECH,IZTECH::IZTECH_S003,0.05699967435837431,0.16724205218530874
normal_qq,BAUA::BAUA_S022::2025-09-25,BAUA,BAUA::BAUA_S022,0.05978338388196073,0.16822598124870364
normal_qq,IZTECH::IZTECH_S001::2024-12-29,IZTECH,IZTECH::IZTECH_S001,0.06256755674731115,0.1685039571560518
normal_qq,UCR::UCR_S040::2025-09-01,UCR,UCR::UCR_S040,0.06535221469793746,0.1705103245013953
normal_qq,THUAS::THUAS_S005::2025-03-29,THUAS,THUAS::THUAS_S005,0.06813737950376661,0.1711805877923727
normal_qq,BAUA::BAUA_S025::2025-10-19,BAUA,BAUA::BAUA_S025,0.07092307296234307,0.17430026539500035
normal_qq,IZTECH::IZTECH_S016::2025-05-07,IZTECH,IZTECH::IZTECH_S016,0.07370931690003822,0.174970594156541
normal_qq,UCR::UCR_S020::2025-07-24,UCR,UCR::UCR_S020,0.07649613317326087,0.17738633696266778
normal_qq,RISE::RISE_S017::2025-10-14,RISE,RISE::RISE_S017,0.07928354366967352,0.18133662741856404
normal_qq,KNUST::KNUST_S011::2024-12-20,KNUST,KNUST::KNUST_S011,0.0820715703094127,0.18435897217289648
normal_qq,KNUST::KNUST_S004::2024-10-29,KNUST,KNUST::KNUST_S004,0.08486023504631411,0.18524348017249634
normal_qq,UCR::UCR_S021::2025-07-25,UCR,UCR::UCR_S021,0.08764955986914244,0.1853726372649126
normal_qq,RISE::RISE_S005::2025-04-04,RISE,RISE::RISE_S005,0.09043956680282601,0.18656198107489616
normal_qq,RISE::RISE_S017::2025-10-19,RISE,RISE::RISE_S017,0.09323027790969701,0.188488059461839
normal_qq,FUSPCEU::FUSPCEU_S023::2025-01-31,FUSPCEU,FUSPCEU::FUSPCEU_S023,0.0960217152907366,0.18967774070609486
normal_qq,KNUST::KNUST_S013::2025-01-16,KNUST,KNUST::KNUST_S013,0.09881390108682596,0.19001189859508438
normal_qq,KNUST::KNUST_S002::2024-10-16,KNUST,KNUST::KNUST_S002,0.10160685748000273,0.19374641212442964
normal_qq,KNUST::KNUST_S012::2025-01-11,KNUST,KNUST::KNUST_S012,0.10440060669472397,0.20092671156361167
normal_qq,RISE::RISE_S008::2025-05-03,RISE,RISE::RISE_S008,0.1071951709991334,0.20229062315778593
normal_qq,UCR::UCR_S015::2025-07-15,UCR,UCR::UCR_S015,0.10999057270633822,0.20645833535642108
normal_qq,RISE::RISE_S010::2025-06-11,RISE,RISE::RISE_S010,0.11278683417568923,0.21030557095719632
normal_qq,UCR::UCR_S017::2025-07-15,UCR,UCR::UCR_S017,0.11558397781406923,0.2157966541338571
normal_qq,BAUA::BAUA_S002::2025-06-12,BAUA,BAUA::BAUA_S002,0.11838202607718792,0.21664519376356597
normal_qq,TUM::TUM_S005::2024-06-22,TUM,TUM::TUM_S005,0.12118100147088402,0.21718121286152206
normal_qq,FUSPCEU::FUSPCEU_S007::2024-10-25,FUSPCEU,FUSPCEU::FUSPCEU_S007,0.12398092655243449,0.21718515319791248
normal_qq,KNUST::KNUST_S012::2025-01-07,KNUST,KNUST::KNUST_S012,0.12678182393187135,0.21826602525266767
normal_qq,UCR::UCR_S011::2025-07-12,UCR,UCR::UCR_S011,0.12958371627330617,0.22232651163016523
normal_qq,UCR::UCR_S034::2025-08-31,UCR,UCR::UCR_S034,0.13238662629626247,0.22246458729255203
normal_qq,IZTECH::IZTECH_S015::2025-04-29,IZTECH,IZTECH::IZTECH_S015,0.1351905767770161,0.2264234370867069
normal_qq,IZTECH::IZTECH_S006::2025-02-18,IZTECH,IZTECH::IZTECH_S006,0.1379955905499445,0.22866628897760344
normal_qq,IZTECH::IZTECH_S017::2025-05-28,IZTECH,IZTECH::IZTECH_S017,0.14080169050888267,0.23096681366875363
normal_qq,TUM::TUM_S004::2024-06-16,TUM,TUM::TUM_S004,0.1436088996084911,0.23099820115433206
normal_qq,UCR::UCR_S038::2025-08-27,UCR,UCR::UCR_S038,0.14641724086562974,0.23359657302387635
normal_qq,RISE::RISE_S014::2025-10-09,RISE,RISE::RISE_S014,0.1492267373607424,0.2345820376162834
normal_qq,BAUA::BAUA_S009::2025-06-28,BAUA,BAUA::BAUA_S009,0.1520374122392504,0.23593186084174414
normal_qq,THUAS::THUAS_S020::2025-10-09,THUAS,THUAS::THUAS_S020,0.15484928871295595,0.2376700630081614
normal_qq,UCR::UCR_S004::2025-06-25,UCR,UCR::UCR_S004,0.1576623900614552,0.23914590666734933
normal_qq,UCR::UCR_S035::2025-08-30,UCR,UCR::UCR_S035,0.16047673963356157,0.23996655599188715
normal_qq,IZTECH::IZTECH_S004::2025-01-22,IZTECH,IZTECH::IZTECH_S004,0.1632923608487394,0.24235488950996498
normal_qq,UCR::UCR_S027::2025-08-10,UCR,UCR::UCR_S027,0.16610927719854807,0.2512072973713686
normal_qq,UCR::UCR_S028::2025-08-17,UCR,UCR::UCR_S028,0.168927512248097,0.25189454053791377
normal_qq,RISE::RISE_S010::2025-06-14,RISE,RISE::RISE_S010,0.1717470896375119,0.2565980164433688
normal_qq,RISE::RISE_S014::2025-10-07,RISE,RISE::RISE_S014,0.17456803308341123,0.2591257940995505
normal_qq,TUM::TUM_S008::2024-07-09,TUM,TUM::TUM_S008,0.17739036638039668,0.25947056420921577
normal_qq,TUM::TUM_S003::2024-06-06,TUM,TUM::TUM_S003,0.18021411340255283,0.2600140475126894
normal_qq,RISE::RISE_S016::2025-10-08,RISE,RISE::RISE_S016,0.1830392981049601,0.2683498583444868
normal_qq,UCR::UCR_S030::2025-08-15,UCR,UCR::UCR_S030,0.1858659445252203,0.26885609170039626
normal_qq,THUAS::THUAS_S005::2025-03-27,THUAS,THUAS::THUAS_S005,0.18869407678499386,0.27155673071663644
normal_qq,IZTECH::IZTECH_S016::2025-05-06,IZTECH,IZTECH::IZTECH_S016,0.19152371909155103,0.2738897987883831
normal_qq,FUSPCEU::FUSPCEU_S014::2024-11-24,FUSPCEU,FUSPCEU::FUSPCEU_S014,0.19435489573933518,0.2746990516675477
normal_qq,FUSPCEU::FUSPCEU_S006::2024-10-15,FUSPCEU,FUSPCEU::FUSPCEU_S006,0.19718763111154014,0.27952662787638954
normal_qq,IZTECH::IZTECH_S003::2025-01-07,IZTECH,IZTECH::IZTECH_S003,0.2000219496817014,0.2837238566020602
normal_qq,BAUA::BAUA_S022::2025-09-27,BAUA,BAUA::BAUA_S022,0.20285787601530034,0.2840645000953845
normal_qq,IZTECH::IZTECH_S002::2025-01-07,IZTECH,IZTECH::IZTECH_S002,0.20569543477138444,0.2853578056782898
normal_qq,THUAS::THUAS_S019::2025-10-02,THUAS,THUAS::THUAS_S019,0.2085346507041993,0.2861994987589059
normal_qq,RISE::RISE_S012::2025-06-11,RISE,RISE::RISE_S012,0.211375548664839,0.28797144012196957
normal_qq,UCR::UCR_S023::2025-07-29,UCR,UCR::UCR_S023,0.2142181536029091,0.28913215283044685
normal_qq,RISE::RISE_S005::2025-04-02,RISE,RISE::RISE_S005,0.21706249056820556,0.289396741468599
normal_qq,IZTECH::IZTECH_S004::2025-01-23,IZTECH,IZTECH::IZTECH_S004,0.2199085847124105,0.29238498006613783
normal_qq,UCR::UCR_S027::2025-08-08,UCR,UCR::UCR_S027,0.22275646129080254,0.292974418518577
normal_qq,UCR::UCR_S008::2025-07-01,UCR,UCR::UCR_S008,0.22560614566398488,0.2947496416958431
normal_qq,FUSPCEU::FUSPCEU_S006::2024-10-19,FUSPCEU,FUSPCEU::FUSPCEU_S006,0.22845766329962933,0.29557676490507917
normal_qq,IZTECH::IZTECH_S017::2025-05-31,IZTECH,IZTECH::IZTECH_S017,0.23131103977423792,0.2976626691966388
normal_qq,THUAS::THUAS_S017::2025-09-12,THUAS,THUAS::THUAS_S017,0.2341663007749215,0.29952633819328
normal_qq,RISE::RISE_S002::2025-03-19,RISE,RISE::RISE_S002,0.23702347210119634,0.3011950385401188
normal_qq,BAUA::BAUA_S017::2025-09-10,BAUA,BAUA::BAUA_S017,0.23988257966679924,0.30262849769537736
normal_qq,BAUA::BAUA_S012::2025-07-17,BAUA,BAUA::BAUA_S012,0.24274364950151933,0.30805507143736993
normal_qq,UCR::UCR_S010::2025-07-11,UCR,UCR::UCR_S010,0.24560670775305196,0.3088519787053267
normal_qq,UCR::UCR_S036::2025-09-01,UCR,UCR::UCR_S036,0.2484717806888683,0.3097179163396935
normal_qq,BAUA::BAUA_S015::2025-07-24,BAUA,BAUA::BAUA_S015,0.2513388946981071,0.31176221450254216
normal_qq,UCR::UCR_S010::2025-07-10,UCR,UCR::UCR_S010,0.2542080762934848,0.31201369399667866
normal_qq,UCR::UCR_S033::2025-08-20,UCR,UCR::UCR_S033,0.25707935211322624,0.3137425490559905
normal_qq,RISE::RISE_S005::2025-04-03,RISE,RISE::RISE_S005,0.2599527489230173,0.31620403209341813
normal_qq,FUSPCEU::FUSPCEU_S013::2024-11-21,FUSPCEU,FUSPCEU::FUSPCEU_S013,0.2628282936179769,0.3166897724515071
normal_qq,FUSPCEU::FUSPCEU_S007::2024-10-24,FUSPCEU,FUSPCEU::FUSPCEU_S007,0.2657060132246519,0.31809565028364467
normal_qq,IZTECH::IZTECH_S011::2025-04-16,IZTECH,IZTECH::IZTECH_S011,0.26858593490303306,0.3212125495589166
normal_qq,THUAS::THUAS_S006::2025-04-02,THUAS,THUAS::THUAS_S006,0.27146808594859373,0.32139467875250044
normal_qq,UCR::UCR_S033::2025-08-21,UCR,UCR::UCR_S033,0.27435249379435156,0.32162940999987727
normal_qq,IZTECH::IZTECH_S003::2025-01-08,IZTECH,IZTECH::IZTECH_S003,0.27723918601295283,0.3217305372953178
normal_qq,UCR::UCR_S014::2025-07-16,UCR,UCR::UCR_S014,0.28012819031878033,0.3227248892249768
normal_qq,KNUST::KNUST_S007::2024-11-21,KNUST,KNUST::KNUST_S007,0.28301953457008716,0.3264343592216901
normal_qq,IZTECH::IZTECH_S004::2025-01-24,IZTECH,IZTECH::IZTECH_S004,0.2859132467711523,0.3283266131682166
normal_qq,BAUA::BAUA_S003::2025-06-12,BAUA,BAUA::BAUA_S003,0.2888093550744634,0.32970532739668756
normal_qq,FUSPCEU::FUSPCEU_S004::2024-10-08,FUSPCEU,FUSPCEU::FUSPCEU_S004,0.29170788778292417,0.33300911828513696
normal_qq,IZTECH::IZTECH_S002::2025-01-10,IZTECH,IZTECH::IZTECH_S002,0.29460887335208724,0.3351655903178147
normal_qq,BAUA::BAUA_S002::2025-06-14,BAUA,BAUA::BAUA_S002,0.2975123403924154,0.3358861528677017
normal_qq,UCR::UCR_S015::2025-07-17,UCR,UCR::UCR_S015,0.3004183176715677,0.34193188548503334
normal_qq,TUM::TUM_S008::2024-07-13,TUM,TUM::TUM_S008,0.3033268341167137,0.3427815555132694
normal_qq,THUAS::THUAS_S018::2025-09-26,THUAS,THUAS::THUAS_S018,0.30623791881687734,0.34424019664723926
normal_qq,UCR::UCR_S029::2025-08-14,UCR,UCR::UCR_S029,0.30915160102530626,0.34781051341791247
normal_qq,UCR::UCR_S003::2025-06-19,UCR,UCR::UCR_S003,0.31206791016187363,0.34924259119572443
normal_qq,FUSPCEU::FUSPCEU_S006::2024-10-17,FUSPCEU,FUSPCEU::FUSPCEU_S006,0.3149868758155063,0.3496482307151094
normal_qq,KNUST::KNUST_S014::2025-01-25,KNUST,KNUST::KNUST_S014,0.317908527746646,0.3534481032969155
normal_qq,UCR::UCR_S026::2025-08-06,UCR,UCR::UCR_S026,0.3208328958897402,0.35519277331003085
normal_qq,FUSPCEU::FUSPCEU_S007::2024-10-27,FUSPCEU,FUSPCEU::FUSPCEU_S007,0.3237600103557635,0.3559782071251063
normal_qq,TUM::TUM_S002::2024-06-02,TUM,TUM::TUM_S002,0.32668990143477217,0.3624088615686784
normal_qq,RISE::RISE_S003::2025-03-19,RISE,RISE::RISE_S003,0.32962259959849105,0.36735249997309594
normal_qq,RISE::RISE_S013::2025-06-26,RISE,RISE::RISE_S013,0.33255813550293284,0.36756418722387835
normal_qq,IZTECH::IZTECH_S011::2025-04-18,IZTECH,IZTECH::IZTECH_S011,0.33549653999105233,0.3681565341759719
normal_qq,BAUA::BAUA_S001::2025-06-14,BAUA,BAUA::BAUA_S001,0.33843784409543437,0.36941224104658327
normal_qq,UCR::UCR_S020::2025-07-25,UCR,UCR::UCR_S020,0.3413820790410171,0.3696416749499406
normal_qq,UCR::UCR_S001::2025-06-18,UCR,UCR::UCR_S001,0.34432927624785115,0.3699616801107293
normal_qq,BAUA::BAUA_S023::2025-09-25,BAUA,BAUA::BAUA_S023,0.34727946733389536,0.3710853038568855
normal_qq,TUM::TUM_S007::2024-07-04,TUM,TUM::TUM_S007,0.35023268411784825,0.37290528756645197
normal_qq,IZTECH::IZTECH_S009::2025-03-22,IZTECH,IZTECH::IZTECH_S009,0.35318895862202027,0.3729104050582163
normal_qq,BAUA::BAUA_S012::2025-07-18,BAUA,BAUA::BAUA_S012,0.35614832307524247,0.3779966032175318
normal_qq,BAUA::BAUA_S002::2025-06-11,BAUA,BAUA::BAUA_S002,0.35911080991581396,0.3788924130311961
normal_qq,THUAS::THUAS_S018::2025-09-23,THUAS,THUAS::THUAS_S018,0.36207645179449244,0.3799029846316417
normal_qq,FUSPCEU::FUSPCEU_S023::2025-01-28,FUSPCEU,FUSPCEU::FUSPCEU_S023,0.36504528157752175,0.3799237514501254
normal_qq,BAUA::BAUA_S016::2025-07-24,BAUA,BAUA::BAUA_S016,0.3680173323497043,0.38173978706829464
normal_qq,FUSPCEU::FUSPCEU_S006::2024-10-18,FUSPCEU,FUSPCEU::FUSPCEU_S006,0.37099263741751404,0.38511254276442763
normal_qq,RISE::RISE_S015::2025-10-11,RISE,RISE::RISE_S015,0.37397123031225404,0.38797036457225126
normal_qq,IZTECH::IZTECH_S008::2025-03-04,IZTECH,IZTECH::IZTECH_S008,0.37695314479325637,0.38826804382636376
normal_qq,FUSPCEU::FUSPCEU_S020::2025-01-21,FUSPCEU,FUSPCEU::FUSPCEU_S020,0.3799384148511294,0.3906435319129895
normal_qq,RISE::RISE_S012::2025-06-12,RISE,RISE::RISE_S012,0.3829270747110485,0.3911543904396786
normal_qq,THUAS::THUAS_S010::2025-06-07,THUAS,THUAS::THUAS_S010,0.3859191588360949,0.3976194959499301
normal_qq,FUSPCEU::FUSPCEU_S003::2024-10-08,FUSPCEU,FUSPCEU::FUSPCEU_S003,0.38891470193064265,0.4023473464338428
normal_qq,RISE::RISE_S017::2025-10-18,RISE,RISE::RISE_S017,0.39191373894379233,0.4034535391210633
normal_qq,RISE::RISE_S001::2025-03-06,RISE,RISE::RISE_S001,0.39491630507285586,0.40512349359379585
normal_qq,BAUA::BAUA_S006::2025-06-12,BAUA,BAUA::BAUA_S006,0.3979224357668914,0.40625979499715487
normal_qq,KNUST::KNUST_S015::2025-01-30,KNUST,KNUST::KNUST_S015,0.4009321667302891,0.40645646214722697
normal_qq,THUAS::THUAS_S019::2025-10-06,THUAS,THUAS::THUAS_S019,0.40394553392641097,0.408040582206666
normal_qq,THUAS::THUAS_S016::2025-07-10,THUAS,THUAS::THUAS_S016,0.40696257358128163,0.41151164664990675
normal_qq,BAUA::BAUA_S022::2025-09-24,BAUA,BAUA::BAUA_S022,0.40998332218733663,0.41433736818317085
normal_qq,TUM::TUM_S009::2024-07-20,TUM,TUM::TUM_S009,0.4130078165072245,0.42136537854820133
normal_qq,IZTECH::IZTECH_S001::2024-12-25,IZTECH,IZTECH::IZTECH_S001,0.4160360935776656,0.42401684964462955
normal_qq,BAUA::BAUA_S023::2025-09-27,BAUA,BAUA::BAUA_S023,0.4190681907133702,0.4245443750922292
normal_qq,BAUA::BAUA_S012::2025-07-21,BAUA,BAUA::BAUA_S012,0.42210414551101433,0.4355448628384669
normal_qq,RISE::RISE_S008::2025-05-02,RISE,RISE::RISE_S008,0.4251439958532766,0.4356034193805788
normal_qq,THUAS::THUAS_S007::2025-04-13,THUAS,THUAS::THUAS_S007,0.4281877799129359,0.43754250230336195
normal_qq,UCR::UCR_S034::2025-08-27,UCR,UCR::UCR_S034,0.43123553615703236,0.43964743917361776
normal_qq,UCR::UCR_S001::2025-06-19,UCR,UCR::UCR_S001,0.43428730335109195,0.44355513560078064
normal_qq,UCR::UCR_S026::2025-08-08,UCR,UCR::UCR_S026,0.43734312056341623,0.4441014808815577
normal_qq,IZTECH::IZTECH_S005::2025-01-23,IZTECH,IZTECH::IZTECH_S005,0.44040302716943847,0.449780722631391
normal_qq,KNUST::KNUST_S010::2024-12-14,KNUST,KNUST::KNUST_S010,0.44346706285614884,0.45368851851520103
normal_qq,BAUA::BAUA_S014::2025-07-21,BAUA,BAUA::BAUA_S014,0.4465352676265867,0.45566571617366447
normal_qq,KNUST::KNUST_S001::2024-10-10,KNUST,KNUST::KNUST_S001,0.44960768180440636,0.4583777371386468
normal_qq,FUSPCEU::FUSPCEU_S013::2024-11-20,FUSPCEU,FUSPCEU::FUSPCEU_S013,0.4526843460385122,0.4609072966827056
normal_qq,UCR::UCR_S004::2025-06-26,UCR,UCR::UCR_S004,0.4557653013077695,0.46307714843940495
normal_qq,RISE::RISE_S006::2025-04-15,RISE,RISE::RISE_S006,0.4588505889257889,0.4641250755043295
normal_qq,BAUA::BAUA_S005::2025-06-13,BAUA,BAUA::BAUA_S005,0.4619402505457889,0.46461690709658043
normal_qq,KNUST::KNUST_S008::2024-11-28,KNUST,KNUST::KNUST_S008,0.4650343281655361,0.46475368970442077
normal_qq,UCR::UCR_S006::2025-06-24,UCR,UCR::UCR_S006,0.4681328641323639,0.46897997965463273
normal_qq,BAUA::BAUA_S003::2025-06-11,BAUA,BAUA::BAUA_S003,0.47123590114827535,0.4714295270925866
normal_qq,RISE::RISE_S003::2025-03-21,RISE,RISE::RISE_S003,0.47434348227512707,0.4714478498176647
normal_qq,RISE::RISE_S008::2025-05-04,RISE,RISE::RISE_S008,0.47745565093990017,0.4716684004060275
normal_qq,UCR::UCR_S010::2025-07-09,UCR,UCR::UCR_S010,0.4805724509400544,0.4726411352189151
normal_qq,KNUST::KNUST_S006::2024-11-14,KNUST,KNUST::KNUST_S006,0.48369392644897613,0.4769219709357246
normal_qq,IZTECH::IZTECH_S008::2025-03-06,IZTECH,IZTECH::IZTECH_S008,0.4868201220215112,0.4775945298696611
normal_qq,FUSPCEU::FUSPCEU_S016::2024-11-26,FUSPCEU,FUSPCEU::FUSPCEU_S016,0.4899510825995951,0.4780391901878211
normal_qq,BAUA::BAUA_S004::2025-06-12,BAUA,BAUA::BAUA_S004,0.4930868535179728,0.47898192748431206
normal_qq,RISE::RISE_S002::2025-03-20,RISE,RISE::RISE_S002,0.49622748051002047,0.48304346620085414
normal_qq,RISE::RISE_S007::2025-04-16,RISE,RISE::RISE_S007,0.49937300971365856,0.4922007046309618
normal_qq,FUSPCEU::FUSPCEU_S015::2024-11-28,FUSPCEU,FUSPCEU::FUSPCEU_S015,0.5025234876773725,0.49263921208150707
normal_qq,THUAS::THUAS_S005::2025-03-26,THUAS,THUAS::THUAS_S005,0.5056789613663314,0.497565612360254
normal_qq,UCR::UCR_S009::2025-07-03,UCR,UCR::UCR_S009,0.5088394781686127,0.4986711201181409
normal_qq,RISE::RISE_S013::2025-06-25,RISE,RISE::RISE_S013,0.5120050859015352,0.5031245248759334
normal_qq,IZTECH::IZTECH_S002::2025-01-08,IZTECH,IZTECH::IZTECH_S002,0.5151758328181003,0.5067942790652081
normal_qq,TUM::TUM_S006::2024-06-25,TUM,TUM::TUM_S006,0.5183517676135446,0.5103806915002249
normal_qq,IZTECH::IZTECH_S017::2025-05-30,IZTECH,IZTECH::IZTECH_S017,0.5215329394320088,0.5115963201610981
normal_qq,UCR::UCR_S029::2025-08-13,UCR,UCR::UCR_S029,0.524719397873322,0.5134517960843454
normal_qq,KNUST::KNUST_S015::2025-01-28,KNUST,KNUST::KNUST_S015,0.5279111929999043,0.514578657215354
normal_qq,BAUA::BAUA_S004::2025-06-11,BAUA,BAUA::BAUA_S004,0.5311083753437946,0.519304888965688
normal_qq,THUAS::THUAS_S019::2025-10-01,THUAS,THUAS::THUAS_S019,0.5343109959138,0.5267263636132893
normal_qq,UCR::UCR_S028::2025-08-12,UCR,UCR::UCR_S028,0.5375191062027732,0.5281731757687044
normal_qq,BAUA::BAUA_S015::2025-07-25,BAUA,BAUA::BAUA_S015,0.5407327581950218,0.5327434894949057
normal_qq,IZTECH::IZTECH_S003::2025-01-10,IZTECH,IZTECH::IZTECH_S003,0.5439520043738504,0.5374882575339883
normal_qq,KNUST::KNUST_S010::2024-12-13,KNUST,KNUST::KNUST_S010,0.5471768977292367,0.5382488781503066
normal_qq,RISE::RISE_S006::2025-04-18,RISE,RISE::RISE_S006,0.5504074917656492,0.5404473774598705
normal_qq,UCR::UCR_S031::2025-08-23,UCR,UCR::UCR_S031,0.5536438405100073,0.541655849775739
normal_qq,RISE::RISE_S002::2025-03-18,RISE,RISE::RISE_S002,0.5568859985197854,0.5473875380755087
normal_qq,THUAS::THUAS_S003::2025-03-20,THUAS,THUAS::THUAS_S003,0.5601340208912676,0.5494697997656307
normal_qq,IZTECH::IZTECH_S004::2025-01-26,IZTECH,IZTECH::IZTECH_S004,0.5633879632679537,0.5547652429941821
normal_qq,IZTECH::IZTECH_S014::2025-05-01,IZTECH,IZTECH::IZTECH_S014,0.5666478818491216,0.5558958833124621
normal_qq,RISE::RISE_S009::2025-05-31,RISE,RISE::RISE_S009,0.5699138333985487,0.5607210114541323
normal_qq,THUAS::THUAS_S007::2025-04-08,THUAS,THUAS::THUAS_S007,0.5731858752533984,0.5626441181795647
normal_qq,FUSPCEU::FUSPCEU_S019::2024-12-13,FUSPCEU,FUSPCEU::FUSPCEU_S019,0.5764640653332688,0.5654049435283677
normal_qq,IZTECH::IZTECH_S011::2025-04-15,IZTECH,IZTECH::IZTECH_S011,0.5797484621494179,0.5682977027529672
normal_qq,UCR::UCR_S032::2025-08-20,UCR,UCR::UCR_S032,0.5830391248141603,0.5703960313468818
normal_qq,UCR::UCR_S016::2025-07-16,UCR,UCR::UCR_S016,0.5863361130504435,0.5727526333726317
normal_qq,BAUA::BAUA_S009::2025-06-30,BAUA,BAUA::BAUA_S009,0.5896394872016061,0.5745131380759246
normal_qq,UCR::UCR_S013::2025-07-10,UCR,UCR::UCR_S013,0.5929493082413261,0.5778566923344907
normal_qq,IZTECH::IZTECH_S005::2025-01-24,IZTECH,IZTECH::IZTECH_S005,0.5962656377837589,0.5805663410002991
normal_qq,TUM::TUM_S004::2024-06-12,TUM,TUM::TUM_S004,0.599588538093872,0.5838327014370421
normal_qq,UCR::UCR_S027::2025-08-06,UCR,UCR::UCR_S027,0.6029180720979823,0.5884708577733319
normal_qq,BAUA::BAUA_S014::2025-07-17,BAUA,BAUA::BAUA_S014,0.6062543033944968,0.5903667796735148
normal_qq,THUAS::THUAS_S017::2025-09-11,THUAS,THUAS::THUAS_S017,0.6095972962648666,0.5926186434217163
normal_qq,FUSPCEU::FUSPCEU_S007::2024-10-22,FUSPCEU,FUSPCEU::FUSPCEU_S007,0.6129471156847561,0.5944757898317036
normal_qq,RISE::RISE_S001::2025-03-04,RISE,RISE::RISE_S001,0.616303827335432,0.5971893014343
normal_qq,UCR::UCR_S004::2025-06-24,UCR,UCR::UCR_S004,0.6196674976153826,0.5985017271227808
normal_qq,UCR::UCR_S020::2025-07-26,UCR,UCR::UCR_S020,0.6230381936521651,0.6021626979744762
normal_qq,THUAS::THUAS_S020::2025-10-08,THUAS,THUAS::THUAS_S020,0.626415983314493,0.6027574467676657
normal_qq,IZTECH::IZTECH_S002::2025-01-09,IZTECH,IZTECH::IZTECH_S002,0.6298009352245679,0.6043881214122212
normal_qq,BAUA::BAUA_S018::2025-09-09,BAUA,BAUA::BAUA_S018,0.6331931187706588,0.6066373892375311
normal_qq,FUSPCEU::FUSPCEU_S007::2024-10-26,FUSPCEU,FUSPCEU::FUSPCEU_S007,0.6365926041199401,0.6130481899182105
normal_qq,FUSPCEU::FUSPCEU_S006::2024-10-16,FUSPCEU,FUSPCEU::FUSPCEU_S006,0.6399994622315899,0.6236374318619358
normal_qq,UCR::UCR_S035::2025-08-29,UCR,UCR::UCR_S035,0.643413764870158,0.625822233435173
normal_qq,UCR::UCR_S023::2025-08-01,UCR,UCR::UCR_S023,0.6468355846192113,0.6294743652681214
normal_qq,BAUA::BAUA_S013::2025-07-18,BAUA,BAUA::BAUA_S013,0.6502649948952584,0.6361313405868165
normal_qq,FUSPCEU::FUSPCEU_S010::2024-11-07,FUSPCEU,FUSPCEU::FUSPCEU_S010,0.6537020699619672,0.6379210904431342
normal_qq,KNUST::KNUST_S004::2024-10-31,KNUST,KNUST::KNUST_S004,0.6571468849446788,0.6428237041032614
normal_qq,BAUA::BAUA_S025::2025-10-15,BAUA,BAUA::BAUA_S025,0.6605995158452265,0.6428374346913537
normal_qq,TUM::TUM_S009::2024-07-17,TUM,TUM::TUM_S009,0.6640600395570672,0.6435397602214448
normal_qq,BAUA::BAUA_S006::2025-06-13,BAUA,BAUA::BAUA_S006,0.6675285338807329,0.6440030434091628
normal_qq,UCR::UCR_S026::2025-08-09,UCR,UCR::UCR_S026,0.6710050775396155,0.6474334197240248
normal_qq,THUAS::THUAS_S011::2025-05-13,THUAS,THUAS::THUAS_S011,0.6744897501960817,0.6485424739654096
normal_qq,UCR::UCR_S021::2025-07-23,UCR,UCR::UCR_S021,0.6779826324679435,0.649239806163464
normal_qq,TUM::TUM_S004::2024-06-13,TUM,TUM::TUM_S004,0.6814838059452771,0.6498655088265325
normal_qq,TUM::TUM_S003::2024-06-04,TUM,TUM::TUM_S003,0.6849933532076103,0.651528015489788
normal_qq,FUSPCEU::FUSPCEU_S025::2025-02-06,FUSPCEU,FUSPCEU::FUSPCEU_S025,0.6885113578414854,0.6520227388428088
normal_qq,THUAS::THUAS_S018::2025-09-24,THUAS,THUAS::THUAS_S018,0.6920379044584044,0.6549073804589828
normal_qq,TUM::TUM_S001::2024-05-15,TUM,TUM::TUM_S001,0.6955730787131709,0.663786043656849
normal_qq,FUSPCEU::FUSPCEU_S013::2024-11-22,FUSPCEU,FUSPCEU::FUSPCEU_S013,0.6991169673226373,0.6678743902053987
normal_qq,UCR::UCR_S032::2025-08-22,UCR,UCR::UCR_S032,0.7026696580848686,0.6686372479928706
normal_qq,UCR::UCR_S037::2025-08-30,UCR,UCR::UCR_S037,0.7062312398987347,0.670074077403117
normal_qq,UCR::UCR_S009::2025-07-01,UCR,UCR::UCR_S009,0.7098018027839411,0.6702768797841224
normal_qq,RISE::RISE_S013::2025-06-29,RISE,RISE::RISE_S013,0.7133814379015124,0.6723362330397019
normal_qq,KNUST::KNUST_S006::2024-11-15,KNUST,KNUST::KNUST_S006,0.7169702375747391,0.6726037701575007
normal_qq,THUAS::THUAS_S019::2025-09-30,THUAS,THUAS::THUAS_S019,0.7205682953106023,0.6739174670808886
normal_qq,UCR::UCR_S032::2025-08-19,UCR,UCR::UCR_S032,0.7241757058216858,0.6760734230708308
normal_qq,TUM::TUM_S009::2024-07-16,TUM,TUM::TUM_S009,0.7277925650485974,0.6777265586694496
normal_qq,IZTECH::IZTECH_S011::2025-04-17,IZTECH,IZTECH::IZTECH_S011,0.7314189701829009,0.6794310642113824
normal_qq,BAUA::BAUA_S017::2025-09-14,BAUA,BAUA::BAUA_S017,0.7350550196905872,0.6836482388400084
normal_qq,THUAS::THUAS_S020::2025-10-07,THUAS,THUAS::THUAS_S020,0.7387008133360884,0.6859653203830203
normal_qq,IZTECH::IZTECH_S005::2025-01-21,IZTECH,IZTECH::IZTECH_S005,0.7423564522068581,0.6905687018987033
normal_qq,THUAS::THUAS_S014::2025-07-08,THUAS,THUAS::THUAS_S014,0.7460220387385275,0.6953076970007217
normal_qq,UCR::UCR_S023::2025-07-30,UCR,UCR::UCR_S023,0.7496976767406606,0.6996517348502713
normal_qq,RISE::RISE_S014::2025-10-10,RISE,RISE::RISE_S014,0.7533834714231219,0.7008626370512004
normal_qq,IZTECH::IZTECH_S014::2025-04-30,IZTECH,IZTECH::IZTECH_S014,0.7570795294230719,0.7028045885632151
normal_qq,UCR::UCR_S022::2025-08-01,UCR,UCR::UCR_S022,0.7607859588326148,0.7078306793276453
normal_qq,THUAS::THUAS_S014::2025-07-09,THUAS,THUAS::THUAS_S014,0.7645028692271145,0.7106435749949953
normal_qq,KNUST::KNUST_S012::2025-01-12,KNUST,KNUST::KNUST_S012,0.7682303716941944,0.7122164549701352
normal_qq,THUAS::THUAS_S011::2025-05-14,THUAS,THUAS::THUAS_S011,0.7719685788634507,0.7123985987913026
normal_qq,UCR::UCR_S006::2025-06-25,UCR,UCR::UCR_S006,0.7757176049368915,0.7172296128082554
normal_qq,UCR::UCR_S038::2025-08-28,UCR,UCR::UCR_S038,0.7794775657201256,0.7189470495168723
normal_qq,THUAS::THUAS_S018::2025-09-29,THUAS,THUAS::THUAS_S018,0.7832485786543301,0.7203114439094607
normal_qq,KNUST::KNUST_S012::2025-01-08,KNUST,KNUST::KNUST_S012,0.7870307628490074,0.7206116027670333
normal_qq,UCR::UCR_S037::2025-08-29,UCR,UCR::UCR_S037,0.7908242391155698,0.7287494116514146
normal_qq,TUM::TUM_S006::2024-06-28,TUM,TUM::TUM_S006,0.7946291300017662,0.7288498347597406
normal_qq,BAUA::BAUA_S004::2025-06-16,BAUA,BAUA::BAUA_S004,0.7984455598269812,0.7330262925516341
normal_qq,RISE::RISE_S014::2025-10-08,RISE,RISE::RISE_S014,0.8022736547184345,0.7341573826664926
normal_qq,UCR::UCR_S026::2025-08-07,UCR,UCR::UCR_S026,0.8061135426483041,0.7387417284077624
normal_qq,IZTECH::IZTECH_S001::2024-12-27,IZTECH,IZTECH::IZTECH_S001,0.8099653534718073,0.74261674912351
normal_qq,IZTECH::IZTECH_S007::2025-02-27,IZTECH,IZTECH::IZTECH_S007,0.8138292189662659,0.7434313875342827
normal_qq,FUSPCEU::FUSPCEU_S012::2024-12-03,FUSPCEU,FUSPCEU::FUSPCEU_S012,0.8177052728711871,0.7487022819380718
normal_qq,UCR::UCR_S035::2025-08-27,UCR,UCR::UCR_S035,0.821593650929394,0.7497751536229118
normal_qq,FUSPCEU::FUSPCEU_S022::2025-01-31,FUSPCEU,FUSPCEU::FUSPCEU_S022,0.8254944909292357,0.7505248279249593
normal_qq,FUSPCEU::FUSPCEU_S014::2024-11-22,FUSPCEU,FUSPCEU::FUSPCEU_S014,0.8294079327479174,0.7506278336653062
normal_qq,RISE::RISE_S012::2025-06-13,RISE,RISE::RISE_S012,0.8333341183959787,0.7538929918320836
normal_qq,THUAS::THUAS_S014::2025-07-12,THUAS,THUAS::THUAS_S014,0.8372731920629604,0.7546916001858172
normal_qq,FUSPCEU::FUSPCEU_S003::2024-10-09,FUSPCEU,FUSPCEU::FUSPCEU_S003,0.8412253001643063,0.7579856168472477
normal_qq,BAUA::BAUA_S005::2025-06-14,BAUA,BAUA::BAUA_S005,0.8451905913895246,0.7605177478391838
normal_qq,THUAS::THUAS_S011::2025-05-17,THUAS,THUAS::THUAS_S011,0.8491692167516647,0.7617153622510169
normal_qq,BAUA::BAUA_S024::2025-10-18,BAUA,BAUA::BAUA_S024,0.8531613296381441,0.763174170117695
normal_qq,THUAS::THUAS_S010::2025-06-09,THUAS,THUAS::THUAS_S010,0.8571670858629747,0.7703535607365486
normal_qq,FUSPCEU::FUSPCEU_S023::2025-01-29,FUSPCEU,FUSPCEU::FUSPCEU_S023,0.861186643720434,0.773998113178732
normal_qq,IZTECH::IZTECH_S012::2025-04-25,IZTECH,IZTECH::IZTECH_S012,0.8652201640402274,0.7749290471981619
normal_qq,IZTECH::IZTECH_S012::2025-04-23,IZTECH,IZTECH::IZTECH_S012,0.8692678102441974,0.7787744944899013
normal_qq,UCR::UCR_S032::2025-08-21,UCR,UCR::UCR_S032,0.873329748404626,0.7793099769662314
normal_qq,UCR::UCR_S019::2025-07-25,UCR,UCR::UCR_S019,0.8774061473041901,0.7874776222453496
normal_qq,UCR::UCR_S027::2025-08-07,UCR,UCR::UCR_S027,0.8814971784976235,0.7933533316409835
normal_qq,FUSPCEU::FUSPCEU_S014::2024-11-21,FUSPCEU,FUSPCEU::FUSPCEU_S014,0.885603016375144,0.799452111737451
normal_qq,BAUA::BAUA_S022::2025-09-26,BAUA,BAUA::BAUA_S022,0.8897238382277125,0.8087053177378836
normal_qq,KNUST::KNUST_S015::2025-01-31,KNUST,KNUST::KNUST_S015,0.8938598243141798,0.8117992498631864
normal_qq,KNUST::KNUST_S010::2024-12-12,KNUST,KNUST::KNUST_S010,0.8980111579303955,0.8148055555153401
normal_qq,KNUST::KNUST_S013::2025-01-15,KNUST,KNUST::KNUST_S013,0.9021780254803419,0.8178118518563071
normal_qq,UCR::UCR_S030::2025-08-12,UCR,UCR::UCR_S030,0.9063606165493726,0.818074527835813
normal_qq,BAUA::BAUA_S025::2025-10-17,BAUA,BAUA::BAUA_S025,0.9105591239796205,0.819167412938259
normal_qq,RISE::RISE_S003::2025-03-18,RISE,RISE::RISE_S003,0.9147737439476671,0.8209022636712002
normal_qq,KNUST::KNUST_S006::2024-11-17,KNUST,KNUST::KNUST_S006,0.9190046760445426,0.8236268827847336
normal_qq,RISE::RISE_S008::2025-04-30,RISE,RISE::RISE_S008,0.9232521233581494,0.8274727456372557
normal_qq,UCR::UCR_S039::2025-08-29,UCR,UCR::UCR_S039,0.9275162925581962,0.8290854621756465
normal_qq,UCR::UCR_S038::2025-08-30,UCR,UCR::UCR_S038,0.9317973939837352,0.8306766044384043
normal_qq,RISE::RISE_S003::2025-03-20,RISE,RISE::RISE_S003,0.9360956417333983,0.838851990310028
normal_qq,FUSPCEU::FUSPCEU_S015::2024-11-27,FUSPCEU,FUSPCEU::FUSPCEU_S015,0.940411253758435,0.8429477427530415
normal_qq,UCR::UCR_S039::2025-08-30,UCR,UCR::UCR_S039,0.9447444519586612,0.8436927784286425
normal_qq,UCR::UCR_S023::2025-07-31,UCR,UCR::UCR_S023,0.949095462281417,0.8446946064694195
normal_qq,TUM::TUM_S010::2024-07-25,TUM,TUM::TUM_S010,0.9534645148236647,0.8459316630305698
normal_qq,TUM::TUM_S001::2024-05-16,TUM,TUM::TUM_S001,0.9578518439373371,0.852651168510816
normal_qq,FUSPCEU::FUSPCEU_S013::2024-11-19,FUSPCEU,FUSPCEU::FUSPCEU_S013,0.9622576883380616,0.8548945834161283
normal_qq,BAUA::BAUA_S013::2025-07-20,BAUA,BAUA::BAUA_S013,0.9666822912173999,0.8571942857089486
normal_qq,FUSPCEU::FUSPCEU_S009::2024-11-06,FUSPCEU,FUSPCEU::FUSPCEU_S009,0.9711259003587317,0.8608169125440254
normal_qq,IZTECH::IZTECH_S006::2025-02-19,IZTECH,IZTECH::IZTECH_S006,0.975588768256933,0.8613491139056665
normal_qq,RISE::RISE_S007::2025-04-18,RISE,RISE::RISE_S007,0.9800711522419939,0.8629236581047403
normal_qq,UCR::UCR_S036::2025-08-28,UCR,UCR::UCR_S036,0.984573314606742,0.8648087707256583
normal_qq,BAUA::BAUA_S015::2025-07-27,BAUA,BAUA::BAUA_S015,0.9890955227388276,0.8658378147577077
normal_qq,KNUST::KNUST_S002::2024-10-18,KNUST,KNUST::KNUST_S002,0.9936380492571456,0.8663149374864881
normal_qq,BAUA::BAUA_S018::2025-09-11,BAUA,BAUA::BAUA_S018,0.9982011721528864,0.8677223913119908
normal_qq,FUSPCEU::FUSPCEU_S003::2024-10-10,FUSPCEU,FUSPCEU::FUSPCEU_S003,1.0027851749353869,0.8846800818694042
normal_qq,KNUST::KNUST_S006::2024-11-16,KNUST,KNUST::KNUST_S006,1.007390346782998,0.8864610848242317
normal_qq,UCR::UCR_S034::2025-08-29,UCR,UCR::UCR_S034,1.0120169826991656,0.8900222195978906
normal_qq,RISE::RISE_S004::2025-03-29,RISE,RISE::RISE_S004,1.016665383673953,0.8906874726175374
normal_qq,THUAS::THUAS_S002::2025-03-04,THUAS,THUAS::THUAS_S002,1.0213358568512303,0.8949272797507095
normal_qq,FUSPCEU::FUSPCEU_S025::2025-02-05,FUSPCEU,FUSPCEU::FUSPCEU_S025,1.0260287157017725,0.9015383020834756
normal_qq,BAUA::BAUA_S001::2025-06-13,BAUA,BAUA::BAUA_S001,1.0307442802025202,0.9038837211078675
normal_qq,TUM::TUM_S001::2024-05-19,TUM,TUM::TUM_S001,1.0354828770222735,0.9065130303406523
normal_qq,KNUST::KNUST_S008::2024-11-29,KNUST,KNUST::KNUST_S008,1.0402448397140927,0.9093581728642947
normal_qq,UCR::UCR_S040::2025-09-04,UCR,UCR::UCR_S040,1.0450305089147047,0.9108557840869256
normal_qq,THUAS::THUAS_S003::2025-03-19,THUAS,THUAS::THUAS_S003,1.0498402325512244,0.9123115765515897
normal_qq,UCR::UCR_S034::2025-08-26,UCR,UCR::UCR_S034,1.0546743660555171,0.9137942970909759
normal_qq,KNUST::KNUST_S004::2024-11-02,KNUST,KNUST::KNUST_S004,1.0595332725865445,0.9188895749529383
normal_qq,FUSPCEU::FUSPCEU_S022::2025-01-29,FUSPCEU,FUSPCEU::FUSPCEU_S022,1.064417323261056,0.919454956193232
normal_qq,KNUST::KNUST_S012::2025-01-10,KNUST,KNUST::KNUST_S012,1.069326897393004,0.9272943076860829
normal_qq,BAUA::BAUA_S010::2025-06-28,BAUA,BAUA::BAUA_S010,1.074262382742088,0.9312608192047271
normal_qq,RISE::RISE_S006::2025-04-17,RISE,RISE::RISE_S006,1.0792241757718515,0.9339942574829734
normal_qq,FUSPCEU::FUSPCEU_S009::2024-11-05,FUSPCEU,FUSPCEU::FUSPCEU_S009,1.084212681917766,0.9351000856366222
normal_qq,UCR::UCR_S007::2025-07-04,UCR,UCR::UCR_S007,1.0892283158657912,0.9428322302785876
normal_qq,THUAS::THUAS_S007::2025-04-10,THUAS,THUAS::THUAS_S007,1.0942715018418925,0.9433804095616756
normal_qq,UCR::UCR_S037::2025-09-01,UCR,UCR::UCR_S037,1.0993426739130483,0.9469244240860513
normal_qq,UCR::UCR_S015::2025-07-19,UCR,UCR::UCR_S015,1.1044422763002963,0.9489387502413322
normal_qq,UCR::UCR_S012::2025-07-08,UCR,UCR::UCR_S012,1.1095707637044103,0.950164053217523
normal_qq,IZTECH::IZTECH_S006::2025-02-20,IZTECH,IZTECH::IZTECH_S006,1.1147286016448228,0.9516967908413964
normal_qq,UCR::UCR_S033::2025-08-19,UCR,UCR::UCR_S033,1.1199162668124483,0.9545698189574475
normal_qq,FUSPCEU::FUSPCEU_S019::2024-12-11,FUSPCEU,FUSPCEU::FUSPCEU_S019,1.1251342474371022,0.9590185822361601
normal_qq,FUSPCEU::FUSPCEU_S020::2025-01-22,FUSPCEU,FUSPCEU::FUSPCEU_S020,1.1303830436702484,0.9634387388086916
normal_qq,BAUA::BAUA_S023::2025-09-29,BAUA,BAUA::BAUA_S023,1.1356631679838567,0.9638414432462548
normal_qq,IZTECH::IZTECH_S010::2025-04-19,IZTECH,IZTECH::IZTECH_S010,1.140975145586186,0.96945666812357
normal_qq,IZTECH::IZTECH_S001::2024-12-28,IZTECH,IZTECH::IZTECH_S001,1.1463195148553786,0.9799946738973663
normal_qq,KNUST::KNUST_S001::2024-10-09,KNUST,KNUST::KNUST_S001,1.1516968277917834,0.989367546173735
normal_qq,THUAS::THUAS_S018::2025-09-28,THUAS,THUAS::THUAS_S018,1.1571076504900004,0.9914561544191858
normal_qq,BAUA::BAUA_S024::2025-10-19,BAUA,BAUA::BAUA_S024,1.162552563631684,1.0058857459236714
normal_qq,KNUST::KNUST_S014::2025-01-23,KNUST,KNUST::KNUST_S014,1.1680321630002222,1.0085066094148853
normal_qq,TUM::TUM_S006::2024-06-27,TUM,TUM::TUM_S006,1.173547060018471,1.0113183777785046
normal_qq,RISE::RISE_S001::2025-03-09,RISE,RISE::RISE_S001,1.179097882310803,1.011749862955899
normal_qq,BAUA::BAUA_S002::2025-06-13,BAUA,BAUA::BAUA_S002,1.1846852742908005,1.0166964554087303
normal_qq,FUSPCEU::FUSPCEU_S024::2025-02-04,FUSPCEU,FUSPCEU::FUSPCEU_S024,1.1903098977760262,1.0243144614864232
normal_qq,THUAS::THUAS_S002::2025-03-05,THUAS,THUAS::THUAS_S002,1.1959724326313856,1.024742466546839
normal_qq,UCR::UCR_S018::2025-07-21,UCR,UCR::UCR_S018,1.2016735774426974,1.0264629392419722
normal_qq,UCR::UCR_S022::2025-07-30,UCR,UCR::UCR_S022,1.2074140502222017,1.0307067495802384
normal_qq,FUSPCEU::FUSPCEU_S024::2025-02-05,FUSPCEU,FUSPCEU::FUSPCEU_S024,1.2131945891478528,1.0308961053591186
normal_qq,IZTECH::IZTECH_S010::2025-04-20,IZTECH,IZTECH::IZTECH_S010,1.2190159533383536,1.043544890628132
normal_qq,IZTECH::IZTECH_S007::2025-02-25,IZTECH,IZTECH::IZTECH_S007,1.2248789236660493,1.0574261632898372
normal_qq,UCR::UCR_S018::2025-07-23,UCR,UCR::UCR_S018,1.2307843036099289,1.057558093310754
normal_qq,IZTECH::IZTECH_S013::2025-04-22,IZTECH,IZTECH::IZTECH_S013,1.2367329201511357,1.0739840022617981
normal_qq,FUSPCEU::FUSPCEU_S023::2025-01-30,FUSPCEU,FUSPCEU::FUSPCEU_S023,1.2427256247135758,1.0758622351547211
normal_qq,UCR::UCR_S030::2025-08-14,UCR,UCR::UCR_S030,1.2487632941523925,1.079584747442646
normal_qq,TUM::TUM_S004::2024-06-11,TUM,TUM::TUM_S004,1.2548468317932642,1.0851471105331862
normal_qq,BAUA::BAUA_S001::2025-06-16,BAUA,BAUA::BAUA_S001,1.260977168525715,1.085986838326071
normal_qq,UCR::UCR_S016::2025-07-20,UCR,UCR::UCR_S016,1.2671552639538608,1.0863327179145554
normal_qq,FUSPCEU::FUSPCEU_S020::2025-01-23,FUSPCEU,FUSPCEU::FUSPCEU_S020,1.273382107608261,1.0903089259160634
normal_qq,KNUST::KNUST_S015::2025-01-29,KNUST,KNUST::KNUST_S015,1.2796587202228338,1.0969560919610277
normal_qq,UCR::UCR_S014::2025-07-20,UCR,UCR::UCR_S014,1.2859861550810947,1.1019456455551473
normal_qq,KNUST::KNUST_S003::2024-10-25,KNUST,KNUST::KNUST_S003,1.2923654994362976,1.1085016727203854
normal_qq,FUSPCEU::FUSPCEU_S004::2024-10-11,FUSPCEU,FUSPCEU::FUSPCEU_S004,1.2987978760104337,1.110507758643578
normal_qq,RISE::RISE_S001::2025-03-07,RISE,RISE::RISE_S001,1.3052844445774194,1.128479256793305
normal_qq,UCR::UCR_S021::2025-07-24,UCR,UCR::UCR_S021,1.3118264036362446,1.130247356585472
normal_qq,IZTECH::IZTECH_S009::2025-03-26,IZTECH,IZTECH::IZTECH_S009,1.3184249921803086,1.1307306133946513
normal_qq,FUSPCEU::FUSPCEU_S008::2024-10-24,FUSPCEU,FUSPCEU::FUSPCEU_S008,1.3250814915696933,1.1310035693855078
normal_qq,FUSPCEU::FUSPCEU_S010::2024-11-06,FUSPCEU,FUSPCEU::FUSPCEU_S010,1.3317972275136805,1.1448673063799204
normal_qq,THUAS::THUAS_S006::2025-04-05,THUAS,THUAS::THUAS_S006,1.3385735721714218,1.1495523569580421
normal_qq,FUSPCEU::FUSPCEU_S010::2024-11-05,FUSPCEU,FUSPCEU::FUSPCEU_S010,1.3454119463793677,1.1584357961998089
normal_qq,FUSPCEU::FUSPCEU_S004::2024-10-13,FUSPCEU,FUSPCEU::FUSPCEU_S004,1.3523138220147795,1.1605094692712357
normal_qq,FUSPCEU::FUSPCEU_S024::2025-02-06,FUSPCEU,FUSPCEU::FUSPCEU_S024,1.3592807245054743,1.1618361206116954
normal_qq,UCR::UCR_S031::2025-08-20,UCR,UCR::UCR_S031,1.3663142354968492,1.1741492991965052
normal_qq,THUAS::THUAS_S001::2025-02-23,THUAS,THUAS::THUAS_S001,1.3734159956882168,1.176069024016303
normal_qq,KNUST::KNUST_S003::2024-10-22,KNUST,KNUST::KNUST_S003,1.3805877078515743,1.1768060065769816
normal_qq,UCR::UCR_S013::2025-07-13,UCR,UCR::UCR_S013,1.3878311400471408,1.1802279720778506
normal_qq,UCR::UCR_S002::2025-06-17,UCR,UCR::UCR_S002,1.3951481290513292,1.1854698972034925
normal_qq,UCR::UCR_S029::2025-08-17,UCR,UCR::UCR_S029,1.4025405840142935,1.192679604499121
normal_qq,FUSPCEU::FUSPCEU_S016::2024-11-27,FUSPCEU,FUSPCEU::FUSPCEU_S016,1.4100104903658415,1.1939848830384874
normal_qq,FUSPCEU::FUSPCEU_S011::2024-11-12,FUSPCEU,FUSPCEU::FUSPCEU_S011,1.4175599139903308,1.1945625354453409
normal_qq,UCR::UCR_S040::2025-09-03,UCR,UCR::UCR_S040,1.4251910056931785,1.1964231277025386
normal_qq,UCR::UCR_S011::2025-07-09,UCR,UCR::UCR_S011,1.4329060059838998,1.1973756629064223
normal_qq,FUSPCEU::FUSPCEU_S017::2024-12-03,FUSPCEU,FUSPCEU::FUSPCEU_S017,1.440707250203095,1.2007033734283867
normal_qq,UCR::UCR_S012::2025-07-09,UCR,UCR::UCR_S012,1.4485971740236505,1.2146370173362802
normal_qq,KNUST::KNUST_S013::2025-01-17,KNUST,KNUST::KNUST_S013,1.4565783193595534,1.2200838839802415
normal_qq,UCR::UCR_S031::2025-08-22,UCR,UCR::UCR_S031,1.4646533407192857,1.2216834035039568
normal_qq,BAUA::BAUA_S006::2025-06-16,BAUA,BAUA::BAUA_S006,1.4728250120447386,1.232315607431621
normal_qq,IZTECH::IZTECH_S001::2024-12-30,IZTECH,IZTECH::IZTECH_S001,1.4810962340810643,1.2351626919287761
normal_qq,RISE::RISE_S012::2025-06-14,RISE,RISE::RISE_S012,1.4894700423279401,1.2729276961255407
normal_qq,FUSPCEU::FUSPCEU_S009::2024-11-07,FUSPCEU,FUSPCEU::FUSPCEU_S009,1.497949615628428,1.2835845538822095
normal_qq,UCR::UCR_S013::2025-07-08,UCR,UCR::UCR_S013,1.5065382854580562,1.2942837780312397
normal_qq,KNUST::KNUST_S003::2024-10-23,KNUST,KNUST::KNUST_S003,1.5152395459841026,1.3011924219369173
normal_qq,THUAS::THUAS_S010::2025-06-06,THUAS,THUAS::THUAS_S010,1.524057064973332,1.3023163459403408
normal_qq,BAUA::BAUA_S022::2025-09-28,BAUA,BAUA::BAUA_S022,1.5329946956359604,1.3271223769056557
normal_qq,UCR::UCR_S029::2025-08-15,UCR,UCR::UCR_S029,1.542056489504386,1.3284485021280426
normal_qq,FUSPCEU::FUSPCEU_S008::2024-10-23,FUSPCEU,FUSPCEU::FUSPCEU_S008,1.5512467104576209,1.3332762313738757
normal_qq,FUSPCEU::FUSPCEU_S012::2024-12-04,FUSPCEU,FUSPCEU::FUSPCEU_S012,1.5605698500164984,1.3359544057986426
normal_qq,THUAS::THUAS_S015::2025-07-12,THUAS,THUAS::THUAS_S015,1.570030644051025,1.3380377328593391
normal_qq,IZTECH::IZTECH_S007::2025-02-26,IZTECH,IZTECH::IZTECH_S007,1.5796340910600046,1.341984400469523
normal_qq,UCR::UCR_S013::2025-07-09,UCR,UCR::UCR_S013,1.5893854722047003,1.343611167015082
normal_qq,FUSPCEU::FUSPCEU_S011::2024-11-16,FUSPCEU,FUSPCEU::FUSPCEU_S011,1.599290373303407,1.3468806568323954
normal_qq,THUAS::THUAS_S015::2025-07-08,THUAS,THUAS::THUAS_S015,1.6093547090229041,1.357541334327681
normal_qq,THUAS::THUAS_S001::2025-02-26,THUAS,THUAS::THUAS_S001,1.6195847495367046,1.3727578528377278
normal_qq,RISE::RISE_S007::2025-04-15,RISE,RISE::RISE_S007,1.6299871499596112,1.3751925359618646
normal_qq,FUSPCEU::FUSPCEU_S025::2025-02-04,FUSPCEU,FUSPCEU::FUSPCEU_S025,1.6405689829145362,1.3945264641812205
normal_qq,UCR::UCR_S009::2025-07-02,UCR,UCR::UCR_S009,1.651337774642105,1.4164877533423963
normal_qq,UCR::UCR_S008::2025-07-06,UCR,UCR::UCR_S008,1.662301545127949,1.417217477639261
normal_qq,TUM::TUM_S008::2024-07-14,TUM,TUM::TUM_S008,1.673468852798813,1.430815840678203
normal_qq,RISE::RISE_S008::2025-05-01,RISE,RISE::RISE_S008,1.6848488444291225,1.435765563539404
normal_qq,FUSPCEU::FUSPCEU_S008::2024-10-22,FUSPCEU,FUSPCEU::FUSPCEU_S008,1.6964513110076982,1.442503900743257
normal_qq,TUM::TUM_S002::2024-05-30,TUM,TUM::TUM_S002,1.7082867504436074,1.4585767663795763
normal_qq,TUM::TUM_S005::2024-06-18,TUM,TUM::TUM_S005,1.7203664381457202,1.4667680998428576
normal_qq,BAUA::BAUA_S009::2025-06-25,BAUA,BAUA::BAUA_S009,1.7327025066984219,1.4784621323088851
normal_qq,KNUST::KNUST_S005::2024-11-06,KNUST,KNUST::KNUST_S005,1.7453080360839943,1.4833471589628628
normal_qq,KNUST::KNUST_S009::2024-12-04,KNUST,KNUST::KNUST_S009,1.7581971561802539,1.4874766565481552
normal_qq,FUSPCEU::FUSPCEU_S017::2024-12-04,FUSPCEU,FUSPCEU::FUSPCEU_S017,1.7713851636030142,1.4901874697592536
normal_qq,TUM::TUM_S009::2024-07-18,TUM,TUM::TUM_S009,1.784888655383042,1.5180980927047325
normal_qq,BAUA::BAUA_S001::2025-06-11,BAUA,BAUA::BAUA_S001,1.798725682488082,1.5236948001638502
normal_qq,KNUST::KNUST_S001::2024-10-11,KNUST,KNUST::KNUST_S001,1.8129159268499804,1.5544180081396195
normal_qq,FUSPCEU::FUSPCEU_S005::2024-10-15,FUSPCEU,FUSPCEU::FUSPCEU_S005,1.8274809063721245,1.5561618424832238
normal_qq,UCR::UCR_S015::2025-07-20,UCR,UCR::UCR_S015,1.842444213422356,1.5961637480533533
normal_qq,THUAS::THUAS_S003::2025-03-23,THUAS,THUAS::THUAS_S003,1.8578317936273472,1.6136782848006253
normal_qq,RISE::RISE_S004::2025-03-26,RISE,RISE::RISE_S004,1.8736722734653812,1.6265866550544195
normal_qq,RISE::RISE_S009::2025-05-29,RISE,RISE::RISE_S009,1.8899973473277887,1.631656596914404
normal_qq,UCR::UCR_S025::2025-08-09,UCR,UCR::UCR_S025,1.9068422375536245,1.640977664554452
normal_qq,UCR::UCR_S030::2025-08-13,UCR,UCR::UCR_S030,1.9242462446731876,1.6478124131764988
normal_qq,BAUA::BAUA_S017::2025-09-12,BAUA,BAUA::BAUA_S017,1.9422534100566005,1.6627143698768567
normal_qq,TUM::TUM_S010::2024-07-24,TUM,TUM::TUM_S010,1.9609133198303537,1.664079334490512
normal_qq,TUM::TUM_S010::2024-07-27,TUM,TUM::TUM_S010,1.9802820879887428,1.6689861715422498
normal_qq,THUAS::THUAS_S015::2025-07-10,THUAS,THUAS::THUAS_S015,2.00042356910598,1.6960411144853387
normal_qq,FUSPCEU::FUSPCEU_S012::2024-12-05,FUSPCEU,FUSPCEU::FUSPCEU_S012,2.0214108684708956,1.6996452295222555
normal_qq,UCR::UCR_S016::2025-07-15,UCR,UCR::UCR_S016,2.043328242136349,1.709225220122535
normal_qq,UCR::UCR_S028::2025-08-16,UCR,UCR::UCR_S028,2.0662735148939504,1.712501665869113
normal_qq,KNUST::KNUST_S011::2024-12-18,KNUST,KNUST::KNUST_S011,2.0903611962432427,1.7336242600923868
normal_qq,FUSPCEU::FUSPCEU_S005::2024-10-19,FUSPCEU,FUSPCEU::FUSPCEU_S005,2.1157265522459983,1.7406378601995662
normal_qq,UCR::UCR_S038::2025-08-29,UCR,UCR::UCR_S038,2.1425310100676924,1.7487607145371045
normal_qq,BAUA::BAUA_S006::2025-06-11,BAUA,BAUA::BAUA_S006,2.170969458209122,1.7777361746909768
normal_qq,THUAS::THUAS_S002::2025-03-07,THUAS,THUAS::THUAS_S002,2.201280305143884,1.7963737407863674
normal_qq,BAUA::BAUA_S012::2025-07-20,BAUA,BAUA::BAUA_S012,2.2337596568118414,1.806179455056032
normal_qq,BAUA::BAUA_S014::2025-07-20,BAUA,BAUA::BAUA_S014,2.2687818300973195,1.8252045862635762
normal_qq,UCR::UCR_S010::2025-07-12,UCR,UCR::UCR_S010,2.3068299561478423,1.900832684381065
normal_qq,UCR::UCR_S007::2025-07-01,UCR,UCR::UCR_S007,2.3485433207762183,1.9148647949334228
normal_qq,BAUA::BAUA_S009::2025-06-29,BAUA,BAUA::BAUA_S009,2.3947938597779603,1.9189076528177933
normal_qq,FUSPCEU::FUSPCEU_S017::2024-12-05,FUSPCEU,FUSPCEU::FUSPCEU_S017,2.4468165671115756,1.9464543922545983
normal_qq,FUSPCEU::FUSPCEU_S005::2024-10-18,FUSPCEU,FUSPCEU::FUSPCEU_S005,2.5064473464808863,1.9736327994905087
normal_qq,RISE::RISE_S010::2025-06-12,RISE,RISE::RISE_S010,2.576596774828788,2.0148669678391418
normal_qq,THUAS::THUAS_S007::2025-04-09,THUAS,THUAS::THUAS_S007,2.6623145423831263,2.066081575364061
normal_qq,KNUST::KNUST_S009::2024-12-05,KNUST,KNUST::KNUST_S009,2.773643583595998,2.105686598082511
normal_qq,KNUST::KNUST_S011::2024-12-17,KNUST,KNUST::KNUST_S011,2.9358881378029102,2.1294858951100633
normal_qq,BAUA::BAUA_S015::2025-07-23,BAUA,BAUA::BAUA_S015,3.2613968891664316,2.318972280287627
