frame_id,run_id,metric_id,instrument_id,site,participants,participant_days,observations,derivation_hours
primary__glasses__all_available__m10_midpoint__MCTQ,primary__glasses__all_available,m10_midpoint,MCTQ,RISE,13,78,78,1807.1666666666667
primary__glasses__all_available__m10_midpoint__MCTQ,primary__glasses__all_available,m10_midpoint,MCTQ,THUAS,13,78,78,1796.4166666666667
primary__glasses__all_available__m10_midpoint__MCTQ,primary__glasses__all_available,m10_midpoint,MCTQ,BAUA,18,107,107,2476.3333333333335
primary__glasses__all_available__m10_midpoint__MCTQ,primary__glasses__all_available,m10_midpoint,MCTQ,MPI,26,150,150,3445.133333333333
primary__glasses__all_available__m10_midpoint__MCTQ,primary__glasses__all_available,m10_midpoint,MCTQ,TUM,10,60,60,1374.4833333333333
primary__glasses__all_available__m10_midpoint__MCTQ,primary__glasses__all_available,m10_midpoint,MCTQ,FUSPCEU,22,123,123,2885.85
primary__glasses__all_available__m10_midpoint__MCTQ,primary__glasses__all_available,m10_midpoint,MCTQ,IZTECH,17,101,101,2348.0833333333335
primary__glasses__all_available__m10_midpoint__MCTQ,primary__glasses__all_available,m10_midpoint,MCTQ,UCR,6,32,32,732.2166666666667
primary__glasses__all_available__m10_midpoint__MCTQ,primary__glasses__all_available,m10_midpoint,MCTQ,KNUST,15,81,81,1846
primary__glasses__all_available__m10_midpoint__MEQ,primary__glasses__all_available,m10_midpoint,MEQ,RISE,13,78,78,1807.1666666666667
primary__glasses__all_available__m10_midpoint__MEQ,primary__glasses__all_available,m10_midpoint,MEQ,THUAS,13,78,78,1796.4166666666667
primary__glasses__all_available__m10_midpoint__MEQ,primary__glasses__all_available,m10_midpoint,MEQ,BAUA,18,107,107,2476.3333333333335
primary__glasses__all_available__m10_midpoint__MEQ,primary__glasses__all_available,m10_midpoint,MEQ,MPI,26,150,150,3445.133333333333
primary__glasses__all_available__m10_midpoint__MEQ,primary__glasses__all_available,m10_midpoint,MEQ,TUM,10,60,60,1374.4833333333333
primary__glasses__all_available__m10_midpoint__MEQ,primary__glasses__all_available,m10_midpoint,MEQ,FUSPCEU,23,129,129,3025.1666666666665
primary__glasses__all_available__m10_midpoint__MEQ,primary__glasses__all_available,m10_midpoint,MEQ,IZTECH,17,101,101,2348.0833333333335
primary__glasses__all_available__m10_midpoint__MEQ,primary__glasses__all_available,m10_midpoint,MEQ,UCR,6,32,32,732.2166666666667
primary__glasses__all_available__m10_midpoint__MEQ,primary__glasses__all_available,m10_midpoint,MEQ,KNUST,15,81,81,1846
primary__glasses__all_available__l10_midpoint__MCTQ,primary__glasses__all_available,l10_midpoint,MCTQ,RISE,13,78,78,1807.1666666666667
primary__glasses__all_available__l10_midpoint__MCTQ,primary__glasses__all_available,l10_midpoint,MCTQ,THUAS,13,78,78,1796.4166666666667
primary__glasses__all_available__l10_midpoint__MCTQ,primary__glasses__all_available,l10_midpoint,MCTQ,BAUA,18,107,107,2476.3333333333335
primary__glasses__all_available__l10_midpoint__MCTQ,primary__glasses__all_available,l10_midpoint,MCTQ,MPI,26,150,150,3445.133333333333
primary__glasses__all_available__l10_midpoint__MCTQ,primary__glasses__all_available,l10_midpoint,MCTQ,TUM,10,60,60,1374.4833333333333
primary__glasses__all_available__l10_midpoint__MCTQ,primary__glasses__all_available,l10_midpoint,MCTQ,FUSPCEU,22,123,123,2885.85
primary__glasses__all_available__l10_midpoint__MCTQ,primary__glasses__all_available,l10_midpoint,MCTQ,IZTECH,17,101,101,2348.0833333333335
primary__glasses__all_available__l10_midpoint__MCTQ,primary__glasses__all_available,l10_midpoint,MCTQ,UCR,6,32,32,732.2166666666667
primary__glasses__all_available__l10_midpoint__MCTQ,primary__glasses__all_available,l10_midpoint,MCTQ,KNUST,15,81,81,1846
primary__glasses__all_available__l10_midpoint__MEQ,primary__glasses__all_available,l10_midpoint,MEQ,RISE,13,78,78,1807.1666666666667
primary__glasses__all_available__l10_midpoint__MEQ,primary__glasses__all_available,l10_midpoint,MEQ,THUAS,13,78,78,1796.4166666666667
primary__glasses__all_available__l10_midpoint__MEQ,primary__glasses__all_available,l10_midpoint,MEQ,BAUA,18,107,107,2476.3333333333335
primary__glasses__all_available__l10_midpoint__MEQ,primary__glasses__all_available,l10_midpoint,MEQ,MPI,26,150,150,3445.133333333333
primary__glasses__all_available__l10_midpoint__MEQ,primary__glasses__all_available,l10_midpoint,MEQ,TUM,10,60,60,1374.4833333333333
primary__glasses__all_available__l10_midpoint__MEQ,primary__glasses__all_available,l10_midpoint,MEQ,FUSPCEU,23,129,129,3025.1666666666665
primary__glasses__all_available__l10_midpoint__MEQ,primary__glasses__all_available,l10_midpoint,MEQ,IZTECH,17,101,101,2348.0833333333335
primary__glasses__all_available__l10_midpoint__MEQ,primary__glasses__all_available,l10_midpoint,MEQ,UCR,6,32,32,732.2166666666667
primary__glasses__all_available__l10_midpoint__MEQ,primary__glasses__all_available,l10_midpoint,MEQ,KNUST,15,81,81,1846
primary__glasses__all_available__first_timing_above_250__MCTQ,primary__glasses__all_available,first_timing_above_250,MCTQ,RISE,13,74,74,1717.2666666666667
primary__glasses__all_available__first_timing_above_250__MCTQ,primary__glasses__all_available,first_timing_above_250,MCTQ,THUAS,13,68,68,1571
primary__glasses__all_available__first_timing_above_250__MCTQ,primary__glasses__all_available,first_timing_above_250,MCTQ,BAUA,18,93,93,2154.4166666666665
primary__glasses__all_available__first_timing_above_250__MCTQ,primary__glasses__all_available,first_timing_above_250,MCTQ,MPI,25,133,133,3060.15
primary__glasses__all_available__first_timing_above_250__MCTQ,primary__glasses__all_available,first_timing_above_250,MCTQ,TUM,10,56,56,1284.9
primary__glasses__all_available__first_timing_above_250__MCTQ,primary__glasses__all_available,first_timing_above_250,MCTQ,FUSPCEU,22,113,113,2651.7166666666667
primary__glasses__all_available__first_timing_above_250__MCTQ,primary__glasses__all_available,first_timing_above_250,MCTQ,IZTECH,17,95,95,2209.25
primary__glasses__all_available__first_timing_above_250__MCTQ,primary__glasses__all_available,first_timing_above_250,MCTQ,UCR,6,29,29,667.35
primary__glasses__all_available__first_timing_above_250__MCTQ,primary__glasses__all_available,first_timing_above_250,MCTQ,KNUST,15,61,61,1400.2166666666667
primary__glasses__all_available__first_timing_above_250__MEQ,primary__glasses__all_available,first_timing_above_250,MEQ,RISE,13,74,74,1717.2666666666667
primary__glasses__all_available__first_timing_above_250__MEQ,primary__glasses__all_available,first_timing_above_250,MEQ,THUAS,13,68,68,1571
primary__glasses__all_available__first_timing_above_250__MEQ,primary__glasses__all_available,first_timing_above_250,MEQ,BAUA,18,93,93,2154.4166666666665
primary__glasses__all_available__first_timing_above_250__MEQ,primary__glasses__all_available,first_timing_above_250,MEQ,MPI,25,133,133,3060.15
primary__glasses__all_available__first_timing_above_250__MEQ,primary__glasses__all_available,first_timing_above_250,MEQ,TUM,10,56,56,1284.9
primary__glasses__all_available__first_timing_above_250__MEQ,primary__glasses__all_available,first_timing_above_250,MEQ,FUSPCEU,23,118,118,2767.95
primary__glasses__all_available__first_timing_above_250__MEQ,primary__glasses__all_available,first_timing_above_250,MEQ,IZTECH,17,95,95,2209.25
primary__glasses__all_available__first_timing_above_250__MEQ,primary__glasses__all_available,first_timing_above_250,MEQ,UCR,6,29,29,667.35
primary__glasses__all_available__first_timing_above_250__MEQ,primary__glasses__all_available,first_timing_above_250,MEQ,KNUST,15,61,61,1400.2166666666667
primary__glasses__all_available__last_timing_above_250__MCTQ,primary__glasses__all_available,last_timing_above_250,MCTQ,RISE,13,73,73,1695.6333333333334
primary__glasses__all_available__last_timing_above_250__MCTQ,primary__glasses__all_available,last_timing_above_250,MCTQ,THUAS,13,62,62,1450.6833333333334
primary__glasses__all_available__last_timing_above_250__MCTQ,primary__glasses__all_available,last_timing_above_250,MCTQ,BAUA,18,89,89,2073.05
primary__glasses__all_available__last_timing_above_250__MCTQ,primary__glasses__all_available,last_timing_above_250,MCTQ,MPI,26,121,121,2811.2
primary__glasses__all_available__last_timing_above_250__MCTQ,primary__glasses__all_available,last_timing_above_250,MCTQ,TUM,10,53,53,1219.3166666666666
primary__glasses__all_available__last_timing_above_250__MCTQ,primary__glasses__all_available,last_timing_above_250,MCTQ,FUSPCEU,22,102,102,2415.4166666666665
primary__glasses__all_available__last_timing_above_250__MCTQ,primary__glasses__all_available,last_timing_above_250,MCTQ,IZTECH,17,89,89,2076.7
primary__glasses__all_available__last_timing_above_250__MCTQ,primary__glasses__all_available,last_timing_above_250,MCTQ,UCR,6,28,28,646.1333333333333
primary__glasses__all_available__last_timing_above_250__MCTQ,primary__glasses__all_available,last_timing_above_250,MCTQ,KNUST,15,66,66,1512.65
primary__glasses__all_available__last_timing_above_250__MEQ,primary__glasses__all_available,last_timing_above_250,MEQ,RISE,13,73,73,1695.6333333333334
primary__glasses__all_available__last_timing_above_250__MEQ,primary__glasses__all_available,last_timing_above_250,MEQ,THUAS,13,62,62,1450.6833333333334
primary__glasses__all_available__last_timing_above_250__MEQ,primary__glasses__all_available,last_timing_above_250,MEQ,BAUA,18,89,89,2073.05
primary__glasses__all_available__last_timing_above_250__MEQ,primary__glasses__all_available,last_timing_above_250,MEQ,MPI,26,121,121,2811.2
primary__glasses__all_available__last_timing_above_250__MEQ,primary__glasses__all_available,last_timing_above_250,MEQ,TUM,10,53,53,1219.3166666666666
primary__glasses__all_available__last_timing_above_250__MEQ,primary__glasses__all_available,last_timing_above_250,MEQ,FUSPCEU,23,106,106,2509.6833333333334
primary__glasses__all_available__last_timing_above_250__MEQ,primary__glasses__all_available,last_timing_above_250,MEQ,IZTECH,17,89,89,2076.7
primary__glasses__all_available__last_timing_above_250__MEQ,primary__glasses__all_available,last_timing_above_250,MEQ,UCR,6,28,28,646.1333333333333
primary__glasses__all_available__last_timing_above_250__MEQ,primary__glasses__all_available,last_timing_above_250,MEQ,KNUST,15,66,66,1512.65
primary__glasses__all_available__longest_period_midpoint__MCTQ,primary__glasses__all_available,longest_period_midpoint,MCTQ,RISE,13,49,49,1160.6666666666667
primary__glasses__all_available__longest_period_midpoint__MCTQ,primary__glasses__all_available,longest_period_midpoint,MCTQ,THUAS,13,46,46,1090.9
primary__glasses__all_available__longest_period_midpoint__MCTQ,primary__glasses__all_available,longest_period_midpoint,MCTQ,BAUA,18,68,68,1601.05
primary__glasses__all_available__longest_period_midpoint__MCTQ,primary__glasses__all_available,longest_period_midpoint,MCTQ,MPI,23,84,84,1991.4333333333334
primary__glasses__all_available__longest_period_midpoint__MCTQ,primary__glasses__all_available,longest_period_midpoint,MCTQ,TUM,9,32,32,748.4333333333333
primary__glasses__all_available__longest_period_midpoint__MCTQ,primary__glasses__all_available,longest_period_midpoint,MCTQ,FUSPCEU,22,91,91,2172.4166666666665
primary__glasses__all_available__longest_period_midpoint__MCTQ,primary__glasses__all_available,longest_period_midpoint,MCTQ,IZTECH,17,65,65,1541.4
primary__glasses__all_available__longest_period_midpoint__MCTQ,primary__glasses__all_available,longest_period_midpoint,MCTQ,UCR,5,14,14,332.6333333333333
primary__glasses__all_available__longest_period_midpoint__MCTQ,primary__glasses__all_available,longest_period_midpoint,MCTQ,KNUST,11,29,29,686.6166666666667
primary__glasses__all_available__longest_period_midpoint__MEQ,primary__glasses__all_available,longest_period_midpoint,MEQ,RISE,13,49,49,1160.6666666666667
primary__glasses__all_available__longest_period_midpoint__MEQ,primary__glasses__all_available,longest_period_midpoint,MEQ,THUAS,13,46,46,1090.9
primary__glasses__all_available__longest_period_midpoint__MEQ,primary__glasses__all_available,longest_period_midpoint,MEQ,BAUA,18,68,68,1601.05
primary__glasses__all_available__longest_period_midpoint__MEQ,primary__glasses__all_available,longest_period_midpoint,MEQ,MPI,23,84,84,1991.4333333333334
primary__glasses__all_available__longest_period_midpoint__MEQ,primary__glasses__all_available,longest_period_midpoint,MEQ,TUM,9,32,32,748.4333333333333
primary__glasses__all_available__longest_period_midpoint__MEQ,primary__glasses__all_available,longest_period_midpoint,MEQ,FUSPCEU,23,95,95,2266.6833333333334
primary__glasses__all_available__longest_period_midpoint__MEQ,primary__glasses__all_available,longest_period_midpoint,MEQ,IZTECH,17,65,65,1541.4
primary__glasses__all_available__longest_period_midpoint__MEQ,primary__glasses__all_available,longest_period_midpoint,MEQ,UCR,5,14,14,332.6333333333333
primary__glasses__all_available__longest_period_midpoint__MEQ,primary__glasses__all_available,longest_period_midpoint,MEQ,KNUST,11,29,29,686.6166666666667
primary__glasses__all_available__mean_timing_above_250__MCTQ,primary__glasses__all_available,mean_timing_above_250,MCTQ,RISE,13,72,72,1680.3833333333334
primary__glasses__all_available__mean_timing_above_250__MCTQ,primary__glasses__all_available,mean_timing_above_250,MCTQ,THUAS,13,71,71,1641.0166666666667
primary__glasses__all_available__mean_timing_above_250__MCTQ,primary__glasses__all_available,mean_timing_above_250,MCTQ,BAUA,18,93,93,2160.3166666666666
primary__glasses__all_available__mean_timing_above_250__MCTQ,primary__glasses__all_available,mean_timing_above_250,MCTQ,MPI,26,138,138,3184.25
primary__glasses__all_available__mean_timing_above_250__MCTQ,primary__glasses__all_available,mean_timing_above_250,MCTQ,TUM,10,55,55,1266.8333333333333
primary__glasses__all_available__mean_timing_above_250__MCTQ,primary__glasses__all_available,mean_timing_above_250,MCTQ,FUSPCEU,22,111,111,2612.55
primary__glasses__all_available__mean_timing_above_250__MCTQ,primary__glasses__all_available,mean_timing_above_250,MCTQ,IZTECH,17,94,94,2188.4333333333334
primary__glasses__all_available__mean_timing_above_250__MCTQ,primary__glasses__all_available,mean_timing_above_250,MCTQ,UCR,6,31,31,710.4166666666666
primary__glasses__all_available__mean_timing_above_250__MCTQ,primary__glasses__all_available,mean_timing_above_250,MCTQ,KNUST,15,71,71,1626.1166666666666
primary__glasses__all_available__mean_timing_above_250__MEQ,primary__glasses__all_available,mean_timing_above_250,MEQ,RISE,13,72,72,1680.3833333333334
primary__glasses__all_available__mean_timing_above_250__MEQ,primary__glasses__all_available,mean_timing_above_250,MEQ,THUAS,13,71,71,1641.0166666666667
primary__glasses__all_available__mean_timing_above_250__MEQ,primary__glasses__all_available,mean_timing_above_250,MEQ,BAUA,18,93,93,2160.3166666666666
primary__glasses__all_available__mean_timing_above_250__MEQ,primary__glasses__all_available,mean_timing_above_250,MEQ,MPI,26,138,138,3184.25
primary__glasses__all_available__mean_timing_above_250__MEQ,primary__glasses__all_available,mean_timing_above_250,MEQ,TUM,10,55,55,1266.8333333333333
primary__glasses__all_available__mean_timing_above_250__MEQ,primary__glasses__all_available,mean_timing_above_250,MEQ,FUSPCEU,23,117,117,2751.866666666667
primary__glasses__all_available__mean_timing_above_250__MEQ,primary__glasses__all_available,mean_timing_above_250,MEQ,IZTECH,17,94,94,2188.4333333333334
primary__glasses__all_available__mean_timing_above_250__MEQ,primary__glasses__all_available,mean_timing_above_250,MEQ,UCR,6,31,31,710.4166666666666
primary__glasses__all_available__mean_timing_above_250__MEQ,primary__glasses__all_available,mean_timing_above_250,MEQ,KNUST,15,71,71,1626.1166666666666
primary__chest__all_available__m10_midpoint__MCTQ,primary__chest__all_available,m10_midpoint,MCTQ,RISE,16,96,96,2232.366666666667
primary__chest__all_available__m10_midpoint__MCTQ,primary__chest__all_available,m10_midpoint,MCTQ,THUAS,15,93,93,2151.8
primary__chest__all_available__m10_midpoint__MCTQ,primary__chest__all_available,m10_midpoint,MCTQ,BAUA,20,114,114,2651.233333333333
primary__chest__all_available__m10_midpoint__MCTQ,primary__chest__all_available,m10_midpoint,MCTQ,TUM,10,60,60,1374.2
primary__chest__all_available__m10_midpoint__MCTQ,primary__chest__all_available,m10_midpoint,MCTQ,FUSPCEU,21,117,117,2750.9333333333334
primary__chest__all_available__m10_midpoint__MCTQ,primary__chest__all_available,m10_midpoint,MCTQ,IZTECH,17,102,102,2371.4
primary__chest__all_available__m10_midpoint__MCTQ,primary__chest__all_available,m10_midpoint,MCTQ,UCR,39,230,230,5305.516666666666
primary__chest__all_available__m10_midpoint__MCTQ,primary__chest__all_available,m10_midpoint,MCTQ,KNUST,15,84,84,1914.9833333333333
primary__chest__all_available__m10_midpoint__MEQ,primary__chest__all_available,m10_midpoint,MEQ,RISE,16,96,96,2232.366666666667
primary__chest__all_available__m10_midpoint__MEQ,primary__chest__all_available,m10_midpoint,MEQ,THUAS,15,93,93,2151.8
primary__chest__all_available__m10_midpoint__MEQ,primary__chest__all_available,m10_midpoint,MEQ,BAUA,20,114,114,2651.233333333333
primary__chest__all_available__m10_midpoint__MEQ,primary__chest__all_available,m10_midpoint,MEQ,TUM,10,60,60,1374.2
primary__chest__all_available__m10_midpoint__MEQ,primary__chest__all_available,m10_midpoint,MEQ,FUSPCEU,22,123,123,2890.25
primary__chest__all_available__m10_midpoint__MEQ,primary__chest__all_available,m10_midpoint,MEQ,IZTECH,17,102,102,2371.4
primary__chest__all_available__m10_midpoint__MEQ,primary__chest__all_available,m10_midpoint,MEQ,UCR,39,230,230,5305.516666666666
primary__chest__all_available__m10_midpoint__MEQ,primary__chest__all_available,m10_midpoint,MEQ,KNUST,15,84,84,1914.9833333333333
primary__chest__all_available__l10_midpoint__MCTQ,primary__chest__all_available,l10_midpoint,MCTQ,RISE,16,96,96,2232.366666666667
primary__chest__all_available__l10_midpoint__MCTQ,primary__chest__all_available,l10_midpoint,MCTQ,THUAS,15,93,93,2151.8
primary__chest__all_available__l10_midpoint__MCTQ,primary__chest__all_available,l10_midpoint,MCTQ,BAUA,20,114,114,2651.233333333333
primary__chest__all_available__l10_midpoint__MCTQ,primary__chest__all_available,l10_midpoint,MCTQ,TUM,10,60,60,1374.2
primary__chest__all_available__l10_midpoint__MCTQ,primary__chest__all_available,l10_midpoint,MCTQ,FUSPCEU,21,117,117,2750.9333333333334
primary__chest__all_available__l10_midpoint__MCTQ,primary__chest__all_available,l10_midpoint,MCTQ,IZTECH,17,102,102,2371.4
primary__chest__all_available__l10_midpoint__MCTQ,primary__chest__all_available,l10_midpoint,MCTQ,UCR,39,230,230,5305.516666666666
primary__chest__all_available__l10_midpoint__MCTQ,primary__chest__all_available,l10_midpoint,MCTQ,KNUST,15,84,84,1914.9833333333333
primary__chest__all_available__l10_midpoint__MEQ,primary__chest__all_available,l10_midpoint,MEQ,RISE,16,96,96,2232.366666666667
primary__chest__all_available__l10_midpoint__MEQ,primary__chest__all_available,l10_midpoint,MEQ,THUAS,15,93,93,2151.8
primary__chest__all_available__l10_midpoint__MEQ,primary__chest__all_available,l10_midpoint,MEQ,BAUA,20,114,114,2651.233333333333
primary__chest__all_available__l10_midpoint__MEQ,primary__chest__all_available,l10_midpoint,MEQ,TUM,10,60,60,1374.2
primary__chest__all_available__l10_midpoint__MEQ,primary__chest__all_available,l10_midpoint,MEQ,FUSPCEU,22,123,123,2890.25
primary__chest__all_available__l10_midpoint__MEQ,primary__chest__all_available,l10_midpoint,MEQ,IZTECH,17,102,102,2371.4
primary__chest__all_available__l10_midpoint__MEQ,primary__chest__all_available,l10_midpoint,MEQ,UCR,39,230,230,5305.516666666666
primary__chest__all_available__l10_midpoint__MEQ,primary__chest__all_available,l10_midpoint,MEQ,KNUST,15,84,84,1914.9833333333333
primary__chest__all_available__first_timing_above_250__MCTQ,primary__chest__all_available,first_timing_above_250,MCTQ,RISE,16,92,92,2142.4666666666667
primary__chest__all_available__first_timing_above_250__MCTQ,primary__chest__all_available,first_timing_above_250,MCTQ,THUAS,15,80,80,1856.3833333333334
primary__chest__all_available__first_timing_above_250__MCTQ,primary__chest__all_available,first_timing_above_250,MCTQ,BAUA,20,103,103,2402.516666666667
primary__chest__all_available__first_timing_above_250__MCTQ,primary__chest__all_available,first_timing_above_250,MCTQ,TUM,10,54,54,1238.1666666666667
primary__chest__all_available__first_timing_above_250__MCTQ,primary__chest__all_available,first_timing_above_250,MCTQ,FUSPCEU,21,107,107,2521.883333333333
primary__chest__all_available__first_timing_above_250__MCTQ,primary__chest__all_available,first_timing_above_250,MCTQ,IZTECH,17,97,97,2256
primary__chest__all_available__first_timing_above_250__MCTQ,primary__chest__all_available,first_timing_above_250,MCTQ,UCR,39,200,200,4637.616666666667
primary__chest__all_available__first_timing_above_250__MCTQ,primary__chest__all_available,first_timing_above_250,MCTQ,KNUST,15,64,64,1463.3833333333334
primary__chest__all_available__first_timing_above_250__MEQ,primary__chest__all_available,first_timing_above_250,MEQ,RISE,16,92,92,2142.4666666666667
primary__chest__all_available__first_timing_above_250__MEQ,primary__chest__all_available,first_timing_above_250,MEQ,THUAS,15,80,80,1856.3833333333334
primary__chest__all_available__first_timing_above_250__MEQ,primary__chest__all_available,first_timing_above_250,MEQ,BAUA,20,103,103,2402.516666666667
primary__chest__all_available__first_timing_above_250__MEQ,primary__chest__all_available,first_timing_above_250,MEQ,TUM,10,54,54,1238.1666666666667
primary__chest__all_available__first_timing_above_250__MEQ,primary__chest__all_available,first_timing_above_250,MEQ,FUSPCEU,22,112,112,2638.116666666667
primary__chest__all_available__first_timing_above_250__MEQ,primary__chest__all_available,first_timing_above_250,MEQ,IZTECH,17,97,97,2256
primary__chest__all_available__first_timing_above_250__MEQ,primary__chest__all_available,first_timing_above_250,MEQ,UCR,39,200,200,4637.616666666667
primary__chest__all_available__first_timing_above_250__MEQ,primary__chest__all_available,first_timing_above_250,MEQ,KNUST,15,64,64,1463.3833333333334
primary__chest__all_available__last_timing_above_250__MCTQ,primary__chest__all_available,last_timing_above_250,MCTQ,RISE,16,89,89,2079.9666666666667
primary__chest__all_available__last_timing_above_250__MCTQ,primary__chest__all_available,last_timing_above_250,MCTQ,THUAS,15,73,73,1717.1666666666667
primary__chest__all_available__last_timing_above_250__MCTQ,primary__chest__all_available,last_timing_above_250,MCTQ,BAUA,20,100,100,2338.516666666667
primary__chest__all_available__last_timing_above_250__MCTQ,primary__chest__all_available,last_timing_above_250,MCTQ,TUM,10,51,51,1173.05
primary__chest__all_available__last_timing_above_250__MCTQ,primary__chest__all_available,last_timing_above_250,MCTQ,FUSPCEU,21,100,100,2369.383333333333
primary__chest__all_available__last_timing_above_250__MCTQ,primary__chest__all_available,last_timing_above_250,MCTQ,IZTECH,17,90,90,2099.6833333333334
primary__chest__all_available__last_timing_above_250__MCTQ,primary__chest__all_available,last_timing_above_250,MCTQ,UCR,39,210,210,4879.283333333334
primary__chest__all_available__last_timing_above_250__MCTQ,primary__chest__all_available,last_timing_above_250,MCTQ,KNUST,15,70,70,1606.8
primary__chest__all_available__last_timing_above_250__MEQ,primary__chest__all_available,last_timing_above_250,MEQ,RISE,16,89,89,2079.9666666666667
primary__chest__all_available__last_timing_above_250__MEQ,primary__chest__all_available,last_timing_above_250,MEQ,THUAS,15,73,73,1717.1666666666667
primary__chest__all_available__last_timing_above_250__MEQ,primary__chest__all_available,last_timing_above_250,MEQ,BAUA,20,100,100,2338.516666666667
primary__chest__all_available__last_timing_above_250__MEQ,primary__chest__all_available,last_timing_above_250,MEQ,TUM,10,51,51,1173.05
primary__chest__all_available__last_timing_above_250__MEQ,primary__chest__all_available,last_timing_above_250,MEQ,FUSPCEU,22,104,104,2463.65
primary__chest__all_available__last_timing_above_250__MEQ,primary__chest__all_available,last_timing_above_250,MEQ,IZTECH,17,90,90,2099.6833333333334
primary__chest__all_available__last_timing_above_250__MEQ,primary__chest__all_available,last_timing_above_250,MEQ,UCR,39,210,210,4879.283333333334
primary__chest__all_available__last_timing_above_250__MEQ,primary__chest__all_available,last_timing_above_250,MEQ,KNUST,15,70,70,1606.8
primary__chest__all_available__longest_period_midpoint__MCTQ,primary__chest__all_available,longest_period_midpoint,MCTQ,RISE,16,64,64,1515.9833333333333
primary__chest__all_available__longest_period_midpoint__MCTQ,primary__chest__all_available,longest_period_midpoint,MCTQ,THUAS,15,59,59,1403.75
primary__chest__all_available__longest_period_midpoint__MCTQ,primary__chest__all_available,longest_period_midpoint,MCTQ,BAUA,20,74,74,1757.6166666666666
primary__chest__all_available__longest_period_midpoint__MCTQ,primary__chest__all_available,longest_period_midpoint,MCTQ,TUM,9,30,30,703.25
primary__chest__all_available__longest_period_midpoint__MCTQ,primary__chest__all_available,longest_period_midpoint,MCTQ,FUSPCEU,21,88,88,2101.95
primary__chest__all_available__longest_period_midpoint__MCTQ,primary__chest__all_available,longest_period_midpoint,MCTQ,IZTECH,16,62,62,1474.85
primary__chest__all_available__longest_period_midpoint__MCTQ,primary__chest__all_available,longest_period_midpoint,MCTQ,UCR,38,134,134,3175.5
primary__chest__all_available__longest_period_midpoint__MCTQ,primary__chest__all_available,longest_period_midpoint,MCTQ,KNUST,14,36,36,847.15
primary__chest__all_available__longest_period_midpoint__MEQ,primary__chest__all_available,longest_period_midpoint,MEQ,RISE,16,64,64,1515.9833333333333
primary__chest__all_available__longest_period_midpoint__MEQ,primary__chest__all_available,longest_period_midpoint,MEQ,THUAS,15,59,59,1403.75
primary__chest__all_available__longest_period_midpoint__MEQ,primary__chest__all_available,longest_period_midpoint,MEQ,BAUA,20,74,74,1757.6166666666666
primary__chest__all_available__longest_period_midpoint__MEQ,primary__chest__all_available,longest_period_midpoint,MEQ,TUM,9,30,30,703.25
primary__chest__all_available__longest_period_midpoint__MEQ,primary__chest__all_available,longest_period_midpoint,MEQ,FUSPCEU,22,90,90,2149.7
primary__chest__all_available__longest_period_midpoint__MEQ,primary__chest__all_available,longest_period_midpoint,MEQ,IZTECH,16,62,62,1474.85
primary__chest__all_available__longest_period_midpoint__MEQ,primary__chest__all_available,longest_period_midpoint,MEQ,UCR,38,134,134,3175.5
primary__chest__all_available__longest_period_midpoint__MEQ,primary__chest__all_available,longest_period_midpoint,MEQ,KNUST,14,36,36,847.15
primary__chest__all_available__mean_timing_above_250__MCTQ,primary__chest__all_available,mean_timing_above_250,MCTQ,RISE,16,91,91,2126.7
primary__chest__all_available__mean_timing_above_250__MCTQ,primary__chest__all_available,mean_timing_above_250,MCTQ,THUAS,15,84,84,1948.65
primary__chest__all_available__mean_timing_above_250__MCTQ,primary__chest__all_available,mean_timing_above_250,MCTQ,BAUA,20,104,104,2429.8166666666666
primary__chest__all_available__mean_timing_above_250__MCTQ,primary__chest__all_available,mean_timing_above_250,MCTQ,TUM,10,52,52,1198.2833333333333
primary__chest__all_available__mean_timing_above_250__MCTQ,primary__chest__all_available,mean_timing_above_250,MCTQ,FUSPCEU,21,107,107,2523.2833333333333
primary__chest__all_available__mean_timing_above_250__MCTQ,primary__chest__all_available,mean_timing_above_250,MCTQ,IZTECH,17,96,96,2235.1833333333334
primary__chest__all_available__mean_timing_above_250__MCTQ,primary__chest__all_available,mean_timing_above_250,MCTQ,UCR,39,216,216,5016.25
primary__chest__all_available__mean_timing_above_250__MCTQ,primary__chest__all_available,mean_timing_above_250,MCTQ,KNUST,15,75,75,1718.65
primary__chest__all_available__mean_timing_above_250__MEQ,primary__chest__all_available,mean_timing_above_250,MEQ,RISE,16,91,91,2126.7
primary__chest__all_available__mean_timing_above_250__MEQ,primary__chest__all_available,mean_timing_above_250,MEQ,THUAS,15,84,84,1948.65
primary__chest__all_available__mean_timing_above_250__MEQ,primary__chest__all_available,mean_timing_above_250,MEQ,BAUA,20,104,104,2429.8166666666666
primary__chest__all_available__mean_timing_above_250__MEQ,primary__chest__all_available,mean_timing_above_250,MEQ,TUM,10,52,52,1198.2833333333333
primary__chest__all_available__mean_timing_above_250__MEQ,primary__chest__all_available,mean_timing_above_250,MEQ,FUSPCEU,22,113,113,2662.6
primary__chest__all_available__mean_timing_above_250__MEQ,primary__chest__all_available,mean_timing_above_250,MEQ,IZTECH,17,96,96,2235.1833333333334
primary__chest__all_available__mean_timing_above_250__MEQ,primary__chest__all_available,mean_timing_above_250,MEQ,UCR,39,216,216,5016.25
primary__chest__all_available__mean_timing_above_250__MEQ,primary__chest__all_available,mean_timing_above_250,MEQ,KNUST,15,75,75,1718.65
primary__glasses__paired_common__m10_midpoint__MCTQ,primary__glasses__paired_common,m10_midpoint,MCTQ,RISE,13,78,78,1807.1666666666667
primary__glasses__paired_common__m10_midpoint__MCTQ,primary__glasses__paired_common,m10_midpoint,MCTQ,THUAS,13,77,77,1772.4166666666667
primary__glasses__paired_common__m10_midpoint__MCTQ,primary__glasses__paired_common,m10_midpoint,MCTQ,BAUA,16,94,94,2174.3333333333335
primary__glasses__paired_common__m10_midpoint__MCTQ,primary__glasses__paired_common,m10_midpoint,MCTQ,TUM,10,60,60,1374.4833333333333
primary__glasses__paired_common__m10_midpoint__MCTQ,primary__glasses__paired_common,m10_midpoint,MCTQ,FUSPCEU,21,117,117,2750.9666666666667
primary__glasses__paired_common__m10_midpoint__MCTQ,primary__glasses__paired_common,m10_midpoint,MCTQ,IZTECH,17,101,101,2348.0833333333335
primary__glasses__paired_common__m10_midpoint__MCTQ,primary__glasses__paired_common,m10_midpoint,MCTQ,UCR,6,32,32,732.2166666666667
primary__glasses__paired_common__m10_midpoint__MCTQ,primary__glasses__paired_common,m10_midpoint,MCTQ,KNUST,15,78,78,1775.1333333333334
primary__glasses__paired_common__m10_midpoint__MEQ,primary__glasses__paired_common,m10_midpoint,MEQ,RISE,13,78,78,1807.1666666666667
primary__glasses__paired_common__m10_midpoint__MEQ,primary__glasses__paired_common,m10_midpoint,MEQ,THUAS,13,77,77,1772.4166666666667
primary__glasses__paired_common__m10_midpoint__MEQ,primary__glasses__paired_common,m10_midpoint,MEQ,BAUA,16,94,94,2174.3333333333335
primary__glasses__paired_common__m10_midpoint__MEQ,primary__glasses__paired_common,m10_midpoint,MEQ,TUM,10,60,60,1374.4833333333333
primary__glasses__paired_common__m10_midpoint__MEQ,primary__glasses__paired_common,m10_midpoint,MEQ,FUSPCEU,22,123,123,2890.2833333333333
primary__glasses__paired_common__m10_midpoint__MEQ,primary__glasses__paired_common,m10_midpoint,MEQ,IZTECH,17,101,101,2348.0833333333335
primary__glasses__paired_common__m10_midpoint__MEQ,primary__glasses__paired_common,m10_midpoint,MEQ,UCR,6,32,32,732.2166666666667
primary__glasses__paired_common__m10_midpoint__MEQ,primary__glasses__paired_common,m10_midpoint,MEQ,KNUST,15,78,78,1775.1333333333334
primary__glasses__paired_common__l10_midpoint__MCTQ,primary__glasses__paired_common,l10_midpoint,MCTQ,RISE,13,78,78,1807.1666666666667
primary__glasses__paired_common__l10_midpoint__MCTQ,primary__glasses__paired_common,l10_midpoint,MCTQ,THUAS,13,77,77,1772.4166666666667
primary__glasses__paired_common__l10_midpoint__MCTQ,primary__glasses__paired_common,l10_midpoint,MCTQ,BAUA,16,94,94,2174.3333333333335
primary__glasses__paired_common__l10_midpoint__MCTQ,primary__glasses__paired_common,l10_midpoint,MCTQ,TUM,10,60,60,1374.4833333333333
primary__glasses__paired_common__l10_midpoint__MCTQ,primary__glasses__paired_common,l10_midpoint,MCTQ,FUSPCEU,21,117,117,2750.9666666666667
primary__glasses__paired_common__l10_midpoint__MCTQ,primary__glasses__paired_common,l10_midpoint,MCTQ,IZTECH,17,101,101,2348.0833333333335
primary__glasses__paired_common__l10_midpoint__MCTQ,primary__glasses__paired_common,l10_midpoint,MCTQ,UCR,6,32,32,732.2166666666667
primary__glasses__paired_common__l10_midpoint__MCTQ,primary__glasses__paired_common,l10_midpoint,MCTQ,KNUST,15,78,78,1775.1333333333334
primary__glasses__paired_common__l10_midpoint__MEQ,primary__glasses__paired_common,l10_midpoint,MEQ,RISE,13,78,78,1807.1666666666667
primary__glasses__paired_common__l10_midpoint__MEQ,primary__glasses__paired_common,l10_midpoint,MEQ,THUAS,13,77,77,1772.4166666666667
primary__glasses__paired_common__l10_midpoint__MEQ,primary__glasses__paired_common,l10_midpoint,MEQ,BAUA,16,94,94,2174.3333333333335
primary__glasses__paired_common__l10_midpoint__MEQ,primary__glasses__paired_common,l10_midpoint,MEQ,TUM,10,60,60,1374.4833333333333
primary__glasses__paired_common__l10_midpoint__MEQ,primary__glasses__paired_common,l10_midpoint,MEQ,FUSPCEU,22,123,123,2890.2833333333333
primary__glasses__paired_common__l10_midpoint__MEQ,primary__glasses__paired_common,l10_midpoint,MEQ,IZTECH,17,101,101,2348.0833333333335
primary__glasses__paired_common__l10_midpoint__MEQ,primary__glasses__paired_common,l10_midpoint,MEQ,UCR,6,32,32,732.2166666666667
primary__glasses__paired_common__l10_midpoint__MEQ,primary__glasses__paired_common,l10_midpoint,MEQ,KNUST,15,78,78,1775.1333333333334
primary__glasses__paired_common__first_timing_above_250__MCTQ,primary__glasses__paired_common,first_timing_above_250,MCTQ,RISE,13,74,74,1717.2666666666667
primary__glasses__paired_common__first_timing_above_250__MCTQ,primary__glasses__paired_common,first_timing_above_250,MCTQ,THUAS,13,65,65,1499.25
primary__glasses__paired_common__first_timing_above_250__MCTQ,primary__glasses__paired_common,first_timing_above_250,MCTQ,BAUA,16,80,80,1854.3
primary__glasses__paired_common__first_timing_above_250__MCTQ,primary__glasses__paired_common,first_timing_above_250,MCTQ,TUM,10,54,54,1238.45
primary__glasses__paired_common__first_timing_above_250__MCTQ,primary__glasses__paired_common,first_timing_above_250,MCTQ,FUSPCEU,21,106,106,2498.6666666666665
primary__glasses__paired_common__first_timing_above_250__MCTQ,primary__glasses__paired_common,first_timing_above_250,MCTQ,IZTECH,17,94,94,2185.6666666666665
primary__glasses__paired_common__first_timing_above_250__MCTQ,primary__glasses__paired_common,first_timing_above_250,MCTQ,UCR,6,28,28,643.8666666666667
primary__glasses__paired_common__first_timing_above_250__MCTQ,primary__glasses__paired_common,first_timing_above_250,MCTQ,KNUST,15,57,57,1306.0166666666667
primary__glasses__paired_common__first_timing_above_250__MEQ,primary__glasses__paired_common,first_timing_above_250,MEQ,RISE,13,74,74,1717.2666666666667
primary__glasses__paired_common__first_timing_above_250__MEQ,primary__glasses__paired_common,first_timing_above_250,MEQ,THUAS,13,65,65,1499.25
primary__glasses__paired_common__first_timing_above_250__MEQ,primary__glasses__paired_common,first_timing_above_250,MEQ,BAUA,16,80,80,1854.3
primary__glasses__paired_common__first_timing_above_250__MEQ,primary__glasses__paired_common,first_timing_above_250,MEQ,TUM,10,54,54,1238.45
primary__glasses__paired_common__first_timing_above_250__MEQ,primary__glasses__paired_common,first_timing_above_250,MEQ,FUSPCEU,22,111,111,2614.9
primary__glasses__paired_common__first_timing_above_250__MEQ,primary__glasses__paired_common,first_timing_above_250,MEQ,IZTECH,17,94,94,2185.6666666666665
primary__glasses__paired_common__first_timing_above_250__MEQ,primary__glasses__paired_common,first_timing_above_250,MEQ,UCR,6,28,28,643.8666666666667
primary__glasses__paired_common__first_timing_above_250__MEQ,primary__glasses__paired_common,first_timing_above_250,MEQ,KNUST,15,57,57,1306.0166666666667
primary__glasses__paired_common__last_timing_above_250__MCTQ,primary__glasses__paired_common,last_timing_above_250,MCTQ,RISE,13,71,71,1653.6
primary__glasses__paired_common__last_timing_above_250__MCTQ,primary__glasses__paired_common,last_timing_above_250,MCTQ,THUAS,13,56,56,1315.4333333333334
primary__glasses__paired_common__last_timing_above_250__MCTQ,primary__glasses__paired_common,last_timing_above_250,MCTQ,BAUA,16,75,75,1747.65
primary__glasses__paired_common__last_timing_above_250__MCTQ,primary__glasses__paired_common,last_timing_above_250,MCTQ,TUM,10,50,50,1150.65
primary__glasses__paired_common__last_timing_above_250__MCTQ,primary__glasses__paired_common,last_timing_above_250,MCTQ,FUSPCEU,21,97,97,2300.9333333333334
primary__glasses__paired_common__last_timing_above_250__MCTQ,primary__glasses__paired_common,last_timing_above_250,MCTQ,IZTECH,17,85,85,1984.6333333333334
primary__glasses__paired_common__last_timing_above_250__MCTQ,primary__glasses__paired_common,last_timing_above_250,MCTQ,UCR,6,24,24,557.7333333333333
primary__glasses__paired_common__last_timing_above_250__MCTQ,primary__glasses__paired_common,last_timing_above_250,MCTQ,KNUST,15,62,62,1421.1833333333334
primary__glasses__paired_common__last_timing_above_250__MEQ,primary__glasses__paired_common,last_timing_above_250,MEQ,RISE,13,71,71,1653.6
primary__glasses__paired_common__last_timing_above_250__MEQ,primary__glasses__paired_common,last_timing_above_250,MEQ,THUAS,13,56,56,1315.4333333333334
primary__glasses__paired_common__last_timing_above_250__MEQ,primary__glasses__paired_common,last_timing_above_250,MEQ,BAUA,16,75,75,1747.65
primary__glasses__paired_common__last_timing_above_250__MEQ,primary__glasses__paired_common,last_timing_above_250,MEQ,TUM,10,50,50,1150.65
primary__glasses__paired_common__last_timing_above_250__MEQ,primary__glasses__paired_common,last_timing_above_250,MEQ,FUSPCEU,22,101,101,2395.2
primary__glasses__paired_common__last_timing_above_250__MEQ,primary__glasses__paired_common,last_timing_above_250,MEQ,IZTECH,17,85,85,1984.6333333333334
primary__glasses__paired_common__last_timing_above_250__MEQ,primary__glasses__paired_common,last_timing_above_250,MEQ,UCR,6,24,24,557.7333333333333
primary__glasses__paired_common__last_timing_above_250__MEQ,primary__glasses__paired_common,last_timing_above_250,MEQ,KNUST,15,62,62,1421.1833333333334
primary__glasses__paired_common__longest_period_midpoint__MCTQ,primary__glasses__paired_common,longest_period_midpoint,MCTQ,RISE,13,49,49,1160.6666666666667
primary__glasses__paired_common__longest_period_midpoint__MCTQ,primary__glasses__paired_common,longest_period_midpoint,MCTQ,THUAS,13,43,43,1019.6666666666666
primary__glasses__paired_common__longest_period_midpoint__MCTQ,primary__glasses__paired_common,longest_period_midpoint,MCTQ,BAUA,16,52,52,1230.9833333333333
primary__glasses__paired_common__longest_period_midpoint__MCTQ,primary__glasses__paired_common,longest_period_midpoint,MCTQ,TUM,9,28,28,656.6833333333333
primary__glasses__paired_common__longest_period_midpoint__MCTQ,primary__glasses__paired_common,longest_period_midpoint,MCTQ,FUSPCEU,21,86,86,2056.616666666667
primary__glasses__paired_common__longest_period_midpoint__MCTQ,primary__glasses__paired_common,longest_period_midpoint,MCTQ,IZTECH,16,60,60,1427.9166666666667
primary__glasses__paired_common__longest_period_midpoint__MCTQ,primary__glasses__paired_common,longest_period_midpoint,MCTQ,UCR,5,13,13,308.98333333333335
primary__glasses__paired_common__longest_period_midpoint__MCTQ,primary__glasses__paired_common,longest_period_midpoint,MCTQ,KNUST,11,24,24,567.4166666666666
primary__glasses__paired_common__longest_period_midpoint__MEQ,primary__glasses__paired_common,longest_period_midpoint,MEQ,RISE,13,49,49,1160.6666666666667
primary__glasses__paired_common__longest_period_midpoint__MEQ,primary__glasses__paired_common,longest_period_midpoint,MEQ,THUAS,13,43,43,1019.6666666666666
primary__glasses__paired_common__longest_period_midpoint__MEQ,primary__glasses__paired_common,longest_period_midpoint,MEQ,BAUA,16,52,52,1230.9833333333333
primary__glasses__paired_common__longest_period_midpoint__MEQ,primary__glasses__paired_common,longest_period_midpoint,MEQ,TUM,9,28,28,656.6833333333333
primary__glasses__paired_common__longest_period_midpoint__MEQ,primary__glasses__paired_common,longest_period_midpoint,MEQ,FUSPCEU,22,88,88,2104.366666666667
primary__glasses__paired_common__longest_period_midpoint__MEQ,primary__glasses__paired_common,longest_period_midpoint,MEQ,IZTECH,16,60,60,1427.9166666666667
primary__glasses__paired_common__longest_period_midpoint__MEQ,primary__glasses__paired_common,longest_period_midpoint,MEQ,UCR,5,13,13,308.98333333333335
primary__glasses__paired_common__longest_period_midpoint__MEQ,primary__glasses__paired_common,longest_period_midpoint,MEQ,KNUST,11,24,24,567.4166666666666
primary__glasses__paired_common__mean_timing_above_250__MCTQ,primary__glasses__paired_common,mean_timing_above_250,MCTQ,RISE,13,72,72,1680.3833333333334
primary__glasses__paired_common__mean_timing_above_250__MCTQ,primary__glasses__paired_common,mean_timing_above_250,MCTQ,THUAS,13,68,68,1569.2666666666667
primary__glasses__paired_common__mean_timing_above_250__MCTQ,primary__glasses__paired_common,mean_timing_above_250,MCTQ,BAUA,16,79,79,1838.1666666666667
primary__glasses__paired_common__mean_timing_above_250__MCTQ,primary__glasses__paired_common,mean_timing_above_250,MCTQ,TUM,10,52,52,1198.5666666666666
primary__glasses__paired_common__mean_timing_above_250__MCTQ,primary__glasses__paired_common,mean_timing_above_250,MCTQ,FUSPCEU,21,106,106,2501.6666666666665
primary__glasses__paired_common__mean_timing_above_250__MCTQ,primary__glasses__paired_common,mean_timing_above_250,MCTQ,IZTECH,17,93,93,2164.85
primary__glasses__paired_common__mean_timing_above_250__MCTQ,primary__glasses__paired_common,mean_timing_above_250,MCTQ,UCR,6,30,30,686.9333333333333
primary__glasses__paired_common__mean_timing_above_250__MCTQ,primary__glasses__paired_common,mean_timing_above_250,MCTQ,KNUST,15,67,67,1531.25
primary__glasses__paired_common__mean_timing_above_250__MEQ,primary__glasses__paired_common,mean_timing_above_250,MEQ,RISE,13,72,72,1680.3833333333334
primary__glasses__paired_common__mean_timing_above_250__MEQ,primary__glasses__paired_common,mean_timing_above_250,MEQ,THUAS,13,68,68,1569.2666666666667
primary__glasses__paired_common__mean_timing_above_250__MEQ,primary__glasses__paired_common,mean_timing_above_250,MEQ,BAUA,16,79,79,1838.1666666666667
primary__glasses__paired_common__mean_timing_above_250__MEQ,primary__glasses__paired_common,mean_timing_above_250,MEQ,TUM,10,52,52,1198.5666666666666
primary__glasses__paired_common__mean_timing_above_250__MEQ,primary__glasses__paired_common,mean_timing_above_250,MEQ,FUSPCEU,22,112,112,2640.983333333333
primary__glasses__paired_common__mean_timing_above_250__MEQ,primary__glasses__paired_common,mean_timing_above_250,MEQ,IZTECH,17,93,93,2164.85
primary__glasses__paired_common__mean_timing_above_250__MEQ,primary__glasses__paired_common,mean_timing_above_250,MEQ,UCR,6,30,30,686.9333333333333
primary__glasses__paired_common__mean_timing_above_250__MEQ,primary__glasses__paired_common,mean_timing_above_250,MEQ,KNUST,15,67,67,1531.25
primary__chest__paired_common__m10_midpoint__MCTQ,primary__chest__paired_common,m10_midpoint,MCTQ,RISE,13,78,78,1806.7666666666667
primary__chest__paired_common__m10_midpoint__MCTQ,primary__chest__paired_common,m10_midpoint,MCTQ,THUAS,13,77,77,1772.5666666666666
primary__chest__paired_common__m10_midpoint__MCTQ,primary__chest__paired_common,m10_midpoint,MCTQ,BAUA,16,94,94,2174.25
primary__chest__paired_common__m10_midpoint__MCTQ,primary__chest__paired_common,m10_midpoint,MCTQ,TUM,10,60,60,1374.2
primary__chest__paired_common__m10_midpoint__MCTQ,primary__chest__paired_common,m10_midpoint,MCTQ,FUSPCEU,21,117,117,2750.9333333333334
primary__chest__paired_common__m10_midpoint__MCTQ,primary__chest__paired_common,m10_midpoint,MCTQ,IZTECH,17,101,101,2348.016666666667
primary__chest__paired_common__m10_midpoint__MCTQ,primary__chest__paired_common,m10_midpoint,MCTQ,UCR,6,32,32,732.2166666666667
primary__chest__paired_common__m10_midpoint__MCTQ,primary__chest__paired_common,m10_midpoint,MCTQ,KNUST,15,78,78,1775.45
primary__chest__paired_common__m10_midpoint__MEQ,primary__chest__paired_common,m10_midpoint,MEQ,RISE,13,78,78,1806.7666666666667
primary__chest__paired_common__m10_midpoint__MEQ,primary__chest__paired_common,m10_midpoint,MEQ,THUAS,13,77,77,1772.5666666666666
primary__chest__paired_common__m10_midpoint__MEQ,primary__chest__paired_common,m10_midpoint,MEQ,BAUA,16,94,94,2174.25
primary__chest__paired_common__m10_midpoint__MEQ,primary__chest__paired_common,m10_midpoint,MEQ,TUM,10,60,60,1374.2
primary__chest__paired_common__m10_midpoint__MEQ,primary__chest__paired_common,m10_midpoint,MEQ,FUSPCEU,22,123,123,2890.25
primary__chest__paired_common__m10_midpoint__MEQ,primary__chest__paired_common,m10_midpoint,MEQ,IZTECH,17,101,101,2348.016666666667
primary__chest__paired_common__m10_midpoint__MEQ,primary__chest__paired_common,m10_midpoint,MEQ,UCR,6,32,32,732.2166666666667
primary__chest__paired_common__m10_midpoint__MEQ,primary__chest__paired_common,m10_midpoint,MEQ,KNUST,15,78,78,1775.45
primary__chest__paired_common__l10_midpoint__MCTQ,primary__chest__paired_common,l10_midpoint,MCTQ,RISE,13,78,78,1806.7666666666667
primary__chest__paired_common__l10_midpoint__MCTQ,primary__chest__paired_common,l10_midpoint,MCTQ,THUAS,13,77,77,1772.5666666666666
primary__chest__paired_common__l10_midpoint__MCTQ,primary__chest__paired_common,l10_midpoint,MCTQ,BAUA,16,94,94,2174.25
primary__chest__paired_common__l10_midpoint__MCTQ,primary__chest__paired_common,l10_midpoint,MCTQ,TUM,10,60,60,1374.2
primary__chest__paired_common__l10_midpoint__MCTQ,primary__chest__paired_common,l10_midpoint,MCTQ,FUSPCEU,21,117,117,2750.9333333333334
primary__chest__paired_common__l10_midpoint__MCTQ,primary__chest__paired_common,l10_midpoint,MCTQ,IZTECH,17,101,101,2348.016666666667
primary__chest__paired_common__l10_midpoint__MCTQ,primary__chest__paired_common,l10_midpoint,MCTQ,UCR,6,32,32,732.2166666666667
primary__chest__paired_common__l10_midpoint__MCTQ,primary__chest__paired_common,l10_midpoint,MCTQ,KNUST,15,78,78,1775.45
primary__chest__paired_common__l10_midpoint__MEQ,primary__chest__paired_common,l10_midpoint,MEQ,RISE,13,78,78,1806.7666666666667
primary__chest__paired_common__l10_midpoint__MEQ,primary__chest__paired_common,l10_midpoint,MEQ,THUAS,13,77,77,1772.5666666666666
primary__chest__paired_common__l10_midpoint__MEQ,primary__chest__paired_common,l10_midpoint,MEQ,BAUA,16,94,94,2174.25
primary__chest__paired_common__l10_midpoint__MEQ,primary__chest__paired_common,l10_midpoint,MEQ,TUM,10,60,60,1374.2
primary__chest__paired_common__l10_midpoint__MEQ,primary__chest__paired_common,l10_midpoint,MEQ,FUSPCEU,22,123,123,2890.25
primary__chest__paired_common__l10_midpoint__MEQ,primary__chest__paired_common,l10_midpoint,MEQ,IZTECH,17,101,101,2348.016666666667
primary__chest__paired_common__l10_midpoint__MEQ,primary__chest__paired_common,l10_midpoint,MEQ,UCR,6,32,32,732.2166666666667
primary__chest__paired_common__l10_midpoint__MEQ,primary__chest__paired_common,l10_midpoint,MEQ,KNUST,15,78,78,1775.45
primary__chest__paired_common__first_timing_above_250__MCTQ,primary__chest__paired_common,first_timing_above_250,MCTQ,RISE,13,74,74,1716.8666666666666
primary__chest__paired_common__first_timing_above_250__MCTQ,primary__chest__paired_common,first_timing_above_250,MCTQ,THUAS,13,65,65,1499.4
primary__chest__paired_common__first_timing_above_250__MCTQ,primary__chest__paired_common,first_timing_above_250,MCTQ,BAUA,16,80,80,1854.2166666666667
primary__chest__paired_common__first_timing_above_250__MCTQ,primary__chest__paired_common,first_timing_above_250,MCTQ,TUM,10,54,54,1238.1666666666667
primary__chest__paired_common__first_timing_above_250__MCTQ,primary__chest__paired_common,first_timing_above_250,MCTQ,FUSPCEU,21,106,106,2498.633333333333
primary__chest__paired_common__first_timing_above_250__MCTQ,primary__chest__paired_common,first_timing_above_250,MCTQ,IZTECH,17,94,94,2185.6
primary__chest__paired_common__first_timing_above_250__MCTQ,primary__chest__paired_common,first_timing_above_250,MCTQ,UCR,6,28,28,643.8666666666667
primary__chest__paired_common__first_timing_above_250__MCTQ,primary__chest__paired_common,first_timing_above_250,MCTQ,KNUST,15,57,57,1302.3
primary__chest__paired_common__first_timing_above_250__MEQ,primary__chest__paired_common,first_timing_above_250,MEQ,RISE,13,74,74,1716.8666666666666
primary__chest__paired_common__first_timing_above_250__MEQ,primary__chest__paired_common,first_timing_above_250,MEQ,THUAS,13,65,65,1499.4
primary__chest__paired_common__first_timing_above_250__MEQ,primary__chest__paired_common,first_timing_above_250,MEQ,BAUA,16,80,80,1854.2166666666667
primary__chest__paired_common__first_timing_above_250__MEQ,primary__chest__paired_common,first_timing_above_250,MEQ,TUM,10,54,54,1238.1666666666667
primary__chest__paired_common__first_timing_above_250__MEQ,primary__chest__paired_common,first_timing_above_250,MEQ,FUSPCEU,22,111,111,2614.866666666667
primary__chest__paired_common__first_timing_above_250__MEQ,primary__chest__paired_common,first_timing_above_250,MEQ,IZTECH,17,94,94,2185.6
primary__chest__paired_common__first_timing_above_250__MEQ,primary__chest__paired_common,first_timing_above_250,MEQ,UCR,6,28,28,643.8666666666667
primary__chest__paired_common__first_timing_above_250__MEQ,primary__chest__paired_common,first_timing_above_250,MEQ,KNUST,15,57,57,1302.3
primary__chest__paired_common__last_timing_above_250__MCTQ,primary__chest__paired_common,last_timing_above_250,MCTQ,RISE,13,71,71,1653.2
primary__chest__paired_common__last_timing_above_250__MCTQ,primary__chest__paired_common,last_timing_above_250,MCTQ,THUAS,13,56,56,1315.5833333333333
primary__chest__paired_common__last_timing_above_250__MCTQ,primary__chest__paired_common,last_timing_above_250,MCTQ,BAUA,16,75,75,1747.5666666666666
primary__chest__paired_common__last_timing_above_250__MCTQ,primary__chest__paired_common,last_timing_above_250,MCTQ,TUM,10,50,50,1150.3666666666666
primary__chest__paired_common__last_timing_above_250__MCTQ,primary__chest__paired_common,last_timing_above_250,MCTQ,FUSPCEU,21,97,97,2300.9
primary__chest__paired_common__last_timing_above_250__MCTQ,primary__chest__paired_common,last_timing_above_250,MCTQ,IZTECH,17,85,85,1984.5666666666666
primary__chest__paired_common__last_timing_above_250__MCTQ,primary__chest__paired_common,last_timing_above_250,MCTQ,UCR,6,24,24,557.7333333333333
primary__chest__paired_common__last_timing_above_250__MCTQ,primary__chest__paired_common,last_timing_above_250,MCTQ,KNUST,15,62,62,1422.4
primary__chest__paired_common__last_timing_above_250__MEQ,primary__chest__paired_common,last_timing_above_250,MEQ,RISE,13,71,71,1653.2
primary__chest__paired_common__last_timing_above_250__MEQ,primary__chest__paired_common,last_timing_above_250,MEQ,THUAS,13,56,56,1315.5833333333333
primary__chest__paired_common__last_timing_above_250__MEQ,primary__chest__paired_common,last_timing_above_250,MEQ,BAUA,16,75,75,1747.5666666666666
primary__chest__paired_common__last_timing_above_250__MEQ,primary__chest__paired_common,last_timing_above_250,MEQ,TUM,10,50,50,1150.3666666666666
primary__chest__paired_common__last_timing_above_250__MEQ,primary__chest__paired_common,last_timing_above_250,MEQ,FUSPCEU,22,101,101,2395.1666666666665
primary__chest__paired_common__last_timing_above_250__MEQ,primary__chest__paired_common,last_timing_above_250,MEQ,IZTECH,17,85,85,1984.5666666666666
primary__chest__paired_common__last_timing_above_250__MEQ,primary__chest__paired_common,last_timing_above_250,MEQ,UCR,6,24,24,557.7333333333333
primary__chest__paired_common__last_timing_above_250__MEQ,primary__chest__paired_common,last_timing_above_250,MEQ,KNUST,15,62,62,1422.4
primary__chest__paired_common__longest_period_midpoint__MCTQ,primary__chest__paired_common,longest_period_midpoint,MCTQ,RISE,13,49,49,1160.4333333333334
primary__chest__paired_common__longest_period_midpoint__MCTQ,primary__chest__paired_common,longest_period_midpoint,MCTQ,THUAS,13,43,43,1019.7666666666667
primary__chest__paired_common__longest_period_midpoint__MCTQ,primary__chest__paired_common,longest_period_midpoint,MCTQ,BAUA,16,52,52,1230.9166666666667
primary__chest__paired_common__longest_period_midpoint__MCTQ,primary__chest__paired_common,longest_period_midpoint,MCTQ,TUM,9,28,28,656.6833333333333
primary__chest__paired_common__longest_period_midpoint__MCTQ,primary__chest__paired_common,longest_period_midpoint,MCTQ,FUSPCEU,21,86,86,2056.6
primary__chest__paired_common__longest_period_midpoint__MCTQ,primary__chest__paired_common,longest_period_midpoint,MCTQ,IZTECH,16,60,60,1427.85
primary__chest__paired_common__longest_period_midpoint__MCTQ,primary__chest__paired_common,longest_period_midpoint,MCTQ,UCR,5,13,13,308.98333333333335
primary__chest__paired_common__longest_period_midpoint__MCTQ,primary__chest__paired_common,longest_period_midpoint,MCTQ,KNUST,11,24,24,567.2333333333333
primary__chest__paired_common__longest_period_midpoint__MEQ,primary__chest__paired_common,longest_period_midpoint,MEQ,RISE,13,49,49,1160.4333333333334
primary__chest__paired_common__longest_period_midpoint__MEQ,primary__chest__paired_common,longest_period_midpoint,MEQ,THUAS,13,43,43,1019.7666666666667
primary__chest__paired_common__longest_period_midpoint__MEQ,primary__chest__paired_common,longest_period_midpoint,MEQ,BAUA,16,52,52,1230.9166666666667
primary__chest__paired_common__longest_period_midpoint__MEQ,primary__chest__paired_common,longest_period_midpoint,MEQ,TUM,9,28,28,656.6833333333333
primary__chest__paired_common__longest_period_midpoint__MEQ,primary__chest__paired_common,longest_period_midpoint,MEQ,FUSPCEU,22,88,88,2104.35
primary__chest__paired_common__longest_period_midpoint__MEQ,primary__chest__paired_common,longest_period_midpoint,MEQ,IZTECH,16,60,60,1427.85
primary__chest__paired_common__longest_period_midpoint__MEQ,primary__chest__paired_common,longest_period_midpoint,MEQ,UCR,5,13,13,308.98333333333335
primary__chest__paired_common__longest_period_midpoint__MEQ,primary__chest__paired_common,longest_period_midpoint,MEQ,KNUST,11,24,24,567.2333333333333
primary__chest__paired_common__mean_timing_above_250__MCTQ,primary__chest__paired_common,mean_timing_above_250,MCTQ,RISE,13,72,72,1679.9833333333333
primary__chest__paired_common__mean_timing_above_250__MCTQ,primary__chest__paired_common,mean_timing_above_250,MCTQ,THUAS,13,68,68,1569.4166666666667
primary__chest__paired_common__mean_timing_above_250__MCTQ,primary__chest__paired_common,mean_timing_above_250,MCTQ,BAUA,16,79,79,1838.0833333333333
primary__chest__paired_common__mean_timing_above_250__MCTQ,primary__chest__paired_common,mean_timing_above_250,MCTQ,TUM,10,52,52,1198.2833333333333
primary__chest__paired_common__mean_timing_above_250__MCTQ,primary__chest__paired_common,mean_timing_above_250,MCTQ,FUSPCEU,21,106,106,2501.633333333333
primary__chest__paired_common__mean_timing_above_250__MCTQ,primary__chest__paired_common,mean_timing_above_250,MCTQ,IZTECH,17,93,93,2164.7833333333333
primary__chest__paired_common__mean_timing_above_250__MCTQ,primary__chest__paired_common,mean_timing_above_250,MCTQ,UCR,6,30,30,686.9333333333333
primary__chest__paired_common__mean_timing_above_250__MCTQ,primary__chest__paired_common,mean_timing_above_250,MCTQ,KNUST,15,67,67,1534.25
primary__chest__paired_common__mean_timing_above_250__MEQ,primary__chest__paired_common,mean_timing_above_250,MEQ,RISE,13,72,72,1679.9833333333333
primary__chest__paired_common__mean_timing_above_250__MEQ,primary__chest__paired_common,mean_timing_above_250,MEQ,THUAS,13,68,68,1569.4166666666667
primary__chest__paired_common__mean_timing_above_250__MEQ,primary__chest__paired_common,mean_timing_above_250,MEQ,BAUA,16,79,79,1838.0833333333333
primary__chest__paired_common__mean_timing_above_250__MEQ,primary__chest__paired_common,mean_timing_above_250,MEQ,TUM,10,52,52,1198.2833333333333
primary__chest__paired_common__mean_timing_above_250__MEQ,primary__chest__paired_common,mean_timing_above_250,MEQ,FUSPCEU,22,112,112,2640.95
primary__chest__paired_common__mean_timing_above_250__MEQ,primary__chest__paired_common,mean_timing_above_250,MEQ,IZTECH,17,93,93,2164.7833333333333
primary__chest__paired_common__mean_timing_above_250__MEQ,primary__chest__paired_common,mean_timing_above_250,MEQ,UCR,6,30,30,686.9333333333333
primary__chest__paired_common__mean_timing_above_250__MEQ,primary__chest__paired_common,mean_timing_above_250,MEQ,KNUST,15,67,67,1534.25
gap__glasses__all_available__m10_midpoint__MCTQ,gap__glasses__all_available,m10_midpoint,MCTQ,RISE,13,78,78,
gap__glasses__all_available__m10_midpoint__MCTQ,gap__glasses__all_available,m10_midpoint,MCTQ,THUAS,13,78,78,
gap__glasses__all_available__m10_midpoint__MCTQ,gap__glasses__all_available,m10_midpoint,MCTQ,BAUA,18,106,106,
gap__glasses__all_available__m10_midpoint__MCTQ,gap__glasses__all_available,m10_midpoint,MCTQ,MPI,26,150,150,
gap__glasses__all_available__m10_midpoint__MCTQ,gap__glasses__all_available,m10_midpoint,MCTQ,TUM,10,60,60,
gap__glasses__all_available__m10_midpoint__MCTQ,gap__glasses__all_available,m10_midpoint,MCTQ,FUSPCEU,22,121,121,
gap__glasses__all_available__m10_midpoint__MCTQ,gap__glasses__all_available,m10_midpoint,MCTQ,IZTECH,17,102,102,
gap__glasses__all_available__m10_midpoint__MCTQ,gap__glasses__all_available,m10_midpoint,MCTQ,UCR,6,30,30,
gap__glasses__all_available__m10_midpoint__MCTQ,gap__glasses__all_available,m10_midpoint,MCTQ,KNUST,15,80,80,
gap__glasses__all_available__m10_midpoint__MEQ,gap__glasses__all_available,m10_midpoint,MEQ,RISE,13,78,78,
gap__glasses__all_available__m10_midpoint__MEQ,gap__glasses__all_available,m10_midpoint,MEQ,THUAS,13,78,78,
gap__glasses__all_available__m10_midpoint__MEQ,gap__glasses__all_available,m10_midpoint,MEQ,BAUA,18,106,106,
gap__glasses__all_available__m10_midpoint__MEQ,gap__glasses__all_available,m10_midpoint,MEQ,MPI,26,150,150,
gap__glasses__all_available__m10_midpoint__MEQ,gap__glasses__all_available,m10_midpoint,MEQ,TUM,10,60,60,
gap__glasses__all_available__m10_midpoint__MEQ,gap__glasses__all_available,m10_midpoint,MEQ,FUSPCEU,23,127,127,
gap__glasses__all_available__m10_midpoint__MEQ,gap__glasses__all_available,m10_midpoint,MEQ,IZTECH,17,102,102,
gap__glasses__all_available__m10_midpoint__MEQ,gap__glasses__all_available,m10_midpoint,MEQ,UCR,6,30,30,
gap__glasses__all_available__m10_midpoint__MEQ,gap__glasses__all_available,m10_midpoint,MEQ,KNUST,15,80,80,
gap__glasses__all_available__l10_midpoint__MCTQ,gap__glasses__all_available,l10_midpoint,MCTQ,RISE,13,78,78,
gap__glasses__all_available__l10_midpoint__MCTQ,gap__glasses__all_available,l10_midpoint,MCTQ,THUAS,13,78,78,
gap__glasses__all_available__l10_midpoint__MCTQ,gap__glasses__all_available,l10_midpoint,MCTQ,BAUA,18,106,106,
gap__glasses__all_available__l10_midpoint__MCTQ,gap__glasses__all_available,l10_midpoint,MCTQ,MPI,26,150,150,
gap__glasses__all_available__l10_midpoint__MCTQ,gap__glasses__all_available,l10_midpoint,MCTQ,TUM,10,60,60,
gap__glasses__all_available__l10_midpoint__MCTQ,gap__glasses__all_available,l10_midpoint,MCTQ,FUSPCEU,22,121,121,
gap__glasses__all_available__l10_midpoint__MCTQ,gap__glasses__all_available,l10_midpoint,MCTQ,IZTECH,17,102,102,
gap__glasses__all_available__l10_midpoint__MCTQ,gap__glasses__all_available,l10_midpoint,MCTQ,UCR,6,30,30,
gap__glasses__all_available__l10_midpoint__MCTQ,gap__glasses__all_available,l10_midpoint,MCTQ,KNUST,15,80,80,
gap__glasses__all_available__l10_midpoint__MEQ,gap__glasses__all_available,l10_midpoint,MEQ,RISE,13,78,78,
gap__glasses__all_available__l10_midpoint__MEQ,gap__glasses__all_available,l10_midpoint,MEQ,THUAS,13,78,78,
gap__glasses__all_available__l10_midpoint__MEQ,gap__glasses__all_available,l10_midpoint,MEQ,BAUA,18,106,106,
gap__glasses__all_available__l10_midpoint__MEQ,gap__glasses__all_available,l10_midpoint,MEQ,MPI,26,150,150,
gap__glasses__all_available__l10_midpoint__MEQ,gap__glasses__all_available,l10_midpoint,MEQ,TUM,10,60,60,
gap__glasses__all_available__l10_midpoint__MEQ,gap__glasses__all_available,l10_midpoint,MEQ,FUSPCEU,23,127,127,
gap__glasses__all_available__l10_midpoint__MEQ,gap__glasses__all_available,l10_midpoint,MEQ,IZTECH,17,102,102,
gap__glasses__all_available__l10_midpoint__MEQ,gap__glasses__all_available,l10_midpoint,MEQ,UCR,6,30,30,
gap__glasses__all_available__l10_midpoint__MEQ,gap__glasses__all_available,l10_midpoint,MEQ,KNUST,15,80,80,
gap__glasses__all_available__first_timing_above_250__MCTQ,gap__glasses__all_available,first_timing_above_250,MCTQ,RISE,13,78,78,
gap__glasses__all_available__first_timing_above_250__MCTQ,gap__glasses__all_available,first_timing_above_250,MCTQ,THUAS,13,75,75,
gap__glasses__all_available__first_timing_above_250__MCTQ,gap__glasses__all_available,first_timing_above_250,MCTQ,BAUA,18,99,99,
gap__glasses__all_available__first_timing_above_250__MCTQ,gap__glasses__all_available,first_timing_above_250,MCTQ,MPI,26,147,147,
gap__glasses__all_available__first_timing_above_250__MCTQ,gap__glasses__all_available,first_timing_above_250,MCTQ,TUM,10,59,59,
gap__glasses__all_available__first_timing_above_250__MCTQ,gap__glasses__all_available,first_timing_above_250,MCTQ,FUSPCEU,22,114,114,
gap__glasses__all_available__first_timing_above_250__MCTQ,gap__glasses__all_available,first_timing_above_250,MCTQ,IZTECH,17,96,96,
gap__glasses__all_available__first_timing_above_250__MCTQ,gap__glasses__all_available,first_timing_above_250,MCTQ,UCR,6,30,30,
gap__glasses__all_available__first_timing_above_250__MCTQ,gap__glasses__all_available,first_timing_above_250,MCTQ,KNUST,15,74,74,
gap__glasses__all_available__first_timing_above_250__MEQ,gap__glasses__all_available,first_timing_above_250,MEQ,RISE,13,78,78,
gap__glasses__all_available__first_timing_above_250__MEQ,gap__glasses__all_available,first_timing_above_250,MEQ,THUAS,13,75,75,
gap__glasses__all_available__first_timing_above_250__MEQ,gap__glasses__all_available,first_timing_above_250,MEQ,BAUA,18,99,99,
gap__glasses__all_available__first_timing_above_250__MEQ,gap__glasses__all_available,first_timing_above_250,MEQ,MPI,26,147,147,
gap__glasses__all_available__first_timing_above_250__MEQ,gap__glasses__all_available,first_timing_above_250,MEQ,TUM,10,59,59,
gap__glasses__all_available__first_timing_above_250__MEQ,gap__glasses__all_available,first_timing_above_250,MEQ,FUSPCEU,23,120,120,
gap__glasses__all_available__first_timing_above_250__MEQ,gap__glasses__all_available,first_timing_above_250,MEQ,IZTECH,17,96,96,
gap__glasses__all_available__first_timing_above_250__MEQ,gap__glasses__all_available,first_timing_above_250,MEQ,UCR,6,30,30,
gap__glasses__all_available__first_timing_above_250__MEQ,gap__glasses__all_available,first_timing_above_250,MEQ,KNUST,15,74,74,
gap__glasses__all_available__last_timing_above_250__MCTQ,gap__glasses__all_available,last_timing_above_250,MCTQ,RISE,13,78,78,
gap__glasses__all_available__last_timing_above_250__MCTQ,gap__glasses__all_available,last_timing_above_250,MCTQ,THUAS,13,75,75,
gap__glasses__all_available__last_timing_above_250__MCTQ,gap__glasses__all_available,last_timing_above_250,MCTQ,BAUA,18,99,99,
gap__glasses__all_available__last_timing_above_250__MCTQ,gap__glasses__all_available,last_timing_above_250,MCTQ,MPI,26,147,147,
gap__glasses__all_available__last_timing_above_250__MCTQ,gap__glasses__all_available,last_timing_above_250,MCTQ,TUM,10,59,59,
gap__glasses__all_available__last_timing_above_250__MCTQ,gap__glasses__all_available,last_timing_above_250,MCTQ,FUSPCEU,22,114,114,
gap__glasses__all_available__last_timing_above_250__MCTQ,gap__glasses__all_available,last_timing_above_250,MCTQ,IZTECH,17,96,96,
gap__glasses__all_available__last_timing_above_250__MCTQ,gap__glasses__all_available,last_timing_above_250,MCTQ,UCR,6,30,30,
gap__glasses__all_available__last_timing_above_250__MCTQ,gap__glasses__all_available,last_timing_above_250,MCTQ,KNUST,15,74,74,
gap__glasses__all_available__last_timing_above_250__MEQ,gap__glasses__all_available,last_timing_above_250,MEQ,RISE,13,78,78,
gap__glasses__all_available__last_timing_above_250__MEQ,gap__glasses__all_available,last_timing_above_250,MEQ,THUAS,13,75,75,
gap__glasses__all_available__last_timing_above_250__MEQ,gap__glasses__all_available,last_timing_above_250,MEQ,BAUA,18,99,99,
gap__glasses__all_available__last_timing_above_250__MEQ,gap__glasses__all_available,last_timing_above_250,MEQ,MPI,26,147,147,
gap__glasses__all_available__last_timing_above_250__MEQ,gap__glasses__all_available,last_timing_above_250,MEQ,TUM,10,59,59,
gap__glasses__all_available__last_timing_above_250__MEQ,gap__glasses__all_available,last_timing_above_250,MEQ,FUSPCEU,23,120,120,
gap__glasses__all_available__last_timing_above_250__MEQ,gap__glasses__all_available,last_timing_above_250,MEQ,IZTECH,17,96,96,
gap__glasses__all_available__last_timing_above_250__MEQ,gap__glasses__all_available,last_timing_above_250,MEQ,UCR,6,30,30,
gap__glasses__all_available__last_timing_above_250__MEQ,gap__glasses__all_available,last_timing_above_250,MEQ,KNUST,15,74,74,
gap__glasses__all_available__mean_timing_above_250__MCTQ,gap__glasses__all_available,mean_timing_above_250,MCTQ,RISE,13,78,78,
gap__glasses__all_available__mean_timing_above_250__MCTQ,gap__glasses__all_available,mean_timing_above_250,MCTQ,THUAS,13,75,75,
gap__glasses__all_available__mean_timing_above_250__MCTQ,gap__glasses__all_available,mean_timing_above_250,MCTQ,BAUA,18,99,99,
gap__glasses__all_available__mean_timing_above_250__MCTQ,gap__glasses__all_available,mean_timing_above_250,MCTQ,MPI,26,147,147,
gap__glasses__all_available__mean_timing_above_250__MCTQ,gap__glasses__all_available,mean_timing_above_250,MCTQ,TUM,10,59,59,
gap__glasses__all_available__mean_timing_above_250__MCTQ,gap__glasses__all_available,mean_timing_above_250,MCTQ,FUSPCEU,22,114,114,
gap__glasses__all_available__mean_timing_above_250__MCTQ,gap__glasses__all_available,mean_timing_above_250,MCTQ,IZTECH,17,96,96,
gap__glasses__all_available__mean_timing_above_250__MCTQ,gap__glasses__all_available,mean_timing_above_250,MCTQ,UCR,6,30,30,
gap__glasses__all_available__mean_timing_above_250__MCTQ,gap__glasses__all_available,mean_timing_above_250,MCTQ,KNUST,15,74,74,
gap__glasses__all_available__mean_timing_above_250__MEQ,gap__glasses__all_available,mean_timing_above_250,MEQ,RISE,13,78,78,
gap__glasses__all_available__mean_timing_above_250__MEQ,gap__glasses__all_available,mean_timing_above_250,MEQ,THUAS,13,75,75,
gap__glasses__all_available__mean_timing_above_250__MEQ,gap__glasses__all_available,mean_timing_above_250,MEQ,BAUA,18,99,99,
gap__glasses__all_available__mean_timing_above_250__MEQ,gap__glasses__all_available,mean_timing_above_250,MEQ,MPI,26,147,147,
gap__glasses__all_available__mean_timing_above_250__MEQ,gap__glasses__all_available,mean_timing_above_250,MEQ,TUM,10,59,59,
gap__glasses__all_available__mean_timing_above_250__MEQ,gap__glasses__all_available,mean_timing_above_250,MEQ,FUSPCEU,23,120,120,
gap__glasses__all_available__mean_timing_above_250__MEQ,gap__glasses__all_available,mean_timing_above_250,MEQ,IZTECH,17,96,96,
gap__glasses__all_available__mean_timing_above_250__MEQ,gap__glasses__all_available,mean_timing_above_250,MEQ,UCR,6,30,30,
gap__glasses__all_available__mean_timing_above_250__MEQ,gap__glasses__all_available,mean_timing_above_250,MEQ,KNUST,15,74,74,
gap__chest__all_available__m10_midpoint__MCTQ,gap__chest__all_available,m10_midpoint,MCTQ,RISE,16,96,96,
gap__chest__all_available__m10_midpoint__MCTQ,gap__chest__all_available,m10_midpoint,MCTQ,THUAS,15,94,94,
gap__chest__all_available__m10_midpoint__MCTQ,gap__chest__all_available,m10_midpoint,MCTQ,BAUA,20,113,113,
gap__chest__all_available__m10_midpoint__MCTQ,gap__chest__all_available,m10_midpoint,MCTQ,TUM,10,60,60,
gap__chest__all_available__m10_midpoint__MCTQ,gap__chest__all_available,m10_midpoint,MCTQ,FUSPCEU,21,116,116,
gap__chest__all_available__m10_midpoint__MCTQ,gap__chest__all_available,m10_midpoint,MCTQ,IZTECH,17,103,103,
gap__chest__all_available__m10_midpoint__MCTQ,gap__chest__all_available,m10_midpoint,MCTQ,UCR,39,226,226,
gap__chest__all_available__m10_midpoint__MCTQ,gap__chest__all_available,m10_midpoint,MCTQ,KNUST,15,83,83,
gap__chest__all_available__m10_midpoint__MEQ,gap__chest__all_available,m10_midpoint,MEQ,RISE,16,96,96,
gap__chest__all_available__m10_midpoint__MEQ,gap__chest__all_available,m10_midpoint,MEQ,THUAS,15,94,94,
gap__chest__all_available__m10_midpoint__MEQ,gap__chest__all_available,m10_midpoint,MEQ,BAUA,20,113,113,
gap__chest__all_available__m10_midpoint__MEQ,gap__chest__all_available,m10_midpoint,MEQ,TUM,10,60,60,
gap__chest__all_available__m10_midpoint__MEQ,gap__chest__all_available,m10_midpoint,MEQ,FUSPCEU,22,122,122,
gap__chest__all_available__m10_midpoint__MEQ,gap__chest__all_available,m10_midpoint,MEQ,IZTECH,17,103,103,
gap__chest__all_available__m10_midpoint__MEQ,gap__chest__all_available,m10_midpoint,MEQ,UCR,39,226,226,
gap__chest__all_available__m10_midpoint__MEQ,gap__chest__all_available,m10_midpoint,MEQ,KNUST,15,83,83,
gap__chest__all_available__l10_midpoint__MCTQ,gap__chest__all_available,l10_midpoint,MCTQ,RISE,16,96,96,
gap__chest__all_available__l10_midpoint__MCTQ,gap__chest__all_available,l10_midpoint,MCTQ,THUAS,15,94,94,
gap__chest__all_available__l10_midpoint__MCTQ,gap__chest__all_available,l10_midpoint,MCTQ,BAUA,20,113,113,
gap__chest__all_available__l10_midpoint__MCTQ,gap__chest__all_available,l10_midpoint,MCTQ,TUM,10,60,60,
gap__chest__all_available__l10_midpoint__MCTQ,gap__chest__all_available,l10_midpoint,MCTQ,FUSPCEU,21,116,116,
gap__chest__all_available__l10_midpoint__MCTQ,gap__chest__all_available,l10_midpoint,MCTQ,IZTECH,17,103,103,
gap__chest__all_available__l10_midpoint__MCTQ,gap__chest__all_available,l10_midpoint,MCTQ,UCR,39,226,226,
gap__chest__all_available__l10_midpoint__MCTQ,gap__chest__all_available,l10_midpoint,MCTQ,KNUST,15,83,83,
gap__chest__all_available__l10_midpoint__MEQ,gap__chest__all_available,l10_midpoint,MEQ,RISE,16,96,96,
gap__chest__all_available__l10_midpoint__MEQ,gap__chest__all_available,l10_midpoint,MEQ,THUAS,15,94,94,
gap__chest__all_available__l10_midpoint__MEQ,gap__chest__all_available,l10_midpoint,MEQ,BAUA,20,113,113,
gap__chest__all_available__l10_midpoint__MEQ,gap__chest__all_available,l10_midpoint,MEQ,TUM,10,60,60,
gap__chest__all_available__l10_midpoint__MEQ,gap__chest__all_available,l10_midpoint,MEQ,FUSPCEU,22,122,122,
gap__chest__all_available__l10_midpoint__MEQ,gap__chest__all_available,l10_midpoint,MEQ,IZTECH,17,103,103,
gap__chest__all_available__l10_midpoint__MEQ,gap__chest__all_available,l10_midpoint,MEQ,UCR,39,226,226,
gap__chest__all_available__l10_midpoint__MEQ,gap__chest__all_available,l10_midpoint,MEQ,KNUST,15,83,83,
gap__chest__all_available__first_timing_above_250__MCTQ,gap__chest__all_available,first_timing_above_250,MCTQ,RISE,16,96,96,
gap__chest__all_available__first_timing_above_250__MCTQ,gap__chest__all_available,first_timing_above_250,MCTQ,THUAS,15,88,88,
gap__chest__all_available__first_timing_above_250__MCTQ,gap__chest__all_available,first_timing_above_250,MCTQ,BAUA,20,108,108,
gap__chest__all_available__first_timing_above_250__MCTQ,gap__chest__all_available,first_timing_above_250,MCTQ,TUM,10,57,57,
gap__chest__all_available__first_timing_above_250__MCTQ,gap__chest__all_available,first_timing_above_250,MCTQ,FUSPCEU,21,110,110,
gap__chest__all_available__first_timing_above_250__MCTQ,gap__chest__all_available,first_timing_above_250,MCTQ,IZTECH,17,98,98,
gap__chest__all_available__first_timing_above_250__MCTQ,gap__chest__all_available,first_timing_above_250,MCTQ,UCR,39,225,225,
gap__chest__all_available__first_timing_above_250__MCTQ,gap__chest__all_available,first_timing_above_250,MCTQ,KNUST,15,79,79,
gap__chest__all_available__first_timing_above_250__MEQ,gap__chest__all_available,first_timing_above_250,MEQ,RISE,16,96,96,
gap__chest__all_available__first_timing_above_250__MEQ,gap__chest__all_available,first_timing_above_250,MEQ,THUAS,15,88,88,
gap__chest__all_available__first_timing_above_250__MEQ,gap__chest__all_available,first_timing_above_250,MEQ,BAUA,20,108,108,
gap__chest__all_available__first_timing_above_250__MEQ,gap__chest__all_available,first_timing_above_250,MEQ,TUM,10,57,57,
gap__chest__all_available__first_timing_above_250__MEQ,gap__chest__all_available,first_timing_above_250,MEQ,FUSPCEU,22,116,116,
gap__chest__all_available__first_timing_above_250__MEQ,gap__chest__all_available,first_timing_above_250,MEQ,IZTECH,17,98,98,
gap__chest__all_available__first_timing_above_250__MEQ,gap__chest__all_available,first_timing_above_250,MEQ,UCR,39,225,225,
gap__chest__all_available__first_timing_above_250__MEQ,gap__chest__all_available,first_timing_above_250,MEQ,KNUST,15,79,79,
gap__chest__all_available__last_timing_above_250__MCTQ,gap__chest__all_available,last_timing_above_250,MCTQ,RISE,16,96,96,
gap__chest__all_available__last_timing_above_250__MCTQ,gap__chest__all_available,last_timing_above_250,MCTQ,THUAS,15,88,88,
gap__chest__all_available__last_timing_above_250__MCTQ,gap__chest__all_available,last_timing_above_250,MCTQ,BAUA,20,108,108,
gap__chest__all_available__last_timing_above_250__MCTQ,gap__chest__all_available,last_timing_above_250,MCTQ,TUM,10,57,57,
gap__chest__all_available__last_timing_above_250__MCTQ,gap__chest__all_available,last_timing_above_250,MCTQ,FUSPCEU,21,110,110,
gap__chest__all_available__last_timing_above_250__MCTQ,gap__chest__all_available,last_timing_above_250,MCTQ,IZTECH,17,98,98,
gap__chest__all_available__last_timing_above_250__MCTQ,gap__chest__all_available,last_timing_above_250,MCTQ,UCR,39,225,225,
gap__chest__all_available__last_timing_above_250__MCTQ,gap__chest__all_available,last_timing_above_250,MCTQ,KNUST,15,79,79,
gap__chest__all_available__last_timing_above_250__MEQ,gap__chest__all_available,last_timing_above_250,MEQ,RISE,16,96,96,
gap__chest__all_available__last_timing_above_250__MEQ,gap__chest__all_available,last_timing_above_250,MEQ,THUAS,15,88,88,
gap__chest__all_available__last_timing_above_250__MEQ,gap__chest__all_available,last_timing_above_250,MEQ,BAUA,20,108,108,
gap__chest__all_available__last_timing_above_250__MEQ,gap__chest__all_available,last_timing_above_250,MEQ,TUM,10,57,57,
gap__chest__all_available__last_timing_above_250__MEQ,gap__chest__all_available,last_timing_above_250,MEQ,FUSPCEU,22,116,116,
gap__chest__all_available__last_timing_above_250__MEQ,gap__chest__all_available,last_timing_above_250,MEQ,IZTECH,17,98,98,
gap__chest__all_available__last_timing_above_250__MEQ,gap__chest__all_available,last_timing_above_250,MEQ,UCR,39,225,225,
gap__chest__all_available__last_timing_above_250__MEQ,gap__chest__all_available,last_timing_above_250,MEQ,KNUST,15,79,79,
gap__chest__all_available__mean_timing_above_250__MCTQ,gap__chest__all_available,mean_timing_above_250,MCTQ,RISE,16,96,96,
gap__chest__all_available__mean_timing_above_250__MCTQ,gap__chest__all_available,mean_timing_above_250,MCTQ,THUAS,15,88,88,
gap__chest__all_available__mean_timing_above_250__MCTQ,gap__chest__all_available,mean_timing_above_250,MCTQ,BAUA,20,108,108,
gap__chest__all_available__mean_timing_above_250__MCTQ,gap__chest__all_available,mean_timing_above_250,MCTQ,TUM,10,57,57,
gap__chest__all_available__mean_timing_above_250__MCTQ,gap__chest__all_available,mean_timing_above_250,MCTQ,FUSPCEU,21,110,110,
gap__chest__all_available__mean_timing_above_250__MCTQ,gap__chest__all_available,mean_timing_above_250,MCTQ,IZTECH,17,98,98,
gap__chest__all_available__mean_timing_above_250__MCTQ,gap__chest__all_available,mean_timing_above_250,MCTQ,UCR,39,225,225,
gap__chest__all_available__mean_timing_above_250__MCTQ,gap__chest__all_available,mean_timing_above_250,MCTQ,KNUST,15,79,79,
gap__chest__all_available__mean_timing_above_250__MEQ,gap__chest__all_available,mean_timing_above_250,MEQ,RISE,16,96,96,
gap__chest__all_available__mean_timing_above_250__MEQ,gap__chest__all_available,mean_timing_above_250,MEQ,THUAS,15,88,88,
gap__chest__all_available__mean_timing_above_250__MEQ,gap__chest__all_available,mean_timing_above_250,MEQ,BAUA,20,108,108,
gap__chest__all_available__mean_timing_above_250__MEQ,gap__chest__all_available,mean_timing_above_250,MEQ,TUM,10,57,57,
gap__chest__all_available__mean_timing_above_250__MEQ,gap__chest__all_available,mean_timing_above_250,MEQ,FUSPCEU,22,116,116,
gap__chest__all_available__mean_timing_above_250__MEQ,gap__chest__all_available,mean_timing_above_250,MEQ,IZTECH,17,98,98,
gap__chest__all_available__mean_timing_above_250__MEQ,gap__chest__all_available,mean_timing_above_250,MEQ,UCR,39,225,225,
gap__chest__all_available__mean_timing_above_250__MEQ,gap__chest__all_available,mean_timing_above_250,MEQ,KNUST,15,79,79,
primary__glasses__gap_common__m10_midpoint__MCTQ,primary__glasses__gap_common,m10_midpoint,MCTQ,RISE,13,78,78,1807.1666666666667
primary__glasses__gap_common__m10_midpoint__MCTQ,primary__glasses__gap_common,m10_midpoint,MCTQ,THUAS,13,78,78,1796.4166666666667
primary__glasses__gap_common__m10_midpoint__MCTQ,primary__glasses__gap_common,m10_midpoint,MCTQ,BAUA,18,106,106,2456.9333333333334
primary__glasses__gap_common__m10_midpoint__MCTQ,primary__glasses__gap_common,m10_midpoint,MCTQ,MPI,26,150,150,3445.133333333333
primary__glasses__gap_common__m10_midpoint__MCTQ,primary__glasses__gap_common,m10_midpoint,MCTQ,TUM,10,60,60,1374.4833333333333
primary__glasses__gap_common__m10_midpoint__MCTQ,primary__glasses__gap_common,m10_midpoint,MCTQ,FUSPCEU,22,121,121,2847.366666666667
primary__glasses__gap_common__m10_midpoint__MCTQ,primary__glasses__gap_common,m10_midpoint,MCTQ,IZTECH,17,100,100,2327.366666666667
primary__glasses__gap_common__m10_midpoint__MCTQ,primary__glasses__gap_common,m10_midpoint,MCTQ,UCR,6,30,30,693.0833333333334
primary__glasses__gap_common__m10_midpoint__MCTQ,primary__glasses__gap_common,m10_midpoint,MCTQ,KNUST,15,80,80,1826.5
primary__glasses__gap_common__m10_midpoint__MEQ,primary__glasses__gap_common,m10_midpoint,MEQ,RISE,13,78,78,1807.1666666666667
primary__glasses__gap_common__m10_midpoint__MEQ,primary__glasses__gap_common,m10_midpoint,MEQ,THUAS,13,78,78,1796.4166666666667
primary__glasses__gap_common__m10_midpoint__MEQ,primary__glasses__gap_common,m10_midpoint,MEQ,BAUA,18,106,106,2456.9333333333334
primary__glasses__gap_common__m10_midpoint__MEQ,primary__glasses__gap_common,m10_midpoint,MEQ,MPI,26,150,150,3445.133333333333
primary__glasses__gap_common__m10_midpoint__MEQ,primary__glasses__gap_common,m10_midpoint,MEQ,TUM,10,60,60,1374.4833333333333
primary__glasses__gap_common__m10_midpoint__MEQ,primary__glasses__gap_common,m10_midpoint,MEQ,FUSPCEU,23,127,127,2986.6833333333334
primary__glasses__gap_common__m10_midpoint__MEQ,primary__glasses__gap_common,m10_midpoint,MEQ,IZTECH,17,100,100,2327.366666666667
primary__glasses__gap_common__m10_midpoint__MEQ,primary__glasses__gap_common,m10_midpoint,MEQ,UCR,6,30,30,693.0833333333334
primary__glasses__gap_common__m10_midpoint__MEQ,primary__glasses__gap_common,m10_midpoint,MEQ,KNUST,15,80,80,1826.5
primary__glasses__gap_common__l10_midpoint__MCTQ,primary__glasses__gap_common,l10_midpoint,MCTQ,RISE,13,78,78,1807.1666666666667
primary__glasses__gap_common__l10_midpoint__MCTQ,primary__glasses__gap_common,l10_midpoint,MCTQ,THUAS,13,78,78,1796.4166666666667
primary__glasses__gap_common__l10_midpoint__MCTQ,primary__glasses__gap_common,l10_midpoint,MCTQ,BAUA,18,106,106,2456.9333333333334
primary__glasses__gap_common__l10_midpoint__MCTQ,primary__glasses__gap_common,l10_midpoint,MCTQ,MPI,26,150,150,3445.133333333333
primary__glasses__gap_common__l10_midpoint__MCTQ,primary__glasses__gap_common,l10_midpoint,MCTQ,TUM,10,60,60,1374.4833333333333
primary__glasses__gap_common__l10_midpoint__MCTQ,primary__glasses__gap_common,l10_midpoint,MCTQ,FUSPCEU,22,121,121,2847.366666666667
primary__glasses__gap_common__l10_midpoint__MCTQ,primary__glasses__gap_common,l10_midpoint,MCTQ,IZTECH,17,100,100,2327.366666666667
primary__glasses__gap_common__l10_midpoint__MCTQ,primary__glasses__gap_common,l10_midpoint,MCTQ,UCR,6,30,30,693.0833333333334
primary__glasses__gap_common__l10_midpoint__MCTQ,primary__glasses__gap_common,l10_midpoint,MCTQ,KNUST,15,80,80,1826.5
primary__glasses__gap_common__l10_midpoint__MEQ,primary__glasses__gap_common,l10_midpoint,MEQ,RISE,13,78,78,1807.1666666666667
primary__glasses__gap_common__l10_midpoint__MEQ,primary__glasses__gap_common,l10_midpoint,MEQ,THUAS,13,78,78,1796.4166666666667
primary__glasses__gap_common__l10_midpoint__MEQ,primary__glasses__gap_common,l10_midpoint,MEQ,BAUA,18,106,106,2456.9333333333334
primary__glasses__gap_common__l10_midpoint__MEQ,primary__glasses__gap_common,l10_midpoint,MEQ,MPI,26,150,150,3445.133333333333
primary__glasses__gap_common__l10_midpoint__MEQ,primary__glasses__gap_common,l10_midpoint,MEQ,TUM,10,60,60,1374.4833333333333
primary__glasses__gap_common__l10_midpoint__MEQ,primary__glasses__gap_common,l10_midpoint,MEQ,FUSPCEU,23,127,127,2986.6833333333334
primary__glasses__gap_common__l10_midpoint__MEQ,primary__glasses__gap_common,l10_midpoint,MEQ,IZTECH,17,100,100,2327.366666666667
primary__glasses__gap_common__l10_midpoint__MEQ,primary__glasses__gap_common,l10_midpoint,MEQ,UCR,6,30,30,693.0833333333334
primary__glasses__gap_common__l10_midpoint__MEQ,primary__glasses__gap_common,l10_midpoint,MEQ,KNUST,15,80,80,1826.5
primary__glasses__gap_common__first_timing_above_250__MCTQ,primary__glasses__gap_common,first_timing_above_250,MCTQ,RISE,13,74,74,1717.2666666666667
primary__glasses__gap_common__first_timing_above_250__MCTQ,primary__glasses__gap_common,first_timing_above_250,MCTQ,THUAS,13,68,68,1571
primary__glasses__gap_common__first_timing_above_250__MCTQ,primary__glasses__gap_common,first_timing_above_250,MCTQ,BAUA,18,92,92,2135.016666666667
primary__glasses__gap_common__first_timing_above_250__MCTQ,primary__glasses__gap_common,first_timing_above_250,MCTQ,MPI,25,133,133,3060.15
primary__glasses__gap_common__first_timing_above_250__MCTQ,primary__glasses__gap_common,first_timing_above_250,MCTQ,TUM,10,56,56,1284.9
primary__glasses__gap_common__first_timing_above_250__MCTQ,primary__glasses__gap_common,first_timing_above_250,MCTQ,FUSPCEU,22,111,111,2613.233333333333
primary__glasses__gap_common__first_timing_above_250__MCTQ,primary__glasses__gap_common,first_timing_above_250,MCTQ,IZTECH,17,94,94,2188.5333333333333
primary__glasses__gap_common__first_timing_above_250__MCTQ,primary__glasses__gap_common,first_timing_above_250,MCTQ,UCR,6,27,27,628.2166666666667
primary__glasses__gap_common__first_timing_above_250__MCTQ,primary__glasses__gap_common,first_timing_above_250,MCTQ,KNUST,15,60,60,1380.7166666666667
primary__glasses__gap_common__first_timing_above_250__MEQ,primary__glasses__gap_common,first_timing_above_250,MEQ,RISE,13,74,74,1717.2666666666667
primary__glasses__gap_common__first_timing_above_250__MEQ,primary__glasses__gap_common,first_timing_above_250,MEQ,THUAS,13,68,68,1571
primary__glasses__gap_common__first_timing_above_250__MEQ,primary__glasses__gap_common,first_timing_above_250,MEQ,BAUA,18,92,92,2135.016666666667
primary__glasses__gap_common__first_timing_above_250__MEQ,primary__glasses__gap_common,first_timing_above_250,MEQ,MPI,25,133,133,3060.15
primary__glasses__gap_common__first_timing_above_250__MEQ,primary__glasses__gap_common,first_timing_above_250,MEQ,TUM,10,56,56,1284.9
primary__glasses__gap_common__first_timing_above_250__MEQ,primary__glasses__gap_common,first_timing_above_250,MEQ,FUSPCEU,23,116,116,2729.4666666666667
primary__glasses__gap_common__first_timing_above_250__MEQ,primary__glasses__gap_common,first_timing_above_250,MEQ,IZTECH,17,94,94,2188.5333333333333
primary__glasses__gap_common__first_timing_above_250__MEQ,primary__glasses__gap_common,first_timing_above_250,MEQ,UCR,6,27,27,628.2166666666667
primary__glasses__gap_common__first_timing_above_250__MEQ,primary__glasses__gap_common,first_timing_above_250,MEQ,KNUST,15,60,60,1380.7166666666667
primary__glasses__gap_common__last_timing_above_250__MCTQ,primary__glasses__gap_common,last_timing_above_250,MCTQ,RISE,13,73,73,1695.6333333333334
primary__glasses__gap_common__last_timing_above_250__MCTQ,primary__glasses__gap_common,last_timing_above_250,MCTQ,THUAS,13,62,62,1450.6833333333334
primary__glasses__gap_common__last_timing_above_250__MCTQ,primary__glasses__gap_common,last_timing_above_250,MCTQ,BAUA,18,89,89,2073.05
primary__glasses__gap_common__last_timing_above_250__MCTQ,primary__glasses__gap_common,last_timing_above_250,MCTQ,MPI,26,121,121,2811.2
primary__glasses__gap_common__last_timing_above_250__MCTQ,primary__glasses__gap_common,last_timing_above_250,MCTQ,TUM,10,53,53,1219.3166666666666
primary__glasses__gap_common__last_timing_above_250__MCTQ,primary__glasses__gap_common,last_timing_above_250,MCTQ,FUSPCEU,22,102,102,2415.4166666666665
primary__glasses__gap_common__last_timing_above_250__MCTQ,primary__glasses__gap_common,last_timing_above_250,MCTQ,IZTECH,17,88,88,2055.983333333333
primary__glasses__gap_common__last_timing_above_250__MCTQ,primary__glasses__gap_common,last_timing_above_250,MCTQ,UCR,6,26,26,607
primary__glasses__gap_common__last_timing_above_250__MCTQ,primary__glasses__gap_common,last_timing_above_250,MCTQ,KNUST,15,66,66,1512.65
primary__glasses__gap_common__last_timing_above_250__MEQ,primary__glasses__gap_common,last_timing_above_250,MEQ,RISE,13,73,73,1695.6333333333334
primary__glasses__gap_common__last_timing_above_250__MEQ,primary__glasses__gap_common,last_timing_above_250,MEQ,THUAS,13,62,62,1450.6833333333334
primary__glasses__gap_common__last_timing_above_250__MEQ,primary__glasses__gap_common,last_timing_above_250,MEQ,BAUA,18,89,89,2073.05
primary__glasses__gap_common__last_timing_above_250__MEQ,primary__glasses__gap_common,last_timing_above_250,MEQ,MPI,26,121,121,2811.2
primary__glasses__gap_common__last_timing_above_250__MEQ,primary__glasses__gap_common,last_timing_above_250,MEQ,TUM,10,53,53,1219.3166666666666
primary__glasses__gap_common__last_timing_above_250__MEQ,primary__glasses__gap_common,last_timing_above_250,MEQ,FUSPCEU,23,106,106,2509.6833333333334
primary__glasses__gap_common__last_timing_above_250__MEQ,primary__glasses__gap_common,last_timing_above_250,MEQ,IZTECH,17,88,88,2055.983333333333
primary__glasses__gap_common__last_timing_above_250__MEQ,primary__glasses__gap_common,last_timing_above_250,MEQ,UCR,6,26,26,607
primary__glasses__gap_common__last_timing_above_250__MEQ,primary__glasses__gap_common,last_timing_above_250,MEQ,KNUST,15,66,66,1512.65
primary__glasses__gap_common__mean_timing_above_250__MCTQ,primary__glasses__gap_common,mean_timing_above_250,MCTQ,RISE,13,72,72,1680.3833333333334
primary__glasses__gap_common__mean_timing_above_250__MCTQ,primary__glasses__gap_common,mean_timing_above_250,MCTQ,THUAS,13,71,71,1641.0166666666667
primary__glasses__gap_common__mean_timing_above_250__MCTQ,primary__glasses__gap_common,mean_timing_above_250,MCTQ,BAUA,18,92,92,2140.9166666666665
primary__glasses__gap_common__mean_timing_above_250__MCTQ,primary__glasses__gap_common,mean_timing_above_250,MCTQ,MPI,26,138,138,3184.25
primary__glasses__gap_common__mean_timing_above_250__MCTQ,primary__glasses__gap_common,mean_timing_above_250,MCTQ,TUM,10,55,55,1266.8333333333333
primary__glasses__gap_common__mean_timing_above_250__MCTQ,primary__glasses__gap_common,mean_timing_above_250,MCTQ,FUSPCEU,22,110,110,2593.3333333333335
primary__glasses__gap_common__mean_timing_above_250__MCTQ,primary__glasses__gap_common,mean_timing_above_250,MCTQ,IZTECH,17,93,93,2167.7166666666667
primary__glasses__gap_common__mean_timing_above_250__MCTQ,primary__glasses__gap_common,mean_timing_above_250,MCTQ,UCR,6,29,29,671.2833333333333
primary__glasses__gap_common__mean_timing_above_250__MCTQ,primary__glasses__gap_common,mean_timing_above_250,MCTQ,KNUST,15,71,71,1626.1166666666666
primary__glasses__gap_common__mean_timing_above_250__MEQ,primary__glasses__gap_common,mean_timing_above_250,MEQ,RISE,13,72,72,1680.3833333333334
primary__glasses__gap_common__mean_timing_above_250__MEQ,primary__glasses__gap_common,mean_timing_above_250,MEQ,THUAS,13,71,71,1641.0166666666667
primary__glasses__gap_common__mean_timing_above_250__MEQ,primary__glasses__gap_common,mean_timing_above_250,MEQ,BAUA,18,92,92,2140.9166666666665
primary__glasses__gap_common__mean_timing_above_250__MEQ,primary__glasses__gap_common,mean_timing_above_250,MEQ,MPI,26,138,138,3184.25
primary__glasses__gap_common__mean_timing_above_250__MEQ,primary__glasses__gap_common,mean_timing_above_250,MEQ,TUM,10,55,55,1266.8333333333333
primary__glasses__gap_common__mean_timing_above_250__MEQ,primary__glasses__gap_common,mean_timing_above_250,MEQ,FUSPCEU,23,116,116,2732.65
primary__glasses__gap_common__mean_timing_above_250__MEQ,primary__glasses__gap_common,mean_timing_above_250,MEQ,IZTECH,17,93,93,2167.7166666666667
primary__glasses__gap_common__mean_timing_above_250__MEQ,primary__glasses__gap_common,mean_timing_above_250,MEQ,UCR,6,29,29,671.2833333333333
primary__glasses__gap_common__mean_timing_above_250__MEQ,primary__glasses__gap_common,mean_timing_above_250,MEQ,KNUST,15,71,71,1626.1166666666666
gap__glasses__gap_common__m10_midpoint__MCTQ,gap__glasses__gap_common,m10_midpoint,MCTQ,RISE,13,78,78,
gap__glasses__gap_common__m10_midpoint__MCTQ,gap__glasses__gap_common,m10_midpoint,MCTQ,THUAS,13,78,78,
gap__glasses__gap_common__m10_midpoint__MCTQ,gap__glasses__gap_common,m10_midpoint,MCTQ,BAUA,18,106,106,
gap__glasses__gap_common__m10_midpoint__MCTQ,gap__glasses__gap_common,m10_midpoint,MCTQ,MPI,26,150,150,
gap__glasses__gap_common__m10_midpoint__MCTQ,gap__glasses__gap_common,m10_midpoint,MCTQ,TUM,10,60,60,
gap__glasses__gap_common__m10_midpoint__MCTQ,gap__glasses__gap_common,m10_midpoint,MCTQ,FUSPCEU,22,121,121,
gap__glasses__gap_common__m10_midpoint__MCTQ,gap__glasses__gap_common,m10_midpoint,MCTQ,IZTECH,17,100,100,
gap__glasses__gap_common__m10_midpoint__MCTQ,gap__glasses__gap_common,m10_midpoint,MCTQ,UCR,6,30,30,
gap__glasses__gap_common__m10_midpoint__MCTQ,gap__glasses__gap_common,m10_midpoint,MCTQ,KNUST,15,80,80,
gap__glasses__gap_common__m10_midpoint__MEQ,gap__glasses__gap_common,m10_midpoint,MEQ,RISE,13,78,78,
gap__glasses__gap_common__m10_midpoint__MEQ,gap__glasses__gap_common,m10_midpoint,MEQ,THUAS,13,78,78,
gap__glasses__gap_common__m10_midpoint__MEQ,gap__glasses__gap_common,m10_midpoint,MEQ,BAUA,18,106,106,
gap__glasses__gap_common__m10_midpoint__MEQ,gap__glasses__gap_common,m10_midpoint,MEQ,MPI,26,150,150,
gap__glasses__gap_common__m10_midpoint__MEQ,gap__glasses__gap_common,m10_midpoint,MEQ,TUM,10,60,60,
gap__glasses__gap_common__m10_midpoint__MEQ,gap__glasses__gap_common,m10_midpoint,MEQ,FUSPCEU,23,127,127,
gap__glasses__gap_common__m10_midpoint__MEQ,gap__glasses__gap_common,m10_midpoint,MEQ,IZTECH,17,100,100,
gap__glasses__gap_common__m10_midpoint__MEQ,gap__glasses__gap_common,m10_midpoint,MEQ,UCR,6,30,30,
gap__glasses__gap_common__m10_midpoint__MEQ,gap__glasses__gap_common,m10_midpoint,MEQ,KNUST,15,80,80,
gap__glasses__gap_common__l10_midpoint__MCTQ,gap__glasses__gap_common,l10_midpoint,MCTQ,RISE,13,78,78,
gap__glasses__gap_common__l10_midpoint__MCTQ,gap__glasses__gap_common,l10_midpoint,MCTQ,THUAS,13,78,78,
gap__glasses__gap_common__l10_midpoint__MCTQ,gap__glasses__gap_common,l10_midpoint,MCTQ,BAUA,18,106,106,
gap__glasses__gap_common__l10_midpoint__MCTQ,gap__glasses__gap_common,l10_midpoint,MCTQ,MPI,26,150,150,
gap__glasses__gap_common__l10_midpoint__MCTQ,gap__glasses__gap_common,l10_midpoint,MCTQ,TUM,10,60,60,
gap__glasses__gap_common__l10_midpoint__MCTQ,gap__glasses__gap_common,l10_midpoint,MCTQ,FUSPCEU,22,121,121,
gap__glasses__gap_common__l10_midpoint__MCTQ,gap__glasses__gap_common,l10_midpoint,MCTQ,IZTECH,17,100,100,
gap__glasses__gap_common__l10_midpoint__MCTQ,gap__glasses__gap_common,l10_midpoint,MCTQ,UCR,6,30,30,
gap__glasses__gap_common__l10_midpoint__MCTQ,gap__glasses__gap_common,l10_midpoint,MCTQ,KNUST,15,80,80,
gap__glasses__gap_common__l10_midpoint__MEQ,gap__glasses__gap_common,l10_midpoint,MEQ,RISE,13,78,78,
gap__glasses__gap_common__l10_midpoint__MEQ,gap__glasses__gap_common,l10_midpoint,MEQ,THUAS,13,78,78,
gap__glasses__gap_common__l10_midpoint__MEQ,gap__glasses__gap_common,l10_midpoint,MEQ,BAUA,18,106,106,
gap__glasses__gap_common__l10_midpoint__MEQ,gap__glasses__gap_common,l10_midpoint,MEQ,MPI,26,150,150,
gap__glasses__gap_common__l10_midpoint__MEQ,gap__glasses__gap_common,l10_midpoint,MEQ,TUM,10,60,60,
gap__glasses__gap_common__l10_midpoint__MEQ,gap__glasses__gap_common,l10_midpoint,MEQ,FUSPCEU,23,127,127,
gap__glasses__gap_common__l10_midpoint__MEQ,gap__glasses__gap_common,l10_midpoint,MEQ,IZTECH,17,100,100,
gap__glasses__gap_common__l10_midpoint__MEQ,gap__glasses__gap_common,l10_midpoint,MEQ,UCR,6,30,30,
gap__glasses__gap_common__l10_midpoint__MEQ,gap__glasses__gap_common,l10_midpoint,MEQ,KNUST,15,80,80,
gap__glasses__gap_common__first_timing_above_250__MCTQ,gap__glasses__gap_common,first_timing_above_250,MCTQ,RISE,13,74,74,
gap__glasses__gap_common__first_timing_above_250__MCTQ,gap__glasses__gap_common,first_timing_above_250,MCTQ,THUAS,13,68,68,
gap__glasses__gap_common__first_timing_above_250__MCTQ,gap__glasses__gap_common,first_timing_above_250,MCTQ,BAUA,18,92,92,
gap__glasses__gap_common__first_timing_above_250__MCTQ,gap__glasses__gap_common,first_timing_above_250,MCTQ,MPI,25,133,133,
gap__glasses__gap_common__first_timing_above_250__MCTQ,gap__glasses__gap_common,first_timing_above_250,MCTQ,TUM,10,56,56,
gap__glasses__gap_common__first_timing_above_250__MCTQ,gap__glasses__gap_common,first_timing_above_250,MCTQ,FUSPCEU,22,111,111,
gap__glasses__gap_common__first_timing_above_250__MCTQ,gap__glasses__gap_common,first_timing_above_250,MCTQ,IZTECH,17,94,94,
gap__glasses__gap_common__first_timing_above_250__MCTQ,gap__glasses__gap_common,first_timing_above_250,MCTQ,UCR,6,27,27,
gap__glasses__gap_common__first_timing_above_250__MCTQ,gap__glasses__gap_common,first_timing_above_250,MCTQ,KNUST,15,60,60,
gap__glasses__gap_common__first_timing_above_250__MEQ,gap__glasses__gap_common,first_timing_above_250,MEQ,RISE,13,74,74,
gap__glasses__gap_common__first_timing_above_250__MEQ,gap__glasses__gap_common,first_timing_above_250,MEQ,THUAS,13,68,68,
gap__glasses__gap_common__first_timing_above_250__MEQ,gap__glasses__gap_common,first_timing_above_250,MEQ,BAUA,18,92,92,
gap__glasses__gap_common__first_timing_above_250__MEQ,gap__glasses__gap_common,first_timing_above_250,MEQ,MPI,25,133,133,
gap__glasses__gap_common__first_timing_above_250__MEQ,gap__glasses__gap_common,first_timing_above_250,MEQ,TUM,10,56,56,
gap__glasses__gap_common__first_timing_above_250__MEQ,gap__glasses__gap_common,first_timing_above_250,MEQ,FUSPCEU,23,116,116,
gap__glasses__gap_common__first_timing_above_250__MEQ,gap__glasses__gap_common,first_timing_above_250,MEQ,IZTECH,17,94,94,
gap__glasses__gap_common__first_timing_above_250__MEQ,gap__glasses__gap_common,first_timing_above_250,MEQ,UCR,6,27,27,
gap__glasses__gap_common__first_timing_above_250__MEQ,gap__glasses__gap_common,first_timing_above_250,MEQ,KNUST,15,60,60,
gap__glasses__gap_common__last_timing_above_250__MCTQ,gap__glasses__gap_common,last_timing_above_250,MCTQ,RISE,13,73,73,
gap__glasses__gap_common__last_timing_above_250__MCTQ,gap__glasses__gap_common,last_timing_above_250,MCTQ,THUAS,13,62,62,
gap__glasses__gap_common__last_timing_above_250__MCTQ,gap__glasses__gap_common,last_timing_above_250,MCTQ,BAUA,18,89,89,
gap__glasses__gap_common__last_timing_above_250__MCTQ,gap__glasses__gap_common,last_timing_above_250,MCTQ,MPI,26,121,121,
gap__glasses__gap_common__last_timing_above_250__MCTQ,gap__glasses__gap_common,last_timing_above_250,MCTQ,TUM,10,53,53,
gap__glasses__gap_common__last_timing_above_250__MCTQ,gap__glasses__gap_common,last_timing_above_250,MCTQ,FUSPCEU,22,102,102,
gap__glasses__gap_common__last_timing_above_250__MCTQ,gap__glasses__gap_common,last_timing_above_250,MCTQ,IZTECH,17,88,88,
gap__glasses__gap_common__last_timing_above_250__MCTQ,gap__glasses__gap_common,last_timing_above_250,MCTQ,UCR,6,26,26,
gap__glasses__gap_common__last_timing_above_250__MCTQ,gap__glasses__gap_common,last_timing_above_250,MCTQ,KNUST,15,66,66,
gap__glasses__gap_common__last_timing_above_250__MEQ,gap__glasses__gap_common,last_timing_above_250,MEQ,RISE,13,73,73,
gap__glasses__gap_common__last_timing_above_250__MEQ,gap__glasses__gap_common,last_timing_above_250,MEQ,THUAS,13,62,62,
gap__glasses__gap_common__last_timing_above_250__MEQ,gap__glasses__gap_common,last_timing_above_250,MEQ,BAUA,18,89,89,
gap__glasses__gap_common__last_timing_above_250__MEQ,gap__glasses__gap_common,last_timing_above_250,MEQ,MPI,26,121,121,
gap__glasses__gap_common__last_timing_above_250__MEQ,gap__glasses__gap_common,last_timing_above_250,MEQ,TUM,10,53,53,
gap__glasses__gap_common__last_timing_above_250__MEQ,gap__glasses__gap_common,last_timing_above_250,MEQ,FUSPCEU,23,106,106,
gap__glasses__gap_common__last_timing_above_250__MEQ,gap__glasses__gap_common,last_timing_above_250,MEQ,IZTECH,17,88,88,
gap__glasses__gap_common__last_timing_above_250__MEQ,gap__glasses__gap_common,last_timing_above_250,MEQ,UCR,6,26,26,
gap__glasses__gap_common__last_timing_above_250__MEQ,gap__glasses__gap_common,last_timing_above_250,MEQ,KNUST,15,66,66,
gap__glasses__gap_common__mean_timing_above_250__MCTQ,gap__glasses__gap_common,mean_timing_above_250,MCTQ,RISE,13,72,72,
gap__glasses__gap_common__mean_timing_above_250__MCTQ,gap__glasses__gap_common,mean_timing_above_250,MCTQ,THUAS,13,71,71,
gap__glasses__gap_common__mean_timing_above_250__MCTQ,gap__glasses__gap_common,mean_timing_above_250,MCTQ,BAUA,18,92,92,
gap__glasses__gap_common__mean_timing_above_250__MCTQ,gap__glasses__gap_common,mean_timing_above_250,MCTQ,MPI,26,138,138,
gap__glasses__gap_common__mean_timing_above_250__MCTQ,gap__glasses__gap_common,mean_timing_above_250,MCTQ,TUM,10,55,55,
gap__glasses__gap_common__mean_timing_above_250__MCTQ,gap__glasses__gap_common,mean_timing_above_250,MCTQ,FUSPCEU,22,110,110,
gap__glasses__gap_common__mean_timing_above_250__MCTQ,gap__glasses__gap_common,mean_timing_above_250,MCTQ,IZTECH,17,93,93,
gap__glasses__gap_common__mean_timing_above_250__MCTQ,gap__glasses__gap_common,mean_timing_above_250,MCTQ,UCR,6,29,29,
gap__glasses__gap_common__mean_timing_above_250__MCTQ,gap__glasses__gap_common,mean_timing_above_250,MCTQ,KNUST,15,71,71,
gap__glasses__gap_common__mean_timing_above_250__MEQ,gap__glasses__gap_common,mean_timing_above_250,MEQ,RISE,13,72,72,
gap__glasses__gap_common__mean_timing_above_250__MEQ,gap__glasses__gap_common,mean_timing_above_250,MEQ,THUAS,13,71,71,
gap__glasses__gap_common__mean_timing_above_250__MEQ,gap__glasses__gap_common,mean_timing_above_250,MEQ,BAUA,18,92,92,
gap__glasses__gap_common__mean_timing_above_250__MEQ,gap__glasses__gap_common,mean_timing_above_250,MEQ,MPI,26,138,138,
gap__glasses__gap_common__mean_timing_above_250__MEQ,gap__glasses__gap_common,mean_timing_above_250,MEQ,TUM,10,55,55,
gap__glasses__gap_common__mean_timing_above_250__MEQ,gap__glasses__gap_common,mean_timing_above_250,MEQ,FUSPCEU,23,116,116,
gap__glasses__gap_common__mean_timing_above_250__MEQ,gap__glasses__gap_common,mean_timing_above_250,MEQ,IZTECH,17,93,93,
gap__glasses__gap_common__mean_timing_above_250__MEQ,gap__glasses__gap_common,mean_timing_above_250,MEQ,UCR,6,29,29,
gap__glasses__gap_common__mean_timing_above_250__MEQ,gap__glasses__gap_common,mean_timing_above_250,MEQ,KNUST,15,71,71,
primary__chest__gap_common__m10_midpoint__MCTQ,primary__chest__gap_common,m10_midpoint,MCTQ,RISE,16,96,96,2232.366666666667
primary__chest__gap_common__m10_midpoint__MCTQ,primary__chest__gap_common,m10_midpoint,MCTQ,THUAS,15,93,93,2151.8
primary__chest__gap_common__m10_midpoint__MCTQ,primary__chest__gap_common,m10_midpoint,MCTQ,BAUA,20,113,113,2631.8333333333335
primary__chest__gap_common__m10_midpoint__MCTQ,primary__chest__gap_common,m10_midpoint,MCTQ,TUM,10,60,60,1374.2
primary__chest__gap_common__m10_midpoint__MCTQ,primary__chest__gap_common,m10_midpoint,MCTQ,FUSPCEU,21,116,116,2731.6666666666665
primary__chest__gap_common__m10_midpoint__MCTQ,primary__chest__gap_common,m10_midpoint,MCTQ,IZTECH,17,101,101,2350.6833333333334
primary__chest__gap_common__m10_midpoint__MCTQ,primary__chest__gap_common,m10_midpoint,MCTQ,UCR,39,226,226,5226.716666666666
primary__chest__gap_common__m10_midpoint__MCTQ,primary__chest__gap_common,m10_midpoint,MCTQ,KNUST,15,83,83,1895.4833333333333
primary__chest__gap_common__m10_midpoint__MEQ,primary__chest__gap_common,m10_midpoint,MEQ,RISE,16,96,96,2232.366666666667
primary__chest__gap_common__m10_midpoint__MEQ,primary__chest__gap_common,m10_midpoint,MEQ,THUAS,15,93,93,2151.8
primary__chest__gap_common__m10_midpoint__MEQ,primary__chest__gap_common,m10_midpoint,MEQ,BAUA,20,113,113,2631.8333333333335
primary__chest__gap_common__m10_midpoint__MEQ,primary__chest__gap_common,m10_midpoint,MEQ,TUM,10,60,60,1374.2
primary__chest__gap_common__m10_midpoint__MEQ,primary__chest__gap_common,m10_midpoint,MEQ,FUSPCEU,22,122,122,2870.983333333333
primary__chest__gap_common__m10_midpoint__MEQ,primary__chest__gap_common,m10_midpoint,MEQ,IZTECH,17,101,101,2350.6833333333334
primary__chest__gap_common__m10_midpoint__MEQ,primary__chest__gap_common,m10_midpoint,MEQ,UCR,39,226,226,5226.716666666666
primary__chest__gap_common__m10_midpoint__MEQ,primary__chest__gap_common,m10_midpoint,MEQ,KNUST,15,83,83,1895.4833333333333
primary__chest__gap_common__l10_midpoint__MCTQ,primary__chest__gap_common,l10_midpoint,MCTQ,RISE,16,96,96,2232.366666666667
primary__chest__gap_common__l10_midpoint__MCTQ,primary__chest__gap_common,l10_midpoint,MCTQ,THUAS,15,93,93,2151.8
primary__chest__gap_common__l10_midpoint__MCTQ,primary__chest__gap_common,l10_midpoint,MCTQ,BAUA,20,113,113,2631.8333333333335
primary__chest__gap_common__l10_midpoint__MCTQ,primary__chest__gap_common,l10_midpoint,MCTQ,TUM,10,60,60,1374.2
primary__chest__gap_common__l10_midpoint__MCTQ,primary__chest__gap_common,l10_midpoint,MCTQ,FUSPCEU,21,116,116,2731.6666666666665
primary__chest__gap_common__l10_midpoint__MCTQ,primary__chest__gap_common,l10_midpoint,MCTQ,IZTECH,17,101,101,2350.6833333333334
primary__chest__gap_common__l10_midpoint__MCTQ,primary__chest__gap_common,l10_midpoint,MCTQ,UCR,39,226,226,5226.716666666666
primary__chest__gap_common__l10_midpoint__MCTQ,primary__chest__gap_common,l10_midpoint,MCTQ,KNUST,15,83,83,1895.4833333333333
primary__chest__gap_common__l10_midpoint__MEQ,primary__chest__gap_common,l10_midpoint,MEQ,RISE,16,96,96,2232.366666666667
primary__chest__gap_common__l10_midpoint__MEQ,primary__chest__gap_common,l10_midpoint,MEQ,THUAS,15,93,93,2151.8
primary__chest__gap_common__l10_midpoint__MEQ,primary__chest__gap_common,l10_midpoint,MEQ,BAUA,20,113,113,2631.8333333333335
primary__chest__gap_common__l10_midpoint__MEQ,primary__chest__gap_common,l10_midpoint,MEQ,TUM,10,60,60,1374.2
primary__chest__gap_common__l10_midpoint__MEQ,primary__chest__gap_common,l10_midpoint,MEQ,FUSPCEU,22,122,122,2870.983333333333
primary__chest__gap_common__l10_midpoint__MEQ,primary__chest__gap_common,l10_midpoint,MEQ,IZTECH,17,101,101,2350.6833333333334
primary__chest__gap_common__l10_midpoint__MEQ,primary__chest__gap_common,l10_midpoint,MEQ,UCR,39,226,226,5226.716666666666
primary__chest__gap_common__l10_midpoint__MEQ,primary__chest__gap_common,l10_midpoint,MEQ,KNUST,15,83,83,1895.4833333333333
primary__chest__gap_common__first_timing_above_250__MCTQ,primary__chest__gap_common,first_timing_above_250,MCTQ,RISE,16,92,92,2142.4666666666667
primary__chest__gap_common__first_timing_above_250__MCTQ,primary__chest__gap_common,first_timing_above_250,MCTQ,THUAS,15,80,80,1856.3833333333334
primary__chest__gap_common__first_timing_above_250__MCTQ,primary__chest__gap_common,first_timing_above_250,MCTQ,BAUA,20,102,102,2383.116666666667
primary__chest__gap_common__first_timing_above_250__MCTQ,primary__chest__gap_common,first_timing_above_250,MCTQ,TUM,10,54,54,1238.1666666666667
primary__chest__gap_common__first_timing_above_250__MCTQ,primary__chest__gap_common,first_timing_above_250,MCTQ,FUSPCEU,21,106,106,2502.616666666667
primary__chest__gap_common__first_timing_above_250__MCTQ,primary__chest__gap_common,first_timing_above_250,MCTQ,IZTECH,17,96,96,2235.2833333333333
primary__chest__gap_common__first_timing_above_250__MCTQ,primary__chest__gap_common,first_timing_above_250,MCTQ,UCR,39,197,197,4579.116666666667
primary__chest__gap_common__first_timing_above_250__MCTQ,primary__chest__gap_common,first_timing_above_250,MCTQ,KNUST,15,63,63,1443.8833333333334
primary__chest__gap_common__first_timing_above_250__MEQ,primary__chest__gap_common,first_timing_above_250,MEQ,RISE,16,92,92,2142.4666666666667
primary__chest__gap_common__first_timing_above_250__MEQ,primary__chest__gap_common,first_timing_above_250,MEQ,THUAS,15,80,80,1856.3833333333334
primary__chest__gap_common__first_timing_above_250__MEQ,primary__chest__gap_common,first_timing_above_250,MEQ,BAUA,20,102,102,2383.116666666667
primary__chest__gap_common__first_timing_above_250__MEQ,primary__chest__gap_common,first_timing_above_250,MEQ,TUM,10,54,54,1238.1666666666667
primary__chest__gap_common__first_timing_above_250__MEQ,primary__chest__gap_common,first_timing_above_250,MEQ,FUSPCEU,22,111,111,2618.85
primary__chest__gap_common__first_timing_above_250__MEQ,primary__chest__gap_common,first_timing_above_250,MEQ,IZTECH,17,96,96,2235.2833333333333
primary__chest__gap_common__first_timing_above_250__MEQ,primary__chest__gap_common,first_timing_above_250,MEQ,UCR,39,197,197,4579.116666666667
primary__chest__gap_common__first_timing_above_250__MEQ,primary__chest__gap_common,first_timing_above_250,MEQ,KNUST,15,63,63,1443.8833333333334
primary__chest__gap_common__last_timing_above_250__MCTQ,primary__chest__gap_common,last_timing_above_250,MCTQ,RISE,16,89,89,2079.9666666666667
primary__chest__gap_common__last_timing_above_250__MCTQ,primary__chest__gap_common,last_timing_above_250,MCTQ,THUAS,15,73,73,1717.1666666666667
primary__chest__gap_common__last_timing_above_250__MCTQ,primary__chest__gap_common,last_timing_above_250,MCTQ,BAUA,20,100,100,2338.516666666667
primary__chest__gap_common__last_timing_above_250__MCTQ,primary__chest__gap_common,last_timing_above_250,MCTQ,TUM,10,51,51,1173.05
primary__chest__gap_common__last_timing_above_250__MCTQ,primary__chest__gap_common,last_timing_above_250,MCTQ,FUSPCEU,21,100,100,2369.383333333333
primary__chest__gap_common__last_timing_above_250__MCTQ,primary__chest__gap_common,last_timing_above_250,MCTQ,IZTECH,17,89,89,2078.9666666666667
primary__chest__gap_common__last_timing_above_250__MCTQ,primary__chest__gap_common,last_timing_above_250,MCTQ,UCR,39,208,208,4839.266666666666
primary__chest__gap_common__last_timing_above_250__MCTQ,primary__chest__gap_common,last_timing_above_250,MCTQ,KNUST,15,70,70,1606.8
primary__chest__gap_common__last_timing_above_250__MEQ,primary__chest__gap_common,last_timing_above_250,MEQ,RISE,16,89,89,2079.9666666666667
primary__chest__gap_common__last_timing_above_250__MEQ,primary__chest__gap_common,last_timing_above_250,MEQ,THUAS,15,73,73,1717.1666666666667
primary__chest__gap_common__last_timing_above_250__MEQ,primary__chest__gap_common,last_timing_above_250,MEQ,BAUA,20,100,100,2338.516666666667
primary__chest__gap_common__last_timing_above_250__MEQ,primary__chest__gap_common,last_timing_above_250,MEQ,TUM,10,51,51,1173.05
primary__chest__gap_common__last_timing_above_250__MEQ,primary__chest__gap_common,last_timing_above_250,MEQ,FUSPCEU,22,104,104,2463.65
primary__chest__gap_common__last_timing_above_250__MEQ,primary__chest__gap_common,last_timing_above_250,MEQ,IZTECH,17,89,89,2078.9666666666667
primary__chest__gap_common__last_timing_above_250__MEQ,primary__chest__gap_common,last_timing_above_250,MEQ,UCR,39,208,208,4839.266666666666
primary__chest__gap_common__last_timing_above_250__MEQ,primary__chest__gap_common,last_timing_above_250,MEQ,KNUST,15,70,70,1606.8
primary__chest__gap_common__mean_timing_above_250__MCTQ,primary__chest__gap_common,mean_timing_above_250,MCTQ,RISE,16,91,91,2126.7
primary__chest__gap_common__mean_timing_above_250__MCTQ,primary__chest__gap_common,mean_timing_above_250,MCTQ,THUAS,15,84,84,1948.65
primary__chest__gap_common__mean_timing_above_250__MCTQ,primary__chest__gap_common,mean_timing_above_250,MCTQ,BAUA,20,103,103,2410.4166666666665
primary__chest__gap_common__mean_timing_above_250__MCTQ,primary__chest__gap_common,mean_timing_above_250,MCTQ,TUM,10,52,52,1198.2833333333333
primary__chest__gap_common__mean_timing_above_250__MCTQ,primary__chest__gap_common,mean_timing_above_250,MCTQ,FUSPCEU,21,107,107,2523.2833333333333
primary__chest__gap_common__mean_timing_above_250__MCTQ,primary__chest__gap_common,mean_timing_above_250,MCTQ,IZTECH,17,95,95,2214.4666666666667
primary__chest__gap_common__mean_timing_above_250__MCTQ,primary__chest__gap_common,mean_timing_above_250,MCTQ,UCR,39,213,213,4956.816666666667
primary__chest__gap_common__mean_timing_above_250__MCTQ,primary__chest__gap_common,mean_timing_above_250,MCTQ,KNUST,15,75,75,1718.65
primary__chest__gap_common__mean_timing_above_250__MEQ,primary__chest__gap_common,mean_timing_above_250,MEQ,RISE,16,91,91,2126.7
primary__chest__gap_common__mean_timing_above_250__MEQ,primary__chest__gap_common,mean_timing_above_250,MEQ,THUAS,15,84,84,1948.65
primary__chest__gap_common__mean_timing_above_250__MEQ,primary__chest__gap_common,mean_timing_above_250,MEQ,BAUA,20,103,103,2410.4166666666665
primary__chest__gap_common__mean_timing_above_250__MEQ,primary__chest__gap_common,mean_timing_above_250,MEQ,TUM,10,52,52,1198.2833333333333
primary__chest__gap_common__mean_timing_above_250__MEQ,primary__chest__gap_common,mean_timing_above_250,MEQ,FUSPCEU,22,113,113,2662.6
primary__chest__gap_common__mean_timing_above_250__MEQ,primary__chest__gap_common,mean_timing_above_250,MEQ,IZTECH,17,95,95,2214.4666666666667
primary__chest__gap_common__mean_timing_above_250__MEQ,primary__chest__gap_common,mean_timing_above_250,MEQ,UCR,39,213,213,4956.816666666667
primary__chest__gap_common__mean_timing_above_250__MEQ,primary__chest__gap_common,mean_timing_above_250,MEQ,KNUST,15,75,75,1718.65
gap__chest__gap_common__m10_midpoint__MCTQ,gap__chest__gap_common,m10_midpoint,MCTQ,RISE,16,96,96,
gap__chest__gap_common__m10_midpoint__MCTQ,gap__chest__gap_common,m10_midpoint,MCTQ,THUAS,15,93,93,
gap__chest__gap_common__m10_midpoint__MCTQ,gap__chest__gap_common,m10_midpoint,MCTQ,BAUA,20,113,113,
gap__chest__gap_common__m10_midpoint__MCTQ,gap__chest__gap_common,m10_midpoint,MCTQ,TUM,10,60,60,
gap__chest__gap_common__m10_midpoint__MCTQ,gap__chest__gap_common,m10_midpoint,MCTQ,FUSPCEU,21,116,116,
gap__chest__gap_common__m10_midpoint__MCTQ,gap__chest__gap_common,m10_midpoint,MCTQ,IZTECH,17,101,101,
gap__chest__gap_common__m10_midpoint__MCTQ,gap__chest__gap_common,m10_midpoint,MCTQ,UCR,39,226,226,
gap__chest__gap_common__m10_midpoint__MCTQ,gap__chest__gap_common,m10_midpoint,MCTQ,KNUST,15,83,83,
gap__chest__gap_common__m10_midpoint__MEQ,gap__chest__gap_common,m10_midpoint,MEQ,RISE,16,96,96,
gap__chest__gap_common__m10_midpoint__MEQ,gap__chest__gap_common,m10_midpoint,MEQ,THUAS,15,93,93,
gap__chest__gap_common__m10_midpoint__MEQ,gap__chest__gap_common,m10_midpoint,MEQ,BAUA,20,113,113,
gap__chest__gap_common__m10_midpoint__MEQ,gap__chest__gap_common,m10_midpoint,MEQ,TUM,10,60,60,
gap__chest__gap_common__m10_midpoint__MEQ,gap__chest__gap_common,m10_midpoint,MEQ,FUSPCEU,22,122,122,
gap__chest__gap_common__m10_midpoint__MEQ,gap__chest__gap_common,m10_midpoint,MEQ,IZTECH,17,101,101,
gap__chest__gap_common__m10_midpoint__MEQ,gap__chest__gap_common,m10_midpoint,MEQ,UCR,39,226,226,
gap__chest__gap_common__m10_midpoint__MEQ,gap__chest__gap_common,m10_midpoint,MEQ,KNUST,15,83,83,
gap__chest__gap_common__l10_midpoint__MCTQ,gap__chest__gap_common,l10_midpoint,MCTQ,RISE,16,96,96,
gap__chest__gap_common__l10_midpoint__MCTQ,gap__chest__gap_common,l10_midpoint,MCTQ,THUAS,15,93,93,
gap__chest__gap_common__l10_midpoint__MCTQ,gap__chest__gap_common,l10_midpoint,MCTQ,BAUA,20,113,113,
gap__chest__gap_common__l10_midpoint__MCTQ,gap__chest__gap_common,l10_midpoint,MCTQ,TUM,10,60,60,
gap__chest__gap_common__l10_midpoint__MCTQ,gap__chest__gap_common,l10_midpoint,MCTQ,FUSPCEU,21,116,116,
gap__chest__gap_common__l10_midpoint__MCTQ,gap__chest__gap_common,l10_midpoint,MCTQ,IZTECH,17,101,101,
gap__chest__gap_common__l10_midpoint__MCTQ,gap__chest__gap_common,l10_midpoint,MCTQ,UCR,39,226,226,
gap__chest__gap_common__l10_midpoint__MCTQ,gap__chest__gap_common,l10_midpoint,MCTQ,KNUST,15,83,83,
gap__chest__gap_common__l10_midpoint__MEQ,gap__chest__gap_common,l10_midpoint,MEQ,RISE,16,96,96,
gap__chest__gap_common__l10_midpoint__MEQ,gap__chest__gap_common,l10_midpoint,MEQ,THUAS,15,93,93,
gap__chest__gap_common__l10_midpoint__MEQ,gap__chest__gap_common,l10_midpoint,MEQ,BAUA,20,113,113,
gap__chest__gap_common__l10_midpoint__MEQ,gap__chest__gap_common,l10_midpoint,MEQ,TUM,10,60,60,
gap__chest__gap_common__l10_midpoint__MEQ,gap__chest__gap_common,l10_midpoint,MEQ,FUSPCEU,22,122,122,
gap__chest__gap_common__l10_midpoint__MEQ,gap__chest__gap_common,l10_midpoint,MEQ,IZTECH,17,101,101,
gap__chest__gap_common__l10_midpoint__MEQ,gap__chest__gap_common,l10_midpoint,MEQ,UCR,39,226,226,
gap__chest__gap_common__l10_midpoint__MEQ,gap__chest__gap_common,l10_midpoint,MEQ,KNUST,15,83,83,
gap__chest__gap_common__first_timing_above_250__MCTQ,gap__chest__gap_common,first_timing_above_250,MCTQ,RISE,16,92,92,
gap__chest__gap_common__first_timing_above_250__MCTQ,gap__chest__gap_common,first_timing_above_250,MCTQ,THUAS,15,80,80,
gap__chest__gap_common__first_timing_above_250__MCTQ,gap__chest__gap_common,first_timing_above_250,MCTQ,BAUA,20,102,102,
gap__chest__gap_common__first_timing_above_250__MCTQ,gap__chest__gap_common,first_timing_above_250,MCTQ,TUM,10,54,54,
gap__chest__gap_common__first_timing_above_250__MCTQ,gap__chest__gap_common,first_timing_above_250,MCTQ,FUSPCEU,21,106,106,
gap__chest__gap_common__first_timing_above_250__MCTQ,gap__chest__gap_common,first_timing_above_250,MCTQ,IZTECH,17,96,96,
gap__chest__gap_common__first_timing_above_250__MCTQ,gap__chest__gap_common,first_timing_above_250,MCTQ,UCR,39,197,197,
gap__chest__gap_common__first_timing_above_250__MCTQ,gap__chest__gap_common,first_timing_above_250,MCTQ,KNUST,15,63,63,
gap__chest__gap_common__first_timing_above_250__MEQ,gap__chest__gap_common,first_timing_above_250,MEQ,RISE,16,92,92,
gap__chest__gap_common__first_timing_above_250__MEQ,gap__chest__gap_common,first_timing_above_250,MEQ,THUAS,15,80,80,
gap__chest__gap_common__first_timing_above_250__MEQ,gap__chest__gap_common,first_timing_above_250,MEQ,BAUA,20,102,102,
gap__chest__gap_common__first_timing_above_250__MEQ,gap__chest__gap_common,first_timing_above_250,MEQ,TUM,10,54,54,
gap__chest__gap_common__first_timing_above_250__MEQ,gap__chest__gap_common,first_timing_above_250,MEQ,FUSPCEU,22,111,111,
gap__chest__gap_common__first_timing_above_250__MEQ,gap__chest__gap_common,first_timing_above_250,MEQ,IZTECH,17,96,96,
gap__chest__gap_common__first_timing_above_250__MEQ,gap__chest__gap_common,first_timing_above_250,MEQ,UCR,39,197,197,
gap__chest__gap_common__first_timing_above_250__MEQ,gap__chest__gap_common,first_timing_above_250,MEQ,KNUST,15,63,63,
gap__chest__gap_common__last_timing_above_250__MCTQ,gap__chest__gap_common,last_timing_above_250,MCTQ,RISE,16,89,89,
gap__chest__gap_common__last_timing_above_250__MCTQ,gap__chest__gap_common,last_timing_above_250,MCTQ,THUAS,15,73,73,
gap__chest__gap_common__last_timing_above_250__MCTQ,gap__chest__gap_common,last_timing_above_250,MCTQ,BAUA,20,100,100,
gap__chest__gap_common__last_timing_above_250__MCTQ,gap__chest__gap_common,last_timing_above_250,MCTQ,TUM,10,51,51,
gap__chest__gap_common__last_timing_above_250__MCTQ,gap__chest__gap_common,last_timing_above_250,MCTQ,FUSPCEU,21,100,100,
gap__chest__gap_common__last_timing_above_250__MCTQ,gap__chest__gap_common,last_timing_above_250,MCTQ,IZTECH,17,89,89,
gap__chest__gap_common__last_timing_above_250__MCTQ,gap__chest__gap_common,last_timing_above_250,MCTQ,UCR,39,208,208,
gap__chest__gap_common__last_timing_above_250__MCTQ,gap__chest__gap_common,last_timing_above_250,MCTQ,KNUST,15,70,70,
gap__chest__gap_common__last_timing_above_250__MEQ,gap__chest__gap_common,last_timing_above_250,MEQ,RISE,16,89,89,
gap__chest__gap_common__last_timing_above_250__MEQ,gap__chest__gap_common,last_timing_above_250,MEQ,THUAS,15,73,73,
gap__chest__gap_common__last_timing_above_250__MEQ,gap__chest__gap_common,last_timing_above_250,MEQ,BAUA,20,100,100,
gap__chest__gap_common__last_timing_above_250__MEQ,gap__chest__gap_common,last_timing_above_250,MEQ,TUM,10,51,51,
gap__chest__gap_common__last_timing_above_250__MEQ,gap__chest__gap_common,last_timing_above_250,MEQ,FUSPCEU,22,104,104,
gap__chest__gap_common__last_timing_above_250__MEQ,gap__chest__gap_common,last_timing_above_250,MEQ,IZTECH,17,89,89,
gap__chest__gap_common__last_timing_above_250__MEQ,gap__chest__gap_common,last_timing_above_250,MEQ,UCR,39,208,208,
gap__chest__gap_common__last_timing_above_250__MEQ,gap__chest__gap_common,last_timing_above_250,MEQ,KNUST,15,70,70,
gap__chest__gap_common__mean_timing_above_250__MCTQ,gap__chest__gap_common,mean_timing_above_250,MCTQ,RISE,16,91,91,
gap__chest__gap_common__mean_timing_above_250__MCTQ,gap__chest__gap_common,mean_timing_above_250,MCTQ,THUAS,15,84,84,
gap__chest__gap_common__mean_timing_above_250__MCTQ,gap__chest__gap_common,mean_timing_above_250,MCTQ,BAUA,20,103,103,
gap__chest__gap_common__mean_timing_above_250__MCTQ,gap__chest__gap_common,mean_timing_above_250,MCTQ,TUM,10,52,52,
gap__chest__gap_common__mean_timing_above_250__MCTQ,gap__chest__gap_common,mean_timing_above_250,MCTQ,FUSPCEU,21,107,107,
gap__chest__gap_common__mean_timing_above_250__MCTQ,gap__chest__gap_common,mean_timing_above_250,MCTQ,IZTECH,17,95,95,
gap__chest__gap_common__mean_timing_above_250__MCTQ,gap__chest__gap_common,mean_timing_above_250,MCTQ,UCR,39,213,213,
gap__chest__gap_common__mean_timing_above_250__MCTQ,gap__chest__gap_common,mean_timing_above_250,MCTQ,KNUST,15,75,75,
gap__chest__gap_common__mean_timing_above_250__MEQ,gap__chest__gap_common,mean_timing_above_250,MEQ,RISE,16,91,91,
gap__chest__gap_common__mean_timing_above_250__MEQ,gap__chest__gap_common,mean_timing_above_250,MEQ,THUAS,15,84,84,
gap__chest__gap_common__mean_timing_above_250__MEQ,gap__chest__gap_common,mean_timing_above_250,MEQ,BAUA,20,103,103,
gap__chest__gap_common__mean_timing_above_250__MEQ,gap__chest__gap_common,mean_timing_above_250,MEQ,TUM,10,52,52,
gap__chest__gap_common__mean_timing_above_250__MEQ,gap__chest__gap_common,mean_timing_above_250,MEQ,FUSPCEU,22,113,113,
gap__chest__gap_common__mean_timing_above_250__MEQ,gap__chest__gap_common,mean_timing_above_250,MEQ,IZTECH,17,95,95,
gap__chest__gap_common__mean_timing_above_250__MEQ,gap__chest__gap_common,mean_timing_above_250,MEQ,UCR,39,213,213,
gap__chest__gap_common__mean_timing_above_250__MEQ,gap__chest__gap_common,mean_timing_above_250,MEQ,KNUST,15,75,75,
