"link_text","href","resolved_path","target_exists","fragment","fragment_resolves_once","forbidden","known_hold","pass"
"Hypothesis analyses","../../../notebooks/hypotheses/H01.html","/Users/zauner/Documents/Arbeit/12-TUM/MeLiDos/WP2.2.5_Data_Analysis/ZaunerEtAl_bioRxiv_2026/_build/nathealth/notebooks/hypotheses/H01.html",TRUE,"",TRUE,FALSE,FALSE,TRUE
"H01 preparation and provenance","../../../audit/hypotheses/H01/H01_analysis_preparation.html","/Users/zauner/Documents/Arbeit/12-TUM/MeLiDos/WP2.2.5_Data_Analysis/ZaunerEtAl_bioRxiv_2026/_build/nathealth/audit/hypotheses/H01/H01_analysis_preparation.html",TRUE,"",TRUE,FALSE,FALSE,TRUE
"Nature Health analysis and manuscript","../../../","/Users/zauner/Documents/Arbeit/12-TUM/MeLiDos/WP2.2.5_Data_Analysis/ZaunerEtAl_bioRxiv_2026/_build/nathealth",TRUE,"",TRUE,FALSE,FALSE,TRUE
"Manuscript","../../../index.html","/Users/zauner/Documents/Arbeit/12-TUM/MeLiDos/WP2.2.5_Data_Analysis/ZaunerEtAl_bioRxiv_2026/_build/nathealth/index.html",TRUE,"",TRUE,FALSE,FALSE,TRUE
"Supplementary information","../../../supplementary_information.html","/Users/zauner/Documents/Arbeit/12-TUM/MeLiDos/WP2.2.5_Data_Analysis/ZaunerEtAl_bioRxiv_2026/_build/nathealth/audit/hypotheses/H01/../../../supplementary_information.html",FALSE,"",FALSE,FALSE,TRUE,TRUE
"01 Import and state alignment","../../../notebooks/preparation/01_import_state_alignment.html","/Users/zauner/Documents/Arbeit/12-TUM/MeLiDos/WP2.2.5_Data_Analysis/ZaunerEtAl_bioRxiv_2026/_build/nathealth/notebooks/preparation/01_import_state_alignment.html",TRUE,"",TRUE,FALSE,FALSE,TRUE
"02 Coverage and sample flow","../../../notebooks/preparation/02_coverage_sample_flow.html","/Users/zauner/Documents/Arbeit/12-TUM/MeLiDos/WP2.2.5_Data_Analysis/ZaunerEtAl_bioRxiv_2026/_build/nathealth/notebooks/preparation/02_coverage_sample_flow.html",TRUE,"",TRUE,FALSE,FALSE,TRUE
"03 Reference profiles","../../../notebooks/preparation/03_reference_profiles.html","/Users/zauner/Documents/Arbeit/12-TUM/MeLiDos/WP2.2.5_Data_Analysis/ZaunerEtAl_bioRxiv_2026/_build/nathealth/notebooks/preparation/03_reference_profiles.html",TRUE,"",TRUE,FALSE,FALSE,TRUE
"04 Metric derivation","../../../notebooks/preparation/04_metric_derivation.html","/Users/zauner/Documents/Arbeit/12-TUM/MeLiDos/WP2.2.5_Data_Analysis/ZaunerEtAl_bioRxiv_2026/_build/nathealth/notebooks/preparation/04_metric_derivation.html",TRUE,"",TRUE,FALSE,FALSE,TRUE
"05 Model-input acquisition","../../../notebooks/preparation/05_model_input_acquisition.html","/Users/zauner/Documents/Arbeit/12-TUM/MeLiDos/WP2.2.5_Data_Analysis/ZaunerEtAl_bioRxiv_2026/_build/nathealth/notebooks/preparation/05_model_input_acquisition.html",TRUE,"",TRUE,FALSE,FALSE,TRUE
"06 Model-ready datasets","../../../notebooks/preparation/06_model_ready_datasets.html","/Users/zauner/Documents/Arbeit/12-TUM/MeLiDos/WP2.2.5_Data_Analysis/ZaunerEtAl_bioRxiv_2026/_build/nathealth/notebooks/preparation/06_model_ready_datasets.html",TRUE,"",TRUE,FALSE,FALSE,TRUE
"07 Example days","../../../notebooks/preparation/07_example_days.html","/Users/zauner/Documents/Arbeit/12-TUM/MeLiDos/WP2.2.5_Data_Analysis/ZaunerEtAl_bioRxiv_2026/_build/nathealth/notebooks/preparation/07_example_days.html",TRUE,"",TRUE,FALSE,FALSE,TRUE
"Placement decision","../../../notebooks/placement_decision.html","/Users/zauner/Documents/Arbeit/12-TUM/MeLiDos/WP2.2.5_Data_Analysis/ZaunerEtAl_bioRxiv_2026/_build/nathealth/notebooks/placement_decision.html",TRUE,"",TRUE,FALSE,FALSE,TRUE
"Descriptive results","../../../notebooks/descriptives.html","/Users/zauner/Documents/Arbeit/12-TUM/MeLiDos/WP2.2.5_Data_Analysis/ZaunerEtAl_bioRxiv_2026/_build/nathealth/notebooks/descriptives.html",TRUE,"",TRUE,FALSE,FALSE,TRUE
"Preregistration deviations","../../../notebooks/preregistration_deviations.html","/Users/zauner/Documents/Arbeit/12-TUM/MeLiDos/WP2.2.5_Data_Analysis/ZaunerEtAl_bioRxiv_2026/_build/nathealth/notebooks/preregistration_deviations.html",TRUE,"",TRUE,FALSE,FALSE,TRUE
"H01 results","../../../notebooks/hypotheses/H01.html","/Users/zauner/Documents/Arbeit/12-TUM/MeLiDos/WP2.2.5_Data_Analysis/ZaunerEtAl_bioRxiv_2026/_build/nathealth/notebooks/hypotheses/H01.html",TRUE,"",TRUE,FALSE,FALSE,TRUE
"H01 preparation and provenance","../../../audit/hypotheses/H01/H01_analysis_preparation.html","/Users/zauner/Documents/Arbeit/12-TUM/MeLiDos/WP2.2.5_Data_Analysis/ZaunerEtAl_bioRxiv_2026/_build/nathealth/audit/hypotheses/H01/H01_analysis_preparation.html",TRUE,"",TRUE,FALSE,FALSE,TRUE
"H02 results","../../../notebooks/hypotheses/H02.html","/Users/zauner/Documents/Arbeit/12-TUM/MeLiDos/WP2.2.5_Data_Analysis/ZaunerEtAl_bioRxiv_2026/_build/nathealth/notebooks/hypotheses/H02.html",TRUE,"",TRUE,FALSE,FALSE,TRUE
"H02 preparation and provenance","../../../audit/hypotheses/H02/H02_analysis_preparation.html","/Users/zauner/Documents/Arbeit/12-TUM/MeLiDos/WP2.2.5_Data_Analysis/ZaunerEtAl_bioRxiv_2026/_build/nathealth/audit/hypotheses/H02/H02_analysis_preparation.html",TRUE,"",TRUE,FALSE,FALSE,TRUE
"H03 results","../../../notebooks/hypotheses/H03.html","/Users/zauner/Documents/Arbeit/12-TUM/MeLiDos/WP2.2.5_Data_Analysis/ZaunerEtAl_bioRxiv_2026/_build/nathealth/notebooks/hypotheses/H03.html",TRUE,"",TRUE,FALSE,FALSE,TRUE
"H03 preparation and provenance","../../../audit/hypotheses/H03/H03_analysis_preparation.html","/Users/zauner/Documents/Arbeit/12-TUM/MeLiDos/WP2.2.5_Data_Analysis/ZaunerEtAl_bioRxiv_2026/_build/nathealth/audit/hypotheses/H03/H03_analysis_preparation.html",TRUE,"",TRUE,FALSE,FALSE,TRUE
"H04 results","../../../notebooks/hypotheses/H04.html","/Users/zauner/Documents/Arbeit/12-TUM/MeLiDos/WP2.2.5_Data_Analysis/ZaunerEtAl_bioRxiv_2026/_build/nathealth/notebooks/hypotheses/H04.html",TRUE,"",TRUE,FALSE,FALSE,TRUE
"H04 preparation and provenance","../../../audit/hypotheses/H04/H04_analysis_preparation.html","/Users/zauner/Documents/Arbeit/12-TUM/MeLiDos/WP2.2.5_Data_Analysis/ZaunerEtAl_bioRxiv_2026/_build/nathealth/audit/hypotheses/H04/H04_analysis_preparation.html",TRUE,"",TRUE,FALSE,FALSE,TRUE
"H05 results","../../../notebooks/hypotheses/H05.html","/Users/zauner/Documents/Arbeit/12-TUM/MeLiDos/WP2.2.5_Data_Analysis/ZaunerEtAl_bioRxiv_2026/_build/nathealth/notebooks/hypotheses/H05.html",TRUE,"",TRUE,FALSE,FALSE,TRUE
"H05 preparation and provenance","../../../audit/hypotheses/H05/H05_analysis_preparation.html","/Users/zauner/Documents/Arbeit/12-TUM/MeLiDos/WP2.2.5_Data_Analysis/ZaunerEtAl_bioRxiv_2026/_build/nathealth/audit/hypotheses/H05/H05_analysis_preparation.html",TRUE,"",TRUE,FALSE,FALSE,TRUE
"H06 results","../../../notebooks/hypotheses/H06.html","/Users/zauner/Documents/Arbeit/12-TUM/MeLiDos/WP2.2.5_Data_Analysis/ZaunerEtAl_bioRxiv_2026/_build/nathealth/notebooks/hypotheses/H06.html",TRUE,"",TRUE,FALSE,FALSE,TRUE
"H06 preparation and provenance","../../../audit/hypotheses/H06/H06_analysis_preparation.html","/Users/zauner/Documents/Arbeit/12-TUM/MeLiDos/WP2.2.5_Data_Analysis/ZaunerEtAl_bioRxiv_2026/_build/nathealth/audit/hypotheses/H06/H06_analysis_preparation.html",TRUE,"",TRUE,FALSE,FALSE,TRUE
"H06 complementary daily results","../../../notebooks/hypotheses/H06_daily.html","/Users/zauner/Documents/Arbeit/12-TUM/MeLiDos/WP2.2.5_Data_Analysis/ZaunerEtAl_bioRxiv_2026/_build/nathealth/notebooks/hypotheses/H06_daily.html",TRUE,"",TRUE,FALSE,FALSE,TRUE
"H06 complementary daily preparation and provenance","../../../audit/hypotheses/H06_daily/H06_daily_analysis_preparation.html","/Users/zauner/Documents/Arbeit/12-TUM/MeLiDos/WP2.2.5_Data_Analysis/ZaunerEtAl_bioRxiv_2026/_build/nathealth/audit/hypotheses/H06_daily/H06_daily_analysis_preparation.html",TRUE,"",TRUE,FALSE,FALSE,TRUE
"H07 results","../../../notebooks/hypotheses/H07.html","/Users/zauner/Documents/Arbeit/12-TUM/MeLiDos/WP2.2.5_Data_Analysis/ZaunerEtAl_bioRxiv_2026/_build/nathealth/notebooks/hypotheses/H07.html",TRUE,"",TRUE,FALSE,FALSE,TRUE
"H07 preparation and provenance","../../../audit/hypotheses/H07/H07_analysis_preparation.html","/Users/zauner/Documents/Arbeit/12-TUM/MeLiDos/WP2.2.5_Data_Analysis/ZaunerEtAl_bioRxiv_2026/_build/nathealth/audit/hypotheses/H07/H07_analysis_preparation.html",TRUE,"",TRUE,FALSE,FALSE,TRUE
"H08 results","../../../notebooks/hypotheses/H08.html","/Users/zauner/Documents/Arbeit/12-TUM/MeLiDos/WP2.2.5_Data_Analysis/ZaunerEtAl_bioRxiv_2026/_build/nathealth/notebooks/hypotheses/H08.html",TRUE,"",TRUE,FALSE,FALSE,TRUE
"H08 preparation and provenance","../../../audit/hypotheses/H08/H08_analysis_preparation.html","/Users/zauner/Documents/Arbeit/12-TUM/MeLiDos/WP2.2.5_Data_Analysis/ZaunerEtAl_bioRxiv_2026/_build/nathealth/audit/hypotheses/H08/H08_analysis_preparation.html",TRUE,"",TRUE,FALSE,FALSE,TRUE
"H09 results","../../../notebooks/hypotheses/H09.html","/Users/zauner/Documents/Arbeit/12-TUM/MeLiDos/WP2.2.5_Data_Analysis/ZaunerEtAl_bioRxiv_2026/_build/nathealth/notebooks/hypotheses/H09.html",TRUE,"",TRUE,FALSE,FALSE,TRUE
"H09 preparation and provenance","../../../audit/hypotheses/H09/H09_analysis_preparation.html","/Users/zauner/Documents/Arbeit/12-TUM/MeLiDos/WP2.2.5_Data_Analysis/ZaunerEtAl_bioRxiv_2026/_build/nathealth/audit/hypotheses/H09/H09_analysis_preparation.html",TRUE,"",TRUE,FALSE,FALSE,TRUE
"H10 results","../../../notebooks/hypotheses/H10.html","/Users/zauner/Documents/Arbeit/12-TUM/MeLiDos/WP2.2.5_Data_Analysis/ZaunerEtAl_bioRxiv_2026/_build/nathealth/notebooks/hypotheses/H10.html",TRUE,"",TRUE,FALSE,FALSE,TRUE
"H10 preparation and provenance","../../../audit/hypotheses/H10/H10_analysis_preparation.html","/Users/zauner/Documents/Arbeit/12-TUM/MeLiDos/WP2.2.5_Data_Analysis/ZaunerEtAl_bioRxiv_2026/_build/nathealth/audit/hypotheses/H10/H10_analysis_preparation.html",TRUE,"",TRUE,FALSE,FALSE,TRUE
"H11 results","../../../notebooks/hypotheses/H11.html","/Users/zauner/Documents/Arbeit/12-TUM/MeLiDos/WP2.2.5_Data_Analysis/ZaunerEtAl_bioRxiv_2026/_build/nathealth/notebooks/hypotheses/H11.html",TRUE,"",TRUE,FALSE,FALSE,TRUE
"H11 preparation and provenance","../../../audit/hypotheses/H11/H11_analysis_preparation.html","/Users/zauner/Documents/Arbeit/12-TUM/MeLiDos/WP2.2.5_Data_Analysis/ZaunerEtAl_bioRxiv_2026/_build/nathealth/audit/hypotheses/H11/H11_analysis_preparation.html",TRUE,"",TRUE,FALSE,FALSE,TRUE
"Sensitivity checks","../../../notebooks/sensitivity_battery.html","/Users/zauner/Documents/Arbeit/12-TUM/MeLiDos/WP2.2.5_Data_Analysis/ZaunerEtAl_bioRxiv_2026/_build/nathealth/notebooks/sensitivity_battery.html",TRUE,"",TRUE,FALSE,FALSE,TRUE
"About this analysis record","#about-this-analysis-record","/Users/zauner/Documents/Arbeit/12-TUM/MeLiDos/WP2.2.5_Data_Analysis/ZaunerEtAl_bioRxiv_2026/_build/nathealth/audit/hypotheses/H01/H01_analysis_preparation.html",TRUE,"about-this-analysis-record",TRUE,FALSE,FALSE,TRUE
"Analysis map","#analysis-map","/Users/zauner/Documents/Arbeit/12-TUM/MeLiDos/WP2.2.5_Data_Analysis/ZaunerEtAl_bioRxiv_2026/_build/nathealth/audit/hypotheses/H01/H01_analysis_preparation.html",TRUE,"analysis-map",TRUE,FALSE,FALSE,TRUE
"Render boundary","#render-boundary","/Users/zauner/Documents/Arbeit/12-TUM/MeLiDos/WP2.2.5_Data_Analysis/ZaunerEtAl_bioRxiv_2026/_build/nathealth/audit/hypotheses/H01/H01_analysis_preparation.html",TRUE,"render-boundary",TRUE,FALSE,FALSE,TRUE
"1. Data entering the analysis","#data-entering-the-analysis","/Users/zauner/Documents/Arbeit/12-TUM/MeLiDos/WP2.2.5_Data_Analysis/ZaunerEtAl_bioRxiv_2026/_build/nathealth/audit/hypotheses/H01/H01_analysis_preparation.html",TRUE,"data-entering-the-analysis",TRUE,FALSE,FALSE,TRUE
"Verified inputs","#verified-inputs","/Users/zauner/Documents/Arbeit/12-TUM/MeLiDos/WP2.2.5_Data_Analysis/ZaunerEtAl_bioRxiv_2026/_build/nathealth/audit/hypotheses/H01/H01_analysis_preparation.html",TRUE,"verified-inputs",TRUE,FALSE,FALSE,TRUE
"What these files contain","#what-these-files-contain","/Users/zauner/Documents/Arbeit/12-TUM/MeLiDos/WP2.2.5_Data_Analysis/ZaunerEtAl_bioRxiv_2026/_build/nathealth/audit/hypotheses/H01/H01_analysis_preparation.html",TRUE,"what-these-files-contain",TRUE,FALSE,FALSE,TRUE
"Why prepared records did not enter every model frame","#why-prepared-records-did-not-enter-every-model-frame","/Users/zauner/Documents/Arbeit/12-TUM/MeLiDos/WP2.2.5_Data_Analysis/ZaunerEtAl_bioRxiv_2026/_build/nathealth/audit/hypotheses/H01/H01_analysis_preparation.html",TRUE,"why-prepared-records-did-not-enter-every-model-frame",TRUE,FALSE,FALSE,TRUE
"2. The 17-metric response package","#the-17-metric-response-package","/Users/zauner/Documents/Arbeit/12-TUM/MeLiDos/WP2.2.5_Data_Analysis/ZaunerEtAl_bioRxiv_2026/_build/nathealth/audit/hypotheses/H01/H01_analysis_preparation.html",TRUE,"the-17-metric-response-package",TRUE,FALSE,FALSE,TRUE
"Construct-specific rules","#construct-specific-rules","/Users/zauner/Documents/Arbeit/12-TUM/MeLiDos/WP2.2.5_Data_Analysis/ZaunerEtAl_bioRxiv_2026/_build/nathealth/audit/hypotheses/H01/H01_analysis_preparation.html",TRUE,"construct-specific-rules",TRUE,FALSE,FALSE,TRUE
"3. Model-frame and sample construction","#model-frame-and-sample-construction","/Users/zauner/Documents/Arbeit/12-TUM/MeLiDos/WP2.2.5_Data_Analysis/ZaunerEtAl_bioRxiv_2026/_build/nathealth/audit/hypotheses/H01/H01_analysis_preparation.html",TRUE,"model-frame-and-sample-construction",TRUE,FALSE,FALSE,TRUE
"Eight analysis scenarios","#eight-analysis-scenarios","/Users/zauner/Documents/Arbeit/12-TUM/MeLiDos/WP2.2.5_Data_Analysis/ZaunerEtAl_bioRxiv_2026/_build/nathealth/audit/hypotheses/H01/H01_analysis_preparation.html",TRUE,"eight-analysis-scenarios",TRUE,FALSE,FALSE,TRUE
"Exact primary fitted samples","#exact-primary-fitted-samples","/Users/zauner/Documents/Arbeit/12-TUM/MeLiDos/WP2.2.5_Data_Analysis/ZaunerEtAl_bioRxiv_2026/_build/nathealth/audit/hypotheses/H01/H01_analysis_preparation.html",TRUE,"exact-primary-fitted-samples",TRUE,FALSE,FALSE,TRUE
"Retention from prepared rows to fitted rows","#retention-from-prepared-rows-to-fitted-rows","/Users/zauner/Documents/Arbeit/12-TUM/MeLiDos/WP2.2.5_Data_Analysis/ZaunerEtAl_bioRxiv_2026/_build/nathealth/audit/hypotheses/H01/H01_analysis_preparation.html",TRUE,"retention-from-prepared-rows-to-fitted-rows",TRUE,FALSE,FALSE,TRUE
"Site-specific support","#site-specific-support","/Users/zauner/Documents/Arbeit/12-TUM/MeLiDos/WP2.2.5_Data_Analysis/ZaunerEtAl_bioRxiv_2026/_build/nathealth/audit/hypotheses/H01/H01_analysis_preparation.html",TRUE,"site-specific-support",TRUE,FALSE,FALSE,TRUE
"4. Model construction","#model-construction","/Users/zauner/Documents/Arbeit/12-TUM/MeLiDos/WP2.2.5_Data_Analysis/ZaunerEtAl_bioRxiv_2026/_build/nathealth/audit/hypotheses/H01/H01_analysis_preparation.html",TRUE,"model-construction",TRUE,FALSE,FALSE,TRUE
"Exact formula set","#exact-formula-set","/Users/zauner/Documents/Arbeit/12-TUM/MeLiDos/WP2.2.5_Data_Analysis/ZaunerEtAl_bioRxiv_2026/_build/nathealth/audit/hypotheses/H01/H01_analysis_preparation.html",TRUE,"exact-formula-set",TRUE,FALSE,FALSE,TRUE
"Central settings","#central-settings","/Users/zauner/Documents/Arbeit/12-TUM/MeLiDos/WP2.2.5_Data_Analysis/ZaunerEtAl_bioRxiv_2026/_build/nathealth/audit/hypotheses/H01/H01_analysis_preparation.html",TRUE,"central-settings",TRUE,FALSE,FALSE,TRUE
"5. Estimands, uncertainty, and multiplicity","#estimands-uncertainty-and-multiplicity","/Users/zauner/Documents/Arbeit/12-TUM/MeLiDos/WP2.2.5_Data_Analysis/ZaunerEtAl_bioRxiv_2026/_build/nathealth/audit/hypotheses/H01/H01_analysis_preparation.html",TRUE,"estimands-uncertainty-and-multiplicity",TRUE,FALSE,FALSE,TRUE
"6. Bootstrap, model checks, and influence","#bootstrap-model-checks-and-influence","/Users/zauner/Documents/Arbeit/12-TUM/MeLiDos/WP2.2.5_Data_Analysis/ZaunerEtAl_bioRxiv_2026/_build/nathealth/audit/hypotheses/H01/H01_analysis_preparation.html",TRUE,"bootstrap-model-checks-and-influence",TRUE,FALSE,FALSE,TRUE
"Stored joint-refit support","#stored-joint-refit-support","/Users/zauner/Documents/Arbeit/12-TUM/MeLiDos/WP2.2.5_Data_Analysis/ZaunerEtAl_bioRxiv_2026/_build/nathealth/audit/hypotheses/H01/H01_analysis_preparation.html",TRUE,"stored-joint-refit-support",TRUE,FALSE,FALSE,TRUE
"Model-check and influence chain","#model-check-and-influence-chain","/Users/zauner/Documents/Arbeit/12-TUM/MeLiDos/WP2.2.5_Data_Analysis/ZaunerEtAl_bioRxiv_2026/_build/nathealth/audit/hypotheses/H01/H01_analysis_preparation.html",TRUE,"model-check-and-influence-chain",TRUE,FALSE,FALSE,TRUE
"7. Sensitivity branches","#sensitivity-branches","/Users/zauner/Documents/Arbeit/12-TUM/MeLiDos/WP2.2.5_Data_Analysis/ZaunerEtAl_bioRxiv_2026/_build/nathealth/audit/hypotheses/H01/H01_analysis_preparation.html",TRUE,"sensitivity-branches",TRUE,FALSE,FALSE,TRUE
"8. Limitations and qualifications","#limitations-and-qualifications","/Users/zauner/Documents/Arbeit/12-TUM/MeLiDos/WP2.2.5_Data_Analysis/ZaunerEtAl_bioRxiv_2026/_build/nathealth/audit/hypotheses/H01/H01_analysis_preparation.html",TRUE,"limitations-and-qualifications",TRUE,FALSE,FALSE,TRUE
"9. Technical provenance and reproduction","#technical-provenance-and-reproduction","/Users/zauner/Documents/Arbeit/12-TUM/MeLiDos/WP2.2.5_Data_Analysis/ZaunerEtAl_bioRxiv_2026/_build/nathealth/audit/hypotheses/H01/H01_analysis_preparation.html",TRUE,"technical-provenance-and-reproduction",TRUE,FALSE,FALSE,TRUE
"Code map and execution order","#code-map-and-execution-order","/Users/zauner/Documents/Arbeit/12-TUM/MeLiDos/WP2.2.5_Data_Analysis/ZaunerEtAl_bioRxiv_2026/_build/nathealth/audit/hypotheses/H01/H01_analysis_preparation.html",TRUE,"code-map-and-execution-order",TRUE,FALSE,FALSE,TRUE
"Output provenance and file identities","#output-provenance-and-file-identities","/Users/zauner/Documents/Arbeit/12-TUM/MeLiDos/WP2.2.5_Data_Analysis/ZaunerEtAl_bioRxiv_2026/_build/nathealth/audit/hypotheses/H01/H01_analysis_preparation.html",TRUE,"output-provenance-and-file-identities",TRUE,FALSE,FALSE,TRUE
"How to examine or reproduce H01","#how-to-examine-or-reproduce-h01","/Users/zauner/Documents/Arbeit/12-TUM/MeLiDos/WP2.2.5_Data_Analysis/ZaunerEtAl_bioRxiv_2026/_build/nathealth/audit/hypotheses/H01/H01_analysis_preparation.html",TRUE,"how-to-examine-or-reproduce-h01",TRUE,FALSE,FALSE,TRUE
"Environment","#environment","/Users/zauner/Documents/Arbeit/12-TUM/MeLiDos/WP2.2.5_Data_Analysis/ZaunerEtAl_bioRxiv_2026/_build/nathealth/audit/hypotheses/H01/H01_analysis_preparation.html",TRUE,"environment",TRUE,FALSE,FALSE,TRUE
"Edit this page","https://github.com/tscnlab/ZaunerEtAl_bioRxiv_2026/edit/main/audit/hypotheses/H01/H01_analysis_preparation.qmd","",TRUE,"",TRUE,FALSE,FALSE,TRUE
"Report an issue","https://github.com/tscnlab/ZaunerEtAl_bioRxiv_2026/issues","",TRUE,"",TRUE,FALSE,FALSE,TRUE
"Hypothesis analyses","../../../notebooks/hypotheses/H01.html","/Users/zauner/Documents/Arbeit/12-TUM/MeLiDos/WP2.2.5_Data_Analysis/ZaunerEtAl_bioRxiv_2026/_build/nathealth/notebooks/hypotheses/H01.html",TRUE,"",TRUE,FALSE,FALSE,TRUE
"H01 preparation and provenance","../../../audit/hypotheses/H01/H01_analysis_preparation.html","/Users/zauner/Documents/Arbeit/12-TUM/MeLiDos/WP2.2.5_Data_Analysis/ZaunerEtAl_bioRxiv_2026/_build/nathealth/audit/hypotheses/H01/H01_analysis_preparation.html",TRUE,"",TRUE,FALSE,FALSE,TRUE
"Show All Code","javascript:void(0)","",TRUE,"",TRUE,FALSE,FALSE,TRUE
"Hide All Code","javascript:void(0)","",TRUE,"",TRUE,FALSE,FALSE,TRUE
"View Source","javascript:void(0)","",TRUE,"",TRUE,FALSE,FALSE,TRUE
"H01 results report","../../../notebooks/hypotheses/H01.html","/Users/zauner/Documents/Arbeit/12-TUM/MeLiDos/WP2.2.5_Data_Analysis/ZaunerEtAl_bioRxiv_2026/_build/nathealth/notebooks/hypotheses/H01.html",TRUE,"",TRUE,FALSE,FALSE,TRUE
"linked registration-record summary","../../../notebooks/hypotheses/H01.html#h01-preregistration-deviations","/Users/zauner/Documents/Arbeit/12-TUM/MeLiDos/WP2.2.5_Data_Analysis/ZaunerEtAl_bioRxiv_2026/_build/nathealth/notebooks/hypotheses/H01.html",TRUE,"h01-preregistration-deviations",TRUE,FALSE,FALSE,TRUE
"","#cb1-1","/Users/zauner/Documents/Arbeit/12-TUM/MeLiDos/WP2.2.5_Data_Analysis/ZaunerEtAl_bioRxiv_2026/_build/nathealth/audit/hypotheses/H01/H01_analysis_preparation.html",TRUE,"cb1-1",TRUE,FALSE,FALSE,TRUE
"","#cb1-2","/Users/zauner/Documents/Arbeit/12-TUM/MeLiDos/WP2.2.5_Data_Analysis/ZaunerEtAl_bioRxiv_2026/_build/nathealth/audit/hypotheses/H01/H01_analysis_preparation.html",TRUE,"cb1-2",TRUE,FALSE,FALSE,TRUE
"","#cb1-3","/Users/zauner/Documents/Arbeit/12-TUM/MeLiDos/WP2.2.5_Data_Analysis/ZaunerEtAl_bioRxiv_2026/_build/nathealth/audit/hypotheses/H01/H01_analysis_preparation.html",TRUE,"cb1-3",TRUE,FALSE,FALSE,TRUE
"","#cb1-4","/Users/zauner/Documents/Arbeit/12-TUM/MeLiDos/WP2.2.5_Data_Analysis/ZaunerEtAl_bioRxiv_2026/_build/nathealth/audit/hypotheses/H01/H01_analysis_preparation.html",TRUE,"cb1-4",TRUE,FALSE,FALSE,TRUE
"","#cb1-5","/Users/zauner/Documents/Arbeit/12-TUM/MeLiDos/WP2.2.5_Data_Analysis/ZaunerEtAl_bioRxiv_2026/_build/nathealth/audit/hypotheses/H01/H01_analysis_preparation.html",TRUE,"cb1-5",TRUE,FALSE,FALSE,TRUE
"","#cb1-6","/Users/zauner/Documents/Arbeit/12-TUM/MeLiDos/WP2.2.5_Data_Analysis/ZaunerEtAl_bioRxiv_2026/_build/nathealth/audit/hypotheses/H01/H01_analysis_preparation.html",TRUE,"cb1-6",TRUE,FALSE,FALSE,TRUE
"","#cb1-7","/Users/zauner/Documents/Arbeit/12-TUM/MeLiDos/WP2.2.5_Data_Analysis/ZaunerEtAl_bioRxiv_2026/_build/nathealth/audit/hypotheses/H01/H01_analysis_preparation.html",TRUE,"cb1-7",TRUE,FALSE,FALSE,TRUE
"","#cb1-8","/Users/zauner/Documents/Arbeit/12-TUM/MeLiDos/WP2.2.5_Data_Analysis/ZaunerEtAl_bioRxiv_2026/_build/nathealth/audit/hypotheses/H01/H01_analysis_preparation.html",TRUE,"cb1-8",TRUE,FALSE,FALSE,TRUE
"","#cb1-9","/Users/zauner/Documents/Arbeit/12-TUM/MeLiDos/WP2.2.5_Data_Analysis/ZaunerEtAl_bioRxiv_2026/_build/nathealth/audit/hypotheses/H01/H01_analysis_preparation.html",TRUE,"cb1-9",TRUE,FALSE,FALSE,TRUE
"","#cb1-10","/Users/zauner/Documents/Arbeit/12-TUM/MeLiDos/WP2.2.5_Data_Analysis/ZaunerEtAl_bioRxiv_2026/_build/nathealth/audit/hypotheses/H01/H01_analysis_preparation.html",TRUE,"cb1-10",TRUE,FALSE,FALSE,TRUE
"","#cb1-11","/Users/zauner/Documents/Arbeit/12-TUM/MeLiDos/WP2.2.5_Data_Analysis/ZaunerEtAl_bioRxiv_2026/_build/nathealth/audit/hypotheses/H01/H01_analysis_preparation.html",TRUE,"cb1-11",TRUE,FALSE,FALSE,TRUE
"","#cb1-12","/Users/zauner/Documents/Arbeit/12-TUM/MeLiDos/WP2.2.5_Data_Analysis/ZaunerEtAl_bioRxiv_2026/_build/nathealth/audit/hypotheses/H01/H01_analysis_preparation.html",TRUE,"cb1-12",TRUE,FALSE,FALSE,TRUE
"","#cb1-13","/Users/zauner/Documents/Arbeit/12-TUM/MeLiDos/WP2.2.5_Data_Analysis/ZaunerEtAl_bioRxiv_2026/_build/nathealth/audit/hypotheses/H01/H01_analysis_preparation.html",TRUE,"cb1-13",TRUE,FALSE,FALSE,TRUE
"","#cb1-14","/Users/zauner/Documents/Arbeit/12-TUM/MeLiDos/WP2.2.5_Data_Analysis/ZaunerEtAl_bioRxiv_2026/_build/nathealth/audit/hypotheses/H01/H01_analysis_preparation.html",TRUE,"cb1-14",TRUE,FALSE,FALSE,TRUE
"","#cb1-15","/Users/zauner/Documents/Arbeit/12-TUM/MeLiDos/WP2.2.5_Data_Analysis/ZaunerEtAl_bioRxiv_2026/_build/nathealth/audit/hypotheses/H01/H01_analysis_preparation.html",TRUE,"cb1-15",TRUE,FALSE,FALSE,TRUE
"","#cb1-16","/Users/zauner/Documents/Arbeit/12-TUM/MeLiDos/WP2.2.5_Data_Analysis/ZaunerEtAl_bioRxiv_2026/_build/nathealth/audit/hypotheses/H01/H01_analysis_preparation.html",TRUE,"cb1-16",TRUE,FALSE,FALSE,TRUE
"","#cb1-17","/Users/zauner/Documents/Arbeit/12-TUM/MeLiDos/WP2.2.5_Data_Analysis/ZaunerEtAl_bioRxiv_2026/_build/nathealth/audit/hypotheses/H01/H01_analysis_preparation.html",TRUE,"cb1-17",TRUE,FALSE,FALSE,TRUE
"","#cb2-1","/Users/zauner/Documents/Arbeit/12-TUM/MeLiDos/WP2.2.5_Data_Analysis/ZaunerEtAl_bioRxiv_2026/_build/nathealth/audit/hypotheses/H01/H01_analysis_preparation.html",TRUE,"cb2-1",TRUE,FALSE,FALSE,TRUE
"","#cb2-2","/Users/zauner/Documents/Arbeit/12-TUM/MeLiDos/WP2.2.5_Data_Analysis/ZaunerEtAl_bioRxiv_2026/_build/nathealth/audit/hypotheses/H01/H01_analysis_preparation.html",TRUE,"cb2-2",TRUE,FALSE,FALSE,TRUE
"","#cb2-3","/Users/zauner/Documents/Arbeit/12-TUM/MeLiDos/WP2.2.5_Data_Analysis/ZaunerEtAl_bioRxiv_2026/_build/nathealth/audit/hypotheses/H01/H01_analysis_preparation.html",TRUE,"cb2-3",TRUE,FALSE,FALSE,TRUE
"","#cb2-4","/Users/zauner/Documents/Arbeit/12-TUM/MeLiDos/WP2.2.5_Data_Analysis/ZaunerEtAl_bioRxiv_2026/_build/nathealth/audit/hypotheses/H01/H01_analysis_preparation.html",TRUE,"cb2-4",TRUE,FALSE,FALSE,TRUE
"","#cb2-5","/Users/zauner/Documents/Arbeit/12-TUM/MeLiDos/WP2.2.5_Data_Analysis/ZaunerEtAl_bioRxiv_2026/_build/nathealth/audit/hypotheses/H01/H01_analysis_preparation.html",TRUE,"cb2-5",TRUE,FALSE,FALSE,TRUE
"","#cb2-6","/Users/zauner/Documents/Arbeit/12-TUM/MeLiDos/WP2.2.5_Data_Analysis/ZaunerEtAl_bioRxiv_2026/_build/nathealth/audit/hypotheses/H01/H01_analysis_preparation.html",TRUE,"cb2-6",TRUE,FALSE,FALSE,TRUE
"","#cb2-7","/Users/zauner/Documents/Arbeit/12-TUM/MeLiDos/WP2.2.5_Data_Analysis/ZaunerEtAl_bioRxiv_2026/_build/nathealth/audit/hypotheses/H01/H01_analysis_preparation.html",TRUE,"cb2-7",TRUE,FALSE,FALSE,TRUE
"","#cb2-8","/Users/zauner/Documents/Arbeit/12-TUM/MeLiDos/WP2.2.5_Data_Analysis/ZaunerEtAl_bioRxiv_2026/_build/nathealth/audit/hypotheses/H01/H01_analysis_preparation.html",TRUE,"cb2-8",TRUE,FALSE,FALSE,TRUE
"","#cb2-9","/Users/zauner/Documents/Arbeit/12-TUM/MeLiDos/WP2.2.5_Data_Analysis/ZaunerEtAl_bioRxiv_2026/_build/nathealth/audit/hypotheses/H01/H01_analysis_preparation.html",TRUE,"cb2-9",TRUE,FALSE,FALSE,TRUE
"","#cb2-10","/Users/zauner/Documents/Arbeit/12-TUM/MeLiDos/WP2.2.5_Data_Analysis/ZaunerEtAl_bioRxiv_2026/_build/nathealth/audit/hypotheses/H01/H01_analysis_preparation.html",TRUE,"cb2-10",TRUE,FALSE,FALSE,TRUE
"","#cb2-11","/Users/zauner/Documents/Arbeit/12-TUM/MeLiDos/WP2.2.5_Data_Analysis/ZaunerEtAl_bioRxiv_2026/_build/nathealth/audit/hypotheses/H01/H01_analysis_preparation.html",TRUE,"cb2-11",TRUE,FALSE,FALSE,TRUE
"","#cb2-12","/Users/zauner/Documents/Arbeit/12-TUM/MeLiDos/WP2.2.5_Data_Analysis/ZaunerEtAl_bioRxiv_2026/_build/nathealth/audit/hypotheses/H01/H01_analysis_preparation.html",TRUE,"cb2-12",TRUE,FALSE,FALSE,TRUE
"","#cb2-13","/Users/zauner/Documents/Arbeit/12-TUM/MeLiDos/WP2.2.5_Data_Analysis/ZaunerEtAl_bioRxiv_2026/_build/nathealth/audit/hypotheses/H01/H01_analysis_preparation.html",TRUE,"cb2-13",TRUE,FALSE,FALSE,TRUE
"","#cb2-14","/Users/zauner/Documents/Arbeit/12-TUM/MeLiDos/WP2.2.5_Data_Analysis/ZaunerEtAl_bioRxiv_2026/_build/nathealth/audit/hypotheses/H01/H01_analysis_preparation.html",TRUE,"cb2-14",TRUE,FALSE,FALSE,TRUE
"","#cb2-15","/Users/zauner/Documents/Arbeit/12-TUM/MeLiDos/WP2.2.5_Data_Analysis/ZaunerEtAl_bioRxiv_2026/_build/nathealth/audit/hypotheses/H01/H01_analysis_preparation.html",TRUE,"cb2-15",TRUE,FALSE,FALSE,TRUE
"","#cb2-16","/Users/zauner/Documents/Arbeit/12-TUM/MeLiDos/WP2.2.5_Data_Analysis/ZaunerEtAl_bioRxiv_2026/_build/nathealth/audit/hypotheses/H01/H01_analysis_preparation.html",TRUE,"cb2-16",TRUE,FALSE,FALSE,TRUE
"","#cb2-17","/Users/zauner/Documents/Arbeit/12-TUM/MeLiDos/WP2.2.5_Data_Analysis/ZaunerEtAl_bioRxiv_2026/_build/nathealth/audit/hypotheses/H01/H01_analysis_preparation.html",TRUE,"cb2-17",TRUE,FALSE,FALSE,TRUE
"Preparation 04","../../../notebooks/preparation/04_metric_derivation.html","/Users/zauner/Documents/Arbeit/12-TUM/MeLiDos/WP2.2.5_Data_Analysis/ZaunerEtAl_bioRxiv_2026/_build/nathealth/notebooks/preparation/04_metric_derivation.html",TRUE,"",TRUE,FALSE,FALSE,TRUE
"Preparation 06","../../../notebooks/preparation/06_model_ready_datasets.html","/Users/zauner/Documents/Arbeit/12-TUM/MeLiDos/WP2.2.5_Data_Analysis/ZaunerEtAl_bioRxiv_2026/_build/nathealth/notebooks/preparation/06_model_ready_datasets.html",TRUE,"",TRUE,FALSE,FALSE,TRUE
"","#cb3-1","/Users/zauner/Documents/Arbeit/12-TUM/MeLiDos/WP2.2.5_Data_Analysis/ZaunerEtAl_bioRxiv_2026/_build/nathealth/audit/hypotheses/H01/H01_analysis_preparation.html",TRUE,"cb3-1",TRUE,FALSE,FALSE,TRUE
"","#cb3-2","/Users/zauner/Documents/Arbeit/12-TUM/MeLiDos/WP2.2.5_Data_Analysis/ZaunerEtAl_bioRxiv_2026/_build/nathealth/audit/hypotheses/H01/H01_analysis_preparation.html",TRUE,"cb3-2",TRUE,FALSE,FALSE,TRUE
"","#cb3-3","/Users/zauner/Documents/Arbeit/12-TUM/MeLiDos/WP2.2.5_Data_Analysis/ZaunerEtAl_bioRxiv_2026/_build/nathealth/audit/hypotheses/H01/H01_analysis_preparation.html",TRUE,"cb3-3",TRUE,FALSE,FALSE,TRUE
"","#cb3-4","/Users/zauner/Documents/Arbeit/12-TUM/MeLiDos/WP2.2.5_Data_Analysis/ZaunerEtAl_bioRxiv_2026/_build/nathealth/audit/hypotheses/H01/H01_analysis_preparation.html",TRUE,"cb3-4",TRUE,FALSE,FALSE,TRUE
"","#cb3-5","/Users/zauner/Documents/Arbeit/12-TUM/MeLiDos/WP2.2.5_Data_Analysis/ZaunerEtAl_bioRxiv_2026/_build/nathealth/audit/hypotheses/H01/H01_analysis_preparation.html",TRUE,"cb3-5",TRUE,FALSE,FALSE,TRUE
"","#cb3-6","/Users/zauner/Documents/Arbeit/12-TUM/MeLiDos/WP2.2.5_Data_Analysis/ZaunerEtAl_bioRxiv_2026/_build/nathealth/audit/hypotheses/H01/H01_analysis_preparation.html",TRUE,"cb3-6",TRUE,FALSE,FALSE,TRUE
"","#cb3-7","/Users/zauner/Documents/Arbeit/12-TUM/MeLiDos/WP2.2.5_Data_Analysis/ZaunerEtAl_bioRxiv_2026/_build/nathealth/audit/hypotheses/H01/H01_analysis_preparation.html",TRUE,"cb3-7",TRUE,FALSE,FALSE,TRUE
"","#cb3-8","/Users/zauner/Documents/Arbeit/12-TUM/MeLiDos/WP2.2.5_Data_Analysis/ZaunerEtAl_bioRxiv_2026/_build/nathealth/audit/hypotheses/H01/H01_analysis_preparation.html",TRUE,"cb3-8",TRUE,FALSE,FALSE,TRUE
"","#cb3-9","/Users/zauner/Documents/Arbeit/12-TUM/MeLiDos/WP2.2.5_Data_Analysis/ZaunerEtAl_bioRxiv_2026/_build/nathealth/audit/hypotheses/H01/H01_analysis_preparation.html",TRUE,"cb3-9",TRUE,FALSE,FALSE,TRUE
"","#cb3-10","/Users/zauner/Documents/Arbeit/12-TUM/MeLiDos/WP2.2.5_Data_Analysis/ZaunerEtAl_bioRxiv_2026/_build/nathealth/audit/hypotheses/H01/H01_analysis_preparation.html",TRUE,"cb3-10",TRUE,FALSE,FALSE,TRUE
"","#cb3-11","/Users/zauner/Documents/Arbeit/12-TUM/MeLiDos/WP2.2.5_Data_Analysis/ZaunerEtAl_bioRxiv_2026/_build/nathealth/audit/hypotheses/H01/H01_analysis_preparation.html",TRUE,"cb3-11",TRUE,FALSE,FALSE,TRUE
"","#cb3-12","/Users/zauner/Documents/Arbeit/12-TUM/MeLiDos/WP2.2.5_Data_Analysis/ZaunerEtAl_bioRxiv_2026/_build/nathealth/audit/hypotheses/H01/H01_analysis_preparation.html",TRUE,"cb3-12",TRUE,FALSE,FALSE,TRUE
"","#cb3-13","/Users/zauner/Documents/Arbeit/12-TUM/MeLiDos/WP2.2.5_Data_Analysis/ZaunerEtAl_bioRxiv_2026/_build/nathealth/audit/hypotheses/H01/H01_analysis_preparation.html",TRUE,"cb3-13",TRUE,FALSE,FALSE,TRUE
"","#cb3-14","/Users/zauner/Documents/Arbeit/12-TUM/MeLiDos/WP2.2.5_Data_Analysis/ZaunerEtAl_bioRxiv_2026/_build/nathealth/audit/hypotheses/H01/H01_analysis_preparation.html",TRUE,"cb3-14",TRUE,FALSE,FALSE,TRUE
"","#cb3-15","/Users/zauner/Documents/Arbeit/12-TUM/MeLiDos/WP2.2.5_Data_Analysis/ZaunerEtAl_bioRxiv_2026/_build/nathealth/audit/hypotheses/H01/H01_analysis_preparation.html",TRUE,"cb3-15",TRUE,FALSE,FALSE,TRUE
"","#cb3-16","/Users/zauner/Documents/Arbeit/12-TUM/MeLiDos/WP2.2.5_Data_Analysis/ZaunerEtAl_bioRxiv_2026/_build/nathealth/audit/hypotheses/H01/H01_analysis_preparation.html",TRUE,"cb3-16",TRUE,FALSE,FALSE,TRUE
"","#cb3-17","/Users/zauner/Documents/Arbeit/12-TUM/MeLiDos/WP2.2.5_Data_Analysis/ZaunerEtAl_bioRxiv_2026/_build/nathealth/audit/hypotheses/H01/H01_analysis_preparation.html",TRUE,"cb3-17",TRUE,FALSE,FALSE,TRUE
"","#cb3-18","/Users/zauner/Documents/Arbeit/12-TUM/MeLiDos/WP2.2.5_Data_Analysis/ZaunerEtAl_bioRxiv_2026/_build/nathealth/audit/hypotheses/H01/H01_analysis_preparation.html",TRUE,"cb3-18",TRUE,FALSE,FALSE,TRUE
"","#cb3-19","/Users/zauner/Documents/Arbeit/12-TUM/MeLiDos/WP2.2.5_Data_Analysis/ZaunerEtAl_bioRxiv_2026/_build/nathealth/audit/hypotheses/H01/H01_analysis_preparation.html",TRUE,"cb3-19",TRUE,FALSE,FALSE,TRUE
"","#cb3-20","/Users/zauner/Documents/Arbeit/12-TUM/MeLiDos/WP2.2.5_Data_Analysis/ZaunerEtAl_bioRxiv_2026/_build/nathealth/audit/hypotheses/H01/H01_analysis_preparation.html",TRUE,"cb3-20",TRUE,FALSE,FALSE,TRUE
"","#cb3-21","/Users/zauner/Documents/Arbeit/12-TUM/MeLiDos/WP2.2.5_Data_Analysis/ZaunerEtAl_bioRxiv_2026/_build/nathealth/audit/hypotheses/H01/H01_analysis_preparation.html",TRUE,"cb3-21",TRUE,FALSE,FALSE,TRUE
"","#cb3-22","/Users/zauner/Documents/Arbeit/12-TUM/MeLiDos/WP2.2.5_Data_Analysis/ZaunerEtAl_bioRxiv_2026/_build/nathealth/audit/hypotheses/H01/H01_analysis_preparation.html",TRUE,"cb3-22",TRUE,FALSE,FALSE,TRUE
"","#cb3-23","/Users/zauner/Documents/Arbeit/12-TUM/MeLiDos/WP2.2.5_Data_Analysis/ZaunerEtAl_bioRxiv_2026/_build/nathealth/audit/hypotheses/H01/H01_analysis_preparation.html",TRUE,"cb3-23",TRUE,FALSE,FALSE,TRUE
"","#cb3-24","/Users/zauner/Documents/Arbeit/12-TUM/MeLiDos/WP2.2.5_Data_Analysis/ZaunerEtAl_bioRxiv_2026/_build/nathealth/audit/hypotheses/H01/H01_analysis_preparation.html",TRUE,"cb3-24",TRUE,FALSE,FALSE,TRUE
"","#cb3-25","/Users/zauner/Documents/Arbeit/12-TUM/MeLiDos/WP2.2.5_Data_Analysis/ZaunerEtAl_bioRxiv_2026/_build/nathealth/audit/hypotheses/H01/H01_analysis_preparation.html",TRUE,"cb3-25",TRUE,FALSE,FALSE,TRUE
"","#cb3-26","/Users/zauner/Documents/Arbeit/12-TUM/MeLiDos/WP2.2.5_Data_Analysis/ZaunerEtAl_bioRxiv_2026/_build/nathealth/audit/hypotheses/H01/H01_analysis_preparation.html",TRUE,"cb3-26",TRUE,FALSE,FALSE,TRUE
"","#cb3-27","/Users/zauner/Documents/Arbeit/12-TUM/MeLiDos/WP2.2.5_Data_Analysis/ZaunerEtAl_bioRxiv_2026/_build/nathealth/audit/hypotheses/H01/H01_analysis_preparation.html",TRUE,"cb3-27",TRUE,FALSE,FALSE,TRUE
"","#cb3-28","/Users/zauner/Documents/Arbeit/12-TUM/MeLiDos/WP2.2.5_Data_Analysis/ZaunerEtAl_bioRxiv_2026/_build/nathealth/audit/hypotheses/H01/H01_analysis_preparation.html",TRUE,"cb3-28",TRUE,FALSE,FALSE,TRUE
"","#cb3-29","/Users/zauner/Documents/Arbeit/12-TUM/MeLiDos/WP2.2.5_Data_Analysis/ZaunerEtAl_bioRxiv_2026/_build/nathealth/audit/hypotheses/H01/H01_analysis_preparation.html",TRUE,"cb3-29",TRUE,FALSE,FALSE,TRUE
"","#cb3-30","/Users/zauner/Documents/Arbeit/12-TUM/MeLiDos/WP2.2.5_Data_Analysis/ZaunerEtAl_bioRxiv_2026/_build/nathealth/audit/hypotheses/H01/H01_analysis_preparation.html",TRUE,"cb3-30",TRUE,FALSE,FALSE,TRUE
"","#cb3-31","/Users/zauner/Documents/Arbeit/12-TUM/MeLiDos/WP2.2.5_Data_Analysis/ZaunerEtAl_bioRxiv_2026/_build/nathealth/audit/hypotheses/H01/H01_analysis_preparation.html",TRUE,"cb3-31",TRUE,FALSE,FALSE,TRUE
"","#cb3-32","/Users/zauner/Documents/Arbeit/12-TUM/MeLiDos/WP2.2.5_Data_Analysis/ZaunerEtAl_bioRxiv_2026/_build/nathealth/audit/hypotheses/H01/H01_analysis_preparation.html",TRUE,"cb3-32",TRUE,FALSE,FALSE,TRUE
"","#cb4-1","/Users/zauner/Documents/Arbeit/12-TUM/MeLiDos/WP2.2.5_Data_Analysis/ZaunerEtAl_bioRxiv_2026/_build/nathealth/audit/hypotheses/H01/H01_analysis_preparation.html",TRUE,"cb4-1",TRUE,FALSE,FALSE,TRUE
"","#cb4-2","/Users/zauner/Documents/Arbeit/12-TUM/MeLiDos/WP2.2.5_Data_Analysis/ZaunerEtAl_bioRxiv_2026/_build/nathealth/audit/hypotheses/H01/H01_analysis_preparation.html",TRUE,"cb4-2",TRUE,FALSE,FALSE,TRUE
"","#cb4-3","/Users/zauner/Documents/Arbeit/12-TUM/MeLiDos/WP2.2.5_Data_Analysis/ZaunerEtAl_bioRxiv_2026/_build/nathealth/audit/hypotheses/H01/H01_analysis_preparation.html",TRUE,"cb4-3",TRUE,FALSE,FALSE,TRUE
"","#cb4-4","/Users/zauner/Documents/Arbeit/12-TUM/MeLiDos/WP2.2.5_Data_Analysis/ZaunerEtAl_bioRxiv_2026/_build/nathealth/audit/hypotheses/H01/H01_analysis_preparation.html",TRUE,"cb4-4",TRUE,FALSE,FALSE,TRUE
"","#cb4-5","/Users/zauner/Documents/Arbeit/12-TUM/MeLiDos/WP2.2.5_Data_Analysis/ZaunerEtAl_bioRxiv_2026/_build/nathealth/audit/hypotheses/H01/H01_analysis_preparation.html",TRUE,"cb4-5",TRUE,FALSE,FALSE,TRUE
"","#cb4-6","/Users/zauner/Documents/Arbeit/12-TUM/MeLiDos/WP2.2.5_Data_Analysis/ZaunerEtAl_bioRxiv_2026/_build/nathealth/audit/hypotheses/H01/H01_analysis_preparation.html",TRUE,"cb4-6",TRUE,FALSE,FALSE,TRUE
"","#cb4-7","/Users/zauner/Documents/Arbeit/12-TUM/MeLiDos/WP2.2.5_Data_Analysis/ZaunerEtAl_bioRxiv_2026/_build/nathealth/audit/hypotheses/H01/H01_analysis_preparation.html",TRUE,"cb4-7",TRUE,FALSE,FALSE,TRUE
"","#cb4-8","/Users/zauner/Documents/Arbeit/12-TUM/MeLiDos/WP2.2.5_Data_Analysis/ZaunerEtAl_bioRxiv_2026/_build/nathealth/audit/hypotheses/H01/H01_analysis_preparation.html",TRUE,"cb4-8",TRUE,FALSE,FALSE,TRUE
"","#cb4-9","/Users/zauner/Documents/Arbeit/12-TUM/MeLiDos/WP2.2.5_Data_Analysis/ZaunerEtAl_bioRxiv_2026/_build/nathealth/audit/hypotheses/H01/H01_analysis_preparation.html",TRUE,"cb4-9",TRUE,FALSE,FALSE,TRUE
"","#cb4-10","/Users/zauner/Documents/Arbeit/12-TUM/MeLiDos/WP2.2.5_Data_Analysis/ZaunerEtAl_bioRxiv_2026/_build/nathealth/audit/hypotheses/H01/H01_analysis_preparation.html",TRUE,"cb4-10",TRUE,FALSE,FALSE,TRUE
"","#cb4-11","/Users/zauner/Documents/Arbeit/12-TUM/MeLiDos/WP2.2.5_Data_Analysis/ZaunerEtAl_bioRxiv_2026/_build/nathealth/audit/hypotheses/H01/H01_analysis_preparation.html",TRUE,"cb4-11",TRUE,FALSE,FALSE,TRUE
"","#cb4-12","/Users/zauner/Documents/Arbeit/12-TUM/MeLiDos/WP2.2.5_Data_Analysis/ZaunerEtAl_bioRxiv_2026/_build/nathealth/audit/hypotheses/H01/H01_analysis_preparation.html",TRUE,"cb4-12",TRUE,FALSE,FALSE,TRUE
"","#cb4-13","/Users/zauner/Documents/Arbeit/12-TUM/MeLiDos/WP2.2.5_Data_Analysis/ZaunerEtAl_bioRxiv_2026/_build/nathealth/audit/hypotheses/H01/H01_analysis_preparation.html",TRUE,"cb4-13",TRUE,FALSE,FALSE,TRUE
"","#cb4-14","/Users/zauner/Documents/Arbeit/12-TUM/MeLiDos/WP2.2.5_Data_Analysis/ZaunerEtAl_bioRxiv_2026/_build/nathealth/audit/hypotheses/H01/H01_analysis_preparation.html",TRUE,"cb4-14",TRUE,FALSE,FALSE,TRUE
"","#cb4-15","/Users/zauner/Documents/Arbeit/12-TUM/MeLiDos/WP2.2.5_Data_Analysis/ZaunerEtAl_bioRxiv_2026/_build/nathealth/audit/hypotheses/H01/H01_analysis_preparation.html",TRUE,"cb4-15",TRUE,FALSE,FALSE,TRUE
"","#cb4-16","/Users/zauner/Documents/Arbeit/12-TUM/MeLiDos/WP2.2.5_Data_Analysis/ZaunerEtAl_bioRxiv_2026/_build/nathealth/audit/hypotheses/H01/H01_analysis_preparation.html",TRUE,"cb4-16",TRUE,FALSE,FALSE,TRUE
"","#cb4-17","/Users/zauner/Documents/Arbeit/12-TUM/MeLiDos/WP2.2.5_Data_Analysis/ZaunerEtAl_bioRxiv_2026/_build/nathealth/audit/hypotheses/H01/H01_analysis_preparation.html",TRUE,"cb4-17",TRUE,FALSE,FALSE,TRUE
"","#cb4-18","/Users/zauner/Documents/Arbeit/12-TUM/MeLiDos/WP2.2.5_Data_Analysis/ZaunerEtAl_bioRxiv_2026/_build/nathealth/audit/hypotheses/H01/H01_analysis_preparation.html",TRUE,"cb4-18",TRUE,FALSE,FALSE,TRUE
"","#cb4-19","/Users/zauner/Documents/Arbeit/12-TUM/MeLiDos/WP2.2.5_Data_Analysis/ZaunerEtAl_bioRxiv_2026/_build/nathealth/audit/hypotheses/H01/H01_analysis_preparation.html",TRUE,"cb4-19",TRUE,FALSE,FALSE,TRUE
"","#cb4-20","/Users/zauner/Documents/Arbeit/12-TUM/MeLiDos/WP2.2.5_Data_Analysis/ZaunerEtAl_bioRxiv_2026/_build/nathealth/audit/hypotheses/H01/H01_analysis_preparation.html",TRUE,"cb4-20",TRUE,FALSE,FALSE,TRUE
"","#cb4-21","/Users/zauner/Documents/Arbeit/12-TUM/MeLiDos/WP2.2.5_Data_Analysis/ZaunerEtAl_bioRxiv_2026/_build/nathealth/audit/hypotheses/H01/H01_analysis_preparation.html",TRUE,"cb4-21",TRUE,FALSE,FALSE,TRUE
"","#cb4-22","/Users/zauner/Documents/Arbeit/12-TUM/MeLiDos/WP2.2.5_Data_Analysis/ZaunerEtAl_bioRxiv_2026/_build/nathealth/audit/hypotheses/H01/H01_analysis_preparation.html",TRUE,"cb4-22",TRUE,FALSE,FALSE,TRUE
"","#cb4-23","/Users/zauner/Documents/Arbeit/12-TUM/MeLiDos/WP2.2.5_Data_Analysis/ZaunerEtAl_bioRxiv_2026/_build/nathealth/audit/hypotheses/H01/H01_analysis_preparation.html",TRUE,"cb4-23",TRUE,FALSE,FALSE,TRUE
"","#cb4-24","/Users/zauner/Documents/Arbeit/12-TUM/MeLiDos/WP2.2.5_Data_Analysis/ZaunerEtAl_bioRxiv_2026/_build/nathealth/audit/hypotheses/H01/H01_analysis_preparation.html",TRUE,"cb4-24",TRUE,FALSE,FALSE,TRUE
"","#cb4-25","/Users/zauner/Documents/Arbeit/12-TUM/MeLiDos/WP2.2.5_Data_Analysis/ZaunerEtAl_bioRxiv_2026/_build/nathealth/audit/hypotheses/H01/H01_analysis_preparation.html",TRUE,"cb4-25",TRUE,FALSE,FALSE,TRUE
"","#cb4-26","/Users/zauner/Documents/Arbeit/12-TUM/MeLiDos/WP2.2.5_Data_Analysis/ZaunerEtAl_bioRxiv_2026/_build/nathealth/audit/hypotheses/H01/H01_analysis_preparation.html",TRUE,"cb4-26",TRUE,FALSE,FALSE,TRUE
"","#cb4-27","/Users/zauner/Documents/Arbeit/12-TUM/MeLiDos/WP2.2.5_Data_Analysis/ZaunerEtAl_bioRxiv_2026/_build/nathealth/audit/hypotheses/H01/H01_analysis_preparation.html",TRUE,"cb4-27",TRUE,FALSE,FALSE,TRUE
"","#cb4-28","/Users/zauner/Documents/Arbeit/12-TUM/MeLiDos/WP2.2.5_Data_Analysis/ZaunerEtAl_bioRxiv_2026/_build/nathealth/audit/hypotheses/H01/H01_analysis_preparation.html",TRUE,"cb4-28",TRUE,FALSE,FALSE,TRUE
"","#cb4-29","/Users/zauner/Documents/Arbeit/12-TUM/MeLiDos/WP2.2.5_Data_Analysis/ZaunerEtAl_bioRxiv_2026/_build/nathealth/audit/hypotheses/H01/H01_analysis_preparation.html",TRUE,"cb4-29",TRUE,FALSE,FALSE,TRUE
"","#cb4-30","/Users/zauner/Documents/Arbeit/12-TUM/MeLiDos/WP2.2.5_Data_Analysis/ZaunerEtAl_bioRxiv_2026/_build/nathealth/audit/hypotheses/H01/H01_analysis_preparation.html",TRUE,"cb4-30",TRUE,FALSE,FALSE,TRUE
"","#cb4-31","/Users/zauner/Documents/Arbeit/12-TUM/MeLiDos/WP2.2.5_Data_Analysis/ZaunerEtAl_bioRxiv_2026/_build/nathealth/audit/hypotheses/H01/H01_analysis_preparation.html",TRUE,"cb4-31",TRUE,FALSE,FALSE,TRUE
"","#cb4-32","/Users/zauner/Documents/Arbeit/12-TUM/MeLiDos/WP2.2.5_Data_Analysis/ZaunerEtAl_bioRxiv_2026/_build/nathealth/audit/hypotheses/H01/H01_analysis_preparation.html",TRUE,"cb4-32",TRUE,FALSE,FALSE,TRUE
"","#cb4-33","/Users/zauner/Documents/Arbeit/12-TUM/MeLiDos/WP2.2.5_Data_Analysis/ZaunerEtAl_bioRxiv_2026/_build/nathealth/audit/hypotheses/H01/H01_analysis_preparation.html",TRUE,"cb4-33",TRUE,FALSE,FALSE,TRUE
"","#cb4-34","/Users/zauner/Documents/Arbeit/12-TUM/MeLiDos/WP2.2.5_Data_Analysis/ZaunerEtAl_bioRxiv_2026/_build/nathealth/audit/hypotheses/H01/H01_analysis_preparation.html",TRUE,"cb4-34",TRUE,FALSE,FALSE,TRUE
"","#cb4-35","/Users/zauner/Documents/Arbeit/12-TUM/MeLiDos/WP2.2.5_Data_Analysis/ZaunerEtAl_bioRxiv_2026/_build/nathealth/audit/hypotheses/H01/H01_analysis_preparation.html",TRUE,"cb4-35",TRUE,FALSE,FALSE,TRUE
"","#cb4-36","/Users/zauner/Documents/Arbeit/12-TUM/MeLiDos/WP2.2.5_Data_Analysis/ZaunerEtAl_bioRxiv_2026/_build/nathealth/audit/hypotheses/H01/H01_analysis_preparation.html",TRUE,"cb4-36",TRUE,FALSE,FALSE,TRUE
"","#cb4-37","/Users/zauner/Documents/Arbeit/12-TUM/MeLiDos/WP2.2.5_Data_Analysis/ZaunerEtAl_bioRxiv_2026/_build/nathealth/audit/hypotheses/H01/H01_analysis_preparation.html",TRUE,"cb4-37",TRUE,FALSE,FALSE,TRUE
"","#cb4-38","/Users/zauner/Documents/Arbeit/12-TUM/MeLiDos/WP2.2.5_Data_Analysis/ZaunerEtAl_bioRxiv_2026/_build/nathealth/audit/hypotheses/H01/H01_analysis_preparation.html",TRUE,"cb4-38",TRUE,FALSE,FALSE,TRUE
"","#cb4-39","/Users/zauner/Documents/Arbeit/12-TUM/MeLiDos/WP2.2.5_Data_Analysis/ZaunerEtAl_bioRxiv_2026/_build/nathealth/audit/hypotheses/H01/H01_analysis_preparation.html",TRUE,"cb4-39",TRUE,FALSE,FALSE,TRUE
"","#cb4-40","/Users/zauner/Documents/Arbeit/12-TUM/MeLiDos/WP2.2.5_Data_Analysis/ZaunerEtAl_bioRxiv_2026/_build/nathealth/audit/hypotheses/H01/H01_analysis_preparation.html",TRUE,"cb4-40",TRUE,FALSE,FALSE,TRUE
"","#cb4-41","/Users/zauner/Documents/Arbeit/12-TUM/MeLiDos/WP2.2.5_Data_Analysis/ZaunerEtAl_bioRxiv_2026/_build/nathealth/audit/hypotheses/H01/H01_analysis_preparation.html",TRUE,"cb4-41",TRUE,FALSE,FALSE,TRUE
"","#cb4-42","/Users/zauner/Documents/Arbeit/12-TUM/MeLiDos/WP2.2.5_Data_Analysis/ZaunerEtAl_bioRxiv_2026/_build/nathealth/audit/hypotheses/H01/H01_analysis_preparation.html",TRUE,"cb4-42",TRUE,FALSE,FALSE,TRUE
"","#cb4-43","/Users/zauner/Documents/Arbeit/12-TUM/MeLiDos/WP2.2.5_Data_Analysis/ZaunerEtAl_bioRxiv_2026/_build/nathealth/audit/hypotheses/H01/H01_analysis_preparation.html",TRUE,"cb4-43",TRUE,FALSE,FALSE,TRUE
"","#cb4-44","/Users/zauner/Documents/Arbeit/12-TUM/MeLiDos/WP2.2.5_Data_Analysis/ZaunerEtAl_bioRxiv_2026/_build/nathealth/audit/hypotheses/H01/H01_analysis_preparation.html",TRUE,"cb4-44",TRUE,FALSE,FALSE,TRUE
"","#cb4-45","/Users/zauner/Documents/Arbeit/12-TUM/MeLiDos/WP2.2.5_Data_Analysis/ZaunerEtAl_bioRxiv_2026/_build/nathealth/audit/hypotheses/H01/H01_analysis_preparation.html",TRUE,"cb4-45",TRUE,FALSE,FALSE,TRUE
"","#cb4-46","/Users/zauner/Documents/Arbeit/12-TUM/MeLiDos/WP2.2.5_Data_Analysis/ZaunerEtAl_bioRxiv_2026/_build/nathealth/audit/hypotheses/H01/H01_analysis_preparation.html",TRUE,"cb4-46",TRUE,FALSE,FALSE,TRUE
"","#cb4-47","/Users/zauner/Documents/Arbeit/12-TUM/MeLiDos/WP2.2.5_Data_Analysis/ZaunerEtAl_bioRxiv_2026/_build/nathealth/audit/hypotheses/H01/H01_analysis_preparation.html",TRUE,"cb4-47",TRUE,FALSE,FALSE,TRUE
"","#cb4-48","/Users/zauner/Documents/Arbeit/12-TUM/MeLiDos/WP2.2.5_Data_Analysis/ZaunerEtAl_bioRxiv_2026/_build/nathealth/audit/hypotheses/H01/H01_analysis_preparation.html",TRUE,"cb4-48",TRUE,FALSE,FALSE,TRUE
"","#cb4-49","/Users/zauner/Documents/Arbeit/12-TUM/MeLiDos/WP2.2.5_Data_Analysis/ZaunerEtAl_bioRxiv_2026/_build/nathealth/audit/hypotheses/H01/H01_analysis_preparation.html",TRUE,"cb4-49",TRUE,FALSE,FALSE,TRUE
"","#cb4-50","/Users/zauner/Documents/Arbeit/12-TUM/MeLiDos/WP2.2.5_Data_Analysis/ZaunerEtAl_bioRxiv_2026/_build/nathealth/audit/hypotheses/H01/H01_analysis_preparation.html",TRUE,"cb4-50",TRUE,FALSE,FALSE,TRUE
"","#cb4-51","/Users/zauner/Documents/Arbeit/12-TUM/MeLiDos/WP2.2.5_Data_Analysis/ZaunerEtAl_bioRxiv_2026/_build/nathealth/audit/hypotheses/H01/H01_analysis_preparation.html",TRUE,"cb4-51",TRUE,FALSE,FALSE,TRUE
"","#cb4-52","/Users/zauner/Documents/Arbeit/12-TUM/MeLiDos/WP2.2.5_Data_Analysis/ZaunerEtAl_bioRxiv_2026/_build/nathealth/audit/hypotheses/H01/H01_analysis_preparation.html",TRUE,"cb4-52",TRUE,FALSE,FALSE,TRUE
"","#cb4-53","/Users/zauner/Documents/Arbeit/12-TUM/MeLiDos/WP2.2.5_Data_Analysis/ZaunerEtAl_bioRxiv_2026/_build/nathealth/audit/hypotheses/H01/H01_analysis_preparation.html",TRUE,"cb4-53",TRUE,FALSE,FALSE,TRUE
"","#cb4-54","/Users/zauner/Documents/Arbeit/12-TUM/MeLiDos/WP2.2.5_Data_Analysis/ZaunerEtAl_bioRxiv_2026/_build/nathealth/audit/hypotheses/H01/H01_analysis_preparation.html",TRUE,"cb4-54",TRUE,FALSE,FALSE,TRUE
"","#cb5-1","/Users/zauner/Documents/Arbeit/12-TUM/MeLiDos/WP2.2.5_Data_Analysis/ZaunerEtAl_bioRxiv_2026/_build/nathealth/audit/hypotheses/H01/H01_analysis_preparation.html",TRUE,"cb5-1",TRUE,FALSE,FALSE,TRUE
"","#cb5-2","/Users/zauner/Documents/Arbeit/12-TUM/MeLiDos/WP2.2.5_Data_Analysis/ZaunerEtAl_bioRxiv_2026/_build/nathealth/audit/hypotheses/H01/H01_analysis_preparation.html",TRUE,"cb5-2",TRUE,FALSE,FALSE,TRUE
"","#cb5-3","/Users/zauner/Documents/Arbeit/12-TUM/MeLiDos/WP2.2.5_Data_Analysis/ZaunerEtAl_bioRxiv_2026/_build/nathealth/audit/hypotheses/H01/H01_analysis_preparation.html",TRUE,"cb5-3",TRUE,FALSE,FALSE,TRUE
"","#cb5-4","/Users/zauner/Documents/Arbeit/12-TUM/MeLiDos/WP2.2.5_Data_Analysis/ZaunerEtAl_bioRxiv_2026/_build/nathealth/audit/hypotheses/H01/H01_analysis_preparation.html",TRUE,"cb5-4",TRUE,FALSE,FALSE,TRUE
"","#cb5-5","/Users/zauner/Documents/Arbeit/12-TUM/MeLiDos/WP2.2.5_Data_Analysis/ZaunerEtAl_bioRxiv_2026/_build/nathealth/audit/hypotheses/H01/H01_analysis_preparation.html",TRUE,"cb5-5",TRUE,FALSE,FALSE,TRUE
"","#cb5-6","/Users/zauner/Documents/Arbeit/12-TUM/MeLiDos/WP2.2.5_Data_Analysis/ZaunerEtAl_bioRxiv_2026/_build/nathealth/audit/hypotheses/H01/H01_analysis_preparation.html",TRUE,"cb5-6",TRUE,FALSE,FALSE,TRUE
"","#cb5-7","/Users/zauner/Documents/Arbeit/12-TUM/MeLiDos/WP2.2.5_Data_Analysis/ZaunerEtAl_bioRxiv_2026/_build/nathealth/audit/hypotheses/H01/H01_analysis_preparation.html",TRUE,"cb5-7",TRUE,FALSE,FALSE,TRUE
"","#cb5-8","/Users/zauner/Documents/Arbeit/12-TUM/MeLiDos/WP2.2.5_Data_Analysis/ZaunerEtAl_bioRxiv_2026/_build/nathealth/audit/hypotheses/H01/H01_analysis_preparation.html",TRUE,"cb5-8",TRUE,FALSE,FALSE,TRUE
"","#cb5-9","/Users/zauner/Documents/Arbeit/12-TUM/MeLiDos/WP2.2.5_Data_Analysis/ZaunerEtAl_bioRxiv_2026/_build/nathealth/audit/hypotheses/H01/H01_analysis_preparation.html",TRUE,"cb5-9",TRUE,FALSE,FALSE,TRUE
"","#cb5-10","/Users/zauner/Documents/Arbeit/12-TUM/MeLiDos/WP2.2.5_Data_Analysis/ZaunerEtAl_bioRxiv_2026/_build/nathealth/audit/hypotheses/H01/H01_analysis_preparation.html",TRUE,"cb5-10",TRUE,FALSE,FALSE,TRUE
"","#cb5-11","/Users/zauner/Documents/Arbeit/12-TUM/MeLiDos/WP2.2.5_Data_Analysis/ZaunerEtAl_bioRxiv_2026/_build/nathealth/audit/hypotheses/H01/H01_analysis_preparation.html",TRUE,"cb5-11",TRUE,FALSE,FALSE,TRUE
"","#cb5-12","/Users/zauner/Documents/Arbeit/12-TUM/MeLiDos/WP2.2.5_Data_Analysis/ZaunerEtAl_bioRxiv_2026/_build/nathealth/audit/hypotheses/H01/H01_analysis_preparation.html",TRUE,"cb5-12",TRUE,FALSE,FALSE,TRUE
"","#cb5-13","/Users/zauner/Documents/Arbeit/12-TUM/MeLiDos/WP2.2.5_Data_Analysis/ZaunerEtAl_bioRxiv_2026/_build/nathealth/audit/hypotheses/H01/H01_analysis_preparation.html",TRUE,"cb5-13",TRUE,FALSE,FALSE,TRUE
"","#cb5-14","/Users/zauner/Documents/Arbeit/12-TUM/MeLiDos/WP2.2.5_Data_Analysis/ZaunerEtAl_bioRxiv_2026/_build/nathealth/audit/hypotheses/H01/H01_analysis_preparation.html",TRUE,"cb5-14",TRUE,FALSE,FALSE,TRUE
"","#cb5-15","/Users/zauner/Documents/Arbeit/12-TUM/MeLiDos/WP2.2.5_Data_Analysis/ZaunerEtAl_bioRxiv_2026/_build/nathealth/audit/hypotheses/H01/H01_analysis_preparation.html",TRUE,"cb5-15",TRUE,FALSE,FALSE,TRUE
"","#cb5-16","/Users/zauner/Documents/Arbeit/12-TUM/MeLiDos/WP2.2.5_Data_Analysis/ZaunerEtAl_bioRxiv_2026/_build/nathealth/audit/hypotheses/H01/H01_analysis_preparation.html",TRUE,"cb5-16",TRUE,FALSE,FALSE,TRUE
"","#cb5-17","/Users/zauner/Documents/Arbeit/12-TUM/MeLiDos/WP2.2.5_Data_Analysis/ZaunerEtAl_bioRxiv_2026/_build/nathealth/audit/hypotheses/H01/H01_analysis_preparation.html",TRUE,"cb5-17",TRUE,FALSE,FALSE,TRUE
"","#cb5-18","/Users/zauner/Documents/Arbeit/12-TUM/MeLiDos/WP2.2.5_Data_Analysis/ZaunerEtAl_bioRxiv_2026/_build/nathealth/audit/hypotheses/H01/H01_analysis_preparation.html",TRUE,"cb5-18",TRUE,FALSE,FALSE,TRUE
"","#cb5-19","/Users/zauner/Documents/Arbeit/12-TUM/MeLiDos/WP2.2.5_Data_Analysis/ZaunerEtAl_bioRxiv_2026/_build/nathealth/audit/hypotheses/H01/H01_analysis_preparation.html",TRUE,"cb5-19",TRUE,FALSE,FALSE,TRUE
"","#cb5-20","/Users/zauner/Documents/Arbeit/12-TUM/MeLiDos/WP2.2.5_Data_Analysis/ZaunerEtAl_bioRxiv_2026/_build/nathealth/audit/hypotheses/H01/H01_analysis_preparation.html",TRUE,"cb5-20",TRUE,FALSE,FALSE,TRUE
"","#cb5-21","/Users/zauner/Documents/Arbeit/12-TUM/MeLiDos/WP2.2.5_Data_Analysis/ZaunerEtAl_bioRxiv_2026/_build/nathealth/audit/hypotheses/H01/H01_analysis_preparation.html",TRUE,"cb5-21",TRUE,FALSE,FALSE,TRUE
"","#cb5-22","/Users/zauner/Documents/Arbeit/12-TUM/MeLiDos/WP2.2.5_Data_Analysis/ZaunerEtAl_bioRxiv_2026/_build/nathealth/audit/hypotheses/H01/H01_analysis_preparation.html",TRUE,"cb5-22",TRUE,FALSE,FALSE,TRUE
"","#cb5-23","/Users/zauner/Documents/Arbeit/12-TUM/MeLiDos/WP2.2.5_Data_Analysis/ZaunerEtAl_bioRxiv_2026/_build/nathealth/audit/hypotheses/H01/H01_analysis_preparation.html",TRUE,"cb5-23",TRUE,FALSE,FALSE,TRUE
"","#cb5-24","/Users/zauner/Documents/Arbeit/12-TUM/MeLiDos/WP2.2.5_Data_Analysis/ZaunerEtAl_bioRxiv_2026/_build/nathealth/audit/hypotheses/H01/H01_analysis_preparation.html",TRUE,"cb5-24",TRUE,FALSE,FALSE,TRUE
"","#cb5-25","/Users/zauner/Documents/Arbeit/12-TUM/MeLiDos/WP2.2.5_Data_Analysis/ZaunerEtAl_bioRxiv_2026/_build/nathealth/audit/hypotheses/H01/H01_analysis_preparation.html",TRUE,"cb5-25",TRUE,FALSE,FALSE,TRUE
"","#cb5-26","/Users/zauner/Documents/Arbeit/12-TUM/MeLiDos/WP2.2.5_Data_Analysis/ZaunerEtAl_bioRxiv_2026/_build/nathealth/audit/hypotheses/H01/H01_analysis_preparation.html",TRUE,"cb5-26",TRUE,FALSE,FALSE,TRUE
"","#cb5-27","/Users/zauner/Documents/Arbeit/12-TUM/MeLiDos/WP2.2.5_Data_Analysis/ZaunerEtAl_bioRxiv_2026/_build/nathealth/audit/hypotheses/H01/H01_analysis_preparation.html",TRUE,"cb5-27",TRUE,FALSE,FALSE,TRUE
"","#cb5-28","/Users/zauner/Documents/Arbeit/12-TUM/MeLiDos/WP2.2.5_Data_Analysis/ZaunerEtAl_bioRxiv_2026/_build/nathealth/audit/hypotheses/H01/H01_analysis_preparation.html",TRUE,"cb5-28",TRUE,FALSE,FALSE,TRUE
"","#cb5-29","/Users/zauner/Documents/Arbeit/12-TUM/MeLiDos/WP2.2.5_Data_Analysis/ZaunerEtAl_bioRxiv_2026/_build/nathealth/audit/hypotheses/H01/H01_analysis_preparation.html",TRUE,"cb5-29",TRUE,FALSE,FALSE,TRUE
"","#cb5-30","/Users/zauner/Documents/Arbeit/12-TUM/MeLiDos/WP2.2.5_Data_Analysis/ZaunerEtAl_bioRxiv_2026/_build/nathealth/audit/hypotheses/H01/H01_analysis_preparation.html",TRUE,"cb5-30",TRUE,FALSE,FALSE,TRUE
"","#cb5-31","/Users/zauner/Documents/Arbeit/12-TUM/MeLiDos/WP2.2.5_Data_Analysis/ZaunerEtAl_bioRxiv_2026/_build/nathealth/audit/hypotheses/H01/H01_analysis_preparation.html",TRUE,"cb5-31",TRUE,FALSE,FALSE,TRUE
"","#cb5-32","/Users/zauner/Documents/Arbeit/12-TUM/MeLiDos/WP2.2.5_Data_Analysis/ZaunerEtAl_bioRxiv_2026/_build/nathealth/audit/hypotheses/H01/H01_analysis_preparation.html",TRUE,"cb5-32",TRUE,FALSE,FALSE,TRUE
"","#cb5-33","/Users/zauner/Documents/Arbeit/12-TUM/MeLiDos/WP2.2.5_Data_Analysis/ZaunerEtAl_bioRxiv_2026/_build/nathealth/audit/hypotheses/H01/H01_analysis_preparation.html",TRUE,"cb5-33",TRUE,FALSE,FALSE,TRUE
"","#cb5-34","/Users/zauner/Documents/Arbeit/12-TUM/MeLiDos/WP2.2.5_Data_Analysis/ZaunerEtAl_bioRxiv_2026/_build/nathealth/audit/hypotheses/H01/H01_analysis_preparation.html",TRUE,"cb5-34",TRUE,FALSE,FALSE,TRUE
"","#cb5-35","/Users/zauner/Documents/Arbeit/12-TUM/MeLiDos/WP2.2.5_Data_Analysis/ZaunerEtAl_bioRxiv_2026/_build/nathealth/audit/hypotheses/H01/H01_analysis_preparation.html",TRUE,"cb5-35",TRUE,FALSE,FALSE,TRUE
"","#cb5-36","/Users/zauner/Documents/Arbeit/12-TUM/MeLiDos/WP2.2.5_Data_Analysis/ZaunerEtAl_bioRxiv_2026/_build/nathealth/audit/hypotheses/H01/H01_analysis_preparation.html",TRUE,"cb5-36",TRUE,FALSE,FALSE,TRUE
"","#cb5-37","/Users/zauner/Documents/Arbeit/12-TUM/MeLiDos/WP2.2.5_Data_Analysis/ZaunerEtAl_bioRxiv_2026/_build/nathealth/audit/hypotheses/H01/H01_analysis_preparation.html",TRUE,"cb5-37",TRUE,FALSE,FALSE,TRUE
"","#cb5-38","/Users/zauner/Documents/Arbeit/12-TUM/MeLiDos/WP2.2.5_Data_Analysis/ZaunerEtAl_bioRxiv_2026/_build/nathealth/audit/hypotheses/H01/H01_analysis_preparation.html",TRUE,"cb5-38",TRUE,FALSE,FALSE,TRUE
"","#cb5-39","/Users/zauner/Documents/Arbeit/12-TUM/MeLiDos/WP2.2.5_Data_Analysis/ZaunerEtAl_bioRxiv_2026/_build/nathealth/audit/hypotheses/H01/H01_analysis_preparation.html",TRUE,"cb5-39",TRUE,FALSE,FALSE,TRUE
"","#cb5-40","/Users/zauner/Documents/Arbeit/12-TUM/MeLiDos/WP2.2.5_Data_Analysis/ZaunerEtAl_bioRxiv_2026/_build/nathealth/audit/hypotheses/H01/H01_analysis_preparation.html",TRUE,"cb5-40",TRUE,FALSE,FALSE,TRUE
"","#cb5-41","/Users/zauner/Documents/Arbeit/12-TUM/MeLiDos/WP2.2.5_Data_Analysis/ZaunerEtAl_bioRxiv_2026/_build/nathealth/audit/hypotheses/H01/H01_analysis_preparation.html",TRUE,"cb5-41",TRUE,FALSE,FALSE,TRUE
"","#cb5-42","/Users/zauner/Documents/Arbeit/12-TUM/MeLiDos/WP2.2.5_Data_Analysis/ZaunerEtAl_bioRxiv_2026/_build/nathealth/audit/hypotheses/H01/H01_analysis_preparation.html",TRUE,"cb5-42",TRUE,FALSE,FALSE,TRUE
"","#cb5-43","/Users/zauner/Documents/Arbeit/12-TUM/MeLiDos/WP2.2.5_Data_Analysis/ZaunerEtAl_bioRxiv_2026/_build/nathealth/audit/hypotheses/H01/H01_analysis_preparation.html",TRUE,"cb5-43",TRUE,FALSE,FALSE,TRUE
"","#cb5-44","/Users/zauner/Documents/Arbeit/12-TUM/MeLiDos/WP2.2.5_Data_Analysis/ZaunerEtAl_bioRxiv_2026/_build/nathealth/audit/hypotheses/H01/H01_analysis_preparation.html",TRUE,"cb5-44",TRUE,FALSE,FALSE,TRUE
"","#cb5-45","/Users/zauner/Documents/Arbeit/12-TUM/MeLiDos/WP2.2.5_Data_Analysis/ZaunerEtAl_bioRxiv_2026/_build/nathealth/audit/hypotheses/H01/H01_analysis_preparation.html",TRUE,"cb5-45",TRUE,FALSE,FALSE,TRUE
"","#cb5-46","/Users/zauner/Documents/Arbeit/12-TUM/MeLiDos/WP2.2.5_Data_Analysis/ZaunerEtAl_bioRxiv_2026/_build/nathealth/audit/hypotheses/H01/H01_analysis_preparation.html",TRUE,"cb5-46",TRUE,FALSE,FALSE,TRUE
"","#cb5-47","/Users/zauner/Documents/Arbeit/12-TUM/MeLiDos/WP2.2.5_Data_Analysis/ZaunerEtAl_bioRxiv_2026/_build/nathealth/audit/hypotheses/H01/H01_analysis_preparation.html",TRUE,"cb5-47",TRUE,FALSE,FALSE,TRUE
"","#cb5-48","/Users/zauner/Documents/Arbeit/12-TUM/MeLiDos/WP2.2.5_Data_Analysis/ZaunerEtAl_bioRxiv_2026/_build/nathealth/audit/hypotheses/H01/H01_analysis_preparation.html",TRUE,"cb5-48",TRUE,FALSE,FALSE,TRUE
"","#cb5-49","/Users/zauner/Documents/Arbeit/12-TUM/MeLiDos/WP2.2.5_Data_Analysis/ZaunerEtAl_bioRxiv_2026/_build/nathealth/audit/hypotheses/H01/H01_analysis_preparation.html",TRUE,"cb5-49",TRUE,FALSE,FALSE,TRUE
"","#cb5-50","/Users/zauner/Documents/Arbeit/12-TUM/MeLiDos/WP2.2.5_Data_Analysis/ZaunerEtAl_bioRxiv_2026/_build/nathealth/audit/hypotheses/H01/H01_analysis_preparation.html",TRUE,"cb5-50",TRUE,FALSE,FALSE,TRUE
"","#cb6-1","/Users/zauner/Documents/Arbeit/12-TUM/MeLiDos/WP2.2.5_Data_Analysis/ZaunerEtAl_bioRxiv_2026/_build/nathealth/audit/hypotheses/H01/H01_analysis_preparation.html",TRUE,"cb6-1",TRUE,FALSE,FALSE,TRUE
"","#cb6-2","/Users/zauner/Documents/Arbeit/12-TUM/MeLiDos/WP2.2.5_Data_Analysis/ZaunerEtAl_bioRxiv_2026/_build/nathealth/audit/hypotheses/H01/H01_analysis_preparation.html",TRUE,"cb6-2",TRUE,FALSE,FALSE,TRUE
"","#cb6-3","/Users/zauner/Documents/Arbeit/12-TUM/MeLiDos/WP2.2.5_Data_Analysis/ZaunerEtAl_bioRxiv_2026/_build/nathealth/audit/hypotheses/H01/H01_analysis_preparation.html",TRUE,"cb6-3",TRUE,FALSE,FALSE,TRUE
"","#cb6-4","/Users/zauner/Documents/Arbeit/12-TUM/MeLiDos/WP2.2.5_Data_Analysis/ZaunerEtAl_bioRxiv_2026/_build/nathealth/audit/hypotheses/H01/H01_analysis_preparation.html",TRUE,"cb6-4",TRUE,FALSE,FALSE,TRUE
"","#cb6-5","/Users/zauner/Documents/Arbeit/12-TUM/MeLiDos/WP2.2.5_Data_Analysis/ZaunerEtAl_bioRxiv_2026/_build/nathealth/audit/hypotheses/H01/H01_analysis_preparation.html",TRUE,"cb6-5",TRUE,FALSE,FALSE,TRUE
"","#cb6-6","/Users/zauner/Documents/Arbeit/12-TUM/MeLiDos/WP2.2.5_Data_Analysis/ZaunerEtAl_bioRxiv_2026/_build/nathealth/audit/hypotheses/H01/H01_analysis_preparation.html",TRUE,"cb6-6",TRUE,FALSE,FALSE,TRUE
"","#cb6-7","/Users/zauner/Documents/Arbeit/12-TUM/MeLiDos/WP2.2.5_Data_Analysis/ZaunerEtAl_bioRxiv_2026/_build/nathealth/audit/hypotheses/H01/H01_analysis_preparation.html",TRUE,"cb6-7",TRUE,FALSE,FALSE,TRUE
"","#cb6-8","/Users/zauner/Documents/Arbeit/12-TUM/MeLiDos/WP2.2.5_Data_Analysis/ZaunerEtAl_bioRxiv_2026/_build/nathealth/audit/hypotheses/H01/H01_analysis_preparation.html",TRUE,"cb6-8",TRUE,FALSE,FALSE,TRUE
"","#cb6-9","/Users/zauner/Documents/Arbeit/12-TUM/MeLiDos/WP2.2.5_Data_Analysis/ZaunerEtAl_bioRxiv_2026/_build/nathealth/audit/hypotheses/H01/H01_analysis_preparation.html",TRUE,"cb6-9",TRUE,FALSE,FALSE,TRUE
"","#cb6-10","/Users/zauner/Documents/Arbeit/12-TUM/MeLiDos/WP2.2.5_Data_Analysis/ZaunerEtAl_bioRxiv_2026/_build/nathealth/audit/hypotheses/H01/H01_analysis_preparation.html",TRUE,"cb6-10",TRUE,FALSE,FALSE,TRUE
"","#cb6-11","/Users/zauner/Documents/Arbeit/12-TUM/MeLiDos/WP2.2.5_Data_Analysis/ZaunerEtAl_bioRxiv_2026/_build/nathealth/audit/hypotheses/H01/H01_analysis_preparation.html",TRUE,"cb6-11",TRUE,FALSE,FALSE,TRUE
"","#cb6-12","/Users/zauner/Documents/Arbeit/12-TUM/MeLiDos/WP2.2.5_Data_Analysis/ZaunerEtAl_bioRxiv_2026/_build/nathealth/audit/hypotheses/H01/H01_analysis_preparation.html",TRUE,"cb6-12",TRUE,FALSE,FALSE,TRUE
"","#cb6-13","/Users/zauner/Documents/Arbeit/12-TUM/MeLiDos/WP2.2.5_Data_Analysis/ZaunerEtAl_bioRxiv_2026/_build/nathealth/audit/hypotheses/H01/H01_analysis_preparation.html",TRUE,"cb6-13",TRUE,FALSE,FALSE,TRUE
"","#cb6-14","/Users/zauner/Documents/Arbeit/12-TUM/MeLiDos/WP2.2.5_Data_Analysis/ZaunerEtAl_bioRxiv_2026/_build/nathealth/audit/hypotheses/H01/H01_analysis_preparation.html",TRUE,"cb6-14",TRUE,FALSE,FALSE,TRUE
"","#cb6-15","/Users/zauner/Documents/Arbeit/12-TUM/MeLiDos/WP2.2.5_Data_Analysis/ZaunerEtAl_bioRxiv_2026/_build/nathealth/audit/hypotheses/H01/H01_analysis_preparation.html",TRUE,"cb6-15",TRUE,FALSE,FALSE,TRUE
"","#cb6-16","/Users/zauner/Documents/Arbeit/12-TUM/MeLiDos/WP2.2.5_Data_Analysis/ZaunerEtAl_bioRxiv_2026/_build/nathealth/audit/hypotheses/H01/H01_analysis_preparation.html",TRUE,"cb6-16",TRUE,FALSE,FALSE,TRUE
"","#cb6-17","/Users/zauner/Documents/Arbeit/12-TUM/MeLiDos/WP2.2.5_Data_Analysis/ZaunerEtAl_bioRxiv_2026/_build/nathealth/audit/hypotheses/H01/H01_analysis_preparation.html",TRUE,"cb6-17",TRUE,FALSE,FALSE,TRUE
"","#cb6-18","/Users/zauner/Documents/Arbeit/12-TUM/MeLiDos/WP2.2.5_Data_Analysis/ZaunerEtAl_bioRxiv_2026/_build/nathealth/audit/hypotheses/H01/H01_analysis_preparation.html",TRUE,"cb6-18",TRUE,FALSE,FALSE,TRUE
"","#cb6-19","/Users/zauner/Documents/Arbeit/12-TUM/MeLiDos/WP2.2.5_Data_Analysis/ZaunerEtAl_bioRxiv_2026/_build/nathealth/audit/hypotheses/H01/H01_analysis_preparation.html",TRUE,"cb6-19",TRUE,FALSE,FALSE,TRUE
"","#cb7-1","/Users/zauner/Documents/Arbeit/12-TUM/MeLiDos/WP2.2.5_Data_Analysis/ZaunerEtAl_bioRxiv_2026/_build/nathealth/audit/hypotheses/H01/H01_analysis_preparation.html",TRUE,"cb7-1",TRUE,FALSE,FALSE,TRUE
"","#cb7-2","/Users/zauner/Documents/Arbeit/12-TUM/MeLiDos/WP2.2.5_Data_Analysis/ZaunerEtAl_bioRxiv_2026/_build/nathealth/audit/hypotheses/H01/H01_analysis_preparation.html",TRUE,"cb7-2",TRUE,FALSE,FALSE,TRUE
"","#cb7-3","/Users/zauner/Documents/Arbeit/12-TUM/MeLiDos/WP2.2.5_Data_Analysis/ZaunerEtAl_bioRxiv_2026/_build/nathealth/audit/hypotheses/H01/H01_analysis_preparation.html",TRUE,"cb7-3",TRUE,FALSE,FALSE,TRUE
"","#cb7-4","/Users/zauner/Documents/Arbeit/12-TUM/MeLiDos/WP2.2.5_Data_Analysis/ZaunerEtAl_bioRxiv_2026/_build/nathealth/audit/hypotheses/H01/H01_analysis_preparation.html",TRUE,"cb7-4",TRUE,FALSE,FALSE,TRUE
"","#cb7-5","/Users/zauner/Documents/Arbeit/12-TUM/MeLiDos/WP2.2.5_Data_Analysis/ZaunerEtAl_bioRxiv_2026/_build/nathealth/audit/hypotheses/H01/H01_analysis_preparation.html",TRUE,"cb7-5",TRUE,FALSE,FALSE,TRUE
"","#cb7-6","/Users/zauner/Documents/Arbeit/12-TUM/MeLiDos/WP2.2.5_Data_Analysis/ZaunerEtAl_bioRxiv_2026/_build/nathealth/audit/hypotheses/H01/H01_analysis_preparation.html",TRUE,"cb7-6",TRUE,FALSE,FALSE,TRUE
"","#cb7-7","/Users/zauner/Documents/Arbeit/12-TUM/MeLiDos/WP2.2.5_Data_Analysis/ZaunerEtAl_bioRxiv_2026/_build/nathealth/audit/hypotheses/H01/H01_analysis_preparation.html",TRUE,"cb7-7",TRUE,FALSE,FALSE,TRUE
"","#cb7-8","/Users/zauner/Documents/Arbeit/12-TUM/MeLiDos/WP2.2.5_Data_Analysis/ZaunerEtAl_bioRxiv_2026/_build/nathealth/audit/hypotheses/H01/H01_analysis_preparation.html",TRUE,"cb7-8",TRUE,FALSE,FALSE,TRUE
"","#cb7-9","/Users/zauner/Documents/Arbeit/12-TUM/MeLiDos/WP2.2.5_Data_Analysis/ZaunerEtAl_bioRxiv_2026/_build/nathealth/audit/hypotheses/H01/H01_analysis_preparation.html",TRUE,"cb7-9",TRUE,FALSE,FALSE,TRUE
"","#cb7-10","/Users/zauner/Documents/Arbeit/12-TUM/MeLiDos/WP2.2.5_Data_Analysis/ZaunerEtAl_bioRxiv_2026/_build/nathealth/audit/hypotheses/H01/H01_analysis_preparation.html",TRUE,"cb7-10",TRUE,FALSE,FALSE,TRUE
"","#cb7-11","/Users/zauner/Documents/Arbeit/12-TUM/MeLiDos/WP2.2.5_Data_Analysis/ZaunerEtAl_bioRxiv_2026/_build/nathealth/audit/hypotheses/H01/H01_analysis_preparation.html",TRUE,"cb7-11",TRUE,FALSE,FALSE,TRUE
"","#cb7-12","/Users/zauner/Documents/Arbeit/12-TUM/MeLiDos/WP2.2.5_Data_Analysis/ZaunerEtAl_bioRxiv_2026/_build/nathealth/audit/hypotheses/H01/H01_analysis_preparation.html",TRUE,"cb7-12",TRUE,FALSE,FALSE,TRUE
"","#cb7-13","/Users/zauner/Documents/Arbeit/12-TUM/MeLiDos/WP2.2.5_Data_Analysis/ZaunerEtAl_bioRxiv_2026/_build/nathealth/audit/hypotheses/H01/H01_analysis_preparation.html",TRUE,"cb7-13",TRUE,FALSE,FALSE,TRUE
"","#cb7-14","/Users/zauner/Documents/Arbeit/12-TUM/MeLiDos/WP2.2.5_Data_Analysis/ZaunerEtAl_bioRxiv_2026/_build/nathealth/audit/hypotheses/H01/H01_analysis_preparation.html",TRUE,"cb7-14",TRUE,FALSE,FALSE,TRUE
"","#cb7-15","/Users/zauner/Documents/Arbeit/12-TUM/MeLiDos/WP2.2.5_Data_Analysis/ZaunerEtAl_bioRxiv_2026/_build/nathealth/audit/hypotheses/H01/H01_analysis_preparation.html",TRUE,"cb7-15",TRUE,FALSE,FALSE,TRUE
"","#cb7-16","/Users/zauner/Documents/Arbeit/12-TUM/MeLiDos/WP2.2.5_Data_Analysis/ZaunerEtAl_bioRxiv_2026/_build/nathealth/audit/hypotheses/H01/H01_analysis_preparation.html",TRUE,"cb7-16",TRUE,FALSE,FALSE,TRUE
"","#cb7-17","/Users/zauner/Documents/Arbeit/12-TUM/MeLiDos/WP2.2.5_Data_Analysis/ZaunerEtAl_bioRxiv_2026/_build/nathealth/audit/hypotheses/H01/H01_analysis_preparation.html",TRUE,"cb7-17",TRUE,FALSE,FALSE,TRUE
"","#cb7-18","/Users/zauner/Documents/Arbeit/12-TUM/MeLiDos/WP2.2.5_Data_Analysis/ZaunerEtAl_bioRxiv_2026/_build/nathealth/audit/hypotheses/H01/H01_analysis_preparation.html",TRUE,"cb7-18",TRUE,FALSE,FALSE,TRUE
"","#cb7-19","/Users/zauner/Documents/Arbeit/12-TUM/MeLiDos/WP2.2.5_Data_Analysis/ZaunerEtAl_bioRxiv_2026/_build/nathealth/audit/hypotheses/H01/H01_analysis_preparation.html",TRUE,"cb7-19",TRUE,FALSE,FALSE,TRUE
"","#cb7-20","/Users/zauner/Documents/Arbeit/12-TUM/MeLiDos/WP2.2.5_Data_Analysis/ZaunerEtAl_bioRxiv_2026/_build/nathealth/audit/hypotheses/H01/H01_analysis_preparation.html",TRUE,"cb7-20",TRUE,FALSE,FALSE,TRUE
"","#cb7-21","/Users/zauner/Documents/Arbeit/12-TUM/MeLiDos/WP2.2.5_Data_Analysis/ZaunerEtAl_bioRxiv_2026/_build/nathealth/audit/hypotheses/H01/H01_analysis_preparation.html",TRUE,"cb7-21",TRUE,FALSE,FALSE,TRUE
"","#cb7-22","/Users/zauner/Documents/Arbeit/12-TUM/MeLiDos/WP2.2.5_Data_Analysis/ZaunerEtAl_bioRxiv_2026/_build/nathealth/audit/hypotheses/H01/H01_analysis_preparation.html",TRUE,"cb7-22",TRUE,FALSE,FALSE,TRUE
"","#cb7-23","/Users/zauner/Documents/Arbeit/12-TUM/MeLiDos/WP2.2.5_Data_Analysis/ZaunerEtAl_bioRxiv_2026/_build/nathealth/audit/hypotheses/H01/H01_analysis_preparation.html",TRUE,"cb7-23",TRUE,FALSE,FALSE,TRUE
"","#cb7-24","/Users/zauner/Documents/Arbeit/12-TUM/MeLiDos/WP2.2.5_Data_Analysis/ZaunerEtAl_bioRxiv_2026/_build/nathealth/audit/hypotheses/H01/H01_analysis_preparation.html",TRUE,"cb7-24",TRUE,FALSE,FALSE,TRUE
"","#cb7-25","/Users/zauner/Documents/Arbeit/12-TUM/MeLiDos/WP2.2.5_Data_Analysis/ZaunerEtAl_bioRxiv_2026/_build/nathealth/audit/hypotheses/H01/H01_analysis_preparation.html",TRUE,"cb7-25",TRUE,FALSE,FALSE,TRUE
"","#cb7-26","/Users/zauner/Documents/Arbeit/12-TUM/MeLiDos/WP2.2.5_Data_Analysis/ZaunerEtAl_bioRxiv_2026/_build/nathealth/audit/hypotheses/H01/H01_analysis_preparation.html",TRUE,"cb7-26",TRUE,FALSE,FALSE,TRUE
"","#cb7-27","/Users/zauner/Documents/Arbeit/12-TUM/MeLiDos/WP2.2.5_Data_Analysis/ZaunerEtAl_bioRxiv_2026/_build/nathealth/audit/hypotheses/H01/H01_analysis_preparation.html",TRUE,"cb7-27",TRUE,FALSE,FALSE,TRUE
"","#cb7-28","/Users/zauner/Documents/Arbeit/12-TUM/MeLiDos/WP2.2.5_Data_Analysis/ZaunerEtAl_bioRxiv_2026/_build/nathealth/audit/hypotheses/H01/H01_analysis_preparation.html",TRUE,"cb7-28",TRUE,FALSE,FALSE,TRUE
"","#cb7-29","/Users/zauner/Documents/Arbeit/12-TUM/MeLiDos/WP2.2.5_Data_Analysis/ZaunerEtAl_bioRxiv_2026/_build/nathealth/audit/hypotheses/H01/H01_analysis_preparation.html",TRUE,"cb7-29",TRUE,FALSE,FALSE,TRUE
"","#cb7-30","/Users/zauner/Documents/Arbeit/12-TUM/MeLiDos/WP2.2.5_Data_Analysis/ZaunerEtAl_bioRxiv_2026/_build/nathealth/audit/hypotheses/H01/H01_analysis_preparation.html",TRUE,"cb7-30",TRUE,FALSE,FALSE,TRUE
"","#cb7-31","/Users/zauner/Documents/Arbeit/12-TUM/MeLiDos/WP2.2.5_Data_Analysis/ZaunerEtAl_bioRxiv_2026/_build/nathealth/audit/hypotheses/H01/H01_analysis_preparation.html",TRUE,"cb7-31",TRUE,FALSE,FALSE,TRUE
"","#cb7-32","/Users/zauner/Documents/Arbeit/12-TUM/MeLiDos/WP2.2.5_Data_Analysis/ZaunerEtAl_bioRxiv_2026/_build/nathealth/audit/hypotheses/H01/H01_analysis_preparation.html",TRUE,"cb7-32",TRUE,FALSE,FALSE,TRUE
"","#cb7-33","/Users/zauner/Documents/Arbeit/12-TUM/MeLiDos/WP2.2.5_Data_Analysis/ZaunerEtAl_bioRxiv_2026/_build/nathealth/audit/hypotheses/H01/H01_analysis_preparation.html",TRUE,"cb7-33",TRUE,FALSE,FALSE,TRUE
"","#cb7-34","/Users/zauner/Documents/Arbeit/12-TUM/MeLiDos/WP2.2.5_Data_Analysis/ZaunerEtAl_bioRxiv_2026/_build/nathealth/audit/hypotheses/H01/H01_analysis_preparation.html",TRUE,"cb7-34",TRUE,FALSE,FALSE,TRUE
"","#cb7-35","/Users/zauner/Documents/Arbeit/12-TUM/MeLiDos/WP2.2.5_Data_Analysis/ZaunerEtAl_bioRxiv_2026/_build/nathealth/audit/hypotheses/H01/H01_analysis_preparation.html",TRUE,"cb7-35",TRUE,FALSE,FALSE,TRUE
"","#cb7-36","/Users/zauner/Documents/Arbeit/12-TUM/MeLiDos/WP2.2.5_Data_Analysis/ZaunerEtAl_bioRxiv_2026/_build/nathealth/audit/hypotheses/H01/H01_analysis_preparation.html",TRUE,"cb7-36",TRUE,FALSE,FALSE,TRUE
"","#cb7-37","/Users/zauner/Documents/Arbeit/12-TUM/MeLiDos/WP2.2.5_Data_Analysis/ZaunerEtAl_bioRxiv_2026/_build/nathealth/audit/hypotheses/H01/H01_analysis_preparation.html",TRUE,"cb7-37",TRUE,FALSE,FALSE,TRUE
"","#cb7-38","/Users/zauner/Documents/Arbeit/12-TUM/MeLiDos/WP2.2.5_Data_Analysis/ZaunerEtAl_bioRxiv_2026/_build/nathealth/audit/hypotheses/H01/H01_analysis_preparation.html",TRUE,"cb7-38",TRUE,FALSE,FALSE,TRUE
"","#cb7-39","/Users/zauner/Documents/Arbeit/12-TUM/MeLiDos/WP2.2.5_Data_Analysis/ZaunerEtAl_bioRxiv_2026/_build/nathealth/audit/hypotheses/H01/H01_analysis_preparation.html",TRUE,"cb7-39",TRUE,FALSE,FALSE,TRUE
"","#cb7-40","/Users/zauner/Documents/Arbeit/12-TUM/MeLiDos/WP2.2.5_Data_Analysis/ZaunerEtAl_bioRxiv_2026/_build/nathealth/audit/hypotheses/H01/H01_analysis_preparation.html",TRUE,"cb7-40",TRUE,FALSE,FALSE,TRUE
"","#cb7-41","/Users/zauner/Documents/Arbeit/12-TUM/MeLiDos/WP2.2.5_Data_Analysis/ZaunerEtAl_bioRxiv_2026/_build/nathealth/audit/hypotheses/H01/H01_analysis_preparation.html",TRUE,"cb7-41",TRUE,FALSE,FALSE,TRUE
"","#cb7-42","/Users/zauner/Documents/Arbeit/12-TUM/MeLiDos/WP2.2.5_Data_Analysis/ZaunerEtAl_bioRxiv_2026/_build/nathealth/audit/hypotheses/H01/H01_analysis_preparation.html",TRUE,"cb7-42",TRUE,FALSE,FALSE,TRUE
"","#cb7-43","/Users/zauner/Documents/Arbeit/12-TUM/MeLiDos/WP2.2.5_Data_Analysis/ZaunerEtAl_bioRxiv_2026/_build/nathealth/audit/hypotheses/H01/H01_analysis_preparation.html",TRUE,"cb7-43",TRUE,FALSE,FALSE,TRUE
"","#cb7-44","/Users/zauner/Documents/Arbeit/12-TUM/MeLiDos/WP2.2.5_Data_Analysis/ZaunerEtAl_bioRxiv_2026/_build/nathealth/audit/hypotheses/H01/H01_analysis_preparation.html",TRUE,"cb7-44",TRUE,FALSE,FALSE,TRUE
"","#cb7-45","/Users/zauner/Documents/Arbeit/12-TUM/MeLiDos/WP2.2.5_Data_Analysis/ZaunerEtAl_bioRxiv_2026/_build/nathealth/audit/hypotheses/H01/H01_analysis_preparation.html",TRUE,"cb7-45",TRUE,FALSE,FALSE,TRUE
"","#cb7-46","/Users/zauner/Documents/Arbeit/12-TUM/MeLiDos/WP2.2.5_Data_Analysis/ZaunerEtAl_bioRxiv_2026/_build/nathealth/audit/hypotheses/H01/H01_analysis_preparation.html",TRUE,"cb7-46",TRUE,FALSE,FALSE,TRUE
"","#cb7-47","/Users/zauner/Documents/Arbeit/12-TUM/MeLiDos/WP2.2.5_Data_Analysis/ZaunerEtAl_bioRxiv_2026/_build/nathealth/audit/hypotheses/H01/H01_analysis_preparation.html",TRUE,"cb7-47",TRUE,FALSE,FALSE,TRUE
"","#cb7-48","/Users/zauner/Documents/Arbeit/12-TUM/MeLiDos/WP2.2.5_Data_Analysis/ZaunerEtAl_bioRxiv_2026/_build/nathealth/audit/hypotheses/H01/H01_analysis_preparation.html",TRUE,"cb7-48",TRUE,FALSE,FALSE,TRUE
"","#cb7-49","/Users/zauner/Documents/Arbeit/12-TUM/MeLiDos/WP2.2.5_Data_Analysis/ZaunerEtAl_bioRxiv_2026/_build/nathealth/audit/hypotheses/H01/H01_analysis_preparation.html",TRUE,"cb7-49",TRUE,FALSE,FALSE,TRUE
"","#cb7-50","/Users/zauner/Documents/Arbeit/12-TUM/MeLiDos/WP2.2.5_Data_Analysis/ZaunerEtAl_bioRxiv_2026/_build/nathealth/audit/hypotheses/H01/H01_analysis_preparation.html",TRUE,"cb7-50",TRUE,FALSE,FALSE,TRUE
"","#cb7-51","/Users/zauner/Documents/Arbeit/12-TUM/MeLiDos/WP2.2.5_Data_Analysis/ZaunerEtAl_bioRxiv_2026/_build/nathealth/audit/hypotheses/H01/H01_analysis_preparation.html",TRUE,"cb7-51",TRUE,FALSE,FALSE,TRUE
"","#cb7-52","/Users/zauner/Documents/Arbeit/12-TUM/MeLiDos/WP2.2.5_Data_Analysis/ZaunerEtAl_bioRxiv_2026/_build/nathealth/audit/hypotheses/H01/H01_analysis_preparation.html",TRUE,"cb7-52",TRUE,FALSE,FALSE,TRUE
"","#cb7-53","/Users/zauner/Documents/Arbeit/12-TUM/MeLiDos/WP2.2.5_Data_Analysis/ZaunerEtAl_bioRxiv_2026/_build/nathealth/audit/hypotheses/H01/H01_analysis_preparation.html",TRUE,"cb7-53",TRUE,FALSE,FALSE,TRUE
"","#cb7-54","/Users/zauner/Documents/Arbeit/12-TUM/MeLiDos/WP2.2.5_Data_Analysis/ZaunerEtAl_bioRxiv_2026/_build/nathealth/audit/hypotheses/H01/H01_analysis_preparation.html",TRUE,"cb7-54",TRUE,FALSE,FALSE,TRUE
"","#cb7-55","/Users/zauner/Documents/Arbeit/12-TUM/MeLiDos/WP2.2.5_Data_Analysis/ZaunerEtAl_bioRxiv_2026/_build/nathealth/audit/hypotheses/H01/H01_analysis_preparation.html",TRUE,"cb7-55",TRUE,FALSE,FALSE,TRUE
"","#cb7-56","/Users/zauner/Documents/Arbeit/12-TUM/MeLiDos/WP2.2.5_Data_Analysis/ZaunerEtAl_bioRxiv_2026/_build/nathealth/audit/hypotheses/H01/H01_analysis_preparation.html",TRUE,"cb7-56",TRUE,FALSE,FALSE,TRUE
"","#cb7-57","/Users/zauner/Documents/Arbeit/12-TUM/MeLiDos/WP2.2.5_Data_Analysis/ZaunerEtAl_bioRxiv_2026/_build/nathealth/audit/hypotheses/H01/H01_analysis_preparation.html",TRUE,"cb7-57",TRUE,FALSE,FALSE,TRUE
"","#cb7-58","/Users/zauner/Documents/Arbeit/12-TUM/MeLiDos/WP2.2.5_Data_Analysis/ZaunerEtAl_bioRxiv_2026/_build/nathealth/audit/hypotheses/H01/H01_analysis_preparation.html",TRUE,"cb7-58",TRUE,FALSE,FALSE,TRUE
"","#cb7-59","/Users/zauner/Documents/Arbeit/12-TUM/MeLiDos/WP2.2.5_Data_Analysis/ZaunerEtAl_bioRxiv_2026/_build/nathealth/audit/hypotheses/H01/H01_analysis_preparation.html",TRUE,"cb7-59",TRUE,FALSE,FALSE,TRUE
"Near eye","","/Users/zauner/Documents/Arbeit/12-TUM/MeLiDos/WP2.2.5_Data_Analysis/ZaunerEtAl_bioRxiv_2026/_build/nathealth/audit/hypotheses/H01/H01_analysis_preparation.html",TRUE,"",TRUE,FALSE,FALSE,TRUE
"Chest","","/Users/zauner/Documents/Arbeit/12-TUM/MeLiDos/WP2.2.5_Data_Analysis/ZaunerEtAl_bioRxiv_2026/_build/nathealth/audit/hypotheses/H01/H01_analysis_preparation.html",TRUE,"",TRUE,FALSE,FALSE,TRUE
"","#cb8-1","/Users/zauner/Documents/Arbeit/12-TUM/MeLiDos/WP2.2.5_Data_Analysis/ZaunerEtAl_bioRxiv_2026/_build/nathealth/audit/hypotheses/H01/H01_analysis_preparation.html",TRUE,"cb8-1",TRUE,FALSE,FALSE,TRUE
"","#cb8-2","/Users/zauner/Documents/Arbeit/12-TUM/MeLiDos/WP2.2.5_Data_Analysis/ZaunerEtAl_bioRxiv_2026/_build/nathealth/audit/hypotheses/H01/H01_analysis_preparation.html",TRUE,"cb8-2",TRUE,FALSE,FALSE,TRUE
"","#cb8-3","/Users/zauner/Documents/Arbeit/12-TUM/MeLiDos/WP2.2.5_Data_Analysis/ZaunerEtAl_bioRxiv_2026/_build/nathealth/audit/hypotheses/H01/H01_analysis_preparation.html",TRUE,"cb8-3",TRUE,FALSE,FALSE,TRUE
"","#cb8-4","/Users/zauner/Documents/Arbeit/12-TUM/MeLiDos/WP2.2.5_Data_Analysis/ZaunerEtAl_bioRxiv_2026/_build/nathealth/audit/hypotheses/H01/H01_analysis_preparation.html",TRUE,"cb8-4",TRUE,FALSE,FALSE,TRUE
"","#cb8-5","/Users/zauner/Documents/Arbeit/12-TUM/MeLiDos/WP2.2.5_Data_Analysis/ZaunerEtAl_bioRxiv_2026/_build/nathealth/audit/hypotheses/H01/H01_analysis_preparation.html",TRUE,"cb8-5",TRUE,FALSE,FALSE,TRUE
"","#cb8-6","/Users/zauner/Documents/Arbeit/12-TUM/MeLiDos/WP2.2.5_Data_Analysis/ZaunerEtAl_bioRxiv_2026/_build/nathealth/audit/hypotheses/H01/H01_analysis_preparation.html",TRUE,"cb8-6",TRUE,FALSE,FALSE,TRUE
"","#cb8-7","/Users/zauner/Documents/Arbeit/12-TUM/MeLiDos/WP2.2.5_Data_Analysis/ZaunerEtAl_bioRxiv_2026/_build/nathealth/audit/hypotheses/H01/H01_analysis_preparation.html",TRUE,"cb8-7",TRUE,FALSE,FALSE,TRUE
"","#cb8-8","/Users/zauner/Documents/Arbeit/12-TUM/MeLiDos/WP2.2.5_Data_Analysis/ZaunerEtAl_bioRxiv_2026/_build/nathealth/audit/hypotheses/H01/H01_analysis_preparation.html",TRUE,"cb8-8",TRUE,FALSE,FALSE,TRUE
"","#cb8-9","/Users/zauner/Documents/Arbeit/12-TUM/MeLiDos/WP2.2.5_Data_Analysis/ZaunerEtAl_bioRxiv_2026/_build/nathealth/audit/hypotheses/H01/H01_analysis_preparation.html",TRUE,"cb8-9",TRUE,FALSE,FALSE,TRUE
"","#cb8-10","/Users/zauner/Documents/Arbeit/12-TUM/MeLiDos/WP2.2.5_Data_Analysis/ZaunerEtAl_bioRxiv_2026/_build/nathealth/audit/hypotheses/H01/H01_analysis_preparation.html",TRUE,"cb8-10",TRUE,FALSE,FALSE,TRUE
"","#cb8-11","/Users/zauner/Documents/Arbeit/12-TUM/MeLiDos/WP2.2.5_Data_Analysis/ZaunerEtAl_bioRxiv_2026/_build/nathealth/audit/hypotheses/H01/H01_analysis_preparation.html",TRUE,"cb8-11",TRUE,FALSE,FALSE,TRUE
"","#cb8-12","/Users/zauner/Documents/Arbeit/12-TUM/MeLiDos/WP2.2.5_Data_Analysis/ZaunerEtAl_bioRxiv_2026/_build/nathealth/audit/hypotheses/H01/H01_analysis_preparation.html",TRUE,"cb8-12",TRUE,FALSE,FALSE,TRUE
"","#cb8-13","/Users/zauner/Documents/Arbeit/12-TUM/MeLiDos/WP2.2.5_Data_Analysis/ZaunerEtAl_bioRxiv_2026/_build/nathealth/audit/hypotheses/H01/H01_analysis_preparation.html",TRUE,"cb8-13",TRUE,FALSE,FALSE,TRUE
"","#cb8-14","/Users/zauner/Documents/Arbeit/12-TUM/MeLiDos/WP2.2.5_Data_Analysis/ZaunerEtAl_bioRxiv_2026/_build/nathealth/audit/hypotheses/H01/H01_analysis_preparation.html",TRUE,"cb8-14",TRUE,FALSE,FALSE,TRUE
"","#cb8-15","/Users/zauner/Documents/Arbeit/12-TUM/MeLiDos/WP2.2.5_Data_Analysis/ZaunerEtAl_bioRxiv_2026/_build/nathealth/audit/hypotheses/H01/H01_analysis_preparation.html",TRUE,"cb8-15",TRUE,FALSE,FALSE,TRUE
"","#cb8-16","/Users/zauner/Documents/Arbeit/12-TUM/MeLiDos/WP2.2.5_Data_Analysis/ZaunerEtAl_bioRxiv_2026/_build/nathealth/audit/hypotheses/H01/H01_analysis_preparation.html",TRUE,"cb8-16",TRUE,FALSE,FALSE,TRUE
"","#cb8-17","/Users/zauner/Documents/Arbeit/12-TUM/MeLiDos/WP2.2.5_Data_Analysis/ZaunerEtAl_bioRxiv_2026/_build/nathealth/audit/hypotheses/H01/H01_analysis_preparation.html",TRUE,"cb8-17",TRUE,FALSE,FALSE,TRUE
"","#cb9-1","/Users/zauner/Documents/Arbeit/12-TUM/MeLiDos/WP2.2.5_Data_Analysis/ZaunerEtAl_bioRxiv_2026/_build/nathealth/audit/hypotheses/H01/H01_analysis_preparation.html",TRUE,"cb9-1",TRUE,FALSE,FALSE,TRUE
"","#cb9-2","/Users/zauner/Documents/Arbeit/12-TUM/MeLiDos/WP2.2.5_Data_Analysis/ZaunerEtAl_bioRxiv_2026/_build/nathealth/audit/hypotheses/H01/H01_analysis_preparation.html",TRUE,"cb9-2",TRUE,FALSE,FALSE,TRUE
"","#cb9-3","/Users/zauner/Documents/Arbeit/12-TUM/MeLiDos/WP2.2.5_Data_Analysis/ZaunerEtAl_bioRxiv_2026/_build/nathealth/audit/hypotheses/H01/H01_analysis_preparation.html",TRUE,"cb9-3",TRUE,FALSE,FALSE,TRUE
"","#cb9-4","/Users/zauner/Documents/Arbeit/12-TUM/MeLiDos/WP2.2.5_Data_Analysis/ZaunerEtAl_bioRxiv_2026/_build/nathealth/audit/hypotheses/H01/H01_analysis_preparation.html",TRUE,"cb9-4",TRUE,FALSE,FALSE,TRUE
"","#cb9-5","/Users/zauner/Documents/Arbeit/12-TUM/MeLiDos/WP2.2.5_Data_Analysis/ZaunerEtAl_bioRxiv_2026/_build/nathealth/audit/hypotheses/H01/H01_analysis_preparation.html",TRUE,"cb9-5",TRUE,FALSE,FALSE,TRUE
"","#cb9-6","/Users/zauner/Documents/Arbeit/12-TUM/MeLiDos/WP2.2.5_Data_Analysis/ZaunerEtAl_bioRxiv_2026/_build/nathealth/audit/hypotheses/H01/H01_analysis_preparation.html",TRUE,"cb9-6",TRUE,FALSE,FALSE,TRUE
"","#cb9-7","/Users/zauner/Documents/Arbeit/12-TUM/MeLiDos/WP2.2.5_Data_Analysis/ZaunerEtAl_bioRxiv_2026/_build/nathealth/audit/hypotheses/H01/H01_analysis_preparation.html",TRUE,"cb9-7",TRUE,FALSE,FALSE,TRUE
"","#cb9-8","/Users/zauner/Documents/Arbeit/12-TUM/MeLiDos/WP2.2.5_Data_Analysis/ZaunerEtAl_bioRxiv_2026/_build/nathealth/audit/hypotheses/H01/H01_analysis_preparation.html",TRUE,"cb9-8",TRUE,FALSE,FALSE,TRUE
"","#cb9-9","/Users/zauner/Documents/Arbeit/12-TUM/MeLiDos/WP2.2.5_Data_Analysis/ZaunerEtAl_bioRxiv_2026/_build/nathealth/audit/hypotheses/H01/H01_analysis_preparation.html",TRUE,"cb9-9",TRUE,FALSE,FALSE,TRUE
"","#cb9-10","/Users/zauner/Documents/Arbeit/12-TUM/MeLiDos/WP2.2.5_Data_Analysis/ZaunerEtAl_bioRxiv_2026/_build/nathealth/audit/hypotheses/H01/H01_analysis_preparation.html",TRUE,"cb9-10",TRUE,FALSE,FALSE,TRUE
"","#cb9-11","/Users/zauner/Documents/Arbeit/12-TUM/MeLiDos/WP2.2.5_Data_Analysis/ZaunerEtAl_bioRxiv_2026/_build/nathealth/audit/hypotheses/H01/H01_analysis_preparation.html",TRUE,"cb9-11",TRUE,FALSE,FALSE,TRUE
"","#cb9-12","/Users/zauner/Documents/Arbeit/12-TUM/MeLiDos/WP2.2.5_Data_Analysis/ZaunerEtAl_bioRxiv_2026/_build/nathealth/audit/hypotheses/H01/H01_analysis_preparation.html",TRUE,"cb9-12",TRUE,FALSE,FALSE,TRUE
"","#cb9-13","/Users/zauner/Documents/Arbeit/12-TUM/MeLiDos/WP2.2.5_Data_Analysis/ZaunerEtAl_bioRxiv_2026/_build/nathealth/audit/hypotheses/H01/H01_analysis_preparation.html",TRUE,"cb9-13",TRUE,FALSE,FALSE,TRUE
"","#cb9-14","/Users/zauner/Documents/Arbeit/12-TUM/MeLiDos/WP2.2.5_Data_Analysis/ZaunerEtAl_bioRxiv_2026/_build/nathealth/audit/hypotheses/H01/H01_analysis_preparation.html",TRUE,"cb9-14",TRUE,FALSE,FALSE,TRUE
"","#cb9-15","/Users/zauner/Documents/Arbeit/12-TUM/MeLiDos/WP2.2.5_Data_Analysis/ZaunerEtAl_bioRxiv_2026/_build/nathealth/audit/hypotheses/H01/H01_analysis_preparation.html",TRUE,"cb9-15",TRUE,FALSE,FALSE,TRUE
"","#cb9-16","/Users/zauner/Documents/Arbeit/12-TUM/MeLiDos/WP2.2.5_Data_Analysis/ZaunerEtAl_bioRxiv_2026/_build/nathealth/audit/hypotheses/H01/H01_analysis_preparation.html",TRUE,"cb9-16",TRUE,FALSE,FALSE,TRUE
"","#cb9-17","/Users/zauner/Documents/Arbeit/12-TUM/MeLiDos/WP2.2.5_Data_Analysis/ZaunerEtAl_bioRxiv_2026/_build/nathealth/audit/hypotheses/H01/H01_analysis_preparation.html",TRUE,"cb9-17",TRUE,FALSE,FALSE,TRUE
"","#cb10-1","/Users/zauner/Documents/Arbeit/12-TUM/MeLiDos/WP2.2.5_Data_Analysis/ZaunerEtAl_bioRxiv_2026/_build/nathealth/audit/hypotheses/H01/H01_analysis_preparation.html",TRUE,"cb10-1",TRUE,FALSE,FALSE,TRUE
"","#cb10-2","/Users/zauner/Documents/Arbeit/12-TUM/MeLiDos/WP2.2.5_Data_Analysis/ZaunerEtAl_bioRxiv_2026/_build/nathealth/audit/hypotheses/H01/H01_analysis_preparation.html",TRUE,"cb10-2",TRUE,FALSE,FALSE,TRUE
"","#cb10-3","/Users/zauner/Documents/Arbeit/12-TUM/MeLiDos/WP2.2.5_Data_Analysis/ZaunerEtAl_bioRxiv_2026/_build/nathealth/audit/hypotheses/H01/H01_analysis_preparation.html",TRUE,"cb10-3",TRUE,FALSE,FALSE,TRUE
"","#cb10-4","/Users/zauner/Documents/Arbeit/12-TUM/MeLiDos/WP2.2.5_Data_Analysis/ZaunerEtAl_bioRxiv_2026/_build/nathealth/audit/hypotheses/H01/H01_analysis_preparation.html",TRUE,"cb10-4",TRUE,FALSE,FALSE,TRUE
"","#cb10-5","/Users/zauner/Documents/Arbeit/12-TUM/MeLiDos/WP2.2.5_Data_Analysis/ZaunerEtAl_bioRxiv_2026/_build/nathealth/audit/hypotheses/H01/H01_analysis_preparation.html",TRUE,"cb10-5",TRUE,FALSE,FALSE,TRUE
"","#cb10-6","/Users/zauner/Documents/Arbeit/12-TUM/MeLiDos/WP2.2.5_Data_Analysis/ZaunerEtAl_bioRxiv_2026/_build/nathealth/audit/hypotheses/H01/H01_analysis_preparation.html",TRUE,"cb10-6",TRUE,FALSE,FALSE,TRUE
"","#cb10-7","/Users/zauner/Documents/Arbeit/12-TUM/MeLiDos/WP2.2.5_Data_Analysis/ZaunerEtAl_bioRxiv_2026/_build/nathealth/audit/hypotheses/H01/H01_analysis_preparation.html",TRUE,"cb10-7",TRUE,FALSE,FALSE,TRUE
"","#cb10-8","/Users/zauner/Documents/Arbeit/12-TUM/MeLiDos/WP2.2.5_Data_Analysis/ZaunerEtAl_bioRxiv_2026/_build/nathealth/audit/hypotheses/H01/H01_analysis_preparation.html",TRUE,"cb10-8",TRUE,FALSE,FALSE,TRUE
"","#cb10-9","/Users/zauner/Documents/Arbeit/12-TUM/MeLiDos/WP2.2.5_Data_Analysis/ZaunerEtAl_bioRxiv_2026/_build/nathealth/audit/hypotheses/H01/H01_analysis_preparation.html",TRUE,"cb10-9",TRUE,FALSE,FALSE,TRUE
"","#cb10-10","/Users/zauner/Documents/Arbeit/12-TUM/MeLiDos/WP2.2.5_Data_Analysis/ZaunerEtAl_bioRxiv_2026/_build/nathealth/audit/hypotheses/H01/H01_analysis_preparation.html",TRUE,"cb10-10",TRUE,FALSE,FALSE,TRUE
"","#cb10-11","/Users/zauner/Documents/Arbeit/12-TUM/MeLiDos/WP2.2.5_Data_Analysis/ZaunerEtAl_bioRxiv_2026/_build/nathealth/audit/hypotheses/H01/H01_analysis_preparation.html",TRUE,"cb10-11",TRUE,FALSE,FALSE,TRUE
"","#cb10-12","/Users/zauner/Documents/Arbeit/12-TUM/MeLiDos/WP2.2.5_Data_Analysis/ZaunerEtAl_bioRxiv_2026/_build/nathealth/audit/hypotheses/H01/H01_analysis_preparation.html",TRUE,"cb10-12",TRUE,FALSE,FALSE,TRUE
"","#cb10-13","/Users/zauner/Documents/Arbeit/12-TUM/MeLiDos/WP2.2.5_Data_Analysis/ZaunerEtAl_bioRxiv_2026/_build/nathealth/audit/hypotheses/H01/H01_analysis_preparation.html",TRUE,"cb10-13",TRUE,FALSE,FALSE,TRUE
"","#cb10-14","/Users/zauner/Documents/Arbeit/12-TUM/MeLiDos/WP2.2.5_Data_Analysis/ZaunerEtAl_bioRxiv_2026/_build/nathealth/audit/hypotheses/H01/H01_analysis_preparation.html",TRUE,"cb10-14",TRUE,FALSE,FALSE,TRUE
"","#cb10-15","/Users/zauner/Documents/Arbeit/12-TUM/MeLiDos/WP2.2.5_Data_Analysis/ZaunerEtAl_bioRxiv_2026/_build/nathealth/audit/hypotheses/H01/H01_analysis_preparation.html",TRUE,"cb10-15",TRUE,FALSE,FALSE,TRUE
"","#cb10-16","/Users/zauner/Documents/Arbeit/12-TUM/MeLiDos/WP2.2.5_Data_Analysis/ZaunerEtAl_bioRxiv_2026/_build/nathealth/audit/hypotheses/H01/H01_analysis_preparation.html",TRUE,"cb10-16",TRUE,FALSE,FALSE,TRUE
"","#cb10-17","/Users/zauner/Documents/Arbeit/12-TUM/MeLiDos/WP2.2.5_Data_Analysis/ZaunerEtAl_bioRxiv_2026/_build/nathealth/audit/hypotheses/H01/H01_analysis_preparation.html",TRUE,"cb10-17",TRUE,FALSE,FALSE,TRUE
"","#cb10-18","/Users/zauner/Documents/Arbeit/12-TUM/MeLiDos/WP2.2.5_Data_Analysis/ZaunerEtAl_bioRxiv_2026/_build/nathealth/audit/hypotheses/H01/H01_analysis_preparation.html",TRUE,"cb10-18",TRUE,FALSE,FALSE,TRUE
"","#cb10-19","/Users/zauner/Documents/Arbeit/12-TUM/MeLiDos/WP2.2.5_Data_Analysis/ZaunerEtAl_bioRxiv_2026/_build/nathealth/audit/hypotheses/H01/H01_analysis_preparation.html",TRUE,"cb10-19",TRUE,FALSE,FALSE,TRUE
"","#cb10-20","/Users/zauner/Documents/Arbeit/12-TUM/MeLiDos/WP2.2.5_Data_Analysis/ZaunerEtAl_bioRxiv_2026/_build/nathealth/audit/hypotheses/H01/H01_analysis_preparation.html",TRUE,"cb10-20",TRUE,FALSE,FALSE,TRUE
"","#cb10-21","/Users/zauner/Documents/Arbeit/12-TUM/MeLiDos/WP2.2.5_Data_Analysis/ZaunerEtAl_bioRxiv_2026/_build/nathealth/audit/hypotheses/H01/H01_analysis_preparation.html",TRUE,"cb10-21",TRUE,FALSE,FALSE,TRUE
"","#cb10-22","/Users/zauner/Documents/Arbeit/12-TUM/MeLiDos/WP2.2.5_Data_Analysis/ZaunerEtAl_bioRxiv_2026/_build/nathealth/audit/hypotheses/H01/H01_analysis_preparation.html",TRUE,"cb10-22",TRUE,FALSE,FALSE,TRUE
"","#cb10-23","/Users/zauner/Documents/Arbeit/12-TUM/MeLiDos/WP2.2.5_Data_Analysis/ZaunerEtAl_bioRxiv_2026/_build/nathealth/audit/hypotheses/H01/H01_analysis_preparation.html",TRUE,"cb10-23",TRUE,FALSE,FALSE,TRUE
"","#cb10-24","/Users/zauner/Documents/Arbeit/12-TUM/MeLiDos/WP2.2.5_Data_Analysis/ZaunerEtAl_bioRxiv_2026/_build/nathealth/audit/hypotheses/H01/H01_analysis_preparation.html",TRUE,"cb10-24",TRUE,FALSE,FALSE,TRUE
"","#cb10-25","/Users/zauner/Documents/Arbeit/12-TUM/MeLiDos/WP2.2.5_Data_Analysis/ZaunerEtAl_bioRxiv_2026/_build/nathealth/audit/hypotheses/H01/H01_analysis_preparation.html",TRUE,"cb10-25",TRUE,FALSE,FALSE,TRUE
"","#cb10-26","/Users/zauner/Documents/Arbeit/12-TUM/MeLiDos/WP2.2.5_Data_Analysis/ZaunerEtAl_bioRxiv_2026/_build/nathealth/audit/hypotheses/H01/H01_analysis_preparation.html",TRUE,"cb10-26",TRUE,FALSE,FALSE,TRUE
"","#cb10-27","/Users/zauner/Documents/Arbeit/12-TUM/MeLiDos/WP2.2.5_Data_Analysis/ZaunerEtAl_bioRxiv_2026/_build/nathealth/audit/hypotheses/H01/H01_analysis_preparation.html",TRUE,"cb10-27",TRUE,FALSE,FALSE,TRUE
"","#cb10-28","/Users/zauner/Documents/Arbeit/12-TUM/MeLiDos/WP2.2.5_Data_Analysis/ZaunerEtAl_bioRxiv_2026/_build/nathealth/audit/hypotheses/H01/H01_analysis_preparation.html",TRUE,"cb10-28",TRUE,FALSE,FALSE,TRUE
"","#cb10-29","/Users/zauner/Documents/Arbeit/12-TUM/MeLiDos/WP2.2.5_Data_Analysis/ZaunerEtAl_bioRxiv_2026/_build/nathealth/audit/hypotheses/H01/H01_analysis_preparation.html",TRUE,"cb10-29",TRUE,FALSE,FALSE,TRUE
"","#cb10-30","/Users/zauner/Documents/Arbeit/12-TUM/MeLiDos/WP2.2.5_Data_Analysis/ZaunerEtAl_bioRxiv_2026/_build/nathealth/audit/hypotheses/H01/H01_analysis_preparation.html",TRUE,"cb10-30",TRUE,FALSE,FALSE,TRUE
"","#cb10-31","/Users/zauner/Documents/Arbeit/12-TUM/MeLiDos/WP2.2.5_Data_Analysis/ZaunerEtAl_bioRxiv_2026/_build/nathealth/audit/hypotheses/H01/H01_analysis_preparation.html",TRUE,"cb10-31",TRUE,FALSE,FALSE,TRUE
"","H01_analysis_preparation_files/figure-html/fig-h01-prep-sample-support-1.png","/Users/zauner/Documents/Arbeit/12-TUM/MeLiDos/WP2.2.5_Data_Analysis/ZaunerEtAl_bioRxiv_2026/_build/nathealth/audit/hypotheses/H01/H01_analysis_preparation_files/figure-html/fig-h01-prep-sample-support-1.png",TRUE,"",TRUE,FALSE,FALSE,TRUE
"Source data for Figure 1","H01_analysis_preparation_files/source-data/H01_preparation_fitted_sample_support.csv","/Users/zauner/Documents/Arbeit/12-TUM/MeLiDos/WP2.2.5_Data_Analysis/ZaunerEtAl_bioRxiv_2026/_build/nathealth/audit/hypotheses/H01/H01_analysis_preparation_files/source-data/H01_preparation_fitted_sample_support.csv",TRUE,"",TRUE,FALSE,FALSE,TRUE
"","#cb11-1","/Users/zauner/Documents/Arbeit/12-TUM/MeLiDos/WP2.2.5_Data_Analysis/ZaunerEtAl_bioRxiv_2026/_build/nathealth/audit/hypotheses/H01/H01_analysis_preparation.html",TRUE,"cb11-1",TRUE,FALSE,FALSE,TRUE
"","#cb11-2","/Users/zauner/Documents/Arbeit/12-TUM/MeLiDos/WP2.2.5_Data_Analysis/ZaunerEtAl_bioRxiv_2026/_build/nathealth/audit/hypotheses/H01/H01_analysis_preparation.html",TRUE,"cb11-2",TRUE,FALSE,FALSE,TRUE
"","#cb11-3","/Users/zauner/Documents/Arbeit/12-TUM/MeLiDos/WP2.2.5_Data_Analysis/ZaunerEtAl_bioRxiv_2026/_build/nathealth/audit/hypotheses/H01/H01_analysis_preparation.html",TRUE,"cb11-3",TRUE,FALSE,FALSE,TRUE
"","#cb11-4","/Users/zauner/Documents/Arbeit/12-TUM/MeLiDos/WP2.2.5_Data_Analysis/ZaunerEtAl_bioRxiv_2026/_build/nathealth/audit/hypotheses/H01/H01_analysis_preparation.html",TRUE,"cb11-4",TRUE,FALSE,FALSE,TRUE
"","#cb11-5","/Users/zauner/Documents/Arbeit/12-TUM/MeLiDos/WP2.2.5_Data_Analysis/ZaunerEtAl_bioRxiv_2026/_build/nathealth/audit/hypotheses/H01/H01_analysis_preparation.html",TRUE,"cb11-5",TRUE,FALSE,FALSE,TRUE
"","#cb11-6","/Users/zauner/Documents/Arbeit/12-TUM/MeLiDos/WP2.2.5_Data_Analysis/ZaunerEtAl_bioRxiv_2026/_build/nathealth/audit/hypotheses/H01/H01_analysis_preparation.html",TRUE,"cb11-6",TRUE,FALSE,FALSE,TRUE
"","#cb11-7","/Users/zauner/Documents/Arbeit/12-TUM/MeLiDos/WP2.2.5_Data_Analysis/ZaunerEtAl_bioRxiv_2026/_build/nathealth/audit/hypotheses/H01/H01_analysis_preparation.html",TRUE,"cb11-7",TRUE,FALSE,FALSE,TRUE
"","#cb11-8","/Users/zauner/Documents/Arbeit/12-TUM/MeLiDos/WP2.2.5_Data_Analysis/ZaunerEtAl_bioRxiv_2026/_build/nathealth/audit/hypotheses/H01/H01_analysis_preparation.html",TRUE,"cb11-8",TRUE,FALSE,FALSE,TRUE
"","#cb11-9","/Users/zauner/Documents/Arbeit/12-TUM/MeLiDos/WP2.2.5_Data_Analysis/ZaunerEtAl_bioRxiv_2026/_build/nathealth/audit/hypotheses/H01/H01_analysis_preparation.html",TRUE,"cb11-9",TRUE,FALSE,FALSE,TRUE
"","#cb11-10","/Users/zauner/Documents/Arbeit/12-TUM/MeLiDos/WP2.2.5_Data_Analysis/ZaunerEtAl_bioRxiv_2026/_build/nathealth/audit/hypotheses/H01/H01_analysis_preparation.html",TRUE,"cb11-10",TRUE,FALSE,FALSE,TRUE
"","#cb11-11","/Users/zauner/Documents/Arbeit/12-TUM/MeLiDos/WP2.2.5_Data_Analysis/ZaunerEtAl_bioRxiv_2026/_build/nathealth/audit/hypotheses/H01/H01_analysis_preparation.html",TRUE,"cb11-11",TRUE,FALSE,FALSE,TRUE
"","#cb11-12","/Users/zauner/Documents/Arbeit/12-TUM/MeLiDos/WP2.2.5_Data_Analysis/ZaunerEtAl_bioRxiv_2026/_build/nathealth/audit/hypotheses/H01/H01_analysis_preparation.html",TRUE,"cb11-12",TRUE,FALSE,FALSE,TRUE
"","#cb11-13","/Users/zauner/Documents/Arbeit/12-TUM/MeLiDos/WP2.2.5_Data_Analysis/ZaunerEtAl_bioRxiv_2026/_build/nathealth/audit/hypotheses/H01/H01_analysis_preparation.html",TRUE,"cb11-13",TRUE,FALSE,FALSE,TRUE
"","#cb11-14","/Users/zauner/Documents/Arbeit/12-TUM/MeLiDos/WP2.2.5_Data_Analysis/ZaunerEtAl_bioRxiv_2026/_build/nathealth/audit/hypotheses/H01/H01_analysis_preparation.html",TRUE,"cb11-14",TRUE,FALSE,FALSE,TRUE
"","#cb11-15","/Users/zauner/Documents/Arbeit/12-TUM/MeLiDos/WP2.2.5_Data_Analysis/ZaunerEtAl_bioRxiv_2026/_build/nathealth/audit/hypotheses/H01/H01_analysis_preparation.html",TRUE,"cb11-15",TRUE,FALSE,FALSE,TRUE
"","#cb11-16","/Users/zauner/Documents/Arbeit/12-TUM/MeLiDos/WP2.2.5_Data_Analysis/ZaunerEtAl_bioRxiv_2026/_build/nathealth/audit/hypotheses/H01/H01_analysis_preparation.html",TRUE,"cb11-16",TRUE,FALSE,FALSE,TRUE
"","#cb11-17","/Users/zauner/Documents/Arbeit/12-TUM/MeLiDos/WP2.2.5_Data_Analysis/ZaunerEtAl_bioRxiv_2026/_build/nathealth/audit/hypotheses/H01/H01_analysis_preparation.html",TRUE,"cb11-17",TRUE,FALSE,FALSE,TRUE
"","#cb11-18","/Users/zauner/Documents/Arbeit/12-TUM/MeLiDos/WP2.2.5_Data_Analysis/ZaunerEtAl_bioRxiv_2026/_build/nathealth/audit/hypotheses/H01/H01_analysis_preparation.html",TRUE,"cb11-18",TRUE,FALSE,FALSE,TRUE
"","#cb11-19","/Users/zauner/Documents/Arbeit/12-TUM/MeLiDos/WP2.2.5_Data_Analysis/ZaunerEtAl_bioRxiv_2026/_build/nathealth/audit/hypotheses/H01/H01_analysis_preparation.html",TRUE,"cb11-19",TRUE,FALSE,FALSE,TRUE
"","#cb11-20","/Users/zauner/Documents/Arbeit/12-TUM/MeLiDos/WP2.2.5_Data_Analysis/ZaunerEtAl_bioRxiv_2026/_build/nathealth/audit/hypotheses/H01/H01_analysis_preparation.html",TRUE,"cb11-20",TRUE,FALSE,FALSE,TRUE
"","#cb11-21","/Users/zauner/Documents/Arbeit/12-TUM/MeLiDos/WP2.2.5_Data_Analysis/ZaunerEtAl_bioRxiv_2026/_build/nathealth/audit/hypotheses/H01/H01_analysis_preparation.html",TRUE,"cb11-21",TRUE,FALSE,FALSE,TRUE
"","#cb11-22","/Users/zauner/Documents/Arbeit/12-TUM/MeLiDos/WP2.2.5_Data_Analysis/ZaunerEtAl_bioRxiv_2026/_build/nathealth/audit/hypotheses/H01/H01_analysis_preparation.html",TRUE,"cb11-22",TRUE,FALSE,FALSE,TRUE
"","#cb11-23","/Users/zauner/Documents/Arbeit/12-TUM/MeLiDos/WP2.2.5_Data_Analysis/ZaunerEtAl_bioRxiv_2026/_build/nathealth/audit/hypotheses/H01/H01_analysis_preparation.html",TRUE,"cb11-23",TRUE,FALSE,FALSE,TRUE
"","#cb11-24","/Users/zauner/Documents/Arbeit/12-TUM/MeLiDos/WP2.2.5_Data_Analysis/ZaunerEtAl_bioRxiv_2026/_build/nathealth/audit/hypotheses/H01/H01_analysis_preparation.html",TRUE,"cb11-24",TRUE,FALSE,FALSE,TRUE
"","#cb11-25","/Users/zauner/Documents/Arbeit/12-TUM/MeLiDos/WP2.2.5_Data_Analysis/ZaunerEtAl_bioRxiv_2026/_build/nathealth/audit/hypotheses/H01/H01_analysis_preparation.html",TRUE,"cb11-25",TRUE,FALSE,FALSE,TRUE
"","#cb11-26","/Users/zauner/Documents/Arbeit/12-TUM/MeLiDos/WP2.2.5_Data_Analysis/ZaunerEtAl_bioRxiv_2026/_build/nathealth/audit/hypotheses/H01/H01_analysis_preparation.html",TRUE,"cb11-26",TRUE,FALSE,FALSE,TRUE
"","#cb11-27","/Users/zauner/Documents/Arbeit/12-TUM/MeLiDos/WP2.2.5_Data_Analysis/ZaunerEtAl_bioRxiv_2026/_build/nathealth/audit/hypotheses/H01/H01_analysis_preparation.html",TRUE,"cb11-27",TRUE,FALSE,FALSE,TRUE
"","#cb11-28","/Users/zauner/Documents/Arbeit/12-TUM/MeLiDos/WP2.2.5_Data_Analysis/ZaunerEtAl_bioRxiv_2026/_build/nathealth/audit/hypotheses/H01/H01_analysis_preparation.html",TRUE,"cb11-28",TRUE,FALSE,FALSE,TRUE
"","#cb11-29","/Users/zauner/Documents/Arbeit/12-TUM/MeLiDos/WP2.2.5_Data_Analysis/ZaunerEtAl_bioRxiv_2026/_build/nathealth/audit/hypotheses/H01/H01_analysis_preparation.html",TRUE,"cb11-29",TRUE,FALSE,FALSE,TRUE
"","#cb11-30","/Users/zauner/Documents/Arbeit/12-TUM/MeLiDos/WP2.2.5_Data_Analysis/ZaunerEtAl_bioRxiv_2026/_build/nathealth/audit/hypotheses/H01/H01_analysis_preparation.html",TRUE,"cb11-30",TRUE,FALSE,FALSE,TRUE
"","#cb11-31","/Users/zauner/Documents/Arbeit/12-TUM/MeLiDos/WP2.2.5_Data_Analysis/ZaunerEtAl_bioRxiv_2026/_build/nathealth/audit/hypotheses/H01/H01_analysis_preparation.html",TRUE,"cb11-31",TRUE,FALSE,FALSE,TRUE
"","#cb11-32","/Users/zauner/Documents/Arbeit/12-TUM/MeLiDos/WP2.2.5_Data_Analysis/ZaunerEtAl_bioRxiv_2026/_build/nathealth/audit/hypotheses/H01/H01_analysis_preparation.html",TRUE,"cb11-32",TRUE,FALSE,FALSE,TRUE
"","#cb11-33","/Users/zauner/Documents/Arbeit/12-TUM/MeLiDos/WP2.2.5_Data_Analysis/ZaunerEtAl_bioRxiv_2026/_build/nathealth/audit/hypotheses/H01/H01_analysis_preparation.html",TRUE,"cb11-33",TRUE,FALSE,FALSE,TRUE
"","#cb11-34","/Users/zauner/Documents/Arbeit/12-TUM/MeLiDos/WP2.2.5_Data_Analysis/ZaunerEtAl_bioRxiv_2026/_build/nathealth/audit/hypotheses/H01/H01_analysis_preparation.html",TRUE,"cb11-34",TRUE,FALSE,FALSE,TRUE
"","#cb11-35","/Users/zauner/Documents/Arbeit/12-TUM/MeLiDos/WP2.2.5_Data_Analysis/ZaunerEtAl_bioRxiv_2026/_build/nathealth/audit/hypotheses/H01/H01_analysis_preparation.html",TRUE,"cb11-35",TRUE,FALSE,FALSE,TRUE
"","#cb11-36","/Users/zauner/Documents/Arbeit/12-TUM/MeLiDos/WP2.2.5_Data_Analysis/ZaunerEtAl_bioRxiv_2026/_build/nathealth/audit/hypotheses/H01/H01_analysis_preparation.html",TRUE,"cb11-36",TRUE,FALSE,FALSE,TRUE
"","H01_analysis_preparation_files/figure-html/fig-h01-prep-model-frame-retention-1.png","/Users/zauner/Documents/Arbeit/12-TUM/MeLiDos/WP2.2.5_Data_Analysis/ZaunerEtAl_bioRxiv_2026/_build/nathealth/audit/hypotheses/H01/H01_analysis_preparation_files/figure-html/fig-h01-prep-model-frame-retention-1.png",TRUE,"",TRUE,FALSE,FALSE,TRUE
"Source data for Figure 2","H01_analysis_preparation_files/source-data/H01_preparation_model_frame_retention.csv","/Users/zauner/Documents/Arbeit/12-TUM/MeLiDos/WP2.2.5_Data_Analysis/ZaunerEtAl_bioRxiv_2026/_build/nathealth/audit/hypotheses/H01/H01_analysis_preparation_files/source-data/H01_preparation_model_frame_retention.csv",TRUE,"",TRUE,FALSE,FALSE,TRUE
"H01_exact_samples_by_site.csv","../../../artifacts/09_tables/H01/H01_exact_samples_by_site.csv","/Users/zauner/Documents/Arbeit/12-TUM/MeLiDos/WP2.2.5_Data_Analysis/ZaunerEtAl_bioRxiv_2026/_build/nathealth/artifacts/09_tables/H01/H01_exact_samples_by_site.csv",TRUE,"",TRUE,FALSE,FALSE,TRUE
"","#cb12-1","/Users/zauner/Documents/Arbeit/12-TUM/MeLiDos/WP2.2.5_Data_Analysis/ZaunerEtAl_bioRxiv_2026/_build/nathealth/audit/hypotheses/H01/H01_analysis_preparation.html",TRUE,"cb12-1",TRUE,FALSE,FALSE,TRUE
"","#cb12-2","/Users/zauner/Documents/Arbeit/12-TUM/MeLiDos/WP2.2.5_Data_Analysis/ZaunerEtAl_bioRxiv_2026/_build/nathealth/audit/hypotheses/H01/H01_analysis_preparation.html",TRUE,"cb12-2",TRUE,FALSE,FALSE,TRUE
"","#cb12-3","/Users/zauner/Documents/Arbeit/12-TUM/MeLiDos/WP2.2.5_Data_Analysis/ZaunerEtAl_bioRxiv_2026/_build/nathealth/audit/hypotheses/H01/H01_analysis_preparation.html",TRUE,"cb12-3",TRUE,FALSE,FALSE,TRUE
"","#cb12-4","/Users/zauner/Documents/Arbeit/12-TUM/MeLiDos/WP2.2.5_Data_Analysis/ZaunerEtAl_bioRxiv_2026/_build/nathealth/audit/hypotheses/H01/H01_analysis_preparation.html",TRUE,"cb12-4",TRUE,FALSE,FALSE,TRUE
"","#cb12-5","/Users/zauner/Documents/Arbeit/12-TUM/MeLiDos/WP2.2.5_Data_Analysis/ZaunerEtAl_bioRxiv_2026/_build/nathealth/audit/hypotheses/H01/H01_analysis_preparation.html",TRUE,"cb12-5",TRUE,FALSE,FALSE,TRUE
"","#cb12-6","/Users/zauner/Documents/Arbeit/12-TUM/MeLiDos/WP2.2.5_Data_Analysis/ZaunerEtAl_bioRxiv_2026/_build/nathealth/audit/hypotheses/H01/H01_analysis_preparation.html",TRUE,"cb12-6",TRUE,FALSE,FALSE,TRUE
"","#cb12-7","/Users/zauner/Documents/Arbeit/12-TUM/MeLiDos/WP2.2.5_Data_Analysis/ZaunerEtAl_bioRxiv_2026/_build/nathealth/audit/hypotheses/H01/H01_analysis_preparation.html",TRUE,"cb12-7",TRUE,FALSE,FALSE,TRUE
"","#cb12-8","/Users/zauner/Documents/Arbeit/12-TUM/MeLiDos/WP2.2.5_Data_Analysis/ZaunerEtAl_bioRxiv_2026/_build/nathealth/audit/hypotheses/H01/H01_analysis_preparation.html",TRUE,"cb12-8",TRUE,FALSE,FALSE,TRUE
"","#cb12-9","/Users/zauner/Documents/Arbeit/12-TUM/MeLiDos/WP2.2.5_Data_Analysis/ZaunerEtAl_bioRxiv_2026/_build/nathealth/audit/hypotheses/H01/H01_analysis_preparation.html",TRUE,"cb12-9",TRUE,FALSE,FALSE,TRUE
"","#cb12-10","/Users/zauner/Documents/Arbeit/12-TUM/MeLiDos/WP2.2.5_Data_Analysis/ZaunerEtAl_bioRxiv_2026/_build/nathealth/audit/hypotheses/H01/H01_analysis_preparation.html",TRUE,"cb12-10",TRUE,FALSE,FALSE,TRUE
"","#cb12-11","/Users/zauner/Documents/Arbeit/12-TUM/MeLiDos/WP2.2.5_Data_Analysis/ZaunerEtAl_bioRxiv_2026/_build/nathealth/audit/hypotheses/H01/H01_analysis_preparation.html",TRUE,"cb12-11",TRUE,FALSE,FALSE,TRUE
"","#cb12-12","/Users/zauner/Documents/Arbeit/12-TUM/MeLiDos/WP2.2.5_Data_Analysis/ZaunerEtAl_bioRxiv_2026/_build/nathealth/audit/hypotheses/H01/H01_analysis_preparation.html",TRUE,"cb12-12",TRUE,FALSE,FALSE,TRUE
"","#cb12-13","/Users/zauner/Documents/Arbeit/12-TUM/MeLiDos/WP2.2.5_Data_Analysis/ZaunerEtAl_bioRxiv_2026/_build/nathealth/audit/hypotheses/H01/H01_analysis_preparation.html",TRUE,"cb12-13",TRUE,FALSE,FALSE,TRUE
"","#cb12-14","/Users/zauner/Documents/Arbeit/12-TUM/MeLiDos/WP2.2.5_Data_Analysis/ZaunerEtAl_bioRxiv_2026/_build/nathealth/audit/hypotheses/H01/H01_analysis_preparation.html",TRUE,"cb12-14",TRUE,FALSE,FALSE,TRUE
"","#cb12-15","/Users/zauner/Documents/Arbeit/12-TUM/MeLiDos/WP2.2.5_Data_Analysis/ZaunerEtAl_bioRxiv_2026/_build/nathealth/audit/hypotheses/H01/H01_analysis_preparation.html",TRUE,"cb12-15",TRUE,FALSE,FALSE,TRUE
"","#cb12-16","/Users/zauner/Documents/Arbeit/12-TUM/MeLiDos/WP2.2.5_Data_Analysis/ZaunerEtAl_bioRxiv_2026/_build/nathealth/audit/hypotheses/H01/H01_analysis_preparation.html",TRUE,"cb12-16",TRUE,FALSE,FALSE,TRUE
"","#cb12-17","/Users/zauner/Documents/Arbeit/12-TUM/MeLiDos/WP2.2.5_Data_Analysis/ZaunerEtAl_bioRxiv_2026/_build/nathealth/audit/hypotheses/H01/H01_analysis_preparation.html",TRUE,"cb12-17",TRUE,FALSE,FALSE,TRUE
"","#cb12-18","/Users/zauner/Documents/Arbeit/12-TUM/MeLiDos/WP2.2.5_Data_Analysis/ZaunerEtAl_bioRxiv_2026/_build/nathealth/audit/hypotheses/H01/H01_analysis_preparation.html",TRUE,"cb12-18",TRUE,FALSE,FALSE,TRUE
"","#cb12-19","/Users/zauner/Documents/Arbeit/12-TUM/MeLiDos/WP2.2.5_Data_Analysis/ZaunerEtAl_bioRxiv_2026/_build/nathealth/audit/hypotheses/H01/H01_analysis_preparation.html",TRUE,"cb12-19",TRUE,FALSE,FALSE,TRUE
"","#cb12-20","/Users/zauner/Documents/Arbeit/12-TUM/MeLiDos/WP2.2.5_Data_Analysis/ZaunerEtAl_bioRxiv_2026/_build/nathealth/audit/hypotheses/H01/H01_analysis_preparation.html",TRUE,"cb12-20",TRUE,FALSE,FALSE,TRUE
"","#cb12-21","/Users/zauner/Documents/Arbeit/12-TUM/MeLiDos/WP2.2.5_Data_Analysis/ZaunerEtAl_bioRxiv_2026/_build/nathealth/audit/hypotheses/H01/H01_analysis_preparation.html",TRUE,"cb12-21",TRUE,FALSE,FALSE,TRUE
"","#cb12-22","/Users/zauner/Documents/Arbeit/12-TUM/MeLiDos/WP2.2.5_Data_Analysis/ZaunerEtAl_bioRxiv_2026/_build/nathealth/audit/hypotheses/H01/H01_analysis_preparation.html",TRUE,"cb12-22",TRUE,FALSE,FALSE,TRUE
"","#cb12-23","/Users/zauner/Documents/Arbeit/12-TUM/MeLiDos/WP2.2.5_Data_Analysis/ZaunerEtAl_bioRxiv_2026/_build/nathealth/audit/hypotheses/H01/H01_analysis_preparation.html",TRUE,"cb12-23",TRUE,FALSE,FALSE,TRUE
"","#cb12-24","/Users/zauner/Documents/Arbeit/12-TUM/MeLiDos/WP2.2.5_Data_Analysis/ZaunerEtAl_bioRxiv_2026/_build/nathealth/audit/hypotheses/H01/H01_analysis_preparation.html",TRUE,"cb12-24",TRUE,FALSE,FALSE,TRUE
"","#cb12-25","/Users/zauner/Documents/Arbeit/12-TUM/MeLiDos/WP2.2.5_Data_Analysis/ZaunerEtAl_bioRxiv_2026/_build/nathealth/audit/hypotheses/H01/H01_analysis_preparation.html",TRUE,"cb12-25",TRUE,FALSE,FALSE,TRUE
"","#cb12-26","/Users/zauner/Documents/Arbeit/12-TUM/MeLiDos/WP2.2.5_Data_Analysis/ZaunerEtAl_bioRxiv_2026/_build/nathealth/audit/hypotheses/H01/H01_analysis_preparation.html",TRUE,"cb12-26",TRUE,FALSE,FALSE,TRUE
"","#cb12-27","/Users/zauner/Documents/Arbeit/12-TUM/MeLiDos/WP2.2.5_Data_Analysis/ZaunerEtAl_bioRxiv_2026/_build/nathealth/audit/hypotheses/H01/H01_analysis_preparation.html",TRUE,"cb12-27",TRUE,FALSE,FALSE,TRUE
"","#cb12-28","/Users/zauner/Documents/Arbeit/12-TUM/MeLiDos/WP2.2.5_Data_Analysis/ZaunerEtAl_bioRxiv_2026/_build/nathealth/audit/hypotheses/H01/H01_analysis_preparation.html",TRUE,"cb12-28",TRUE,FALSE,FALSE,TRUE
"","#cb12-29","/Users/zauner/Documents/Arbeit/12-TUM/MeLiDos/WP2.2.5_Data_Analysis/ZaunerEtAl_bioRxiv_2026/_build/nathealth/audit/hypotheses/H01/H01_analysis_preparation.html",TRUE,"cb12-29",TRUE,FALSE,FALSE,TRUE
"","#cb12-30","/Users/zauner/Documents/Arbeit/12-TUM/MeLiDos/WP2.2.5_Data_Analysis/ZaunerEtAl_bioRxiv_2026/_build/nathealth/audit/hypotheses/H01/H01_analysis_preparation.html",TRUE,"cb12-30",TRUE,FALSE,FALSE,TRUE
"","#cb12-31","/Users/zauner/Documents/Arbeit/12-TUM/MeLiDos/WP2.2.5_Data_Analysis/ZaunerEtAl_bioRxiv_2026/_build/nathealth/audit/hypotheses/H01/H01_analysis_preparation.html",TRUE,"cb12-31",TRUE,FALSE,FALSE,TRUE
"","#cb12-32","/Users/zauner/Documents/Arbeit/12-TUM/MeLiDos/WP2.2.5_Data_Analysis/ZaunerEtAl_bioRxiv_2026/_build/nathealth/audit/hypotheses/H01/H01_analysis_preparation.html",TRUE,"cb12-32",TRUE,FALSE,FALSE,TRUE
"","#cb12-33","/Users/zauner/Documents/Arbeit/12-TUM/MeLiDos/WP2.2.5_Data_Analysis/ZaunerEtAl_bioRxiv_2026/_build/nathealth/audit/hypotheses/H01/H01_analysis_preparation.html",TRUE,"cb12-33",TRUE,FALSE,FALSE,TRUE
"","#cb12-34","/Users/zauner/Documents/Arbeit/12-TUM/MeLiDos/WP2.2.5_Data_Analysis/ZaunerEtAl_bioRxiv_2026/_build/nathealth/audit/hypotheses/H01/H01_analysis_preparation.html",TRUE,"cb12-34",TRUE,FALSE,FALSE,TRUE
"","#cb12-35","/Users/zauner/Documents/Arbeit/12-TUM/MeLiDos/WP2.2.5_Data_Analysis/ZaunerEtAl_bioRxiv_2026/_build/nathealth/audit/hypotheses/H01/H01_analysis_preparation.html",TRUE,"cb12-35",TRUE,FALSE,FALSE,TRUE
"","#cb12-36","/Users/zauner/Documents/Arbeit/12-TUM/MeLiDos/WP2.2.5_Data_Analysis/ZaunerEtAl_bioRxiv_2026/_build/nathealth/audit/hypotheses/H01/H01_analysis_preparation.html",TRUE,"cb12-36",TRUE,FALSE,FALSE,TRUE
"","#cb12-37","/Users/zauner/Documents/Arbeit/12-TUM/MeLiDos/WP2.2.5_Data_Analysis/ZaunerEtAl_bioRxiv_2026/_build/nathealth/audit/hypotheses/H01/H01_analysis_preparation.html",TRUE,"cb12-37",TRUE,FALSE,FALSE,TRUE
"","#cb12-38","/Users/zauner/Documents/Arbeit/12-TUM/MeLiDos/WP2.2.5_Data_Analysis/ZaunerEtAl_bioRxiv_2026/_build/nathealth/audit/hypotheses/H01/H01_analysis_preparation.html",TRUE,"cb12-38",TRUE,FALSE,FALSE,TRUE
"","#cb12-39","/Users/zauner/Documents/Arbeit/12-TUM/MeLiDos/WP2.2.5_Data_Analysis/ZaunerEtAl_bioRxiv_2026/_build/nathealth/audit/hypotheses/H01/H01_analysis_preparation.html",TRUE,"cb12-39",TRUE,FALSE,FALSE,TRUE
"","#cb12-40","/Users/zauner/Documents/Arbeit/12-TUM/MeLiDos/WP2.2.5_Data_Analysis/ZaunerEtAl_bioRxiv_2026/_build/nathealth/audit/hypotheses/H01/H01_analysis_preparation.html",TRUE,"cb12-40",TRUE,FALSE,FALSE,TRUE
"","#cb12-41","/Users/zauner/Documents/Arbeit/12-TUM/MeLiDos/WP2.2.5_Data_Analysis/ZaunerEtAl_bioRxiv_2026/_build/nathealth/audit/hypotheses/H01/H01_analysis_preparation.html",TRUE,"cb12-41",TRUE,FALSE,FALSE,TRUE
"","#cb12-42","/Users/zauner/Documents/Arbeit/12-TUM/MeLiDos/WP2.2.5_Data_Analysis/ZaunerEtAl_bioRxiv_2026/_build/nathealth/audit/hypotheses/H01/H01_analysis_preparation.html",TRUE,"cb12-42",TRUE,FALSE,FALSE,TRUE
"","#cb12-43","/Users/zauner/Documents/Arbeit/12-TUM/MeLiDos/WP2.2.5_Data_Analysis/ZaunerEtAl_bioRxiv_2026/_build/nathealth/audit/hypotheses/H01/H01_analysis_preparation.html",TRUE,"cb12-43",TRUE,FALSE,FALSE,TRUE
"","#cb12-44","/Users/zauner/Documents/Arbeit/12-TUM/MeLiDos/WP2.2.5_Data_Analysis/ZaunerEtAl_bioRxiv_2026/_build/nathealth/audit/hypotheses/H01/H01_analysis_preparation.html",TRUE,"cb12-44",TRUE,FALSE,FALSE,TRUE
"","#cb12-45","/Users/zauner/Documents/Arbeit/12-TUM/MeLiDos/WP2.2.5_Data_Analysis/ZaunerEtAl_bioRxiv_2026/_build/nathealth/audit/hypotheses/H01/H01_analysis_preparation.html",TRUE,"cb12-45",TRUE,FALSE,FALSE,TRUE
"","#cb13-1","/Users/zauner/Documents/Arbeit/12-TUM/MeLiDos/WP2.2.5_Data_Analysis/ZaunerEtAl_bioRxiv_2026/_build/nathealth/audit/hypotheses/H01/H01_analysis_preparation.html",TRUE,"cb13-1",TRUE,FALSE,FALSE,TRUE
"","#cb13-2","/Users/zauner/Documents/Arbeit/12-TUM/MeLiDos/WP2.2.5_Data_Analysis/ZaunerEtAl_bioRxiv_2026/_build/nathealth/audit/hypotheses/H01/H01_analysis_preparation.html",TRUE,"cb13-2",TRUE,FALSE,FALSE,TRUE
"","#cb13-3","/Users/zauner/Documents/Arbeit/12-TUM/MeLiDos/WP2.2.5_Data_Analysis/ZaunerEtAl_bioRxiv_2026/_build/nathealth/audit/hypotheses/H01/H01_analysis_preparation.html",TRUE,"cb13-3",TRUE,FALSE,FALSE,TRUE
"","#cb13-4","/Users/zauner/Documents/Arbeit/12-TUM/MeLiDos/WP2.2.5_Data_Analysis/ZaunerEtAl_bioRxiv_2026/_build/nathealth/audit/hypotheses/H01/H01_analysis_preparation.html",TRUE,"cb13-4",TRUE,FALSE,FALSE,TRUE
"","#cb13-5","/Users/zauner/Documents/Arbeit/12-TUM/MeLiDos/WP2.2.5_Data_Analysis/ZaunerEtAl_bioRxiv_2026/_build/nathealth/audit/hypotheses/H01/H01_analysis_preparation.html",TRUE,"cb13-5",TRUE,FALSE,FALSE,TRUE
"","#cb13-6","/Users/zauner/Documents/Arbeit/12-TUM/MeLiDos/WP2.2.5_Data_Analysis/ZaunerEtAl_bioRxiv_2026/_build/nathealth/audit/hypotheses/H01/H01_analysis_preparation.html",TRUE,"cb13-6",TRUE,FALSE,FALSE,TRUE
"","#cb13-7","/Users/zauner/Documents/Arbeit/12-TUM/MeLiDos/WP2.2.5_Data_Analysis/ZaunerEtAl_bioRxiv_2026/_build/nathealth/audit/hypotheses/H01/H01_analysis_preparation.html",TRUE,"cb13-7",TRUE,FALSE,FALSE,TRUE
"","#cb13-8","/Users/zauner/Documents/Arbeit/12-TUM/MeLiDos/WP2.2.5_Data_Analysis/ZaunerEtAl_bioRxiv_2026/_build/nathealth/audit/hypotheses/H01/H01_analysis_preparation.html",TRUE,"cb13-8",TRUE,FALSE,FALSE,TRUE
"","#cb13-9","/Users/zauner/Documents/Arbeit/12-TUM/MeLiDos/WP2.2.5_Data_Analysis/ZaunerEtAl_bioRxiv_2026/_build/nathealth/audit/hypotheses/H01/H01_analysis_preparation.html",TRUE,"cb13-9",TRUE,FALSE,FALSE,TRUE
"","#cb13-10","/Users/zauner/Documents/Arbeit/12-TUM/MeLiDos/WP2.2.5_Data_Analysis/ZaunerEtAl_bioRxiv_2026/_build/nathealth/audit/hypotheses/H01/H01_analysis_preparation.html",TRUE,"cb13-10",TRUE,FALSE,FALSE,TRUE
"","#cb13-11","/Users/zauner/Documents/Arbeit/12-TUM/MeLiDos/WP2.2.5_Data_Analysis/ZaunerEtAl_bioRxiv_2026/_build/nathealth/audit/hypotheses/H01/H01_analysis_preparation.html",TRUE,"cb13-11",TRUE,FALSE,FALSE,TRUE
"","#cb13-12","/Users/zauner/Documents/Arbeit/12-TUM/MeLiDos/WP2.2.5_Data_Analysis/ZaunerEtAl_bioRxiv_2026/_build/nathealth/audit/hypotheses/H01/H01_analysis_preparation.html",TRUE,"cb13-12",TRUE,FALSE,FALSE,TRUE
"","#cb13-13","/Users/zauner/Documents/Arbeit/12-TUM/MeLiDos/WP2.2.5_Data_Analysis/ZaunerEtAl_bioRxiv_2026/_build/nathealth/audit/hypotheses/H01/H01_analysis_preparation.html",TRUE,"cb13-13",TRUE,FALSE,FALSE,TRUE
"","#cb13-14","/Users/zauner/Documents/Arbeit/12-TUM/MeLiDos/WP2.2.5_Data_Analysis/ZaunerEtAl_bioRxiv_2026/_build/nathealth/audit/hypotheses/H01/H01_analysis_preparation.html",TRUE,"cb13-14",TRUE,FALSE,FALSE,TRUE
"","#cb13-15","/Users/zauner/Documents/Arbeit/12-TUM/MeLiDos/WP2.2.5_Data_Analysis/ZaunerEtAl_bioRxiv_2026/_build/nathealth/audit/hypotheses/H01/H01_analysis_preparation.html",TRUE,"cb13-15",TRUE,FALSE,FALSE,TRUE
"","#cb13-16","/Users/zauner/Documents/Arbeit/12-TUM/MeLiDos/WP2.2.5_Data_Analysis/ZaunerEtAl_bioRxiv_2026/_build/nathealth/audit/hypotheses/H01/H01_analysis_preparation.html",TRUE,"cb13-16",TRUE,FALSE,FALSE,TRUE
"","#cb14-1","/Users/zauner/Documents/Arbeit/12-TUM/MeLiDos/WP2.2.5_Data_Analysis/ZaunerEtAl_bioRxiv_2026/_build/nathealth/audit/hypotheses/H01/H01_analysis_preparation.html",TRUE,"cb14-1",TRUE,FALSE,FALSE,TRUE
"","#cb14-2","/Users/zauner/Documents/Arbeit/12-TUM/MeLiDos/WP2.2.5_Data_Analysis/ZaunerEtAl_bioRxiv_2026/_build/nathealth/audit/hypotheses/H01/H01_analysis_preparation.html",TRUE,"cb14-2",TRUE,FALSE,FALSE,TRUE
"","#cb14-3","/Users/zauner/Documents/Arbeit/12-TUM/MeLiDos/WP2.2.5_Data_Analysis/ZaunerEtAl_bioRxiv_2026/_build/nathealth/audit/hypotheses/H01/H01_analysis_preparation.html",TRUE,"cb14-3",TRUE,FALSE,FALSE,TRUE
"","#cb14-4","/Users/zauner/Documents/Arbeit/12-TUM/MeLiDos/WP2.2.5_Data_Analysis/ZaunerEtAl_bioRxiv_2026/_build/nathealth/audit/hypotheses/H01/H01_analysis_preparation.html",TRUE,"cb14-4",TRUE,FALSE,FALSE,TRUE
"","#cb14-5","/Users/zauner/Documents/Arbeit/12-TUM/MeLiDos/WP2.2.5_Data_Analysis/ZaunerEtAl_bioRxiv_2026/_build/nathealth/audit/hypotheses/H01/H01_analysis_preparation.html",TRUE,"cb14-5",TRUE,FALSE,FALSE,TRUE
"","#cb14-6","/Users/zauner/Documents/Arbeit/12-TUM/MeLiDos/WP2.2.5_Data_Analysis/ZaunerEtAl_bioRxiv_2026/_build/nathealth/audit/hypotheses/H01/H01_analysis_preparation.html",TRUE,"cb14-6",TRUE,FALSE,FALSE,TRUE
"","#cb14-7","/Users/zauner/Documents/Arbeit/12-TUM/MeLiDos/WP2.2.5_Data_Analysis/ZaunerEtAl_bioRxiv_2026/_build/nathealth/audit/hypotheses/H01/H01_analysis_preparation.html",TRUE,"cb14-7",TRUE,FALSE,FALSE,TRUE
"","#cb14-8","/Users/zauner/Documents/Arbeit/12-TUM/MeLiDos/WP2.2.5_Data_Analysis/ZaunerEtAl_bioRxiv_2026/_build/nathealth/audit/hypotheses/H01/H01_analysis_preparation.html",TRUE,"cb14-8",TRUE,FALSE,FALSE,TRUE
"","#cb14-9","/Users/zauner/Documents/Arbeit/12-TUM/MeLiDos/WP2.2.5_Data_Analysis/ZaunerEtAl_bioRxiv_2026/_build/nathealth/audit/hypotheses/H01/H01_analysis_preparation.html",TRUE,"cb14-9",TRUE,FALSE,FALSE,TRUE
"","#cb14-10","/Users/zauner/Documents/Arbeit/12-TUM/MeLiDos/WP2.2.5_Data_Analysis/ZaunerEtAl_bioRxiv_2026/_build/nathealth/audit/hypotheses/H01/H01_analysis_preparation.html",TRUE,"cb14-10",TRUE,FALSE,FALSE,TRUE
"","#cb14-11","/Users/zauner/Documents/Arbeit/12-TUM/MeLiDos/WP2.2.5_Data_Analysis/ZaunerEtAl_bioRxiv_2026/_build/nathealth/audit/hypotheses/H01/H01_analysis_preparation.html",TRUE,"cb14-11",TRUE,FALSE,FALSE,TRUE
"","#cb14-12","/Users/zauner/Documents/Arbeit/12-TUM/MeLiDos/WP2.2.5_Data_Analysis/ZaunerEtAl_bioRxiv_2026/_build/nathealth/audit/hypotheses/H01/H01_analysis_preparation.html",TRUE,"cb14-12",TRUE,FALSE,FALSE,TRUE
"","#cb14-13","/Users/zauner/Documents/Arbeit/12-TUM/MeLiDos/WP2.2.5_Data_Analysis/ZaunerEtAl_bioRxiv_2026/_build/nathealth/audit/hypotheses/H01/H01_analysis_preparation.html",TRUE,"cb14-13",TRUE,FALSE,FALSE,TRUE
"","#cb14-14","/Users/zauner/Documents/Arbeit/12-TUM/MeLiDos/WP2.2.5_Data_Analysis/ZaunerEtAl_bioRxiv_2026/_build/nathealth/audit/hypotheses/H01/H01_analysis_preparation.html",TRUE,"cb14-14",TRUE,FALSE,FALSE,TRUE
"","#cb14-15","/Users/zauner/Documents/Arbeit/12-TUM/MeLiDos/WP2.2.5_Data_Analysis/ZaunerEtAl_bioRxiv_2026/_build/nathealth/audit/hypotheses/H01/H01_analysis_preparation.html",TRUE,"cb14-15",TRUE,FALSE,FALSE,TRUE
"","#cb14-16","/Users/zauner/Documents/Arbeit/12-TUM/MeLiDos/WP2.2.5_Data_Analysis/ZaunerEtAl_bioRxiv_2026/_build/nathealth/audit/hypotheses/H01/H01_analysis_preparation.html",TRUE,"cb14-16",TRUE,FALSE,FALSE,TRUE
"","#cb14-17","/Users/zauner/Documents/Arbeit/12-TUM/MeLiDos/WP2.2.5_Data_Analysis/ZaunerEtAl_bioRxiv_2026/_build/nathealth/audit/hypotheses/H01/H01_analysis_preparation.html",TRUE,"cb14-17",TRUE,FALSE,FALSE,TRUE
"","#cb14-18","/Users/zauner/Documents/Arbeit/12-TUM/MeLiDos/WP2.2.5_Data_Analysis/ZaunerEtAl_bioRxiv_2026/_build/nathealth/audit/hypotheses/H01/H01_analysis_preparation.html",TRUE,"cb14-18",TRUE,FALSE,FALSE,TRUE
"","#cb14-19","/Users/zauner/Documents/Arbeit/12-TUM/MeLiDos/WP2.2.5_Data_Analysis/ZaunerEtAl_bioRxiv_2026/_build/nathealth/audit/hypotheses/H01/H01_analysis_preparation.html",TRUE,"cb14-19",TRUE,FALSE,FALSE,TRUE
"","#cb15-1","/Users/zauner/Documents/Arbeit/12-TUM/MeLiDos/WP2.2.5_Data_Analysis/ZaunerEtAl_bioRxiv_2026/_build/nathealth/audit/hypotheses/H01/H01_analysis_preparation.html",TRUE,"cb15-1",TRUE,FALSE,FALSE,TRUE
"","#cb15-2","/Users/zauner/Documents/Arbeit/12-TUM/MeLiDos/WP2.2.5_Data_Analysis/ZaunerEtAl_bioRxiv_2026/_build/nathealth/audit/hypotheses/H01/H01_analysis_preparation.html",TRUE,"cb15-2",TRUE,FALSE,FALSE,TRUE
"","#cb15-3","/Users/zauner/Documents/Arbeit/12-TUM/MeLiDos/WP2.2.5_Data_Analysis/ZaunerEtAl_bioRxiv_2026/_build/nathealth/audit/hypotheses/H01/H01_analysis_preparation.html",TRUE,"cb15-3",TRUE,FALSE,FALSE,TRUE
"","#cb15-4","/Users/zauner/Documents/Arbeit/12-TUM/MeLiDos/WP2.2.5_Data_Analysis/ZaunerEtAl_bioRxiv_2026/_build/nathealth/audit/hypotheses/H01/H01_analysis_preparation.html",TRUE,"cb15-4",TRUE,FALSE,FALSE,TRUE
"","#cb15-5","/Users/zauner/Documents/Arbeit/12-TUM/MeLiDos/WP2.2.5_Data_Analysis/ZaunerEtAl_bioRxiv_2026/_build/nathealth/audit/hypotheses/H01/H01_analysis_preparation.html",TRUE,"cb15-5",TRUE,FALSE,FALSE,TRUE
"","#cb15-6","/Users/zauner/Documents/Arbeit/12-TUM/MeLiDos/WP2.2.5_Data_Analysis/ZaunerEtAl_bioRxiv_2026/_build/nathealth/audit/hypotheses/H01/H01_analysis_preparation.html",TRUE,"cb15-6",TRUE,FALSE,FALSE,TRUE
"","#cb15-7","/Users/zauner/Documents/Arbeit/12-TUM/MeLiDos/WP2.2.5_Data_Analysis/ZaunerEtAl_bioRxiv_2026/_build/nathealth/audit/hypotheses/H01/H01_analysis_preparation.html",TRUE,"cb15-7",TRUE,FALSE,FALSE,TRUE
"","#cb15-8","/Users/zauner/Documents/Arbeit/12-TUM/MeLiDos/WP2.2.5_Data_Analysis/ZaunerEtAl_bioRxiv_2026/_build/nathealth/audit/hypotheses/H01/H01_analysis_preparation.html",TRUE,"cb15-8",TRUE,FALSE,FALSE,TRUE
"","#cb15-9","/Users/zauner/Documents/Arbeit/12-TUM/MeLiDos/WP2.2.5_Data_Analysis/ZaunerEtAl_bioRxiv_2026/_build/nathealth/audit/hypotheses/H01/H01_analysis_preparation.html",TRUE,"cb15-9",TRUE,FALSE,FALSE,TRUE
"","#cb15-10","/Users/zauner/Documents/Arbeit/12-TUM/MeLiDos/WP2.2.5_Data_Analysis/ZaunerEtAl_bioRxiv_2026/_build/nathealth/audit/hypotheses/H01/H01_analysis_preparation.html",TRUE,"cb15-10",TRUE,FALSE,FALSE,TRUE
"","#cb15-11","/Users/zauner/Documents/Arbeit/12-TUM/MeLiDos/WP2.2.5_Data_Analysis/ZaunerEtAl_bioRxiv_2026/_build/nathealth/audit/hypotheses/H01/H01_analysis_preparation.html",TRUE,"cb15-11",TRUE,FALSE,FALSE,TRUE
"","#cb15-12","/Users/zauner/Documents/Arbeit/12-TUM/MeLiDos/WP2.2.5_Data_Analysis/ZaunerEtAl_bioRxiv_2026/_build/nathealth/audit/hypotheses/H01/H01_analysis_preparation.html",TRUE,"cb15-12",TRUE,FALSE,FALSE,TRUE
"","#cb15-13","/Users/zauner/Documents/Arbeit/12-TUM/MeLiDos/WP2.2.5_Data_Analysis/ZaunerEtAl_bioRxiv_2026/_build/nathealth/audit/hypotheses/H01/H01_analysis_preparation.html",TRUE,"cb15-13",TRUE,FALSE,FALSE,TRUE
"","#cb15-14","/Users/zauner/Documents/Arbeit/12-TUM/MeLiDos/WP2.2.5_Data_Analysis/ZaunerEtAl_bioRxiv_2026/_build/nathealth/audit/hypotheses/H01/H01_analysis_preparation.html",TRUE,"cb15-14",TRUE,FALSE,FALSE,TRUE
"","#cb15-15","/Users/zauner/Documents/Arbeit/12-TUM/MeLiDos/WP2.2.5_Data_Analysis/ZaunerEtAl_bioRxiv_2026/_build/nathealth/audit/hypotheses/H01/H01_analysis_preparation.html",TRUE,"cb15-15",TRUE,FALSE,FALSE,TRUE
"","#cb15-16","/Users/zauner/Documents/Arbeit/12-TUM/MeLiDos/WP2.2.5_Data_Analysis/ZaunerEtAl_bioRxiv_2026/_build/nathealth/audit/hypotheses/H01/H01_analysis_preparation.html",TRUE,"cb15-16",TRUE,FALSE,FALSE,TRUE
"","#cb15-17","/Users/zauner/Documents/Arbeit/12-TUM/MeLiDos/WP2.2.5_Data_Analysis/ZaunerEtAl_bioRxiv_2026/_build/nathealth/audit/hypotheses/H01/H01_analysis_preparation.html",TRUE,"cb15-17",TRUE,FALSE,FALSE,TRUE
"","#cb15-18","/Users/zauner/Documents/Arbeit/12-TUM/MeLiDos/WP2.2.5_Data_Analysis/ZaunerEtAl_bioRxiv_2026/_build/nathealth/audit/hypotheses/H01/H01_analysis_preparation.html",TRUE,"cb15-18",TRUE,FALSE,FALSE,TRUE
"","#cb16-1","/Users/zauner/Documents/Arbeit/12-TUM/MeLiDos/WP2.2.5_Data_Analysis/ZaunerEtAl_bioRxiv_2026/_build/nathealth/audit/hypotheses/H01/H01_analysis_preparation.html",TRUE,"cb16-1",TRUE,FALSE,FALSE,TRUE
"","#cb16-2","/Users/zauner/Documents/Arbeit/12-TUM/MeLiDos/WP2.2.5_Data_Analysis/ZaunerEtAl_bioRxiv_2026/_build/nathealth/audit/hypotheses/H01/H01_analysis_preparation.html",TRUE,"cb16-2",TRUE,FALSE,FALSE,TRUE
"","#cb16-3","/Users/zauner/Documents/Arbeit/12-TUM/MeLiDos/WP2.2.5_Data_Analysis/ZaunerEtAl_bioRxiv_2026/_build/nathealth/audit/hypotheses/H01/H01_analysis_preparation.html",TRUE,"cb16-3",TRUE,FALSE,FALSE,TRUE
"","#cb16-4","/Users/zauner/Documents/Arbeit/12-TUM/MeLiDos/WP2.2.5_Data_Analysis/ZaunerEtAl_bioRxiv_2026/_build/nathealth/audit/hypotheses/H01/H01_analysis_preparation.html",TRUE,"cb16-4",TRUE,FALSE,FALSE,TRUE
"","#cb16-5","/Users/zauner/Documents/Arbeit/12-TUM/MeLiDos/WP2.2.5_Data_Analysis/ZaunerEtAl_bioRxiv_2026/_build/nathealth/audit/hypotheses/H01/H01_analysis_preparation.html",TRUE,"cb16-5",TRUE,FALSE,FALSE,TRUE
"","#cb16-6","/Users/zauner/Documents/Arbeit/12-TUM/MeLiDos/WP2.2.5_Data_Analysis/ZaunerEtAl_bioRxiv_2026/_build/nathealth/audit/hypotheses/H01/H01_analysis_preparation.html",TRUE,"cb16-6",TRUE,FALSE,FALSE,TRUE
"","#cb16-7","/Users/zauner/Documents/Arbeit/12-TUM/MeLiDos/WP2.2.5_Data_Analysis/ZaunerEtAl_bioRxiv_2026/_build/nathealth/audit/hypotheses/H01/H01_analysis_preparation.html",TRUE,"cb16-7",TRUE,FALSE,FALSE,TRUE
"","#cb16-8","/Users/zauner/Documents/Arbeit/12-TUM/MeLiDos/WP2.2.5_Data_Analysis/ZaunerEtAl_bioRxiv_2026/_build/nathealth/audit/hypotheses/H01/H01_analysis_preparation.html",TRUE,"cb16-8",TRUE,FALSE,FALSE,TRUE
"","#cb16-9","/Users/zauner/Documents/Arbeit/12-TUM/MeLiDos/WP2.2.5_Data_Analysis/ZaunerEtAl_bioRxiv_2026/_build/nathealth/audit/hypotheses/H01/H01_analysis_preparation.html",TRUE,"cb16-9",TRUE,FALSE,FALSE,TRUE
"","#cb16-10","/Users/zauner/Documents/Arbeit/12-TUM/MeLiDos/WP2.2.5_Data_Analysis/ZaunerEtAl_bioRxiv_2026/_build/nathealth/audit/hypotheses/H01/H01_analysis_preparation.html",TRUE,"cb16-10",TRUE,FALSE,FALSE,TRUE
"","#cb16-11","/Users/zauner/Documents/Arbeit/12-TUM/MeLiDos/WP2.2.5_Data_Analysis/ZaunerEtAl_bioRxiv_2026/_build/nathealth/audit/hypotheses/H01/H01_analysis_preparation.html",TRUE,"cb16-11",TRUE,FALSE,FALSE,TRUE
"","#cb16-12","/Users/zauner/Documents/Arbeit/12-TUM/MeLiDos/WP2.2.5_Data_Analysis/ZaunerEtAl_bioRxiv_2026/_build/nathealth/audit/hypotheses/H01/H01_analysis_preparation.html",TRUE,"cb16-12",TRUE,FALSE,FALSE,TRUE
"","#cb16-13","/Users/zauner/Documents/Arbeit/12-TUM/MeLiDos/WP2.2.5_Data_Analysis/ZaunerEtAl_bioRxiv_2026/_build/nathealth/audit/hypotheses/H01/H01_analysis_preparation.html",TRUE,"cb16-13",TRUE,FALSE,FALSE,TRUE
"","#cb16-14","/Users/zauner/Documents/Arbeit/12-TUM/MeLiDos/WP2.2.5_Data_Analysis/ZaunerEtAl_bioRxiv_2026/_build/nathealth/audit/hypotheses/H01/H01_analysis_preparation.html",TRUE,"cb16-14",TRUE,FALSE,FALSE,TRUE
"","#cb16-15","/Users/zauner/Documents/Arbeit/12-TUM/MeLiDos/WP2.2.5_Data_Analysis/ZaunerEtAl_bioRxiv_2026/_build/nathealth/audit/hypotheses/H01/H01_analysis_preparation.html",TRUE,"cb16-15",TRUE,FALSE,FALSE,TRUE
"","#cb16-16","/Users/zauner/Documents/Arbeit/12-TUM/MeLiDos/WP2.2.5_Data_Analysis/ZaunerEtAl_bioRxiv_2026/_build/nathealth/audit/hypotheses/H01/H01_analysis_preparation.html",TRUE,"cb16-16",TRUE,FALSE,FALSE,TRUE
"","#cb16-17","/Users/zauner/Documents/Arbeit/12-TUM/MeLiDos/WP2.2.5_Data_Analysis/ZaunerEtAl_bioRxiv_2026/_build/nathealth/audit/hypotheses/H01/H01_analysis_preparation.html",TRUE,"cb16-17",TRUE,FALSE,FALSE,TRUE
"","#cb16-18","/Users/zauner/Documents/Arbeit/12-TUM/MeLiDos/WP2.2.5_Data_Analysis/ZaunerEtAl_bioRxiv_2026/_build/nathealth/audit/hypotheses/H01/H01_analysis_preparation.html",TRUE,"cb16-18",TRUE,FALSE,FALSE,TRUE
"","#cb17-1","/Users/zauner/Documents/Arbeit/12-TUM/MeLiDos/WP2.2.5_Data_Analysis/ZaunerEtAl_bioRxiv_2026/_build/nathealth/audit/hypotheses/H01/H01_analysis_preparation.html",TRUE,"cb17-1",TRUE,FALSE,FALSE,TRUE
"","#cb17-2","/Users/zauner/Documents/Arbeit/12-TUM/MeLiDos/WP2.2.5_Data_Analysis/ZaunerEtAl_bioRxiv_2026/_build/nathealth/audit/hypotheses/H01/H01_analysis_preparation.html",TRUE,"cb17-2",TRUE,FALSE,FALSE,TRUE
"","#cb17-3","/Users/zauner/Documents/Arbeit/12-TUM/MeLiDos/WP2.2.5_Data_Analysis/ZaunerEtAl_bioRxiv_2026/_build/nathealth/audit/hypotheses/H01/H01_analysis_preparation.html",TRUE,"cb17-3",TRUE,FALSE,FALSE,TRUE
"","#cb17-4","/Users/zauner/Documents/Arbeit/12-TUM/MeLiDos/WP2.2.5_Data_Analysis/ZaunerEtAl_bioRxiv_2026/_build/nathealth/audit/hypotheses/H01/H01_analysis_preparation.html",TRUE,"cb17-4",TRUE,FALSE,FALSE,TRUE
"","#cb17-5","/Users/zauner/Documents/Arbeit/12-TUM/MeLiDos/WP2.2.5_Data_Analysis/ZaunerEtAl_bioRxiv_2026/_build/nathealth/audit/hypotheses/H01/H01_analysis_preparation.html",TRUE,"cb17-5",TRUE,FALSE,FALSE,TRUE
"","#cb17-6","/Users/zauner/Documents/Arbeit/12-TUM/MeLiDos/WP2.2.5_Data_Analysis/ZaunerEtAl_bioRxiv_2026/_build/nathealth/audit/hypotheses/H01/H01_analysis_preparation.html",TRUE,"cb17-6",TRUE,FALSE,FALSE,TRUE
"","#cb17-7","/Users/zauner/Documents/Arbeit/12-TUM/MeLiDos/WP2.2.5_Data_Analysis/ZaunerEtAl_bioRxiv_2026/_build/nathealth/audit/hypotheses/H01/H01_analysis_preparation.html",TRUE,"cb17-7",TRUE,FALSE,FALSE,TRUE
"","#cb17-8","/Users/zauner/Documents/Arbeit/12-TUM/MeLiDos/WP2.2.5_Data_Analysis/ZaunerEtAl_bioRxiv_2026/_build/nathealth/audit/hypotheses/H01/H01_analysis_preparation.html",TRUE,"cb17-8",TRUE,FALSE,FALSE,TRUE
"","#cb17-9","/Users/zauner/Documents/Arbeit/12-TUM/MeLiDos/WP2.2.5_Data_Analysis/ZaunerEtAl_bioRxiv_2026/_build/nathealth/audit/hypotheses/H01/H01_analysis_preparation.html",TRUE,"cb17-9",TRUE,FALSE,FALSE,TRUE
"","#cb17-10","/Users/zauner/Documents/Arbeit/12-TUM/MeLiDos/WP2.2.5_Data_Analysis/ZaunerEtAl_bioRxiv_2026/_build/nathealth/audit/hypotheses/H01/H01_analysis_preparation.html",TRUE,"cb17-10",TRUE,FALSE,FALSE,TRUE
"","#cb17-11","/Users/zauner/Documents/Arbeit/12-TUM/MeLiDos/WP2.2.5_Data_Analysis/ZaunerEtAl_bioRxiv_2026/_build/nathealth/audit/hypotheses/H01/H01_analysis_preparation.html",TRUE,"cb17-11",TRUE,FALSE,FALSE,TRUE
"","#cb17-12","/Users/zauner/Documents/Arbeit/12-TUM/MeLiDos/WP2.2.5_Data_Analysis/ZaunerEtAl_bioRxiv_2026/_build/nathealth/audit/hypotheses/H01/H01_analysis_preparation.html",TRUE,"cb17-12",TRUE,FALSE,FALSE,TRUE
"","#cb17-13","/Users/zauner/Documents/Arbeit/12-TUM/MeLiDos/WP2.2.5_Data_Analysis/ZaunerEtAl_bioRxiv_2026/_build/nathealth/audit/hypotheses/H01/H01_analysis_preparation.html",TRUE,"cb17-13",TRUE,FALSE,FALSE,TRUE
"","#cb17-14","/Users/zauner/Documents/Arbeit/12-TUM/MeLiDos/WP2.2.5_Data_Analysis/ZaunerEtAl_bioRxiv_2026/_build/nathealth/audit/hypotheses/H01/H01_analysis_preparation.html",TRUE,"cb17-14",TRUE,FALSE,FALSE,TRUE
"","#cb17-15","/Users/zauner/Documents/Arbeit/12-TUM/MeLiDos/WP2.2.5_Data_Analysis/ZaunerEtAl_bioRxiv_2026/_build/nathealth/audit/hypotheses/H01/H01_analysis_preparation.html",TRUE,"cb17-15",TRUE,FALSE,FALSE,TRUE
"","#cb17-16","/Users/zauner/Documents/Arbeit/12-TUM/MeLiDos/WP2.2.5_Data_Analysis/ZaunerEtAl_bioRxiv_2026/_build/nathealth/audit/hypotheses/H01/H01_analysis_preparation.html",TRUE,"cb17-16",TRUE,FALSE,FALSE,TRUE
"","#cb17-17","/Users/zauner/Documents/Arbeit/12-TUM/MeLiDos/WP2.2.5_Data_Analysis/ZaunerEtAl_bioRxiv_2026/_build/nathealth/audit/hypotheses/H01/H01_analysis_preparation.html",TRUE,"cb17-17",TRUE,FALSE,FALSE,TRUE
"","#cb17-18","/Users/zauner/Documents/Arbeit/12-TUM/MeLiDos/WP2.2.5_Data_Analysis/ZaunerEtAl_bioRxiv_2026/_build/nathealth/audit/hypotheses/H01/H01_analysis_preparation.html",TRUE,"cb17-18",TRUE,FALSE,FALSE,TRUE
"","#cb17-19","/Users/zauner/Documents/Arbeit/12-TUM/MeLiDos/WP2.2.5_Data_Analysis/ZaunerEtAl_bioRxiv_2026/_build/nathealth/audit/hypotheses/H01/H01_analysis_preparation.html",TRUE,"cb17-19",TRUE,FALSE,FALSE,TRUE
"","#cb17-20","/Users/zauner/Documents/Arbeit/12-TUM/MeLiDos/WP2.2.5_Data_Analysis/ZaunerEtAl_bioRxiv_2026/_build/nathealth/audit/hypotheses/H01/H01_analysis_preparation.html",TRUE,"cb17-20",TRUE,FALSE,FALSE,TRUE
"","#cb17-21","/Users/zauner/Documents/Arbeit/12-TUM/MeLiDos/WP2.2.5_Data_Analysis/ZaunerEtAl_bioRxiv_2026/_build/nathealth/audit/hypotheses/H01/H01_analysis_preparation.html",TRUE,"cb17-21",TRUE,FALSE,FALSE,TRUE
"","#cb17-22","/Users/zauner/Documents/Arbeit/12-TUM/MeLiDos/WP2.2.5_Data_Analysis/ZaunerEtAl_bioRxiv_2026/_build/nathealth/audit/hypotheses/H01/H01_analysis_preparation.html",TRUE,"cb17-22",TRUE,FALSE,FALSE,TRUE
"","#cb17-23","/Users/zauner/Documents/Arbeit/12-TUM/MeLiDos/WP2.2.5_Data_Analysis/ZaunerEtAl_bioRxiv_2026/_build/nathealth/audit/hypotheses/H01/H01_analysis_preparation.html",TRUE,"cb17-23",TRUE,FALSE,FALSE,TRUE
"","#cb17-24","/Users/zauner/Documents/Arbeit/12-TUM/MeLiDos/WP2.2.5_Data_Analysis/ZaunerEtAl_bioRxiv_2026/_build/nathealth/audit/hypotheses/H01/H01_analysis_preparation.html",TRUE,"cb17-24",TRUE,FALSE,FALSE,TRUE
"","#cb17-25","/Users/zauner/Documents/Arbeit/12-TUM/MeLiDos/WP2.2.5_Data_Analysis/ZaunerEtAl_bioRxiv_2026/_build/nathealth/audit/hypotheses/H01/H01_analysis_preparation.html",TRUE,"cb17-25",TRUE,FALSE,FALSE,TRUE
"","#cb17-26","/Users/zauner/Documents/Arbeit/12-TUM/MeLiDos/WP2.2.5_Data_Analysis/ZaunerEtAl_bioRxiv_2026/_build/nathealth/audit/hypotheses/H01/H01_analysis_preparation.html",TRUE,"cb17-26",TRUE,FALSE,FALSE,TRUE
"","#cb17-27","/Users/zauner/Documents/Arbeit/12-TUM/MeLiDos/WP2.2.5_Data_Analysis/ZaunerEtAl_bioRxiv_2026/_build/nathealth/audit/hypotheses/H01/H01_analysis_preparation.html",TRUE,"cb17-27",TRUE,FALSE,FALSE,TRUE
"","#cb17-28","/Users/zauner/Documents/Arbeit/12-TUM/MeLiDos/WP2.2.5_Data_Analysis/ZaunerEtAl_bioRxiv_2026/_build/nathealth/audit/hypotheses/H01/H01_analysis_preparation.html",TRUE,"cb17-28",TRUE,FALSE,FALSE,TRUE
"","#cb17-29","/Users/zauner/Documents/Arbeit/12-TUM/MeLiDos/WP2.2.5_Data_Analysis/ZaunerEtAl_bioRxiv_2026/_build/nathealth/audit/hypotheses/H01/H01_analysis_preparation.html",TRUE,"cb17-29",TRUE,FALSE,FALSE,TRUE
"","#cb17-30","/Users/zauner/Documents/Arbeit/12-TUM/MeLiDos/WP2.2.5_Data_Analysis/ZaunerEtAl_bioRxiv_2026/_build/nathealth/audit/hypotheses/H01/H01_analysis_preparation.html",TRUE,"cb17-30",TRUE,FALSE,FALSE,TRUE
"","#cb17-31","/Users/zauner/Documents/Arbeit/12-TUM/MeLiDos/WP2.2.5_Data_Analysis/ZaunerEtAl_bioRxiv_2026/_build/nathealth/audit/hypotheses/H01/H01_analysis_preparation.html",TRUE,"cb17-31",TRUE,FALSE,FALSE,TRUE
"","#cb17-32","/Users/zauner/Documents/Arbeit/12-TUM/MeLiDos/WP2.2.5_Data_Analysis/ZaunerEtAl_bioRxiv_2026/_build/nathealth/audit/hypotheses/H01/H01_analysis_preparation.html",TRUE,"cb17-32",TRUE,FALSE,FALSE,TRUE
"","#cb17-33","/Users/zauner/Documents/Arbeit/12-TUM/MeLiDos/WP2.2.5_Data_Analysis/ZaunerEtAl_bioRxiv_2026/_build/nathealth/audit/hypotheses/H01/H01_analysis_preparation.html",TRUE,"cb17-33",TRUE,FALSE,FALSE,TRUE
"","#cb17-34","/Users/zauner/Documents/Arbeit/12-TUM/MeLiDos/WP2.2.5_Data_Analysis/ZaunerEtAl_bioRxiv_2026/_build/nathealth/audit/hypotheses/H01/H01_analysis_preparation.html",TRUE,"cb17-34",TRUE,FALSE,FALSE,TRUE
"","#cb17-35","/Users/zauner/Documents/Arbeit/12-TUM/MeLiDos/WP2.2.5_Data_Analysis/ZaunerEtAl_bioRxiv_2026/_build/nathealth/audit/hypotheses/H01/H01_analysis_preparation.html",TRUE,"cb17-35",TRUE,FALSE,FALSE,TRUE
"","#cb17-36","/Users/zauner/Documents/Arbeit/12-TUM/MeLiDos/WP2.2.5_Data_Analysis/ZaunerEtAl_bioRxiv_2026/_build/nathealth/audit/hypotheses/H01/H01_analysis_preparation.html",TRUE,"cb17-36",TRUE,FALSE,FALSE,TRUE
"","#cb17-37","/Users/zauner/Documents/Arbeit/12-TUM/MeLiDos/WP2.2.5_Data_Analysis/ZaunerEtAl_bioRxiv_2026/_build/nathealth/audit/hypotheses/H01/H01_analysis_preparation.html",TRUE,"cb17-37",TRUE,FALSE,FALSE,TRUE
"","#cb17-38","/Users/zauner/Documents/Arbeit/12-TUM/MeLiDos/WP2.2.5_Data_Analysis/ZaunerEtAl_bioRxiv_2026/_build/nathealth/audit/hypotheses/H01/H01_analysis_preparation.html",TRUE,"cb17-38",TRUE,FALSE,FALSE,TRUE
"","#cb17-39","/Users/zauner/Documents/Arbeit/12-TUM/MeLiDos/WP2.2.5_Data_Analysis/ZaunerEtAl_bioRxiv_2026/_build/nathealth/audit/hypotheses/H01/H01_analysis_preparation.html",TRUE,"cb17-39",TRUE,FALSE,FALSE,TRUE
"","#cb17-40","/Users/zauner/Documents/Arbeit/12-TUM/MeLiDos/WP2.2.5_Data_Analysis/ZaunerEtAl_bioRxiv_2026/_build/nathealth/audit/hypotheses/H01/H01_analysis_preparation.html",TRUE,"cb17-40",TRUE,FALSE,FALSE,TRUE
"","#cb17-41","/Users/zauner/Documents/Arbeit/12-TUM/MeLiDos/WP2.2.5_Data_Analysis/ZaunerEtAl_bioRxiv_2026/_build/nathealth/audit/hypotheses/H01/H01_analysis_preparation.html",TRUE,"cb17-41",TRUE,FALSE,FALSE,TRUE
"","#cb17-42","/Users/zauner/Documents/Arbeit/12-TUM/MeLiDos/WP2.2.5_Data_Analysis/ZaunerEtAl_bioRxiv_2026/_build/nathealth/audit/hypotheses/H01/H01_analysis_preparation.html",TRUE,"cb17-42",TRUE,FALSE,FALSE,TRUE
"","#cb17-43","/Users/zauner/Documents/Arbeit/12-TUM/MeLiDos/WP2.2.5_Data_Analysis/ZaunerEtAl_bioRxiv_2026/_build/nathealth/audit/hypotheses/H01/H01_analysis_preparation.html",TRUE,"cb17-43",TRUE,FALSE,FALSE,TRUE
"","#cb17-44","/Users/zauner/Documents/Arbeit/12-TUM/MeLiDos/WP2.2.5_Data_Analysis/ZaunerEtAl_bioRxiv_2026/_build/nathealth/audit/hypotheses/H01/H01_analysis_preparation.html",TRUE,"cb17-44",TRUE,FALSE,FALSE,TRUE
"","#cb17-45","/Users/zauner/Documents/Arbeit/12-TUM/MeLiDos/WP2.2.5_Data_Analysis/ZaunerEtAl_bioRxiv_2026/_build/nathealth/audit/hypotheses/H01/H01_analysis_preparation.html",TRUE,"cb17-45",TRUE,FALSE,FALSE,TRUE
"","#cb17-46","/Users/zauner/Documents/Arbeit/12-TUM/MeLiDos/WP2.2.5_Data_Analysis/ZaunerEtAl_bioRxiv_2026/_build/nathealth/audit/hypotheses/H01/H01_analysis_preparation.html",TRUE,"cb17-46",TRUE,FALSE,FALSE,TRUE
"","#cb17-47","/Users/zauner/Documents/Arbeit/12-TUM/MeLiDos/WP2.2.5_Data_Analysis/ZaunerEtAl_bioRxiv_2026/_build/nathealth/audit/hypotheses/H01/H01_analysis_preparation.html",TRUE,"cb17-47",TRUE,FALSE,FALSE,TRUE
"","#cb17-48","/Users/zauner/Documents/Arbeit/12-TUM/MeLiDos/WP2.2.5_Data_Analysis/ZaunerEtAl_bioRxiv_2026/_build/nathealth/audit/hypotheses/H01/H01_analysis_preparation.html",TRUE,"cb17-48",TRUE,FALSE,FALSE,TRUE
"","#cb17-49","/Users/zauner/Documents/Arbeit/12-TUM/MeLiDos/WP2.2.5_Data_Analysis/ZaunerEtAl_bioRxiv_2026/_build/nathealth/audit/hypotheses/H01/H01_analysis_preparation.html",TRUE,"cb17-49",TRUE,FALSE,FALSE,TRUE
"","#cb17-50","/Users/zauner/Documents/Arbeit/12-TUM/MeLiDos/WP2.2.5_Data_Analysis/ZaunerEtAl_bioRxiv_2026/_build/nathealth/audit/hypotheses/H01/H01_analysis_preparation.html",TRUE,"cb17-50",TRUE,FALSE,FALSE,TRUE
"","#cb17-51","/Users/zauner/Documents/Arbeit/12-TUM/MeLiDos/WP2.2.5_Data_Analysis/ZaunerEtAl_bioRxiv_2026/_build/nathealth/audit/hypotheses/H01/H01_analysis_preparation.html",TRUE,"cb17-51",TRUE,FALSE,FALSE,TRUE
"","#cb17-52","/Users/zauner/Documents/Arbeit/12-TUM/MeLiDos/WP2.2.5_Data_Analysis/ZaunerEtAl_bioRxiv_2026/_build/nathealth/audit/hypotheses/H01/H01_analysis_preparation.html",TRUE,"cb17-52",TRUE,FALSE,FALSE,TRUE
"","#cb17-53","/Users/zauner/Documents/Arbeit/12-TUM/MeLiDos/WP2.2.5_Data_Analysis/ZaunerEtAl_bioRxiv_2026/_build/nathealth/audit/hypotheses/H01/H01_analysis_preparation.html",TRUE,"cb17-53",TRUE,FALSE,FALSE,TRUE
"","#cb17-54","/Users/zauner/Documents/Arbeit/12-TUM/MeLiDos/WP2.2.5_Data_Analysis/ZaunerEtAl_bioRxiv_2026/_build/nathealth/audit/hypotheses/H01/H01_analysis_preparation.html",TRUE,"cb17-54",TRUE,FALSE,FALSE,TRUE
"","#cb17-55","/Users/zauner/Documents/Arbeit/12-TUM/MeLiDos/WP2.2.5_Data_Analysis/ZaunerEtAl_bioRxiv_2026/_build/nathealth/audit/hypotheses/H01/H01_analysis_preparation.html",TRUE,"cb17-55",TRUE,FALSE,FALSE,TRUE
"","#cb17-56","/Users/zauner/Documents/Arbeit/12-TUM/MeLiDos/WP2.2.5_Data_Analysis/ZaunerEtAl_bioRxiv_2026/_build/nathealth/audit/hypotheses/H01/H01_analysis_preparation.html",TRUE,"cb17-56",TRUE,FALSE,FALSE,TRUE
"","#cb17-57","/Users/zauner/Documents/Arbeit/12-TUM/MeLiDos/WP2.2.5_Data_Analysis/ZaunerEtAl_bioRxiv_2026/_build/nathealth/audit/hypotheses/H01/H01_analysis_preparation.html",TRUE,"cb17-57",TRUE,FALSE,FALSE,TRUE
"","#cb17-58","/Users/zauner/Documents/Arbeit/12-TUM/MeLiDos/WP2.2.5_Data_Analysis/ZaunerEtAl_bioRxiv_2026/_build/nathealth/audit/hypotheses/H01/H01_analysis_preparation.html",TRUE,"cb17-58",TRUE,FALSE,FALSE,TRUE
"","#cb17-59","/Users/zauner/Documents/Arbeit/12-TUM/MeLiDos/WP2.2.5_Data_Analysis/ZaunerEtAl_bioRxiv_2026/_build/nathealth/audit/hypotheses/H01/H01_analysis_preparation.html",TRUE,"cb17-59",TRUE,FALSE,FALSE,TRUE
"","#cb17-60","/Users/zauner/Documents/Arbeit/12-TUM/MeLiDos/WP2.2.5_Data_Analysis/ZaunerEtAl_bioRxiv_2026/_build/nathealth/audit/hypotheses/H01/H01_analysis_preparation.html",TRUE,"cb17-60",TRUE,FALSE,FALSE,TRUE
"","#cb17-61","/Users/zauner/Documents/Arbeit/12-TUM/MeLiDos/WP2.2.5_Data_Analysis/ZaunerEtAl_bioRxiv_2026/_build/nathealth/audit/hypotheses/H01/H01_analysis_preparation.html",TRUE,"cb17-61",TRUE,FALSE,FALSE,TRUE
"","#cb17-62","/Users/zauner/Documents/Arbeit/12-TUM/MeLiDos/WP2.2.5_Data_Analysis/ZaunerEtAl_bioRxiv_2026/_build/nathealth/audit/hypotheses/H01/H01_analysis_preparation.html",TRUE,"cb17-62",TRUE,FALSE,FALSE,TRUE
"","#cb17-63","/Users/zauner/Documents/Arbeit/12-TUM/MeLiDos/WP2.2.5_Data_Analysis/ZaunerEtAl_bioRxiv_2026/_build/nathealth/audit/hypotheses/H01/H01_analysis_preparation.html",TRUE,"cb17-63",TRUE,FALSE,FALSE,TRUE
"","#cb17-64","/Users/zauner/Documents/Arbeit/12-TUM/MeLiDos/WP2.2.5_Data_Analysis/ZaunerEtAl_bioRxiv_2026/_build/nathealth/audit/hypotheses/H01/H01_analysis_preparation.html",TRUE,"cb17-64",TRUE,FALSE,FALSE,TRUE
"","#cb18-1","/Users/zauner/Documents/Arbeit/12-TUM/MeLiDos/WP2.2.5_Data_Analysis/ZaunerEtAl_bioRxiv_2026/_build/nathealth/audit/hypotheses/H01/H01_analysis_preparation.html",TRUE,"cb18-1",TRUE,FALSE,FALSE,TRUE
"","#cb18-2","/Users/zauner/Documents/Arbeit/12-TUM/MeLiDos/WP2.2.5_Data_Analysis/ZaunerEtAl_bioRxiv_2026/_build/nathealth/audit/hypotheses/H01/H01_analysis_preparation.html",TRUE,"cb18-2",TRUE,FALSE,FALSE,TRUE
"","#cb18-3","/Users/zauner/Documents/Arbeit/12-TUM/MeLiDos/WP2.2.5_Data_Analysis/ZaunerEtAl_bioRxiv_2026/_build/nathealth/audit/hypotheses/H01/H01_analysis_preparation.html",TRUE,"cb18-3",TRUE,FALSE,FALSE,TRUE
"","#cb18-4","/Users/zauner/Documents/Arbeit/12-TUM/MeLiDos/WP2.2.5_Data_Analysis/ZaunerEtAl_bioRxiv_2026/_build/nathealth/audit/hypotheses/H01/H01_analysis_preparation.html",TRUE,"cb18-4",TRUE,FALSE,FALSE,TRUE
"","#cb18-5","/Users/zauner/Documents/Arbeit/12-TUM/MeLiDos/WP2.2.5_Data_Analysis/ZaunerEtAl_bioRxiv_2026/_build/nathealth/audit/hypotheses/H01/H01_analysis_preparation.html",TRUE,"cb18-5",TRUE,FALSE,FALSE,TRUE
"","#cb18-6","/Users/zauner/Documents/Arbeit/12-TUM/MeLiDos/WP2.2.5_Data_Analysis/ZaunerEtAl_bioRxiv_2026/_build/nathealth/audit/hypotheses/H01/H01_analysis_preparation.html",TRUE,"cb18-6",TRUE,FALSE,FALSE,TRUE
"","#cb18-7","/Users/zauner/Documents/Arbeit/12-TUM/MeLiDos/WP2.2.5_Data_Analysis/ZaunerEtAl_bioRxiv_2026/_build/nathealth/audit/hypotheses/H01/H01_analysis_preparation.html",TRUE,"cb18-7",TRUE,FALSE,FALSE,TRUE
"","#cb18-8","/Users/zauner/Documents/Arbeit/12-TUM/MeLiDos/WP2.2.5_Data_Analysis/ZaunerEtAl_bioRxiv_2026/_build/nathealth/audit/hypotheses/H01/H01_analysis_preparation.html",TRUE,"cb18-8",TRUE,FALSE,FALSE,TRUE
"","#cb18-9","/Users/zauner/Documents/Arbeit/12-TUM/MeLiDos/WP2.2.5_Data_Analysis/ZaunerEtAl_bioRxiv_2026/_build/nathealth/audit/hypotheses/H01/H01_analysis_preparation.html",TRUE,"cb18-9",TRUE,FALSE,FALSE,TRUE
"","#cb18-10","/Users/zauner/Documents/Arbeit/12-TUM/MeLiDos/WP2.2.5_Data_Analysis/ZaunerEtAl_bioRxiv_2026/_build/nathealth/audit/hypotheses/H01/H01_analysis_preparation.html",TRUE,"cb18-10",TRUE,FALSE,FALSE,TRUE
"","#cb18-11","/Users/zauner/Documents/Arbeit/12-TUM/MeLiDos/WP2.2.5_Data_Analysis/ZaunerEtAl_bioRxiv_2026/_build/nathealth/audit/hypotheses/H01/H01_analysis_preparation.html",TRUE,"cb18-11",TRUE,FALSE,FALSE,TRUE
"","#cb18-12","/Users/zauner/Documents/Arbeit/12-TUM/MeLiDos/WP2.2.5_Data_Analysis/ZaunerEtAl_bioRxiv_2026/_build/nathealth/audit/hypotheses/H01/H01_analysis_preparation.html",TRUE,"cb18-12",TRUE,FALSE,FALSE,TRUE
"","#cb18-13","/Users/zauner/Documents/Arbeit/12-TUM/MeLiDos/WP2.2.5_Data_Analysis/ZaunerEtAl_bioRxiv_2026/_build/nathealth/audit/hypotheses/H01/H01_analysis_preparation.html",TRUE,"cb18-13",TRUE,FALSE,FALSE,TRUE
"","#cb18-14","/Users/zauner/Documents/Arbeit/12-TUM/MeLiDos/WP2.2.5_Data_Analysis/ZaunerEtAl_bioRxiv_2026/_build/nathealth/audit/hypotheses/H01/H01_analysis_preparation.html",TRUE,"cb18-14",TRUE,FALSE,FALSE,TRUE
"","#cb18-15","/Users/zauner/Documents/Arbeit/12-TUM/MeLiDos/WP2.2.5_Data_Analysis/ZaunerEtAl_bioRxiv_2026/_build/nathealth/audit/hypotheses/H01/H01_analysis_preparation.html",TRUE,"cb18-15",TRUE,FALSE,FALSE,TRUE
"","#cb18-16","/Users/zauner/Documents/Arbeit/12-TUM/MeLiDos/WP2.2.5_Data_Analysis/ZaunerEtAl_bioRxiv_2026/_build/nathealth/audit/hypotheses/H01/H01_analysis_preparation.html",TRUE,"cb18-16",TRUE,FALSE,FALSE,TRUE
"","#cb18-17","/Users/zauner/Documents/Arbeit/12-TUM/MeLiDos/WP2.2.5_Data_Analysis/ZaunerEtAl_bioRxiv_2026/_build/nathealth/audit/hypotheses/H01/H01_analysis_preparation.html",TRUE,"cb18-17",TRUE,FALSE,FALSE,TRUE
"","#cb18-18","/Users/zauner/Documents/Arbeit/12-TUM/MeLiDos/WP2.2.5_Data_Analysis/ZaunerEtAl_bioRxiv_2026/_build/nathealth/audit/hypotheses/H01/H01_analysis_preparation.html",TRUE,"cb18-18",TRUE,FALSE,FALSE,TRUE
"","#cb18-19","/Users/zauner/Documents/Arbeit/12-TUM/MeLiDos/WP2.2.5_Data_Analysis/ZaunerEtAl_bioRxiv_2026/_build/nathealth/audit/hypotheses/H01/H01_analysis_preparation.html",TRUE,"cb18-19",TRUE,FALSE,FALSE,TRUE
"","#cb18-20","/Users/zauner/Documents/Arbeit/12-TUM/MeLiDos/WP2.2.5_Data_Analysis/ZaunerEtAl_bioRxiv_2026/_build/nathealth/audit/hypotheses/H01/H01_analysis_preparation.html",TRUE,"cb18-20",TRUE,FALSE,FALSE,TRUE
"","#cb19-1","/Users/zauner/Documents/Arbeit/12-TUM/MeLiDos/WP2.2.5_Data_Analysis/ZaunerEtAl_bioRxiv_2026/_build/nathealth/audit/hypotheses/H01/H01_analysis_preparation.html",TRUE,"cb19-1",TRUE,FALSE,FALSE,TRUE
"","#cb19-2","/Users/zauner/Documents/Arbeit/12-TUM/MeLiDos/WP2.2.5_Data_Analysis/ZaunerEtAl_bioRxiv_2026/_build/nathealth/audit/hypotheses/H01/H01_analysis_preparation.html",TRUE,"cb19-2",TRUE,FALSE,FALSE,TRUE
"","#cb19-3","/Users/zauner/Documents/Arbeit/12-TUM/MeLiDos/WP2.2.5_Data_Analysis/ZaunerEtAl_bioRxiv_2026/_build/nathealth/audit/hypotheses/H01/H01_analysis_preparation.html",TRUE,"cb19-3",TRUE,FALSE,FALSE,TRUE
"","#cb19-4","/Users/zauner/Documents/Arbeit/12-TUM/MeLiDos/WP2.2.5_Data_Analysis/ZaunerEtAl_bioRxiv_2026/_build/nathealth/audit/hypotheses/H01/H01_analysis_preparation.html",TRUE,"cb19-4",TRUE,FALSE,FALSE,TRUE
"","#cb19-5","/Users/zauner/Documents/Arbeit/12-TUM/MeLiDos/WP2.2.5_Data_Analysis/ZaunerEtAl_bioRxiv_2026/_build/nathealth/audit/hypotheses/H01/H01_analysis_preparation.html",TRUE,"cb19-5",TRUE,FALSE,FALSE,TRUE
"","#cb19-6","/Users/zauner/Documents/Arbeit/12-TUM/MeLiDos/WP2.2.5_Data_Analysis/ZaunerEtAl_bioRxiv_2026/_build/nathealth/audit/hypotheses/H01/H01_analysis_preparation.html",TRUE,"cb19-6",TRUE,FALSE,FALSE,TRUE
"","#cb19-7","/Users/zauner/Documents/Arbeit/12-TUM/MeLiDos/WP2.2.5_Data_Analysis/ZaunerEtAl_bioRxiv_2026/_build/nathealth/audit/hypotheses/H01/H01_analysis_preparation.html",TRUE,"cb19-7",TRUE,FALSE,FALSE,TRUE
"","#cb19-8","/Users/zauner/Documents/Arbeit/12-TUM/MeLiDos/WP2.2.5_Data_Analysis/ZaunerEtAl_bioRxiv_2026/_build/nathealth/audit/hypotheses/H01/H01_analysis_preparation.html",TRUE,"cb19-8",TRUE,FALSE,FALSE,TRUE
"","#cb19-9","/Users/zauner/Documents/Arbeit/12-TUM/MeLiDos/WP2.2.5_Data_Analysis/ZaunerEtAl_bioRxiv_2026/_build/nathealth/audit/hypotheses/H01/H01_analysis_preparation.html",TRUE,"cb19-9",TRUE,FALSE,FALSE,TRUE
"","#cb19-10","/Users/zauner/Documents/Arbeit/12-TUM/MeLiDos/WP2.2.5_Data_Analysis/ZaunerEtAl_bioRxiv_2026/_build/nathealth/audit/hypotheses/H01/H01_analysis_preparation.html",TRUE,"cb19-10",TRUE,FALSE,FALSE,TRUE
"","#cb19-11","/Users/zauner/Documents/Arbeit/12-TUM/MeLiDos/WP2.2.5_Data_Analysis/ZaunerEtAl_bioRxiv_2026/_build/nathealth/audit/hypotheses/H01/H01_analysis_preparation.html",TRUE,"cb19-11",TRUE,FALSE,FALSE,TRUE
"","#cb19-12","/Users/zauner/Documents/Arbeit/12-TUM/MeLiDos/WP2.2.5_Data_Analysis/ZaunerEtAl_bioRxiv_2026/_build/nathealth/audit/hypotheses/H01/H01_analysis_preparation.html",TRUE,"cb19-12",TRUE,FALSE,FALSE,TRUE
"","#cb19-13","/Users/zauner/Documents/Arbeit/12-TUM/MeLiDos/WP2.2.5_Data_Analysis/ZaunerEtAl_bioRxiv_2026/_build/nathealth/audit/hypotheses/H01/H01_analysis_preparation.html",TRUE,"cb19-13",TRUE,FALSE,FALSE,TRUE
"","#cb19-14","/Users/zauner/Documents/Arbeit/12-TUM/MeLiDos/WP2.2.5_Data_Analysis/ZaunerEtAl_bioRxiv_2026/_build/nathealth/audit/hypotheses/H01/H01_analysis_preparation.html",TRUE,"cb19-14",TRUE,FALSE,FALSE,TRUE
"","#cb19-15","/Users/zauner/Documents/Arbeit/12-TUM/MeLiDos/WP2.2.5_Data_Analysis/ZaunerEtAl_bioRxiv_2026/_build/nathealth/audit/hypotheses/H01/H01_analysis_preparation.html",TRUE,"cb19-15",TRUE,FALSE,FALSE,TRUE
"","#cb19-16","/Users/zauner/Documents/Arbeit/12-TUM/MeLiDos/WP2.2.5_Data_Analysis/ZaunerEtAl_bioRxiv_2026/_build/nathealth/audit/hypotheses/H01/H01_analysis_preparation.html",TRUE,"cb19-16",TRUE,FALSE,FALSE,TRUE
"","#cb19-17","/Users/zauner/Documents/Arbeit/12-TUM/MeLiDos/WP2.2.5_Data_Analysis/ZaunerEtAl_bioRxiv_2026/_build/nathealth/audit/hypotheses/H01/H01_analysis_preparation.html",TRUE,"cb19-17",TRUE,FALSE,FALSE,TRUE
"","#cb19-18","/Users/zauner/Documents/Arbeit/12-TUM/MeLiDos/WP2.2.5_Data_Analysis/ZaunerEtAl_bioRxiv_2026/_build/nathealth/audit/hypotheses/H01/H01_analysis_preparation.html",TRUE,"cb19-18",TRUE,FALSE,FALSE,TRUE
"","#cb19-19","/Users/zauner/Documents/Arbeit/12-TUM/MeLiDos/WP2.2.5_Data_Analysis/ZaunerEtAl_bioRxiv_2026/_build/nathealth/audit/hypotheses/H01/H01_analysis_preparation.html",TRUE,"cb19-19",TRUE,FALSE,FALSE,TRUE
"","#cb19-20","/Users/zauner/Documents/Arbeit/12-TUM/MeLiDos/WP2.2.5_Data_Analysis/ZaunerEtAl_bioRxiv_2026/_build/nathealth/audit/hypotheses/H01/H01_analysis_preparation.html",TRUE,"cb19-20",TRUE,FALSE,FALSE,TRUE
"","#cb19-21","/Users/zauner/Documents/Arbeit/12-TUM/MeLiDos/WP2.2.5_Data_Analysis/ZaunerEtAl_bioRxiv_2026/_build/nathealth/audit/hypotheses/H01/H01_analysis_preparation.html",TRUE,"cb19-21",TRUE,FALSE,FALSE,TRUE
"","#cb19-22","/Users/zauner/Documents/Arbeit/12-TUM/MeLiDos/WP2.2.5_Data_Analysis/ZaunerEtAl_bioRxiv_2026/_build/nathealth/audit/hypotheses/H01/H01_analysis_preparation.html",TRUE,"cb19-22",TRUE,FALSE,FALSE,TRUE
"","#cb19-23","/Users/zauner/Documents/Arbeit/12-TUM/MeLiDos/WP2.2.5_Data_Analysis/ZaunerEtAl_bioRxiv_2026/_build/nathealth/audit/hypotheses/H01/H01_analysis_preparation.html",TRUE,"cb19-23",TRUE,FALSE,FALSE,TRUE
"","#cb20-1","/Users/zauner/Documents/Arbeit/12-TUM/MeLiDos/WP2.2.5_Data_Analysis/ZaunerEtAl_bioRxiv_2026/_build/nathealth/audit/hypotheses/H01/H01_analysis_preparation.html",TRUE,"cb20-1",TRUE,FALSE,FALSE,TRUE
"","#cb20-2","/Users/zauner/Documents/Arbeit/12-TUM/MeLiDos/WP2.2.5_Data_Analysis/ZaunerEtAl_bioRxiv_2026/_build/nathealth/audit/hypotheses/H01/H01_analysis_preparation.html",TRUE,"cb20-2",TRUE,FALSE,FALSE,TRUE
"","#cb20-3","/Users/zauner/Documents/Arbeit/12-TUM/MeLiDos/WP2.2.5_Data_Analysis/ZaunerEtAl_bioRxiv_2026/_build/nathealth/audit/hypotheses/H01/H01_analysis_preparation.html",TRUE,"cb20-3",TRUE,FALSE,FALSE,TRUE
"","#cb20-4","/Users/zauner/Documents/Arbeit/12-TUM/MeLiDos/WP2.2.5_Data_Analysis/ZaunerEtAl_bioRxiv_2026/_build/nathealth/audit/hypotheses/H01/H01_analysis_preparation.html",TRUE,"cb20-4",TRUE,FALSE,FALSE,TRUE
"","#cb20-5","/Users/zauner/Documents/Arbeit/12-TUM/MeLiDos/WP2.2.5_Data_Analysis/ZaunerEtAl_bioRxiv_2026/_build/nathealth/audit/hypotheses/H01/H01_analysis_preparation.html",TRUE,"cb20-5",TRUE,FALSE,FALSE,TRUE
"","#cb20-6","/Users/zauner/Documents/Arbeit/12-TUM/MeLiDos/WP2.2.5_Data_Analysis/ZaunerEtAl_bioRxiv_2026/_build/nathealth/audit/hypotheses/H01/H01_analysis_preparation.html",TRUE,"cb20-6",TRUE,FALSE,FALSE,TRUE
"","#cb20-7","/Users/zauner/Documents/Arbeit/12-TUM/MeLiDos/WP2.2.5_Data_Analysis/ZaunerEtAl_bioRxiv_2026/_build/nathealth/audit/hypotheses/H01/H01_analysis_preparation.html",TRUE,"cb20-7",TRUE,FALSE,FALSE,TRUE
"","#cb20-8","/Users/zauner/Documents/Arbeit/12-TUM/MeLiDos/WP2.2.5_Data_Analysis/ZaunerEtAl_bioRxiv_2026/_build/nathealth/audit/hypotheses/H01/H01_analysis_preparation.html",TRUE,"cb20-8",TRUE,FALSE,FALSE,TRUE
"","#cb20-9","/Users/zauner/Documents/Arbeit/12-TUM/MeLiDos/WP2.2.5_Data_Analysis/ZaunerEtAl_bioRxiv_2026/_build/nathealth/audit/hypotheses/H01/H01_analysis_preparation.html",TRUE,"cb20-9",TRUE,FALSE,FALSE,TRUE
"","#cb20-10","/Users/zauner/Documents/Arbeit/12-TUM/MeLiDos/WP2.2.5_Data_Analysis/ZaunerEtAl_bioRxiv_2026/_build/nathealth/audit/hypotheses/H01/H01_analysis_preparation.html",TRUE,"cb20-10",TRUE,FALSE,FALSE,TRUE
"","#cb20-11","/Users/zauner/Documents/Arbeit/12-TUM/MeLiDos/WP2.2.5_Data_Analysis/ZaunerEtAl_bioRxiv_2026/_build/nathealth/audit/hypotheses/H01/H01_analysis_preparation.html",TRUE,"cb20-11",TRUE,FALSE,FALSE,TRUE
"","#cb20-12","/Users/zauner/Documents/Arbeit/12-TUM/MeLiDos/WP2.2.5_Data_Analysis/ZaunerEtAl_bioRxiv_2026/_build/nathealth/audit/hypotheses/H01/H01_analysis_preparation.html",TRUE,"cb20-12",TRUE,FALSE,FALSE,TRUE
"","#cb20-13","/Users/zauner/Documents/Arbeit/12-TUM/MeLiDos/WP2.2.5_Data_Analysis/ZaunerEtAl_bioRxiv_2026/_build/nathealth/audit/hypotheses/H01/H01_analysis_preparation.html",TRUE,"cb20-13",TRUE,FALSE,FALSE,TRUE
"","#cb20-14","/Users/zauner/Documents/Arbeit/12-TUM/MeLiDos/WP2.2.5_Data_Analysis/ZaunerEtAl_bioRxiv_2026/_build/nathealth/audit/hypotheses/H01/H01_analysis_preparation.html",TRUE,"cb20-14",TRUE,FALSE,FALSE,TRUE
"","#cb20-15","/Users/zauner/Documents/Arbeit/12-TUM/MeLiDos/WP2.2.5_Data_Analysis/ZaunerEtAl_bioRxiv_2026/_build/nathealth/audit/hypotheses/H01/H01_analysis_preparation.html",TRUE,"cb20-15",TRUE,FALSE,FALSE,TRUE
"","#cb21-1","/Users/zauner/Documents/Arbeit/12-TUM/MeLiDos/WP2.2.5_Data_Analysis/ZaunerEtAl_bioRxiv_2026/_build/nathealth/audit/hypotheses/H01/H01_analysis_preparation.html",TRUE,"cb21-1",TRUE,FALSE,FALSE,TRUE
"","#cb21-2","/Users/zauner/Documents/Arbeit/12-TUM/MeLiDos/WP2.2.5_Data_Analysis/ZaunerEtAl_bioRxiv_2026/_build/nathealth/audit/hypotheses/H01/H01_analysis_preparation.html",TRUE,"cb21-2",TRUE,FALSE,FALSE,TRUE
"","#cb21-3","/Users/zauner/Documents/Arbeit/12-TUM/MeLiDos/WP2.2.5_Data_Analysis/ZaunerEtAl_bioRxiv_2026/_build/nathealth/audit/hypotheses/H01/H01_analysis_preparation.html",TRUE,"cb21-3",TRUE,FALSE,FALSE,TRUE
"","#cb21-4","/Users/zauner/Documents/Arbeit/12-TUM/MeLiDos/WP2.2.5_Data_Analysis/ZaunerEtAl_bioRxiv_2026/_build/nathealth/audit/hypotheses/H01/H01_analysis_preparation.html",TRUE,"cb21-4",TRUE,FALSE,FALSE,TRUE
"","#cb21-5","/Users/zauner/Documents/Arbeit/12-TUM/MeLiDos/WP2.2.5_Data_Analysis/ZaunerEtAl_bioRxiv_2026/_build/nathealth/audit/hypotheses/H01/H01_analysis_preparation.html",TRUE,"cb21-5",TRUE,FALSE,FALSE,TRUE
"","#cb21-6","/Users/zauner/Documents/Arbeit/12-TUM/MeLiDos/WP2.2.5_Data_Analysis/ZaunerEtAl_bioRxiv_2026/_build/nathealth/audit/hypotheses/H01/H01_analysis_preparation.html",TRUE,"cb21-6",TRUE,FALSE,FALSE,TRUE
"","#cb21-7","/Users/zauner/Documents/Arbeit/12-TUM/MeLiDos/WP2.2.5_Data_Analysis/ZaunerEtAl_bioRxiv_2026/_build/nathealth/audit/hypotheses/H01/H01_analysis_preparation.html",TRUE,"cb21-7",TRUE,FALSE,FALSE,TRUE
"","#cb21-8","/Users/zauner/Documents/Arbeit/12-TUM/MeLiDos/WP2.2.5_Data_Analysis/ZaunerEtAl_bioRxiv_2026/_build/nathealth/audit/hypotheses/H01/H01_analysis_preparation.html",TRUE,"cb21-8",TRUE,FALSE,FALSE,TRUE
"","#cb21-9","/Users/zauner/Documents/Arbeit/12-TUM/MeLiDos/WP2.2.5_Data_Analysis/ZaunerEtAl_bioRxiv_2026/_build/nathealth/audit/hypotheses/H01/H01_analysis_preparation.html",TRUE,"cb21-9",TRUE,FALSE,FALSE,TRUE
"","#cb21-10","/Users/zauner/Documents/Arbeit/12-TUM/MeLiDos/WP2.2.5_Data_Analysis/ZaunerEtAl_bioRxiv_2026/_build/nathealth/audit/hypotheses/H01/H01_analysis_preparation.html",TRUE,"cb21-10",TRUE,FALSE,FALSE,TRUE
"","#cb21-11","/Users/zauner/Documents/Arbeit/12-TUM/MeLiDos/WP2.2.5_Data_Analysis/ZaunerEtAl_bioRxiv_2026/_build/nathealth/audit/hypotheses/H01/H01_analysis_preparation.html",TRUE,"cb21-11",TRUE,FALSE,FALSE,TRUE
"","#cb21-12","/Users/zauner/Documents/Arbeit/12-TUM/MeLiDos/WP2.2.5_Data_Analysis/ZaunerEtAl_bioRxiv_2026/_build/nathealth/audit/hypotheses/H01/H01_analysis_preparation.html",TRUE,"cb21-12",TRUE,FALSE,FALSE,TRUE
"","#cb21-13","/Users/zauner/Documents/Arbeit/12-TUM/MeLiDos/WP2.2.5_Data_Analysis/ZaunerEtAl_bioRxiv_2026/_build/nathealth/audit/hypotheses/H01/H01_analysis_preparation.html",TRUE,"cb21-13",TRUE,FALSE,FALSE,TRUE
"","#cb21-14","/Users/zauner/Documents/Arbeit/12-TUM/MeLiDos/WP2.2.5_Data_Analysis/ZaunerEtAl_bioRxiv_2026/_build/nathealth/audit/hypotheses/H01/H01_analysis_preparation.html",TRUE,"cb21-14",TRUE,FALSE,FALSE,TRUE
"","#cb21-15","/Users/zauner/Documents/Arbeit/12-TUM/MeLiDos/WP2.2.5_Data_Analysis/ZaunerEtAl_bioRxiv_2026/_build/nathealth/audit/hypotheses/H01/H01_analysis_preparation.html",TRUE,"cb21-15",TRUE,FALSE,FALSE,TRUE
"","#cb21-16","/Users/zauner/Documents/Arbeit/12-TUM/MeLiDos/WP2.2.5_Data_Analysis/ZaunerEtAl_bioRxiv_2026/_build/nathealth/audit/hypotheses/H01/H01_analysis_preparation.html",TRUE,"cb21-16",TRUE,FALSE,FALSE,TRUE
"","#cb21-17","/Users/zauner/Documents/Arbeit/12-TUM/MeLiDos/WP2.2.5_Data_Analysis/ZaunerEtAl_bioRxiv_2026/_build/nathealth/audit/hypotheses/H01/H01_analysis_preparation.html",TRUE,"cb21-17",TRUE,FALSE,FALSE,TRUE
"","#cb21-18","/Users/zauner/Documents/Arbeit/12-TUM/MeLiDos/WP2.2.5_Data_Analysis/ZaunerEtAl_bioRxiv_2026/_build/nathealth/audit/hypotheses/H01/H01_analysis_preparation.html",TRUE,"cb21-18",TRUE,FALSE,FALSE,TRUE
"","#cb21-19","/Users/zauner/Documents/Arbeit/12-TUM/MeLiDos/WP2.2.5_Data_Analysis/ZaunerEtAl_bioRxiv_2026/_build/nathealth/audit/hypotheses/H01/H01_analysis_preparation.html",TRUE,"cb21-19",TRUE,FALSE,FALSE,TRUE
"","#cb21-20","/Users/zauner/Documents/Arbeit/12-TUM/MeLiDos/WP2.2.5_Data_Analysis/ZaunerEtAl_bioRxiv_2026/_build/nathealth/audit/hypotheses/H01/H01_analysis_preparation.html",TRUE,"cb21-20",TRUE,FALSE,FALSE,TRUE
"","#cb21-21","/Users/zauner/Documents/Arbeit/12-TUM/MeLiDos/WP2.2.5_Data_Analysis/ZaunerEtAl_bioRxiv_2026/_build/nathealth/audit/hypotheses/H01/H01_analysis_preparation.html",TRUE,"cb21-21",TRUE,FALSE,FALSE,TRUE
"","#cb21-22","/Users/zauner/Documents/Arbeit/12-TUM/MeLiDos/WP2.2.5_Data_Analysis/ZaunerEtAl_bioRxiv_2026/_build/nathealth/audit/hypotheses/H01/H01_analysis_preparation.html",TRUE,"cb21-22",TRUE,FALSE,FALSE,TRUE
"","#cb21-23","/Users/zauner/Documents/Arbeit/12-TUM/MeLiDos/WP2.2.5_Data_Analysis/ZaunerEtAl_bioRxiv_2026/_build/nathealth/audit/hypotheses/H01/H01_analysis_preparation.html",TRUE,"cb21-23",TRUE,FALSE,FALSE,TRUE
"","#cb21-24","/Users/zauner/Documents/Arbeit/12-TUM/MeLiDos/WP2.2.5_Data_Analysis/ZaunerEtAl_bioRxiv_2026/_build/nathealth/audit/hypotheses/H01/H01_analysis_preparation.html",TRUE,"cb21-24",TRUE,FALSE,FALSE,TRUE
"","#cb21-25","/Users/zauner/Documents/Arbeit/12-TUM/MeLiDos/WP2.2.5_Data_Analysis/ZaunerEtAl_bioRxiv_2026/_build/nathealth/audit/hypotheses/H01/H01_analysis_preparation.html",TRUE,"cb21-25",TRUE,FALSE,FALSE,TRUE
"","#cb21-26","/Users/zauner/Documents/Arbeit/12-TUM/MeLiDos/WP2.2.5_Data_Analysis/ZaunerEtAl_bioRxiv_2026/_build/nathealth/audit/hypotheses/H01/H01_analysis_preparation.html",TRUE,"cb21-26",TRUE,FALSE,FALSE,TRUE
"","#cb21-27","/Users/zauner/Documents/Arbeit/12-TUM/MeLiDos/WP2.2.5_Data_Analysis/ZaunerEtAl_bioRxiv_2026/_build/nathealth/audit/hypotheses/H01/H01_analysis_preparation.html",TRUE,"cb21-27",TRUE,FALSE,FALSE,TRUE
"","#cb21-28","/Users/zauner/Documents/Arbeit/12-TUM/MeLiDos/WP2.2.5_Data_Analysis/ZaunerEtAl_bioRxiv_2026/_build/nathealth/audit/hypotheses/H01/H01_analysis_preparation.html",TRUE,"cb21-28",TRUE,FALSE,FALSE,TRUE
"","#cb21-29","/Users/zauner/Documents/Arbeit/12-TUM/MeLiDos/WP2.2.5_Data_Analysis/ZaunerEtAl_bioRxiv_2026/_build/nathealth/audit/hypotheses/H01/H01_analysis_preparation.html",TRUE,"cb21-29",TRUE,FALSE,FALSE,TRUE
"","#cb21-30","/Users/zauner/Documents/Arbeit/12-TUM/MeLiDos/WP2.2.5_Data_Analysis/ZaunerEtAl_bioRxiv_2026/_build/nathealth/audit/hypotheses/H01/H01_analysis_preparation.html",TRUE,"cb21-30",TRUE,FALSE,FALSE,TRUE
"","#cb22-1","/Users/zauner/Documents/Arbeit/12-TUM/MeLiDos/WP2.2.5_Data_Analysis/ZaunerEtAl_bioRxiv_2026/_build/nathealth/audit/hypotheses/H01/H01_analysis_preparation.html",TRUE,"cb22-1",TRUE,FALSE,FALSE,TRUE
"","#cb22-2","/Users/zauner/Documents/Arbeit/12-TUM/MeLiDos/WP2.2.5_Data_Analysis/ZaunerEtAl_bioRxiv_2026/_build/nathealth/audit/hypotheses/H01/H01_analysis_preparation.html",TRUE,"cb22-2",TRUE,FALSE,FALSE,TRUE
"","#cb22-3","/Users/zauner/Documents/Arbeit/12-TUM/MeLiDos/WP2.2.5_Data_Analysis/ZaunerEtAl_bioRxiv_2026/_build/nathealth/audit/hypotheses/H01/H01_analysis_preparation.html",TRUE,"cb22-3",TRUE,FALSE,FALSE,TRUE
"","#cb22-4","/Users/zauner/Documents/Arbeit/12-TUM/MeLiDos/WP2.2.5_Data_Analysis/ZaunerEtAl_bioRxiv_2026/_build/nathealth/audit/hypotheses/H01/H01_analysis_preparation.html",TRUE,"cb22-4",TRUE,FALSE,FALSE,TRUE
"","#cb22-5","/Users/zauner/Documents/Arbeit/12-TUM/MeLiDos/WP2.2.5_Data_Analysis/ZaunerEtAl_bioRxiv_2026/_build/nathealth/audit/hypotheses/H01/H01_analysis_preparation.html",TRUE,"cb22-5",TRUE,FALSE,FALSE,TRUE
"","#cb22-6","/Users/zauner/Documents/Arbeit/12-TUM/MeLiDos/WP2.2.5_Data_Analysis/ZaunerEtAl_bioRxiv_2026/_build/nathealth/audit/hypotheses/H01/H01_analysis_preparation.html",TRUE,"cb22-6",TRUE,FALSE,FALSE,TRUE
"","#cb22-7","/Users/zauner/Documents/Arbeit/12-TUM/MeLiDos/WP2.2.5_Data_Analysis/ZaunerEtAl_bioRxiv_2026/_build/nathealth/audit/hypotheses/H01/H01_analysis_preparation.html",TRUE,"cb22-7",TRUE,FALSE,FALSE,TRUE
"","#cb22-8","/Users/zauner/Documents/Arbeit/12-TUM/MeLiDos/WP2.2.5_Data_Analysis/ZaunerEtAl_bioRxiv_2026/_build/nathealth/audit/hypotheses/H01/H01_analysis_preparation.html",TRUE,"cb22-8",TRUE,FALSE,FALSE,TRUE
"","#cb22-9","/Users/zauner/Documents/Arbeit/12-TUM/MeLiDos/WP2.2.5_Data_Analysis/ZaunerEtAl_bioRxiv_2026/_build/nathealth/audit/hypotheses/H01/H01_analysis_preparation.html",TRUE,"cb22-9",TRUE,FALSE,FALSE,TRUE
"","#cb22-10","/Users/zauner/Documents/Arbeit/12-TUM/MeLiDos/WP2.2.5_Data_Analysis/ZaunerEtAl_bioRxiv_2026/_build/nathealth/audit/hypotheses/H01/H01_analysis_preparation.html",TRUE,"cb22-10",TRUE,FALSE,FALSE,TRUE
"","#cb22-11","/Users/zauner/Documents/Arbeit/12-TUM/MeLiDos/WP2.2.5_Data_Analysis/ZaunerEtAl_bioRxiv_2026/_build/nathealth/audit/hypotheses/H01/H01_analysis_preparation.html",TRUE,"cb22-11",TRUE,FALSE,FALSE,TRUE
"","#cb22-12","/Users/zauner/Documents/Arbeit/12-TUM/MeLiDos/WP2.2.5_Data_Analysis/ZaunerEtAl_bioRxiv_2026/_build/nathealth/audit/hypotheses/H01/H01_analysis_preparation.html",TRUE,"cb22-12",TRUE,FALSE,FALSE,TRUE
"","#cb22-13","/Users/zauner/Documents/Arbeit/12-TUM/MeLiDos/WP2.2.5_Data_Analysis/ZaunerEtAl_bioRxiv_2026/_build/nathealth/audit/hypotheses/H01/H01_analysis_preparation.html",TRUE,"cb22-13",TRUE,FALSE,FALSE,TRUE
"","#cb22-14","/Users/zauner/Documents/Arbeit/12-TUM/MeLiDos/WP2.2.5_Data_Analysis/ZaunerEtAl_bioRxiv_2026/_build/nathealth/audit/hypotheses/H01/H01_analysis_preparation.html",TRUE,"cb22-14",TRUE,FALSE,FALSE,TRUE
"","#cb22-15","/Users/zauner/Documents/Arbeit/12-TUM/MeLiDos/WP2.2.5_Data_Analysis/ZaunerEtAl_bioRxiv_2026/_build/nathealth/audit/hypotheses/H01/H01_analysis_preparation.html",TRUE,"cb22-15",TRUE,FALSE,FALSE,TRUE
"","#cb23-1","/Users/zauner/Documents/Arbeit/12-TUM/MeLiDos/WP2.2.5_Data_Analysis/ZaunerEtAl_bioRxiv_2026/_build/nathealth/audit/hypotheses/H01/H01_analysis_preparation.html",TRUE,"cb23-1",TRUE,FALSE,FALSE,TRUE
"","#cb23-2","/Users/zauner/Documents/Arbeit/12-TUM/MeLiDos/WP2.2.5_Data_Analysis/ZaunerEtAl_bioRxiv_2026/_build/nathealth/audit/hypotheses/H01/H01_analysis_preparation.html",TRUE,"cb23-2",TRUE,FALSE,FALSE,TRUE
"","#cb23-3","/Users/zauner/Documents/Arbeit/12-TUM/MeLiDos/WP2.2.5_Data_Analysis/ZaunerEtAl_bioRxiv_2026/_build/nathealth/audit/hypotheses/H01/H01_analysis_preparation.html",TRUE,"cb23-3",TRUE,FALSE,FALSE,TRUE
"","#cb23-4","/Users/zauner/Documents/Arbeit/12-TUM/MeLiDos/WP2.2.5_Data_Analysis/ZaunerEtAl_bioRxiv_2026/_build/nathealth/audit/hypotheses/H01/H01_analysis_preparation.html",TRUE,"cb23-4",TRUE,FALSE,FALSE,TRUE
"","#cb23-5","/Users/zauner/Documents/Arbeit/12-TUM/MeLiDos/WP2.2.5_Data_Analysis/ZaunerEtAl_bioRxiv_2026/_build/nathealth/audit/hypotheses/H01/H01_analysis_preparation.html",TRUE,"cb23-5",TRUE,FALSE,FALSE,TRUE
"","#cb23-6","/Users/zauner/Documents/Arbeit/12-TUM/MeLiDos/WP2.2.5_Data_Analysis/ZaunerEtAl_bioRxiv_2026/_build/nathealth/audit/hypotheses/H01/H01_analysis_preparation.html",TRUE,"cb23-6",TRUE,FALSE,FALSE,TRUE
"","#cb23-7","/Users/zauner/Documents/Arbeit/12-TUM/MeLiDos/WP2.2.5_Data_Analysis/ZaunerEtAl_bioRxiv_2026/_build/nathealth/audit/hypotheses/H01/H01_analysis_preparation.html",TRUE,"cb23-7",TRUE,FALSE,FALSE,TRUE
"","#cb23-8","/Users/zauner/Documents/Arbeit/12-TUM/MeLiDos/WP2.2.5_Data_Analysis/ZaunerEtAl_bioRxiv_2026/_build/nathealth/audit/hypotheses/H01/H01_analysis_preparation.html",TRUE,"cb23-8",TRUE,FALSE,FALSE,TRUE
"","#cb23-9","/Users/zauner/Documents/Arbeit/12-TUM/MeLiDos/WP2.2.5_Data_Analysis/ZaunerEtAl_bioRxiv_2026/_build/nathealth/audit/hypotheses/H01/H01_analysis_preparation.html",TRUE,"cb23-9",TRUE,FALSE,FALSE,TRUE
"","#cb23-10","/Users/zauner/Documents/Arbeit/12-TUM/MeLiDos/WP2.2.5_Data_Analysis/ZaunerEtAl_bioRxiv_2026/_build/nathealth/audit/hypotheses/H01/H01_analysis_preparation.html",TRUE,"cb23-10",TRUE,FALSE,FALSE,TRUE
"","#cb23-11","/Users/zauner/Documents/Arbeit/12-TUM/MeLiDos/WP2.2.5_Data_Analysis/ZaunerEtAl_bioRxiv_2026/_build/nathealth/audit/hypotheses/H01/H01_analysis_preparation.html",TRUE,"cb23-11",TRUE,FALSE,FALSE,TRUE
"","#cb23-12","/Users/zauner/Documents/Arbeit/12-TUM/MeLiDos/WP2.2.5_Data_Analysis/ZaunerEtAl_bioRxiv_2026/_build/nathealth/audit/hypotheses/H01/H01_analysis_preparation.html",TRUE,"cb23-12",TRUE,FALSE,FALSE,TRUE
"","#cb23-13","/Users/zauner/Documents/Arbeit/12-TUM/MeLiDos/WP2.2.5_Data_Analysis/ZaunerEtAl_bioRxiv_2026/_build/nathealth/audit/hypotheses/H01/H01_analysis_preparation.html",TRUE,"cb23-13",TRUE,FALSE,FALSE,TRUE
"","#cb23-14","/Users/zauner/Documents/Arbeit/12-TUM/MeLiDos/WP2.2.5_Data_Analysis/ZaunerEtAl_bioRxiv_2026/_build/nathealth/audit/hypotheses/H01/H01_analysis_preparation.html",TRUE,"cb23-14",TRUE,FALSE,FALSE,TRUE
"","#cb23-15","/Users/zauner/Documents/Arbeit/12-TUM/MeLiDos/WP2.2.5_Data_Analysis/ZaunerEtAl_bioRxiv_2026/_build/nathealth/audit/hypotheses/H01/H01_analysis_preparation.html",TRUE,"cb23-15",TRUE,FALSE,FALSE,TRUE
"","#cb23-16","/Users/zauner/Documents/Arbeit/12-TUM/MeLiDos/WP2.2.5_Data_Analysis/ZaunerEtAl_bioRxiv_2026/_build/nathealth/audit/hypotheses/H01/H01_analysis_preparation.html",TRUE,"cb23-16",TRUE,FALSE,FALSE,TRUE
"","#cb23-17","/Users/zauner/Documents/Arbeit/12-TUM/MeLiDos/WP2.2.5_Data_Analysis/ZaunerEtAl_bioRxiv_2026/_build/nathealth/audit/hypotheses/H01/H01_analysis_preparation.html",TRUE,"cb23-17",TRUE,FALSE,FALSE,TRUE
"","#cb23-18","/Users/zauner/Documents/Arbeit/12-TUM/MeLiDos/WP2.2.5_Data_Analysis/ZaunerEtAl_bioRxiv_2026/_build/nathealth/audit/hypotheses/H01/H01_analysis_preparation.html",TRUE,"cb23-18",TRUE,FALSE,FALSE,TRUE
"","#cb23-19","/Users/zauner/Documents/Arbeit/12-TUM/MeLiDos/WP2.2.5_Data_Analysis/ZaunerEtAl_bioRxiv_2026/_build/nathealth/audit/hypotheses/H01/H01_analysis_preparation.html",TRUE,"cb23-19",TRUE,FALSE,FALSE,TRUE
"","#cb23-20","/Users/zauner/Documents/Arbeit/12-TUM/MeLiDos/WP2.2.5_Data_Analysis/ZaunerEtAl_bioRxiv_2026/_build/nathealth/audit/hypotheses/H01/H01_analysis_preparation.html",TRUE,"cb23-20",TRUE,FALSE,FALSE,TRUE
"","#cb23-21","/Users/zauner/Documents/Arbeit/12-TUM/MeLiDos/WP2.2.5_Data_Analysis/ZaunerEtAl_bioRxiv_2026/_build/nathealth/audit/hypotheses/H01/H01_analysis_preparation.html",TRUE,"cb23-21",TRUE,FALSE,FALSE,TRUE
"","#cb23-22","/Users/zauner/Documents/Arbeit/12-TUM/MeLiDos/WP2.2.5_Data_Analysis/ZaunerEtAl_bioRxiv_2026/_build/nathealth/audit/hypotheses/H01/H01_analysis_preparation.html",TRUE,"cb23-22",TRUE,FALSE,FALSE,TRUE
"","#cb23-23","/Users/zauner/Documents/Arbeit/12-TUM/MeLiDos/WP2.2.5_Data_Analysis/ZaunerEtAl_bioRxiv_2026/_build/nathealth/audit/hypotheses/H01/H01_analysis_preparation.html",TRUE,"cb23-23",TRUE,FALSE,FALSE,TRUE
"","#cb23-24","/Users/zauner/Documents/Arbeit/12-TUM/MeLiDos/WP2.2.5_Data_Analysis/ZaunerEtAl_bioRxiv_2026/_build/nathealth/audit/hypotheses/H01/H01_analysis_preparation.html",TRUE,"cb23-24",TRUE,FALSE,FALSE,TRUE
"","#cb23-25","/Users/zauner/Documents/Arbeit/12-TUM/MeLiDos/WP2.2.5_Data_Analysis/ZaunerEtAl_bioRxiv_2026/_build/nathealth/audit/hypotheses/H01/H01_analysis_preparation.html",TRUE,"cb23-25",TRUE,FALSE,FALSE,TRUE
"","#cb23-26","/Users/zauner/Documents/Arbeit/12-TUM/MeLiDos/WP2.2.5_Data_Analysis/ZaunerEtAl_bioRxiv_2026/_build/nathealth/audit/hypotheses/H01/H01_analysis_preparation.html",TRUE,"cb23-26",TRUE,FALSE,FALSE,TRUE
"","#cb23-27","/Users/zauner/Documents/Arbeit/12-TUM/MeLiDos/WP2.2.5_Data_Analysis/ZaunerEtAl_bioRxiv_2026/_build/nathealth/audit/hypotheses/H01/H01_analysis_preparation.html",TRUE,"cb23-27",TRUE,FALSE,FALSE,TRUE
"","#cb23-28","/Users/zauner/Documents/Arbeit/12-TUM/MeLiDos/WP2.2.5_Data_Analysis/ZaunerEtAl_bioRxiv_2026/_build/nathealth/audit/hypotheses/H01/H01_analysis_preparation.html",TRUE,"cb23-28",TRUE,FALSE,FALSE,TRUE
"","#cb23-29","/Users/zauner/Documents/Arbeit/12-TUM/MeLiDos/WP2.2.5_Data_Analysis/ZaunerEtAl_bioRxiv_2026/_build/nathealth/audit/hypotheses/H01/H01_analysis_preparation.html",TRUE,"cb23-29",TRUE,FALSE,FALSE,TRUE
"","#cb23-30","/Users/zauner/Documents/Arbeit/12-TUM/MeLiDos/WP2.2.5_Data_Analysis/ZaunerEtAl_bioRxiv_2026/_build/nathealth/audit/hypotheses/H01/H01_analysis_preparation.html",TRUE,"cb23-30",TRUE,FALSE,FALSE,TRUE
"","#cb23-31","/Users/zauner/Documents/Arbeit/12-TUM/MeLiDos/WP2.2.5_Data_Analysis/ZaunerEtAl_bioRxiv_2026/_build/nathealth/audit/hypotheses/H01/H01_analysis_preparation.html",TRUE,"cb23-31",TRUE,FALSE,FALSE,TRUE
"","#cb23-32","/Users/zauner/Documents/Arbeit/12-TUM/MeLiDos/WP2.2.5_Data_Analysis/ZaunerEtAl_bioRxiv_2026/_build/nathealth/audit/hypotheses/H01/H01_analysis_preparation.html",TRUE,"cb23-32",TRUE,FALSE,FALSE,TRUE
"H01 results report","../../../notebooks/hypotheses/H01.html","/Users/zauner/Documents/Arbeit/12-TUM/MeLiDos/WP2.2.5_Data_Analysis/ZaunerEtAl_bioRxiv_2026/_build/nathealth/notebooks/hypotheses/H01.html",TRUE,"",TRUE,FALSE,FALSE,TRUE
"","#cb24-1","/Users/zauner/Documents/Arbeit/12-TUM/MeLiDos/WP2.2.5_Data_Analysis/ZaunerEtAl_bioRxiv_2026/_build/nathealth/audit/hypotheses/H01/H01_analysis_preparation.html",TRUE,"cb24-1",TRUE,FALSE,FALSE,TRUE
"","#cb24-2","/Users/zauner/Documents/Arbeit/12-TUM/MeLiDos/WP2.2.5_Data_Analysis/ZaunerEtAl_bioRxiv_2026/_build/nathealth/audit/hypotheses/H01/H01_analysis_preparation.html",TRUE,"cb24-2",TRUE,FALSE,FALSE,TRUE
"","#cb24-3","/Users/zauner/Documents/Arbeit/12-TUM/MeLiDos/WP2.2.5_Data_Analysis/ZaunerEtAl_bioRxiv_2026/_build/nathealth/audit/hypotheses/H01/H01_analysis_preparation.html",TRUE,"cb24-3",TRUE,FALSE,FALSE,TRUE
"","#cb24-4","/Users/zauner/Documents/Arbeit/12-TUM/MeLiDos/WP2.2.5_Data_Analysis/ZaunerEtAl_bioRxiv_2026/_build/nathealth/audit/hypotheses/H01/H01_analysis_preparation.html",TRUE,"cb24-4",TRUE,FALSE,FALSE,TRUE
"","#cb24-5","/Users/zauner/Documents/Arbeit/12-TUM/MeLiDos/WP2.2.5_Data_Analysis/ZaunerEtAl_bioRxiv_2026/_build/nathealth/audit/hypotheses/H01/H01_analysis_preparation.html",TRUE,"cb24-5",TRUE,FALSE,FALSE,TRUE
"","#cb24-6","/Users/zauner/Documents/Arbeit/12-TUM/MeLiDos/WP2.2.5_Data_Analysis/ZaunerEtAl_bioRxiv_2026/_build/nathealth/audit/hypotheses/H01/H01_analysis_preparation.html",TRUE,"cb24-6",TRUE,FALSE,FALSE,TRUE
"","#cb24-7","/Users/zauner/Documents/Arbeit/12-TUM/MeLiDos/WP2.2.5_Data_Analysis/ZaunerEtAl_bioRxiv_2026/_build/nathealth/audit/hypotheses/H01/H01_analysis_preparation.html",TRUE,"cb24-7",TRUE,FALSE,FALSE,TRUE
"","#cb24-8","/Users/zauner/Documents/Arbeit/12-TUM/MeLiDos/WP2.2.5_Data_Analysis/ZaunerEtAl_bioRxiv_2026/_build/nathealth/audit/hypotheses/H01/H01_analysis_preparation.html",TRUE,"cb24-8",TRUE,FALSE,FALSE,TRUE
"","#cb24-9","/Users/zauner/Documents/Arbeit/12-TUM/MeLiDos/WP2.2.5_Data_Analysis/ZaunerEtAl_bioRxiv_2026/_build/nathealth/audit/hypotheses/H01/H01_analysis_preparation.html",TRUE,"cb24-9",TRUE,FALSE,FALSE,TRUE
"","#cb24-10","/Users/zauner/Documents/Arbeit/12-TUM/MeLiDos/WP2.2.5_Data_Analysis/ZaunerEtAl_bioRxiv_2026/_build/nathealth/audit/hypotheses/H01/H01_analysis_preparation.html",TRUE,"cb24-10",TRUE,FALSE,FALSE,TRUE
"","#cb24-11","/Users/zauner/Documents/Arbeit/12-TUM/MeLiDos/WP2.2.5_Data_Analysis/ZaunerEtAl_bioRxiv_2026/_build/nathealth/audit/hypotheses/H01/H01_analysis_preparation.html",TRUE,"cb24-11",TRUE,FALSE,FALSE,TRUE
"","#cb24-12","/Users/zauner/Documents/Arbeit/12-TUM/MeLiDos/WP2.2.5_Data_Analysis/ZaunerEtAl_bioRxiv_2026/_build/nathealth/audit/hypotheses/H01/H01_analysis_preparation.html",TRUE,"cb24-12",TRUE,FALSE,FALSE,TRUE
"","#cb24-13","/Users/zauner/Documents/Arbeit/12-TUM/MeLiDos/WP2.2.5_Data_Analysis/ZaunerEtAl_bioRxiv_2026/_build/nathealth/audit/hypotheses/H01/H01_analysis_preparation.html",TRUE,"cb24-13",TRUE,FALSE,FALSE,TRUE
"","#cb24-14","/Users/zauner/Documents/Arbeit/12-TUM/MeLiDos/WP2.2.5_Data_Analysis/ZaunerEtAl_bioRxiv_2026/_build/nathealth/audit/hypotheses/H01/H01_analysis_preparation.html",TRUE,"cb24-14",TRUE,FALSE,FALSE,TRUE
"","#cb24-15","/Users/zauner/Documents/Arbeit/12-TUM/MeLiDos/WP2.2.5_Data_Analysis/ZaunerEtAl_bioRxiv_2026/_build/nathealth/audit/hypotheses/H01/H01_analysis_preparation.html",TRUE,"cb24-15",TRUE,FALSE,FALSE,TRUE
"","#cb24-16","/Users/zauner/Documents/Arbeit/12-TUM/MeLiDos/WP2.2.5_Data_Analysis/ZaunerEtAl_bioRxiv_2026/_build/nathealth/audit/hypotheses/H01/H01_analysis_preparation.html",TRUE,"cb24-16",TRUE,FALSE,FALSE,TRUE
"","#cb24-17","/Users/zauner/Documents/Arbeit/12-TUM/MeLiDos/WP2.2.5_Data_Analysis/ZaunerEtAl_bioRxiv_2026/_build/nathealth/audit/hypotheses/H01/H01_analysis_preparation.html",TRUE,"cb24-17",TRUE,FALSE,FALSE,TRUE
"","#cb24-18","/Users/zauner/Documents/Arbeit/12-TUM/MeLiDos/WP2.2.5_Data_Analysis/ZaunerEtAl_bioRxiv_2026/_build/nathealth/audit/hypotheses/H01/H01_analysis_preparation.html",TRUE,"cb24-18",TRUE,FALSE,FALSE,TRUE
"","#cb24-19","/Users/zauner/Documents/Arbeit/12-TUM/MeLiDos/WP2.2.5_Data_Analysis/ZaunerEtAl_bioRxiv_2026/_build/nathealth/audit/hypotheses/H01/H01_analysis_preparation.html",TRUE,"cb24-19",TRUE,FALSE,FALSE,TRUE
"","#cb24-20","/Users/zauner/Documents/Arbeit/12-TUM/MeLiDos/WP2.2.5_Data_Analysis/ZaunerEtAl_bioRxiv_2026/_build/nathealth/audit/hypotheses/H01/H01_analysis_preparation.html",TRUE,"cb24-20",TRUE,FALSE,FALSE,TRUE
"","#cb24-21","/Users/zauner/Documents/Arbeit/12-TUM/MeLiDos/WP2.2.5_Data_Analysis/ZaunerEtAl_bioRxiv_2026/_build/nathealth/audit/hypotheses/H01/H01_analysis_preparation.html",TRUE,"cb24-21",TRUE,FALSE,FALSE,TRUE
"","#cb24-22","/Users/zauner/Documents/Arbeit/12-TUM/MeLiDos/WP2.2.5_Data_Analysis/ZaunerEtAl_bioRxiv_2026/_build/nathealth/audit/hypotheses/H01/H01_analysis_preparation.html",TRUE,"cb24-22",TRUE,FALSE,FALSE,TRUE
"","#cb24-23","/Users/zauner/Documents/Arbeit/12-TUM/MeLiDos/WP2.2.5_Data_Analysis/ZaunerEtAl_bioRxiv_2026/_build/nathealth/audit/hypotheses/H01/H01_analysis_preparation.html",TRUE,"cb24-23",TRUE,FALSE,FALSE,TRUE
"","#cb24-24","/Users/zauner/Documents/Arbeit/12-TUM/MeLiDos/WP2.2.5_Data_Analysis/ZaunerEtAl_bioRxiv_2026/_build/nathealth/audit/hypotheses/H01/H01_analysis_preparation.html",TRUE,"cb24-24",TRUE,FALSE,FALSE,TRUE
"","#cb24-25","/Users/zauner/Documents/Arbeit/12-TUM/MeLiDos/WP2.2.5_Data_Analysis/ZaunerEtAl_bioRxiv_2026/_build/nathealth/audit/hypotheses/H01/H01_analysis_preparation.html",TRUE,"cb24-25",TRUE,FALSE,FALSE,TRUE
"H01 results","../../../notebooks/hypotheses/H01.html","/Users/zauner/Documents/Arbeit/12-TUM/MeLiDos/WP2.2.5_Data_Analysis/ZaunerEtAl_bioRxiv_2026/_build/nathealth/notebooks/hypotheses/H01.html",TRUE,"",TRUE,FALSE,FALSE,TRUE
"H02 results","../../../notebooks/hypotheses/H02.html","/Users/zauner/Documents/Arbeit/12-TUM/MeLiDos/WP2.2.5_Data_Analysis/ZaunerEtAl_bioRxiv_2026/_build/nathealth/notebooks/hypotheses/H02.html",TRUE,"",TRUE,FALSE,FALSE,TRUE
"Edit this page","https://github.com/tscnlab/ZaunerEtAl_bioRxiv_2026/edit/main/audit/hypotheses/H01/H01_analysis_preparation.qmd","",TRUE,"",TRUE,FALSE,FALSE,TRUE
"Report an issue","https://github.com/tscnlab/ZaunerEtAl_bioRxiv_2026/issues","",TRUE,"",TRUE,FALSE,FALSE,TRUE
