.model_row_id,site,participant_key,local_date,value,response_value,photoperiod_hours,photoperiod_centered_hours,latitude_deg,absolute_latitude_10deg_centered,metric_support_available,metric_support_valid_minutes,metric_support_expected_minutes,metric_any_censored
BAUA::BAUA_S001::2025-06-11,BAUA,BAUA::BAUA_S001,2025-06-11,22.06765680546289,1.3457197891794694,18.13485554655393,3.9885643229144474,51.498204,1.3409768196470289,TRUE,1413,1440,FALSE
BAUA::BAUA_S001::2025-06-12,BAUA,BAUA::BAUA_S001,2025-06-12,13.500869008894954,1.1335666579077641,18.15373947189914,4.007448248259658,51.498204,1.3409768196470289,TRUE,1322,1440,FALSE
BAUA::BAUA_S001::2025-06-13,BAUA,BAUA::BAUA_S001,2025-06-13,15.225224418969836,1.1854068429429232,18.170627665254806,4.024336441615324,51.498204,1.3409768196470289,TRUE,1323,1440,FALSE
BAUA::BAUA_S001::2025-06-14,BAUA,BAUA::BAUA_S001,2025-06-14,9.498355150362178,0.9821968152972754,18.18549463795291,4.0392034143134286,51.498204,1.3409768196470289,TRUE,1270,1440,FALSE
BAUA::BAUA_S001::2025-06-15,BAUA,BAUA::BAUA_S001,2025-06-15,7.115009599071058,0.8582369132286563,18.198317792680527,4.052026569041045,51.498204,1.3409768196470289,TRUE,1440,1440,FALSE
BAUA::BAUA_S001::2025-06-16,BAUA,BAUA::BAUA_S001,2025-06-16,21.424583773064622,1.3329347621322432,18.20907755719291,4.0627863335534276,51.498204,1.3409768196470289,TRUE,1440,1440,FALSE
BAUA::BAUA_S002::2025-06-11,BAUA,BAUA::BAUA_S002,2025-06-11,20.21418025237535,1.3077993017275056,18.13485554655393,3.9885643229144474,51.498204,1.3409768196470289,TRUE,1440,1440,FALSE
BAUA::BAUA_S002::2025-06-12,BAUA,BAUA::BAUA_S002,2025-06-12,16.606166713873293,1.2228768109950137,18.15373947189914,4.007448248259658,51.498204,1.3409768196470289,TRUE,1392,1440,FALSE
BAUA::BAUA_S002::2025-06-13,BAUA,BAUA::BAUA_S002,2025-06-13,19.629635540293453,1.2951190627331148,18.170627665254806,4.024336441615324,51.498204,1.3409768196470289,TRUE,1323,1440,FALSE
BAUA::BAUA_S002::2025-06-14,BAUA,BAUA::BAUA_S002,2025-06-14,5.69261767593461,0.76287486516204694,18.18549463795291,4.0392034143134286,51.498204,1.3409768196470289,TRUE,1346,1440,FALSE
BAUA::BAUA_S002::2025-06-15,BAUA,BAUA::BAUA_S002,2025-06-15,15.894394745185116,1.2039678102969813,18.198317792680527,4.052026569041045,51.498204,1.3409768196470289,TRUE,1440,1440,FALSE
BAUA::BAUA_S002::2025-06-16,BAUA,BAUA::BAUA_S002,2025-06-16,14.146749100338717,1.1537157760039418,18.20907755719291,4.0627863335534276,51.498204,1.3409768196470289,TRUE,1401,1440,FALSE
BAUA::BAUA_S003::2025-06-11,BAUA,BAUA::BAUA_S003,2025-06-11,3.4368775262343365,0.5486200214767499,18.13485554655393,3.9885643229144474,51.498204,1.3409768196470289,TRUE,1440,1440,FALSE
BAUA::BAUA_S003::2025-06-12,BAUA,BAUA::BAUA_S003,2025-06-12,3.5813346645940882,0.5660053002991102,18.15373947189914,4.007448248259658,51.498204,1.3409768196470289,TRUE,1440,1440,FALSE
BAUA::BAUA_S003::2025-06-13,BAUA,BAUA::BAUA_S003,2025-06-13,9.8470631714073,0.997694876050351,18.170627665254806,4.024336441615324,51.498204,1.3409768196470289,TRUE,1440,1440,FALSE
BAUA::BAUA_S003::2025-06-14,BAUA,BAUA::BAUA_S003,2025-06-14,2.604513184967233,0.4320891030435871,18.18549463795291,4.0392034143134286,51.498204,1.3409768196470289,TRUE,1439,1440,FALSE
BAUA::BAUA_S003::2025-06-15,BAUA,BAUA::BAUA_S003,2025-06-15,1.6104514691158822,0.23311075639645262,18.198317792680527,4.052026569041045,51.498204,1.3409768196470289,TRUE,1425,1440,FALSE
BAUA::BAUA_S003::2025-06-16,BAUA,BAUA::BAUA_S003,2025-06-16,2.2045471576108877,0.3625855994558285,18.20907755719291,4.0627863335534276,51.498204,1.3409768196470289,TRUE,1416,1440,FALSE
BAUA::BAUA_S004::2025-06-11,BAUA,BAUA::BAUA_S004,2025-06-11,9.403763612357595,0.9778956255405871,18.13485554655393,3.9885643229144474,51.498204,1.3409768196470289,TRUE,1351,1440,FALSE
BAUA::BAUA_S004::2025-06-12,BAUA,BAUA::BAUA_S004,2025-06-12,11.260927778669515,1.0554137990425836,18.15373947189914,4.007448248259658,51.498204,1.3409768196470289,TRUE,1282,1440,FALSE
BAUA::BAUA_S004::2025-06-13,BAUA,BAUA::BAUA_S004,2025-06-13,8.152469115696396,0.916583907687871,18.170627665254806,4.024336441615324,51.498204,1.3409768196470289,TRUE,1378,1440,FALSE
BAUA::BAUA_S004::2025-06-14,BAUA,BAUA::BAUA_S004,2025-06-14,8.436830154510222,0.9312966409516297,18.18549463795291,4.0392034143134286,51.498204,1.3409768196470289,TRUE,1379,1440,FALSE
BAUA::BAUA_S004::2025-06-15,BAUA,BAUA::BAUA_S004,2025-06-15,3.0009547666660046,0.4914954312709838,18.198317792680527,4.052026569041045,51.498204,1.3409768196470289,TRUE,1304,1440,FALSE
BAUA::BAUA_S004::2025-06-16,BAUA,BAUA::BAUA_S004,2025-06-16,11.36968273924799,1.0595514051288595,18.20907755719291,4.0627863335534276,51.498204,1.3409768196470289,TRUE,1300,1440,FALSE
BAUA::BAUA_S005::2025-06-11,BAUA,BAUA::BAUA_S005,2025-06-11,11.504578894801107,1.06462938546558,18.13485554655393,3.9885643229144474,51.498204,1.3409768196470289,TRUE,1306,1440,FALSE
BAUA::BAUA_S005::2025-06-12,BAUA,BAUA::BAUA_S005,2025-06-12,10.409505047797518,1.0215822631193945,18.15373947189914,4.007448248259658,51.498204,1.3409768196470289,TRUE,1294,1440,FALSE
BAUA::BAUA_S005::2025-06-13,BAUA,BAUA::BAUA_S005,2025-06-13,9.861998107888473,0.9983464549095473,18.170627665254806,4.024336441615324,51.498204,1.3409768196470289,TRUE,1297,1440,FALSE
BAUA::BAUA_S005::2025-06-14,BAUA,BAUA::BAUA_S005,2025-06-14,8.30877155725683,0.9247325540769963,18.18549463795291,4.0392034143134286,51.498204,1.3409768196470289,TRUE,1440,1440,FALSE
BAUA::BAUA_S005::2025-06-15,BAUA,BAUA::BAUA_S005,2025-06-15,2.4411834040524827,0.405036010384315,18.198317792680527,4.052026569041045,51.498204,1.3409768196470289,TRUE,1440,1440,FALSE
BAUA::BAUA_S006::2025-06-11,BAUA,BAUA::BAUA_S006,2025-06-11,10.086352842029589,1.0080187154973783,18.13485554655393,3.9885643229144474,51.498204,1.3409768196470289,TRUE,1411,1440,FALSE
BAUA::BAUA_S006::2025-06-12,BAUA,BAUA::BAUA_S006,2025-06-12,14.892160510602439,1.1758642232566008,18.15373947189914,4.007448248259658,51.498204,1.3409768196470289,TRUE,1440,1440,FALSE
BAUA::BAUA_S006::2025-06-13,BAUA,BAUA::BAUA_S006,2025-06-13,19.054785180288043,1.282277285761088,18.170627665254806,4.024336441615324,51.498204,1.3409768196470289,TRUE,1377,1440,FALSE
BAUA::BAUA_S006::2025-06-15,BAUA,BAUA::BAUA_S006,2025-06-15,0.9538133733022006,0.02276370563788713,18.198317792680527,4.052026569041045,51.498204,1.3409768196470289,TRUE,1440,1440,FALSE
BAUA::BAUA_S006::2025-06-16,BAUA,BAUA::BAUA_S006,2025-06-16,2.8481587760878746,0.46955086918767613,18.20907755719291,4.0627863335534276,51.498204,1.3409768196470289,TRUE,1440,1440,FALSE
BAUA::BAUA_S009::2025-06-25,BAUA,BAUA::BAUA_S009,2025-06-25,55.49670602726485,1.7450490614280998,18.211450270281897,4.065159046642416,51.498204,1.3409768196470289,TRUE,1324,1440,FALSE
BAUA::BAUA_S009::2025-06-26,BAUA,BAUA::BAUA_S009,2025-06-26,5.711654539618981,0.7642997907608353,18.201224926577673,4.054933702938191,51.498204,1.3409768196470289,TRUE,1345,1440,FALSE
BAUA::BAUA_S009::2025-06-27,BAUA,BAUA::BAUA_S009,2025-06-27,2.5966215367829113,0.43081999872567905,18.188940423462125,4.042649199822643,51.498204,1.3409768196470289,TRUE,1404,1440,FALSE
BAUA::BAUA_S009::2025-06-28,BAUA,BAUA::BAUA_S009,2025-06-28,10.114586714450965,1.0092207996258906,18.174617048899332,4.02832582525985,51.498204,1.3409768196470289,TRUE,1440,1440,FALSE
BAUA::BAUA_S009::2025-06-29,BAUA,BAUA::BAUA_S009,2025-06-29,83.74762712446422,1.9234907766459426,18.15827808989419,4.011986866254707,51.498204,1.3409768196470289,TRUE,1440,1440,FALSE
BAUA::BAUA_S009::2025-06-30,BAUA,BAUA::BAUA_S009,2025-06-30,45.25250026316447,1.6566012345176986,18.13994969639513,3.9936584727556497,51.498204,1.3409768196470289,TRUE,1440,1440,FALSE
BAUA::BAUA_S012::2025-07-16,BAUA,BAUA::BAUA_S012,2025-07-16,17.888470638716985,1.2549942416446198,17.605919546220036,3.4596283225805546,51.498204,1.3409768196470289,TRUE,1219,1440,FALSE
BAUA::BAUA_S012::2025-07-17,BAUA,BAUA::BAUA_S012,2025-07-17,157.041836713266,2.1962918249815533,17.559705352187155,3.4134141285476733,51.498204,1.3409768196470289,TRUE,1392,1440,FALSE
BAUA::BAUA_S012::2025-07-18,BAUA,BAUA::BAUA_S012,2025-07-18,64.60743140646117,1.810954160629802,17.51226164135668,3.3659704177171985,51.498204,1.3409768196470289,TRUE,1440,1440,FALSE
BAUA::BAUA_S012::2025-07-19,BAUA,BAUA::BAUA_S012,2025-07-19,32.93239564245701,1.5189400716196995,17.463635578751564,3.3173443551120823,51.498204,1.3409768196470289,TRUE,1243,1440,FALSE
BAUA::BAUA_S012::2025-07-20,BAUA,BAUA::BAUA_S012,2025-07-20,26.01219922103813,1.4168434505031287,17.413873874545096,3.2675826509056147,51.498204,1.3409768196470289,TRUE,1238,1440,FALSE
BAUA::BAUA_S012::2025-07-21,BAUA,BAUA::BAUA_S012,2025-07-21,1.8835247527007981,0.29743762446950556,17.36302268412378,3.216731460484299,51.498204,1.3409768196470289,TRUE,1309,1440,FALSE
BAUA::BAUA_S013::2025-07-16,BAUA,BAUA::BAUA_S013,2025-07-16,7.231803947243713,0.8652108433921167,17.605919546220036,3.4596283225805546,51.498204,1.3409768196470289,TRUE,1430,1440,FALSE
BAUA::BAUA_S013::2025-07-17,BAUA,BAUA::BAUA_S013,2025-07-17,8.011259528304855,0.9090882973332816,17.559705352187155,3.4134141285476733,51.498204,1.3409768196470289,TRUE,1420,1440,FALSE
BAUA::BAUA_S013::2025-07-18,BAUA,BAUA::BAUA_S013,2025-07-18,17.55079676466886,1.2467643144087683,17.51226164135668,3.3659704177171985,51.498204,1.3409768196470289,TRUE,1440,1440,FALSE
BAUA::BAUA_S013::2025-07-19,BAUA,BAUA::BAUA_S013,2025-07-19,4.352413441555812,0.6485954851886043,17.463635578751564,3.3173443551120823,51.498204,1.3409768196470289,TRUE,1440,1440,FALSE
BAUA::BAUA_S013::2025-07-20,BAUA,BAUA::BAUA_S013,2025-07-20,6.332256234788169,0.8083633366014096,17.413873874545096,3.2675826509056147,51.498204,1.3409768196470289,TRUE,1440,1440,FALSE
BAUA::BAUA_S013::2025-07-21,BAUA,BAUA::BAUA_S013,2025-07-21,5.928343299888749,0.7801979763901037,17.36302268412378,3.216731460484299,51.498204,1.3409768196470289,TRUE,1338,1440,FALSE
BAUA::BAUA_S014::2025-07-16,BAUA,BAUA::BAUA_S014,2025-07-16,7.898575806817464,0.9030126652041242,17.605919546220036,3.4596283225805546,51.498204,1.3409768196470289,TRUE,1440,1440,FALSE
BAUA::BAUA_S014::2025-07-17,BAUA,BAUA::BAUA_S014,2025-07-17,17.781956340899274,1.2524150302082,17.559705352187155,3.4134141285476733,51.498204,1.3409768196470289,TRUE,1440,1440,FALSE
BAUA::BAUA_S014::2025-07-18,BAUA,BAUA::BAUA_S014,2025-07-18,12.83485582439474,1.1117615923089403,17.51226164135668,3.3659704177171985,51.498204,1.3409768196470289,TRUE,1440,1440,FALSE
BAUA::BAUA_S014::2025-07-19,BAUA,BAUA::BAUA_S014,2025-07-19,1.1869971233128058,0.10957757617340705,17.463635578751564,3.3173443551120823,51.498204,1.3409768196470289,TRUE,1440,1440,FALSE
BAUA::BAUA_S014::2025-07-20,BAUA,BAUA::BAUA_S014,2025-07-20,13.70174370457024,1.1399339583891832,17.413873874545096,3.2675826509056147,51.498204,1.3409768196470289,TRUE,1440,1440,FALSE
BAUA::BAUA_S014::2025-07-21,BAUA,BAUA::BAUA_S014,2025-07-21,11.787021065887162,1.0750730323528288,17.36302268412378,3.216731460484299,51.498204,1.3409768196470289,TRUE,1440,1440,FALSE
BAUA::BAUA_S015::2025-07-23,BAUA,BAUA::BAUA_S015,2025-07-23,22.95197769340411,1.3627081906578786,17.25823315329022,3.1119419296507385,51.498204,1.3409768196470289,TRUE,1412,1440,FALSE
BAUA::BAUA_S015::2025-07-24,BAUA,BAUA::BAUA_S015,2025-07-24,4.968437967816458,0.7048741355696775,17.20438357512156,3.0580923514820793,51.498204,1.3409768196470289,TRUE,1377,1440,FALSE
BAUA::BAUA_S015::2025-07-25,BAUA,BAUA::BAUA_S015,2025-07-25,15.039812543162334,1.1801204978870263,17.14962189859814,3.0033306749586597,51.498204,1.3409768196470289,TRUE,1164,1440,FALSE
BAUA::BAUA_S015::2025-07-26,BAUA,BAUA::BAUA_S015,2025-07-26,21.376150706968627,1.3319564429246147,17.093990320430862,2.9476990967913803,51.498204,1.3409768196470289,TRUE,1440,1440,FALSE
BAUA::BAUA_S015::2025-07-27,BAUA,BAUA::BAUA_S015,2025-07-27,18.073865101271306,1.2594473001008442,17.037530069549877,2.8912388459103955,51.498204,1.3409768196470289,TRUE,1383,1440,FALSE
BAUA::BAUA_S015::2025-07-28,BAUA,BAUA::BAUA_S015,2025-07-28,9.491022554922145,0.9818649123099521,16.98028136703703,2.833990143397548,51.498204,1.3409768196470289,TRUE,1204,1440,FALSE
BAUA::BAUA_S016::2025-07-23,BAUA,BAUA::BAUA_S016,2025-07-23,3.4005209364434954,0.5441326794896614,17.25823315329022,3.1119419296507385,51.498204,1.3409768196470289,TRUE,1271,1440,FALSE
BAUA::BAUA_S016::2025-07-24,BAUA,BAUA::BAUA_S016,2025-07-24,4.966529428546168,0.7047105695608361,17.20438357512156,3.0580923514820793,51.498204,1.3409768196470289,TRUE,1337,1440,FALSE
BAUA::BAUA_S016::2025-07-25,BAUA,BAUA::BAUA_S016,2025-07-25,7.939803521939906,0.905245435517114,17.14962189859814,3.0033306749586597,51.498204,1.3409768196470289,TRUE,1421,1440,FALSE
BAUA::BAUA_S016::2025-07-26,BAUA,BAUA::BAUA_S016,2025-07-26,3.517774253937254,0.5584414637598056,17.093990320430862,2.9476990967913803,51.498204,1.3409768196470289,TRUE,1322,1440,FALSE
BAUA::BAUA_S016::2025-07-27,BAUA,BAUA::BAUA_S016,2025-07-27,2.5765489941850017,0.42757519754550855,17.037530069549877,2.8912388459103955,51.498204,1.3409768196470289,TRUE,1343,1440,FALSE
BAUA::BAUA_S016::2025-07-28,BAUA,BAUA::BAUA_S016,2025-07-28,4.250172533579567,0.638506481988111,16.98028136703703,2.833990143397548,51.498204,1.3409768196470289,TRUE,1307,1440,FALSE
BAUA::BAUA_S018::2025-09-09,BAUA,BAUA::BAUA_S018,2025-09-09,3.897309972350623,0.6017678270346211,14.173865788976352,0.027574565336870194,51.498204,1.3409768196470289,TRUE,1440,1440,FALSE
BAUA::BAUA_S018::2025-09-10,BAUA,BAUA::BAUA_S018,2025-09-10,9.694467734437193,0.9909808398940282,14.106545170876714,-0.03974605276276755,51.498204,1.3409768196470289,TRUE,1440,1440,FALSE
BAUA::BAUA_S018::2025-09-11,BAUA,BAUA::BAUA_S018,2025-09-11,5.378752182858988,0.7386816566948103,14.039288122190369,-0.10700310144911285,51.498204,1.3409768196470289,TRUE,1406,1440,FALSE
BAUA::BAUA_S018::2025-09-12,BAUA,BAUA::BAUA_S018,2025-09-12,7.662321174190214,0.8899916081660223,13.972100253105163,-0.17419097053431898,51.498204,1.3409768196470289,TRUE,1351,1440,FALSE
BAUA::BAUA_S018::2025-09-13,BAUA,BAUA::BAUA_S018,2025-09-13,0.7119686578746137,-0.09046073427460079,13.904986972941293,-0.24130425069818884,51.498204,1.3409768196470289,TRUE,1389,1440,FALSE
BAUA::BAUA_S018::2025-09-14,BAUA,BAUA::BAUA_S018,2025-09-14,0.5626991224561059,-0.17868360449977813,13.837953510483105,-0.3083377131563765,51.498204,1.3409768196470289,TRUE,1440,1440,FALSE
BAUA::BAUA_S022::2025-09-24,BAUA,BAUA::BAUA_S022,2025-09-24,7.704108582118485,0.8923233033015212,13.17307060652309,-0.9732206171163913,51.498204,1.3409768196470289,TRUE,1430,1440,FALSE
BAUA::BAUA_S022::2025-09-25,BAUA,BAUA::BAUA_S022,2025-09-25,4.3757861434824346,0.6508693274263923,13.107228702041837,-1.0390625215976446,51.498204,1.3409768196470289,TRUE,1413,1440,FALSE
BAUA::BAUA_S022::2025-09-26,BAUA,BAUA::BAUA_S022,2025-09-26,7.662238804201509,0.8899869996190981,13.041522514886326,-1.1047687087531557,51.498204,1.3409768196470289,TRUE,1440,1440,FALSE
BAUA::BAUA_S022::2025-09-27,BAUA,BAUA::BAUA_S022,2025-09-27,4.001085360717352,0.6128988088638578,12.975956710047193,-1.1703345135922891,51.498204,1.3409768196470289,TRUE,1440,1440,FALSE
BAUA::BAUA_S022::2025-09-28,BAUA,BAUA::BAUA_S022,2025-09-28,5.04474308910938,0.7113636924574551,12.910536039935218,-1.2357551837042635,51.498204,1.3409768196470289,TRUE,1440,1440,FALSE
BAUA::BAUA_S022::2025-09-29,BAUA,BAUA::BAUA_S022,2025-09-29,3.0800449693606082,0.5024332614331996,12.845265362262726,-1.3010258613767558,51.498204,1.3409768196470289,TRUE,1440,1440,FALSE
BAUA::BAUA_S024::2025-10-14,BAUA,BAUA::BAUA_S024,2025-10-14,2.0460614804034445,0.3316421594833796,11.888039366337988,-2.2582518573014934,51.498204,1.3409768196470289,TRUE,1440,1440,FALSE
BAUA::BAUA_S024::2025-10-15,BAUA,BAUA::BAUA_S024,2025-10-15,1.8299096819464635,0.2855369848885553,11.825984905560812,-2.3203063180786696,51.498204,1.3409768196470289,TRUE,1440,1440,FALSE
BAUA::BAUA_S024::2025-10-16,BAUA,BAUA::BAUA_S024,2025-10-16,1.5719955377286383,0.2232351140465292,11.764196532567341,-2.3820946910721403,51.498204,1.3409768196470289,TRUE,1277,1440,FALSE
BAUA::BAUA_S024::2025-10-17,BAUA,BAUA::BAUA_S024,2025-10-17,1.4275392828421682,0.18399238755761646,11.702684059407975,-2.4436071642315067,51.498204,1.3409768196470289,TRUE,1426,1440,FALSE
BAUA::BAUA_S024::2025-10-18,BAUA,BAUA::BAUA_S024,2025-10-18,2.31646805017911,0.3831810574005606,11.641457739075024,-2.5048334845644575,51.498204,1.3409768196470289,TRUE,1426,1440,FALSE
BAUA::BAUA_S024::2025-10-19,BAUA,BAUA::BAUA_S024,2025-10-19,2.8431814452349626,0.46881703689922255,11.580528282059564,-2.5657629415799175,51.498204,1.3409768196470289,TRUE,1413,1440,FALSE
BAUA::BAUA_S025::2025-10-14,BAUA,BAUA::BAUA_S025,2025-10-14,1.8431796625299623,0.2885129564609103,11.888039366337988,-2.2582518573014934,51.498204,1.3409768196470289,TRUE,1440,1440,FALSE
BAUA::BAUA_S025::2025-10-15,BAUA,BAUA::BAUA_S025,2025-10-15,2.2394017885237676,0.36910481759937414,11.825984905560812,-2.3203063180786696,51.498204,1.3409768196470289,TRUE,1411,1440,FALSE
BAUA::BAUA_S025::2025-10-16,BAUA,BAUA::BAUA_S025,2025-10-16,1.3445494594700405,0.15973241610558042,11.764196532567341,-2.3820946910721403,51.498204,1.3409768196470289,TRUE,1406,1440,FALSE
BAUA::BAUA_S025::2025-10-17,BAUA,BAUA::BAUA_S025,2025-10-17,3.8680066117471066,0.5985723871320634,11.702684059407975,-2.4436071642315067,51.498204,1.3409768196470289,TRUE,1440,1440,FALSE
BAUA::BAUA_S025::2025-10-18,BAUA,BAUA::BAUA_S025,2025-10-18,1.5773689813436478,0.22462860758817274,11.641457739075024,-2.5048334845644575,51.498204,1.3409768196470289,TRUE,1440,1440,FALSE
BAUA::BAUA_S025::2025-10-19,BAUA,BAUA::BAUA_S025,2025-10-19,1.5261162320196704,0.2111515849976844,11.580528282059564,-2.5657629415799175,51.498204,1.3409768196470289,TRUE,1440,1440,FALSE
FUSPCEU::FUSPCEU_S003::2024-10-08,FUSPCEU,FUSPCEU::FUSPCEU_S003,2024-10-08,3.166597227547223,0.5140955891319358,12.348446626994345,-1.7978445966451364,40.4165,0.2328064196470283,TRUE,1221,1440,FALSE
FUSPCEU::FUSPCEU_S003::2024-10-09,FUSPCEU,FUSPCEU::FUSPCEU_S003,2024-10-09,6.075628713040828,0.7906811777543812,12.305623547832171,-1.8406676758073104,40.4165,0.2328064196470283,TRUE,1395,1440,FALSE
FUSPCEU::FUSPCEU_S003::2024-10-10,FUSPCEU,FUSPCEU::FUSPCEU_S003,2024-10-10,5.5082930843152,0.7488307013877872,12.26295735961861,-1.8833338640208712,40.4165,0.2328064196470283,TRUE,1440,1440,FALSE
FUSPCEU::FUSPCEU_S003::2024-10-11,FUSPCEU,FUSPCEU::FUSPCEU_S003,2024-10-11,4.445160827348123,0.6575492550374319,12.220454689529207,-1.9258365341102746,40.4165,0.2328064196470283,TRUE,1440,1440,FALSE
FUSPCEU::FUSPCEU_S003::2024-10-12,FUSPCEU,FUSPCEU::FUSPCEU_S003,2024-10-12,3.267808966738483,0.5273474489070928,12.178122354679637,-1.9681688689598449,40.4165,0.2328064196470283,TRUE,1440,1440,FALSE
FUSPCEU::FUSPCEU_S003::2024-10-13,FUSPCEU,FUSPCEU::FUSPCEU_S003,2024-10-13,4.695475311990606,0.6808316595033992,12.13596737186114,-2.0103238517783417,40.4165,0.2328064196470283,TRUE,1440,1440,FALSE
FUSPCEU::FUSPCEU_S004::2024-10-08,FUSPCEU,FUSPCEU::FUSPCEU_S004,2024-10-08,3.2619126558686458,0.526586426067453,12.348446626994345,-1.7978445966451364,40.4165,0.2328064196470283,TRUE,1440,1440,FALSE
FUSPCEU::FUSPCEU_S004::2024-10-09,FUSPCEU,FUSPCEU::FUSPCEU_S004,2024-10-09,3.8399724289647326,0.5954931827417232,12.305623547832171,-1.8406676758073104,40.4165,0.2328064196470283,TRUE,1440,1440,FALSE
FUSPCEU::FUSPCEU_S004::2024-10-11,FUSPCEU,FUSPCEU::FUSPCEU_S004,2024-10-11,5.4782793074042155,0.7465002558295534,12.220454689529207,-1.9258365341102746,40.4165,0.2328064196470283,TRUE,1440,1440,FALSE
FUSPCEU::FUSPCEU_S004::2024-10-12,FUSPCEU,FUSPCEU::FUSPCEU_S004,2024-10-12,1.334890755910628,0.1568188377172546,12.178122354679637,-1.9681688689598449,40.4165,0.2328064196470283,TRUE,1278,1440,FALSE
FUSPCEU::FUSPCEU_S004::2024-10-13,FUSPCEU,FUSPCEU::FUSPCEU_S004,2024-10-13,5.6817820521078675,0.7620617166409541,12.13596737186114,-2.0103238517783417,40.4165,0.2328064196470283,TRUE,1440,1440,FALSE
FUSPCEU::FUSPCEU_S005::2024-10-15,FUSPCEU,FUSPCEU::FUSPCEU_S005,2024-10-15,4.658275742015225,0.6774496057898823,12.052218589584033,-2.0940726340554487,40.4165,0.2328064196470283,TRUE,1440,1440,FALSE
FUSPCEU::FUSPCEU_S005::2024-10-16,FUSPCEU,FUSPCEU::FUSPCEU_S005,2024-10-16,0.6405727592948096,-0.1304322667741901,12.010639912883441,-2.1356513107560406,40.4165,0.2328064196470283,TRUE,1289,1440,FALSE
FUSPCEU::FUSPCEU_S005::2024-10-17,FUSPCEU,FUSPCEU::FUSPCEU_S005,2024-10-17,1.0466149621865908,0.059417604587337164,11.969268852670988,-2.177022370968494,40.4165,0.2328064196470283,TRUE,1309,1440,FALSE
FUSPCEU::FUSPCEU_S005::2024-10-18,FUSPCEU,FUSPCEU::FUSPCEU_S005,2024-10-18,8.458643846980358,0.9324049543462013,11.928113571604094,-2.218177652035388,40.4165,0.2328064196470283,TRUE,1440,1440,FALSE
FUSPCEU::FUSPCEU_S005::2024-10-19,FUSPCEU,FUSPCEU::FUSPCEU_S005,2024-10-19,3.4132589293990123,0.5457101587488188,11.88718248864015,-2.259108734999332,40.4165,0.2328064196470283,TRUE,1337,1440,FALSE
FUSPCEU::FUSPCEU_S005::2024-10-20,FUSPCEU,FUSPCEU::FUSPCEU_S005,2024-10-20,0.12078453402147415,-0.6560313522489138,11.846484287579854,-2.2998069360596283,40.4165,0.2328064196470283,TRUE,1437,1440,FALSE
FUSPCEU::FUSPCEU_S006::2024-10-15,FUSPCEU,FUSPCEU::FUSPCEU_S006,2024-10-15,4.349069778671914,0.6482692172235489,12.052218589584033,-2.0940726340554487,40.4165,0.2328064196470283,TRUE,1368,1440,FALSE
FUSPCEU::FUSPCEU_S006::2024-10-16,FUSPCEU,FUSPCEU::FUSPCEU_S006,2024-10-16,5.273941919551887,0.7302929683579554,12.010639912883441,-2.1356513107560406,40.4165,0.2328064196470283,TRUE,1398,1440,FALSE
FUSPCEU::FUSPCEU_S006::2024-10-17,FUSPCEU,FUSPCEU::FUSPCEU_S006,2024-10-17,5.577168886074752,0.7541318139364153,11.969268852670988,-2.177022370968494,40.4165,0.2328064196470283,TRUE,1419,1440,FALSE
FUSPCEU::FUSPCEU_S006::2024-10-18,FUSPCEU,FUSPCEU::FUSPCEU_S006,2024-10-18,8.946893940514917,0.9564994989804404,11.928113571604094,-2.218177652035388,40.4165,0.2328064196470283,TRUE,1369,1440,FALSE
FUSPCEU::FUSPCEU_S006::2024-10-19,FUSPCEU,FUSPCEU::FUSPCEU_S006,2024-10-19,8.56847369882644,0.9379426358232844,11.88718248864015,-2.259108734999332,40.4165,0.2328064196470283,TRUE,1384,1440,FALSE
FUSPCEU::FUSPCEU_S007::2024-10-22,FUSPCEU,FUSPCEU::FUSPCEU_S007,2024-10-22,4.787335974472004,0.6890721951451889,11.765822637412283,-2.380468586227199,40.4165,0.2328064196470283,TRUE,1385,1440,FALSE
FUSPCEU::FUSPCEU_S007::2024-10-23,FUSPCEU,FUSPCEU::FUSPCEU_S007,2024-10-23,6.211191561975379,0.8001113624036219,11.725877948668268,-2.4204132749712137,40.4165,0.2328064196470283,TRUE,1425,1440,FALSE
FUSPCEU::FUSPCEU_S007::2024-10-24,FUSPCEU,FUSPCEU::FUSPCEU_S007,2024-10-24,7.023934489925789,0.8527199171367209,11.68620367626349,-2.4600875473759913,40.4165,0.2328064196470283,TRUE,1338,1440,FALSE
FUSPCEU::FUSPCEU_S007::2024-10-25,FUSPCEU,FUSPCEU::FUSPCEU_S007,2024-10-25,4.71651919096049,0.6827332950304966,11.646809936960539,-2.499481286678943,40.4165,0.2328064196470283,TRUE,1406,1440,FALSE
FUSPCEU::FUSPCEU_S007::2024-10-26,FUSPCEU,FUSPCEU::FUSPCEU_S007,2024-10-26,3.9860009418966054,0.6112984624091188,11.607707152366638,-2.538584071272844,40.4165,0.2328064196470283,TRUE,1440,1440,FALSE
FUSPCEU::FUSPCEU_S007::2024-10-27,FUSPCEU,FUSPCEU::FUSPCEU_S007,2024-10-27,3.576490016349111,0.5654333909658913,11.568906053569581,-2.577385170069901,40.4165,0.2328064196470283,TRUE,1365,1500,FALSE
FUSPCEU::FUSPCEU_S008::2024-10-22,FUSPCEU,FUSPCEU::FUSPCEU_S008,2024-10-22,6.67213762120812,0.8307257751197064,11.765822637412283,-2.380468586227199,40.4165,0.2328064196470283,TRUE,1440,1440,FALSE
FUSPCEU::FUSPCEU_S008::2024-10-23,FUSPCEU,FUSPCEU::FUSPCEU_S008,2024-10-23,4.723938777609942,0.6834017873752762,11.725877948668268,-2.4204132749712137,40.4165,0.2328064196470283,TRUE,1440,1440,FALSE
FUSPCEU::FUSPCEU_S008::2024-10-24,FUSPCEU,FUSPCEU::FUSPCEU_S008,2024-10-24,10.397124902369432,1.0210703647825536,11.68620367626349,-2.4600875473759913,40.4165,0.2328064196470283,TRUE,1440,1440,FALSE
FUSPCEU::FUSPCEU_S008::2024-10-25,FUSPCEU,FUSPCEU::FUSPCEU_S008,2024-10-25,0.5447697048749219,-0.1905953764677648,11.646809936960539,-2.499481286678943,40.4165,0.2328064196470283,TRUE,1440,1440,FALSE
FUSPCEU::FUSPCEU_S008::2024-10-26,FUSPCEU,FUSPCEU::FUSPCEU_S008,2024-10-26,1.0551919080216496,0.06265413805636913,11.607707152366638,-2.538584071272844,40.4165,0.2328064196470283,TRUE,1440,1440,FALSE
FUSPCEU::FUSPCEU_S008::2024-10-27,FUSPCEU,FUSPCEU::FUSPCEU_S008,2024-10-27,2.2541967126811158,0.3718427489333229,11.568906053569581,-2.577385170069901,40.4165,0.2328064196470283,TRUE,1500,1500,FALSE
FUSPCEU::FUSPCEU_S009::2024-11-04,FUSPCEU,FUSPCEU::FUSPCEU_S009,2024-11-04,0.6114160769447439,-0.14787632463028533,11.270750055644248,-2.875541167995234,40.4165,0.2328064196470283,TRUE,1440,1440,FALSE
FUSPCEU::FUSPCEU_S009::2024-11-05,FUSPCEU,FUSPCEU::FUSPCEU_S009,2024-11-05,6.769138630503734,0.8369022812410805,11.235199311110708,-2.9110919125287733,40.4165,0.2328064196470283,TRUE,1440,1440,FALSE
FUSPCEU::FUSPCEU_S009::2024-11-06,FUSPCEU,FUSPCEU::FUSPCEU_S009,2024-11-06,6.228231448483823,0.8012823546491015,11.200074996153514,-2.9462162274859676,40.4165,0.2328064196470283,TRUE,1440,1440,FALSE
FUSPCEU::FUSPCEU_S009::2024-11-07,FUSPCEU,FUSPCEU::FUSPCEU_S009,2024-11-07,7.038887055176435,0.8536305110100505,11.165391299592125,-2.980899924047357,40.4165,0.2328064196470283,TRUE,1440,1440,FALSE
FUSPCEU::FUSPCEU_S009::2024-11-08,FUSPCEU,FUSPCEU::FUSPCEU_S009,2024-11-08,4.6191248032269545,0.6738614629619516,11.131162701845168,-3.0151285217943133,40.4165,0.2328064196470283,TRUE,1440,1440,FALSE
FUSPCEU::FUSPCEU_S009::2024-11-09,FUSPCEU,FUSPCEU::FUSPCEU_S009,2024-11-09,1.999047714150854,0.32202231078673754,11.097403965526157,-3.048887258113325,40.4165,0.2328064196470283,TRUE,1440,1440,FALSE
FUSPCEU::FUSPCEU_S009::2024-11-10,FUSPCEU,FUSPCEU::FUSPCEU_S009,2024-11-10,1.9569381995239556,0.3132212435620466,11.06413012444973,-3.0821610991897526,40.4165,0.2328064196470283,TRUE,1440,1440,FALSE
FUSPCEU::FUSPCEU_S010::2024-11-04,FUSPCEU,FUSPCEU::FUSPCEU_S010,2024-11-04,0.6318668440904375,-0.13556792732566816,11.270750055644248,-2.875541167995234,40.4165,0.2328064196470283,TRUE,1440,1440,FALSE
FUSPCEU::FUSPCEU_S010::2024-11-05,FUSPCEU,FUSPCEU::FUSPCEU_S010,2024-11-05,9.903755306061523,1.0001630602548954,11.235199311110708,-2.9110919125287733,40.4165,0.2328064196470283,TRUE,1413,1440,FALSE
FUSPCEU::FUSPCEU_S010::2024-11-06,FUSPCEU,FUSPCEU::FUSPCEU_S010,2024-11-06,11.316055969492648,1.057516089327178,11.200074996153514,-2.9462162274859676,40.4165,0.2328064196470283,TRUE,1440,1440,FALSE
FUSPCEU::FUSPCEU_S010::2024-11-07,FUSPCEU,FUSPCEU::FUSPCEU_S010,2024-11-07,9.014521573535687,0.9597338772228607,11.165391299592125,-2.980899924047357,40.4165,0.2328064196470283,TRUE,1440,1440,FALSE
FUSPCEU::FUSPCEU_S011::2024-11-12,FUSPCEU,FUSPCEU::FUSPCEU_S011,2024-11-12,11.609604712772374,1.0685422346146956,10.999098544253243,-3.1471926793862384,40.4165,0.2328064196470283,TRUE,1440,1440,FALSE
FUSPCEU::FUSPCEU_S011::2024-11-13,FUSPCEU,FUSPCEU::FUSPCEU_S011,2024-11-13,6.308765237972915,0.8067743630616306,10.967372110684712,-3.1789191129547696,40.4165,0.2328064196470283,TRUE,1440,1440,FALSE
FUSPCEU::FUSPCEU_S011::2024-11-14,FUSPCEU,FUSPCEU::FUSPCEU_S011,2024-11-14,2.9434408406901698,0.48336486422554087,10.936193150546815,-3.2100980730926665,40.4165,0.2328064196470283,TRUE,1440,1440,FALSE
FUSPCEU::FUSPCEU_S011::2024-11-16,FUSPCEU,FUSPCEU::FUSPCEU_S011,2024-11-16,16.26460029534779,1.2139054021496885,10.875542518695196,-3.2707487049442854,40.4165,0.2328064196470283,TRUE,1286,1440,FALSE
FUSPCEU::FUSPCEU_S011::2024-11-17,FUSPCEU,FUSPCEU::FUSPCEU_S011,2024-11-17,1.9830152646264443,0.3186924525299555,10.84610369225343,-3.300187531386051,40.4165,0.2328064196470283,TRUE,1440,1440,FALSE
FUSPCEU::FUSPCEU_S012::2024-12-03,FUSPCEU,FUSPCEU::FUSPCEU_S012,2024-12-03,8.316180434733313,0.9251150377613053,10.469824230074883,-3.676466993564599,40.4165,0.2328064196470283,TRUE,1440,1440,FALSE
FUSPCEU::FUSPCEU_S012::2024-12-04,FUSPCEU,FUSPCEU::FUSPCEU_S012,2024-12-04,9.510105000694727,0.9827281328270463,10.453057371642855,-3.6932338519966272,40.4165,0.2328064196470283,TRUE,1440,1440,FALSE
FUSPCEU::FUSPCEU_S012::2024-12-05,FUSPCEU,FUSPCEU::FUSPCEU_S012,2024-12-05,12.605237331744684,1.1039827820116859,10.437175499664413,-3.709115723975069,40.4165,0.2328064196470283,TRUE,1440,1440,FALSE
FUSPCEU::FUSPCEU_S012::2024-12-06,FUSPCEU,FUSPCEU::FUSPCEU_S012,2024-12-06,2.2809405981439888,0.3767485603691418,10.42219187537829,-3.7240993482611913,40.4165,0.2328064196470283,TRUE,1440,1440,FALSE
FUSPCEU::FUSPCEU_S012::2024-12-07,FUSPCEU,FUSPCEU::FUSPCEU_S012,2024-12-07,1.5286378808610475,0.21182453192900133,10.408119205898709,-3.738172017740773,40.4165,0.2328064196470283,TRUE,1440,1440,FALSE
FUSPCEU::FUSPCEU_S012::2024-12-08,FUSPCEU,FUSPCEU::FUSPCEU_S012,2024-12-08,1.1371533295256528,0.09242352827926492,10.394969606002173,-3.751321617637309,40.4165,0.2328064196470283,TRUE,1440,1440,FALSE
FUSPCEU::FUSPCEU_S013::2024-11-19,FUSPCEU,FUSPCEU::FUSPCEU_S013,2024-11-19,12.334865642539052,1.0946410971235159,10.789082120656968,-3.357209102982514,40.4165,0.2328064196470283,TRUE,1440,1440,FALSE
FUSPCEU::FUSPCEU_S013::2024-11-20,FUSPCEU,FUSPCEU::FUSPCEU_S013,2024-11-20,12.124370176696775,1.087226492676524,10.761532905565367,-3.3847583180741143,40.4165,0.2328064196470283,TRUE,1440,1440,FALSE
FUSPCEU::FUSPCEU_S013::2024-11-21,FUSPCEU,FUSPCEU::FUSPCEU_S013,2024-11-21,5.722871541328908,0.765137209220616,10.73464718706078,-3.4116440365787017,40.4165,0.2328064196470283,TRUE,1440,1440,FALSE
FUSPCEU::FUSPCEU_S013::2024-11-22,FUSPCEU,FUSPCEU::FUSPCEU_S013,2024-11-22,8.998551663354114,0.9589722654338324,10.708441830012534,-3.437849393626948,40.4165,0.2328064196470283,TRUE,1440,1440,FALSE
FUSPCEU::FUSPCEU_S013::2024-11-23,FUSPCEU,FUSPCEU::FUSPCEU_S013,2024-11-23,5.311377577608568,0.7333078377860154,10.682933683130477,-3.463357540509005,40.4165,0.2328064196470283,TRUE,1440,1440,FALSE
FUSPCEU::FUSPCEU_S013::2024-11-24,FUSPCEU,FUSPCEU::FUSPCEU_S013,2024-11-24,1.8696460141274027,0.2943881815296625,10.65813954671224,-3.4881516769272416,40.4165,0.2328064196470283,TRUE,1440,1440,FALSE
FUSPCEU::FUSPCEU_S014::2024-11-20,FUSPCEU,FUSPCEU::FUSPCEU_S014,2024-11-20,8.380726239441183,0.9284330442704974,10.761532905565367,-3.3847583180741143,40.4165,0.2328064196470283,TRUE,1440,1440,FALSE
FUSPCEU::FUSPCEU_S014::2024-11-21,FUSPCEU,FUSPCEU::FUSPCEU_S014,2024-11-21,8.623337468619132,0.9406826737969527,10.73464718706078,-3.4116440365787017,40.4165,0.2328064196470283,TRUE,1408,1440,FALSE
FUSPCEU::FUSPCEU_S014::2024-11-22,FUSPCEU,FUSPCEU::FUSPCEU_S014,2024-11-22,10.039233064056488,1.006005106018527,10.708441830012534,-3.437849393626948,40.4165,0.2328064196470283,TRUE,1440,1440,FALSE
FUSPCEU::FUSPCEU_S014::2024-11-23,FUSPCEU,FUSPCEU::FUSPCEU_S014,2024-11-23,2.627255658311667,0.4357258514692115,10.682933683130477,-3.463357540509005,40.4165,0.2328064196470283,TRUE,1319,1440,FALSE
FUSPCEU::FUSPCEU_S014::2024-11-24,FUSPCEU,FUSPCEU::FUSPCEU_S014,2024-11-24,2.385789701891325,0.3954643844941364,10.65813954671224,-3.4881516769272416,40.4165,0.2328064196470283,TRUE,1241,1440,FALSE
FUSPCEU::FUSPCEU_S015::2024-11-26,FUSPCEU,FUSPCEU::FUSPCEU_S015,2024-11-26,3.21863987744593,0.5209601274542278,10.61076005200545,-3.535531171634032,40.4165,0.2328064196470283,TRUE,1440,1440,FALSE
FUSPCEU::FUSPCEU_S015::2024-11-27,FUSPCEU,FUSPCEU::FUSPCEU_S015,2024-11-27,6.852802378695131,0.8421598854963701,10.588207732571496,-3.558083491067986,40.4165,0.2328064196470283,TRUE,1440,1440,FALSE
FUSPCEU::FUSPCEU_S015::2024-11-28,FUSPCEU,FUSPCEU::FUSPCEU_S015,2024-11-28,7.425570487876831,0.8765394278998679,10.566435426274936,-3.579855797364546,40.4165,0.2328064196470283,TRUE,1440,1440,FALSE
FUSPCEU::FUSPCEU_S015::2024-11-29,FUSPCEU,FUSPCEU::FUSPCEU_S015,2024-11-29,4.5294673664468155,0.6655310270612534,10.545459147691727,-3.6008320759477552,40.4165,0.2328064196470283,TRUE,1440,1440,FALSE
FUSPCEU::FUSPCEU_S015::2024-11-30,FUSPCEU,FUSPCEU::FUSPCEU_S015,2024-11-30,3.5045859098506646,0.5568553807347278,10.525294639203283,-3.620996584436199,40.4165,0.2328064196470283,TRUE,1282,1440,FALSE
FUSPCEU::FUSPCEU_S015::2024-12-01,FUSPCEU,FUSPCEU::FUSPCEU_S015,2024-12-01,2.7221185848612652,0.4505752587694431,10.505957330796454,-3.640333892843028,40.4165,0.2328064196470283,TRUE,1440,1440,FALSE
FUSPCEU::FUSPCEU_S016::2024-11-26,FUSPCEU,FUSPCEU::FUSPCEU_S016,2024-11-26,3.6731098375782185,0.5766994479679725,10.61076005200545,-3.535531171634032,40.4165,0.2328064196470283,TRUE,1392,1440,FALSE
FUSPCEU::FUSPCEU_S016::2024-11-27,FUSPCEU,FUSPCEU::FUSPCEU_S016,2024-11-27,4.538240783238833,0.6663532902523005,10.588207732571496,-3.558083491067986,40.4165,0.2328064196470283,TRUE,1369,1440,FALSE
FUSPCEU::FUSPCEU_S016::2024-11-29,FUSPCEU,FUSPCEU::FUSPCEU_S016,2024-11-29,1.8691586198053836,0.2942807008672195,10.545459147691727,-3.6008320759477552,40.4165,0.2328064196470283,TRUE,1238,1440,FALSE
FUSPCEU::FUSPCEU_S016::2024-11-30,FUSPCEU,FUSPCEU::FUSPCEU_S016,2024-11-30,1.2625658341319341,0.13435749495564778,10.525294639203283,-3.620996584436199,40.4165,0.2328064196470283,TRUE,1440,1440,FALSE
FUSPCEU::FUSPCEU_S016::2024-12-01,FUSPCEU,FUSPCEU::FUSPCEU_S016,2024-12-01,0.7631113068990176,-0.063933194024137,10.505957330796454,-3.640333892843028,40.4165,0.2328064196470283,TRUE,1338,1440,FALSE
FUSPCEU::FUSPCEU_S017::2024-12-03,FUSPCEU,FUSPCEU::FUSPCEU_S017,2024-12-03,0.39307514835632096,-0.30708688593712535,10.469824230074883,-3.676466993564599,40.4165,0.2328064196470283,TRUE,1440,1440,FALSE
FUSPCEU::FUSPCEU_S017::2024-12-04,FUSPCEU,FUSPCEU::FUSPCEU_S017,2024-12-04,2.65935550722523,0.4408076573040785,10.453057371642855,-3.6932338519966272,40.4165,0.2328064196470283,TRUE,1440,1440,FALSE
FUSPCEU::FUSPCEU_S017::2024-12-05,FUSPCEU,FUSPCEU::FUSPCEU_S017,2024-12-05,1.847086646078675,0.2893852782157493,10.437175499664413,-3.709115723975069,40.4165,0.2328064196470283,TRUE,1440,1440,FALSE
FUSPCEU::FUSPCEU_S017::2024-12-06,FUSPCEU,FUSPCEU::FUSPCEU_S017,2024-12-06,0.10936612565650008,-0.6790935835478783,10.42219187537829,-3.7240993482611913,40.4165,0.2328064196470283,TRUE,1440,1440,FALSE
FUSPCEU::FUSPCEU_S017::2024-12-07,FUSPCEU,FUSPCEU::FUSPCEU_S017,2024-12-07,0.45664896884967154,-0.25441859109263876,10.408119205898709,-3.738172017740773,40.4165,0.2328064196470283,TRUE,1239,1440,FALSE
FUSPCEU::FUSPCEU_S017::2024-12-08,FUSPCEU,FUSPCEU::FUSPCEU_S017,2024-12-08,0.4508962768004372,-0.25893016277006076,10.394969606002173,-3.751321617637309,40.4165,0.2328064196470283,TRUE,1299,1440,FALSE
FUSPCEU::FUSPCEU_S018::2024-12-10,FUSPCEU,FUSPCEU::FUSPCEU_S018,2024-12-10,0.36893666584642504,-0.32888580873646356,10.371484889454312,-3.77480633418517,40.4165,0.2328064196470283,TRUE,1440,1440,FALSE
FUSPCEU::FUSPCEU_S018::2024-12-11,FUSPCEU,FUSPCEU::FUSPCEU_S018,2024-12-11,0.35417124687835533,-0.3427803639897739,10.361170710656378,-3.785120512983104,40.4165,0.2328064196470283,TRUE,1440,1440,FALSE
FUSPCEU::FUSPCEU_S018::2024-12-12,FUSPCEU,FUSPCEU::FUSPCEU_S018,2024-12-12,0.36978842035419013,-0.32809769219497287,10.351821409728792,-3.7944698139106894,40.4165,0.2328064196470283,TRUE,1440,1440,FALSE
FUSPCEU::FUSPCEU_S018::2024-12-13,FUSPCEU,FUSPCEU::FUSPCEU_S018,2024-12-13,0.6492630516437456,-0.12536568320715627,10.343445607622465,-3.8028456160170165,40.4165,0.2328064196470283,TRUE,1440,1440,FALSE
FUSPCEU::FUSPCEU_S018::2024-12-14,FUSPCEU,FUSPCEU::FUSPCEU_S018,2024-12-14,0.4858893745566345,-0.23218437810319342,10.336051132281622,-3.8102400913578602,40.4165,0.2328064196470283,TRUE,1301,1440,FALSE
FUSPCEU::FUSPCEU_S018::2024-12-15,FUSPCEU,FUSPCEU::FUSPCEU_S018,2024-12-15,1.6553610281957238,0.2443664520999674,10.329644992086623,-3.816646231552859,40.4165,0.2328064196470283,TRUE,1440,1440,FALSE
FUSPCEU::FUSPCEU_S019::2024-12-10,FUSPCEU,FUSPCEU::FUSPCEU_S019,2024-12-10,3.70346010040466,0.580178864717507,10.371484889454312,-3.77480633418517,40.4165,0.2328064196470283,TRUE,1440,1440,FALSE
FUSPCEU::FUSPCEU_S019::2024-12-11,FUSPCEU,FUSPCEU::FUSPCEU_S019,2024-12-11,4.3174657731983395,0.6451731932509738,10.361170710656378,-3.785120512983104,40.4165,0.2328064196470283,TRUE,1440,1440,FALSE
FUSPCEU::FUSPCEU_S019::2024-12-12,FUSPCEU,FUSPCEU::FUSPCEU_S019,2024-12-12,0.7375308171137132,-0.07699920404490489,10.351821409728792,-3.7944698139106894,40.4165,0.2328064196470283,TRUE,1440,1440,FALSE
FUSPCEU::FUSPCEU_S019::2024-12-13,FUSPCEU,FUSPCEU::FUSPCEU_S019,2024-12-13,2.955459387274409,0.4850765155145792,10.343445607622465,-3.8028456160170165,40.4165,0.2328064196470283,TRUE,1440,1440,FALSE
FUSPCEU::FUSPCEU_S019::2024-12-14,FUSPCEU,FUSPCEU::FUSPCEU_S019,2024-12-14,0.5219477045756408,-0.2062461306934822,10.336051132281622,-3.8102400913578602,40.4165,0.2328064196470283,TRUE,1440,1440,FALSE
FUSPCEU::FUSPCEU_S019::2024-12-15,FUSPCEU,FUSPCEU::FUSPCEU_S019,2024-12-15,0.8098354781292249,-0.04103713229465701,10.329644992086623,-3.816646231552859,40.4165,0.2328064196470283,TRUE,1440,1440,FALSE
FUSPCEU::FUSPCEU_S020::2025-01-21,FUSPCEU,FUSPCEU::FUSPCEU_S020,2025-01-21,3.3072027064905063,0.5323979720449791,10.77204123781787,-3.3742499858216117,40.4165,0.2328064196470283,TRUE,1440,1440,FALSE
FUSPCEU::FUSPCEU_S020::2025-01-22,FUSPCEU,FUSPCEU::FUSPCEU_S020,2025-01-22,3.653120892355451,0.5743925537648752,10.800073096619712,-3.3462181270197693,40.4165,0.2328064196470283,TRUE,1440,1440,FALSE
FUSPCEU::FUSPCEU_S020::2025-01-23,FUSPCEU,FUSPCEU::FUSPCEU_S020,2025-01-23,6.27156075780068,0.8042458287991271,10.828762292199665,-3.317528931439817,40.4165,0.2328064196470283,TRUE,1440,1440,FALSE
FUSPCEU::FUSPCEU_S020::2025-01-24,FUSPCEU,FUSPCEU::FUSPCEU_S020,2025-01-24,1.3317384479110435,0.1558636876619317,10.858091982603073,-3.288199241036409,40.4165,0.2328064196470283,TRUE,1440,1440,FALSE
FUSPCEU::FUSPCEU_S020::2025-01-25,FUSPCEU,FUSPCEU::FUSPCEU_S020,2025-01-25,1.109465600391024,0.08259352067407766,10.888045382764604,-3.258245840874878,40.4165,0.2328064196470283,TRUE,1440,1440,FALSE
FUSPCEU::FUSPCEU_S020::2025-01-26,FUSPCEU,FUSPCEU::FUSPCEU_S020,2025-01-26,0.5147638934359883,-0.21129164758411703,10.91860579205884,-3.2276854315806425,40.4165,0.2328064196470283,TRUE,1440,1440,FALSE
FUSPCEU::FUSPCEU_S022::2025-01-28,FUSPCEU,FUSPCEU::FUSPCEU_S022,2025-01-28,3.7266307050483443,0.5828165519818957,10.981481417152617,-3.164809806486865,40.4165,0.2328064196470283,TRUE,1440,1440,FALSE
FUSPCEU::FUSPCEU_S022::2025-01-29,FUSPCEU,FUSPCEU::FUSPCEU_S022,2025-01-29,4.7471640086674185,0.6854877147617925,11.013763885233137,-3.1325273384063443,40.4165,0.2328064196470283,TRUE,1440,1440,FALSE
FUSPCEU::FUSPCEU_S022::2025-01-30,FUSPCEU,FUSPCEU::FUSPCEU_S022,2025-01-30,0.9828080181855655,0.03455146305788227,11.046587911711798,-3.0997033119276836,40.4165,0.2328064196470283,TRUE,1440,1440,FALSE
FUSPCEU::FUSPCEU_S022::2025-01-31,FUSPCEU,FUSPCEU::FUSPCEU_S022,2025-01-31,6.579118101260377,0.8247191227987992,11.079937583009402,-3.06635364063008,40.4165,0.2328064196470283,TRUE,1440,1440,FALSE
FUSPCEU::FUSPCEU_S022::2025-02-01,FUSPCEU,FUSPCEU::FUSPCEU_S022,2025-02-01,1.9660455212470382,0.31513988611322624,11.113797203765975,-3.032494019873507,40.4165,0.2328064196470283,TRUE,1440,1440,FALSE
FUSPCEU::FUSPCEU_S022::2025-02-02,FUSPCEU,FUSPCEU::FUSPCEU_S022,2025-02-02,1.6300296714281621,0.23805355169932518,11.148151313198937,-2.9981399104405444,40.4165,0.2328064196470283,TRUE,1440,1440,FALSE
FUSPCEU::FUSPCEU_S023::2025-01-28,FUSPCEU,FUSPCEU::FUSPCEU_S023,2025-01-28,2.6301104299770257,0.4361802141322208,10.981481417152617,-3.164809806486865,40.4165,0.2328064196470283,TRUE,1440,1440,FALSE
FUSPCEU::FUSPCEU_S023::2025-01-29,FUSPCEU,FUSPCEU::FUSPCEU_S023,2025-01-29,6.645638123342357,0.8290230393063399,11.013763885233137,-3.1325273384063443,40.4165,0.2328064196470283,TRUE,1440,1440,FALSE
FUSPCEU::FUSPCEU_S023::2025-01-30,FUSPCEU,FUSPCEU::FUSPCEU_S023,2025-01-30,3.2510700571394837,0.525183507247703,11.046587911711798,-3.0997033119276836,40.4165,0.2328064196470283,TRUE,1440,1440,FALSE
FUSPCEU::FUSPCEU_S023::2025-01-31,FUSPCEU,FUSPCEU::FUSPCEU_S023,2025-01-31,5.130147960258894,0.7185139751799013,11.079937583009402,-3.06635364063008,40.4165,0.2328064196470283,TRUE,1440,1440,FALSE
FUSPCEU::FUSPCEU_S023::2025-02-01,FUSPCEU,FUSPCEU::FUSPCEU_S023,2025-02-01,2.794822495491989,0.4616219388435001,11.113797203765975,-3.032494019873507,40.4165,0.2328064196470283,TRUE,1440,1440,FALSE
FUSPCEU::FUSPCEU_S023::2025-02-02,FUSPCEU,FUSPCEU::FUSPCEU_S023,2025-02-02,2.4634026678743526,0.40881683197435864,11.148151313198937,-2.9981399104405444,40.4165,0.2328064196470283,TRUE,1440,1440,FALSE
FUSPCEU::FUSPCEU_S024::2025-02-04,FUSPCEU,FUSPCEU::FUSPCEU_S024,2025-02-04,2.3526836381515177,0.3896415339113739,11.218282416065534,-2.9280088075739474,40.4165,0.2328064196470283,TRUE,1430,1440,FALSE
FUSPCEU::FUSPCEU_S024::2025-02-05,FUSPCEU,FUSPCEU::FUSPCEU_S024,2025-02-05,7.182540698307192,0.8622829203509713,11.254029786454307,-2.8922614371851747,40.4165,0.2328064196470283,TRUE,1315,1440,FALSE
FUSPCEU::FUSPCEU_S024::2025-02-06,FUSPCEU,FUSPCEU::FUSPCEU_S024,2025-02-06,3.834470889510282,0.5948863363859459,11.290212421417236,-2.856078802222246,40.4165,0.2328064196470283,TRUE,1350,1440,FALSE
FUSPCEU::FUSPCEU_S024::2025-02-08,FUSPCEU,FUSPCEU::FUSPCEU_S024,2025-02-08,1.4692039784378197,0.1956794005353733,11.36382739689615,-2.7824638267433315,40.4165,0.2328064196470283,TRUE,1440,1440,FALSE
FUSPCEU::FUSPCEU_S024::2025-02-09,FUSPCEU,FUSPCEU::FUSPCEU_S024,2025-02-09,0.6962890967443194,-0.09892923084689027,11.401232449942166,-2.745058773697316,40.4165,0.2328064196470283,TRUE,1440,1440,FALSE
FUSPCEU::FUSPCEU_S025::2025-02-04,FUSPCEU,FUSPCEU::FUSPCEU_S025,2025-02-04,6.723214456857829,0.8339890215754169,11.218282416065534,-2.9280088075739474,40.4165,0.2328064196470283,TRUE,1288,1440,FALSE
FUSPCEU::FUSPCEU_S025::2025-02-05,FUSPCEU,FUSPCEU::FUSPCEU_S025,2025-02-05,5.821499772464071,0.7724317169279199,11.254029786454307,-2.8922614371851747,40.4165,0.2328064196470283,TRUE,1302,1440,FALSE
FUSPCEU::FUSPCEU_S025::2025-02-06,FUSPCEU,FUSPCEU::FUSPCEU_S025,2025-02-06,8.011250498520413,0.9090878138587083,11.290212421417236,-2.856078802222246,40.4165,0.2328064196470283,TRUE,1428,1440,FALSE
FUSPCEU::FUSPCEU_S025::2025-02-09,FUSPCEU,FUSPCEU::FUSPCEU_S025,2025-02-09,3.82610632817127,0.5939620571368216,11.401232449942166,-2.745058773697316,40.4165,0.2328064196470283,TRUE,1156,1440,FALSE
IZTECH::IZTECH_S001::2024-12-24,IZTECH,IZTECH::IZTECH_S001,2024-12-24,0.05413007834379893,-0.812112600839976,10.489451321429677,-3.6568399022098053,38.32,0.023156419647028414,TRUE,1440,1440,FALSE
IZTECH::IZTECH_S001::2024-12-25,IZTECH,IZTECH::IZTECH_S001,2024-12-25,2.8513085949685846,0.4700146226090727,10.492750476797422,-3.6535407468420598,38.32,0.023156419647028414,TRUE,1440,1440,FALSE
IZTECH::IZTECH_S001::2024-12-26,IZTECH,IZTECH::IZTECH_S001,2024-12-26,3.726206476570736,0.5827684024962324,10.496976461079386,-3.6493147625600955,38.32,0.023156419647028414,TRUE,1415,1440,FALSE
IZTECH::IZTECH_S001::2024-12-27,IZTECH,IZTECH::IZTECH_S001,2024-12-27,3.4676462464201747,0.552381784929352,10.50212588707606,-3.6441653365634217,38.32,0.023156419647028414,TRUE,1440,1440,FALSE
IZTECH::IZTECH_S001::2024-12-28,IZTECH,IZTECH::IZTECH_S001,2024-12-28,3.102233817094652,0.5054530395653626,10.50819456073973,-3.638096662899752,38.32,0.023156419647028414,TRUE,1440,1440,FALSE
IZTECH::IZTECH_S001::2024-12-29,IZTECH,IZTECH::IZTECH_S001,2024-12-29,2.155695711268143,0.3532805138262896,10.515177495413356,-3.6311137282261257,38.32,0.023156419647028414,TRUE,1440,1440,FALSE
IZTECH::IZTECH_S001::2024-12-30,IZTECH,IZTECH::IZTECH_S001,2024-12-30,3.634534135599022,0.5722364334720378,10.523068928983477,-3.6232222946560046,38.32,0.023156419647028414,TRUE,1375,1440,FALSE
IZTECH::IZTECH_S002::2025-01-07,IZTECH,IZTECH::IZTECH_S002,2025-01-07,4.735245597648326,0.6844185381903846,10.617976313961877,-3.5283149096776043,38.32,0.023156419647028414,TRUE,1279,1440,FALSE
IZTECH::IZTECH_S002::2025-01-08,IZTECH,IZTECH::IZTECH_S002,2025-01-08,4.266194922586005,0.6401031202677259,10.63366825911734,-3.5126229645221425,38.32,0.023156419647028414,TRUE,1440,1440,FALSE
IZTECH::IZTECH_S002::2025-01-09,IZTECH,IZTECH::IZTECH_S002,2025-01-09,7.985796157270064,0.9077227885820397,10.650173718598154,-3.496117505041328,38.32,0.023156419647028414,TRUE,1412,1440,FALSE
IZTECH::IZTECH_S002::2025-01-10,IZTECH,IZTECH::IZTECH_S002,2025-01-10,3.4018360616702625,0.544295810742714,10.667480112777817,-3.478811110861665,38.32,0.023156419647028414,TRUE,1202,1440,FALSE
IZTECH::IZTECH_S002::2025-01-11,IZTECH,IZTECH::IZTECH_S002,2025-01-11,5.786262575415338,0.7698396312787942,10.685574437181154,-3.4607167864583275,38.32,0.023156419647028414,TRUE,1440,1440,FALSE
IZTECH::IZTECH_S002::2025-01-12,IZTECH,IZTECH::IZTECH_S002,2025-01-12,3.6084491216329964,0.5691923250504929,10.704443298247126,-3.4418479253923557,38.32,0.023156419647028414,TRUE,1440,1440,FALSE
IZTECH::IZTECH_S003::2025-01-07,IZTECH,IZTECH::IZTECH_S003,2025-01-07,5.253772765574402,0.728659934136789,10.617976313961877,-3.5283149096776043,38.32,0.023156419647028414,TRUE,1440,1440,FALSE
IZTECH::IZTECH_S003::2025-01-08,IZTECH,IZTECH::IZTECH_S003,2025-01-08,4.130087819620237,0.6263493837297862,10.63366825911734,-3.5126229645221425,38.32,0.023156419647028414,TRUE,1440,1440,FALSE
IZTECH::IZTECH_S003::2025-01-09,IZTECH,IZTECH::IZTECH_S003,2025-01-09,5.986690638998945,0.7843812289437532,10.650173718598154,-3.496117505041328,38.32,0.023156419647028414,TRUE,1440,1440,FALSE
IZTECH::IZTECH_S003::2025-01-10,IZTECH,IZTECH::IZTECH_S003,2025-01-10,9.328786514472515,0.9744558026015787,10.667480112777817,-3.478811110861665,38.32,0.023156419647028414,TRUE,1440,1440,FALSE
IZTECH::IZTECH_S003::2025-01-11,IZTECH,IZTECH::IZTECH_S003,2025-01-11,3.5046864643290947,0.5568674957590601,10.685574437181154,-3.4607167864583275,38.32,0.023156419647028414,TRUE,1402,1440,FALSE
IZTECH::IZTECH_S003::2025-01-12,IZTECH,IZTECH::IZTECH_S003,2025-01-12,4.226284813303649,0.6361151070527972,10.704443298247126,-3.4418479253923557,38.32,0.023156419647028414,TRUE,1440,1440,FALSE
IZTECH::IZTECH_S004::2025-01-22,IZTECH,IZTECH::IZTECH_S004,2025-01-22,4.821300283005395,0.6920798651912682,10.9325787850221,-3.2137124386173817,38.32,0.023156419647028414,TRUE,1440,1440,FALSE
IZTECH::IZTECH_S004::2025-01-23,IZTECH,IZTECH::IZTECH_S004,2025-01-23,6.988454255817101,0.8505515410563846,10.959008137186368,-3.187283086453114,38.32,0.023156419647028414,TRUE,1440,1440,FALSE
IZTECH::IZTECH_S004::2025-01-24,IZTECH,IZTECH::IZTECH_S004,2025-01-24,7.043143100797093,0.8538893505674956,10.986033838391304,-3.160257385248178,38.32,0.023156419647028414,TRUE,1440,1440,FALSE
IZTECH::IZTECH_S004::2025-01-25,IZTECH,IZTECH::IZTECH_S004,2025-01-25,3.9110595047779007,0.6032591048649673,11.013640581170717,-3.1326506424687643,38.32,0.023156419647028414,TRUE,1440,1440,FALSE
IZTECH::IZTECH_S004::2025-01-26,IZTECH,IZTECH::IZTECH_S004,2025-01-26,4.827513997295641,0.692627866627711,11.0418131228288,-3.104478100810681,38.32,0.023156419647028414,TRUE,1395,1440,FALSE
IZTECH::IZTECH_S005::2025-01-21,IZTECH,IZTECH::IZTECH_S005,2025-01-21,6.2799025370710595,0.8048140442485076,10.906761128637525,-3.2395300950019568,38.32,0.023156419647028414,TRUE,1440,1440,FALSE
IZTECH::IZTECH_S005::2025-01-22,IZTECH,IZTECH::IZTECH_S005,2025-01-22,4.344996973810849,0.6478714696352096,10.9325787850221,-3.2137124386173817,38.32,0.023156419647028414,TRUE,1386,1440,FALSE
IZTECH::IZTECH_S005::2025-01-23,IZTECH,IZTECH::IZTECH_S005,2025-01-23,5.857356535399789,0.7750535924982357,10.959008137186368,-3.187283086453114,38.32,0.023156419647028414,TRUE,1440,1440,FALSE
IZTECH::IZTECH_S005::2025-01-24,IZTECH,IZTECH::IZTECH_S005,2025-01-24,7.274061348618925,0.8677067464048741,10.986033838391304,-3.160257385248178,38.32,0.023156419647028414,TRUE,1387,1440,FALSE
IZTECH::IZTECH_S005::2025-01-25,IZTECH,IZTECH::IZTECH_S005,2025-01-25,2.7674097434342095,0.4574897566359444,11.013640581170717,-3.1326506424687643,38.32,0.023156419647028414,TRUE,1440,1440,FALSE
IZTECH::IZTECH_S005::2025-01-26,IZTECH,IZTECH::IZTECH_S005,2025-01-26,2.9520384663438985,0.48459000294457893,11.0418131228288,-3.104478100810681,38.32,0.023156419647028414,TRUE,1385,1440,FALSE
IZTECH::IZTECH_S006::2025-02-18,IZTECH,IZTECH::IZTECH_S006,2025-02-18,6.781576419383052,0.837687937046019,11.813367618785964,-2.3329236048535176,38.32,0.023156419647028414,TRUE,1374,1440,FALSE
IZTECH::IZTECH_S006::2025-02-19,IZTECH,IZTECH::IZTECH_S006,2025-02-19,9.424066659004453,0.9788224263733812,11.851021302806007,-2.2952699208334746,38.32,0.023156419647028414,TRUE,1440,1440,FALSE
IZTECH::IZTECH_S006::2025-02-20,IZTECH,IZTECH::IZTECH_S006,2025-02-20,9.424077058207276,0.9788229005735416,11.888926246033774,-2.2573649776057074,38.32,0.023156419647028414,TRUE,1439,1440,FALSE
IZTECH::IZTECH_S006::2025-02-21,IZTECH,IZTECH::IZTECH_S006,2025-02-21,4.3682424322371345,0.6501367284826286,11.927073288957278,-2.219217934682204,38.32,0.023156419647028414,TRUE,1297,1440,FALSE
IZTECH::IZTECH_S006::2025-02-22,IZTECH,IZTECH::IZTECH_S006,2025-02-22,7.548249332886908,0.88356203749658635,11.965453527503543,-2.1808376961359386,38.32,0.023156419647028414,TRUE,1440,1440,FALSE
IZTECH::IZTECH_S006::2025-02-23,IZTECH,IZTECH::IZTECH_S006,2025-02-23,14.912658912129746,1.1764576175330799,12.004058307475514,-2.1422329161639677,38.32,0.023156419647028414,TRUE,1370,1440,FALSE
IZTECH::IZTECH_S007::2025-02-25,IZTECH,IZTECH::IZTECH_S007,2025-02-25,4.075271009618986,0.6206846700381118,12.08190808110767,-2.0643831425318115,38.32,0.023156419647028414,TRUE,1353,1440,FALSE
IZTECH::IZTECH_S007::2025-02-26,IZTECH,IZTECH::IZTECH_S007,2025-02-26,4.722376154240117,0.6832610831338041,12.121136951049168,-2.0251542725903136,38.32,0.023156419647028414,TRUE,1351,1440,FALSE
IZTECH::IZTECH_S007::2025-02-27,IZTECH,IZTECH::IZTECH_S007,2025-02-27,3.8255185163577345,0.5938970302328246,12.160558099481795,-1.9857331241576865,38.32,0.023156419647028414,TRUE,1440,1440,FALSE
IZTECH::IZTECH_S007::2025-02-28,IZTECH,IZTECH::IZTECH_S007,2025-02-28,1.3956245694065215,0.17482259092323021,12.200164010590978,-1.946127213048504,38.32,0.023156419647028414,TRUE,1440,1440,FALSE
IZTECH::IZTECH_S007::2025-03-01,IZTECH,IZTECH::IZTECH_S007,2025-03-01,1.6030476671245528,0.23122680373444338,12.23994737168153,-1.906343851957951,38.32,0.023156419647028414,TRUE,1261,1440,FALSE
IZTECH::IZTECH_S007::2025-03-02,IZTECH,IZTECH::IZTECH_S007,2025-03-02,1.1474960962139729,0.09603919526105256,12.279901064501868,-1.8663901591376142,38.32,0.023156419647028414,TRUE,1440,1440,FALSE
IZTECH::IZTECH_S008::2025-03-04,IZTECH,IZTECH::IZTECH_S008,2025-03-04,2.7642303582345416,0.4570079435544559,12.36029188712438,-1.7859993365151023,38.32,0.023156419647028414,TRUE,1440,1440,FALSE
IZTECH::IZTECH_S008::2025-03-05,IZTECH,IZTECH::IZTECH_S008,2025-03-05,7.691335300568453,0.8916118946394603,12.400715667472946,-1.7455755561665356,38.32,0.023156419647028414,TRUE,1393,1440,FALSE
IZTECH::IZTECH_S008::2025-03-06,IZTECH,IZTECH::IZTECH_S008,2025-03-06,3.0938740402891463,0.5043177844743334,12.441283061040773,-1.705008162598709,38.32,0.023156419647028414,TRUE,1410,1440,FALSE
IZTECH::IZTECH_S008::2025-03-07,IZTECH,IZTECH::IZTECH_S008,2025-03-07,2.930592938808088,0.48152760700387426,12.481987778014608,-1.6643034456248742,38.32,0.023156419647028414,TRUE,1413,1440,FALSE
IZTECH::IZTECH_S008::2025-03-09,IZTECH,IZTECH::IZTECH_S008,2025-03-09,4.512322486977467,0.6639196649319604,12.563784693280855,-1.5825065303586268,38.32,0.023156419647028414,TRUE,1440,1440,FALSE
IZTECH::IZTECH_S009::2025-03-20,IZTECH,IZTECH::IZTECH_S009,2025-03-20,3.126434926066125,0.5087229102503974,13.02098494960202,-1.1253062740374613,38.32,0.023156419647028414,TRUE,1365,1440,FALSE
IZTECH::IZTECH_S009::2025-03-21,IZTECH,IZTECH::IZTECH_S009,2025-03-21,5.858354383925329,0.7751263300985962,13.063008562657568,-1.0832826609819133,38.32,0.023156419647028414,TRUE,1293,1440,FALSE
IZTECH::IZTECH_S009::2025-03-22,IZTECH,IZTECH::IZTECH_S009,2025-03-22,9.023510523462521,0.9601619773212346,13.105085474186474,-1.0412057494530078,38.32,0.023156419647028414,TRUE,1307,1440,FALSE
IZTECH::IZTECH_S009::2025-03-24,IZTECH,IZTECH::IZTECH_S009,2025-03-24,4.4375658037105765,0.6568229362218374,13.189377503262627,-0.9569137203768552,38.32,0.023156419647028414,TRUE,1317,1440,FALSE
IZTECH::IZTECH_S009::2025-03-25,IZTECH,IZTECH::IZTECH_S009,2025-03-25,6.35888417736498,0.8101574967149605,13.23158166481389,-0.9147095588255922,38.32,0.023156419647028414,TRUE,1366,1440,FALSE
IZTECH::IZTECH_S009::2025-03-26,IZTECH,IZTECH::IZTECH_S009,2025-03-26,4.231654346565571,0.6366537938977772,13.27381718940205,-0.8724740342374311,38.32,0.023156419647028414,TRUE,1276,1440,FALSE
IZTECH::IZTECH_S010::2025-04-15,IZTECH,IZTECH::IZTECH_S010,2025-04-15,6.560597011649421,0.8235131581860085,14.115496115022236,-0.030795108617246214,38.32,0.023156419647028414,TRUE,1370,1440,FALSE
IZTECH::IZTECH_S010::2025-04-16,IZTECH,IZTECH::IZTECH_S010,2025-04-16,7.855052505235998,0.900643050438793,14.15687135650052,0.01058013286103865,38.32,0.023156419647028414,TRUE,1375,1440,FALSE
IZTECH::IZTECH_S010::2025-04-17,IZTECH,IZTECH::IZTECH_S010,2025-04-17,4.216347711747377,0.6351164228529936,14.198116571439638,0.0518253478001558,38.32,0.023156419647028414,TRUE,1243,1440,FALSE
IZTECH::IZTECH_S010::2025-04-18,IZTECH,IZTECH::IZTECH_S010,2025-04-18,7.793208559527652,0.8972535781702918,14.239221658243073,0.0929304346035913,38.32,0.023156419647028414,TRUE,1304,1440,FALSE
IZTECH::IZTECH_S010::2025-04-19,IZTECH,IZTECH::IZTECH_S010,2025-04-19,12.878651009613145,1.1132295545963262,14.280176197157965,0.13388497351848372,38.32,0.023156419647028414,TRUE,1332,1440,FALSE
IZTECH::IZTECH_S010::2025-04-20,IZTECH,IZTECH::IZTECH_S010,2025-04-20,12.846815295463044,1.1121629522239986,14.320969442592727,0.17467821895324498,38.32,0.023156419647028414,TRUE,1282,1440,FALSE
IZTECH::IZTECH_S011::2025-04-15,IZTECH,IZTECH::IZTECH_S011,2025-04-15,26.510232149694566,1.4250486633860953,14.115496115022236,-0.030795108617246214,38.32,0.023156419647028414,TRUE,1440,1440,FALSE
IZTECH::IZTECH_S011::2025-04-16,IZTECH,IZTECH::IZTECH_S011,2025-04-16,17.49780937615021,1.2454586090037876,14.15687135650052,0.01058013286103865,38.32,0.023156419647028414,TRUE,1397,1440,FALSE
IZTECH::IZTECH_S011::2025-04-17,IZTECH,IZTECH::IZTECH_S011,2025-04-17,22.821634657827765,1.3602455861382712,14.198116571439638,0.0518253478001558,38.32,0.023156419647028414,TRUE,1440,1440,FALSE
IZTECH::IZTECH_S011::2025-04-18,IZTECH,IZTECH::IZTECH_S011,2025-04-18,16.656027546917688,1.2241710656701148,14.239221658243073,0.0929304346035913,38.32,0.023156419647028414,TRUE,1384,1440,FALSE
IZTECH::IZTECH_S011::2025-04-19,IZTECH,IZTECH::IZTECH_S011,2025-04-19,35.3299849915161,1.5493709683618784,14.280176197157965,0.13388497351848372,38.32,0.023156419647028414,TRUE,1440,1440,FALSE
IZTECH::IZTECH_S011::2025-04-20,IZTECH,IZTECH::IZTECH_S011,2025-04-20,17.193083264253417,1.2378724325609187,14.320969442592727,0.17467821895324498,38.32,0.023156419647028414,TRUE,1440,1440,FALSE
IZTECH::IZTECH_S012::2025-04-22,IZTECH,IZTECH::IZTECH_S012,2025-04-22,6.329185838731674,0.8081559794353464,14.402027399937312,0.2557361762978303,38.32,0.023156419647028414,TRUE,1380,1440,FALSE
IZTECH::IZTECH_S012::2025-04-23,IZTECH,IZTECH::IZTECH_S012,2025-04-23,25.781381324027226,1.4129874514941005,14.442268930408689,0.2959777067692073,38.32,0.023156419647028414,TRUE,1421,1440,FALSE
IZTECH::IZTECH_S012::2025-04-24,IZTECH,IZTECH::IZTECH_S012,2025-04-24,5.53531838591872,0.7509184579759923,14.482302793529298,0.3360115698898163,38.32,0.023156419647028414,TRUE,1440,1440,FALSE
IZTECH::IZTECH_S012::2025-04-25,IZTECH,IZTECH::IZTECH_S012,2025-04-25,11.561925088002843,1.0667702473430014,14.522116519543859,0.3758252959043773,38.32,0.023156419647028414,TRUE,1440,1440,FALSE
IZTECH::IZTECH_S012::2025-04-26,IZTECH,IZTECH::IZTECH_S012,2025-04-26,17.81490646212725,1.2532145449560488,14.561697279877134,0.4154060562376518,38.32,0.023156419647028414,TRUE,1440,1440,FALSE
IZTECH::IZTECH_S012::2025-04-27,IZTECH,IZTECH::IZTECH_S012,2025-04-27,32.6954634279611,1.5158137722340668,14.60103188349141,0.4547406598519288,38.32,0.023156419647028414,TRUE,1440,1440,FALSE
IZTECH::IZTECH_S013::2025-04-22,IZTECH,IZTECH::IZTECH_S013,2025-04-22,26.768184363659213,1.4292383196715097,14.402027399937312,0.2557361762978303,38.32,0.023156419647028414,TRUE,1400,1440,FALSE
IZTECH::IZTECH_S013::2025-04-23,IZTECH,IZTECH::IZTECH_S013,2025-04-23,17.613960750704347,1.24831567806497,14.442268930408689,0.2959777067692073,38.32,0.023156419647028414,TRUE,1440,1440,FALSE
IZTECH::IZTECH_S013::2025-04-24,IZTECH,IZTECH::IZTECH_S013,2025-04-24,6.985507382735882,0.8503709548844846,14.482302793529298,0.3360115698898163,38.32,0.023156419647028414,TRUE,1440,1440,FALSE
IZTECH::IZTECH_S013::2025-04-25,IZTECH,IZTECH::IZTECH_S013,2025-04-25,30.40661543231931,1.4843940273538596,14.522116519543859,0.3758252959043773,38.32,0.023156419647028414,TRUE,1440,1440,FALSE
IZTECH::IZTECH_S013::2025-04-26,IZTECH,IZTECH::IZTECH_S013,2025-04-26,5.784641931524891,0.7697200420487934,14.561697279877134,0.4154060562376518,38.32,0.023156419647028414,TRUE,1393,1440,FALSE
IZTECH::IZTECH_S013::2025-04-27,IZTECH,IZTECH::IZTECH_S013,2025-04-27,7.200422120123766,0.8633479723314583,14.60103188349141,0.4547406598519288,38.32,0.023156419647028414,TRUE,1381,1440,FALSE
IZTECH::IZTECH_S014::2025-04-29,IZTECH,IZTECH::IZTECH_S014,2025-04-29,5.405104840112794,0.7407655941613421,14.678908035159111,0.5326168115196293,38.32,0.023156419647028414,TRUE,1413,1440,FALSE
IZTECH::IZTECH_S014::2025-04-30,IZTECH,IZTECH::IZTECH_S014,2025-04-30,7.762337749173925,0.8955516962446749,14.71742137697008,0.5711301533305981,38.32,0.023156419647028414,TRUE,1379,1440,FALSE
IZTECH::IZTECH_S014::2025-05-01,IZTECH,IZTECH::IZTECH_S014,2025-05-01,2.8136121028971917,0.46443173247698033,14.755632150570552,0.6093409269310701,38.32,0.023156419647028414,TRUE,1264,1440,FALSE
IZTECH::IZTECH_S014::2025-05-02,IZTECH,IZTECH::IZTECH_S014,2025-05-02,1.908868533407834,0.3029515160993016,14.793525343338649,0.6472341196991671,38.32,0.023156419647028414,TRUE,1306,1440,FALSE
IZTECH::IZTECH_S014::2025-05-03,IZTECH,IZTECH::IZTECH_S014,2025-05-03,6.061277949312337,0.7896708012507643,14.831085583964983,0.6847943603255011,38.32,0.023156419647028414,TRUE,1311,1440,FALSE
IZTECH::IZTECH_S014::2025-05-04,IZTECH,IZTECH::IZTECH_S014,2025-05-04,9.733996738968905,0.9927300599386816,14.868297146558762,0.7220059229192799,38.32,0.023156419647028414,TRUE,1440,1440,FALSE
IZTECH::IZTECH_S015::2025-04-29,IZTECH,IZTECH::IZTECH_S015,2025-04-29,2.6105790563255242,0.4330620783663802,14.678908035159111,0.5326168115196293,38.32,0.023156419647028414,TRUE,1403,1440,FALSE
IZTECH::IZTECH_S015::2025-04-30,IZTECH,IZTECH::IZTECH_S015,2025-04-30,2.150541839709234,0.35228709129624314,14.71742137697008,0.5711301533305981,38.32,0.023156419647028414,TRUE,1380,1440,FALSE
IZTECH::IZTECH_S015::2025-05-01,IZTECH,IZTECH::IZTECH_S015,2025-05-01,0.7138438185875409,-0.08945893077855815,14.755632150570552,0.6093409269310701,38.32,0.023156419647028414,TRUE,1297,1440,FALSE
IZTECH::IZTECH_S015::2025-05-02,IZTECH,IZTECH::IZTECH_S015,2025-05-02,1.566806038554862,0.22188506516315304,14.793525343338649,0.6472341196991671,38.32,0.023156419647028414,TRUE,1372,1440,FALSE
IZTECH::IZTECH_S015::2025-05-03,IZTECH,IZTECH::IZTECH_S015,2025-05-03,0.7784493024087362,-0.05628329770820621,14.831085583964983,0.6847943603255011,38.32,0.023156419647028414,TRUE,1360,1440,FALSE
IZTECH::IZTECH_S015::2025-05-04,IZTECH,IZTECH::IZTECH_S015,2025-05-04,4.036916260631384,0.6166767300050647,14.868297146558762,0.7220059229192799,38.32,0.023156419647028414,TRUE,1395,1440,FALSE
IZTECH::IZTECH_S016::2025-05-06,IZTECH,IZTECH::IZTECH_S016,2025-05-06,7.582587864529637,0.8855075359134033,14.941609600252576,0.7953183766130945,38.32,0.023156419647028414,TRUE,1440,1440,FALSE
IZTECH::IZTECH_S016::2025-05-07,IZTECH,IZTECH::IZTECH_S016,2025-05-07,6.806542705621082,0.839260701554132,14.97767732905017,0.8313861054106884,38.32,0.023156419647028414,TRUE,1322,1440,FALSE
IZTECH::IZTECH_S016::2025-05-08,IZTECH,IZTECH::IZTECH_S016,2025-05-08,9.266080983601308,0.9715579085794287,15.013330074350039,0.8670388507105571,38.32,0.023156419647028414,TRUE,1281,1440,FALSE
IZTECH::IZTECH_S016::2025-05-09,IZTECH,IZTECH::IZTECH_S016,2025-05-09,5.540207293098456,0.7512950657908636,15.048550457292134,0.9022592336526518,38.32,0.023156419647028414,TRUE,1440,1440,FALSE
IZTECH::IZTECH_S016::2025-05-10,IZTECH,IZTECH::IZTECH_S016,2025-05-10,6.280402960528839,0.804848107875978,15.083320802648862,0.9370295790093799,38.32,0.023156419647028414,TRUE,1419,1440,FALSE
IZTECH::IZTECH_S016::2025-05-11,IZTECH,IZTECH::IZTECH_S016,2025-05-11,4.029782776861015,0.6159272087286453,15.117623154189852,0.9713319305503703,38.32,0.023156419647028414,TRUE,1440,1440,FALSE
IZTECH::IZTECH_S017::2025-05-27,IZTECH,IZTECH::IZTECH_S017,2025-05-27,12.942938401870554,1.1153754432332774,15.587403438157505,1.4411122145180233,38.32,0.023156419647028414,TRUE,1418,1440,FALSE
IZTECH::IZTECH_S017::2025-05-28,IZTECH,IZTECH::IZTECH_S017,2025-05-28,10.096665103342067,1.008458155680188,15.610839857392842,1.4645486337533598,38.32,0.023156419647028414,TRUE,1440,1440,FALSE
IZTECH::IZTECH_S017::2025-05-29,IZTECH,IZTECH::IZTECH_S017,2025-05-29,7.631590578305267,0.8882688481642481,15.633464889923731,1.4871736662842494,38.32,0.023156419647028414,TRUE,1440,1440,FALSE
IZTECH::IZTECH_S017::2025-05-30,IZTECH,IZTECH::IZTECH_S017,2025-05-30,10.737707074392494,1.034937408561023,15.65526044540935,1.5089692217698687,38.32,0.023156419647028414,TRUE,1440,1440,FALSE
IZTECH::IZTECH_S017::2025-05-31,IZTECH,IZTECH::IZTECH_S017,2025-05-31,7.233079138583211,0.8652863719265441,15.676208808090951,1.5299175844514696,38.32,0.023156419647028414,TRUE,1440,1440,FALSE
IZTECH::IZTECH_S017::2025-06-01,IZTECH,IZTECH::IZTECH_S017,2025-06-01,7.731881012344342,0.8938660807262852,15.696292682422532,1.5500014587830506,38.32,0.023156419647028414,TRUE,1440,1440,FALSE
KNUST::KNUST_S001::2024-10-08,KNUST,KNUST::KNUST_S001,2024-10-08,1.5551873477206322,0.21884715791618828,12.71061712841193,-1.4356740952275526,6.6750074282377385,-3.141342837529198,TRUE,1440,1440,FALSE
KNUST::KNUST_S001::2024-10-09,KNUST,KNUST::KNUST_S001,2024-10-09,0.9168191689076847,0.00724372487124755,12.705258833169937,-1.4410323904695446,6.6750074282377385,-3.141342837529198,TRUE,1440,1440,FALSE
KNUST::KNUST_S001::2024-10-10,KNUST,KNUST::KNUST_S001,2024-10-10,0.73551963162518,-0.07804334133453719,12.699951587319374,-1.4463396363201078,6.6750074282377385,-3.141342837529198,TRUE,1170,1440,FALSE
KNUST::KNUST_S001::2024-10-11,KNUST,KNUST::KNUST_S001,2024-10-11,3.016263231539894,0.49363413551425694,12.694696087572309,-1.4515951360671728,6.6750074282377385,-3.141342837529198,TRUE,1247,1440,FALSE
KNUST::KNUST_S001::2024-10-12,KNUST,KNUST::KNUST_S001,2024-10-12,0.29840602040687614,-0.3996741074729125,12.689493022296164,-1.456798201343318,6.6750074282377385,-3.141342837529198,TRUE,1368,1440,FALSE
KNUST::KNUST_S001::2024-10-13,KNUST,KNUST::KNUST_S001,2024-10-13,0.2166131157013895,-0.49947109844789506,12.684343072573343,-1.4619481510661387,6.6750074282377385,-3.141342837529198,TRUE,1420,1440,FALSE
KNUST::KNUST_S002::2024-10-15,KNUST,KNUST::KNUST_S002,2024-10-15,0.4199554408609867,-0.2840338729370718,12.674205210341347,-1.472086013298135,6.6750074282377385,-3.141342837529198,TRUE,1325,1440,FALSE
KNUST::KNUST_S002::2024-10-16,KNUST,KNUST::KNUST_S002,2024-10-16,0.6086183845633624,-0.14958758441767914,12.66921862827407,-1.4770725953654118,6.6750074282377385,-3.141342837529198,TRUE,1298,1440,FALSE
KNUST::KNUST_S002::2024-10-17,KNUST,KNUST::KNUST_S002,2024-10-17,0.3105963052781675,-0.38658496291604416,12.664287823637327,-1.4820034000021547,6.6750074282377385,-3.141342837529198,TRUE,1278,1440,FALSE
KNUST::KNUST_S002::2024-10-18,KNUST,KNUST::KNUST_S002,2024-10-18,1.2813985255626144,0.14031898812563545,12.659413449234433,-1.4868777744050483,6.6750074282377385,-3.141342837529198,TRUE,1305,1440,FALSE
KNUST::KNUST_S002::2024-10-19,KNUST,KNUST::KNUST_S002,2024-10-19,0.0955203222620451,-0.7088080956206793,12.654596153762606,-1.4916950698768758,6.6750074282377385,-3.141342837529198,TRUE,1373,1440,FALSE
KNUST::KNUST_S002::2024-10-20,KNUST,KNUST::KNUST_S002,2024-10-20,0.031229776211437132,-0.8819676117812085,12.64983658240901,-1.4964546412304713,6.6750074282377385,-3.141342837529198,TRUE,1427,1440,FALSE
KNUST::KNUST_S003::2024-10-22,KNUST,KNUST::KNUST_S003,2024-10-22,1.3597708833191127,0.16428469693608772,12.640493177175522,-1.5057980464639602,6.6750074282377385,-3.141342837529198,TRUE,1332,1440,FALSE
KNUST::KNUST_S003::2024-10-23,KNUST,KNUST::KNUST_S003,2024-10-23,1.5847853996746852,0.2265445902681724,12.63591061969598,-1.510380603943501,6.6750074282377385,-3.141342837529198,TRUE,1320,1440,FALSE
KNUST::KNUST_S003::2024-10-24,KNUST,KNUST::KNUST_S003,2024-10-24,0.35152380545887785,-0.34531934766080274,12.6313883396652,-1.5149028839742815,6.6750074282377385,-3.141342837529198,TRUE,1303,1440,FALSE
KNUST::KNUST_S003::2024-10-25,KNUST,KNUST::KNUST_S003,2024-10-25,3.9865238650093544,0.6113540395111777,12.626926970415646,-1.519364253223836,6.6750074282377385,-3.141342837529198,TRUE,1309,1440,FALSE
KNUST::KNUST_S003::2024-10-26,KNUST,KNUST::KNUST_S003,2024-10-26,0.821160617818086,-0.03566463760956041,12.622527143955232,-1.5237640796842502,6.6750074282377385,-3.141342837529198,TRUE,1272,1440,FALSE
KNUST::KNUST_S003::2024-10-27,KNUST,KNUST::KNUST_S003,2024-10-27,1.360304624488872,0.16444346053432526,12.618189491497146,-1.5281017321423356,6.6750074282377385,-3.141342837529198,TRUE,1324,1440,FALSE
KNUST::KNUST_S004::2024-10-30,KNUST,KNUST::KNUST_S004,2024-10-30,9.706806972103388,0.9915276271430649,12.605555876758363,-1.5407353468811191,6.6750074282377385,-3.141342837529198,TRUE,1329,1440,FALSE
KNUST::KNUST_S004::2024-11-01,KNUST,KNUST::KNUST_S004,2024-11-01,1.5580670042553666,0.21960207687190816,12.597455877727933,-1.5488353459115487,6.6750074282377385,-3.141342837529198,TRUE,1393,1440,FALSE
KNUST::KNUST_S004::2024-11-02,KNUST,KNUST::KNUST_S004,2024-11-02,5.941313594944267,0.7811313798478272,12.593504488004578,-1.5527867356349034,6.6750074282377385,-3.141342837529198,TRUE,1209,1440,FALSE
KNUST::KNUST_S005::2024-11-07,KNUST,KNUST::KNUST_S005,2024-11-07,0.11746952819029904,-0.6626015877480498,12.57475878742006,-1.571532436219421,6.6750074282377385,-3.141342837529198,TRUE,1311,1440,FALSE
KNUST::KNUST_S005::2024-11-08,KNUST,KNUST::KNUST_S005,2024-11-08,0.11768619461797555,-0.6621691124901251,12.571216297215885,-1.5750749264235964,6.6750074282377385,-3.141342837529198,TRUE,1380,1440,FALSE
KNUST::KNUST_S005::2024-11-09,KNUST,KNUST::KNUST_S005,2024-11-09,0.07628814700740258,-0.7537768871466873,12.56774415632089,-1.578547067318592,6.6750074282377385,-3.141342837529198,TRUE,1360,1440,FALSE
KNUST::KNUST_S006::2024-11-12,KNUST,KNUST::KNUST_S006,2024-11-12,2.8835580094253777,0.47473448626539333,12.557756095329921,-1.5885351283095606,6.6750074282377385,-3.141342837529198,TRUE,1353,1440,FALSE
KNUST::KNUST_S006::2024-11-13,KNUST,KNUST::KNUST_S006,2024-11-13,2.2807871882282993,0.3767205767955881,12.55457161227862,-1.5917196113608618,6.6750074282377385,-3.141342837529198,TRUE,1356,1440,FALSE
KNUST::KNUST_S006::2024-11-14,KNUST,KNUST::KNUST_S006,2024-11-14,2.261824372085714,0.3732475998524786,12.55146060248216,-1.594830621157321,6.6750074282377385,-3.141342837529198,TRUE,1320,1440,FALSE
KNUST::KNUST_S006::2024-11-15,KNUST,KNUST::KNUST_S006,2024-11-15,4.4591767134466,0.6588864257591871,12.548423685232798,-1.5978675384066836,6.6750074282377385,-3.141342837529198,TRUE,1327,1440,FALSE
KNUST::KNUST_S006::2024-11-16,KNUST,KNUST::KNUST_S006,2024-11-16,3.905714444266614,0.602679986470407,12.545461477438609,-1.6008297462008727,6.6750074282377385,-3.141342837529198,TRUE,1286,1440,FALSE
KNUST::KNUST_S006::2024-11-17,KNUST,KNUST::KNUST_S006,2024-11-17,3.3280207582038424,0.5350434431070787,12.542574592497614,-1.603716631141868,6.6750074282377385,-3.141342837529198,TRUE,1310,1440,FALSE
KNUST::KNUST_S007::2024-11-19,KNUST,KNUST::KNUST_S007,2024-11-19,0.6441118273797797,-0.12836179245888296,12.53702922715081,-1.6092619964886712,6.6750074282377385,-3.141342837529198,TRUE,1317,1440,FALSE
KNUST::KNUST_S007::2024-11-20,KNUST,KNUST::KNUST_S007,2024-11-20,1.5998154168226508,0.2304017638443343,12.534371952944332,-1.6119192706951502,6.6750074282377385,-3.141342837529198,TRUE,1440,1440,FALSE
KNUST::KNUST_S007::2024-11-21,KNUST,KNUST::KNUST_S007,2024-11-21,1.7926670329117713,0.2770742175093866,12.531792413393656,-1.6144988102458253,6.6750074282377385,-3.141342837529198,TRUE,1367,1440,FALSE
KNUST::KNUST_S007::2024-11-22,KNUST,KNUST::KNUST_S007,2024-11-22,2.1442675835737055,0.35107463651522064,12.529291197525131,-1.6170000261143507,6.6750074282377385,-3.141342837529198,TRUE,1361,1440,FALSE
KNUST::KNUST_S008::2024-11-27,KNUST,KNUST::KNUST_S008,2024-11-27,0.9151551349311021,0.006532415743059828,12.517980072233412,-1.62831115140607,6.6750074282377385,-3.141342837529198,TRUE,1192,1440,FALSE
KNUST::KNUST_S008::2024-11-28,KNUST,KNUST::KNUST_S008,2024-11-28,2.563351642774096,0.42542851019949457,12.515960734354126,-1.630330489285356,6.6750074282377385,-3.141342837529198,TRUE,1332,1440,FALSE
KNUST::KNUST_S008::2024-11-29,KNUST,KNUST::KNUST_S008,2024-11-29,1.1640606337136494,0.10176790642712966,12.514023609823651,-1.6322676138158307,6.6750074282377385,-3.141342837529198,TRUE,1285,1440,FALSE
KNUST::KNUST_S008::2024-11-30,KNUST,KNUST::KNUST_S008,2024-11-30,5.269320874205035,0.7299193584673555,12.512169211175706,-1.6341220124637754,6.6750074282377385,-3.141342837529198,TRUE,1387,1440,FALSE
KNUST::KNUST_S008::2024-12-01,KNUST,KNUST::KNUST_S008,2024-12-01,0.7442141698949346,-0.073547362610972,12.510398037830988,-1.6358931858084933,6.6750074282377385,-3.141342837529198,TRUE,1401,1440,FALSE
KNUST::KNUST_S009::2024-12-03,KNUST,KNUST::KNUST_S009,2024-12-03,1.7234024483244956,0.26088253360118907,12.507107292148802,-1.6391839314906793,6.6750074282377385,-3.141342837529198,TRUE,1369,1440,FALSE
KNUST::KNUST_S009::2024-12-04,KNUST,KNUST::KNUST_S009,2024-12-04,11.142567291969872,1.0508654957012853,12.505588644080692,-1.6407025795587895,6.6750074282377385,-3.141342837529198,TRUE,1410,1440,FALSE
KNUST::KNUST_S009::2024-12-05,KNUST,KNUST::KNUST_S009,2024-12-05,5.968558102499913,0.7830855143840204,12.50415506793393,-1.6421361557055523,6.6750074282377385,-3.141342837529198,TRUE,1358,1440,FALSE
KNUST::KNUST_S009::2024-12-06,KNUST,KNUST::KNUST_S009,2024-12-06,1.511289032106289,0.20717345090331193,12.50280698345767,-1.6434842401818113,6.6750074282377385,-3.141342837529198,TRUE,1406,1440,FALSE
KNUST::KNUST_S009::2024-12-07,KNUST,KNUST::KNUST_S009,2024-12-07,0.5393248601564835,-0.19427840769054702,12.501544791857402,-1.64474643178208,6.6750074282377385,-3.141342837529198,TRUE,1399,1440,FALSE
KNUST::KNUST_S009::2024-12-08,KNUST,KNUST::KNUST_S009,2024-12-08,1.9096663415194244,0.3031239588804731,12.500368875066439,-1.645922348573043,6.6750074282377385,-3.141342837529198,TRUE,1395,1440,FALSE
KNUST::KNUST_S010::2024-12-10,KNUST,KNUST::KNUST_S010,2024-12-10,1.3173714777109427,0.15148368904537726,12.498277292450268,-1.6480139311892135,6.6750074282377385,-3.141342837529198,TRUE,1338,1440,FALSE
KNUST::KNUST_S010::2024-12-11,KNUST,KNUST::KNUST_S010,2024-12-11,0.6869885331446515,-0.10403159550406517,12.49736228691207,-1.6489289367274118,6.6750074282377385,-3.141342837529198,TRUE,1288,1440,FALSE
KNUST::KNUST_S010::2024-12-12,KNUST,KNUST::KNUST_S010,2024-12-12,2.3518716744537915,0.3894977364275353,12.496534875300195,-1.6497563483392863,6.6750074282377385,-3.141342837529198,TRUE,1401,1440,FALSE
KNUST::KNUST_S010::2024-12-13,KNUST,KNUST::KNUST_S010,2024-12-13,2.6822614976106687,0.44439794579702085,12.495795331663556,-1.6504958919759254,6.6750074282377385,-3.141342837529198,TRUE,1440,1440,FALSE
KNUST::KNUST_S010::2024-12-14,KNUST,KNUST::KNUST_S010,2024-12-14,0.7245829499006845,-0.08376564945292755,12.495143906407886,-1.6511473172315956,6.6750074282377385,-3.141342837529198,TRUE,1373,1440,FALSE
KNUST::KNUST_S010::2024-12-15,KNUST,KNUST::KNUST_S010,2024-12-15,0.4867428742306925,-0.23155217603883954,12.494580825832156,-1.6517103978073262,6.6750074282377385,-3.141342837529198,TRUE,1369,1440,FALSE
KNUST::KNUST_S011::2024-12-17,KNUST,KNUST::KNUST_S011,2024-12-17,7.4869205288985015,0.8800655349614426,12.493720479806264,-1.652570743833218,6.6750074282377385,-3.141342837529198,TRUE,1362,1440,FALSE
KNUST::KNUST_S011::2024-12-18,KNUST,KNUST::KNUST_S011,2024-12-18,7.989043637247132,0.9078971782725713,12.493423541718059,-1.652867681921423,6.6750074282377385,-3.141342837529198,TRUE,1392,1440,FALSE
KNUST::KNUST_S011::2024-12-19,KNUST,KNUST::KNUST_S011,2024-12-19,4.09983374770222,0.6232320989968066,12.493215602106519,-1.6530756215329632,6.6750074282377385,-3.141342837529198,TRUE,1348,1440,FALSE
KNUST::KNUST_S011::2024-12-20,KNUST,KNUST::KNUST_S011,2024-12-20,2.418302937062927,0.40110797199157916,12.49309675971667,-1.6531944639228122,6.6750074282377385,-3.141342837529198,TRUE,1417,1440,FALSE
KNUST::KNUST_S011::2024-12-21,KNUST,KNUST::KNUST_S011,2024-12-21,0.3677681902825898,-0.32996931492202625,12.493067087067498,-1.6532241365719837,6.6750074282377385,-3.141342837529198,TRUE,1421,1440,FALSE
KNUST::KNUST_S011::2024-12-22,KNUST,KNUST::KNUST_S011,2024-12-22,0.4205398313378329,-0.2835460329769318,12.493126629855897,-1.6531645937835844,6.6750074282377385,-3.141342837529198,TRUE,1440,1440,FALSE
KNUST::KNUST_S012::2025-01-07,KNUST,KNUST::KNUST_S012,2025-01-07,4.042351356395183,0.6172469332034873,12.50614821129375,-1.6401430123457317,6.6750074282377385,-3.141342837529198,TRUE,1355,1440,FALSE
KNUST::KNUST_S012::2025-01-08,KNUST,KNUST::KNUST_S012,2025-01-08,9.134767019350761,0.9654259432536084,12.507706261078516,-1.6385849625609659,6.6750074282377385,-3.141342837529198,TRUE,1393,1440,FALSE
KNUST::KNUST_S012::2025-01-09,KNUST,KNUST::KNUST_S012,2025-01-09,5.37180323627566,0.7381304719474152,12.509350015123685,-1.6369412085157968,6.6750074282377385,-3.141342837529198,TRUE,1440,1440,FALSE
KNUST::KNUST_S012::2025-01-10,KNUST,KNUST::KNUST_S012,2025-01-10,6.435685955078938,0.8152911758295901,12.51107906738917,-1.6352121562503115,6.6750074282377385,-3.141342837529198,TRUE,1440,1440,FALSE
KNUST::KNUST_S012::2025-01-11,KNUST,KNUST::KNUST_S012,2025-01-11,2.9997881518026115,0.4913320139481508,12.512892994681994,-1.6333982289574873,6.6750074282377385,-3.141342837529198,TRUE,1440,1440,FALSE
KNUST::KNUST_S012::2025-01-12,KNUST,KNUST::KNUST_S012,2025-01-12,4.2255025044970385,0.6360365678131461,12.51479135685497,-1.6314998667845124,6.6750074282377385,-3.141342837529198,TRUE,1440,1440,FALSE
KNUST::KNUST_S013::2025-01-14,KNUST,KNUST::KNUST_S013,2025-01-14,5.3717273060565125,0.7381244453593669,12.518839546640715,-1.627451676998767,6.6750074282377385,-3.141342837529198,TRUE,1440,1440,FALSE
KNUST::KNUST_S013::2025-01-15,KNUST,KNUST::KNUST_S013,2025-01-15,10.32531016571236,1.0180889846293482,12.520988418327438,-1.6253028053120442,6.6750074282377385,-3.141342837529198,TRUE,1440,1440,FALSE
KNUST::KNUST_S013::2025-01-16,KNUST,KNUST::KNUST_S013,2025-01-16,5.15686431809411,0.7207267678376249,12.523219814168081,-1.6230714094714003,6.6750074282377385,-3.141342837529198,TRUE,1440,1440,FALSE
KNUST::KNUST_S013::2025-01-17,KNUST,KNUST::KNUST_S013,2025-01-17,6.801235101461101,0.8389268225846784,12.525533223284615,-1.6207580003548667,6.6750074282377385,-3.141342837529198,TRUE,1440,1440,FALSE
KNUST::KNUST_S014::2025-01-21,KNUST,KNUST::KNUST_S014,2025-01-21,3.632812371879426,0.5720361608597881,12.535596380896038,-1.6106948427434435,6.6750074282377385,-3.141342837529198,TRUE,1415,1440,FALSE
KNUST::KNUST_S014::2025-01-22,KNUST,KNUST::KNUST_S014,2025-01-22,1.787706710949284,0.2759345197762884,12.53831181022856,-1.6079794134109218,6.6750074282377385,-3.141342837529198,TRUE,1440,1440,FALSE
KNUST::KNUST_S014::2025-01-23,KNUST,KNUST::KNUST_S014,2025-01-23,3.6510000435839483,0.5741470691969153,12.541105968819725,-1.605185254819757,6.6750074282377385,-3.141342837529198,TRUE,1400,1440,FALSE
KNUST::KNUST_S014::2025-01-24,KNUST,KNUST::KNUST_S014,2025-01-24,1.3948020920784219,0.1745836970030472,12.54397827969657,-1.602312943942911,6.6750074282377385,-3.141342837529198,TRUE,1416,1440,FALSE
KNUST::KNUST_S014::2025-01-25,KNUST,KNUST::KNUST_S014,2025-01-25,2.2796560079682404,0.3765141819983053,12.546928159528308,-1.5993630641111736,6.6750074282377385,-3.141342837529198,TRUE,1440,1440,FALSE
KNUST::KNUST_S014::2025-01-26,KNUST,KNUST::KNUST_S014,2025-01-26,0.5187858975635473,-0.20845959264578534,12.549955018825,-1.596336204814481,6.6750074282377385,-3.141342837529198,TRUE,1440,1440,FALSE
KNUST::KNUST_S015::2025-01-28,KNUST,KNUST::KNUST_S015,2025-01-28,12.9021683231427,1.114015784018403,12.556237291826141,-1.5900539318133404,6.6750074282377385,-3.141342837529198,TRUE,1292,1440,FALSE
KNUST::KNUST_S015::2025-01-29,KNUST,KNUST::KNUST_S015,2025-01-29,8.929944533276029,0.9556850826539118,12.55949150145054,-1.5867997221889425,6.6750074282377385,-3.141342837529198,TRUE,1387,1440,FALSE
KNUST::KNUST_S015::2025-01-30,KNUST,KNUST::KNUST_S015,2025-01-30,3.951444457843879,0.6076098894439812,12.562820283836789,-1.5834709398026927,6.6750074282377385,-3.141342837529198,TRUE,1439,1440,FALSE
KNUST::KNUST_S015::2025-01-31,KNUST,KNUST::KNUST_S015,2025-01-31,3.930355090486215,0.6053433109165711,12.56622302737501,-1.580068196264472,6.6750074282377385,-3.141342837529198,TRUE,1348,1440,FALSE
KNUST::KNUST_S015::2025-02-01,KNUST,KNUST::KNUST_S015,2025-02-01,2.6824327297432067,0.4444246732926463,12.569699117210176,-1.576592106429306,6.6750074282377385,-3.141342837529198,TRUE,1330,1440,FALSE
RISE::RISE_S001::2025-03-04,RISE,RISE::RISE_S001,2025-03-04,5.762199793532738,0.7680606158339335,12.179657288326158,-1.9666339353133235,57.715675,1.9627239196470283,TRUE,1381,1440,FALSE
RISE::RISE_S001::2025-03-05,RISE,RISE::RISE_S001,2025-03-05,2.5784191204394085,0.42787853662368236,12.261009983155462,-1.8852812404840193,57.715675,1.9627239196470283,TRUE,1406,1440,FALSE
RISE::RISE_S001::2025-03-06,RISE,RISE::RISE_S001,2025-03-06,4.787845377122111,0.689117458911098,12.34262978831927,-1.8036614353202118,57.715675,1.9627239196470283,TRUE,1399,1440,FALSE
RISE::RISE_S001::2025-03-07,RISE,RISE::RISE_S001,2025-03-07,8.107255157335121,0.9141979355190292,12.424510966539383,-1.7217802571000984,57.715675,1.9627239196470283,TRUE,1320,1440,FALSE
RISE::RISE_S001::2025-03-08,RISE,RISE::RISE_S001,2025-03-08,3.894096838352429,0.6014185902923844,12.506648212075234,-1.6396430115642477,57.715675,1.9627239196470283,TRUE,1261,1440,FALSE
RISE::RISE_S001::2025-03-09,RISE,RISE::RISE_S001,2025-03-09,9.431586729719937,0.9791652039542049,12.58903662721316,-1.557254596426322,57.715675,1.9627239196470283,TRUE,1440,1440,FALSE
RISE::RISE_S002::2025-03-18,RISE,RISE::RISE_S002,2025-03-18,8.846725445637675,0.9516641100521324,13.341199753284455,-0.8050914703550269,57.715675,1.9627239196470283,TRUE,1395,1440,FALSE
RISE::RISE_S002::2025-03-19,RISE,RISE::RISE_S002,2025-03-19,7.355474024416677,0.8724752614233193,13.42590415040652,-0.7203870732329616,57.715675,1.9627239196470283,TRUE,1363,1440,FALSE
RISE::RISE_S002::2025-03-20,RISE,RISE::RISE_S002,2025-03-20,13.31530508961725,1.1276005538048723,13.510826363431082,-0.6354648602083994,57.715675,1.9627239196470283,TRUE,1337,1440,FALSE
RISE::RISE_S002::2025-03-21,RISE,RISE::RISE_S002,2025-03-21,8.809682576010342,0.9498622317649577,13.595964657399389,-0.5503265662400931,57.715675,1.9627239196470283,TRUE,1440,1440,FALSE
RISE::RISE_S002::2025-03-22,RISE,RISE::RISE_S002,2025-03-22,7.543934745801183,0.8833169709445359,13.68131742046939,-0.46497380317009096,57.715675,1.9627239196470283,TRUE,1440,1440,FALSE
RISE::RISE_S002::2025-03-23,RISE,RISE::RISE_S002,2025-03-23,8.917253495608714,0.9550742788573069,13.766883142524295,-0.3794080811151872,57.715675,1.9627239196470283,TRUE,1405,1440,FALSE
RISE::RISE_S003::2025-03-18,RISE,RISE::RISE_S003,2025-03-18,4.4346810939017285,0.6565467502652081,13.341199753284455,-0.8050914703550269,57.715675,1.9627239196470283,TRUE,1422,1440,FALSE
RISE::RISE_S003::2025-03-19,RISE,RISE::RISE_S003,2025-03-19,4.694748221516455,0.680765806735678,13.42590415040652,-0.7203870732329616,57.715675,1.9627239196470283,TRUE,1440,1440,FALSE
RISE::RISE_S003::2025-03-20,RISE,RISE::RISE_S003,2025-03-20,3.4152502961626325,0.5459562535015672,13.510826363431082,-0.6354648602083994,57.715675,1.9627239196470283,TRUE,1342,1440,FALSE
RISE::RISE_S003::2025-03-21,RISE,RISE::RISE_S003,2025-03-21,4.803020461193346,0.6904637056395744,13.595964657399389,-0.5503265662400931,57.715675,1.9627239196470283,TRUE,1440,1440,FALSE
RISE::RISE_S003::2025-03-22,RISE,RISE::RISE_S003,2025-03-22,1.8107980755678827,0.2812147952182504,13.68131742046939,-0.46497380317009096,57.715675,1.9627239196470283,TRUE,1329,1440,FALSE
RISE::RISE_S003::2025-03-23,RISE,RISE::RISE_S003,2025-03-23,0.7614253147186048,-0.06478236976745361,13.766883142524295,-0.3794080811151872,57.715675,1.9627239196470283,TRUE,1440,1440,FALSE
RISE::RISE_S004::2025-03-25,RISE,RISE::RISE_S004,2025-03-25,4.446046806669048,0.6576339029625187,13.938647803200615,-0.20764342043886685,57.715675,1.9627239196470283,TRUE,1440,1440,FALSE
RISE::RISE_S004::2025-03-26,RISE,RISE::RISE_S004,2025-03-26,14.318596182189106,1.1589229788295163,14.024844036764568,-0.12144718687491363,57.715675,1.9627239196470283,TRUE,1390,1440,FALSE
RISE::RISE_S004::2025-03-27,RISE,RISE::RISE_S004,2025-03-27,4.853375138833011,0.6949012200792964,14.111247775289748,-0.03504344834973416,57.715675,1.9627239196470283,TRUE,1440,1440,FALSE
RISE::RISE_S004::2025-03-28,RISE,RISE::RISE_S004,2025-03-28,5.5051707437907735,0.7485888465396844,14.19785769297017,0.051566469330687426,57.715675,1.9627239196470283,TRUE,1434,1440,FALSE
RISE::RISE_S004::2025-03-29,RISE,RISE::RISE_S004,2025-03-29,16.73763938520295,1.226281203918804,14.284672434462442,0.13838121082295984,57.715675,1.9627239196470283,TRUE,1440,1440,FALSE
RISE::RISE_S004::2025-03-30,RISE,RISE::RISE_S004,2025-03-30,5.8312770712552275,0.7731482119622944,14.371690592434671,0.2253993687951894,57.715675,1.9627239196470283,TRUE,1320,1380,FALSE
RISE::RISE_S005::2025-04-01,RISE,RISE::RISE_S005,2025-04-01,9.048857160180308,0.9613668470690875,14.54633112874296,0.400039905103478,57.715675,1.9627239196470283,TRUE,1398,1440,FALSE
RISE::RISE_S005::2025-04-02,RISE,RISE::RISE_S005,2025-04-02,7.1185275547157065,0.8584486186114778,14.633950222267044,0.48765899862756257,57.715675,1.9627239196470283,TRUE,1425,1440,FALSE
RISE::RISE_S005::2025-04-03,RISE,RISE::RISE_S005,2025-04-03,11.637081932099692,1.0695601362376828,14.721766114168696,0.5754748905292146,57.715675,1.9627239196470283,TRUE,1424,1440,FALSE
RISE::RISE_S005::2025-04-04,RISE,RISE::RISE_S005,2025-04-04,7.268101393012435,0.867355593589827,14.809776781466272,0.6634855578267906,57.715675,1.9627239196470283,TRUE,1437,1440,FALSE
RISE::RISE_S005::2025-04-05,RISE,RISE::RISE_S005,2025-04-05,4.516004698898861,0.6642662422414375,14.897980003555615,0.7516887799161331,57.715675,1.9627239196470283,TRUE,1440,1440,FALSE
RISE::RISE_S005::2025-04-06,RISE,RISE::RISE_S005,2025-04-06,3.743145815741859,0.5846868626768599,14.986373335785336,0.8400821121458542,57.715675,1.9627239196470283,TRUE,1331,1440,FALSE
RISE::RISE_S006::2025-04-15,RISE,RISE::RISE_S006,2025-04-15,9.600445920149534,0.9867916988238785,15.78991743306319,1.643626209423708,57.715675,1.9627239196470283,TRUE,1411,1440,FALSE
RISE::RISE_S006::2025-04-16,RISE,RISE::RISE_S006,2025-04-16,7.593313385078255,0.8861134236684938,15.880007472435633,1.733716248796151,57.715675,1.9627239196470283,TRUE,1440,1440,FALSE
RISE::RISE_S006::2025-04-17,RISE,RISE::RISE_S006,2025-04-17,11.465554734173452,1.063166468253428,15.970237473911709,1.8239462502722272,57.715675,1.9627239196470283,TRUE,1408,1440,FALSE
RISE::RISE_S006::2025-04-18,RISE,RISE::RISE_S006,2025-04-18,7.953530367469087,0.9059863006174028,16.060599889622793,1.9143086659833113,57.715675,1.9627239196470283,TRUE,1440,1440,FALSE
RISE::RISE_S006::2025-04-19,RISE,RISE::RISE_S006,2025-04-19,4.352872858689884,0.6486402950508973,16.15108650598261,2.00479528234313,57.715675,1.9627239196470283,TRUE,1278,1440,FALSE
RISE::RISE_S006::2025-04-20,RISE,RISE::RISE_S006,2025-04-20,4.978378233408457,0.7057250436359436,16.241688398917518,2.095397175278036,57.715675,1.9627239196470283,TRUE,1440,1440,FALSE
RISE::RISE_S007::2025-04-15,RISE,RISE::RISE_S007,2025-04-15,13.013125350789783,1.1177062127304092,15.78991743306319,1.643626209423708,57.715675,1.9627239196470283,TRUE,1440,1440,FALSE
RISE::RISE_S007::2025-04-16,RISE,RISE::RISE_S007,2025-04-16,7.94426963932538,0.905486619471756,15.880007472435633,1.733716248796151,57.715675,1.9627239196470283,TRUE,1349,1440,FALSE
RISE::RISE_S007::2025-04-17,RISE,RISE::RISE_S007,2025-04-17,11.64358598752195,1.0698007320726728,15.970237473911709,1.8239462502722272,57.715675,1.9627239196470283,TRUE,1431,1440,FALSE
RISE::RISE_S007::2025-04-18,RISE,RISE::RISE_S007,2025-04-18,7.666124038507396,0.8902043227036047,16.060599889622793,1.9143086659833113,57.715675,1.9627239196470283,TRUE,1440,1440,FALSE
RISE::RISE_S007::2025-04-19,RISE,RISE::RISE_S007,2025-04-19,6.588004899720181,0.8252965826009148,16.15108650598261,2.00479528234313,57.715675,1.9627239196470283,TRUE,1399,1440,FALSE
RISE::RISE_S007::2025-04-20,RISE,RISE::RISE_S007,2025-04-20,4.907786540658813,0.699645808583016,16.241688398917518,2.095397175278036,57.715675,1.9627239196470283,TRUE,1430,1440,FALSE
RISE::RISE_S008::2025-04-29,RISE,RISE::RISE_S008,2025-04-29,15.92701412244359,1.2048526196134726,17.06040390630563,2.9141126826661488,57.715675,1.9627239196470283,TRUE,1440,1440,FALSE
RISE::RISE_S008::2025-04-30,RISE,RISE::RISE_S008,2025-04-30,43.4813626284113,1.6393008049085938,17.151474550233946,3.005183326594464,57.715675,1.9627239196470283,TRUE,1305,1440,FALSE
RISE::RISE_S008::2025-05-01,RISE,RISE::RISE_S008,2025-05-01,19.41241191529661,1.290310955543275,17.242500105102856,3.096208881463374,57.715675,1.9627239196470283,TRUE,1440,1440,FALSE
RISE::RISE_S008::2025-05-02,RISE,RISE::RISE_S008,2025-05-02,9.035408721644622,0.9607279826227658,17.33345867547724,3.187167451837757,57.715675,1.9627239196470283,TRUE,1440,1440,FALSE
RISE::RISE_S008::2025-05-03,RISE,RISE::RISE_S008,2025-05-03,10.797578540964277,1.037330007745649,17.424326815075343,3.278035591435861,57.715675,1.9627239196470283,TRUE,1440,1440,FALSE
RISE::RISE_S008::2025-05-04,RISE,RISE::RISE_S008,2025-05-04,15.583128808320772,1.1954327094093808,17.515079435838594,3.368788212199112,57.715675,1.9627239196470283,TRUE,1440,1440,FALSE
RISE::RISE_S009::2025-05-27,RISE,RISE::RISE_S009,2025-05-27,16.251276506687528,1.213551662694798,19.47890533533361,5.332614111694129,57.715675,1.9627239196470283,TRUE,1440,1440,FALSE
RISE::RISE_S009::2025-05-28,RISE,RISE::RISE_S009,2025-05-28,13.651288439732278,1.1383433916972503,19.55297898358769,5.406687759948207,57.715675,1.9627239196470283,TRUE,1267,1440,FALSE
RISE::RISE_S009::2025-05-29,RISE,RISE::RISE_S009,2025-05-29,34.75334366031786,1.542244448533537,19.625408908989694,5.479117685350213,57.715675,1.9627239196470283,TRUE,1365,1440,FALSE
RISE::RISE_S009::2025-05-30,RISE,RISE::RISE_S009,2025-05-30,16.835860145690415,1.2288072586742214,19.696082001328467,5.549790777688985,57.715675,1.9627239196470283,TRUE,1311,1440,FALSE
RISE::RISE_S009::2025-05-31,RISE,RISE::RISE_S009,2025-05-31,17.356632880148577,1.241960478625442,19.76488055811988,5.618589334480399,57.715675,1.9627239196470283,TRUE,1359,1440,FALSE
RISE::RISE_S009::2025-06-01,RISE,RISE::RISE_S009,2025-06-01,10.62547687430502,1.030416610812478,19.831682472030323,5.685391248390841,57.715675,1.9627239196470283,TRUE,1324,1440,FALSE
RISE::RISE_S010::2025-06-10,RISE,RISE::RISE_S010,2025-06-10,4.618386425460047,0.6737935057680237,20.321251919137108,6.174960695497626,57.715675,1.9627239196470283,TRUE,1371,1440,FALSE
RISE::RISE_S010::2025-06-11,RISE,RISE::RISE_S010,2025-06-11,7.1364137421831515,0.8595233896983069,20.360735110441844,6.214443886802362,57.715675,1.9627239196470283,TRUE,1356,1440,FALSE
RISE::RISE_S010::2025-06-12,RISE,RISE::RISE_S010,2025-06-12,27.543604656892633,1.441594673308734,20.396744766698944,6.2504535430594625,57.715675,1.9627239196470283,TRUE,1269,1440,FALSE
RISE::RISE_S010::2025-06-13,RISE,RISE::RISE_S010,2025-06-13,0.9218103665283911,0.00937030439756493,20.429159809152285,6.282868585512803,57.715675,1.9627239196470283,TRUE,1329,1440,FALSE
RISE::RISE_S010::2025-06-14,RISE,RISE::RISE_S010,2025-06-14,14.880414788411516,1.1755238385853655,20.457867281238237,6.311576057598755,57.715675,1.9627239196470283,TRUE,1439,1440,FALSE
RISE::RISE_S012::2025-06-10,RISE,RISE::RISE_S012,2025-06-10,3.952450413071426,0.6077177094030425,20.321251919137108,6.174960695497626,57.715675,1.9627239196470283,TRUE,1440,1440,FALSE
RISE::RISE_S012::2025-06-11,RISE,RISE::RISE_S012,2025-06-11,14.691665319591829,1.1700170717923537,20.360735110441844,6.214443886802362,57.715675,1.9627239196470283,TRUE,1440,1440,FALSE
RISE::RISE_S012::2025-06-12,RISE,RISE::RISE_S012,2025-06-12,11.542014111735105,1.0660281213743017,20.396744766698944,6.2504535430594625,57.715675,1.9627239196470283,TRUE,1440,1440,FALSE
RISE::RISE_S012::2025-06-13,RISE,RISE::RISE_S012,2025-06-13,14.615770516725911,1.1677830066599921,20.429159809152285,6.282868585512803,57.715675,1.9627239196470283,TRUE,1436,1440,FALSE
RISE::RISE_S012::2025-06-14,RISE,RISE::RISE_S012,2025-06-14,19.432333132693003,1.290754122762226,20.457867281238237,6.311576057598755,57.715675,1.9627239196470283,TRUE,1424,1440,FALSE
RISE::RISE_S012::2025-06-15,RISE,RISE::RISE_S012,2025-06-15,5.405440324595678,0.7407920595284145,20.482763924863605,6.336472701224123,57.715675,1.9627239196470283,TRUE,1440,1440,FALSE
RISE::RISE_S012::2025-06-16,RISE,RISE::RISE_S012,2025-06-16,9.234905641846073,0.9701099324155006,20.503757714099354,6.357466490459872,57.715675,1.9627239196470283,TRUE,1440,1440,FALSE
RISE::RISE_S013::2025-06-24,RISE,RISE::RISE_S013,2025-06-24,10.112035438210214,1.0091123132407556,20.52484733098083,6.378556107341348,57.715675,1.9627239196470283,TRUE,1440,1440,FALSE
RISE::RISE_S013::2025-06-25,RISE,RISE::RISE_S013,2025-06-25,4.948018522920917,0.7031209398152347,20.508991887436974,6.362700663797492,57.715675,1.9627239196470283,TRUE,1233,1440,FALSE
RISE::RISE_S013::2025-06-26,RISE,RISE::RISE_S013,2025-06-26,10.24629649525105,1.0147849198884888,20.489147805107965,6.342856581468483,57.715675,1.9627239196470283,TRUE,1440,1440,FALSE
RISE::RISE_S013::2025-06-27,RISE,RISE::RISE_S013,2025-06-27,3.7406469988575997,0.5844043921708056,20.465393348733585,6.319102125094103,57.715675,1.9627239196470283,TRUE,1299,1440,FALSE
RISE::RISE_S013::2025-06-28,RISE,RISE::RISE_S013,2025-06-28,3.8343305161194685,0.5948708414240323,20.43781963951058,6.291528415871097,57.715675,1.9627239196470283,TRUE,1262,1440,FALSE
RISE::RISE_S013::2025-06-29,RISE,RISE::RISE_S013,2025-06-29,5.46588706330021,0.745534389873854,20.406529225375916,6.260238001736434,57.715675,1.9627239196470283,TRUE,1435,1440,FALSE
RISE::RISE_S016::2025-10-07,RISE,RISE::RISE_S016,2025-10-07,4.526901586565977,0.6652902622260957,12.295595754848586,-1.8506954687908959,57.715675,1.9627239196470283,TRUE,1440,1440,FALSE
RISE::RISE_S016::2025-10-08,RISE,RISE::RISE_S016,2025-10-08,2.684126130484405,0.4446889064171694,12.215335908797051,-1.9309553148424303,57.715675,1.9627239196470283,TRUE,1260,1440,FALSE
RISE::RISE_S016::2025-10-09,RISE,RISE::RISE_S016,2025-10-09,2.8918549439027643,0.47594053351403626,12.135332807037566,-2.010958416601916,57.715675,1.9627239196470283,TRUE,1262,1440,FALSE
RISE::RISE_S016::2025-10-10,RISE,RISE::RISE_S016,2025-10-10,1.563958492437609,0.22114248858322802,12.055592330296834,-2.0906988933426476,57.715675,1.9627239196470283,TRUE,1440,1440,FALSE
RISE::RISE_S016::2025-10-11,RISE,RISE::RISE_S016,2025-10-11,2.342942471519581,0.38791323995920357,11.976120831569036,-2.170170392070446,57.715675,1.9627239196470283,TRUE,1308,1440,FALSE
RISE::RISE_S016::2025-10-12,RISE,RISE::RISE_S016,2025-10-12,3.311224135787879,0.5329102558301152,11.896925158434444,-2.249366065205038,57.715675,1.9627239196470283,TRUE,1391,1440,FALSE
THUAS::THUAS_S001::2025-02-22,THUAS,THUAS::THUAS_S001,2025-02-22,2.5806354019025646e-5,-0.9998879388873368,11.59127261598905,-2.5550186076504318,52.0116,1.3923164196470283,TRUE,1440,1440,FALSE
THUAS::THUAS_S001::2025-02-23,THUAS,THUAS::THUAS_S001,2025-02-23,2.506883971696407,0.41612170183446695,11.654367930557992,-2.4919232930814896,52.0116,1.3923164196470283,TRUE,1161,1440,FALSE
THUAS::THUAS_S001::2025-02-24,THUAS,THUAS::THUAS_S001,2025-02-24,1.65827067313263,0.24508573239833634,11.717774412168398,-2.4285168114710842,52.0116,1.3923164196470283,TRUE,1440,1440,FALSE
THUAS::THUAS_S001::2025-02-25,THUAS,THUAS::THUAS_S001,2025-02-25,1.8746189758940444,0.29548330622530494,11.781480873823165,-2.3648103498163167,52.0116,1.3923164196470283,TRUE,1425,1440,FALSE
THUAS::THUAS_S001::2025-02-26,THUAS,THUAS::THUAS_S001,2025-02-26,4.569581379190413,0.6692779484768987,11.845476604236497,-2.300814619402985,52.0116,1.3923164196470283,TRUE,1440,1440,FALSE
THUAS::THUAS_S001::2025-02-27,THUAS,THUAS::THUAS_S001,2025-02-27,1.4876274641844136,0.20074860311026668,11.909751350416078,-2.2365398732234034,52.0116,1.3923164196470283,TRUE,1357,1440,FALSE
THUAS::THUAS_S001::2025-02-28,THUAS,THUAS::THUAS_S001,2025-02-28,1.3280241133930357,0.15473554093113456,11.974295300576422,-2.1719959230630597,52.0116,1.3923164196470283,TRUE,1341,1440,FALSE
THUAS::THUAS_S001::2025-03-02,THUAS,THUAS::THUAS_S001,2025-03-02,0.6441121746780735,-0.1283615897612617,12.10415366133054,-2.042137562308941,52.0116,1.3923164196470283,TRUE,1440,1440,FALSE
THUAS::THUAS_S002::2025-03-04,THUAS,THUAS::THUAS_S002,2025-03-04,9.7535993961771,0.9935949018026718,12.234981320500374,-1.9113099031391076,52.0116,1.3923164196470283,TRUE,1422,1440,FALSE
THUAS::THUAS_S002::2025-03-05,THUAS,THUAS::THUAS_S002,2025-03-05,5.1431828711108265,0.7195950052493548,12.300738272799386,-1.845552950840096,52.0116,1.3923164196470283,TRUE,1440,1440,FALSE
THUAS::THUAS_S002::2025-03-06,THUAS,THUAS::THUAS_S002,2025-03-06,0.8273776882127231,-0.032743357008965045,12.366713795595698,-1.7795774280437833,52.0116,1.3923164196470283,TRUE,1440,1440,FALSE
THUAS::THUAS_S002::2025-03-07,THUAS,THUAS::THUAS_S002,2025-03-07,1.5869919589283759,0.22711301252311591,12.432900649176704,-1.7133905744627782,52.0116,1.3923164196470283,TRUE,1440,1440,FALSE
THUAS::THUAS_S002::2025-03-08,THUAS,THUAS::THUAS_S002,2025-03-08,0.486517743425923,-0.23171884500555745,12.499291886356142,-1.64699933728334,52.0116,1.3923164196470283,TRUE,1440,1440,FALSE
THUAS::THUAS_S003::2025-03-18,THUAS,THUAS::THUAS_S003,2025-03-18,8.754637393367068,0.9471707810784159,13.173087510267893,-0.9732037133715892,52.0116,1.3923164196470283,TRUE,1325,1440,FALSE
THUAS::THUAS_S003::2025-03-19,THUAS,THUAS::THUAS_S003,2025-03-19,15.392552399442065,1.190122973709892,13.241332811580763,-0.9049584120587184,52.0116,1.3923164196470283,TRUE,1190,1440,FALSE
THUAS::THUAS_S003::2025-03-20,THUAS,THUAS::THUAS_S003,2025-03-20,7.999081983313136,0.9084357951532266,13.309714924295744,-0.8365762993437382,52.0116,1.3923164196470283,TRUE,1440,1440,FALSE
THUAS::THUAS_S003::2025-03-21,THUAS,THUAS::THUAS_S003,2025-03-21,9.924018786695527,1.0010418719276892,13.378228944804933,-0.7680622788345488,52.0116,1.3923164196470283,TRUE,1394,1440,FALSE
THUAS::THUAS_S003::2025-03-22,THUAS,THUAS::THUAS_S003,2025-03-22,2.981605660795845,0.48877706322810505,13.446869988971287,-0.6994212346681952,52.0116,1.3923164196470283,TRUE,1390,1440,FALSE
THUAS::THUAS_S003::2025-03-23,THUAS,THUAS::THUAS_S003,2025-03-23,12.819461265896527,1.1112444042065517,13.515633172988892,-0.6306580506505899,52.0116,1.3923164196470283,TRUE,1440,1440,FALSE
THUAS::THUAS_S005::2025-03-25,THUAS,THUAS::THUAS_S005,2025-03-25,6.49721676383684,0.8193607538684833,13.653506302436194,-0.4927849212032882,52.0116,1.3923164196470283,TRUE,1428,1440,FALSE
THUAS::THUAS_S005::2025-03-26,THUAS,THUAS::THUAS_S005,2025-03-26,6.505605266296932,0.8199126178278316,13.72260629620817,-0.4236849274313119,52.0116,1.3923164196470283,TRUE,1323,1440,FALSE
THUAS::THUAS_S005::2025-03-27,THUAS,THUAS::THUAS_S005,2025-03-27,5.8707098474626935,0.7760259667256346,13.791808485322528,-0.3544827383169533,52.0116,1.3923164196470283,TRUE,1440,1440,FALSE
THUAS::THUAS_S005::2025-03-28,THUAS,THUAS::THUAS_S005,2025-03-28,6.9192295317702275,0.846289444257398,13.861107677883572,-0.28518354575590976,52.0116,1.3923164196470283,TRUE,1303,1440,FALSE
THUAS::THUAS_S005::2025-03-29,THUAS,THUAS::THUAS_S005,2025-03-29,5.308073942744103,0.7330426209339872,13.930498557686805,-0.21579266595267654,52.0116,1.3923164196470283,TRUE,1440,1440,FALSE
THUAS::THUAS_S005::2025-03-30,THUAS,THUAS::THUAS_S005,2025-03-30,6.254322087814666,0.8030692245634288,13.9999756623639,-0.14631556127558198,52.0116,1.3923164196470283,TRUE,1288,1380,FALSE
THUAS::THUAS_S006::2025-04-01,THUAS,THUAS::THUAS_S006,2025-04-01,7.641032242759428,0.8887988763732727,14.13916583571169,-0.007125387927791493,52.0116,1.3923164196470283,TRUE,1409,1440,FALSE
THUAS::THUAS_S006::2025-04-02,THUAS,THUAS::THUAS_S006,2025-04-02,6.470769751784282,0.8176162492204164,14.208867051866319,0.06257582822683716,52.0116,1.3923164196470283,TRUE,1440,1440,FALSE
THUAS::THUAS_S006::2025-04-03,THUAS,THUAS::THUAS_S006,2025-04-03,5.992580663953135,0.7848012878243988,14.27863074236446,0.13233951872497762,52.0116,1.3923164196470283,TRUE,1413,1440,FALSE
THUAS::THUAS_S006::2025-04-05,THUAS,THUAS::THUAS_S006,2025-04-05,12.860873774504851,1.1126342810603598,14.418319160474672,0.27202793683519033,52.0116,1.3923164196470283,TRUE,1438,1440,FALSE
THUAS::THUAS_S006::2025-04-06,THUAS,THUAS::THUAS_S006,2025-04-06,10.359818998759017,1.0195241693763506,14.488229966627227,0.34193874298774496,52.0116,1.3923164196470283,TRUE,1349,1440,FALSE
THUAS::THUAS_S007::2025-04-08,THUAS,THUAS::THUAS_S007,2025-04-08,5.102116152620587,0.7161800448761966,14.628147530357042,0.4818563067175603,52.0116,1.3923164196470283,TRUE,1376,1440,FALSE
THUAS::THUAS_S007::2025-04-09,THUAS,THUAS::THUAS_S007,2025-04-09,10.52477929235765,1.0263199172534792,14.698138311372864,0.5518470877333819,52.0116,1.3923164196470283,TRUE,1324,1440,FALSE
THUAS::THUAS_S007::2025-04-10,THUAS,THUAS::THUAS_S007,2025-04-10,1.466818725103319,0.19501875317481354,14.76813911543952,0.621847891800039,52.0116,1.3923164196470283,TRUE,1349,1440,FALSE
THUAS::THUAS_S007::2025-04-11,THUAS,THUAS::THUAS_S007,2025-04-11,0.001562240884921448,-0.9932677253522793,14.838140927619405,0.6918497039799227,52.0116,1.3923164196470283,TRUE,1440,1440,FALSE
THUAS::THUAS_S007::2025-04-12,THUAS,THUAS::THUAS_S007,2025-04-12,4.313418333286325,0.6447750947318426,14.908134275078773,0.7618430514392909,52.0116,1.3923164196470283,TRUE,1232,1440,FALSE
THUAS::THUAS_S007::2025-04-13,THUAS,THUAS::THUAS_S007,2025-04-13,5.647123213064546,0.7594505081099314,14.978109200398126,0.8318179767586447,52.0116,1.3923164196470283,TRUE,1353,1440,FALSE
THUAS::THUAS_S010::2025-06-03,THUAS,THUAS::THUAS_S010,2025-06-03,11.724350257149666,1.0727772857745645,18.042194473081164,3.895903249441682,52.0116,1.3923164196470283,TRUE,1398,1440,FALSE
THUAS::THUAS_S010::2025-06-05,THUAS,THUAS::THUAS_S010,2025-06-05,9.260634927037346,0.9713053077078369,18.110051562454967,3.9637603388154847,52.0116,1.3923164196470283,TRUE,1249,1440,FALSE
THUAS::THUAS_S010::2025-06-06,THUAS,THUAS::THUAS_S010,2025-06-06,0.09649791556528428,-0.7066420522264495,18.14129734608862,3.995006122449139,52.0116,1.3923164196470283,TRUE,1183,1440,FALSE
THUAS::THUAS_S010::2025-06-07,THUAS,THUAS::THUAS_S010,2025-06-07,5.633596435995647,0.7584271215040567,18.170695600642098,4.024404377002616,52.0116,1.3923164196470283,TRUE,1364,1440,FALSE
THUAS::THUAS_S010::2025-06-08,THUAS,THUAS::THUAS_S010,2025-06-08,9.566601282282814,0.9852738056441408,18.198204170399244,4.051912946759762,52.0116,1.3923164196470283,TRUE,1440,1440,FALSE
THUAS::THUAS_S010::2025-06-09,THUAS,THUAS::THUAS_S010,2025-06-09,35.69100427906713,1.553773884663767,18.223782843152684,4.077491619513202,52.0116,1.3923164196470283,TRUE,1343,1440,FALSE
THUAS::THUAS_S011::2025-05-13,THUAS,THUAS::THUAS_S011,2025-05-13,14.841283892043636,1.1743879176448901,16.991607664691077,2.8453164410515956,52.0116,1.3923164196470283,TRUE,1422,1440,FALSE
THUAS::THUAS_S011::2025-05-14,THUAS,THUAS::THUAS_S011,2025-05-14,13.645944794543942,1.1381745953948743,17.05210279080603,2.9058115671665465,52.0116,1.3923164196470283,TRUE,1440,1440,FALSE
THUAS::THUAS_S011::2025-05-15,THUAS,THUAS::THUAS_S011,2025-05-15,16.082482564261085,1.209045147761695,17.111836332347657,2.9655451087081754,52.0116,1.3923164196470283,TRUE,1420,1440,FALSE
THUAS::THUAS_S011::2025-05-16,THUAS,THUAS::THUAS_S011,2025-05-16,11.782118462506077,1.074893877897278,17.170767495963307,3.0244762723238257,52.0116,1.3923164196470283,TRUE,1365,1440,FALSE
THUAS::THUAS_S011::2025-05-17,THUAS,THUAS::THUAS_S011,2025-05-17,20.20203414112335,1.3075395537756425,17.22885436197122,3.0825631383317376,52.0116,1.3923164196470283,TRUE,1440,1440,FALSE
THUAS::THUAS_S011::2025-05-18,THUAS,THUAS::THUAS_S011,2025-05-18,10.449880830241762,1.0232475539407524,17.286053916414577,3.1397626927750952,52.0116,1.3923164196470283,TRUE,1422,1440,FALSE
THUAS::THUAS_S014::2025-07-08,THUAS,THUAS::THUAS_S014,2025-07-08,5.501284384475607,0.7482876229228287,18.05177746653557,3.905486242896087,52.0116,1.3923164196470283,TRUE,1317,1440,FALSE
THUAS::THUAS_S014::2025-07-09,THUAS,THUAS::THUAS_S014,2025-07-09,7.435908118918607,0.8771355947091973,18.01588496943315,3.869593745793667,52.0116,1.3923164196470283,TRUE,1241,1440,FALSE
THUAS::THUAS_S014::2025-07-10,THUAS,THUAS::THUAS_S014,2025-07-10,3.861292069689231,0.5978368645143858,17.978340305818453,3.8320490821789708,52.0116,1.3923164196470283,TRUE,1304,1440,FALSE
THUAS::THUAS_S014::2025-07-11,THUAS,THUAS::THUAS_S014,2025-07-11,6.811441249659321,0.8395686206747754,17.939192422562176,3.792901198922694,52.0116,1.3923164196470283,TRUE,1219,1440,FALSE
THUAS::THUAS_S014::2025-07-12,THUAS,THUAS::THUAS_S014,2025-07-12,4.468919332433697,0.6598134903410666,17.898490925100116,3.7521997014606345,52.0116,1.3923164196470283,TRUE,1440,1440,FALSE
THUAS::THUAS_S014::2025-07-13,THUAS,THUAS::THUAS_S014,2025-07-13,4.232560870506564,0.6367446730684486,17.856285890539485,3.7099946669000037,52.0116,1.3923164196470283,TRUE,1440,1440,FALSE
THUAS::THUAS_S015::2025-07-08,THUAS,THUAS::THUAS_S015,2025-07-08,12.615897507810978,1.1043470187731288,18.05177746653557,3.905486242896087,52.0116,1.3923164196470283,TRUE,1440,1440,FALSE
THUAS::THUAS_S015::2025-07-09,THUAS,THUAS::THUAS_S015,2025-07-09,2.2512892593462794,0.37130606000983735,18.01588496943315,3.869593745793667,52.0116,1.3923164196470283,TRUE,1220,1440,FALSE
THUAS::THUAS_S015::2025-07-10,THUAS,THUAS::THUAS_S015,2025-07-10,16.115835353834314,1.2099393261336306,17.978340305818453,3.8320490821789708,52.0116,1.3923164196470283,TRUE,1438,1440,FALSE
THUAS::THUAS_S015::2025-07-11,THUAS,THUAS::THUAS_S015,2025-07-11,1.1129283844389302,0.08383515934871158,17.939192422562176,3.792901198922694,52.0116,1.3923164196470283,TRUE,1439,1440,FALSE
THUAS::THUAS_S015::2025-07-12,THUAS,THUAS::THUAS_S015,2025-07-12,23.944087384397225,1.3810082976734115,17.898490925100116,3.7521997014606345,52.0116,1.3923164196470283,TRUE,1440,1440,FALSE
THUAS::THUAS_S015::2025-07-13,THUAS,THUAS::THUAS_S015,2025-07-13,0.21875369237393813,-0.49654477575535727,17.856285890539485,3.7099946669000037,52.0116,1.3923164196470283,TRUE,1440,1440,FALSE
THUAS::THUAS_S016::2025-07-08,THUAS,THUAS::THUAS_S016,2025-07-08,15.621532160813025,1.1964948684566534,18.05177746653557,3.905486242896087,52.0116,1.3923164196470283,TRUE,1440,1440,FALSE
THUAS::THUAS_S016::2025-07-09,THUAS,THUAS::THUAS_S016,2025-07-09,22.086985274603624,1.3460982951319085,18.01588496943315,3.869593745793667,52.0116,1.3923164196470283,TRUE,1440,1440,FALSE
THUAS::THUAS_S016::2025-07-10,THUAS,THUAS::THUAS_S016,2025-07-10,26.06536318970243,1.4177267673649616,17.978340305818453,3.8320490821789708,52.0116,1.3923164196470283,TRUE,1440,1440,FALSE
THUAS::THUAS_S016::2025-07-11,THUAS,THUAS::THUAS_S016,2025-07-11,14.292453823316457,1.1581348447409616,17.939192422562176,3.792901198922694,52.0116,1.3923164196470283,TRUE,1440,1440,FALSE
THUAS::THUAS_S016::2025-07-12,THUAS,THUAS::THUAS_S016,2025-07-12,14.415060282006479,1.1618188438251784,17.898490925100116,3.7521997014606345,52.0116,1.3923164196470283,TRUE,1439,1440,FALSE
THUAS::THUAS_S016::2025-07-13,THUAS,THUAS::THUAS_S016,2025-07-13,9.306175950340396,0.9734130983253512,17.856285890539485,3.7099946669000037,52.0116,1.3923164196470283,TRUE,1440,1440,FALSE
THUAS::THUAS_S017::2025-09-09,THUAS,THUAS::THUAS_S017,2025-09-09,5.760847352776881,0.7679604102214088,14.2053072239293,0.05901600028981768,52.0116,1.3923164196470283,TRUE,1440,1440,FALSE
THUAS::THUAS_S017::2025-09-10,THUAS,THUAS::THUAS_S017,2025-09-10,5.702435059368601,0.7636102885479135,14.136658898790678,-0.00963232484880372,52.0116,1.3923164196470283,TRUE,1438,1440,FALSE
THUAS::THUAS_S017::2025-09-11,THUAS,THUAS::THUAS_S017,2025-09-11,13.959015008222808,1.1479548945473559,14.068081025481224,-0.07821019815825814,52.0116,1.3923164196470283,TRUE,1440,1440,FALSE
THUAS::THUAS_S017::2025-09-12,THUAS,THUAS::THUAS_S017,2025-09-12,4.161882578239383,0.629601480027364,13.99957904915015,-0.14671217448933227,52.0116,1.3923164196470283,TRUE,1440,1440,FALSE
THUAS::THUAS_S017::2025-09-13,THUAS,THUAS::THUAS_S017,2025-09-13,11.52157295397596,1.065264912821973,13.931158213880327,-0.21513300975915506,52.0116,1.3923164196470283,TRUE,1440,1440,FALSE
THUAS::THUAS_S017::2025-09-14,THUAS,THUAS::THUAS_S017,2025-09-14,12.579203671785947,1.1030919781664286,13.862823584808243,-0.2834676388312385,52.0116,1.3923164196470283,TRUE,1440,1440,FALSE
THUAS::THUAS_S018::2025-09-23,THUAS,THUAS::THUAS_S018,2025-09-23,10.261844625608497,1.015437075815726,13.252464475962851,-0.8938267476766306,52.0116,1.3923164196470283,TRUE,1353,1440,FALSE
THUAS::THUAS_S018::2025-09-24,THUAS,THUAS::THUAS_S018,2025-09-24,8.459712282313193,0.9324591669781175,13.185245578487715,-0.961045645151767,52.0116,1.3923164196470283,TRUE,1240,1440,FALSE
THUAS::THUAS_S018::2025-09-25,THUAS,THUAS::THUAS_S018,2025-09-25,9.863375222433584,0.9984064862313126,13.118162540859647,-1.028128682779835,52.0116,1.3923164196470283,TRUE,1290,1440,FALSE
THUAS::THUAS_S018::2025-09-26,THUAS,THUAS::THUAS_S018,2025-09-26,10.15976658609233,1.0111374805101834,13.05121983177132,-1.0950713918681618,52.0116,1.3923164196470283,TRUE,1281,1440,FALSE
THUAS::THUAS_S018::2025-09-27,THUAS,THUAS::THUAS_S018,2025-09-27,4.875763511562922,0.6968597309946758,12.984421993957625,-1.161869229681857,52.0116,1.3923164196470283,TRUE,1290,1440,FALSE
TUM::TUM_S001::2024-05-14,TUM,TUM::TUM_S001,2024-05-14,15.523338038350206,1.1937738295897022,16.407798154950143,2.2615069313106613,48.1333,1.0044864196470282,TRUE,1415,1440,FALSE
TUM::TUM_S001::2024-05-15,TUM,TUM::TUM_S001,2024-05-15,16.080486818061804,1.2089915839769578,16.456689239475462,2.3103980158359807,48.1333,1.0044864196470282,TRUE,1343,1440,FALSE
TUM::TUM_S001::2024-05-16,TUM,TUM::TUM_S001,2024-05-16,15.572993696312208,1.195151958919812,16.50482180317243,2.358530579532948,48.1333,1.0044864196470282,TRUE,1388,1440,FALSE
TUM::TUM_S001::2024-05-17,TUM,TUM::TUM_S001,2024-05-17,10.160917089258264,1.0111861784176026,16.552163121700286,2.405871898060804,48.1333,1.0044864196470282,TRUE,1277,1440,FALSE
TUM::TUM_S001::2024-05-18,TUM,TUM::TUM_S001,2024-05-18,11.302791854462907,1.057011196822702,16.598679932951928,2.452388709312446,48.1333,1.0044864196470282,TRUE,1406,1440,FALSE
TUM::TUM_S001::2024-05-19,TUM,TUM::TUM_S001,2024-05-19,63.18697800023093,1.80131435828857,16.64433848268456,2.4980472590450784,48.1333,1.0044864196470282,TRUE,1404,1440,FALSE
TUM::TUM_S002::2024-05-28,TUM,TUM::TUM_S002,2024-05-28,9.80533174153536,0.9958690251653887,17.01090464512507,2.864613421485588,48.1333,1.0044864196470282,TRUE,1297,1440,FALSE
TUM::TUM_S002::2024-05-29,TUM,TUM::TUM_S002,2024-05-29,11.887777389380505,1.0787386695871453,17.046058657566707,2.8997674339272255,48.1333,1.0044864196470282,TRUE,1256,1440,FALSE
TUM::TUM_S002::2024-05-30,TUM,TUM::TUM_S002,2024-05-30,8.994180571199502,0.9587635731698346,17.079968775775697,2.9336775521362153,48.1333,1.0044864196470282,TRUE,1340,1440,FALSE
TUM::TUM_S002::2024-05-31,TUM,TUM::TUM_S002,2024-05-31,6.018649986060767,0.7866556103350515,17.11260074065791,2.966309517018429,48.1333,1.0044864196470282,TRUE,1400,1440,FALSE
TUM::TUM_S002::2024-06-01,TUM,TUM::TUM_S002,2024-06-01,1.49351471069394,0.20235607706216047,17.143920845124455,2.9976296214849736,48.1333,1.0044864196470282,TRUE,1440,1440,FALSE
TUM::TUM_S002::2024-06-02,TUM,TUM::TUM_S002,2024-06-02,13.123568606376056,1.1213486727679909,17.17389604330063,3.027604819661148,48.1333,1.0044864196470282,TRUE,1399,1440,FALSE
TUM::TUM_S003::2024-06-04,TUM,TUM::TUM_S003,2024-06-04,9.032095000966716,0.9605704207968457,17.229683514038722,3.0833922903992406,48.1333,1.0044864196470282,TRUE,1371,1440,FALSE
TUM::TUM_S003::2024-06-05,TUM,TUM::TUM_S003,2024-06-05,4.02331172168131,0.6152461686331893,17.255434011883207,3.109142788243725,48.1333,1.0044864196470282,TRUE,1293,1440,FALSE
TUM::TUM_S003::2024-06-06,TUM,TUM::TUM_S003,2024-06-06,5.986149663075823,0.7843426277869847,17.279716282222005,3.1334250585825227,48.1333,1.0044864196470282,TRUE,1361,1440,FALSE
TUM::TUM_S003::2024-06-07,TUM,TUM::TUM_S003,2024-06-07,7.09104472252367,0.8567919897246484,17.30250227868557,3.1562110550460876,48.1333,1.0044864196470282,TRUE,1309,1440,FALSE
TUM::TUM_S003::2024-06-08,TUM,TUM::TUM_S003,2024-06-08,9.561162071025313,0.9850293676867612,17.323765294618077,3.1774740709785956,48.1333,1.0044864196470282,TRUE,1393,1440,FALSE
TUM::TUM_S003::2024-06-09,TUM,TUM::TUM_S003,2024-06-09,6.823615335964067,0.8403329312269239,17.343480072021485,3.1971888483820035,48.1333,1.0044864196470282,TRUE,1424,1440,FALSE
TUM::TUM_S004::2024-06-11,TUM,TUM::TUM_S004,2024-06-11,4.703303202645434,0.6815400018127447,17.378171757062276,3.2318805334227942,48.1333,1.0044864196470282,TRUE,1429,1440,FALSE
TUM::TUM_S004::2024-06-12,TUM,TUM::TUM_S004,2024-06-12,13.494226907163574,1.1333545146451376,17.393106327851612,3.2468151042121303,48.1333,1.0044864196470282,TRUE,1416,1440,FALSE
TUM::TUM_S004::2024-06-13,TUM,TUM::TUM_S004,2024-06-13,9.17263305435195,0.9672030737996514,17.4064081744353,3.260116950795817,48.1333,1.0044864196470282,TRUE,1440,1440,FALSE
TUM::TUM_S004::2024-06-14,TUM,TUM::TUM_S004,2024-06-14,3.0005190638875274,0.49143440599927446,17.4180607806974,3.271769557057917,48.1333,1.0044864196470282,TRUE,1422,1440,FALSE
TUM::TUM_S004::2024-06-15,TUM,TUM::TUM_S004,2024-06-15,3.157032105909047,0.5128220396058348,17.428049636880555,3.2817584132410733,48.1333,1.0044864196470282,TRUE,1418,1440,FALSE
TUM::TUM_S004::2024-06-16,TUM,TUM::TUM_S004,2024-06-16,3.787603776946042,0.5896819953862653,17.436362307866414,3.2900710842269323,48.1333,1.0044864196470282,TRUE,1423,1440,FALSE
TUM::TUM_S005::2024-06-18,TUM,TUM::TUM_S005,2024-06-18,4.27675280246091,0.6411520184982317,17.447920072807207,3.3016288491677255,48.1333,1.0044864196470282,TRUE,1435,1440,FALSE
TUM::TUM_S005::2024-06-19,TUM,TUM::TUM_S005,2024-06-19,1.2235977906230033,0.12175603355502691,17.451151154239973,3.3048599306004913,48.1333,1.0044864196470282,TRUE,1377,1440,FALSE
TUM::TUM_S005::2024-06-20,TUM,TUM::TUM_S005,2024-06-20,0.684974587944904,-0.10514440248269644,17.452678093645307,3.3063868700058254,48.1333,1.0044864196470282,TRUE,1352,1440,FALSE
TUM::TUM_S005::2024-06-21,TUM,TUM::TUM_S005,2024-06-21,1.1653635220336034,0.10221531043934272,17.452499517268606,3.3062082936291244,48.1333,1.0044864196470282,TRUE,1322,1440,FALSE
TUM::TUM_S005::2024-06-22,TUM,TUM::TUM_S005,2024-06-22,2.092919979707315,0.34102278443374373,17.450616327722866,3.304325104083384,48.1333,1.0044864196470282,TRUE,1354,1440,FALSE
TUM::TUM_S005::2024-06-23,TUM,TUM::TUM_S005,2024-06-23,1.6198507363973427,0.23549075669132075,17.447031699485247,3.3007404758457657,48.1333,1.0044864196470282,TRUE,1358,1440,FALSE
TUM::TUM_S006::2024-06-25,TUM,TUM::TUM_S006,2024-06-25,11.860975947481808,1.0777666170532023,17.434782080054283,3.2884908564148017,48.1333,1.0044864196470282,TRUE,1417,1440,FALSE
TUM::TUM_S006::2024-06-26,TUM,TUM::TUM_S006,2024-06-26,7.844519878642456,0.900067656061108,17.42613460249371,3.2798433788542294,48.1333,1.0044864196470282,TRUE,1427,1440,FALSE
TUM::TUM_S006::2024-06-27,TUM,TUM::TUM_S006,2024-06-27,17.05574907848886,1.2344096855837874,17.415820629066893,3.269529405427411,48.1333,1.0044864196470282,TRUE,1329,1440,FALSE
TUM::TUM_S006::2024-06-28,TUM,TUM::TUM_S006,2024-06-28,15.95495016627041,1.2056089618771484,17.403854245874616,3.257563022235134,48.1333,1.0044864196470282,TRUE,1440,1440,FALSE
TUM::TUM_S006::2024-06-29,TUM,TUM::TUM_S006,2024-06-29,12.662431215297609,1.10593341441742,17.390251560144954,3.243960336505472,48.1333,1.0044864196470282,TRUE,1402,1440,FALSE
TUM::TUM_S006::2024-06-30,TUM,TUM::TUM_S006,2024-06-30,5.356218132064438,0.7368917244890067,17.375030625594988,3.2287394019555062,48.1333,1.0044864196470282,TRUE,1422,1440,FALSE
TUM::TUM_S007::2024-07-02,TUM,TUM::TUM_S007,2024-07-02,3.972989799778644,0.6099133224588442,17.339815451171663,3.1935242275321816,48.1333,1.0044864196470282,TRUE,1440,1440,FALSE
TUM::TUM_S007::2024-07-03,TUM,TUM::TUM_S007,2024-07-03,2.888358553082687,0.4754327043492348,17.319866269760663,3.173575046121181,48.1333,1.0044864196470282,TRUE,1391,1440,FALSE
TUM::TUM_S007::2024-07-04,TUM,TUM::TUM_S007,2024-07-04,4.39004917984725,0.6522510978895838,17.298388759096465,3.152097535456983,48.1333,1.0044864196470282,TRUE,1363,1440,FALSE
TUM::TUM_S007::2024-07-05,TUM,TUM::TUM_S007,2024-07-05,2.5682945394054864,0.42623376744023955,17.275409334103266,3.129118110463784,48.1333,1.0044864196470282,TRUE,1440,1440,FALSE
TUM::TUM_S007::2024-07-06,TUM,TUM::TUM_S007,2024-07-06,3.8553119636434543,0.5971807428895262,17.250955771075354,3.1046645474358723,48.1333,1.0044864196470282,TRUE,1440,1440,FALSE
TUM::TUM_S007::2024-07-07,TUM,TUM::TUM_S007,2024-07-07,3.2589969160965953,0.5262096051150057,17.225057096150188,3.078765872510706,48.1333,1.0044864196470282,TRUE,1386,1440,FALSE
TUM::TUM_S008::2024-07-09,TUM,TUM::TUM_S008,2024-07-09,26.21400708016586,1.420186987207541,17.169046083688738,3.0227548600492558,48.1333,1.0044864196470282,TRUE,1260,1440,FALSE
TUM::TUM_S008::2024-07-10,TUM,TUM::TUM_S008,2024-07-10,14.94409208368313,1.1773659830402488,17.138997023701666,2.9927058000621845,48.1333,1.0044864196470282,TRUE,1387,1440,FALSE
TUM::TUM_S008::2024-07-11,TUM,TUM::TUM_S008,2024-07-11,7.313514387528357,0.8700241347386013,17.10762917962339,2.9613379559839093,48.1333,1.0044864196470282,TRUE,1265,1440,FALSE
TUM::TUM_S008::2024-07-12,TUM,TUM::TUM_S008,2024-07-12,13.628489038654825,1.1376227412947193,17.074976120856075,2.928684897216593,48.1333,1.0044864196470282,TRUE,1370,1440,FALSE
TUM::TUM_S008::2024-07-13,TUM,TUM::TUM_S008,2024-07-13,25.466061726685908,1.40766383314573,17.041071989602514,2.8947807659630325,48.1333,1.0044864196470282,TRUE,1299,1440,FALSE
TUM::TUM_S008::2024-07-14,TUM,TUM::TUM_S008,2024-07-14,46.537770387438776,1.6687377799246772,17.005951392915513,2.8596601692760313,48.1333,1.0044864196470282,TRUE,1195,1440,FALSE
TUM::TUM_S009::2024-07-16,TUM,TUM::TUM_S009,2024-07-16,32.76999200038499,1.516799598386794,16.932200935615434,2.785909711975952,48.1333,1.0044864196470282,TRUE,1440,1440,FALSE
TUM::TUM_S009::2024-07-17,TUM,TUM::TUM_S009,2024-07-17,16.547019160634154,1.2213364794048498,16.89364169617494,2.747350472535457,48.1333,1.0044864196470282,TRUE,1440,1440,FALSE
TUM::TUM_S009::2024-07-18,TUM,TUM::TUM_S009,2024-07-18,14.402370475150905,1.1614389953478104,16.85400704509682,2.70771582145734,48.1333,1.0044864196470282,TRUE,1440,1440,FALSE
TUM::TUM_S009::2024-07-19,TUM,TUM::TUM_S009,2024-07-19,41.658647311685264,1.620746422116198,16.813332432177333,2.667041208537851,48.1333,1.0044864196470282,TRUE,1440,1440,FALSE
TUM::TUM_S009::2024-07-20,TUM,TUM::TUM_S009,2024-07-20,22.44959945725518,1.3531388320211288,16.77165320912997,2.6253619854904873,48.1333,1.0044864196470282,TRUE,1383,1440,FALSE
TUM::TUM_S009::2024-07-21,TUM,TUM::TUM_S009,2024-07-21,34.58582691043058,1.5401520525433858,16.729004553026623,2.5827133293871416,48.1333,1.0044864196470282,TRUE,1427,1440,FALSE
TUM::TUM_S010::2024-07-23,TUM,TUM::TUM_S010,2024-07-23,5.207288960403073,0.7248727338498798,16.640938344730273,2.4946471210907912,48.1333,1.0044864196470282,TRUE,1195,1440,FALSE
TUM::TUM_S010::2024-07-24,TUM,TUM::TUM_S010,2024-07-24,30.022677239044544,1.4788935684075692,16.595589646233453,2.449298422593971,48.1333,1.0044864196470282,TRUE,1362,1440,FALSE
TUM::TUM_S010::2024-07-25,TUM,TUM::TUM_S010,2024-07-25,8.410103871994918,0.9299348609963282,16.54940910299619,2.4031178793567083,48.1333,1.0044864196470282,TRUE,1269,1440,FALSE
TUM::TUM_S010::2024-07-26,TUM,TUM::TUM_S010,2024-07-26,8.118786476420123,0.9148076976494351,16.502430035074553,2.3561388114350716,48.1333,1.0044864196470282,TRUE,1331,1440,FALSE
TUM::TUM_S010::2024-07-27,TUM,TUM::TUM_S010,2024-07-27,9.905285402239231,1.0002294814629626,16.454685231116084,2.3083940074766023,48.1333,1.0044864196470282,TRUE,1372,1440,FALSE
TUM::TUM_S010::2024-07-28,TUM,TUM::TUM_S010,2024-07-28,2.2131529103008107,0.3642043426300556,16.40620690557692,2.2599156819374375,48.1333,1.0044864196470282,TRUE,1435,1440,FALSE
UCR::UCR_S001::2025-06-17,UCR,UCR::UCR_S001,2025-06-17,4.630144315751812,0.6748743911772502,13.473499963151085,-0.6727912604883972,9.9372,-2.8151235803529713,TRUE,1357,1440,FALSE
UCR::UCR_S001::2025-06-18,UCR,UCR::UCR_S001,2025-06-18,5.7972441195007125,0.7706491059968472,13.474199655519591,-0.6720915681198907,9.9372,-2.8151235803529713,TRUE,1419,1440,FALSE
UCR::UCR_S001::2025-06-19,UCR,UCR::UCR_S001,2025-06-19,6.908778637027406,0.8456423435852486,13.474654420481787,-0.6716368031576945,9.9372,-2.8151235803529713,TRUE,1411,1440,FALSE
UCR::UCR_S001::2025-06-22,UCR,UCR::UCR_S001,2025-06-22,5.035784505898891,0.7106067927355613,13.474547087020344,-0.6717441366191377,9.9372,-2.8151235803529713,TRUE,1384,1440,FALSE
UCR::UCR_S002::2025-06-17,UCR,UCR::UCR_S002,2025-06-17,3.8425167289051796,0.5957735448052002,13.473499963151085,-0.6727912604883972,9.9372,-2.8151235803529713,TRUE,1419,1440,FALSE
UCR::UCR_S002::2025-06-18,UCR,UCR::UCR_S002,2025-06-18,4.41587159513767,0.6547415846444329,13.474199655519591,-0.6720915681198907,9.9372,-2.8151235803529713,TRUE,1429,1440,FALSE
UCR::UCR_S002::2025-06-19,UCR,UCR::UCR_S002,2025-06-19,3.630117276482882,0.5717224864276405,13.474654420481787,-0.6716368031576945,9.9372,-2.8151235803529713,TRUE,1440,1440,FALSE
UCR::UCR_S002::2025-06-20,UCR,UCR::UCR_S002,2025-06-20,2.391139962482199,0.39639812867102553,13.474863940808508,-0.6714272828309742,9.9372,-2.8151235803529713,TRUE,1428,1440,FALSE
UCR::UCR_S002::2025-06-21,UCR,UCR::UCR_S002,2025-06-21,3.9220114621151585,0.6044433039350819,13.47482812086741,-0.671463102772071,9.9372,-2.8151235803529713,TRUE,1440,1440,FALSE
UCR::UCR_S002::2025-06-22,UCR,UCR::UCR_S002,2025-06-22,3.259587019008625,0.5262858945359861,13.474547087020344,-0.6717441366191377,9.9372,-2.8151235803529713,TRUE,1440,1440,FALSE
UCR::UCR_S003::2025-06-17,UCR,UCR::UCR_S003,2025-06-17,3.7145098699605317,0.5814387429602799,13.473499963151085,-0.6727912604883972,9.9372,-2.8151235803529713,TRUE,1367,1440,FALSE
UCR::UCR_S003::2025-06-18,UCR,UCR::UCR_S003,2025-06-18,5.636829108871696,0.7586719131246542,13.474199655519591,-0.6720915681198907,9.9372,-2.8151235803529713,TRUE,1440,1440,FALSE
UCR::UCR_S003::2025-06-19,UCR,UCR::UCR_S003,2025-06-19,16.529622264021274,1.220882384486247,13.474654420481787,-0.6716368031576945,9.9372,-2.8151235803529713,TRUE,1440,1440,FALSE
UCR::UCR_S003::2025-06-20,UCR,UCR::UCR_S003,2025-06-20,2.9796205223447076,0.4884972050702158,13.474863940808508,-0.6714272828309742,9.9372,-2.8151235803529713,TRUE,1183,1440,FALSE
UCR::UCR_S003::2025-06-22,UCR,UCR::UCR_S003,2025-06-22,4.469657789299512,0.6598836780165379,13.474547087020344,-0.6717441366191377,9.9372,-2.8151235803529713,TRUE,1349,1440,FALSE
UCR::UCR_S004::2025-06-24,UCR,UCR::UCR_S004,2025-06-24,9.007864607833428,0.959416566024366,13.473250989052984,-0.6730402345864981,9.9372,-2.8151235803529713,TRUE,1393,1440,FALSE
UCR::UCR_S004::2025-06-25,UCR,UCR::UCR_S004,2025-06-25,7.334642205758864,0.8712600728171432,13.472237280209859,-0.6740539434296231,9.9372,-2.8151235803529713,TRUE,1185,1440,FALSE
UCR::UCR_S004::2025-06-26,UCR,UCR::UCR_S004,2025-06-26,7.161479335699734,0.8610251058080702,13.470981064306365,-0.675310159333117,9.9372,-2.8151235803529713,TRUE,1405,1440,FALSE
UCR::UCR_S004::2025-06-27,UCR,UCR::UCR_S004,2025-06-27,2.979019615454272,0.4884124556639694,13.469483559065395,-0.6768076645740866,9.9372,-2.8151235803529713,TRUE,1308,1440,FALSE
UCR::UCR_S004::2025-06-28,UCR,UCR::UCR_S004,2025-06-28,2.9820713905950607,0.4888426941430786,13.467746192746691,-0.6785450308927903,9.9372,-2.8151235803529713,TRUE,1375,1440,FALSE
UCR::UCR_S004::2025-06-29,UCR,UCR::UCR_S004,2025-06-29,4.050345732290264,0.618084275837832,13.465770600769256,-0.6805206228702261,9.9372,-2.8151235803529713,TRUE,1440,1440,FALSE
UCR::UCR_S005::2025-06-24,UCR,UCR::UCR_S005,2025-06-24,4.451817597858728,0.6581848505244022,13.473250989052984,-0.6730402345864981,9.9372,-2.8151235803529713,TRUE,1409,1440,FALSE
UCR::UCR_S005::2025-06-25,UCR,UCR::UCR_S005,2025-06-25,6.724281119820827,0.8340569088793139,13.472237280209859,-0.6740539434296231,9.9372,-2.8151235803529713,TRUE,1439,1440,FALSE
UCR::UCR_S005::2025-06-26,UCR,UCR::UCR_S005,2025-06-26,8.724455631703915,0.945687923868466,13.470981064306365,-0.675310159333117,9.9372,-2.8151235803529713,TRUE,1422,1440,FALSE
UCR::UCR_S005::2025-06-27,UCR,UCR::UCR_S005,2025-06-27,3.7614530627549794,0.5867507602127437,13.469483559065395,-0.6768076645740866,9.9372,-2.8151235803529713,TRUE,1165,1440,FALSE
UCR::UCR_S005::2025-06-29,UCR,UCR::UCR_S005,2025-06-29,4.234829073857674,0.6369719775345063,13.465770600769256,-0.6805206228702261,9.9372,-2.8151235803529713,TRUE,1419,1440,FALSE
UCR::UCR_S006::2025-06-24,UCR,UCR::UCR_S006,2025-06-24,3.248476770108774,0.5248472903862585,13.473250989052984,-0.6730402345864981,9.9372,-2.8151235803529713,TRUE,1388,1440,FALSE
UCR::UCR_S006::2025-06-25,UCR,UCR::UCR_S006,2025-06-25,8.711335667893465,0.9450417460089056,13.472237280209859,-0.6740539434296231,9.9372,-2.8151235803529713,TRUE,1288,1440,FALSE
UCR::UCR_S006::2025-06-26,UCR,UCR::UCR_S006,2025-06-26,8.10183192963283,0.9139108655634023,13.470981064306365,-0.675310159333117,9.9372,-2.8151235803529713,TRUE,1346,1440,FALSE
UCR::UCR_S006::2025-06-27,UCR,UCR::UCR_S006,2025-06-27,4.222013428476822,0.6356861119003747,13.469483559065395,-0.6768076645740866,9.9372,-2.8151235803529713,TRUE,1300,1440,FALSE
UCR::UCR_S006::2025-06-28,UCR,UCR::UCR_S006,2025-06-28,1.6240252343446964,0.23654361824997702,13.467746192746691,-0.6785450308927903,9.9372,-2.8151235803529713,TRUE,1362,1440,FALSE
UCR::UCR_S006::2025-06-29,UCR,UCR::UCR_S006,2025-06-29,3.4493813895569296,0.5501526678403377,13.465770600769256,-0.6805206228702261,9.9372,-2.8151235803529713,TRUE,1343,1440,FALSE
