panel,model_row_id,site,participant_key,x,y
residual_fitted,BAUA::BAUA_S001::2025-06-11,BAUA,BAUA::BAUA_S001,1.99210163491365,0.7799765061383777
residual_fitted,BAUA::BAUA_S001::2025-06-12,BAUA,BAUA::BAUA_S001,1.997731639801135,-0.5249188301162081
residual_fitted,BAUA::BAUA_S001::2025-06-13,BAUA,BAUA::BAUA_S001,2.00278011876129,0.3850165988386991
residual_fitted,BAUA::BAUA_S001::2025-06-14,BAUA,BAUA::BAUA_S001,2.0072349412787447,-0.014347537305677218
residual_fitted,BAUA::BAUA_S001::2025-06-15,BAUA,BAUA::BAUA_S001,2.0110853012361516,-1.4174432313464072
residual_fitted,BAUA::BAUA_S001::2025-06-16,BAUA,BAUA::BAUA_S001,2.0143217930871478,1.1641797541813352
residual_fitted,BAUA::BAUA_S002::2025-06-11,BAUA,BAUA::BAUA_S002,2.35173539463941,0.17451376539510208
residual_fitted,BAUA::BAUA_S002::2025-06-12,BAUA,BAUA::BAUA_S002,2.3583817833245266,-0.3921597467998424
residual_fitted,BAUA::BAUA_S002::2025-06-13,BAUA,BAUA::BAUA_S002,2.3643416633083625,1.023366056805779
residual_fitted,BAUA::BAUA_S002::2025-06-14,BAUA,BAUA::BAUA_S002,2.3696007141557303,0.09893146549056621
residual_fitted,BAUA::BAUA_S002::2025-06-15,BAUA,BAUA::BAUA_S002,2.3741461789228064,0.4652930869813801
residual_fitted,BAUA::BAUA_S002::2025-06-16,BAUA,BAUA::BAUA_S002,2.3779669540815895,-0.4440831335934769
residual_fitted,BAUA::BAUA_S003::2025-06-11,BAUA,BAUA::BAUA_S003,0.9125638205959632,0.22840006827698608
residual_fitted,BAUA::BAUA_S003::2025-06-12,BAUA,BAUA::BAUA_S003,0.9151428751381879,-1.167737368330324
residual_fitted,BAUA::BAUA_S003::2025-06-13,BAUA,BAUA::BAUA_S003,0.9174555378895928,0.8943348019596568
residual_fitted,BAUA::BAUA_S003::2025-06-14,BAUA,BAUA::BAUA_S003,0.9194962519703186,-0.5187920925301471
residual_fitted,BAUA::BAUA_S003::2025-06-15,BAUA,BAUA::BAUA_S003,0.921260067195315,-1.1696576017823954
residual_fitted,BAUA::BAUA_S003::2025-06-16,BAUA,BAUA::BAUA_S003,0.9227426749684875,-1.170121546266232
residual_fitted,BAUA::BAUA_S004::2025-06-11,BAUA,BAUA::BAUA_S004,1.6063942211055435,0.22009098864437482
residual_fitted,BAUA::BAUA_S004::2025-06-12,BAUA,BAUA::BAUA_S004,1.6109341537864603,-0.2515928540944516
residual_fitted,BAUA::BAUA_S004::2025-06-13,BAUA,BAUA::BAUA_S004,1.6150051546253896,-0.5231142656643596
residual_fitted,BAUA::BAUA_S004::2025-06-14,BAUA,BAUA::BAUA_S004,1.6185974417972238,0.6461561642495243
residual_fitted,BAUA::BAUA_S004::2025-06-15,BAUA,BAUA::BAUA_S004,1.6217023014471292,-0.9357372673627995
residual_fitted,BAUA::BAUA_S004::2025-06-16,BAUA,BAUA::BAUA_S004,1.6243121491150272,0.4285448506304461
residual_fitted,BAUA::BAUA_S005::2025-06-11,BAUA,BAUA::BAUA_S005,1.4304733079417382,-0.5130401551514797
residual_fitted,BAUA::BAUA_S005::2025-06-12,BAUA,BAUA::BAUA_S005,1.4345160593626405,1.7889879691037913
residual_fitted,BAUA::BAUA_S005::2025-06-13,BAUA,BAUA::BAUA_S005,1.4381412330343244,-0.8884611985056277
residual_fitted,BAUA::BAUA_S005::2025-06-14,BAUA,BAUA::BAUA_S005,1.4413401183678596,-0.3812919245192262
residual_fitted,BAUA::BAUA_S005::2025-06-15,BAUA,BAUA::BAUA_S005,1.444104955788053,-0.9064871547884428
residual_fitted,BAUA::BAUA_S006::2025-06-11,BAUA,BAUA::BAUA_S006,1.9318144414048595,-0.6754439226346591
residual_fitted,BAUA::BAUA_S006::2025-06-12,BAUA,BAUA::BAUA_S006,1.9372740648277855,1.1937025678575597
residual_fitted,BAUA::BAUA_S006::2025-06-13,BAUA,BAUA::BAUA_S006,1.942169761107247,1.4582418389947314
residual_fitted,BAUA::BAUA_S006::2025-06-15,BAUA,BAUA::BAUA_S006,1.9502236029204612,-1.2965182889027167
residual_fitted,BAUA::BAUA_S006::2025-06-16,BAUA,BAUA::BAUA_S006,1.953362148458332,-0.44064479619710356
residual_fitted,BAUA::BAUA_S009::2025-06-25,BAUA,BAUA::BAUA_S009,4.19182243516668,1.4354063555599783
residual_fitted,BAUA::BAUA_S009::2025-06-26,BAUA,BAUA::BAUA_S009,4.185421535330626,-0.8524728686342782
residual_fitted,BAUA::BAUA_S009::2025-06-27,BAUA,BAUA::BAUA_S009,4.177744558460197,-1.5446347202475186
residual_fitted,BAUA::BAUA_S009::2025-06-28,BAUA,BAUA::BAUA_S009,4.168811204958516,-0.3870780813264511
residual_fitted,BAUA::BAUA_S009::2025-06-29,BAUA,BAUA::BAUA_S009,4.158644071751881,2.8851751696993975
residual_fitted,BAUA::BAUA_S009::2025-06-30,BAUA,BAUA::BAUA_S009,4.147268492483379,0.9677873294674451
residual_fitted,BAUA::BAUA_S012::2025-07-16,BAUA,BAUA::BAUA_S012,3.7152198204472877,-1.2721618877781224
residual_fitted,BAUA::BAUA_S012::2025-07-17,BAUA,BAUA::BAUA_S012,3.68964850706138,4.41154324379562
residual_fitted,BAUA::BAUA_S012::2025-07-18,BAUA,BAUA::BAUA_S012,3.663579953923106,0.6280318411003878
residual_fitted,BAUA::BAUA_S012::2025-07-19,BAUA,BAUA::BAUA_S012,3.637052856229772,-1.3567369600012307
residual_fitted,BAUA::BAUA_S012::2025-07-20,BAUA,BAUA::BAUA_S012,3.6101050753859303,1.281308648338346
residual_fitted,BAUA::BAUA_S012::2025-07-21,BAUA,BAUA::BAUA_S012,3.582773554221121,-1.2161899364728244
residual_fitted,BAUA::BAUA_S013::2025-07-16,BAUA,BAUA::BAUA_S013,1.9969972691256788,-0.6689406871098004
residual_fitted,BAUA::BAUA_S013::2025-07-17,BAUA,BAUA::BAUA_S013,1.983252229675102,-0.4448857134416361
residual_fitted,BAUA::BAUA_S013::2025-07-18,BAUA,BAUA::BAUA_S013,1.9692399149418858,1.4113690697130814
residual_fitted,BAUA::BAUA_S013::2025-07-19,BAUA,BAUA::BAUA_S013,1.9549811242884054,0.47563127779457776
residual_fitted,BAUA::BAUA_S013::2025-07-20,BAUA,BAUA::BAUA_S013,1.940496208898481,0.5134560481661696
residual_fitted,BAUA::BAUA_S013::2025-07-21,BAUA,BAUA::BAUA_S013,1.9258050262053923,-0.6231692918728643
residual_fitted,BAUA::BAUA_S014::2025-07-16,BAUA,BAUA::BAUA_S014,3.2739386796159216,-0.869834306513757
residual_fitted,BAUA::BAUA_S014::2025-07-17,BAUA,BAUA::BAUA_S014,3.2514046396320855,0.026114944192701956
residual_fitted,BAUA::BAUA_S014::2025-07-18,BAUA,BAUA::BAUA_S014,3.2284324203380086,1.3664267136831252
residual_fitted,BAUA::BAUA_S014::2025-07-19,BAUA,BAUA::BAUA_S014,3.2050561208474164,-0.8749006971640405
residual_fitted,BAUA::BAUA_S014::2025-07-20,BAUA,BAUA::BAUA_S014,3.181309105516344,2.0138246722477087
residual_fitted,BAUA::BAUA_S014::2025-07-21,BAUA,BAUA::BAUA_S014,3.157223929231017,0.507624040142339
residual_fitted,BAUA::BAUA_S015::2025-07-23,BAUA,BAUA::BAUA_S015,1.5953175423400847,2.670608562060147
residual_fitted,BAUA::BAUA_S015::2025-07-24,BAUA,BAUA::BAUA_S015,1.5825303527246324,-1.3076490814562878
residual_fitted,BAUA::BAUA_S015::2025-07-25,BAUA,BAUA::BAUA_S015,1.5696316841732445,0.6165300642479352
residual_fitted,BAUA::BAUA_S015::2025-07-26,BAUA,BAUA::BAUA_S015,1.5566357637178276,-0.47324412149308803
residual_fitted,BAUA::BAUA_S015::2025-07-27,BAUA,BAUA::BAUA_S015,1.5435562722035971,-0.9038984941147286
residual_fitted,BAUA::BAUA_S015::2025-07-28,BAUA,BAUA::BAUA_S015,1.5304063368773397,-0.5743683132300011
residual_fitted,BAUA::BAUA_S016::2025-07-23,BAUA,BAUA::BAUA_S016,0.6672321764297445,-0.5547743070243643
residual_fitted,BAUA::BAUA_S016::2025-07-24,BAUA,BAUA::BAUA_S016,0.6618840096033314,-0.9388827758547066
residual_fitted,BAUA::BAUA_S016::2025-07-25,BAUA,BAUA::BAUA_S016,0.6564892173678218,-0.18003310677815199
residual_fitted,BAUA::BAUA_S016::2025-07-26,BAUA,BAUA::BAUA_S016,0.6510537500956096,-0.8482346569783416
residual_fitted,BAUA::BAUA_S016::2025-07-27,BAUA,BAUA::BAUA_S016,0.6455833297197181,-0.47598839970246154
residual_fitted,BAUA::BAUA_S016::2025-07-28,BAUA,BAUA::BAUA_S016,0.640083446633885,-1.0120239781279552
residual_fitted,BAUA::BAUA_S018::2025-09-09,BAUA,BAUA::BAUA_S018,0.6597966761836899,-0.10112097610646997
residual_fitted,BAUA::BAUA_S018::2025-09-10,BAUA,BAUA::BAUA_S018,0.6531917591060623,-0.5686651391102627
residual_fitted,BAUA::BAUA_S018::2025-09-11,BAUA,BAUA::BAUA_S018,0.6466591042431455,0.03249137212172983
residual_fitted,BAUA::BAUA_S018::2025-09-12,BAUA,BAUA::BAUA_S018,0.64019840215071,-0.6126349520243844
residual_fitted,BAUA::BAUA_S018::2025-09-13,BAUA,BAUA::BAUA_S018,0.633809313412343,0.3709913149448702
residual_fitted,BAUA::BAUA_S018::2025-09-14,BAUA,BAUA::BAUA_S018,0.6274914719493794,-1.063858202840209
residual_fitted,BAUA::BAUA_S022::2025-09-24,BAUA,BAUA::BAUA_S022,1.717176292181628,-0.3244374264058617
residual_fitted,BAUA::BAUA_S022::2025-09-25,BAUA,BAUA::BAUA_S022,1.7003621650103855,-1.3601701908305208
residual_fitted,BAUA::BAUA_S022::2025-09-26,BAUA,BAUA::BAUA_S022,1.6837468279461012,0.3551963504520182
residual_fitted,BAUA::BAUA_S022::2025-09-27,BAUA,BAUA::BAUA_S022,1.667328830180569,0.9645943051159517
residual_fitted,BAUA::BAUA_S022::2025-09-28,BAUA,BAUA::BAUA_S022,1.6511067346217438,2.2223600067407494
residual_fitted,BAUA::BAUA_S022::2025-09-29,BAUA,BAUA::BAUA_S022,1.6350791219874206,0.7255979076440218
residual_fitted,BAUA::BAUA_S024::2025-10-14,BAUA,BAUA::BAUA_S024,0.426652852056553,-0.9669955332781609
residual_fitted,BAUA::BAUA_S024::2025-10-15,BAUA,BAUA::BAUA_S024,0.42271438302813924,-0.9647759700743319
residual_fitted,BAUA::BAUA_S024::2025-10-16,BAUA,BAUA::BAUA_S024,0.4188289253587113,-0.9231997091829951
residual_fitted,BAUA::BAUA_S024::2025-10-17,BAUA,BAUA::BAUA_S024,0.41499629272601635,-0.9603804465504131
residual_fitted,BAUA::BAUA_S024::2025-10-18,BAUA,BAUA::BAUA_S024,0.41121631722051577,0.19956336565547061
residual_fitted,BAUA::BAUA_S024::2025-10-19,BAUA,BAUA::BAUA_S024,0.4074888496341685,0.9735498374162559
residual_fitted,BAUA::BAUA_S025::2025-10-14,BAUA,BAUA::BAUA_S025,0.5945816765131707,-0.59711299776511
residual_fitted,BAUA::BAUA_S025::2025-10-15,BAUA,BAUA::BAUA_S025,0.5890930421198419,-0.4699465284761932
residual_fitted,BAUA::BAUA_S025::2025-10-16,BAUA,BAUA::BAUA_S025,0.5836782841404362,-1.0449906955415407
residual_fitted,BAUA::BAUA_S025::2025-10-17,BAUA,BAUA::BAUA_S025,0.5783371429170211,0.22096941845814108
residual_fitted,BAUA::BAUA_S025::2025-10-18,BAUA,BAUA::BAUA_S025,0.5730693844515479,-0.01614056312951794
residual_fitted,BAUA::BAUA_S025::2025-10-19,BAUA,BAUA::BAUA_S025,0.567874800808298,1.0557726210984448
residual_fitted,FUSPCEU::FUSPCEU_S003::2024-10-08,FUSPCEU,FUSPCEU::FUSPCEU_S003,0.5608263034757829,-0.8454392782526949
residual_fitted,FUSPCEU::FUSPCEU_S003::2024-10-09,FUSPCEU,FUSPCEU::FUSPCEU_S003,0.5572485589156406,-0.5258775047632174
residual_fitted,FUSPCEU::FUSPCEU_S003::2024-10-10,FUSPCEU,FUSPCEU::FUSPCEU_S003,0.5537066209639006,0.08343948717769419
residual_fitted,FUSPCEU::FUSPCEU_S003::2024-10-11,FUSPCEU,FUSPCEU::FUSPCEU_S003,0.550200641389625,-0.0055778881520602555
residual_fitted,FUSPCEU::FUSPCEU_S003::2024-10-12,FUSPCEU,FUSPCEU::FUSPCEU_S003,0.5467307787093196,-0.22417263320319467
residual_fitted,FUSPCEU::FUSPCEU_S003::2024-10-13,FUSPCEU,FUSPCEU::FUSPCEU_S003,0.5432971987732448,0.5245557036486681
residual_fitted,FUSPCEU::FUSPCEU_S004::2024-10-08,FUSPCEU,FUSPCEU::FUSPCEU_S004,1.3063742732555448,-1.1917434777100688
residual_fitted,FUSPCEU::FUSPCEU_S004::2024-10-09,FUSPCEU,FUSPCEU::FUSPCEU_S004,1.2980403676939065,-0.8055444282671752
residual_fitted,FUSPCEU::FUSPCEU_S004::2024-10-11,FUSPCEU,FUSPCEU::FUSPCEU_S004,1.2816231310576238,1.730233137365896
residual_fitted,FUSPCEU::FUSPCEU_S004::2024-10-12,FUSPCEU,FUSPCEU::FUSPCEU_S004,1.273540522754149,-1.1990901458592969
residual_fitted,FUSPCEU::FUSPCEU_S004::2024-10-13,FUSPCEU,FUSPCEU::FUSPCEU_S004,1.2655424305358363,3.9914390850120145
residual_fitted,FUSPCEU::FUSPCEU_S005::2024-10-15,FUSPCEU,FUSPCEU::FUSPCEU_S005,0.5288270915454951,-0.1951620344574896
residual_fitted,FUSPCEU::FUSPCEU_S005::2024-10-16,FUSPCEU,FUSPCEU::FUSPCEU_S005,0.5255512132076164,-0.6205308721475816
residual_fitted,FUSPCEU::FUSPCEU_S005::2024-10-17,FUSPCEU,FUSPCEU::FUSPCEU_S005,0.522311833706627,-0.950072926897732
residual_fitted,FUSPCEU::FUSPCEU_S005::2024-10-18,FUSPCEU,FUSPCEU::FUSPCEU_S005,0.5191091609253113,0.7578723218536202
residual_fitted,FUSPCEU::FUSPCEU_S005::2024-10-19,FUSPCEU,FUSPCEU::FUSPCEU_S005,0.5159434130197145,0.9356995099983073
residual_fitted,FUSPCEU::FUSPCEU_S005::2024-10-20,FUSPCEU,FUSPCEU::FUSPCEU_S005,0.512814818827447,-1.012060529679151
residual_fitted,FUSPCEU::FUSPCEU_S006::2024-10-15,FUSPCEU,FUSPCEU::FUSPCEU_S006,0.766506774586958,-0.9933314742773208
residual_fitted,FUSPCEU::FUSPCEU_S006::2024-10-16,FUSPCEU,FUSPCEU::FUSPCEU_S006,0.7617585629713837,0.1842097362001897
residual_fitted,FUSPCEU::FUSPCEU_S006::2024-10-17,FUSPCEU,FUSPCEU::FUSPCEU_S006,0.7570632544808337,-0.5114081282923589
residual_fitted,FUSPCEU::FUSPCEU_S006::2024-10-18,FUSPCEU,FUSPCEU::FUSPCEU_S006,0.7524211504303596,0.7551158975778689
residual_fitted,FUSPCEU::FUSPCEU_S006::2024-10-19,FUSPCEU,FUSPCEU::FUSPCEU_S006,0.7478325670255592,1.2219244827084448
residual_fitted,FUSPCEU::FUSPCEU_S007::2024-10-22,FUSPCEU,FUSPCEU::FUSPCEU_S007,0.596257798731394,0.12391796906095069
residual_fitted,FUSPCEU::FUSPCEU_S007::2024-10-23,FUSPCEU,FUSPCEU::FUSPCEU_S007,0.5927089336242557,-0.4137070507469575
residual_fitted,FUSPCEU::FUSPCEU_S007::2024-10-24,FUSPCEU,FUSPCEU::FUSPCEU_S007,0.5892050022701849,-0.16621074812833186
residual_fitted,FUSPCEU::FUSPCEU_S007::2024-10-25,FUSPCEU,FUSPCEU::FUSPCEU_S007,0.5857463422640898,-0.2523097012310412
residual_fitted,FUSPCEU::FUSPCEU_S007::2024-10-26,FUSPCEU,FUSPCEU::FUSPCEU_S007,0.5823333056761999,0.6111678044473123
residual_fitted,FUSPCEU::FUSPCEU_S007::2024-10-27,FUSPCEU,FUSPCEU::FUSPCEU_S007,0.5789662592233055,-0.1806722592716792
residual_fitted,FUSPCEU::FUSPCEU_S008::2024-10-22,FUSPCEU,FUSPCEU::FUSPCEU_S008,0.41986746985185763,1.7876430954695126
residual_fitted,FUSPCEU::FUSPCEU_S008::2024-10-23,FUSPCEU,FUSPCEU::FUSPCEU_S008,0.4173684618446669,-0.25117628059671315
residual_fitted,FUSPCEU::FUSPCEU_S008::2024-10-24,FUSPCEU,FUSPCEU::FUSPCEU_S008,0.41490109488477406,-0.9603258446018202
residual_fitted,FUSPCEU::FUSPCEU_S008::2024-10-25,FUSPCEU,FUSPCEU::FUSPCEU_S008,0.4124656066967342,-0.799600702991044
residual_fitted,FUSPCEU::FUSPCEU_S008::2024-10-26,FUSPCEU,FUSPCEU::FUSPCEU_S008,0.4100622451982044,-0.9575378503476136
residual_fitted,FUSPCEU::FUSPCEU_S008::2024-10-27,FUSPCEU,FUSPCEU::FUSPCEU_S008,0.40769126862052557,-0.9561626447723254
residual_fitted,FUSPCEU::FUSPCEU_S009::2024-11-04,FUSPCEU,FUSPCEU::FUSPCEU_S009,0.5860124100686089,-0.49679965703225004
residual_fitted,FUSPCEU::FUSPCEU_S009::2024-11-05,FUSPCEU,FUSPCEU::FUSPCEU_S009,0.5829071759322005,-0.6770212641561425
residual_fitted,FUSPCEU::FUSPCEU_S009::2024-11-06,FUSPCEU,FUSPCEU::FUSPCEU_S009,0.5798553488050329,-0.9510201611378907
residual_fitted,FUSPCEU::FUSPCEU_S009::2024-11-07,FUSPCEU,FUSPCEU::FUSPCEU_S009,0.5768574843223438,-1.0419575246645438
residual_fitted,FUSPCEU::FUSPCEU_S009::2024-11-08,FUSPCEU,FUSPCEU::FUSPCEU_S009,0.5739141516803563,2.6792740583530157
residual_fitted,FUSPCEU::FUSPCEU_S009::2024-11-09,FUSPCEU,FUSPCEU::FUSPCEU_S009,0.5710259330970979,-0.7281605635796982
residual_fitted,FUSPCEU::FUSPCEU_S009::2024-11-10,FUSPCEU,FUSPCEU::FUSPCEU_S009,0.5681934232017445,1.2421527229000486
residual_fitted,FUSPCEU::FUSPCEU_S010::2024-11-04,FUSPCEU,FUSPCEU::FUSPCEU_S010,0.503832290738888,-1.0076438830568875
residual_fitted,FUSPCEU::FUSPCEU_S010::2024-11-05,FUSPCEU,FUSPCEU::FUSPCEU_S010,0.5011625226565976,-0.35351852086172036
residual_fitted,FUSPCEU::FUSPCEU_S010::2024-11-06,FUSPCEU,FUSPCEU::FUSPCEU_S010,0.4985386719906365,0.3058008179965557
residual_fitted,FUSPCEU::FUSPCEU_S010::2024-11-07,FUSPCEU,FUSPCEU::FUSPCEU_S010,0.4959612164561008,0.24299391291140243
residual_fitted,FUSPCEU::FUSPCEU_S011::2024-11-12,FUSPCEU,FUSPCEU::FUSPCEU_S011,1.169999942961812,2.099504001371787
residual_fitted,FUSPCEU::FUSPCEU_S011::2024-11-13,FUSPCEU,FUSPCEU::FUSPCEU_S011,1.1644655506991886,-0.38754828534639213
residual_fitted,FUSPCEU::FUSPCEU_S011::2024-11-14,FUSPCEU,FUSPCEU::FUSPCEU_S011,1.1590521663048372,-0.9286314748664888
residual_fitted,FUSPCEU::FUSPCEU_S011::2024-11-16,FUSPCEU,FUSPCEU::FUSPCEU_S011,1.1485938065747154,2.0241032108228887
residual_fitted,FUSPCEU::FUSPCEU_S011::2024-11-17,FUSPCEU,FUSPCEU::FUSPCEU_S011,1.1435515610751033,0.12577729505544358
residual_fitted,FUSPCEU::FUSPCEU_S012::2024-12-03,FUSPCEU,FUSPCEU::FUSPCEU_S012,0.6932518339017472,0.9240332795806179
residual_fitted,FUSPCEU::FUSPCEU_S012::2024-12-04,FUSPCEU,FUSPCEU::FUSPCEU_S012,0.6915168687862531,0.6594423735152565
residual_fitted,FUSPCEU::FUSPCEU_S012::2024-12-05,FUSPCEU,FUSPCEU::FUSPCEU_S012,0.6898774828683859,2.1729116090258596
residual_fitted,FUSPCEU::FUSPCEU_S012::2024-12-06,FUSPCEU,FUSPCEU::FUSPCEU_S012,0.688334380583407,-0.6293923741395467
residual_fitted,FUSPCEU::FUSPCEU_S012::2024-12-07,FUSPCEU,FUSPCEU::FUSPCEU_S012,0.6868882371454047,-0.7362837230086778
residual_fitted,FUSPCEU::FUSPCEU_S012::2024-12-08,FUSPCEU,FUSPCEU::FUSPCEU_S012,0.685539696672529,-1.0873732693847662
residual_fitted,FUSPCEU::FUSPCEU_S013::2024-11-19,FUSPCEU,FUSPCEU::FUSPCEU_S013,0.5500339422121556,0.795120326496926
residual_fitted,FUSPCEU::FUSPCEU_S013::2024-11-20,FUSPCEU,FUSPCEU::FUSPCEU_S013,0.547774001620826,-0.739669755335563
residual_fitted,FUSPCEU::FUSPCEU_S013::2024-11-21,FUSPCEU,FUSPCEU::FUSPCEU_S013,0.5455774425693192,-0.4800555112753727
residual_fitted,FUSPCEU::FUSPCEU_S013::2024-11-22,FUSPCEU,FUSPCEU::FUSPCEU_S013,0.5434449458498243,1.0734293634476972
residual_fitted,FUSPCEU::FUSPCEU_S013::2024-11-23,FUSPCEU,FUSPCEU::FUSPCEU_S013,0.5413771914222405,-0.6692901760521367
residual_fitted,FUSPCEU::FUSPCEU_S013::2024-11-24,FUSPCEU,FUSPCEU::FUSPCEU_S013,0.5393748570887535,0.04753097659777818
residual_fitted,FUSPCEU::FUSPCEU_S014::2024-11-20,FUSPCEU,FUSPCEU::FUSPCEU_S014,0.6536990051315187,-0.176001280630218
residual_fitted,FUSPCEU::FUSPCEU_S014::2024-11-21,FUSPCEU,FUSPCEU::FUSPCEU_S014,0.6510776896575569,-0.08768270229498606
residual_fitted,FUSPCEU::FUSPCEU_S014::2024-11-22,FUSPCEU,FUSPCEU::FUSPCEU_S014,0.6485328244761951,0.4813511497446953
residual_fitted,FUSPCEU::FUSPCEU_S014::2024-11-23,FUSPCEU,FUSPCEU::FUSPCEU_S014,0.6460652210335924,1.3935796706576722
residual_fitted,FUSPCEU::FUSPCEU_S014::2024-11-24,FUSPCEU,FUSPCEU::FUSPCEU_S014,0.6436756882009496,-0.786428074713001
residual_fitted,FUSPCEU::FUSPCEU_S015::2024-11-26,FUSPCEU,FUSPCEU::FUSPCEU_S015,0.5097814202761924,-1.0105756412960014
residual_fitted,FUSPCEU::FUSPCEU_S015::2024-11-27,FUSPCEU,FUSPCEU::FUSPCEU_S015,0.5080661380807827,1.0984573364979358
residual_fitted,FUSPCEU::FUSPCEU_S015::2024-11-28,FUSPCEU,FUSPCEU::FUSPCEU_S015,0.5064156577697957,0.6613496704183428
residual_fitted,FUSPCEU::FUSPCEU_S015::2024-11-29,FUSPCEU,FUSPCEU::FUSPCEU_S015,0.5048305928724839,-0.8714643484365582
residual_fitted,FUSPCEU::FUSPCEU_S015::2024-11-30,FUSPCEU,FUSPCEU::FUSPCEU_S015,0.5033115462016585,0.2254903437892032
residual_fitted,FUSPCEU::FUSPCEU_S015::2024-12-01,FUSPCEU,FUSPCEU::FUSPCEU_S015,0.5018591083451148,-0.3202305464500179
residual_fitted,FUSPCEU::FUSPCEU_S016::2024-11-26,FUSPCEU,FUSPCEU::FUSPCEU_S016,0.38291704036328267,-0.6885600817762364
residual_fitted,FUSPCEU::FUSPCEU_S016::2024-11-27,FUSPCEU,FUSPCEU::FUSPCEU_S016,0.38162862388608293,1.2564092799442126
residual_fitted,FUSPCEU::FUSPCEU_S016::2024-11-29,FUSPCEU,FUSPCEU::FUSPCEU_S016,0.37919827757324137,-0.9391416612886714
residual_fitted,FUSPCEU::FUSPCEU_S016::2024-11-30,FUSPCEU,FUSPCEU::FUSPCEU_S016,0.37805726138035806,-0.4703535333200766
residual_fitted,FUSPCEU::FUSPCEU_S016::2024-12-01,FUSPCEU,FUSPCEU::FUSPCEU_S016,0.37696627770928204,-0.9377678026999533
residual_fitted,FUSPCEU::FUSPCEU_S017::2024-12-03,FUSPCEU,FUSPCEU::FUSPCEU_S017,0.6227707345999559,0.22009428183452742
residual_fitted,FUSPCEU::FUSPCEU_S017::2024-12-04,FUSPCEU,FUSPCEU::FUSPCEU_S017,0.621212158846322,0.048045327327183314
residual_fitted,FUSPCEU::FUSPCEU_S017::2024-12-05,FUSPCEU,FUSPCEU::FUSPCEU_S017,0.6197394450034797,0.3431050303270907
residual_fitted,FUSPCEU::FUSPCEU_S017::2024-12-06,FUSPCEU,FUSPCEU::FUSPCEU_S017,0.6183532258886011,0.05314466173942487
residual_fitted,FUSPCEU::FUSPCEU_S017::2024-12-07,FUSPCEU,FUSPCEU::FUSPCEU_S017,0.6170541080685259,0.23151531763778946
residual_fitted,FUSPCEU::FUSPCEU_S017::2024-12-08,FUSPCEU,FUSPCEU::FUSPCEU_S017,0.6158426701755977,-0.05988393900266389
residual_fitted,FUSPCEU::FUSPCEU_S018::2024-12-10,FUSPCEU,FUSPCEU::FUSPCEU_S018,0.3193836593080581,-0.22288726598544967
residual_fitted,FUSPCEU::FUSPCEU_S018::2024-12-11,FUSPCEU,FUSPCEU::FUSPCEU_S018,0.31889172772663427,-0.27017068874941846
residual_fitted,FUSPCEU::FUSPCEU_S018::2024-12-12,FUSPCEU,FUSPCEU::FUSPCEU_S018,0.31844647042138446,-0.3661342042971245
residual_fitted,FUSPCEU::FUSPCEU_S018::2024-12-13,FUSPCEU,FUSPCEU::FUSPCEU_S018,0.3180481036607082,0.022794043255967997
residual_fitted,FUSPCEU::FUSPCEU_S018::2024-12-14,FUSPCEU,FUSPCEU::FUSPCEU_S018,0.31769682460041354,-0.8987966610143511
residual_fitted,FUSPCEU::FUSPCEU_S018::2024-12-15,FUSPCEU,FUSPCEU::FUSPCEU_S018,0.3173928106813423,-0.8985830363017905
residual_fitted,FUSPCEU::FUSPCEU_S019::2024-12-10,FUSPCEU,FUSPCEU::FUSPCEU_S019,0.4736167448030149,0.7650056040126532
residual_fitted,FUSPCEU::FUSPCEU_S019::2024-12-11,FUSPCEU,FUSPCEU::FUSPCEU_S019,0.47288725527695535,-0.5969888406096661
residual_fitted,FUSPCEU::FUSPCEU_S019::2024-12-12,FUSPCEU,FUSPCEU::FUSPCEU_S019,0.47222697943200753,-0.9916123120672188
residual_fitted,FUSPCEU::FUSPCEU_S019::2024-12-13,FUSPCEU,FUSPCEU::FUSPCEU_S019,0.4716362379744202,0.052066000406256675
residual_fitted,FUSPCEU::FUSPCEU_S019::2024-12-14,FUSPCEU,FUSPCEU::FUSPCEU_S019,0.47111532326821803,0.3772891006733994
residual_fitted,FUSPCEU::FUSPCEU_S019::2024-12-15,FUSPCEU,FUSPCEU::FUSPCEU_S019,0.4706644984419346,-0.017862805393869117
residual_fitted,FUSPCEU::FUSPCEU_S020::2025-01-21,FUSPCEU,FUSPCEU::FUSPCEU_S020,0.3895308705305729,-0.9454228563640134
residual_fitted,FUSPCEU::FUSPCEU_S020::2025-01-22,FUSPCEU,FUSPCEU::FUSPCEU_S020,0.3911661644768573,-0.40733898969188076
residual_fitted,FUSPCEU::FUSPCEU_S020::2025-01-23,FUSPCEU,FUSPCEU::FUSPCEU_S020,0.39284691420893225,0.20988228464567238
residual_fitted,FUSPCEU::FUSPCEU_S020::2025-01-24,FUSPCEU,FUSPCEU::FUSPCEU_S020,0.3945726528491263,0.2050088495571133
residual_fitted,FUSPCEU::FUSPCEU_S020::2025-01-25,FUSPCEU,FUSPCEU::FUSPCEU_S020,0.3963429149204159,0.11793390670186167
residual_fitted,FUSPCEU::FUSPCEU_S020::2025-01-26,FUSPCEU,FUSPCEU::FUSPCEU_S020,0.39815723719930995,-0.950570696525815
residual_fitted,FUSPCEU::FUSPCEU_S022::2025-01-28,FUSPCEU,FUSPCEU::FUSPCEU_S022,0.5973215950593154,0.8436180954909046
residual_fitted,FUSPCEU::FUSPCEU_S022::2025-01-29,FUSPCEU,FUSPCEU::FUSPCEU_S022,0.6002103788798412,-1.0522323641436429
residual_fitted,FUSPCEU::FUSPCEU_S022::2025-01-30,FUSPCEU,FUSPCEU::FUSPCEU_S022,0.6031619485639018,-1.0236575836416073
residual_fitted,FUSPCEU::FUSPCEU_S022::2025-01-31,FUSPCEU,FUSPCEU::FUSPCEU_S022,0.6061756501834998,0.6105761708623757
residual_fitted,FUSPCEU::FUSPCEU_S022::2025-02-01,FUSPCEU,FUSPCEU::FUSPCEU_S022,0.6092508397856649,0.8102476507151936
residual_fitted,FUSPCEU::FUSPCEU_S022::2025-02-02,FUSPCEU,FUSPCEU::FUSPCEU_S022,0.6123868842614549,0.09341286061424844
residual_fitted,FUSPCEU::FUSPCEU_S023::2025-01-28,FUSPCEU,FUSPCEU::FUSPCEU_S023,0.5000652722689346,0.8182292291784923
residual_fitted,FUSPCEU::FUSPCEU_S023::2025-01-29,FUSPCEU,FUSPCEU::FUSPCEU_S023,0.5024837022732841,-0.9041075165894723
residual_fitted,FUSPCEU::FUSPCEU_S023::2025-01-30,FUSPCEU,FUSPCEU::FUSPCEU_S023,0.5049546953026487,1.758919701578665
residual_fitted,FUSPCEU::FUSPCEU_S023::2025-01-31,FUSPCEU,FUSPCEU::FUSPCEU_S023,0.5074777039020482,-0.22668473480967535
residual_fitted,FUSPCEU::FUSPCEU_S023::2025-02-01,FUSPCEU,FUSPCEU::FUSPCEU_S023,0.510052188967388,-1.010708458261929
residual_fitted,FUSPCEU::FUSPCEU_S023::2025-02-02,FUSPCEU,FUSPCEU::FUSPCEU_S023,0.5126776204729704,-1.011993513410342
residual_fitted,FUSPCEU::FUSPCEU_S024::2025-02-04,FUSPCEU,FUSPCEU::FUSPCEU_S024,0.7347946671987637,2.131832924979472
residual_fitted,FUSPCEU::FUSPCEU_S024::2025-02-05,FUSPCEU,FUSPCEU::FUSPCEU_S024,0.7387307364614089,0.3256601943100072
residual_fitted,FUSPCEU::FUSPCEU_S024::2025-02-06,FUSPCEU,FUSPCEU::FUSPCEU_S024,0.7427362032398244,0.7261444436873312
residual_fitted,FUSPCEU::FUSPCEU_S024::2025-02-08,FUSPCEU,FUSPCEU::FUSPCEU_S024,0.7509526485385885,-1.0868477718779777
residual_fitted,FUSPCEU::FUSPCEU_S024::2025-02-09,FUSPCEU,FUSPCEU::FUSPCEU_S024,0.7551623307207248,-1.063320134141589
residual_fitted,FUSPCEU::FUSPCEU_S025::2025-02-04,FUSPCEU,FUSPCEU::FUSPCEU_S025,1.1803488044123838,2.3794487545358325
residual_fitted,FUSPCEU::FUSPCEU_S025::2025-02-05,FUSPCEU,FUSPCEU::FUSPCEU_S025,1.1866715702892225,-0.048209950960765434
residual_fitted,FUSPCEU::FUSPCEU_S025::2025-02-06,FUSPCEU,FUSPCEU::FUSPCEU_S025,1.1931058139413167,-0.5350677374877558
residual_fitted,FUSPCEU::FUSPCEU_S025::2025-02-09,FUSPCEU,FUSPCEU::FUSPCEU_S025,1.213066716449594,0.9967515156965624
residual_fitted,IZTECH::IZTECH_S001::2024-12-24,IZTECH,IZTECH::IZTECH_S001,0.21506360064075758,-0.8156979930260766
residual_fitted,IZTECH::IZTECH_S001::2024-12-25,IZTECH,IZTECH::IZTECH_S001,0.21516966483174027,-0.815798150086035
residual_fitted,IZTECH::IZTECH_S001::2024-12-26,IZTECH,IZTECH::IZTECH_S001,0.2153056019641179,0.42355957274480366
residual_fitted,IZTECH::IZTECH_S001::2024-12-27,IZTECH,IZTECH::IZTECH_S001,0.21547135950904245,-0.6856868015639165
residual_fitted,IZTECH::IZTECH_S001::2024-12-28,IZTECH,IZTECH::IZTECH_S001,0.21566687101768084,-0.8162671660290836
residual_fitted,IZTECH::IZTECH_S001::2024-12-29,IZTECH,IZTECH::IZTECH_S001,0.2158920563412734,-0.8164793140069944
residual_fitted,IZTECH::IZTECH_S001::2024-12-30,IZTECH,IZTECH::IZTECH_S001,0.21614682190326565,-0.6215891187863949
residual_fitted,IZTECH::IZTECH_S002::2025-01-07,IZTECH,IZTECH::IZTECH_S002,0.39885082427030216,-0.052085064079285856
residual_fitted,IZTECH::IZTECH_S002::2025-01-08,IZTECH,IZTECH::IZTECH_S002,0.39978728301332267,0.39441228754972074
residual_fitted,IZTECH::IZTECH_S002::2025-01-09,IZTECH,IZTECH::IZTECH_S002,0.40077466313230864,0.554152883256601
residual_fitted,IZTECH::IZTECH_S002::2025-01-10,IZTECH,IZTECH::IZTECH_S002,0.4018125753790509,0.4693283061061053
residual_fitted,IZTECH::IZTECH_S002::2025-01-11,IZTECH,IZTECH::IZTECH_S002,0.40290061639117064,-0.9128185178155355
residual_fitted,IZTECH::IZTECH_S002::2025-01-12,IZTECH,IZTECH::IZTECH_S002,0.4040383697716632,-0.9135718136998858
residual_fitted,IZTECH::IZTECH_S003::2025-01-07,IZTECH,IZTECH::IZTECH_S003,0.39415526513765897,-0.08240989810773953
residual_fitted,IZTECH::IZTECH_S003::2025-01-08,IZTECH,IZTECH::IZTECH_S003,0.39508069921397315,-0.0021918957133490037
residual_fitted,IZTECH::IZTECH_S003::2025-01-09,IZTECH,IZTECH::IZTECH_S003,0.39605645518314425,0.28299991540236186
residual_fitted,IZTECH::IZTECH_S003::2025-01-10,IZTECH,IZTECH::IZTECH_S003,0.3970821483794734,0.0749898203494052
residual_fitted,IZTECH::IZTECH_S003::2025-01-11,IZTECH,IZTECH::IZTECH_S003,0.3981573801892542,-0.9505707811512889
residual_fitted,IZTECH::IZTECH_S003::2025-01-12,IZTECH,IZTECH::IZTECH_S003,0.3992817391176072,0.15105119422451382
residual_fitted,IZTECH::IZTECH_S004::2025-01-22,IZTECH,IZTECH::IZTECH_S004,0.6559823461240348,0.7730103282433284
residual_fitted,IZTECH::IZTECH_S004::2025-01-23,IZTECH,IZTECH::IZTECH_S004,0.6585784895387735,0.6547255432742681
residual_fitted,IZTECH::IZTECH_S004::2025-01-24,IZTECH,IZTECH::IZTECH_S004,0.6612438373433505,-0.1868454711696668
residual_fitted,IZTECH::IZTECH_S004::2025-01-25,IZTECH,IZTECH::IZTECH_S004,0.6639776267192944,-0.8290457842864206
residual_fitted,IZTECH::IZTECH_S004::2025-01-26,IZTECH,IZTECH::IZTECH_S004,0.6667790974848261,1.2438595991561014
residual_fitted,IZTECH::IZTECH_S005::2025-01-21,IZTECH,IZTECH::IZTECH_S005,0.5580575349122308,0.6448163014294559
residual_fitted,IZTECH::IZTECH_S005::2025-01-22,IZTECH,IZTECH::IZTECH_S005,0.5602149113891951,-1.0028678645184452
residual_fitted,IZTECH::IZTECH_S005::2025-01-23,IZTECH,IZTECH::IZTECH_S005,0.562432041562949,0.8847300035757167
residual_fitted,IZTECH::IZTECH_S005::2025-01-24,IZTECH,IZTECH::IZTECH_S005,0.5647082729173216,2.16448249413097
residual_fitted,IZTECH::IZTECH_S005::2025-01-25,IZTECH,IZTECH::IZTECH_S005,0.5670429539983756,-1.0062609910314917
residual_fitted,IZTECH::IZTECH_S005::2025-01-26,IZTECH,IZTECH::IZTECH_S005,0.5694354356039324,-0.6956003163664018
residual_fitted,IZTECH::IZTECH_S006::2025-02-18,IZTECH,IZTECH::IZTECH_S006,0.6640230915274258,0.6417487079431059
residual_fitted,IZTECH::IZTECH_S006::2025-02-19,IZTECH,IZTECH::IZTECH_S006,0.6677702772027362,0.6881817142306585
residual_fitted,IZTECH::IZTECH_S006::2025-02-20,IZTECH,IZTECH::IZTECH_S006,0.6715638258151159,1.9997838062060846
residual_fitted,IZTECH::IZTECH_S006::2025-02-21,IZTECH,IZTECH::IZTECH_S006,0.6754033619167829,-1.0833789549121469
residual_fitted,IZTECH::IZTECH_S006::2025-02-22,IZTECH,IZTECH::IZTECH_S006,0.6792885231406939,-0.5121015808276995
residual_fitted,IZTECH::IZTECH_S006::2025-02-23,IZTECH,IZTECH::IZTECH_S006,0.6832189598767965,-0.5976246204070038
residual_fitted,IZTECH::IZTECH_S007::2025-02-25,IZTECH,IZTECH::IZTECH_S007,0.41314744833754563,-0.3625980540205665
residual_fitted,IZTECH::IZTECH_S007::2025-02-26,IZTECH,IZTECH::IZTECH_S007,0.4155767228689578,0.22742924698634254
residual_fitted,IZTECH::IZTECH_S007::2025-02-27,IZTECH,IZTECH::IZTECH_S007,0.41803229364819405,0.4572935912876203
residual_fitted,IZTECH::IZTECH_S007::2025-02-28,IZTECH,IZTECH::IZTECH_S007,0.42051398526606865,0.21401151334433538
residual_fitted,IZTECH::IZTECH_S007::2025-03-01,IZTECH,IZTECH::IZTECH_S007,0.42302162794295894,-0.9649496840680707
residual_fitted,IZTECH::IZTECH_S007::2025-03-02,IZTECH,IZTECH::IZTECH_S007,0.42555505712299174,-0.9663784284728222
residual_fitted,IZTECH::IZTECH_S008::2025-03-04,IZTECH,IZTECH::IZTECH_S008,0.9517026474130675,0.7004366195111927
residual_fitted,IZTECH::IZTECH_S008::2025-03-05,IZTECH,IZTECH::IZTECH_S008,0.9574695516998236,0.2696519813549401
residual_fitted,IZTECH::IZTECH_S008::2025-03-06,IZTECH,IZTECH::IZTECH_S008,0.9632920756460854,2.018925385765271
residual_fitted,IZTECH::IZTECH_S008::2025-03-07,IZTECH,IZTECH::IZTECH_S008,0.9691698971576416,0.14865876704544814
residual_fitted,IZTECH::IZTECH_S008::2025-03-09,IZTECH,IZTECH::IZTECH_S008,0.9810901668849631,-0.9403113709841381
residual_fitted,IZTECH::IZTECH_S009::2025-03-20,IZTECH,IZTECH::IZTECH_S009,0.8554677955608253,2.4464493384290495
residual_fitted,IZTECH::IZTECH_S009::2025-03-21,IZTECH,IZTECH::IZTECH_S009,0.8608573587268059,-1.1502550823336113
residual_fitted,IZTECH::IZTECH_S009::2025-03-22,IZTECH,IZTECH::IZTECH_S009,0.8662877771605592,-0.9479188737121923
residual_fitted,IZTECH::IZTECH_S009::2025-03-24,IZTECH,IZTECH::IZTECH_S009,0.8772697173819008,0.21470393812534613
residual_fitted,IZTECH::IZTECH_S009::2025-03-25,IZTECH,IZTECH::IZTECH_S009,0.8828204561987454,-1.15742619416292
residual_fitted,IZTECH::IZTECH_S009::2025-03-26,IZTECH,IZTECH::IZTECH_S009,0.8884104802586713,1.978065861228121
residual_fitted,IZTECH::IZTECH_S010::2025-04-15,IZTECH,IZTECH::IZTECH_S010,0.6579008210575789,0.26509191476858845
residual_fitted,IZTECH::IZTECH_S010::2025-04-16,IZTECH,IZTECH::IZTECH_S010,0.6619815375116052,-0.5216922321814731
residual_fitted,IZTECH::IZTECH_S010::2025-04-17,IZTECH,IZTECH::IZTECH_S010,0.666074621664099,-0.7474240341777785
residual_fitted,IZTECH::IZTECH_S010::2025-04-18,IZTECH,IZTECH::IZTECH_S010,0.67017897866934,-0.11678079781981886
residual_fitted,IZTECH::IZTECH_S010::2025-04-19,IZTECH,IZTECH::IZTECH_S010,0.6742934555335026,0.7000146353974068
residual_fitted,IZTECH::IZTECH_S010::2025-04-20,IZTECH,IZTECH::IZTECH_S010,0.6784168391950124,-0.07434401822588983
residual_fitted,IZTECH::IZTECH_S011::2025-04-15,IZTECH,IZTECH::IZTECH_S011,0.651377678782178,-0.0036715139998492055
residual_fitted,IZTECH::IZTECH_S011::2025-04-16,IZTECH,IZTECH::IZTECH_S011,0.6554179345874815,-0.03835058665787608
residual_fitted,IZTECH::IZTECH_S011::2025-04-17,IZTECH,IZTECH::IZTECH_S011,0.6594704354644766,-0.4632800567683774
residual_fitted,IZTECH::IZTECH_S011::2025-04-18,IZTECH,IZTECH::IZTECH_S011,0.6635340974229303,-0.27340202001124486
residual_fitted,IZTECH::IZTECH_S011::2025-04-19,IZTECH,IZTECH::IZTECH_S011,0.667607778901049,0.21872274820317072
residual_fitted,IZTECH::IZTECH_S011::2025-04-20,IZTECH,IZTECH::IZTECH_S011,0.6716902788648658,0.018523313481005783
residual_fitted,IZTECH::IZTECH_S012::2025-04-22,IZTECH,IZTECH::IZTECH_S012,1.2624587203486697,-0.3608512288151789
residual_fitted,IZTECH::IZTECH_S012::2025-04-23,IZTECH,IZTECH::IZTECH_S012,1.270074077855674,2.1269509050390547
residual_fitted,IZTECH::IZTECH_S012::2025-04-24,IZTECH,IZTECH::IZTECH_S012,1.277695717766252,-0.0856859712010177
residual_fitted,IZTECH::IZTECH_S012::2025-04-25,IZTECH,IZTECH::IZTECH_S012,1.2853208079731837,2.6474213654736825
residual_fitted,IZTECH::IZTECH_S012::2025-04-26,IZTECH,IZTECH::IZTECH_S012,1.2929463870032845,-1.0539612932836024
residual_fitted,IZTECH::IZTECH_S012::2025-04-27,IZTECH,IZTECH::IZTECH_S012,1.3005693612774414,-1.2733746764942633
residual_fitted,IZTECH::IZTECH_S013::2025-04-22,IZTECH,IZTECH::IZTECH_S013,0.6362606786528373,2.114372320199083
residual_fitted,IZTECH::IZTECH_S013::2025-04-23,IZTECH,IZTECH::IZTECH_S013,0.6400987071423964,-0.8408206820315993
residual_fitted,IZTECH::IZTECH_S013::2025-04-24,IZTECH,IZTECH::IZTECH_S013,0.643939901871213,-0.9570601424347345
residual_fitted,IZTECH::IZTECH_S013::2025-04-25,IZTECH,IZTECH::IZTECH_S013,0.6477828354987866,0.8223571992312316
residual_fitted,IZTECH::IZTECH_S013::2025-04-26,IZTECH,IZTECH::IZTECH_S013,0.6516260154860679,-0.904920377056282
residual_fitted,IZTECH::IZTECH_S013::2025-04-27,IZTECH,IZTECH::IZTECH_S013,0.6554678827145574,-1.0753885519718667
residual_fitted,IZTECH::IZTECH_S014::2025-04-29,IZTECH,IZTECH::IZTECH_S014,1.4595235722304924,-0.5772714224311357
residual_fitted,IZTECH::IZTECH_S014::2025-04-30,IZTECH,IZTECH::IZTECH_S014,1.4679484730915076,1.971144553422454
residual_fitted,IZTECH::IZTECH_S014::2025-05-01,IZTECH,IZTECH::IZTECH_S014,1.4763552455915898,0.5930902613021625
residual_fitted,IZTECH::IZTECH_S014::2025-05-02,IZTECH,IZTECH::IZTECH_S014,1.4847396922802094,-0.019661738757969657
residual_fitted,IZTECH::IZTECH_S014::2025-05-03,IZTECH,IZTECH::IZTECH_S014,1.4930974582591905,-0.17703362033136
residual_fitted,IZTECH::IZTECH_S014::2025-05-04,IZTECH,IZTECH::IZTECH_S014,1.5014240305962532,0.5335440127232413
residual_fitted,IZTECH::IZTECH_S015::2025-04-29,IZTECH,IZTECH::IZTECH_S015,0.597826215357542,-0.4801773718619072
residual_fitted,IZTECH::IZTECH_S015::2025-04-30,IZTECH,IZTECH::IZTECH_S015,0.6012770856910756,-0.8133128281935323
residual_fitted,IZTECH::IZTECH_S015::2025-05-01,IZTECH,IZTECH::IZTECH_S015,0.6047205305813937,-0.875421869185438
residual_fitted,IZTECH::IZTECH_S015::2025-05-02,IZTECH,IZTECH::IZTECH_S015,0.6081548307373442,-1.055658585022796
residual_fitted,IZTECH::IZTECH_S015::2025-05-03,IZTECH,IZTECH::IZTECH_S015,0.6115782023766405,0.18353122771122266
residual_fitted,IZTECH::IZTECH_S015::2025-05-04,IZTECH,IZTECH::IZTECH_S015,0.6149887969856468,1.6770176519896223
residual_fitted,IZTECH::IZTECH_S016::2025-05-06,IZTECH,IZTECH::IZTECH_S016,0.4587076813093184,-0.3965806453442227
residual_fitted,IZTECH::IZTECH_S016::2025-05-07,IZTECH,IZTECH::IZTECH_S016,0.46118691719781724,-0.8028439718526595
residual_fitted,IZTECH::IZTECH_S016::2025-05-08,IZTECH,IZTECH::IZTECH_S016,0.4636507970039116,-0.8048840422182504
residual_fitted,IZTECH::IZTECH_S016::2025-05-09,IZTECH,IZTECH::IZTECH_S016,0.4660977216951925,0.2821708148142217
residual_fitted,IZTECH::IZTECH_S016::2025-05-10,IZTECH,IZTECH::IZTECH_S016,0.468526047114202,-0.30265331240400334
residual_fitted,IZTECH::IZTECH_S016::2025-05-11,IZTECH,IZTECH::IZTECH_S016,0.4709340851047086,-0.9549203557710867
residual_fitted,IZTECH::IZTECH_S017::2025-05-27,IZTECH,IZTECH::IZTECH_S017,1.1641067923452901,-1.220963634833543
residual_fitted,IZTECH::IZTECH_S017::2025-05-28,IZTECH,IZTECH::IZTECH_S017,1.168191273565714,0.5132136350715634
residual_fitted,IZTECH::IZTECH_S017::2025-05-29,IZTECH,IZTECH::IZTECH_S017,1.1721479418856489,0.8141911205649444
residual_fitted,IZTECH::IZTECH_S017::2025-05-30,IZTECH,IZTECH::IZTECH_S017,1.1759722239230954,2.013125252910208
residual_fitted,IZTECH::IZTECH_S017::2025-05-31,IZTECH,IZTECH::IZTECH_S017,1.17965961484793,-0.005114504650193536
residual_fitted,IZTECH::IZTECH_S017::2025-06-01,IZTECH,IZTECH::IZTECH_S017,1.183205691934032,-1.1187526107644128
residual_fitted,KNUST::KNUST_S001::2024-10-08,KNUST,KNUST::KNUST_S001,0.6492303754653643,0.11280906369825883
residual_fitted,KNUST::KNUST_S001::2024-10-09,KNUST,KNUST::KNUST_S001,0.64871068634419,-0.3382123360843197
residual_fitted,KNUST::KNUST_S001::2024-10-10,KNUST,KNUST::KNUST_S001,0.6481963584601215,0.029874201552713205
residual_fitted,KNUST::KNUST_S001::2024-10-11,KNUST,KNUST::KNUST_S001,0.6476874471566707,0.4832358042490369
residual_fitted,KNUST::KNUST_S001::2024-10-12,KNUST,KNUST::KNUST_S001,0.6471840068924553,-0.5909529171906902
residual_fitted,KNUST::KNUST_S001::2024-10-13,KNUST,KNUST::KNUST_S001,0.6466860913518929,-1.071810081073253
residual_fitted,KNUST::KNUST_S002::2024-10-15,KNUST,KNUST::KNUST_S002,0.7964913018177399,-1.1284068654684483
residual_fitted,KNUST::KNUST_S002::2024-10-16,KNUST,KNUST::KNUST_S002,0.795897947338888,-0.5960891008434966
residual_fitted,KNUST::KNUST_S002::2024-10-17,KNUST,KNUST::KNUST_S002,0.7953116644665922,0.08202377725011428
residual_fitted,KNUST::KNUST_S002::2024-10-18,KNUST,KNUST::KNUST_S002,0.7947325157554659,2.988544625302831
residual_fitted,KNUST::KNUST_S002::2024-10-19,KNUST,KNUST::KNUST_S002,0.7941605632369175,-0.594597518697043
residual_fitted,KNUST::KNUST_S002::2024-10-20,KNUST,KNUST::KNUST_S002,0.7935958684979153,-1.1273929957770106
residual_fitted,KNUST::KNUST_S003::2024-10-22,KNUST,KNUST::KNUST_S003,0.7441201682168979,0.3921462238774685
residual_fitted,KNUST::KNUST_S003::2024-10-23,KNUST,KNUST::KNUST_S003,0.7436107267135968,0.4695151983982017
residual_fitted,KNUST::KNUST_S003::2024-10-24,KNUST,KNUST::KNUST_S003,0.7431083281605736,-1.0837657640065759
residual_fitted,KNUST::KNUST_S003::2024-10-25,KNUST,KNUST::KNUST_S003,0.7426130290397184,1.312756032333409
residual_fitted,KNUST::KNUST_S003::2024-10-26,KNUST,KNUST::KNUST_S003,0.7421248857003307,-1.1088830398827794
residual_fitted,KNUST::KNUST_S003::2024-10-27,KNUST,KNUST::KNUST_S003,0.7416439544244248,-0.64937960325212
residual_fitted,KNUST::KNUST_S004::2024-10-30,KNUST,KNUST::KNUST_S004,1.008505216977201,2.077833193795391
residual_fitted,KNUST::KNUST_S004::2024-11-01,KNUST,KNUST::KNUST_S004,1.0072851257304147,-0.46749094924459755
residual_fitted,KNUST::KNUST_S004::2024-11-02,KNUST,KNUST::KNUST_S004,1.0066904693346423,-1.0133831676953582
residual_fitted,KNUST::KNUST_S005::2024-11-07,KNUST,KNUST::KNUST_S005,0.6062254727749101,0.40229080227099034
residual_fitted,KNUST::KNUST_S005::2024-11-08,KNUST,KNUST::KNUST_S005,0.6059046095717443,-1.0546915921098527
residual_fitted,KNUST::KNUST_S005::2024-11-09,KNUST,KNUST::KNUST_S005,0.6055902831018436,-1.054556299003715
residual_fitted,KNUST::KNUST_S006::2024-11-12,KNUST,KNUST::KNUST_S006,0.7419072391545366,1.4933433107058198
residual_fitted,KNUST::KNUST_S006::2024-11-13,KNUST,KNUST::KNUST_S006,0.7415542370914552,-1.0321110820815897
residual_fitted,KNUST::KNUST_S006::2024-11-14,KNUST,KNUST::KNUST_S006,0.7412095417796154,-0.5724265511234472
residual_fitted,KNUST::KNUST_S006::2024-11-15,KNUST,KNUST::KNUST_S006,0.7408732103592731,-0.5210411254284062
residual_fitted,KNUST::KNUST_S006::2024-11-16,KNUST,KNUST::KNUST_S006,0.7405452998638342,-0.39298842314328664
residual_fitted,KNUST::KNUST_S006::2024-11-17,KNUST,KNUST::KNUST_S006,0.7402258671030083,0.3995750928760293
residual_fitted,KNUST::KNUST_S007::2024-11-19,KNUST,KNUST::KNUST_S007,1.2257698710337273,-0.8889534846598676
residual_fitted,KNUST::KNUST_S007::2024-11-20,KNUST,KNUST::KNUST_S007,1.2252831824990889,-0.5400576927162289
residual_fitted,KNUST::KNUST_S007::2024-11-21,KNUST,KNUST::KNUST_S007,1.2248109161654102,1.4307915765699035
residual_fitted,KNUST::KNUST_S007::2024-11-22,KNUST,KNUST::KNUST_S007,1.2243531632817959,1.414225809429545
residual_fitted,KNUST::KNUST_S008::2024-11-27,KNUST,KNUST::KNUST_S008,0.694014547597724,-1.037005657733903
residual_fitted,KNUST::KNUST_S008::2024-11-28,KNUST,KNUST::KNUST_S008,0.6938051343904403,-0.7953284925528561
residual_fitted,KNUST::KNUST_S008::2024-11-29,KNUST,KNUST::KNUST_S008,0.6936043064102347,-0.47300342567379816
residual_fitted,KNUST::KNUST_S008::2024-11-30,KNUST,KNUST::KNUST_S008,0.693412109351323,2.239471683561222
residual_fitted,KNUST::KNUST_S008::2024-12-01,KNUST,KNUST::KNUST_S008,0.693228587811369,-0.8754968835768342
residual_fitted,KNUST::KNUST_S009::2024-12-03,KNUST,KNUST::KNUST_S009,0.9246782871238101,0.10277907876035004
residual_fitted,KNUST::KNUST_S009::2024-12-04,KNUST,KNUST::KNUST_S009,0.9244684460248518,-0.24235293303194425
residual_fitted,KNUST::KNUST_S009::2024-12-05,KNUST,KNUST::KNUST_S009,0.9242704035388087,1.4204490354170956
residual_fitted,KNUST::KNUST_S009::2024-12-06,KNUST,KNUST::KNUST_S009,0.9240842100715528,0.038799790200147996
residual_fitted,KNUST::KNUST_S009::2024-12-07,KNUST,KNUST::KNUST_S009,0.9239099138760025,-0.8681079602352761
residual_fitted,KNUST::KNUST_S009::2024-12-08,KNUST,KNUST::KNUST_S009,0.9237475609607905,-0.0687672770537558
residual_fitted,KNUST::KNUST_S010::2024-12-10,KNUST,KNUST::KNUST_S010,0.6256596093358875,-1.0630896996898098
residual_fitted,KNUST::KNUST_S010::2024-12-11,KNUST,KNUST::KNUST_S010,0.6255740585150025,-0.5113600676113407
residual_fitted,KNUST::KNUST_S010::2024-12-12,KNUST,KNUST::KNUST_S010,0.6254967075877462,1.26011756626593
residual_fitted,KNUST::KNUST_S010::2024-12-13,KNUST,KNUST::KNUST_S010,0.6254275791303243,-1.0629922365623425
residual_fitted,KNUST::KNUST_S010::2024-12-14,KNUST,KNUST::KNUST_S010,0.6253666938215149,0.06974221097813578
residual_fitted,KNUST::KNUST_S010::2024-12-15,KNUST,KNUST::KNUST_S010,0.6253140704034676,-0.10443737073329394
residual_fitted,KNUST::KNUST_S011::2024-12-17,KNUST,KNUST::KNUST_S011,1.3109531510054262,2.930765080575254
residual_fitted,KNUST::KNUST_S011::2024-12-18,KNUST,KNUST::KNUST_S011,1.3108949761280566,1.5397032299048958
residual_fitted,KNUST::KNUST_S011::2024-12-19,KNUST,KNUST::KNUST_S011,1.3108542389996243,-0.05022091852441125
residual_fitted,KNUST::KNUST_S011::2024-12-20,KNUST,KNUST::KNUST_S011,1.310830957338923,-0.133012452865458
residual_fitted,KNUST::KNUST_S011::2024-12-21,KNUST,KNUST::KNUST_S011,1.3108251444224674,-1.2758391878256015
residual_fitted,KNUST::KNUST_S011::2024-12-22,KNUST,KNUST::KNUST_S011,1.310836808970012,-1.2758419825247556
residual_fitted,KNUST::KNUST_S012::2025-01-07,KNUST,KNUST::KNUST_S012,1.368178906244779,-0.7442307843748749
residual_fitted,KNUST::KNUST_S012::2025-01-08,KNUST,KNUST::KNUST_S012,1.3684975216845867,1.0029042930039673
residual_fitted,KNUST::KNUST_S012::2025-01-09,KNUST,KNUST::KNUST_S012,1.3688337437623266,-1.257455289853188
residual_fitted,KNUST::KNUST_S012::2025-01-10,KNUST,KNUST::KNUST_S012,1.369187502332518,1.0980127489250167
residual_fitted,KNUST::KNUST_S012::2025-01-11,KNUST,KNUST::KNUST_S012,1.3695587243290992,-0.36046601844528964
residual_fitted,KNUST::KNUST_S012::2025-01-12,KNUST,KNUST::KNUST_S012,1.3699473337913632,2.1379656718016067
residual_fitted,KNUST::KNUST_S013::2025-01-14,KNUST,KNUST::KNUST_S013,1.1754783943480702,0.6829662909011243
residual_fitted,KNUST::KNUST_S013::2025-01-15,KNUST,KNUST::KNUST_S013,1.1758559551549779,-0.3068584535879329
residual_fitted,KNUST::KNUST_S013::2025-01-16,KNUST,KNUST::KNUST_S013,1.1762481439587713,-0.2712332642335683
residual_fitted,KNUST::KNUST_S013::2025-01-17,KNUST,KNUST::KNUST_S013,1.1766548854762455,1.1665845223540496
residual_fitted,KNUST::KNUST_S014::2025-01-21,KNUST,KNUST::KNUST_S014,0.7608625033209216,0.5611075905773011
residual_fitted,KNUST::KNUST_S014::2025-01-22,KNUST,KNUST::KNUST_S014,0.7611713371349269,0.6855781283239116
residual_fitted,KNUST::KNUST_S014::2025-01-23,KNUST,KNUST::KNUST_S014,0.7614892559209482,0.1596443213279757
residual_fitted,KNUST::KNUST_S014::2025-01-24,KNUST,KNUST::KNUST_S014,0.7618162052666033,-1.116076166192629
residual_fitted,KNUST::KNUST_S014::2025-01-25,KNUST,KNUST::KNUST_S014,0.7621521302453639,-0.3163481344791281
residual_fitted,KNUST::KNUST_S014::2025-01-26,KNUST,KNUST::KNUST_S014,0.7624969754304654,-0.4666676470723757
residual_fitted,KNUST::KNUST_S015::2025-01-28,KNUST,KNUST::KNUST_S015,1.147460127376963,-0.4101512461429334
residual_fitted,KNUST::KNUST_S015::2025-01-29,KNUST,KNUST::KNUST_S015,1.148018315732783,1.201251469827781
residual_fitted,KNUST::KNUST_S015::2025-01-30,KNUST,KNUST::KNUST_S015,1.1485895763516663,-0.39275628415155656
residual_fitted,KNUST::KNUST_S015::2025-01-31,KNUST,KNUST::KNUST_S015,1.1491738234354465,0.5218917293994821
residual_fitted,KNUST::KNUST_S015::2025-02-01,KNUST,KNUST::KNUST_S015,1.1497709708574557,0.26490632489804605
residual_fitted,RISE::RISE_S001::2025-03-04,RISE,RISE::RISE_S001,1.1037503942316766,0.022568987805859718
residual_fitted,RISE::RISE_S001::2025-03-05,RISE,RISE::RISE_S001,1.1172517571242935,-1.226611330871391
residual_fitted,RISE::RISE_S001::2025-03-06,RISE,RISE::RISE_S001,1.1309634185583861,-0.4522203652480334
residual_fitted,RISE::RISE_S001::2025-03-07,RISE,RISE::RISE_S001,1.1448880792571907,1.4273890896301002
residual_fitted,RISE::RISE_S001::2025-03-08,RISE,RISE::RISE_S001,1.1590285372414526,-0.38309049715936405
residual_fitted,RISE::RISE_S001::2025-03-09,RISE,RISE::RISE_S001,1.173387687928259,1.5508430161469766
residual_fitted,RISE::RISE_S002::2025-03-18,RISE,RISE::RISE_S002,0.7752755981639783,-0.25733818933391994
residual_fitted,RISE::RISE_S002::2025-03-19,RISE,RISE::RISE_S002,0.7851521616852024,-0.04916427986984042
residual_fitted,RISE::RISE_S002::2025-03-20,RISE,RISE::RISE_S002,0.7951804314504665,0.39686532965117766
residual_fitted,RISE::RISE_S002::2025-03-21,RISE,RISE::RISE_S002,0.8053627933573221,0.8101389217158148
residual_fitted,RISE::RISE_S002::2025-03-22,RISE,RISE::RISE_S002,0.8157016859374241,-1.135063696608466
residual_fitted,RISE::RISE_S002::2025-03-23,RISE,RISE::RISE_S002,0.826199599233445,-1.0446089243645027
residual_fitted,RISE::RISE_S003::2025-03-18,RISE,RISE::RISE_S003,0.9610500393787865,-0.7836389893841944
residual_fitted,RISE::RISE_S003::2025-03-19,RISE,RISE::RISE_S003,0.9732932620256468,-0.31362480971149437
residual_fitted,RISE::RISE_S003::2025-03-20,RISE,RISE::RISE_S003,0.9857245433346835,0.33230417552037905
residual_fitted,RISE::RISE_S003::2025-03-21,RISE,RISE::RISE_S003,0.9983468409211516,1.0878149266692252
residual_fitted,RISE::RISE_S003::2025-03-22,RISE,RISE::RISE_S003,1.0111631776467895,0.33600737339968956
residual_fitted,RISE::RISE_S003::2025-03-23,RISE,RISE::RISE_S003,1.0241766402276178,-0.9808853637666765
residual_fitted,RISE::RISE_S004::2025-03-25,RISE,RISE::RISE_S004,1.4517121429143163,-1.1243619880695763
residual_fitted,RISE::RISE_S004::2025-03-26,RISE,RISE::RISE_S004,1.4705339408307558,3.074256069363668
residual_fitted,RISE::RISE_S004::2025-03-27,RISE,RISE::RISE_S004,1.4896459630943746,-1.1663183590615178
residual_fitted,RISE::RISE_S004::2025-03-28,RISE,RISE::RISE_S004,1.5090528757474964,-0.7552354507467864
residual_fitted,RISE::RISE_S004::2025-03-29,RISE,RISE::RISE_S004,1.5287594147139567,1.8289127073837381
residual_fitted,RISE::RISE_S004::2025-03-30,RISE,RISE::RISE_S004,1.5487703813899432,-0.906085096448033
residual_fitted,RISE::RISE_S005::2025-04-01,RISE,RISE::RISE_S005,1.606730636786531,0.4752319075873944
residual_fitted,RISE::RISE_S005::2025-04-02,RISE,RISE::RISE_S005,1.62790841584651,0.08759640177257533
residual_fitted,RISE::RISE_S005::2025-04-03,RISE,RISE::RISE_S005,1.649413842744796,1.5020319941857638
residual_fitted,RISE::RISE_S005::2025-04-04,RISE,RISE::RISE_S005,1.671252013966289,-0.2111378445812922
residual_fitted,RISE::RISE_S005::2025-04-05,RISE,RISE::RISE_S005,1.6934280528466095,0.03219288525218964
residual_fitted,RISE::RISE_S005::2025-04-06,RISE,RISE::RISE_S005,1.7159471004786968,-0.9041839399770978
residual_fitted,RISE::RISE_S006::2025-04-15,RISE,RISE::RISE_S006,1.7286995852447662,0.5004420579366372
residual_fitted,RISE::RISE_S006::2025-04-16,RISE,RISE::RISE_S006,1.7521319032477318,0.1978734132045386
residual_fitted,RISE::RISE_S006::2025-04-17,RISE,RISE::RISE_S006,1.775918990318162,0.598278646234064
residual_fitted,RISE::RISE_S006::2025-04-18,RISE,RISE::RISE_S006,1.8000646342035889,1.8364945275852431
residual_fitted,RISE::RISE_S006::2025-04-19,RISE,RISE::RISE_S006,1.8245724323600938,-1.3710611239778108
residual_fitted,RISE::RISE_S006::2025-04-20,RISE,RISE::RISE_S006,1.849445764921954,-1.197236374765407
residual_fitted,RISE::RISE_S007::2025-04-15,RISE,RISE::RISE_S007,2.0016056273997846,1.0346783479987371
residual_fitted,RISE::RISE_S007::2025-04-16,RISE,RISE::RISE_S007,2.0287371544609867,0.26789503774066153
residual_fitted,RISE::RISE_S007::2025-04-17,RISE,RISE::RISE_S007,2.056279457210415,0.45783332025680806
residual_fitted,RISE::RISE_S007::2025-04-18,RISE,RISE::RISE_S007,2.0842369213590617,1.3075708690024037
residual_fitted,RISE::RISE_S007::2025-04-19,RISE,RISE::RISE_S007,2.1126137122855737,-0.9504334285754656
residual_fitted,RISE::RISE_S007::2025-04-20,RISE,RISE::RISE_S007,2.1414137437386707,-1.051460275229966
residual_fitted,RISE::RISE_S008::2025-04-29,RISE,RISE::RISE_S008,4.130702748346344,-0.45037120320663954
residual_fitted,RISE::RISE_S008::2025-04-30,RISE,RISE::RISE_S008,4.187307539676252,0.2927343214963841
residual_fitted,RISE::RISE_S008::2025-05-01,RISE,RISE::RISE_S008,4.244659408006123,1.6449910743009282
residual_fitted,RISE::RISE_S008::2025-05-02,RISE,RISE::RISE_S008,4.302753727846679,0.2004310974968818
residual_fitted,RISE::RISE_S008::2025-05-03,RISE,RISE::RISE_S008,4.361584206550008,0.12861367974096913
residual_fitted,RISE::RISE_S008::2025-05-04,RISE,RISE::RISE_S008,4.421142731852045,0.6504528629487404
residual_fitted,RISE::RISE_S009::2025-05-27,RISE,RISE::RISE_S009,1.9691709762636818,-0.8141900146429855
residual_fitted,RISE::RISE_S009::2025-05-28,RISE,RISE::RISE_S009,1.991091214838773,-1.015979966524698
residual_fitted,RISE::RISE_S009::2025-05-29,RISE,RISE::RISE_S009,2.01276096327683,2.2783967059667156
residual_fitted,RISE::RISE_S009::2025-05-30,RISE,RISE::RISE_S009,2.0341324067332858,-1.2908893926878282
residual_fitted,RISE::RISE_S009::2025-05-31,RISE,RISE::RISE_S009,2.0551549458209135,0.08204317717274802
residual_fitted,RISE::RISE_S009::2025-06-01,RISE,RISE::RISE_S009,2.075775255940422,-0.18990038015507302
residual_fitted,RISE::RISE_S010::2025-06-10,RISE,RISE::RISE_S010,2.3879707547600666,-1.2158515377244314
residual_fitted,RISE::RISE_S010::2025-06-11,RISE,RISE::RISE_S010,2.4021031325242,-0.9786028685891575
residual_fitted,RISE::RISE_S010::2025-06-12,RISE,RISE::RISE_S010,2.4150651254711883,1.8403273632018842
residual_fitted,RISE::RISE_S010::2025-06-13,RISE,RISE::RISE_S010,2.426793014385816,-1.3909667100830736
residual_fitted,RISE::RISE_S010::2025-06-14,RISE,RISE::RISE_S010,2.4372270347198493,1.0381858339915575
residual_fitted,RISE::RISE_S012::2025-06-10,RISE,RISE::RISE_S012,3.791115618301311,-1.293464748032901
residual_fitted,RISE::RISE_S012::2025-06-11,RISE,RISE::RISE_S012,3.813552022917465,0.3448801146066363
residual_fitted,RISE::RISE_S012::2025-06-12,RISE,RISE::RISE_S012,3.8341303377095057,0.14382196264221758
residual_fitted,RISE::RISE_S012::2025-06-13,RISE,RISE::RISE_S012,3.852749402765189,0.7710167407572442
residual_fitted,RISE::RISE_S012::2025-06-14,RISE,RISE::RISE_S012,3.869314336557271,1.3368061078246205
residual_fitted,RISE::RISE_S012::2025-06-15,RISE,RISE::RISE_S012,3.883737982517345,-0.5108683590168728
residual_fitted,RISE::RISE_S012::2025-06-16,RISE,RISE::RISE_S012,3.89594232157185,0.035826036017788755
residual_fitted,RISE::RISE_S013::2025-06-24,RISE,RISE::RISE_S013,2.2534090768911743,-0.8647357842437714
residual_fitted,RISE::RISE_S013::2025-06-25,RISE,RISE::RISE_S013,2.24807577677709,0.40204599205029684
residual_fitted,RISE::RISE_S013::2025-06-26,RISE,RISE::RISE_S013,2.241418598751438,0.7710742636474897
residual_fitted,RISE::RISE_S013::2025-06-27,RISE,RISE::RISE_S013,2.233475509545517,-1.3881094725178538
residual_fitted,RISE::RISE_S013::2025-06-28,RISE,RISE::RISE_S013,2.2242906209227993,-0.9429113847824245
residual_fitted,RISE::RISE_S013::2025-06-29,RISE,RISE::RISE_S013,2.2139134296322576,1.0301202542405745
residual_fitted,RISE::RISE_S016::2025-10-07,RISE,RISE::RISE_S016,0.4835701478336074,-0.8209449485012089
residual_fitted,RISE::RISE_S016::2025-10-08,RISE,RISE::RISE_S016,0.47780450388080675,-0.8163730869833087
residual_fitted,RISE::RISE_S016::2025-10-09,RISE,RISE::RISE_S016,0.47212571930227343,-0.5961096661269336
residual_fitted,RISE::RISE_S016::2025-10-10,RISE,RISE::RISE_S016,0.46653273857053246,-0.988637934581114
residual_fitted,RISE::RISE_S016::2025-10-11,RISE,RISE::RISE_S016,0.46102454649313335,0.11241742818870241
residual_fitted,RISE::RISE_S016::2025-10-12,RISE,RISE::RISE_S016,0.4556001680073609,0.05134018724886671
residual_fitted,THUAS::THUAS_S001::2025-02-22,THUAS,THUAS::THUAS_S001,0.5506114724979001,-1.0300258555763229
residual_fitted,THUAS::THUAS_S001::2025-02-23,THUAS,THUAS::THUAS_S001,0.5558280252090423,1.159134615682734
residual_fitted,THUAS::THUAS_S001::2025-02-24,THUAS,THUAS::THUAS_S001,0.5611200935459574,-1.0348539165137949
residual_fitted,THUAS::THUAS_S001::2025-02-25,THUAS,THUAS::THUAS_S001,0.5664879439493129,-1.0372936784398614
residual_fitted,THUAS::THUAS_S001::2025-02-26,THUAS,THUAS::THUAS_S001,0.5719318694438323,1.944005677345681
residual_fitted,THUAS::THUAS_S001::2025-02-27,THUAS,THUAS::THUAS_S001,0.5774521892423229,-1.0422230663751808
residual_fitted,THUAS::THUAS_S001::2025-02-28,THUAS,THUAS::THUAS_S001,0.5830492483573035,0.21111753363454133
residual_fitted,THUAS::THUAS_S001::2025-03-02,THUAS,THUAS::THUAS_S001,0.5944750903902539,-1.049737440521471
residual_fitted,THUAS::THUAS_S002::2025-03-04,THUAS,THUAS::THUAS_S002,1.1359568843896664,0.7440026565815515
residual_fitted,THUAS::THUAS_S002::2025-03-05,THUAS,THUAS::THUAS_S002,1.147175293491797,-1.2346240033510298
residual_fitted,THUAS::THUAS_S002::2025-03-06,THUAS,THUAS::THUAS_S002,1.158542335875445,-0.9465842361005423
residual_fitted,THUAS::THUAS_S002::2025-03-07,THUAS,THUAS::THUAS_S002,1.170058964644471,1.7202249093617106
residual_fitted,THUAS::THUAS_S002::2025-03-08,THUAS,THUAS::THUAS_S002,1.1817261709441382,0.6019402056656439
residual_fitted,THUAS::THUAS_S003::2025-03-18,THUAS,THUAS::THUAS_S003,2.0524984973864067,-1.0827809303006912
residual_fitted,THUAS::THUAS_S003::2025-03-19,THUAS,THUAS::THUAS_S003,2.0735393938906292,1.1680592248982298
residual_fitted,THUAS::THUAS_S003::2025-03-20,THUAS,THUAS::THUAS_S003,2.0948388193790284,0.18126362300833837
residual_fitted,THUAS::THUAS_S003::2025-03-21,THUAS,THUAS::THUAS_S003,2.116398753958113,0.3724319864500588
residual_fitted,THUAS::THUAS_S003::2025-03-22,THUAS,THUAS::THUAS_S003,2.1382211724454874,-1.3589707063560235
residual_fitted,THUAS::THUAS_S003::2025-03-23,THUAS,THUAS::THUAS_S003,2.1603080373908163,3.091949622001264
residual_fitted,THUAS::THUAS_S005::2025-03-25,THUAS,THUAS::THUAS_S005,0.9341046948200091,-0.3168851188515797
residual_fitted,THUAS::THUAS_S005::2025-03-26,THUAS,THUAS::THUAS_S005,0.9438010827895791,-0.24155765714011923
residual_fitted,THUAS::THUAS_S005::2025-03-27,THUAS,THUAS::THUAS_S005,0.9536126875982567,0.2331045791909576
residual_fitted,THUAS::THUAS_S005::2025-03-28,THUAS,THUAS::THUAS_S005,0.9635402606541695,0.4909994966271348
residual_fitted,THUAS::THUAS_S005::2025-03-29,THUAS,THUAS::THUAS_S005,0.9735845250715778,-0.41769468200282683
residual_fitted,THUAS::THUAS_S005::2025-03-30,THUAS,THUAS::THUAS_S005,0.9837461709052187,-0.5091377111471913
residual_fitted,THUAS::THUAS_S006::2025-04-01,THUAS,THUAS::THUAS_S006,1.6204475165915988,-0.3571063078805943
residual_fitted,THUAS::THUAS_S006::2025-04-02,THUAS,THUAS::THUAS_S006,1.6374155414260092,-0.34034637376125365
residual_fitted,THUAS::THUAS_S006::2025-04-03,THUAS,THUAS::THUAS_S006,1.6545766900133885,0.09240196319953749
residual_fitted,THUAS::THUAS_S006::2025-04-05,THUAS,THUAS::THUAS_S006,1.689481111127684,1.9753564269977273
residual_fitted,THUAS::THUAS_S006::2025-04-06,THUAS,THUAS::THUAS_S006,1.7072254748075786,-0.29079095322861487
residual_fitted,THUAS::THUAS_S007::2025-04-08,THUAS,THUAS::THUAS_S007,0.8684937364690805,-0.6321245039538976
residual_fitted,THUAS::THUAS_S007::2025-04-09,THUAS,THUAS::THUAS_S007,0.8776258838043546,2.549748044190086
residual_fitted,THUAS::THUAS_S007::2025-04-10,THUAS,THUAS::THUAS_S007,0.8868553834403681,-0.7576901917972604
residual_fitted,THUAS::THUAS_S007::2025-04-11,THUAS,THUAS::THUAS_S007,0.8961820795720709,-1.161722863409208
residual_fitted,THUAS::THUAS_S007::2025-04-12,THUAS,THUAS::THUAS_S007,0.9056057151314288,-0.7700027551924521
residual_fitted,THUAS::THUAS_S007::2025-04-13,THUAS,THUAS::THUAS_S007,0.9151259236780308,-0.9284202898841044
residual_fitted,THUAS::THUAS_S010::2025-06-03,THUAS,THUAS::THUAS_S010,1.7764451325381205,0.16375862344540942
residual_fitted,THUAS::THUAS_S010::2025-06-05,THUAS,THUAS::THUAS_S010,1.7945519883261003,0.43563059816905575
residual_fitted,THUAS::THUAS_S010::2025-06-06,THUAS,THUAS::THUAS_S010,1.8029514971877252,-1.197845763349601
residual_fitted,THUAS::THUAS_S010::2025-06-07,THUAS,THUAS::THUAS_S010,1.8108902451584235,-0.13717942354633988
residual_fitted,THUAS::THUAS_S010::2025-06-08,THUAS,THUAS::THUAS_S010,1.8183503545722417,-0.6850981555626761
residual_fitted,THUAS::THUAS_S010::2025-06-09,THUAS,THUAS::THUAS_S010,1.8253146623692285,0.7415635385165643
residual_fitted,THUAS::THUAS_S011::2025-05-13,THUAS,THUAS::THUAS_S011,1.8283233111914015,0.2880159000662277
residual_fitted,THUAS::THUAS_S011::2025-05-14,THUAS,THUAS::THUAS_S011,1.844927975689386,0.4779572481085259
residual_fitted,THUAS::THUAS_S011::2025-05-15,THUAS,THUAS::THUAS_S011,1.8614715615782436,-0.273845197682831
residual_fitted,THUAS::THUAS_S011::2025-05-16,THUAS,THUAS::THUAS_S011,1.877938289675737,-0.24647543722494225
residual_fitted,THUAS::THUAS_S011::2025-05-17,THUAS,THUAS::THUAS_S011,1.8943116460721376,0.2565409418774745
residual_fitted,THUAS::THUAS_S011::2025-05-18,THUAS,THUAS::THUAS_S011,1.9105743850410788,-0.5037295900657314
residual_fitted,THUAS::THUAS_S014::2025-07-08,THUAS,THUAS::THUAS_S014,1.6680017452797222,-0.19500475765581887
residual_fitted,THUAS::THUAS_S014::2025-07-09,THUAS,THUAS::THUAS_S014,1.659078395190979,-0.5070661394788416
residual_fitted,THUAS::THUAS_S014::2025-07-10,THUAS,THUAS::THUAS_S014,1.6497953745730873,-1.1414603572522632
residual_fitted,THUAS::THUAS_S014::2025-07-11,THUAS,THUAS::THUAS_S014,1.6401712645953284,0.915289717950264
residual_fitted,THUAS::THUAS_S014::2025-07-12,THUAS,THUAS::THUAS_S014,1.6302247384316892,0.7172281937477103
residual_fitted,THUAS::THUAS_S014::2025-07-13,THUAS,THUAS::THUAS_S014,1.6199744794309914,-0.7234944823410338
residual_fitted,THUAS::THUAS_S015::2025-07-08,THUAS,THUAS::THUAS_S015,2.89667404736278,0.8634364005332394
residual_fitted,THUAS::THUAS_S015::2025-07-09,THUAS,THUAS::THUAS_S015,2.8811776387464567,-1.2839954286764712
residual_fitted,THUAS::THUAS_S015::2025-07-10,THUAS,THUAS::THUAS_S015,2.865056621498677,1.8119331863812138
residual_fitted,THUAS::THUAS_S015::2025-07-11,THUAS,THUAS::THUAS_S015,2.8483432639255026,-0.7075215849725901
residual_fitted,THUAS::THUAS_S015::2025-07-12,THUAS,THUAS::THUAS_S015,2.8310699941095905,1.837768306280821
residual_fitted,THUAS::THUAS_S015::2025-07-13,THUAS,THUAS::THUAS_S015,2.813269257803353,-1.5391842660768154
residual_fitted,THUAS::THUAS_S016::2025-07-08,THUAS,THUAS::THUAS_S016,1.4756074086748767,0.018694104236535402
residual_fitted,THUAS::THUAS_S016::2025-07-09,THUAS,THUAS::THUAS_S016,1.4677133153153157,-0.21735593257224414
residual_fitted,THUAS::THUAS_S016::2025-07-10,THUAS,THUAS::THUAS_S016,1.459501037338145,0.5524201302012587
residual_fitted,THUAS::THUAS_S016::2025-07-11,THUAS,THUAS::THUAS_S016,1.4509870126824327,-0.12743109688782134
residual_fitted,THUAS::THUAS_S016::2025-07-12,THUAS,THUAS::THUAS_S016,1.4421877606797417,-1.1521333392370883
residual_fitted,THUAS::THUAS_S016::2025-07-13,THUAS,THUAS::THUAS_S016,1.4331198096628623,-0.5147412714811412
residual_fitted,THUAS::THUAS_S017::2025-09-09,THUAS,THUAS::THUAS_S017,1.5227421241409775,-0.8063825880064592
residual_fitted,THUAS::THUAS_S017::2025-09-10,THUAS,THUAS::THUAS_S017,1.507199567991287,-0.12859855409729629
residual_fitted,THUAS::THUAS_S017::2025-09-11,THUAS,THUAS::THUAS_S017,1.4918313612777963,-0.37120871225894675
residual_fitted,THUAS::THUAS_S017::2025-09-12,THUAS,THUAS::THUAS_S017,1.4766366059102154,0.4868339224342222
residual_fitted,THUAS::THUAS_S017::2025-09-13,THUAS,THUAS::THUAS_S017,1.4616143377859019,3.0050252775330644
residual_fitted,THUAS::THUAS_S017::2025-09-14,THUAS,THUAS::THUAS_S017,1.4467635348261216,-1.307199774652099
residual_fitted,THUAS::THUAS_S018::2025-09-23,THUAS,THUAS::THUAS_S018,1.9067106493091057,-0.05298171423122835
residual_fitted,THUAS::THUAS_S018::2025-09-24,THUAS,THUAS::THUAS_S018,1.8876521533663946,0.7017231873111118
residual_fitted,THUAS::THUAS_S018::2025-09-25,THUAS,THUAS::THUAS_S018,1.8688221006305994,-0.3038372792257646
residual_fitted,THUAS::THUAS_S018::2025-09-26,THUAS,THUAS::THUAS_S018,1.8502186870958162,1.3144905722944824
residual_fitted,THUAS::THUAS_S018::2025-09-27,THUAS,THUAS::THUAS_S018,1.8318401238784767,0.46479459959856045
residual_fitted,TUM::TUM_S001::2024-05-14,TUM,TUM::TUM_S001,1.351330756091313,-1.0588472717660269
residual_fitted,TUM::TUM_S001::2024-05-15,TUM,TUM::TUM_S001,1.3612406946713802,0.40224355488735164
residual_fitted,TUM::TUM_S001::2024-05-16,TUM,TUM::TUM_S001,1.371067874493266,2.167594929528663
residual_fitted,TUM::TUM_S001::2024-05-17,TUM,TUM::TUM_S001,1.380802709183271,-0.3369682016472043
residual_fitted,TUM::TUM_S001::2024-05-18,TUM,TUM::TUM_S001,1.3904353208986275,-0.9460521684083864
residual_fitted,TUM::TUM_S001::2024-05-19,TUM,TUM::TUM_S001,1.3999555523680784,1.6655031365732311
residual_fitted,TUM::TUM_S002::2024-05-28,TUM,TUM::TUM_S002,0.750491009321537,0.27896535998256455
residual_fitted,TUM::TUM_S002::2024-05-29,TUM,TUM::TUM_S002,0.7544442545848568,-0.483678444891927
residual_fitted,TUM::TUM_S002::2024-05-30,TUM,TUM::TUM_S002,0.7582773481505466,0.8674874615416728
residual_fitted,TUM::TUM_S002::2024-05-31,TUM,TUM::TUM_S002,0.761984349595358,-1.066138029653735
residual_fitted,TUM::TUM_S002::2024-06-01,TUM,TUM::TUM_S002,0.7655593664552894,-1.092516693805694
residual_fitted,TUM::TUM_S002::2024-06-02,TUM,TUM::TUM_S002,0.768996576716125,0.6440019427831217
residual_fitted,TUM::TUM_S003::2024-06-04,TUM,TUM::TUM_S003,0.5760269417910248,-0.9179344959299652
residual_fitted,TUM::TUM_S003::2024-06-05,TUM,TUM::TUM_S003,0.5782479818518318,0.1595114144013904
residual_fitted,TUM::TUM_S003::2024-06-06,TUM,TUM::TUM_S003,0.5803502286706175,-0.39801533321563676
residual_fitted,TUM::TUM_S003::2024-06-07,TUM,TUM::TUM_S003,0.5823298853876171,-0.06331474498378899
residual_fitted,TUM::TUM_S003::2024-06-08,TUM,TUM::TUM_S003,0.5841833154130768,-0.3723474076660241
residual_fitted,TUM::TUM_S003::2024-06-09,TUM,TUM::TUM_S003,0.585907060368521,-0.7408105564172205
residual_fitted,TUM::TUM_S004::2024-06-11,TUM,TUM::TUM_S004,0.7626067037730416,-0.9414740450432768
residual_fitted,TUM::TUM_S004::2024-06-12,TUM,TUM::TUM_S004,0.7643107059672861,3.297704710971805
residual_fitted,TUM::TUM_S004::2024-06-13,TUM,TUM::TUM_S004,0.7658316234721961,-0.1462654845736763
residual_fitted,TUM::TUM_S004::2024-06-14,TUM,TUM::TUM_S004,0.7671664554744329,-0.9936501027478964
residual_fitted,TUM::TUM_S004::2024-06-15,TUM,TUM::TUM_S004,0.7683125530677879,-1.118418278238403
residual_fitted,TUM::TUM_S004::2024-06-16,TUM,TUM::TUM_S004,0.7692676343795367,-1.1187613428352121
residual_fitted,TUM::TUM_S005::2024-06-18,TUM,TUM::TUM_S005,0.5877360652975732,1.023439880621036
residual_fitted,TUM::TUM_S005::2024-06-19,TUM,TUM::TUM_S005,0.5880199402917096,-0.012175526859284013
residual_fitted,TUM::TUM_S005::2024-06-20,TUM,TUM::TUM_S005,0.5881541411963269,-1.016538475310055
residual_fitted,TUM::TUM_S005::2024-06-21,TUM,TUM::TUM_S005,0.588138444747666,-0.8035304891632278
residual_fitted,TUM::TUM_S005::2024-06-22,TUM,TUM::TUM_S005,0.5879729422608466,-0.5294893996546263
residual_fitted,TUM::TUM_S005::2024-06-23,TUM,TUM::TUM_S005,0.5876580389904638,-1.0467480627845818
residual_fitted,TUM::TUM_S006::2024-06-25,TUM,TUM::TUM_S006,1.5190377016022338,0.572666168176377
residual_fitted,TUM::TUM_S006::2024-06-26,TUM,TUM::TUM_S006,1.5170758352046314,-0.12179038853329767
residual_fitted,TUM::TUM_S006::2024-06-27,TUM,TUM::TUM_S006,1.5147392013646572,0.8745000262345359
residual_fitted,TUM::TUM_S006::2024-06-28,TUM,TUM::TUM_S006,1.5120327232203818,1.1604370109015225
residual_fitted,TUM::TUM_S006::2024-06-29,TUM,TUM::TUM_S006,1.5089620293428572,0.28673537824979284
residual_fitted,TUM::TUM_S006::2024-06-30,TUM,TUM::TUM_S006,1.5055334216017493,-1.0516812386794567
residual_fitted,TUM::TUM_S007::2024-07-02,TUM,TUM::TUM_S007,0.5438460574891338,-0.9300059743657496
residual_fitted,TUM::TUM_S007::2024-07-03,TUM,TUM::TUM_S007,0.542227061175395,-0.9290294264958887
residual_fitted,TUM::TUM_S007::2024-07-04,TUM,TUM::TUM_S007,0.5404894189760289,0.43465174526423156
residual_fitted,TUM::TUM_S007::2024-07-05,TUM,TUM::TUM_S007,0.5386364298818088,-0.30881687797149865
residual_fitted,TUM::TUM_S007::2024-07-06,TUM,TUM::TUM_S007,0.536671547452857,-0.04495492379107236
residual_fitted,TUM::TUM_S007::2024-07-07,TUM,TUM::TUM_S007,0.5345983629856311,-0.9571034949138212
residual_fitted,TUM::TUM_S008::2024-07-09,TUM,TUM::TUM_S008,1.856978785561954,0.034206771773699816
residual_fitted,TUM::TUM_S008::2024-07-10,TUM,TUM::TUM_S008,1.8486581774504818,-0.023193607213137766
residual_fitted,TUM::TUM_S008::2024-07-11,TUM,TUM::TUM_S008,1.8400121669895486,-0.19599312073848835
residual_fitted,TUM::TUM_S008::2024-07-12,TUM,TUM::TUM_S008,1.8310548620459863,-0.536918356906966
residual_fitted,TUM::TUM_S008::2024-07-13,TUM,TUM::TUM_S008,1.8218005059668492,1.2742946803076465
residual_fitted,TUM::TUM_S008::2024-07-14,TUM,TUM::TUM_S008,1.8122634245703493,1.9731986269497992
residual_fitted,TUM::TUM_S009::2024-07-16,TUM,TUM::TUM_S009,2.1532651237236236,1.7974446333542096
residual_fitted,TUM::TUM_S009::2024-07-17,TUM,TUM::TUM_S009,2.140892344581666,0.797808849780548
residual_fitted,TUM::TUM_S009::2024-07-18,TUM,TUM::TUM_S009,2.1282485829924913,-1.2309127422684831
residual_fitted,TUM::TUM_S009::2024-07-19,TUM,TUM::TUM_S009,2.1153506981275623,-0.7555472296074884
residual_fitted,TUM::TUM_S009::2024-07-20,TUM,TUM::TUM_S009,2.1022153333341964,0.09471690801899345
residual_fitted,TUM::TUM_S009::2024-07-21,TUM,TUM::TUM_S009,2.0888588763886267,2.3720999282671857
residual_fitted,TUM::TUM_S010::2024-07-23,TUM,TUM::TUM_S010,0.729223249073952,-0.25113062994048074
residual_fitted,TUM::TUM_S010::2024-07-24,TUM,TUM::TUM_S010,0.724297792148842,0.6124730555417314
residual_fitted,TUM::TUM_S010::2024-07-25,TUM,TUM::TUM_S010,0.7193161741047113,0.701705923698414
residual_fitted,TUM::TUM_S010::2024-07-26,TUM,TUM::TUM_S010,0.7142835723486513,0.3193917399634337
residual_fitted,TUM::TUM_S010::2024-07-27,TUM,TUM::TUM_S010,0.7092050157257281,-1.0437290392273448
residual_fitted,TUM::TUM_S010::2024-07-28,TUM,TUM::TUM_S010,0.7040853788843214,-1.0945667988712726
residual_fitted,UCR::UCR_S001::2025-06-17,UCR,UCR::UCR_S001,0.8526286514800865,-0.16044855454078127
residual_fitted,UCR::UCR_S001::2025-06-18,UCR,UCR::UCR_S001,0.8527178138902431,0.8494028266787556
residual_fitted,UCR::UCR_S001::2025-06-19,UCR,UCR::UCR_S001,0.8527757699863224,1.606711005741935
residual_fitted,UCR::UCR_S001::2025-06-22,UCR,UCR::UCR_S001,0.8527620908544205,0.41320782565518804
residual_fitted,UCR::UCR_S002::2025-06-17,UCR,UCR::UCR_S002,0.4380622115979939,2.527465177228387
residual_fitted,UCR::UCR_S002::2025-06-18,UCR,UCR::UCR_S002,0.4381080213212735,-0.6309212462463816
residual_fitted,UCR::UCR_S002::2025-06-19,UCR,UCR::UCR_S002,0.43813779791343943,-0.2124357101480847
residual_fitted,UCR::UCR_S002::2025-06-20,UCR,UCR::UCR_S002,0.43815151733232155,-0.6690173159937491
residual_fitted,UCR::UCR_S002::2025-06-21,UCR,UCR::UCR_S002,0.43814917180736684,-0.2505034466127619
residual_fitted,UCR::UCR_S002::2025-06-22,UCR,UCR::UCR_S002,0.4381307698705003,-0.9353288473399978
residual_fitted,UCR::UCR_S003::2025-06-17,UCR,UCR::UCR_S003,0.34906897418622457,-0.37754187414371326
residual_fitted,UCR::UCR_S003::2025-06-18,UCR,UCR::UCR_S003,0.3491054775701952,-0.5132256424076627
residual_fitted,UCR::UCR_S003::2025-06-19,UCR,UCR::UCR_S003,0.3491292049865459,0.4360068189591981
residual_fitted,UCR::UCR_S003::2025-06-20,UCR,UCR::UCR_S003,0.34914013727732296,-0.06125686111339022
residual_fitted,UCR::UCR_S003::2025-06-22,UCR,UCR::UCR_S003,0.349123604704955,-0.9200880348492021
residual_fitted,UCR::UCR_S004::2025-06-24,UCR,UCR::UCR_S004,0.4488721249289885,-0.045366064031855585
residual_fitted,UCR::UCR_S004::2025-06-25,UCR,UCR::UCR_S004,0.4488041271061452,-0.2693760585521356
residual_fitted,UCR::UCR_S004::2025-06-26,UCR,UCR::UCR_S004,0.4487198766238713,1.8231737879977152
residual_fitted,UCR::UCR_S004::2025-06-27,UCR,UCR::UCR_S004,0.4486194642822681,-0.2316838321302826
residual_fitted,UCR::UCR_S004::2025-06-28,UCR,UCR::UCR_S004,0.44850299667245974,-0.9790346447988887
residual_fitted,UCR::UCR_S004::2025-06-29,UCR,UCR::UCR_S004,0.44837059589815875,-0.34339374401573186
residual_fitted,UCR::UCR_S005::2025-06-24,UCR,UCR::UCR_S005,0.27024681861003247,-0.8633930025139513
residual_fitted,UCR::UCR_S005::2025-06-25,UCR,UCR::UCR_S005,0.2702058800124336,-0.8084532212488392
residual_fitted,UCR::UCR_S005::2025-06-26,UCR,UCR::UCR_S005,0.2701551563797186,0.07023634348266107
residual_fitted,UCR::UCR_S005::2025-06-27,UCR,UCR::UCR_S005,0.27009470237876737,-0.6984989148348126
residual_fitted,UCR::UCR_S005::2025-06-29,UCR,UCR::UCR_S005,0.26994486930755845,-0.6983104423799565
residual_fitted,UCR::UCR_S006::2025-06-24,UCR,UCR::UCR_S006,0.660889567117976,-0.43700143228934046
residual_fitted,UCR::UCR_S006::2025-06-25,UCR,UCR::UCR_S006,0.6607894516302723,1.7357581777411235
residual_fitted,UCR::UCR_S006::2025-06-26,UCR,UCR::UCR_S006,0.6606654068039907,0.1204218261732807
residual_fitted,UCR::UCR_S006::2025-06-27,UCR,UCR::UCR_S006,0.6605175663271824,-0.7152090729602805
residual_fitted,UCR::UCR_S006::2025-06-28,UCR,UCR::UCR_S006,0.6603460871375542,0.12099011581278611
residual_fitted,UCR::UCR_S006::2025-06-29,UCR,UCR::UCR_S006,0.6601511490125197,0.9297084226682983
normal_qq,BAUA::BAUA_S009::2025-06-27,BAUA,BAUA::BAUA_S009,-3.164179220526083,-1.5446347202475186
normal_qq,THUAS::THUAS_S015::2025-07-13,THUAS,THUAS::THUAS_S015,-2.829256433598074,-1.5391842660768154
normal_qq,BAUA::BAUA_S001::2025-06-15,BAUA,BAUA::BAUA_S001,-2.6616421571120736,-1.4174432313464072
normal_qq,RISE::RISE_S010::2025-06-13,RISE,RISE::RISE_S010,-2.5463220634393076,-1.3909667100830736
normal_qq,RISE::RISE_S013::2025-06-27,RISE,RISE::RISE_S013,-2.4573432057944005,-1.3881094725178538
normal_qq,RISE::RISE_S006::2025-04-19,RISE,RISE::RISE_S006,-2.384393271510726,-1.3710611239778108
normal_qq,BAUA::BAUA_S022::2025-09-25,BAUA,BAUA::BAUA_S022,-2.3222824967228965,-1.3601701908305208
normal_qq,THUAS::THUAS_S003::2025-03-22,THUAS,THUAS::THUAS_S003,-2.268017348632772,-1.3589707063560235
normal_qq,BAUA::BAUA_S012::2025-07-19,BAUA,BAUA::BAUA_S012,-2.2197083862906286,-1.3567369600012307
normal_qq,BAUA::BAUA_S015::2025-07-24,BAUA,BAUA::BAUA_S015,-2.176083879173618,-1.3076490814562878
normal_qq,THUAS::THUAS_S017::2025-09-14,THUAS,THUAS::THUAS_S017,-2.136245494298372,-1.307199774652099
normal_qq,BAUA::BAUA_S006::2025-06-15,BAUA,BAUA::BAUA_S006,-2.0995342836120843,-1.2965182889027167
normal_qq,RISE::RISE_S012::2025-06-10,RISE,RISE::RISE_S012,-2.065452041480653,-1.293464748032901
normal_qq,RISE::RISE_S009::2025-05-30,RISE,RISE::RISE_S009,-2.033612616777198,-1.2908893926878282
normal_qq,THUAS::THUAS_S015::2025-07-09,THUAS,THUAS::THUAS_S015,-2.003710427275823,-1.2839954286764712
normal_qq,KNUST::KNUST_S011::2024-12-22,KNUST,KNUST::KNUST_S011,-1.9754993477769507,-1.2758419825247556
normal_qq,KNUST::KNUST_S011::2024-12-21,KNUST,KNUST::KNUST_S011,-1.9487781145040994,-1.2758391878256015
normal_qq,IZTECH::IZTECH_S012::2025-04-27,IZTECH,IZTECH::IZTECH_S012,-1.9233799667876073,-1.2733746764942633
normal_qq,BAUA::BAUA_S012::2025-07-16,BAUA,BAUA::BAUA_S012,-1.8991651272465053,-1.2721618877781224
normal_qq,KNUST::KNUST_S012::2025-01-09,KNUST,KNUST::KNUST_S012,-1.8760152332109086,-1.257455289853188
normal_qq,THUAS::THUAS_S002::2025-03-05,THUAS,THUAS::THUAS_S002,-1.8538291402236542,-1.2346240033510298
normal_qq,TUM::TUM_S009::2024-07-18,TUM,TUM::TUM_S009,-1.832519709914082,-1.2309127422684831
normal_qq,RISE::RISE_S001::2025-03-05,RISE,RISE::RISE_S001,-1.812011316830329,-1.226611330871391
normal_qq,IZTECH::IZTECH_S017::2025-05-27,IZTECH,IZTECH::IZTECH_S017,-1.792237888868421,-1.220963634833543
normal_qq,BAUA::BAUA_S012::2025-07-21,BAUA,BAUA::BAUA_S012,-1.7731413494980461,-1.2161899364728244
normal_qq,RISE::RISE_S010::2025-06-10,RISE,RISE::RISE_S010,-1.7546703665359276,-1.2158515377244314
normal_qq,FUSPCEU::FUSPCEU_S004::2024-10-12,FUSPCEU,FUSPCEU::FUSPCEU_S004,-1.736779337610015,-1.1990901458592969
normal_qq,THUAS::THUAS_S010::2025-06-06,THUAS,THUAS::THUAS_S010,-1.7194275603867728,-1.197845763349601
normal_qq,RISE::RISE_S006::2025-04-20,RISE,RISE::RISE_S006,-1.7025785484825577,-1.197236374765407
normal_qq,FUSPCEU::FUSPCEU_S004::2024-10-08,FUSPCEU,FUSPCEU::FUSPCEU_S004,-1.6861994633142852,-1.1917434777100688
normal_qq,BAUA::BAUA_S003::2025-06-16,BAUA,BAUA::BAUA_S003,-1.6702606390111552,-1.170121546266232
normal_qq,BAUA::BAUA_S003::2025-06-15,BAUA,BAUA::BAUA_S003,-1.6547351826193548,-1.1696576017823954
normal_qq,BAUA::BAUA_S003::2025-06-12,BAUA,BAUA::BAUA_S003,-1.639598635675753,-1.167737368330324
normal_qq,RISE::RISE_S004::2025-03-27,RISE,RISE::RISE_S004,-1.6248286861472514,-1.1663183590615178
normal_qq,THUAS::THUAS_S007::2025-04-11,THUAS,THUAS::THUAS_S007,-1.6104049219723184,-1.161722863409208
normal_qq,IZTECH::IZTECH_S009::2025-03-25,IZTECH,IZTECH::IZTECH_S009,-1.596308619173891,-1.15742619416292
normal_qq,THUAS::THUAS_S016::2025-07-12,THUAS,THUAS::THUAS_S016,-1.5825225588641385,-1.1521333392370883
normal_qq,IZTECH::IZTECH_S009::2025-03-21,IZTECH,IZTECH::IZTECH_S009,-1.5690308685235455,-1.1502550823336113
normal_qq,THUAS::THUAS_S014::2025-07-10,THUAS,THUAS::THUAS_S014,-1.5558188837773226,-1.1414603572522632
normal_qq,RISE::RISE_S002::2025-03-22,RISE,RISE::RISE_S002,-1.5428730275620157,-1.135063696608466
normal_qq,KNUST::KNUST_S002::2024-10-15,KNUST,KNUST::KNUST_S002,-1.5301807041123776,-1.1284068654684483
normal_qq,KNUST::KNUST_S002::2024-10-20,KNUST,KNUST::KNUST_S002,-1.5177302056320354,-1.1273929957770106
normal_qq,RISE::RISE_S004::2025-03-25,RISE,RISE::RISE_S004,-1.5055106298631857,-1.1243619880695763
normal_qq,TUM::TUM_S004::2024-06-16,TUM,TUM::TUM_S004,-1.493511807057539,-1.1187613428352121
normal_qq,IZTECH::IZTECH_S017::2025-06-01,IZTECH,IZTECH::IZTECH_S017,-1.48172423508604,-1.1187526107644128
normal_qq,TUM::TUM_S004::2024-06-15,TUM,TUM::TUM_S004,-1.470139021618824,-1.118418278238403
normal_qq,KNUST::KNUST_S014::2025-01-24,KNUST,KNUST::KNUST_S014,-1.4587478324674303,-1.116076166192629
normal_qq,KNUST::KNUST_S003::2024-10-26,KNUST,KNUST::KNUST_S003,-1.447542845314803,-1.1088830398827794
normal_qq,TUM::TUM_S010::2024-07-28,TUM,TUM::TUM_S010,-1.4365167081701096,-1.0945667988712726
normal_qq,TUM::TUM_S002::2024-06-01,TUM,TUM::TUM_S002,-1.4256625019789142,-1.092516693805694
normal_qq,FUSPCEU::FUSPCEU_S012::2024-12-08,FUSPCEU,FUSPCEU::FUSPCEU_S012,-1.4149737068979276,-1.0873732693847662
normal_qq,FUSPCEU::FUSPCEU_S024::2025-02-08,FUSPCEU,FUSPCEU::FUSPCEU_S024,-1.4044441718100327,-1.0868477718779777
normal_qq,KNUST::KNUST_S003::2024-10-24,KNUST,KNUST::KNUST_S003,-1.394068086711684,-1.0837657640065759
normal_qq,IZTECH::IZTECH_S006::2025-02-21,IZTECH,IZTECH::IZTECH_S006,-1.383839957652698,-1.0833789549121469
normal_qq,THUAS::THUAS_S003::2025-03-18,THUAS,THUAS::THUAS_S003,-1.3737545839494127,-1.0827809303006912
normal_qq,IZTECH::IZTECH_S013::2025-04-27,IZTECH,IZTECH::IZTECH_S013,-1.363807037427211,-1.0753885519718667
normal_qq,KNUST::KNUST_S001::2024-10-13,KNUST,KNUST::KNUST_S001,-1.353992643478515,-1.071810081073253
normal_qq,TUM::TUM_S002::2024-05-31,TUM,TUM::TUM_S002,-1.3443069637482616,-1.066138029653735
normal_qq,BAUA::BAUA_S018::2025-09-14,BAUA,BAUA::BAUA_S018,-1.3347457802812588,-1.063858202840209
normal_qq,FUSPCEU::FUSPCEU_S024::2025-02-09,FUSPCEU,FUSPCEU::FUSPCEU_S024,-1.325305080985199,-1.063320134141589
normal_qq,KNUST::KNUST_S010::2024-12-10,KNUST,KNUST::KNUST_S010,-1.3159810462799435,-1.0630896996898098
normal_qq,KNUST::KNUST_S010::2024-12-13,KNUST,KNUST::KNUST_S010,-1.3067700368183213,-1.0629922365623425
normal_qq,TUM::TUM_S001::2024-05-14,TUM,TUM::TUM_S001,-1.2976685821764813,-1.0588472717660269
normal_qq,IZTECH::IZTECH_S015::2025-05-02,IZTECH,IZTECH::IZTECH_S015,-1.2886733704229938,-1.055658585022796
normal_qq,KNUST::KNUST_S005::2024-11-08,KNUST,KNUST::KNUST_S005,-1.2797812384857077,-1.0546915921098527
normal_qq,KNUST::KNUST_S005::2024-11-09,KNUST,KNUST::KNUST_S005,-1.270989163243961,-1.054556299003715
normal_qq,IZTECH::IZTECH_S012::2025-04-26,IZTECH,IZTECH::IZTECH_S012,-1.2622942532813115,-1.0539612932836024
normal_qq,FUSPCEU::FUSPCEU_S022::2025-01-29,FUSPCEU,FUSPCEU::FUSPCEU_S022,-1.2536937412406466,-1.0522323641436429
normal_qq,TUM::TUM_S006::2024-06-30,TUM,TUM::TUM_S006,-1.2451849767294234,-1.0516812386794567
normal_qq,RISE::RISE_S007::2025-04-20,RISE,RISE::RISE_S007,-1.2367654197280102,-1.051460275229966
normal_qq,THUAS::THUAS_S001::2025-03-02,THUAS,THUAS::THUAS_S001,-1.2284326344587533,-1.049737440521471
normal_qq,TUM::TUM_S005::2024-06-23,TUM,TUM::TUM_S005,-1.2201842836775019,-1.0467480627845818
normal_qq,BAUA::BAUA_S025::2025-10-16,BAUA,BAUA::BAUA_S025,-1.2120181233529816,-1.0449906955415407
normal_qq,RISE::RISE_S002::2025-03-23,RISE,RISE::RISE_S002,-1.2039319977027079,-1.0446089243645027
normal_qq,TUM::TUM_S010::2024-07-27,TUM,TUM::TUM_S010,-1.1959238345570113,-1.0437290392273448
normal_qq,THUAS::THUAS_S001::2025-02-27,THUAS,THUAS::THUAS_S001,-1.1879916410253994,-1.0422230663751808
normal_qq,FUSPCEU::FUSPCEU_S009::2024-11-07,FUSPCEU,FUSPCEU::FUSPCEU_S009,-1.1801334994417867,-1.0419575246645438
normal_qq,THUAS::THUAS_S001::2025-02-25,THUAS,THUAS::THUAS_S001,-1.1723475635672558,-1.0372936784398614
normal_qq,KNUST::KNUST_S008::2024-11-27,KNUST,KNUST::KNUST_S008,-1.1646320550308786,-1.037005657733903
normal_qq,THUAS::THUAS_S001::2025-02-24,THUAS,THUAS::THUAS_S001,-1.1569852599908346,-1.0348539165137949
normal_qq,KNUST::KNUST_S006::2024-11-13,KNUST,KNUST::KNUST_S006,-1.1494055259996003,-1.0321110820815897
normal_qq,THUAS::THUAS_S001::2025-02-22,THUAS,THUAS::THUAS_S001,-1.1418912590583568,-1.0300258555763229
normal_qq,FUSPCEU::FUSPCEU_S022::2025-01-30,FUSPCEU,FUSPCEU::FUSPCEU_S022,-1.13444092084701,-1.0236575836416073
normal_qq,TUM::TUM_S005::2024-06-20,TUM,TUM::TUM_S005,-1.1270530261173695,-1.016538475310055
normal_qq,RISE::RISE_S009::2025-05-28,RISE,RISE::RISE_S009,-1.1197261402380188,-1.015979966524698
normal_qq,KNUST::KNUST_S004::2024-11-02,KNUST,KNUST::KNUST_S004,-1.1124588768803763,-1.0133831676953582
normal_qq,FUSPCEU::FUSPCEU_S005::2024-10-20,FUSPCEU,FUSPCEU::FUSPCEU_S005,-1.1052498958362673,-1.012060529679151
normal_qq,BAUA::BAUA_S016::2025-07-28,BAUA,BAUA::BAUA_S016,-1.0980979009580945,-1.0120239781279552
normal_qq,FUSPCEU::FUSPCEU_S023::2025-02-02,FUSPCEU,FUSPCEU::FUSPCEU_S023,-1.091001638213408,-1.011993513410342
normal_qq,FUSPCEU::FUSPCEU_S023::2025-02-01,FUSPCEU,FUSPCEU::FUSPCEU_S023,-1.083959893846294,-1.010708458261929
normal_qq,FUSPCEU::FUSPCEU_S015::2024-11-26,FUSPCEU,FUSPCEU::FUSPCEU_S015,-1.0769714926385898,-1.0105756412960014
normal_qq,FUSPCEU::FUSPCEU_S010::2024-11-04,FUSPCEU,FUSPCEU::FUSPCEU_S010,-1.0700352962644664,-1.0076438830568875
normal_qq,IZTECH::IZTECH_S005::2025-01-25,IZTECH,IZTECH::IZTECH_S005,-1.0631502017323962,-1.0062609910314917
normal_qq,IZTECH::IZTECH_S005::2025-01-22,IZTECH,IZTECH::IZTECH_S005,-1.0563151399089707,-1.0028678645184452
normal_qq,TUM::TUM_S004::2024-06-14,TUM,TUM::TUM_S004,-1.0495290741194412,-0.9936501027478964
normal_qq,FUSPCEU::FUSPCEU_S006::2024-10-15,FUSPCEU,FUSPCEU::FUSPCEU_S006,-1.0427909988202222,-0.9933314742773208
normal_qq,FUSPCEU::FUSPCEU_S019::2024-12-12,FUSPCEU,FUSPCEU::FUSPCEU_S019,-1.0360999383389407,-0.9916123120672188
normal_qq,RISE::RISE_S016::2025-10-10,RISE,RISE::RISE_S016,-1.029454945677937,-0.988637934581114
normal_qq,RISE::RISE_S003::2025-03-23,RISE,RISE::RISE_S003,-1.022855101377395,-0.9808853637666765
normal_qq,UCR::UCR_S004::2025-06-28,UCR,UCR::UCR_S004,-1.0162995124345602,-0.9790346447988887
normal_qq,RISE::RISE_S010::2025-06-11,RISE,RISE::RISE_S010,-1.0097873112757367,-0.9786028685891575
normal_qq,BAUA::BAUA_S024::2025-10-14,BAUA,BAUA::BAUA_S024,-1.0033176547779925,-0.9669955332781609
normal_qq,IZTECH::IZTECH_S007::2025-03-02,IZTECH,IZTECH::IZTECH_S007,-0.9968897233376965,-0.9663784284728222
normal_qq,IZTECH::IZTECH_S007::2025-03-01,IZTECH,IZTECH::IZTECH_S007,-0.9905027199832136,-0.9649496840680707
normal_qq,BAUA::BAUA_S024::2025-10-15,BAUA,BAUA::BAUA_S024,-0.9841558695292575,-0.9647759700743319
normal_qq,BAUA::BAUA_S024::2025-10-17,BAUA,BAUA::BAUA_S024,-0.9778484177705584,-0.9603804465504131
normal_qq,FUSPCEU::FUSPCEU_S008::2024-10-24,FUSPCEU,FUSPCEU::FUSPCEU_S008,-0.9715796307126771,-0.9603258446018202
normal_qq,FUSPCEU::FUSPCEU_S008::2024-10-26,FUSPCEU,FUSPCEU::FUSPCEU_S008,-0.9653487938378988,-0.9575378503476136
normal_qq,TUM::TUM_S007::2024-07-07,TUM,TUM::TUM_S007,-0.9591552114043165,-0.9571034949138212
normal_qq,IZTECH::IZTECH_S013::2025-04-24,IZTECH,IZTECH::IZTECH_S013,-0.9529982057762939,-0.9570601424347345
normal_qq,FUSPCEU::FUSPCEU_S008::2024-10-27,FUSPCEU,FUSPCEU::FUSPCEU_S008,-0.9468771167846411,-0.9561626447723254
normal_qq,IZTECH::IZTECH_S016::2025-05-11,IZTECH,IZTECH::IZTECH_S016,-0.9407913011149156,-0.9549203557710867
normal_qq,FUSPCEU::FUSPCEU_S009::2024-11-06,FUSPCEU,FUSPCEU::FUSPCEU_S009,-0.9347401317223822,-0.9510201611378907
normal_qq,IZTECH::IZTECH_S003::2025-01-11,IZTECH,IZTECH::IZTECH_S003,-0.9287229972722292,-0.9505707811512889
normal_qq,FUSPCEU::FUSPCEU_S020::2025-01-26,FUSPCEU,FUSPCEU::FUSPCEU_S020,-0.9227393016037513,-0.950570696525815
normal_qq,RISE::RISE_S007::2025-04-19,RISE,RISE::RISE_S007,-0.9167884632172579,-0.9504334285754656
normal_qq,FUSPCEU::FUSPCEU_S005::2024-10-17,FUSPCEU,FUSPCEU::FUSPCEU_S005,-0.9108699147825657,-0.950072926897732
normal_qq,IZTECH::IZTECH_S009::2025-03-22,IZTECH,IZTECH::IZTECH_S009,-0.904983102667982,-0.9479188737121923
normal_qq,THUAS::THUAS_S002::2025-03-06,THUAS,THUAS::THUAS_S002,-0.8991274864887586,-0.9465842361005423
normal_qq,TUM::TUM_S001::2024-05-18,TUM,TUM::TUM_S001,-0.8933025386740558,-0.9460521684083864
normal_qq,FUSPCEU::FUSPCEU_S020::2025-01-21,FUSPCEU,FUSPCEU::FUSPCEU_S020,-0.8875077440515026,-0.9454228563640134
normal_qq,RISE::RISE_S013::2025-06-28,RISE,RISE::RISE_S013,-0.8817425994485024,-0.9429113847824245
normal_qq,TUM::TUM_S004::2024-06-11,TUM,TUM::TUM_S004,-0.8760066133094754,-0.9414740450432768
normal_qq,IZTECH::IZTECH_S008::2025-03-09,IZTECH,IZTECH::IZTECH_S008,-0.8702993053282727,-0.9403113709841381
normal_qq,FUSPCEU::FUSPCEU_S016::2024-11-29,FUSPCEU,FUSPCEU::FUSPCEU_S016,-0.864620206095042,-0.9391416612886714
normal_qq,BAUA::BAUA_S016::2025-07-24,BAUA,BAUA::BAUA_S016,-0.858968856756871,-0.9388827758547066
normal_qq,FUSPCEU::FUSPCEU_S016::2024-12-01,FUSPCEU,FUSPCEU::FUSPCEU_S016,-0.8533448086915522,-0.9377678026999533
normal_qq,BAUA::BAUA_S004::2025-06-15,BAUA,BAUA::BAUA_S004,-0.8477476231938753,-0.9357372673627995
normal_qq,UCR::UCR_S002::2025-06-22,UCR,UCR::UCR_S002,-0.8421768711738592,-0.9353288473399978
normal_qq,TUM::TUM_S007::2024-07-02,TUM,TUM::TUM_S007,-0.8366321328663867,-0.9300059743657496
normal_qq,TUM::TUM_S007::2024-07-03,TUM,TUM::TUM_S007,-0.8311129975517229,-0.9290294264958887
normal_qq,FUSPCEU::FUSPCEU_S011::2024-11-14,FUSPCEU,FUSPCEU::FUSPCEU_S011,-0.8256190632864261,-0.9286314748664888
normal_qq,THUAS::THUAS_S007::2025-04-13,THUAS,THUAS::THUAS_S007,-0.8201499366441926,-0.9284202898841044
normal_qq,BAUA::BAUA_S024::2025-10-16,BAUA,BAUA::BAUA_S024,-0.8147052324661924,-0.9231997091829951
normal_qq,UCR::UCR_S003::2025-06-22,UCR,UCR::UCR_S003,-0.8092845736204781,-0.9200880348492021
normal_qq,TUM::TUM_S003::2024-06-04,TUM,TUM::TUM_S003,-0.8038875907700759,-0.9179344959299652
normal_qq,IZTECH::IZTECH_S002::2025-01-12,IZTECH,IZTECH::IZTECH_S002,-0.798513922149377,-0.9135718136998858
normal_qq,IZTECH::IZTECH_S002::2025-01-11,IZTECH,IZTECH::IZTECH_S002,-0.7931632133484809,-0.9128185178155355
normal_qq,BAUA::BAUA_S005::2025-06-15,BAUA,BAUA::BAUA_S005,-0.7878351171051403,-0.9064871547884428
normal_qq,RISE::RISE_S004::2025-03-30,RISE,RISE::RISE_S004,-0.782529293103997,-0.906085096448033
normal_qq,IZTECH::IZTECH_S013::2025-04-26,IZTECH,IZTECH::IZTECH_S013,-0.7772454077827954,-0.904920377056282
normal_qq,RISE::RISE_S005::2025-04-06,RISE,RISE::RISE_S005,-0.7719831341452832,-0.9041839399770978
normal_qq,FUSPCEU::FUSPCEU_S023::2025-01-29,FUSPCEU,FUSPCEU::FUSPCEU_S023,-0.7667421515805256,-0.9041075165894723
normal_qq,BAUA::BAUA_S015::2025-07-27,BAUA,BAUA::BAUA_S015,-0.7615221456883652,-0.9038984941147286
normal_qq,FUSPCEU::FUSPCEU_S018::2024-12-14,FUSPCEU,FUSPCEU::FUSPCEU_S018,-0.7563228081107772,-0.8987966610143511
normal_qq,FUSPCEU::FUSPCEU_S018::2024-12-15,FUSPCEU,FUSPCEU::FUSPCEU_S018,-0.7511438363688826,-0.8985830363017905
normal_qq,KNUST::KNUST_S007::2024-11-19,KNUST,KNUST::KNUST_S007,-0.7459849337053887,-0.8889534846598676
normal_qq,BAUA::BAUA_S005::2025-06-13,BAUA,BAUA::BAUA_S005,-0.7408458089322411,-0.8884611985056277
normal_qq,KNUST::KNUST_S008::2024-12-01,KNUST,KNUST::KNUST_S008,-0.7357261762832811,-0.8754968835768342
normal_qq,IZTECH::IZTECH_S015::2025-05-01,IZTECH,IZTECH::IZTECH_S015,-0.7306257552717055,-0.875421869185438
normal_qq,BAUA::BAUA_S014::2025-07-19,BAUA,BAUA::BAUA_S014,-0.7255442705521501,-0.8749006971640405
normal_qq,FUSPCEU::FUSPCEU_S015::2024-11-29,FUSPCEU,FUSPCEU::FUSPCEU_S015,-0.7204814517872028,-0.8714643484365582
normal_qq,BAUA::BAUA_S014::2025-07-16,BAUA,BAUA::BAUA_S014,-0.7154370335181902,-0.869834306513757
normal_qq,KNUST::KNUST_S009::2024-12-07,KNUST,KNUST::KNUST_S009,-0.7104107550400606,-0.8681079602352761
normal_qq,RISE::RISE_S013::2025-06-24,RISE,RISE::RISE_S013,-0.7054023602802135,-0.8647357842437714
normal_qq,UCR::UCR_S005::2025-06-24,UCR,UCR::UCR_S005,-0.7004115976811248,-0.8633930025139513
normal_qq,BAUA::BAUA_S009::2025-06-26,BAUA,BAUA::BAUA_S009,-0.6954382200866217,-0.8524728686342782
normal_qq,BAUA::BAUA_S016::2025-07-26,BAUA,BAUA::BAUA_S016,-0.6904819846316747,-0.8482346569783416
normal_qq,FUSPCEU::FUSPCEU_S003::2024-10-08,FUSPCEU,FUSPCEU::FUSPCEU_S003,-0.6855426526355706,-0.8454392782526949
normal_qq,IZTECH::IZTECH_S013::2025-04-23,IZTECH,IZTECH::IZTECH_S013,-0.6806199894983472,-0.8408206820315993
normal_qq,IZTECH::IZTECH_S004::2025-01-25,IZTECH,IZTECH::IZTECH_S004,-0.6757137646003633,-0.8290457842864206
normal_qq,RISE::RISE_S016::2025-10-07,RISE,RISE::RISE_S016,-0.6708237512048931,-0.8209449485012089
normal_qq,IZTECH::IZTECH_S001::2024-12-29,IZTECH,IZTECH::IZTECH_S001,-0.6659497263636381,-0.8164793140069944
normal_qq,RISE::RISE_S016::2025-10-08,RISE,RISE::RISE_S016,-0.6610914708250399,-0.8163730869833087
normal_qq,IZTECH::IZTECH_S001::2024-12-28,IZTECH,IZTECH::IZTECH_S001,-0.6562487689453077,-0.8162671660290836
normal_qq,IZTECH::IZTECH_S001::2024-12-25,IZTECH,IZTECH::IZTECH_S001,-0.6514214086020538,-0.815798150086035
normal_qq,IZTECH::IZTECH_S001::2024-12-24,IZTECH,IZTECH::IZTECH_S001,-0.6466091811104459,-0.8156979930260766
normal_qq,RISE::RISE_S009::2025-05-27,RISE,RISE::RISE_S009,-0.6418118811417907,-0.8141900146429855
normal_qq,IZTECH::IZTECH_S015::2025-04-30,IZTECH,IZTECH::IZTECH_S015,-0.6370293066444617,-0.8133128281935323
normal_qq,UCR::UCR_S005::2025-06-25,UCR,UCR::UCR_S005,-0.6322612587670875,-0.8084532212488392
normal_qq,THUAS::THUAS_S017::2025-09-09,THUAS,THUAS::THUAS_S017,-0.6275075417839261,-0.8063825880064592
normal_qq,FUSPCEU::FUSPCEU_S004::2024-10-09,FUSPCEU,FUSPCEU::FUSPCEU_S004,-0.622767963022347,-0.8055444282671752
normal_qq,IZTECH::IZTECH_S016::2025-05-08,IZTECH,IZTECH::IZTECH_S016,-0.6180423327923478,-0.8048840422182504
normal_qq,TUM::TUM_S005::2024-06-21,TUM,TUM::TUM_S005,-0.6133304643180412,-0.8035304891632278
normal_qq,IZTECH::IZTECH_S016::2025-05-07,IZTECH,IZTECH::IZTECH_S016,-0.6086321736710399,-0.8028439718526595
normal_qq,FUSPCEU::FUSPCEU_S008::2024-10-25,FUSPCEU,FUSPCEU::FUSPCEU_S008,-0.6039472797056782,-0.799600702991044
normal_qq,KNUST::KNUST_S008::2024-11-28,KNUST,KNUST::KNUST_S008,-0.5992756039960074,-0.7953284925528561
normal_qq,FUSPCEU::FUSPCEU_S014::2024-11-24,FUSPCEU,FUSPCEU::FUSPCEU_S014,-0.5946169707745097,-0.786428074713001
normal_qq,RISE::RISE_S003::2025-03-18,RISE,RISE::RISE_S003,-0.5899712068724651,-0.7836389893841944
normal_qq,THUAS::THUAS_S007::2025-04-12,THUAS,THUAS::THUAS_S007,-0.5853381416619289,-0.7700027551924521
normal_qq,THUAS::THUAS_S007::2025-04-10,THUAS,THUAS::THUAS_S007,-0.5807176069992559,-0.7576901917972604
normal_qq,TUM::TUM_S009::2024-07-19,TUM,TUM::TUM_S009,-0.5761094371701255,-0.7555472296074884
normal_qq,RISE::RISE_S004::2025-03-28,RISE,RISE::RISE_S004,-0.5715134688360215,-0.7552354507467864
normal_qq,IZTECH::IZTECH_S010::2025-04-17,IZTECH,IZTECH::IZTECH_S010,-0.5669295409821139,-0.7474240341777785
normal_qq,KNUST::KNUST_S012::2025-01-07,KNUST,KNUST::KNUST_S012,-0.5623574948665037,-0.7442307843748749
normal_qq,TUM::TUM_S003::2024-06-09,TUM,TUM::TUM_S003,-0.5577971739707804,-0.7408105564172205
normal_qq,FUSPCEU::FUSPCEU_S013::2024-11-20,FUSPCEU,FUSPCEU::FUSPCEU_S013,-0.5532484239518582,-0.739669755335563
normal_qq,FUSPCEU::FUSPCEU_S012::2024-12-07,FUSPCEU,FUSPCEU::FUSPCEU_S012,-0.5487110925950441,-0.7362837230086778
normal_qq,FUSPCEU::FUSPCEU_S009::2024-11-09,FUSPCEU,FUSPCEU::FUSPCEU_S009,-0.5441850297683019,-0.7281605635796982
normal_qq,THUAS::THUAS_S014::2025-07-13,THUAS,THUAS::THUAS_S014,-0.5396700873776735,-0.7234944823410338
normal_qq,UCR::UCR_S006::2025-06-27,UCR,UCR::UCR_S006,-0.5351661193238262,-0.7152090729602805
normal_qq,THUAS::THUAS_S015::2025-07-11,THUAS,THUAS::THUAS_S015,-0.5306729814596802,-0.7075215849725901
normal_qq,UCR::UCR_S005::2025-06-27,UCR,UCR::UCR_S005,-0.5261905315490967,-0.6984989148348126
normal_qq,UCR::UCR_S005::2025-06-29,UCR,UCR::UCR_S005,-0.5217186292265833,-0.6983104423799565
normal_qq,IZTECH::IZTECH_S005::2025-01-26,IZTECH,IZTECH::IZTECH_S005,-0.5172571359579902,-0.6956003163664018
normal_qq,FUSPCEU::FUSPCEU_S016::2024-11-26,FUSPCEU,FUSPCEU::FUSPCEU_S016,-0.5128059150021671,-0.6885600817762364
normal_qq,IZTECH::IZTECH_S001::2024-12-27,IZTECH,IZTECH::IZTECH_S001,-0.5083648313735509,-0.6856868015639165
normal_qq,THUAS::THUAS_S010::2025-06-08,THUAS,THUAS::THUAS_S010,-0.5039337518056557,-0.6850981555626761
normal_qq,FUSPCEU::FUSPCEU_S009::2024-11-05,FUSPCEU,FUSPCEU::FUSPCEU_S009,-0.49951254471543866,-0.6770212641561425
normal_qq,BAUA::BAUA_S006::2025-06-11,BAUA,BAUA::BAUA_S006,-0.49510108016851695,-0.6754439226346591
normal_qq,FUSPCEU::FUSPCEU_S013::2024-11-23,FUSPCEU,FUSPCEU::FUSPCEU_S013,-0.4906992298452063,-0.6692901760521367
normal_qq,UCR::UCR_S002::2025-06-20,UCR,UCR::UCR_S002,-0.4863068670073624,-0.6690173159937491
normal_qq,BAUA::BAUA_S013::2025-07-16,BAUA,BAUA::BAUA_S013,-0.48192386646599755,-0.6689406871098004
normal_qq,KNUST::KNUST_S003::2024-10-27,KNUST,KNUST::KNUST_S003,-0.47755010454965036,-0.64937960325212
normal_qq,THUAS::THUAS_S007::2025-04-08,THUAS,THUAS::THUAS_S007,-0.4731854590734873,-0.6321245039538976
normal_qq,UCR::UCR_S002::2025-06-18,UCR,UCR::UCR_S002,-0.46882980930911716,-0.6309212462463816
normal_qq,FUSPCEU::FUSPCEU_S012::2024-12-06,FUSPCEU,FUSPCEU::FUSPCEU_S012,-0.4644830359550905,-0.6293923741395467
normal_qq,BAUA::BAUA_S013::2025-07-21,BAUA,BAUA::BAUA_S013,-0.46014502110807354,-0.6231692918728643
normal_qq,IZTECH::IZTECH_S001::2024-12-30,IZTECH,IZTECH::IZTECH_S001,-0.45581564823467013,-0.6215891187863949
normal_qq,FUSPCEU::FUSPCEU_S005::2024-10-16,FUSPCEU,FUSPCEU::FUSPCEU_S005,-0.4514948021438774,-0.6205308721475816
normal_qq,BAUA::BAUA_S018::2025-09-12,BAUA,BAUA::BAUA_S018,-0.4471823689601526,-0.6126349520243844
normal_qq,IZTECH::IZTECH_S006::2025-02-23,IZTECH,IZTECH::IZTECH_S006,-0.4428782360970812,-0.5976246204070038
normal_qq,BAUA::BAUA_S025::2025-10-14,BAUA,BAUA::BAUA_S025,-0.4385822922316203,-0.59711299776511
normal_qq,FUSPCEU::FUSPCEU_S019::2024-12-11,FUSPCEU,FUSPCEU::FUSPCEU_S019,-0.4342944272789078,-0.5969888406096661
normal_qq,RISE::RISE_S016::2025-10-09,RISE,RISE::RISE_S016,-0.4300145323676187,-0.5961096661269336
normal_qq,KNUST::KNUST_S002::2024-10-16,KNUST,KNUST::KNUST_S002,-0.425742499815854,-0.5960891008434966
normal_qq,KNUST::KNUST_S002::2024-10-19,KNUST,KNUST::KNUST_S002,-0.42147822310754646,-0.594597518697043
normal_qq,KNUST::KNUST_S001::2024-10-12,KNUST,KNUST::KNUST_S001,-0.4172215968693693,-0.5909529171906902
normal_qq,IZTECH::IZTECH_S014::2025-04-29,IZTECH,IZTECH::IZTECH_S014,-0.4129725168481362,-0.5772714224311357
normal_qq,BAUA::BAUA_S015::2025-07-28,BAUA,BAUA::BAUA_S015,-0.4087308798886738,-0.5743683132300011
normal_qq,KNUST::KNUST_S006::2024-11-14,KNUST,KNUST::KNUST_S006,-0.4044965839121593,-0.5724265511234472
normal_qq,BAUA::BAUA_S018::2025-09-10,BAUA,BAUA::BAUA_S018,-0.4002695278949077,-0.5686651391102627
normal_qq,BAUA::BAUA_S016::2025-07-23,BAUA,BAUA::BAUA_S016,-0.39604961184759535,-0.5547743070243643
normal_qq,KNUST::KNUST_S007::2024-11-20,KNUST,KNUST::KNUST_S007,-0.391836736794911,-0.5400576927162289
normal_qq,TUM::TUM_S008::2024-07-12,TUM,TUM::TUM_S008,-0.38763080475562056,-0.536918356906966
normal_qq,FUSPCEU::FUSPCEU_S025::2025-02-06,FUSPCEU,FUSPCEU::FUSPCEU_S025,-0.38343171872303405,-0.5350677374877558
normal_qq,TUM::TUM_S005::2024-06-22,TUM,TUM::TUM_S005,-0.3792393826458659,-0.5294893996546263
normal_qq,FUSPCEU::FUSPCEU_S003::2024-10-09,FUSPCEU,FUSPCEU::FUSPCEU_S003,-0.3750537014094769,-0.5258775047632174
normal_qq,BAUA::BAUA_S001::2025-06-12,BAUA,BAUA::BAUA_S001,-0.3708745808174861,-0.5249188301162081
normal_qq,BAUA::BAUA_S004::2025-06-13,BAUA,BAUA::BAUA_S004,-0.36670192757374576,-0.5231142656643596
normal_qq,IZTECH::IZTECH_S010::2025-04-16,IZTECH,IZTECH::IZTECH_S010,-0.36253564926466814,-0.5216922321814731
normal_qq,KNUST::KNUST_S006::2024-11-15,KNUST,KNUST::KNUST_S006,-0.35837565434189306,-0.5210411254284062
normal_qq,BAUA::BAUA_S003::2025-06-14,BAUA,BAUA::BAUA_S003,-0.3542218521052905,-0.5187920925301471
normal_qq,THUAS::THUAS_S016::2025-07-13,THUAS,THUAS::THUAS_S016,-0.3500741526862873,-0.5147412714811412
normal_qq,UCR::UCR_S003::2025-06-18,UCR,UCR::UCR_S003,-0.34593246703151004,-0.5132256424076627
normal_qq,BAUA::BAUA_S005::2025-06-11,BAUA,BAUA::BAUA_S005,-0.3417967068867342,-0.5130401551514797
normal_qq,IZTECH::IZTECH_S006::2025-02-22,IZTECH,IZTECH::IZTECH_S006,-0.3376667847811349,-0.5121015808276995
normal_qq,FUSPCEU::FUSPCEU_S006::2024-10-17,FUSPCEU,FUSPCEU::FUSPCEU_S006,-0.333542614011828,-0.5114081282923589
normal_qq,KNUST::KNUST_S010::2024-12-11,KNUST,KNUST::KNUST_S010,-0.3294241086286953,-0.5113600676113407
normal_qq,RISE::RISE_S012::2025-06-15,RISE,RISE::RISE_S012,-0.3253111834194868,-0.5108683590168728
normal_qq,THUAS::THUAS_S005::2025-03-30,THUAS,THUAS::THUAS_S005,-0.32120375389519173,-0.5091377111471913
normal_qq,THUAS::THUAS_S014::2025-07-09,THUAS,THUAS::THUAS_S014,-0.31710173627567256,-0.5070661394788416
normal_qq,THUAS::THUAS_S011::2025-05-18,THUAS,THUAS::THUAS_S011,-0.31300504747555313,-0.5037295900657314
normal_qq,FUSPCEU::FUSPCEU_S009::2024-11-04,FUSPCEU,FUSPCEU::FUSPCEU_S009,-0.3089136050903579,-0.49679965703225004
normal_qq,TUM::TUM_S002::2024-05-29,TUM,TUM::TUM_S002,-0.30482732738289076,-0.483678444891927
normal_qq,IZTECH::IZTECH_S015::2025-04-29,IZTECH,IZTECH::IZTECH_S015,-0.3007461332698517,-0.4801773718619072
normal_qq,FUSPCEU::FUSPCEU_S013::2024-11-21,FUSPCEU,FUSPCEU::FUSPCEU_S013,-0.29666994230868327,-0.4800555112753727
normal_qq,BAUA::BAUA_S016::2025-07-27,BAUA,BAUA::BAUA_S016,-0.2925986746846394,-0.47598839970246154
normal_qq,BAUA::BAUA_S015::2025-07-26,BAUA,BAUA::BAUA_S015,-0.28853225119807424,-0.47324412149308803
normal_qq,KNUST::KNUST_S008::2024-11-29,KNUST,KNUST::KNUST_S008,-0.28447059325194235,-0.47300342567379816
normal_qq,FUSPCEU::FUSPCEU_S016::2024-11-30,FUSPCEU,FUSPCEU::FUSPCEU_S016,-0.2804136228395057,-0.4703535333200766
normal_qq,BAUA::BAUA_S025::2025-10-15,BAUA,BAUA::BAUA_S025,-0.27636126253224214,-0.4699465284761932
normal_qq,KNUST::KNUST_S004::2024-11-01,KNUST,KNUST::KNUST_S004,-0.2723134354679512,-0.46749094924459755
normal_qq,KNUST::KNUST_S014::2025-01-26,KNUST,KNUST::KNUST_S014,-0.2682700653390496,-0.4666676470723757
normal_qq,IZTECH::IZTECH_S011::2025-04-17,IZTECH,IZTECH::IZTECH_S011,-0.2642310763810531,-0.4632800567683774
normal_qq,RISE::RISE_S001::2025-03-06,RISE,RISE::RISE_S001,-0.2601963933612412,-0.4522203652480334
normal_qq,RISE::RISE_S008::2025-04-29,RISE,RISE::RISE_S008,-0.2561659415674963,-0.45037120320663954
normal_qq,BAUA::BAUA_S013::2025-07-17,BAUA,BAUA::BAUA_S013,-0.25213964679731593,-0.4448857134416361
normal_qq,BAUA::BAUA_S002::2025-06-16,BAUA,BAUA::BAUA_S002,-0.24811743534699263,-0.4440831335934769
normal_qq,BAUA::BAUA_S006::2025-06-16,BAUA,BAUA::BAUA_S006,-0.2440992340009564,-0.44064479619710356
normal_qq,UCR::UCR_S006::2025-06-24,UCR,UCR::UCR_S006,-0.24008497002127552,-0.43700143228934046
normal_qq,THUAS::THUAS_S005::2025-03-29,THUAS,THUAS::THUAS_S005,-0.2360745711373127,-0.41769468200282683
normal_qq,FUSPCEU::FUSPCEU_S007::2024-10-23,FUSPCEU,FUSPCEU::FUSPCEU_S007,-0.23206796553553194,-0.4137070507469575
normal_qq,KNUST::KNUST_S015::2025-01-28,KNUST,KNUST::KNUST_S015,-0.2280650818494501,-0.4101512461429334
normal_qq,FUSPCEU::FUSPCEU_S020::2025-01-22,FUSPCEU,FUSPCEU::FUSPCEU_S020,-0.2240658491497328,-0.40733898969188076
normal_qq,TUM::TUM_S003::2024-06-06,TUM,TUM::TUM_S003,-0.22007019693442906,-0.39801533321563676
normal_qq,IZTECH::IZTECH_S016::2025-05-06,IZTECH,IZTECH::IZTECH_S016,-0.21607805511933942,-0.3965806453442227
normal_qq,KNUST::KNUST_S006::2024-11-16,KNUST,KNUST::KNUST_S006,-0.21208935402851659,-0.39298842314328664
normal_qq,KNUST::KNUST_S015::2025-01-30,KNUST,KNUST::KNUST_S015,-0.2081040243848942,-0.39275628415155656
normal_qq,BAUA::BAUA_S002::2025-06-12,BAUA,BAUA::BAUA_S002,-0.2041219973010389,-0.3921597467998424
normal_qq,FUSPCEU::FUSPCEU_S011::2024-11-13,FUSPCEU,FUSPCEU::FUSPCEU_S011,-0.20014320427002366,-0.38754828534639213
normal_qq,BAUA::BAUA_S009::2025-06-28,BAUA,BAUA::BAUA_S009,-0.19616757715641953,-0.3870780813264511
normal_qq,RISE::RISE_S001::2025-03-08,RISE,RISE::RISE_S001,-0.19219504818740038,-0.38309049715936405
normal_qq,BAUA::BAUA_S005::2025-06-14,BAUA,BAUA::BAUA_S005,-0.18822554994395926,-0.3812919245192262
normal_qq,UCR::UCR_S003::2025-06-17,UCR,UCR::UCR_S003,-0.1842590153522338,-0.37754187414371326
normal_qq,TUM::TUM_S003::2024-06-08,TUM,TUM::TUM_S003,-0.1802953776749343,-0.3723474076660241
normal_qq,THUAS::THUAS_S017::2025-09-11,THUAS,THUAS::THUAS_S017,-0.1763345705028759,-0.37120871225894675
normal_qq,FUSPCEU::FUSPCEU_S018::2024-12-12,FUSPCEU,FUSPCEU::FUSPCEU_S018,-0.17237652774660897,-0.3661342042971245
normal_qq,IZTECH::IZTECH_S007::2025-02-25,IZTECH,IZTECH::IZTECH_S007,-0.1684211836281446,-0.3625980540205665
normal_qq,IZTECH::IZTECH_S012::2025-04-22,IZTECH,IZTECH::IZTECH_S012,-0.16446847267277498,-0.3608512288151789
normal_qq,KNUST::KNUST_S012::2025-01-11,KNUST,KNUST::KNUST_S012,-0.16051832970098348,-0.36046601844528964
normal_qq,THUAS::THUAS_S006::2025-04-01,THUAS,THUAS::THUAS_S006,-0.15657068982044234,-0.3571063078805943
normal_qq,FUSPCEU::FUSPCEU_S010::2024-11-05,FUSPCEU,FUSPCEU::FUSPCEU_S010,-0.1526254884180952,-0.35351852086172036
normal_qq,UCR::UCR_S004::2025-06-29,UCR,UCR::UCR_S004,-0.1486826611523237,-0.34339374401573186
normal_qq,THUAS::THUAS_S006::2025-04-02,THUAS,THUAS::THUAS_S006,-0.14474214394519178,-0.34034637376125365
normal_qq,KNUST::KNUST_S001::2024-10-09,KNUST,KNUST::KNUST_S001,-0.14080387297476876,-0.3382123360843197
normal_qq,TUM::TUM_S001::2024-05-17,TUM,TUM::TUM_S001,-0.1368677846675268,-0.3369682016472043
normal_qq,BAUA::BAUA_S022::2025-09-24,BAUA,BAUA::BAUA_S022,-0.13293381569081147,-0.3244374264058617
normal_qq,FUSPCEU::FUSPCEU_S015::2024-12-01,FUSPCEU,FUSPCEU::FUSPCEU_S015,-0.12900190294538116,-0.3202305464500179
normal_qq,THUAS::THUAS_S005::2025-03-25,THUAS,THUAS::THUAS_S005,-0.12507198355801472,-0.3168851188515797
normal_qq,KNUST::KNUST_S014::2025-01-25,KNUST,KNUST::KNUST_S014,-0.12114399487418549,-0.3163481344791281
normal_qq,RISE::RISE_S003::2025-03-19,RISE,RISE::RISE_S003,-0.11721787445079629,-0.31362480971149437
normal_qq,TUM::TUM_S007::2024-07-05,TUM,TUM::TUM_S007,-0.11329356004897681,-0.30881687797149865
normal_qq,KNUST::KNUST_S013::2025-01-15,KNUST,KNUST::KNUST_S013,-0.10937098962693943,-0.3068584535879329
normal_qq,THUAS::THUAS_S018::2025-09-25,THUAS,THUAS::THUAS_S018,-0.1054501013328905,-0.3038372792257646
normal_qq,IZTECH::IZTECH_S016::2025-05-10,IZTECH,IZTECH::IZTECH_S016,-0.1015308334979966,-0.30265331240400334
normal_qq,THUAS::THUAS_S006::2025-04-06,THUAS,THUAS::THUAS_S006,-0.09761312462940326,-0.29079095322861487
normal_qq,THUAS::THUAS_S011::2025-05-15,THUAS,THUAS::THUAS_S011,-0.09369691340330227,-0.273845197682831
normal_qq,IZTECH::IZTECH_S011::2025-04-18,IZTECH,IZTECH::IZTECH_S011,-0.08978213865804832,-0.27340202001124486
normal_qq,KNUST::KNUST_S013::2025-01-16,KNUST,KNUST::KNUST_S013,-0.08586873938732123,-0.2712332642335683
normal_qq,FUSPCEU::FUSPCEU_S018::2024-12-11,FUSPCEU,FUSPCEU::FUSPCEU_S018,-0.08195665473333125,-0.27017068874941846
normal_qq,UCR::UCR_S004::2025-06-25,UCR,UCR::UCR_S004,-0.07804582398006678,-0.2693760585521356
normal_qq,RISE::RISE_S002::2025-03-18,RISE,RISE::RISE_S002,-0.07413618654658272,-0.25733818933391994
normal_qq,FUSPCEU::FUSPCEU_S007::2024-10-25,FUSPCEU,FUSPCEU::FUSPCEU_S007,-0.07022768198032495,-0.2523097012310412
normal_qq,BAUA::BAUA_S004::2025-06-12,BAUA,BAUA::BAUA_S004,-0.0663202499504923,-0.2515928540944516
normal_qq,FUSPCEU::FUSPCEU_S008::2024-10-23,FUSPCEU,FUSPCEU::FUSPCEU_S008,-0.0624138302414325,-0.25117628059671315
normal_qq,TUM::TUM_S010::2024-07-23,TUM,TUM::TUM_S010,-0.05850836274606919,-0.25113062994048074
normal_qq,UCR::UCR_S002::2025-06-21,UCR,UCR::UCR_S002,-0.054603787459360224,-0.2505034466127619
normal_qq,THUAS::THUAS_S011::2025-05-16,THUAS,THUAS::THUAS_S011,-0.050700044471784694,-0.24647543722494225
normal_qq,KNUST::KNUST_S009::2024-12-04,KNUST,KNUST::KNUST_S009,-0.046797073962855026,-0.24235293303194425
normal_qq,THUAS::THUAS_S005::2025-03-26,THUAS,THUAS::THUAS_S005,-0.042894816194655495,-0.24155765714011923
normal_qq,UCR::UCR_S004::2025-06-27,UCR,UCR::UCR_S004,-0.03899321150540253,-0.2316838321302826
normal_qq,FUSPCEU::FUSPCEU_S023::2025-01-31,FUSPCEU,FUSPCEU::FUSPCEU_S023,-0.03509220030302721,-0.22668473480967535
normal_qq,FUSPCEU::FUSPCEU_S003::2024-10-12,FUSPCEU,FUSPCEU::FUSPCEU_S003,-0.031191723058775614,-0.22417263320319467
normal_qq,FUSPCEU::FUSPCEU_S018::2024-12-10,FUSPCEU,FUSPCEU::FUSPCEU_S018,-0.027291720300827854,-0.22288726598544967
normal_qq,THUAS::THUAS_S016::2025-07-09,THUAS,THUAS::THUAS_S016,-0.023392132607933016,-0.21735593257224414
normal_qq,UCR::UCR_S002::2025-06-19,UCR,UCR::UCR_S002,-0.01949290060305672,-0.2124357101480847
normal_qq,RISE::RISE_S005::2025-04-04,RISE,RISE::RISE_S005,-0.015593964947042214,-0.2111378445812922
normal_qq,TUM::TUM_S008::2024-07-11,TUM,TUM::TUM_S008,-0.01169526633228188,-0.19599312073848835
normal_qq,FUSPCEU::FUSPCEU_S005::2024-10-15,FUSPCEU,FUSPCEU::FUSPCEU_S005,-0.0077967454763962244,-0.1951620344574896
normal_qq,THUAS::THUAS_S014::2025-07-08,THUAS,THUAS::THUAS_S014,-0.0038983431159210777,-0.19500475765581887
normal_qq,RISE::RISE_S009::2025-06-01,RISE,RISE::RISE_S009,0,-0.18990038015507302
normal_qq,IZTECH::IZTECH_S004::2025-01-24,IZTECH,IZTECH::IZTECH_S004,0.0038983431159210777,-0.1868454711696668
normal_qq,FUSPCEU::FUSPCEU_S007::2024-10-27,FUSPCEU,FUSPCEU::FUSPCEU_S007,0.007796745476396085,-0.1806722592716792
normal_qq,BAUA::BAUA_S016::2025-07-25,BAUA,BAUA::BAUA_S016,0.011695266332281741,-0.18003310677815199
normal_qq,IZTECH::IZTECH_S014::2025-05-03,IZTECH,IZTECH::IZTECH_S014,0.015593964947042353,-0.17703362033136
normal_qq,FUSPCEU::FUSPCEU_S014::2024-11-20,FUSPCEU,FUSPCEU::FUSPCEU_S014,0.01949290060305672,-0.176001280630218
normal_qq,FUSPCEU::FUSPCEU_S007::2024-10-24,FUSPCEU,FUSPCEU::FUSPCEU_S007,0.023392132607933016,-0.16621074812833186
normal_qq,UCR::UCR_S001::2025-06-17,UCR,UCR::UCR_S001,0.027291720300827854,-0.16044855454078127
normal_qq,TUM::TUM_S004::2024-06-13,TUM,TUM::TUM_S004,0.031191723058775475,-0.1462654845736763
normal_qq,THUAS::THUAS_S010::2025-06-07,THUAS,THUAS::THUAS_S010,0.03509220030302708,-0.13717942354633988
normal_qq,KNUST::KNUST_S011::2024-12-20,KNUST,KNUST::KNUST_S011,0.03899321150540268,-0.133012452865458
normal_qq,THUAS::THUAS_S017::2025-09-10,THUAS,THUAS::THUAS_S017,0.042894816194655495,-0.12859855409729629
normal_qq,THUAS::THUAS_S016::2025-07-11,THUAS,THUAS::THUAS_S016,0.046797073962855026,-0.12743109688782134
normal_qq,TUM::TUM_S006::2024-06-26,TUM,TUM::TUM_S006,0.050700044471784694,-0.12179038853329767
normal_qq,IZTECH::IZTECH_S010::2025-04-18,IZTECH,IZTECH::IZTECH_S010,0.054603787459360224,-0.11678079781981886
normal_qq,KNUST::KNUST_S010::2024-12-15,KNUST,KNUST::KNUST_S010,0.05850836274606905,-0.10443737073329394
normal_qq,BAUA::BAUA_S018::2025-09-09,BAUA,BAUA::BAUA_S018,0.062413830241432634,-0.10112097610646997
normal_qq,FUSPCEU::FUSPCEU_S014::2024-11-21,FUSPCEU,FUSPCEU::FUSPCEU_S014,0.06632024995049243,-0.08768270229498606
normal_qq,IZTECH::IZTECH_S012::2025-04-24,IZTECH,IZTECH::IZTECH_S012,0.07022768198032495,-0.0856859712010177
normal_qq,IZTECH::IZTECH_S003::2025-01-07,IZTECH,IZTECH::IZTECH_S003,0.07413618654658272,-0.08240989810773953
normal_qq,IZTECH::IZTECH_S010::2025-04-20,IZTECH,IZTECH::IZTECH_S010,0.07804582398006678,-0.07434401822588983
normal_qq,KNUST::KNUST_S009::2024-12-08,KNUST,KNUST::KNUST_S009,0.08195665473333111,-0.0687672770537558
normal_qq,TUM::TUM_S003::2024-06-07,TUM,TUM::TUM_S003,0.08586873938732138,-0.06331474498378899
normal_qq,UCR::UCR_S003::2025-06-20,UCR,UCR::UCR_S003,0.08978213865804847,-0.06125686111339022
normal_qq,FUSPCEU::FUSPCEU_S017::2024-12-08,FUSPCEU,FUSPCEU::FUSPCEU_S017,0.09369691340330227,-0.05988393900266389
normal_qq,THUAS::THUAS_S018::2025-09-23,THUAS,THUAS::THUAS_S018,0.09761312462940326,-0.05298171423122835
normal_qq,IZTECH::IZTECH_S002::2025-01-07,IZTECH,IZTECH::IZTECH_S002,0.1015308334979966,-0.052085064079285856
normal_qq,KNUST::KNUST_S011::2024-12-19,KNUST,KNUST::KNUST_S011,0.10545010133289036,-0.05022091852441125
normal_qq,RISE::RISE_S002::2025-03-19,RISE,RISE::RISE_S002,0.1093709896269393,-0.04916427986984042
normal_qq,FUSPCEU::FUSPCEU_S025::2025-02-05,FUSPCEU,FUSPCEU::FUSPCEU_S025,0.11329356004897694,-0.048209950960765434
normal_qq,UCR::UCR_S004::2025-06-24,UCR,UCR::UCR_S004,0.11721787445079629,-0.045366064031855585
normal_qq,TUM::TUM_S007::2024-07-06,TUM,TUM::TUM_S007,0.12114399487418549,-0.04495492379107236
normal_qq,IZTECH::IZTECH_S011::2025-04-16,IZTECH,IZTECH::IZTECH_S011,0.12507198355801472,-0.03835058665787608
normal_qq,TUM::TUM_S008::2024-07-10,TUM,TUM::TUM_S008,0.12900190294538103,-0.023193607213137766
normal_qq,IZTECH::IZTECH_S014::2025-05-02,IZTECH,IZTECH::IZTECH_S014,0.13293381569081136,-0.019661738757969657
normal_qq,FUSPCEU::FUSPCEU_S019::2024-12-15,FUSPCEU,FUSPCEU::FUSPCEU_S019,0.13686778466752694,-0.017862805393869117
normal_qq,BAUA::BAUA_S025::2025-10-18,BAUA,BAUA::BAUA_S025,0.14080387297476876,-0.01614056312951794
normal_qq,BAUA::BAUA_S001::2025-06-14,BAUA,BAUA::BAUA_S001,0.14474214394519178,-0.014347537305677218
normal_qq,TUM::TUM_S005::2024-06-19,TUM,TUM::TUM_S005,0.1486826611523237,-0.012175526859284013
normal_qq,FUSPCEU::FUSPCEU_S003::2024-10-11,FUSPCEU,FUSPCEU::FUSPCEU_S003,0.1526254884180952,-0.0055778881520602555
normal_qq,IZTECH::IZTECH_S017::2025-05-31,IZTECH,IZTECH::IZTECH_S017,0.15657068982044217,-0.005114504650193536
normal_qq,IZTECH::IZTECH_S011::2025-04-15,IZTECH,IZTECH::IZTECH_S011,0.16051832970098362,-0.0036715139998492055
normal_qq,IZTECH::IZTECH_S003::2025-01-08,IZTECH,IZTECH::IZTECH_S003,0.16446847267277512,-0.0021918957133490037
normal_qq,IZTECH::IZTECH_S011::2025-04-20,IZTECH,IZTECH::IZTECH_S011,0.1684211836281446,0.018523313481005783
normal_qq,THUAS::THUAS_S016::2025-07-08,THUAS,THUAS::THUAS_S016,0.17237652774660897,0.018694104236535402
normal_qq,RISE::RISE_S001::2025-03-04,RISE,RISE::RISE_S001,0.1763345705028759,0.022568987805859718
normal_qq,FUSPCEU::FUSPCEU_S018::2024-12-13,FUSPCEU,FUSPCEU::FUSPCEU_S018,0.18029537767493417,0.022794043255967997
normal_qq,BAUA::BAUA_S014::2025-07-17,BAUA,BAUA::BAUA_S014,0.18425901535223396,0.026114944192701956
normal_qq,KNUST::KNUST_S001::2024-10-10,KNUST,KNUST::KNUST_S001,0.18822554994395943,0.029874201552713205
normal_qq,RISE::RISE_S005::2025-04-05,RISE,RISE::RISE_S005,0.19219504818740038,0.03219288525218964
normal_qq,BAUA::BAUA_S018::2025-09-11,BAUA,BAUA::BAUA_S018,0.19616757715641953,0.03249137212172983
normal_qq,TUM::TUM_S008::2024-07-09,TUM,TUM::TUM_S008,0.20014320427002366,0.034206771773699816
normal_qq,RISE::RISE_S012::2025-06-16,RISE,RISE::RISE_S012,0.20412199730103872,0.035826036017788755
normal_qq,KNUST::KNUST_S009::2024-12-06,KNUST,KNUST::KNUST_S009,0.20810402438489403,0.038799790200147996
normal_qq,FUSPCEU::FUSPCEU_S013::2024-11-24,FUSPCEU,FUSPCEU::FUSPCEU_S013,0.2120893540285167,0.04753097659777818
normal_qq,FUSPCEU::FUSPCEU_S017::2024-12-04,FUSPCEU,FUSPCEU::FUSPCEU_S017,0.21607805511933942,0.048045327327183314
normal_qq,RISE::RISE_S016::2025-10-12,RISE,RISE::RISE_S016,0.22007019693442906,0.05134018724886671
normal_qq,FUSPCEU::FUSPCEU_S019::2024-12-13,FUSPCEU,FUSPCEU::FUSPCEU_S019,0.2240658491497328,0.052066000406256675
normal_qq,FUSPCEU::FUSPCEU_S017::2024-12-06,FUSPCEU,FUSPCEU::FUSPCEU_S017,0.22806508184944996,0.05314466173942487
normal_qq,KNUST::KNUST_S010::2024-12-14,KNUST,KNUST::KNUST_S010,0.23206796553553183,0.06974221097813578
normal_qq,UCR::UCR_S005::2025-06-26,UCR,UCR::UCR_S005,0.23607457113731287,0.07023634348266107
normal_qq,IZTECH::IZTECH_S003::2025-01-10,IZTECH,IZTECH::IZTECH_S003,0.24008497002127552,0.0749898203494052
normal_qq,KNUST::KNUST_S002::2024-10-17,KNUST,KNUST::KNUST_S002,0.2440992340009564,0.08202377725011428
normal_qq,RISE::RISE_S009::2025-05-31,RISE,RISE::RISE_S009,0.24811743534699263,0.08204317717274802
normal_qq,FUSPCEU::FUSPCEU_S003::2024-10-10,FUSPCEU,FUSPCEU::FUSPCEU_S003,0.2521396467973158,0.08343948717769419
normal_qq,RISE::RISE_S005::2025-04-02,RISE,RISE::RISE_S005,0.25616594156749617,0.08759640177257533
normal_qq,THUAS::THUAS_S006::2025-04-03,THUAS,THUAS::THUAS_S006,0.26019639336124134,0.09240196319953749
normal_qq,FUSPCEU::FUSPCEU_S022::2025-02-02,FUSPCEU,FUSPCEU::FUSPCEU_S022,0.2642310763810532,0.09341286061424844
normal_qq,TUM::TUM_S009::2024-07-20,TUM,TUM::TUM_S009,0.2682700653390496,0.09471690801899345
normal_qq,BAUA::BAUA_S002::2025-06-14,BAUA,BAUA::BAUA_S002,0.2723134354679512,0.09893146549056621
normal_qq,KNUST::KNUST_S009::2024-12-03,KNUST,KNUST::KNUST_S009,0.27636126253224214,0.10277907876035004
normal_qq,RISE::RISE_S016::2025-10-11,RISE,RISE::RISE_S016,0.28041362283950544,0.11241742818870241
normal_qq,KNUST::KNUST_S001::2024-10-08,KNUST,KNUST::KNUST_S001,0.2844705932519425,0.11280906369825883
normal_qq,FUSPCEU::FUSPCEU_S020::2025-01-25,FUSPCEU,FUSPCEU::FUSPCEU_S020,0.28853225119807435,0.11793390670186167
normal_qq,UCR::UCR_S006::2025-06-26,UCR,UCR::UCR_S006,0.2925986746846394,0.1204218261732807
normal_qq,UCR::UCR_S006::2025-06-28,UCR,UCR::UCR_S006,0.29666994230868327,0.12099011581278611
normal_qq,FUSPCEU::FUSPCEU_S007::2024-10-22,FUSPCEU,FUSPCEU::FUSPCEU_S007,0.3007461332698517,0.12391796906095069
normal_qq,FUSPCEU::FUSPCEU_S011::2024-11-17,FUSPCEU,FUSPCEU::FUSPCEU_S011,0.30482732738289064,0.12577729505544358
normal_qq,RISE::RISE_S008::2025-05-03,RISE,RISE::RISE_S008,0.3089136050903578,0.12861367974096913
normal_qq,RISE::RISE_S012::2025-06-12,RISE,RISE::RISE_S012,0.31300504747555324,0.14382196264221758
normal_qq,IZTECH::IZTECH_S008::2025-03-07,IZTECH,IZTECH::IZTECH_S008,0.31710173627567256,0.14865876704544814
normal_qq,IZTECH::IZTECH_S003::2025-01-12,IZTECH,IZTECH::IZTECH_S003,0.32120375389519173,0.15105119422451382
normal_qq,TUM::TUM_S003::2024-06-05,TUM,TUM::TUM_S003,0.3253111834194868,0.1595114144013904
normal_qq,KNUST::KNUST_S014::2025-01-23,KNUST,KNUST::KNUST_S014,0.32942410862869514,0.1596443213279757
normal_qq,THUAS::THUAS_S010::2025-06-03,THUAS,THUAS::THUAS_S010,0.33354261401182783,0.16375862344540942
normal_qq,BAUA::BAUA_S002::2025-06-11,BAUA,BAUA::BAUA_S002,0.33766678478113504,0.17451376539510208
normal_qq,THUAS::THUAS_S003::2025-03-20,THUAS,THUAS::THUAS_S003,0.3417967068867342,0.18126362300833837
normal_qq,IZTECH::IZTECH_S015::2025-05-03,IZTECH,IZTECH::IZTECH_S015,0.34593246703151004,0.18353122771122266
normal_qq,FUSPCEU::FUSPCEU_S006::2024-10-16,FUSPCEU,FUSPCEU::FUSPCEU_S006,0.3500741526862873,0.1842097362001897
normal_qq,RISE::RISE_S006::2025-04-16,RISE,RISE::RISE_S006,0.3542218521052904,0.1978734132045386
normal_qq,BAUA::BAUA_S024::2025-10-18,BAUA,BAUA::BAUA_S024,0.3583756543418929,0.19956336565547061
normal_qq,RISE::RISE_S008::2025-05-02,RISE,RISE::RISE_S008,0.3625356492646684,0.2004310974968818
normal_qq,FUSPCEU::FUSPCEU_S020::2025-01-24,FUSPCEU,FUSPCEU::FUSPCEU_S020,0.3667019275737459,0.2050088495571133
normal_qq,FUSPCEU::FUSPCEU_S020::2025-01-23,FUSPCEU,FUSPCEU::FUSPCEU_S020,0.3708745808174861,0.20988228464567238
normal_qq,THUAS::THUAS_S001::2025-02-28,THUAS,THUAS::THUAS_S001,0.3750537014094769,0.21111753363454133
normal_qq,IZTECH::IZTECH_S007::2025-02-28,IZTECH,IZTECH::IZTECH_S007,0.3792393826458659,0.21401151334433538
normal_qq,IZTECH::IZTECH_S009::2025-03-24,IZTECH,IZTECH::IZTECH_S009,0.38343171872303394,0.21470393812534613
normal_qq,IZTECH::IZTECH_S011::2025-04-19,IZTECH,IZTECH::IZTECH_S011,0.38763080475562073,0.21872274820317072
normal_qq,BAUA::BAUA_S004::2025-06-11,BAUA,BAUA::BAUA_S004,0.3918367367949111,0.22009098864437482
normal_qq,FUSPCEU::FUSPCEU_S017::2024-12-03,FUSPCEU,FUSPCEU::FUSPCEU_S017,0.39604961184759535,0.22009428183452742
normal_qq,BAUA::BAUA_S025::2025-10-17,BAUA,BAUA::BAUA_S025,0.4002695278949077,0.22096941845814108
normal_qq,FUSPCEU::FUSPCEU_S015::2024-11-30,FUSPCEU,FUSPCEU::FUSPCEU_S015,0.4044965839121593,0.2254903437892032
normal_qq,IZTECH::IZTECH_S007::2025-02-26,IZTECH,IZTECH::IZTECH_S007,0.4087308798886736,0.22742924698634254
normal_qq,BAUA::BAUA_S003::2025-06-11,BAUA,BAUA::BAUA_S003,0.41297251684813613,0.22840006827698608
normal_qq,FUSPCEU::FUSPCEU_S017::2024-12-07,FUSPCEU,FUSPCEU::FUSPCEU_S017,0.41722159686936944,0.23151531763778946
normal_qq,THUAS::THUAS_S005::2025-03-27,THUAS,THUAS::THUAS_S005,0.42147822310754646,0.2331045791909576
normal_qq,FUSPCEU::FUSPCEU_S010::2024-11-07,FUSPCEU,FUSPCEU::FUSPCEU_S010,0.425742499815854,0.24299391291140243
normal_qq,THUAS::THUAS_S011::2025-05-17,THUAS,THUAS::THUAS_S011,0.4300145323676187,0.2565409418774745
normal_qq,KNUST::KNUST_S015::2025-02-01,KNUST,KNUST::KNUST_S015,0.43429442727890766,0.26490632489804605
normal_qq,IZTECH::IZTECH_S010::2025-04-15,IZTECH,IZTECH::IZTECH_S010,0.4385822922316201,0.26509191476858845
normal_qq,RISE::RISE_S007::2025-04-16,RISE,RISE::RISE_S007,0.4428782360970814,0.26789503774066153
normal_qq,IZTECH::IZTECH_S008::2025-03-05,IZTECH,IZTECH::IZTECH_S008,0.4471823689601526,0.2696519813549401
normal_qq,TUM::TUM_S002::2024-05-28,TUM,TUM::TUM_S002,0.4514948021438774,0.27896535998256455
normal_qq,IZTECH::IZTECH_S016::2025-05-09,IZTECH,IZTECH::IZTECH_S016,0.45581564823467013,0.2821708148142217
normal_qq,IZTECH::IZTECH_S003::2025-01-09,IZTECH,IZTECH::IZTECH_S003,0.4601450211080734,0.28299991540236186
normal_qq,TUM::TUM_S006::2024-06-29,TUM,TUM::TUM_S006,0.46448303595509033,0.28673537824979284
normal_qq,THUAS::THUAS_S011::2025-05-13,THUAS,THUAS::THUAS_S011,0.4688298093091173,0.2880159000662277
normal_qq,RISE::RISE_S008::2025-04-30,RISE,RISE::RISE_S008,0.47318545907348747,0.2927343214963841
normal_qq,FUSPCEU::FUSPCEU_S010::2024-11-06,FUSPCEU,FUSPCEU::FUSPCEU_S010,0.47755010454965036,0.3058008179965557
normal_qq,TUM::TUM_S010::2024-07-26,TUM,TUM::TUM_S010,0.48192386646599755,0.3193917399634337
normal_qq,FUSPCEU::FUSPCEU_S024::2025-02-05,FUSPCEU,FUSPCEU::FUSPCEU_S024,0.4863068670073624,0.3256601943100072
normal_qq,RISE::RISE_S003::2025-03-20,RISE,RISE::RISE_S003,0.4906992298452061,0.33230417552037905
normal_qq,RISE::RISE_S003::2025-03-22,RISE,RISE::RISE_S003,0.495101080168517,0.33600737339968956
normal_qq,FUSPCEU::FUSPCEU_S017::2024-12-05,FUSPCEU,FUSPCEU::FUSPCEU_S017,0.4995125447154389,0.3431050303270907
normal_qq,RISE::RISE_S012::2025-06-11,RISE,RISE::RISE_S012,0.5039337518056557,0.3448801146066363
normal_qq,BAUA::BAUA_S022::2025-09-26,BAUA,BAUA::BAUA_S022,0.5083648313735509,0.3551963504520182
normal_qq,BAUA::BAUA_S018::2025-09-13,BAUA,BAUA::BAUA_S018,0.5128059150021671,0.3709913149448702
normal_qq,THUAS::THUAS_S003::2025-03-21,THUAS,THUAS::THUAS_S003,0.51725713595799,0.3724319864500588
normal_qq,FUSPCEU::FUSPCEU_S019::2024-12-14,FUSPCEU,FUSPCEU::FUSPCEU_S019,0.5217186292265834,0.3772891006733994
normal_qq,BAUA::BAUA_S001::2025-06-13,BAUA,BAUA::BAUA_S001,0.5261905315490969,0.3850165988386991
normal_qq,KNUST::KNUST_S003::2024-10-22,KNUST,KNUST::KNUST_S003,0.5306729814596802,0.3921462238774685
normal_qq,IZTECH::IZTECH_S002::2025-01-08,IZTECH,IZTECH::IZTECH_S002,0.5351661193238262,0.39441228754972074
normal_qq,RISE::RISE_S002::2025-03-20,RISE,RISE::RISE_S002,0.5396700873776735,0.39686532965117766
normal_qq,KNUST::KNUST_S006::2024-11-17,KNUST,KNUST::KNUST_S006,0.5441850297683017,0.3995750928760293
normal_qq,RISE::RISE_S013::2025-06-25,RISE,RISE::RISE_S013,0.5487110925950441,0.40204599205029684
normal_qq,TUM::TUM_S001::2024-05-15,TUM,TUM::TUM_S001,0.5532484239518585,0.40224355488735164
normal_qq,KNUST::KNUST_S005::2024-11-07,KNUST,KNUST::KNUST_S005,0.5577971739707804,0.40229080227099034
normal_qq,UCR::UCR_S001::2025-06-22,UCR,UCR::UCR_S001,0.5623574948665037,0.41320782565518804
normal_qq,IZTECH::IZTECH_S001::2024-12-26,IZTECH,IZTECH::IZTECH_S001,0.5669295409821139,0.42355957274480366
normal_qq,BAUA::BAUA_S004::2025-06-16,BAUA,BAUA::BAUA_S004,0.5715134688360213,0.4285448506304461
normal_qq,TUM::TUM_S007::2024-07-04,TUM,TUM::TUM_S007,0.5761094371701252,0.43465174526423156
normal_qq,THUAS::THUAS_S010::2025-06-05,THUAS,THUAS::THUAS_S010,0.5807176069992561,0.43563059816905575
normal_qq,UCR::UCR_S003::2025-06-19,UCR,UCR::UCR_S003,0.5853381416619291,0.4360068189591981
normal_qq,IZTECH::IZTECH_S007::2025-02-27,IZTECH,IZTECH::IZTECH_S007,0.5899712068724651,0.4572935912876203
normal_qq,RISE::RISE_S007::2025-04-17,RISE,RISE::RISE_S007,0.5946169707745097,0.45783332025680806
normal_qq,THUAS::THUAS_S018::2025-09-27,THUAS,THUAS::THUAS_S018,0.5992756039960074,0.46479459959856045
normal_qq,BAUA::BAUA_S002::2025-06-15,BAUA,BAUA::BAUA_S002,0.603947279705678,0.4652930869813801
normal_qq,IZTECH::IZTECH_S002::2025-01-10,IZTECH,IZTECH::IZTECH_S002,0.60863217367104006,0.4693283061061053
normal_qq,KNUST::KNUST_S003::2024-10-23,KNUST,KNUST::KNUST_S003,0.6133304643180415,0.4695151983982017
normal_qq,RISE::RISE_S005::2025-04-01,RISE,RISE::RISE_S005,0.6180423327923478,0.4752319075873944
normal_qq,BAUA::BAUA_S013::2025-07-19,BAUA,BAUA::BAUA_S013,0.622767963022347,0.47563127779457776
normal_qq,THUAS::THUAS_S011::2025-05-14,THUAS,THUAS::THUAS_S011,0.6275075417839261,0.4779572481085259
normal_qq,FUSPCEU::FUSPCEU_S014::2024-11-22,FUSPCEU,FUSPCEU::FUSPCEU_S014,0.6322612587670874,0.4813511497446953
normal_qq,KNUST::KNUST_S001::2024-10-11,KNUST,KNUST::KNUST_S001,0.6370293066444617,0.4832358042490369
normal_qq,THUAS::THUAS_S017::2025-09-12,THUAS,THUAS::THUAS_S017,0.6418118811417909,0.4868339224342222
normal_qq,THUAS::THUAS_S005::2025-03-28,THUAS,THUAS::THUAS_S005,0.6466091811104459,0.4909994966271348
normal_qq,RISE::RISE_S006::2025-04-15,RISE,RISE::RISE_S006,0.6514214086020538,0.5004420579366372
normal_qq,BAUA::BAUA_S014::2025-07-21,BAUA,BAUA::BAUA_S014,0.6562487689453077,0.507624040142339
normal_qq,IZTECH::IZTECH_S017::2025-05-28,IZTECH,IZTECH::IZTECH_S017,0.6610914708250396,0.5132136350715634
normal_qq,BAUA::BAUA_S013::2025-07-20,BAUA,BAUA::BAUA_S013,0.665949726363638,0.5134560481661696
normal_qq,KNUST::KNUST_S015::2025-01-31,KNUST,KNUST::KNUST_S015,0.6708237512048935,0.5218917293994821
normal_qq,FUSPCEU::FUSPCEU_S003::2024-10-13,FUSPCEU,FUSPCEU::FUSPCEU_S003,0.6757137646003633,0.5245557036486681
normal_qq,IZTECH::IZTECH_S014::2025-05-04,IZTECH,IZTECH::IZTECH_S014,0.6806199894983472,0.5335440127232413
normal_qq,THUAS::THUAS_S016::2025-07-10,THUAS,THUAS::THUAS_S016,0.6855426526355706,0.5524201302012587
normal_qq,IZTECH::IZTECH_S002::2025-01-09,IZTECH,IZTECH::IZTECH_S002,0.6904819846316747,0.554152883256601
normal_qq,KNUST::KNUST_S014::2025-01-21,KNUST,KNUST::KNUST_S014,0.6954382200866216,0.5611075905773011
normal_qq,TUM::TUM_S006::2024-06-25,TUM,TUM::TUM_S006,0.7004115976811249,0.572666168176377
normal_qq,IZTECH::IZTECH_S014::2025-05-01,IZTECH,IZTECH::IZTECH_S014,0.7054023602802135,0.5930902613021625
normal_qq,RISE::RISE_S006::2025-04-17,RISE,RISE::RISE_S006,0.7104107550400606,0.598278646234064
normal_qq,THUAS::THUAS_S002::2025-03-08,THUAS,THUAS::THUAS_S002,0.7154370335181902,0.6019402056656439
normal_qq,FUSPCEU::FUSPCEU_S022::2025-01-31,FUSPCEU,FUSPCEU::FUSPCEU_S022,0.7204814517872028,0.6105761708623757
normal_qq,FUSPCEU::FUSPCEU_S007::2024-10-26,FUSPCEU,FUSPCEU::FUSPCEU_S007,0.72554427055215,0.6111678044473123
normal_qq,TUM::TUM_S010::2024-07-24,TUM,TUM::TUM_S010,0.7306257552717059,0.6124730555417314
normal_qq,BAUA::BAUA_S015::2025-07-25,BAUA,BAUA::BAUA_S015,0.7357261762832811,0.6165300642479352
normal_qq,BAUA::BAUA_S012::2025-07-18,BAUA,BAUA::BAUA_S012,0.7408458089322411,0.6280318411003878
normal_qq,IZTECH::IZTECH_S006::2025-02-18,IZTECH,IZTECH::IZTECH_S006,0.7459849337053887,0.6417487079431059
normal_qq,TUM::TUM_S002::2024-06-02,TUM,TUM::TUM_S002,0.7511438363688826,0.6440019427831217
normal_qq,IZTECH::IZTECH_S005::2025-01-21,IZTECH,IZTECH::IZTECH_S005,0.7563228081107772,0.6448163014294559
normal_qq,BAUA::BAUA_S004::2025-06-14,BAUA,BAUA::BAUA_S004,0.7615221456883655,0.6461561642495243
normal_qq,RISE::RISE_S008::2025-05-04,RISE,RISE::RISE_S008,0.7667421515805256,0.6504528629487404
normal_qq,IZTECH::IZTECH_S004::2025-01-23,IZTECH,IZTECH::IZTECH_S004,0.7719831341452832,0.6547255432742681
normal_qq,FUSPCEU::FUSPCEU_S012::2024-12-04,FUSPCEU,FUSPCEU::FUSPCEU_S012,0.7772454077827954,0.6594423735152565
normal_qq,FUSPCEU::FUSPCEU_S015::2024-11-28,FUSPCEU,FUSPCEU::FUSPCEU_S015,0.782529293103997,0.6613496704183428
normal_qq,KNUST::KNUST_S013::2025-01-14,KNUST,KNUST::KNUST_S013,0.7878351171051403,0.6829662909011243
normal_qq,KNUST::KNUST_S014::2025-01-22,KNUST,KNUST::KNUST_S014,0.7931632133484806,0.6855781283239116
normal_qq,IZTECH::IZTECH_S006::2025-02-19,IZTECH,IZTECH::IZTECH_S006,0.798513922149377,0.6881817142306585
normal_qq,IZTECH::IZTECH_S010::2025-04-19,IZTECH,IZTECH::IZTECH_S010,0.8038875907700759,0.7000146353974068
normal_qq,IZTECH::IZTECH_S008::2025-03-04,IZTECH,IZTECH::IZTECH_S008,0.8092845736204781,0.7004366195111927
normal_qq,TUM::TUM_S010::2024-07-25,TUM,TUM::TUM_S010,0.8147052324661924,0.701705923698414
normal_qq,THUAS::THUAS_S018::2025-09-24,THUAS,THUAS::THUAS_S018,0.8201499366441926,0.7017231873111118
normal_qq,THUAS::THUAS_S014::2025-07-12,THUAS,THUAS::THUAS_S014,0.8256190632864258,0.7172281937477103
normal_qq,BAUA::BAUA_S022::2025-09-29,BAUA,BAUA::BAUA_S022,0.8311129975517231,0.7255979076440218
normal_qq,FUSPCEU::FUSPCEU_S024::2025-02-06,FUSPCEU,FUSPCEU::FUSPCEU_S024,0.8366321328663867,0.7261444436873312
normal_qq,THUAS::THUAS_S010::2025-06-09,THUAS,THUAS::THUAS_S010,0.8421768711738592,0.7415635385165643
normal_qq,THUAS::THUAS_S002::2025-03-04,THUAS,THUAS::THUAS_S002,0.8477476231938753,0.7440026565815515
normal_qq,FUSPCEU::FUSPCEU_S006::2024-10-18,FUSPCEU,FUSPCEU::FUSPCEU_S006,0.8533448086915522,0.7551158975778689
normal_qq,FUSPCEU::FUSPCEU_S005::2024-10-18,FUSPCEU,FUSPCEU::FUSPCEU_S005,0.8589688567568707,0.7578723218536202
normal_qq,FUSPCEU::FUSPCEU_S019::2024-12-10,FUSPCEU,FUSPCEU::FUSPCEU_S019,0.8646202060950421,0.7650056040126532
normal_qq,RISE::RISE_S012::2025-06-13,RISE,RISE::RISE_S012,0.8702993053282727,0.7710167407572442
normal_qq,RISE::RISE_S013::2025-06-26,RISE,RISE::RISE_S013,0.8760066133094754,0.7710742636474897
normal_qq,IZTECH::IZTECH_S004::2025-01-22,IZTECH,IZTECH::IZTECH_S004,0.8817425994485024,0.7730103282433284
normal_qq,BAUA::BAUA_S001::2025-06-11,BAUA,BAUA::BAUA_S001,0.8875077440515026,0.7799765061383777
normal_qq,FUSPCEU::FUSPCEU_S013::2024-11-19,FUSPCEU,FUSPCEU::FUSPCEU_S013,0.8933025386740558,0.795120326496926
normal_qq,TUM::TUM_S009::2024-07-17,TUM,TUM::TUM_S009,0.8991274864887585,0.797808849780548
normal_qq,RISE::RISE_S002::2025-03-21,RISE,RISE::RISE_S002,0.904983102667982,0.8101389217158148
normal_qq,FUSPCEU::FUSPCEU_S022::2025-02-01,FUSPCEU,FUSPCEU::FUSPCEU_S022,0.9108699147825657,0.8102476507151936
normal_qq,IZTECH::IZTECH_S017::2025-05-29,IZTECH,IZTECH::IZTECH_S017,0.9167884632172579,0.8141911205649444
normal_qq,FUSPCEU::FUSPCEU_S023::2025-01-28,FUSPCEU,FUSPCEU::FUSPCEU_S023,0.9227393016037513,0.8182292291784923
normal_qq,IZTECH::IZTECH_S013::2025-04-25,IZTECH,IZTECH::IZTECH_S013,0.9287229972722292,0.8223571992312316
normal_qq,FUSPCEU::FUSPCEU_S022::2025-01-28,FUSPCEU,FUSPCEU::FUSPCEU_S022,0.934740131722382,0.8436180954909046
normal_qq,UCR::UCR_S001::2025-06-18,UCR,UCR::UCR_S001,0.9407913011149156,0.8494028266787556
normal_qq,THUAS::THUAS_S015::2025-07-08,THUAS,THUAS::THUAS_S015,0.9468771167846411,0.8634364005332394
normal_qq,TUM::TUM_S002::2024-05-30,TUM,TUM::TUM_S002,0.9529982057762939,0.8674874615416728
normal_qq,TUM::TUM_S006::2024-06-27,TUM,TUM::TUM_S006,0.9591552114043165,0.8745000262345359
normal_qq,IZTECH::IZTECH_S005::2025-01-23,IZTECH,IZTECH::IZTECH_S005,0.9653487938378988,0.8847300035757167
normal_qq,BAUA::BAUA_S003::2025-06-13,BAUA,BAUA::BAUA_S003,0.971579630712677,0.8943348019596568
normal_qq,THUAS::THUAS_S014::2025-07-11,THUAS,THUAS::THUAS_S014,0.9778484177705586,0.915289717950264
normal_qq,FUSPCEU::FUSPCEU_S012::2024-12-03,FUSPCEU,FUSPCEU::FUSPCEU_S012,0.9841558695292575,0.9240332795806179
normal_qq,UCR::UCR_S006::2025-06-29,UCR,UCR::UCR_S006,0.9905027199832136,0.9297084226682983
normal_qq,FUSPCEU::FUSPCEU_S005::2024-10-19,FUSPCEU,FUSPCEU::FUSPCEU_S005,0.9968897233376965,0.9356995099983073
normal_qq,BAUA::BAUA_S022::2025-09-27,BAUA,BAUA::BAUA_S022,1.0033176547779925,0.9645943051159517
normal_qq,BAUA::BAUA_S009::2025-06-30,BAUA,BAUA::BAUA_S009,1.0097873112757365,0.9677873294674451
normal_qq,BAUA::BAUA_S024::2025-10-19,BAUA,BAUA::BAUA_S024,1.0162995124345602,0.9735498374162559
normal_qq,FUSPCEU::FUSPCEU_S025::2025-02-09,FUSPCEU,FUSPCEU::FUSPCEU_S025,1.022855101377395,0.9967515156965624
normal_qq,KNUST::KNUST_S012::2025-01-08,KNUST,KNUST::KNUST_S012,1.029454945677937,1.0029042930039673
normal_qq,BAUA::BAUA_S002::2025-06-13,BAUA,BAUA::BAUA_S002,1.0360999383389407,1.023366056805779
normal_qq,TUM::TUM_S005::2024-06-18,TUM,TUM::TUM_S005,1.0427909988202222,1.023439880621036
normal_qq,RISE::RISE_S013::2025-06-29,RISE,RISE::RISE_S013,1.0495290741194412,1.0301202542405745
normal_qq,RISE::RISE_S007::2025-04-15,RISE,RISE::RISE_S007,1.0563151399089707,1.0346783479987371
normal_qq,RISE::RISE_S010::2025-06-14,RISE,RISE::RISE_S010,1.0631502017323962,1.0381858339915575
normal_qq,BAUA::BAUA_S025::2025-10-19,BAUA,BAUA::BAUA_S025,1.0700352962644664,1.0557726210984448
normal_qq,FUSPCEU::FUSPCEU_S013::2024-11-22,FUSPCEU,FUSPCEU::FUSPCEU_S013,1.0769714926385898,1.0734293634476972
normal_qq,RISE::RISE_S003::2025-03-21,RISE,RISE::RISE_S003,1.083959893846294,1.0878149266692252
normal_qq,KNUST::KNUST_S012::2025-01-10,KNUST,KNUST::KNUST_S012,1.091001638213408,1.0980127489250167
normal_qq,FUSPCEU::FUSPCEU_S015::2024-11-27,FUSPCEU,FUSPCEU::FUSPCEU_S015,1.0980979009580938,1.0984573364979358
normal_qq,THUAS::THUAS_S001::2025-02-23,THUAS,THUAS::THUAS_S001,1.1052498958362673,1.159134615682734
normal_qq,TUM::TUM_S006::2024-06-28,TUM,TUM::TUM_S006,1.1124588768803763,1.1604370109015225
normal_qq,BAUA::BAUA_S001::2025-06-16,BAUA,BAUA::BAUA_S001,1.1197261402380188,1.1641797541813352
normal_qq,KNUST::KNUST_S013::2025-01-17,KNUST,KNUST::KNUST_S013,1.1270530261173695,1.1665845223540496
normal_qq,THUAS::THUAS_S003::2025-03-19,THUAS,THUAS::THUAS_S003,1.13444092084701,1.1680592248982298
normal_qq,BAUA::BAUA_S006::2025-06-12,BAUA,BAUA::BAUA_S006,1.1418912590583563,1.1937025678575597
normal_qq,KNUST::KNUST_S015::2025-01-29,KNUST,KNUST::KNUST_S015,1.1494055259996006,1.201251469827781
normal_qq,FUSPCEU::FUSPCEU_S006::2024-10-19,FUSPCEU,FUSPCEU::FUSPCEU_S006,1.1569852599908346,1.2219244827084448
normal_qq,FUSPCEU::FUSPCEU_S009::2024-11-10,FUSPCEU,FUSPCEU::FUSPCEU_S009,1.1646320550308786,1.2421527229000486
normal_qq,IZTECH::IZTECH_S004::2025-01-26,IZTECH,IZTECH::IZTECH_S004,1.1723475635672558,1.2438595991561014
normal_qq,FUSPCEU::FUSPCEU_S016::2024-11-27,FUSPCEU,FUSPCEU::FUSPCEU_S016,1.1801334994417867,1.2564092799442126
normal_qq,KNUST::KNUST_S010::2024-12-12,KNUST,KNUST::KNUST_S010,1.1879916410253992,1.26011756626593
normal_qq,TUM::TUM_S008::2024-07-13,TUM,TUM::TUM_S008,1.1959238345570116,1.2742946803076465
normal_qq,BAUA::BAUA_S012::2025-07-20,BAUA,BAUA::BAUA_S012,1.2039319977027079,1.281308648338346
normal_qq,RISE::RISE_S007::2025-04-18,RISE,RISE::RISE_S007,1.2120181233529816,1.3075708690024037
normal_qq,KNUST::KNUST_S003::2024-10-25,KNUST,KNUST::KNUST_S003,1.2201842836775019,1.312756032333409
normal_qq,THUAS::THUAS_S018::2025-09-26,THUAS,THUAS::THUAS_S018,1.2284326344587533,1.3144905722944824
normal_qq,RISE::RISE_S012::2025-06-14,RISE,RISE::RISE_S012,1.23676541972801,1.3368061078246205
normal_qq,BAUA::BAUA_S014::2025-07-18,BAUA,BAUA::BAUA_S014,1.2451849767294239,1.3664267136831252
normal_qq,FUSPCEU::FUSPCEU_S014::2024-11-23,FUSPCEU,FUSPCEU::FUSPCEU_S014,1.2536937412406468,1.3935796706576722
normal_qq,BAUA::BAUA_S013::2025-07-18,BAUA,BAUA::BAUA_S013,1.2622942532813115,1.4113690697130814
normal_qq,KNUST::KNUST_S007::2024-11-22,KNUST,KNUST::KNUST_S007,1.270989163243961,1.414225809429545
normal_qq,KNUST::KNUST_S009::2024-12-05,KNUST,KNUST::KNUST_S009,1.2797812384857077,1.4204490354170956
normal_qq,RISE::RISE_S001::2025-03-07,RISE,RISE::RISE_S001,1.2886733704229933,1.4273890896301002
normal_qq,KNUST::KNUST_S007::2024-11-21,KNUST,KNUST::KNUST_S007,1.297668582176481,1.4307915765699035
normal_qq,BAUA::BAUA_S009::2025-06-25,BAUA,BAUA::BAUA_S009,1.306770036818322,1.4354063555599783
normal_qq,BAUA::BAUA_S006::2025-06-13,BAUA,BAUA::BAUA_S006,1.3159810462799435,1.4582418389947314
normal_qq,KNUST::KNUST_S006::2024-11-12,KNUST,KNUST::KNUST_S006,1.325305080985199,1.4933433107058198
normal_qq,RISE::RISE_S005::2025-04-03,RISE,RISE::RISE_S005,1.3347457802812588,1.5020319941857638
normal_qq,KNUST::KNUST_S011::2024-12-18,KNUST,KNUST::KNUST_S011,1.3443069637482616,1.5397032299048958
normal_qq,RISE::RISE_S001::2025-03-09,RISE,RISE::RISE_S001,1.3539926434785146,1.5508430161469766
normal_qq,UCR::UCR_S001::2025-06-19,UCR,UCR::UCR_S001,1.3638070374272113,1.606711005741935
normal_qq,RISE::RISE_S008::2025-05-01,RISE,RISE::RISE_S008,1.3737545839494127,1.6449910743009282
normal_qq,TUM::TUM_S001::2024-05-19,TUM,TUM::TUM_S001,1.383839957652698,1.6655031365732311
normal_qq,IZTECH::IZTECH_S015::2025-05-04,IZTECH,IZTECH::IZTECH_S015,1.394068086711684,1.6770176519896223
normal_qq,THUAS::THUAS_S002::2025-03-07,THUAS,THUAS::THUAS_S002,1.4044441718100327,1.7202249093617106
normal_qq,FUSPCEU::FUSPCEU_S004::2024-10-11,FUSPCEU,FUSPCEU::FUSPCEU_S004,1.4149737068979271,1.730233137365896
normal_qq,UCR::UCR_S006::2025-06-25,UCR,UCR::UCR_S006,1.4256625019789144,1.7357581777411235
normal_qq,FUSPCEU::FUSPCEU_S023::2025-01-30,FUSPCEU,FUSPCEU::FUSPCEU_S023,1.4365167081701096,1.758919701578665
normal_qq,FUSPCEU::FUSPCEU_S008::2024-10-22,FUSPCEU,FUSPCEU::FUSPCEU_S008,1.447542845314803,1.7876430954695126
normal_qq,BAUA::BAUA_S005::2025-06-12,BAUA,BAUA::BAUA_S005,1.4587478324674303,1.7889879691037913
normal_qq,TUM::TUM_S009::2024-07-16,TUM,TUM::TUM_S009,1.4701390216188235,1.7974446333542096
normal_qq,THUAS::THUAS_S015::2025-07-10,THUAS,THUAS::THUAS_S015,1.4817242350860396,1.8119331863812138
normal_qq,UCR::UCR_S004::2025-06-26,UCR,UCR::UCR_S004,1.4935118070575395,1.8231737879977152
normal_qq,RISE::RISE_S004::2025-03-29,RISE,RISE::RISE_S004,1.5055106298631862,1.8289127073837381
normal_qq,RISE::RISE_S006::2025-04-18,RISE,RISE::RISE_S006,1.5177302056320354,1.8364945275852431
normal_qq,THUAS::THUAS_S015::2025-07-12,THUAS,THUAS::THUAS_S015,1.5301807041123776,1.837768306280821
normal_qq,RISE::RISE_S010::2025-06-12,RISE,RISE::RISE_S010,1.542873027562015,1.8403273632018842
normal_qq,THUAS::THUAS_S001::2025-02-26,THUAS,THUAS::THUAS_S001,1.5558188837773224,1.944005677345681
normal_qq,IZTECH::IZTECH_S014::2025-04-30,IZTECH,IZTECH::IZTECH_S014,1.569030868523545,1.971144553422454
normal_qq,TUM::TUM_S008::2024-07-14,TUM,TUM::TUM_S008,1.5825225588641392,1.9731986269497992
normal_qq,THUAS::THUAS_S006::2025-04-05,THUAS,THUAS::THUAS_S006,1.596308619173891,1.9753564269977273
normal_qq,IZTECH::IZTECH_S009::2025-03-26,IZTECH,IZTECH::IZTECH_S009,1.6104049219723184,1.978065861228121
normal_qq,IZTECH::IZTECH_S006::2025-02-20,IZTECH,IZTECH::IZTECH_S006,1.6248286861472514,1.9997838062060846
normal_qq,IZTECH::IZTECH_S017::2025-05-30,IZTECH,IZTECH::IZTECH_S017,1.639598635675753,2.013125252910208
normal_qq,BAUA::BAUA_S014::2025-07-20,BAUA,BAUA::BAUA_S014,1.6547351826193548,2.0138246722477087
normal_qq,IZTECH::IZTECH_S008::2025-03-06,IZTECH,IZTECH::IZTECH_S008,1.6702606390111554,2.018925385765271
normal_qq,FUSPCEU::FUSPCEU_S011::2024-11-16,FUSPCEU,FUSPCEU::FUSPCEU_S011,1.6861994633142858,2.0241032108228887
normal_qq,KNUST::KNUST_S004::2024-10-30,KNUST,KNUST::KNUST_S004,1.7025785484825577,2.077833193795391
normal_qq,FUSPCEU::FUSPCEU_S011::2024-11-12,FUSPCEU,FUSPCEU::FUSPCEU_S011,1.7194275603867728,2.099504001371787
normal_qq,IZTECH::IZTECH_S013::2025-04-22,IZTECH,IZTECH::IZTECH_S013,1.7367793376100142,2.114372320199083
normal_qq,IZTECH::IZTECH_S012::2025-04-23,IZTECH,IZTECH::IZTECH_S012,1.7546703665359265,2.1269509050390547
normal_qq,FUSPCEU::FUSPCEU_S024::2025-02-04,FUSPCEU,FUSPCEU::FUSPCEU_S024,1.773141349498047,2.131832924979472
normal_qq,KNUST::KNUST_S012::2025-01-12,KNUST,KNUST::KNUST_S012,1.7922378888684212,2.1379656718016067
normal_qq,IZTECH::IZTECH_S005::2025-01-24,IZTECH,IZTECH::IZTECH_S005,1.812011316830329,2.16448249413097
normal_qq,TUM::TUM_S001::2024-05-16,TUM,TUM::TUM_S001,1.832519709914082,2.167594929528663
normal_qq,FUSPCEU::FUSPCEU_S012::2024-12-05,FUSPCEU,FUSPCEU::FUSPCEU_S012,1.8538291402236537,2.1729116090258596
normal_qq,BAUA::BAUA_S022::2025-09-28,BAUA,BAUA::BAUA_S022,1.8760152332109081,2.2223600067407494
normal_qq,KNUST::KNUST_S008::2024-11-30,KNUST,KNUST::KNUST_S008,1.899165127246506,2.239471683561222
normal_qq,RISE::RISE_S009::2025-05-29,RISE,RISE::RISE_S009,1.923379966787608,2.2783967059667156
normal_qq,TUM::TUM_S009::2024-07-21,TUM,TUM::TUM_S009,1.9487781145040997,2.3720999282671857
normal_qq,FUSPCEU::FUSPCEU_S025::2025-02-04,FUSPCEU,FUSPCEU::FUSPCEU_S025,1.9754993477769502,2.3794487545358325
normal_qq,IZTECH::IZTECH_S009::2025-03-20,IZTECH,IZTECH::IZTECH_S009,2.0037104272758226,2.4464493384290495
normal_qq,UCR::UCR_S002::2025-06-17,UCR,UCR::UCR_S002,2.033612616777197,2.527465177228387
normal_qq,THUAS::THUAS_S007::2025-04-09,THUAS,THUAS::THUAS_S007,2.0654520414806528,2.549748044190086
normal_qq,IZTECH::IZTECH_S012::2025-04-25,IZTECH,IZTECH::IZTECH_S012,2.0995342836120856,2.6474213654736825
normal_qq,BAUA::BAUA_S015::2025-07-23,BAUA,BAUA::BAUA_S015,2.136245494298372,2.670608562060147
normal_qq,FUSPCEU::FUSPCEU_S009::2024-11-08,FUSPCEU,FUSPCEU::FUSPCEU_S009,2.176083879173618,2.6792740583530157
normal_qq,BAUA::BAUA_S009::2025-06-29,BAUA,BAUA::BAUA_S009,2.2197083862906286,2.8851751696993975
normal_qq,KNUST::KNUST_S011::2024-12-17,KNUST,KNUST::KNUST_S011,2.2680173486327706,2.930765080575254
normal_qq,KNUST::KNUST_S002::2024-10-18,KNUST,KNUST::KNUST_S002,2.3222824967228943,2.988544625302831
normal_qq,THUAS::THUAS_S017::2025-09-13,THUAS,THUAS::THUAS_S017,2.384393271510728,3.0050252775330644
normal_qq,RISE::RISE_S004::2025-03-26,RISE,RISE::RISE_S004,2.457343205794402,3.074256069363668
normal_qq,THUAS::THUAS_S003::2025-03-23,THUAS,THUAS::THUAS_S003,2.5463220634393076,3.091949622001264
normal_qq,TUM::TUM_S004::2024-06-12,TUM,TUM::TUM_S004,2.6616421571120727,3.297704710971805
normal_qq,FUSPCEU::FUSPCEU_S004::2024-10-13,FUSPCEU,FUSPCEU::FUSPCEU_S004,2.8292564335980694,3.9914390850120145
normal_qq,BAUA::BAUA_S012::2025-07-17,BAUA,BAUA::BAUA_S012,3.1641792205260657,4.41154324379562
