panel,model_row_id,site,participant_key,x,y
residual_fitted,BAUA::BAUA_S001::2025-06-11,BAUA,BAUA::BAUA_S001,7.642088631401497,-0.24635057861367368
residual_fitted,BAUA::BAUA_S001::2025-06-12,BAUA,BAUA::BAUA_S001,7.640956428344512,-0.26303631815458295
residual_fitted,BAUA::BAUA_S001::2025-06-13,BAUA,BAUA::BAUA_S001,7.639943881228661,-0.7806841243157355
residual_fitted,BAUA::BAUA_S001::2025-06-14,BAUA,BAUA::BAUA_S001,7.639052518250403,-0.6161342924835467
residual_fitted,BAUA::BAUA_S001::2025-06-16,BAUA,BAUA::BAUA_S001,7.637638582706386,-0.1317739817984404
residual_fitted,BAUA::BAUA_S002::2025-06-11,BAUA,BAUA::BAUA_S002,8.09185192998834,-0.8507624867021037
residual_fitted,BAUA::BAUA_S002::2025-06-12,BAUA,BAUA::BAUA_S002,8.090719726931356,-0.8933568502535886
residual_fitted,BAUA::BAUA_S002::2025-06-13,BAUA,BAUA::BAUA_S002,8.089707179815505,-0.06375620786483067
residual_fitted,BAUA::BAUA_S002::2025-06-14,BAUA,BAUA::BAUA_S002,8.088815816837247,1.3098627444608677
residual_fitted,BAUA::BAUA_S002::2025-06-15,BAUA,BAUA::BAUA_S002,8.088046992839196,-0.3737994327886043
residual_fitted,BAUA::BAUA_S002::2025-06-16,BAUA,BAUA::BAUA_S002,8.08740188129323,-0.3389203217247175
residual_fitted,BAUA::BAUA_S003::2025-06-11,BAUA,BAUA::BAUA_S003,10.91047564898055,-0.9985921134194602
residual_fitted,BAUA::BAUA_S003::2025-06-12,BAUA,BAUA::BAUA_S003,10.909343445923565,-0.22938292463958795
residual_fitted,BAUA::BAUA_S003::2025-06-13,BAUA,BAUA::BAUA_S003,10.908330898807714,-0.2806754986103869
residual_fitted,BAUA::BAUA_S003::2025-06-14,BAUA,BAUA::BAUA_S003,10.907439535829456,-0.1161256667781979
residual_fitted,BAUA::BAUA_S003::2025-06-15,BAUA,BAUA::BAUA_S003,10.906670711831405,3.200576590013343
residual_fitted,BAUA::BAUA_S003::2025-06-16,BAUA,BAUA::BAUA_S003,10.906025600285439,2.3977435247352985
residual_fitted,BAUA::BAUA_S004::2025-06-11,BAUA,BAUA::BAUA_S004,7.941758035354701,-0.4189034329106585
residual_fitted,BAUA::BAUA_S004::2025-06-12,BAUA,BAUA::BAUA_S004,7.940625832297716,-0.5133150444832936
residual_fitted,BAUA::BAUA_S004::2025-06-13,BAUA,BAUA::BAUA_S004,7.939613285181865,-0.5214265784364672
residual_fitted,BAUA::BAUA_S004::2025-06-14,BAUA,BAUA::BAUA_S004,7.938721922203607,0.005843989543774552
residual_fitted,BAUA::BAUA_S004::2025-06-15,BAUA,BAUA::BAUA_S004,7.937953098205556,0.6107769332284456
residual_fitted,BAUA::BAUA_S004::2025-06-16,BAUA,BAUA::BAUA_S004,7.93730798665959,-0.649775156236428
residual_fitted,BAUA::BAUA_S005::2025-06-12,BAUA,BAUA::BAUA_S005,9.416964363168812,-0.6478698583992483
residual_fitted,BAUA::BAUA_S005::2025-06-13,BAUA,BAUA::BAUA_S005,9.415951816052962,-0.5178020642960209
residual_fitted,BAUA::BAUA_S005::2025-06-14,BAUA,BAUA::BAUA_S005,9.415060453074704,0.4153702798498994
residual_fitted,BAUA::BAUA_S005::2025-06-15,BAUA,BAUA::BAUA_S005,9.414291629076653,1.978922311925852
residual_fitted,BAUA::BAUA_S006::2025-06-11,BAUA,BAUA::BAUA_S006,9.060143969246626,-0.23843394179889127
residual_fitted,BAUA::BAUA_S006::2025-06-12,BAUA,BAUA::BAUA_S006,9.059011766189641,-0.9201076976112306
residual_fitted,BAUA::BAUA_S006::2025-06-13,BAUA,BAUA::BAUA_S006,9.05799921907379,-0.4532277913705255
residual_fitted,BAUA::BAUA_S006::2025-06-16,BAUA,BAUA::BAUA_S006,9.055693920551516,2.182010191957535
residual_fitted,BAUA::BAUA_S009::2025-06-25,BAUA,BAUA::BAUA_S009,8.864048571910766,-0.09364166338568276
residual_fitted,BAUA::BAUA_S009::2025-06-26,BAUA,BAUA::BAUA_S009,8.864661641767219,1.2446529012326417
residual_fitted,BAUA::BAUA_S009::2025-06-27,BAUA,BAUA::BAUA_S009,8.865398170414029,-0.4743341403445109
residual_fitted,BAUA::BAUA_S009::2025-06-28,BAUA,BAUA::BAUA_S009,8.86625694146771,1.0020124367314553
residual_fitted,BAUA::BAUA_S009::2025-06-29,BAUA,BAUA::BAUA_S009,8.867236558734534,-0.9157333507599178
residual_fitted,BAUA::BAUA_S009::2025-06-30,BAUA,BAUA::BAUA_S009,8.868335454370367,-0.5449458240854531
residual_fitted,BAUA::BAUA_S012::2025-07-16,BAUA,BAUA::BAUA_S012,7.519067246247512,-0.5971422665185823
residual_fitted,BAUA::BAUA_S012::2025-07-17,BAUA,BAUA::BAUA_S012,7.521838060620245,-0.7108487303201323
residual_fitted,BAUA::BAUA_S012::2025-07-18,BAUA,BAUA::BAUA_S012,7.524682591799807,-1.0145899682198627
residual_fitted,BAUA::BAUA_S013::2025-07-16,BAUA,BAUA::BAUA_S013,9.305344123052526,0.10086531854561699
residual_fitted,BAUA::BAUA_S013::2025-07-17,BAUA,BAUA::BAUA_S013,9.308114937425259,0.660783079019022
residual_fitted,BAUA::BAUA_S013::2025-07-18,BAUA,BAUA::BAUA_S013,9.310959468604821,-0.24749271912746265
residual_fitted,BAUA::BAUA_S013::2025-07-19,BAUA,BAUA::BAUA_S013,9.313874888769021,0.2259880305690735
residual_fitted,BAUA::BAUA_S013::2025-07-20,BAUA,BAUA::BAUA_S013,9.316858397366593,0.26762309853696314
residual_fitted,BAUA::BAUA_S013::2025-07-21,BAUA,BAUA::BAUA_S013,9.319907227109026,-0.04486020925931896
residual_fitted,BAUA::BAUA_S014::2025-07-16,BAUA,BAUA::BAUA_S014,7.837565455763085,-0.11446367342180991
residual_fitted,BAUA::BAUA_S014::2025-07-17,BAUA,BAUA::BAUA_S014,7.8403362701358175,-0.17635288920220976
residual_fitted,BAUA::BAUA_S014::2025-07-18,BAUA,BAUA::BAUA_S014,7.84318080131538,-0.8255424472429425
residual_fitted,BAUA::BAUA_S014::2025-07-19,BAUA,BAUA::BAUA_S014,7.84609622147958,-0.5506944816274826
residual_fitted,BAUA::BAUA_S014::2025-07-20,BAUA,BAUA::BAUA_S014,7.849079730077151,0.38047001070348896
residual_fitted,BAUA::BAUA_S014::2025-07-21,BAUA,BAUA::BAUA_S014,7.852128559819584,-0.4501857773042966
residual_fitted,BAUA::BAUA_S015::2025-07-23,BAUA,BAUA::BAUA_S015,8.361236404652022,0.12372072438567666
residual_fitted,BAUA::BAUA_S015::2025-07-24,BAUA,BAUA::BAUA_S015,8.36446500548079,0.11341154428309642
residual_fitted,BAUA::BAUA_S015::2025-07-25,BAUA,BAUA::BAUA_S015,8.367748292002634,0.249889563619228
residual_fitted,BAUA::BAUA_S015::2025-07-26,BAUA,BAUA::BAUA_S015,8.371083734275068,-0.11455950692373366
residual_fitted,BAUA::BAUA_S015::2025-07-27,BAUA,BAUA::BAUA_S015,8.374468860379785,-0.5135791542753969
residual_fitted,BAUA::BAUA_S015::2025-07-28,BAUA,BAUA::BAUA_S015,8.377901258824949,-0.6708094727542527
residual_fitted,BAUA::BAUA_S016::2025-07-23,BAUA,BAUA::BAUA_S016,8.924961148450464,-1.4638171247937168
residual_fitted,BAUA::BAUA_S016::2025-07-24,BAUA,BAUA::BAUA_S016,8.928189749279232,-0.02324336030408631
residual_fitted,BAUA::BAUA_S016::2025-07-25,BAUA,BAUA::BAUA_S016,8.931473035801076,0.21686915507434662
residual_fitted,BAUA::BAUA_S016::2025-07-26,BAUA,BAUA::BAUA_S016,8.93480847807351,0.05105286861246123
residual_fitted,BAUA::BAUA_S016::2025-07-27,BAUA,BAUA::BAUA_S016,8.938193604178228,1.0942799578494844
residual_fitted,BAUA::BAUA_S016::2025-07-28,BAUA,BAUA::BAUA_S016,8.94162600262339,0.3497874951309244
residual_fitted,BAUA::BAUA_S018::2025-09-09,BAUA,BAUA::BAUA_S018,9.549615715890473,-0.11207157859568706
residual_fitted,BAUA::BAUA_S018::2025-09-10,BAUA,BAUA::BAUA_S018,9.553651985268644,-0.8396045346062811
residual_fitted,BAUA::BAUA_S018::2025-09-11,BAUA,BAUA::BAUA_S018,9.55768444328436,1.0669079254014058
residual_fitted,BAUA::BAUA_S018::2025-09-12,BAUA,BAUA::BAUA_S018,9.561712753573666,0.3911963415927796
residual_fitted,BAUA::BAUA_S018::2025-09-13,BAUA,BAUA::BAUA_S018,9.565736591815808,0.5272906274072803
residual_fitted,BAUA::BAUA_S022::2025-09-24,BAUA,BAUA::BAUA_S022,9.079597664408636,-0.8357764555099728
residual_fitted,BAUA::BAUA_S022::2025-09-26,BAUA,BAUA::BAUA_S022,9.087484750846917,-0.5894132945491123
residual_fitted,BAUA::BAUA_S022::2025-09-27,BAUA,BAUA::BAUA_S022,9.091415808787229,0.7557981879580118
residual_fitted,BAUA::BAUA_S022::2025-09-28,BAUA,BAUA::BAUA_S022,9.095338165041914,0.5810415708187466
residual_fitted,BAUA::BAUA_S022::2025-09-29,BAUA,BAUA::BAUA_S022,9.099251528362375,0.14720337346476123
residual_fitted,BAUA::BAUA_S024::2025-10-14,BAUA,BAUA::BAUA_S024,9.2782770266286,-0.12692308106697553
residual_fitted,BAUA::BAUA_S024::2025-10-18,BAUA,BAUA::BAUA_S024,9.293061054158889,0.40949734694221956
residual_fitted,BAUA::BAUA_S025::2025-10-14,BAUA,BAUA::BAUA_S025,9.697359490370992,0.2518182715257115
residual_fitted,BAUA::BAUA_S025::2025-10-17,BAUA,BAUA::BAUA_S025,9.708472637733006,0.07333558432367909
residual_fitted,BAUA::BAUA_S025::2025-10-18,BAUA,BAUA::BAUA_S025,9.71214351790128,0.054161019235275325
residual_fitted,BAUA::BAUA_S025::2025-10-19,BAUA,BAUA::BAUA_S025,9.715796599357189,0.6740750692106579
residual_fitted,FUSPCEU::FUSPCEU_S003::2024-10-08,FUSPCEU,FUSPCEU::FUSPCEU_S003,10.509953432615912,-0.4283317870379343
residual_fitted,FUSPCEU::FUSPCEU_S003::2024-10-10,FUSPCEU,FUSPCEU::FUSPCEU_S003,10.515079020018574,-0.9923412456040417
residual_fitted,FUSPCEU::FUSPCEU_S003::2024-10-11,FUSPCEU,FUSPCEU::FUSPCEU_S003,10.517627306570525,0.39676779100057996
residual_fitted,FUSPCEU::FUSPCEU_S003::2024-10-12,FUSPCEU,FUSPCEU::FUSPCEU_S003,10.520165380517009,1.0777130632072502
residual_fitted,FUSPCEU::FUSPCEU_S003::2024-10-13,FUSPCEU,FUSPCEU::FUSPCEU_S003,10.52269282115987,1.0677672050172267
residual_fitted,FUSPCEU::FUSPCEU_S004::2024-10-08,FUSPCEU,FUSPCEU::FUSPCEU_S004,9.97871712563502,1.669180136472543
residual_fitted,FUSPCEU::FUSPCEU_S004::2024-10-09,FUSPCEU,FUSPCEU::FUSPCEU_S004,9.981284622606681,-0.776197134798792
residual_fitted,FUSPCEU::FUSPCEU_S004::2024-10-11,FUSPCEU,FUSPCEU::FUSPCEU_S004,9.9863909995896325,-0.9083862388778188
residual_fitted,FUSPCEU::FUSPCEU_S004::2024-10-13,FUSPCEU,FUSPCEU::FUSPCEU_S004,9.991456514178978,0.15987874330098156
residual_fitted,FUSPCEU::FUSPCEU_S005::2024-10-15,FUSPCEU,FUSPCEU::FUSPCEU_S005,10.245449181949343,-0.5244505795387303
residual_fitted,FUSPCEU::FUSPCEU_S005::2024-10-17,FUSPCEU,FUSPCEU::FUSPCEU_S005,10.250422509474856,1.94292786801064
residual_fitted,FUSPCEU::FUSPCEU_S005::2024-10-18,FUSPCEU,FUSPCEU::FUSPCEU_S005,10.252890012082666,-0.7528476210353976
residual_fitted,FUSPCEU::FUSPCEU_S005::2024-10-19,FUSPCEU,FUSPCEU::FUSPCEU_S005,10.255344072687668,-0.06322260742367619
residual_fitted,FUSPCEU::FUSPCEU_S006::2024-10-15,FUSPCEU,FUSPCEU::FUSPCEU_S006,10.068293214620798,-0.4499256485708799
residual_fitted,FUSPCEU::FUSPCEU_S006::2024-10-16,FUSPCEU,FUSPCEU::FUSPCEU_S006,10.070786102302,0.2655878699290443
residual_fitted,FUSPCEU::FUSPCEU_S006::2024-10-17,FUSPCEU,FUSPCEU::FUSPCEU_S006,10.07326654214631,0.661568142425055
residual_fitted,FUSPCEU::FUSPCEU_S006::2024-10-18,FUSPCEU,FUSPCEU::FUSPCEU_S006,10.075734044754121,-0.5833244020287723
residual_fitted,FUSPCEU::FUSPCEU_S006::2024-10-19,FUSPCEU,FUSPCEU::FUSPCEU_S006,10.078188105359123,0.3826592676957521
residual_fitted,FUSPCEU::FUSPCEU_S007::2024-10-23,FUSPCEU,FUSPCEU::FUSPCEU_S007,9.039467068838427,0.022730291070939115
residual_fitted,FUSPCEU::FUSPCEU_S007::2024-10-24,FUSPCEU,FUSPCEU::FUSPCEU_S007,9.041845776214101,-4.642054611533148
residual_fitted,FUSPCEU::FUSPCEU_S007::2024-10-25,FUSPCEU,FUSPCEU::FUSPCEU_S007,9.044207663970463,0.04618246914426805
residual_fitted,FUSPCEU::FUSPCEU_S007::2024-10-26,FUSPCEU,FUSPCEU::FUSPCEU_S007,9.046552107270493,1.763573035846264
residual_fitted,FUSPCEU::FUSPCEU_S007::2024-10-27,FUSPCEU,FUSPCEU::FUSPCEU_S007,9.048878462721985,1.1578330222253563
residual_fitted,FUSPCEU::FUSPCEU_S008::2024-10-22,FUSPCEU,FUSPCEU::FUSPCEU_S008,9.309717647179738,-0.27275786545022324
residual_fitted,FUSPCEU::FUSPCEU_S008::2024-10-23,FUSPCEU,FUSPCEU::FUSPCEU_S008,9.312112567614951,-0.30854367932614696
residual_fitted,FUSPCEU::FUSPCEU_S008::2024-10-24,FUSPCEU,FUSPCEU::FUSPCEU_S008,9.314491274990626,-0.2925038440196477
residual_fitted,FUSPCEU::FUSPCEU_S008::2024-10-25,FUSPCEU,FUSPCEU::FUSPCEU_S008,9.316853162746987,-0.2764552932492926
residual_fitted,FUSPCEU::FUSPCEU_S009::2024-11-04,FUSPCEU,FUSPCEU::FUSPCEU_S009,10.058247648473397,2.6815869846309215
residual_fitted,FUSPCEU::FUSPCEU_S009::2024-11-05,FUSPCEU,FUSPCEU::FUSPCEU_S009,10.060379125955073,-0.7567282737452496
residual_fitted,FUSPCEU::FUSPCEU_S009::2024-11-06,FUSPCEU,FUSPCEU::FUSPCEU_S009,10.062485036460547,-0.8700902026608004
residual_fitted,FUSPCEU::FUSPCEU_S009::2024-11-07,FUSPCEU,FUSPCEU::FUSPCEU_S009,10.064564529286137,-0.7675332425735173
residual_fitted,FUSPCEU::FUSPCEU_S009::2024-11-08,FUSPCEU,FUSPCEU::FUSPCEU_S009,10.06661673624507,-0.7513242237362846
residual_fitted,FUSPCEU::FUSPCEU_S009::2024-11-09,FUSPCEU,FUSPCEU::FUSPCEU_S009,10.06864077223132,0.6207840490771691
residual_fitted,FUSPCEU::FUSPCEU_S009::2024-11-10,FUSPCEU,FUSPCEU::FUSPCEU_S009,10.070635735878742,0.015215753569296846
residual_fitted,FUSPCEU::FUSPCEU_S010::2024-11-04,FUSPCEU,FUSPCEU::FUSPCEU_S010,9.975138354087356,2.7505605578421397
residual_fitted,FUSPCEU::FUSPCEU_S010::2024-11-05,FUSPCEU,FUSPCEU::FUSPCEU_S010,9.977269831569032,-1.2231995967525857
residual_fitted,FUSPCEU::FUSPCEU_S010::2024-11-06,FUSPCEU,FUSPCEU::FUSPCEU_S010,9.979375742074506,-0.9047511254918832
residual_fitted,FUSPCEU::FUSPCEU_S010::2024-11-07,FUSPCEU,FUSPCEU::FUSPCEU_S010,9.981455234900096,-0.6035613813235238
residual_fitted,FUSPCEU::FUSPCEU_S011::2024-11-12,FUSPCEU,FUSPCEU::FUSPCEU_S011,9.702973475239462,-0.8047081173675114
residual_fitted,FUSPCEU::FUSPCEU_S011::2024-11-13,FUSPCEU,FUSPCEU::FUSPCEU_S011,9.704875662651077,-0.8229661945434648
residual_fitted,FUSPCEU::FUSPCEU_S011::2024-11-14,FUSPCEU,FUSPCEU::FUSPCEU_S011,9.70674502579123,-0.34030719888081035
residual_fitted,FUSPCEU::FUSPCEU_S011::2024-11-16,FUSPCEU,FUSPCEU::FUSPCEU_S011,9.710381390028811,0.25370688948647885
residual_fitted,FUSPCEU::FUSPCEU_S011::2024-11-17,FUSPCEU,FUSPCEU::FUSPCEU_S011,9.712146421857847,1.2027751789537324
residual_fitted,FUSPCEU::FUSPCEU_S012::2024-12-03,FUSPCEU,FUSPCEU::FUSPCEU_S012,10.185497371819947,-0.7956524815141885
residual_fitted,FUSPCEU::FUSPCEU_S012::2024-12-04,FUSPCEU,FUSPCEU::FUSPCEU_S012,10.18650264418921,-0.4075440258324293
residual_fitted,FUSPCEU::FUSPCEU_S012::2024-12-05,FUSPCEU,FUSPCEU::FUSPCEU_S012,10.187454856384287,-0.43394605999781577
residual_fitted,FUSPCEU::FUSPCEU_S012::2024-12-06,FUSPCEU,FUSPCEU::FUSPCEU_S012,10.188353213315452,1.2928300368680608
residual_fitted,FUSPCEU::FUSPCEU_S012::2024-12-07,FUSPCEU,FUSPCEU::FUSPCEU_S012,10.18919695311602,0.661949649865617
residual_fitted,FUSPCEU::FUSPCEU_S013::2024-11-19,FUSPCEU,FUSPCEU::FUSPCEU_S013,9.302258848039816,-0.6143412411414928
residual_fitted,FUSPCEU::FUSPCEU_S013::2024-11-20,FUSPCEU,FUSPCEU::FUSPCEU_S013,9.303910586487945,-0.6756505825744958
residual_fitted,FUSPCEU::FUSPCEU_S013::2024-11-21,FUSPCEU,FUSPCEU::FUSPCEU_S013,9.305522544389898,-0.6505772307879721
residual_fitted,FUSPCEU::FUSPCEU_S013::2024-11-22,FUSPCEU,FUSPCEU::FUSPCEU_S013,9.307093710596979,0.12586735443893649
residual_fitted,FUSPCEU::FUSPCEU_S013::2024-11-23,FUSPCEU,FUSPCEU::FUSPCEU_S013,9.308623074929338,0.30643524800371696
residual_fitted,FUSPCEU::FUSPCEU_S013::2024-11-24,FUSPCEU,FUSPCEU::FUSPCEU_S013,9.310109630109729,0.23657529199072252
residual_fitted,FUSPCEU::FUSPCEU_S014::2024-11-20,FUSPCEU,FUSPCEU::FUSPCEU_S014,7.256869219126806,-1.5926217129606661
residual_fitted,FUSPCEU::FUSPCEU_S014::2024-11-21,FUSPCEU,FUSPCEU::FUSPCEU_S014,7.258481177028759,-1.317098329071916
residual_fitted,FUSPCEU::FUSPCEU_S014::2024-11-22,FUSPCEU,FUSPCEU::FUSPCEU_S014,7.26005234323584,-1.4474555842151393
residual_fitted,FUSPCEU::FUSPCEU_S014::2024-11-23,FUSPCEU,FUSPCEU::FUSPCEU_S014,7.261581707568199,-0.679625546410654
residual_fitted,FUSPCEU::FUSPCEU_S015::2024-11-26,FUSPCEU,FUSPCEU::FUSPCEU_S015,10.097328855602166,0.32956001765157994
residual_fitted,FUSPCEU::FUSPCEU_S015::2024-11-27,FUSPCEU,FUSPCEU::FUSPCEU_S015,10.09868100058995,-0.7679390431180285
residual_fitted,FUSPCEU::FUSPCEU_S015::2024-11-28,FUSPCEU,FUSPCEU::FUSPCEU_S015,10.099986379174961,-0.5354378382818621
residual_fitted,FUSPCEU::FUSPCEU_S015::2024-11-29,FUSPCEU,FUSPCEU::FUSPCEU_S015,10.101244031188614,1.838867682024374
residual_fitted,FUSPCEU::FUSPCEU_S015::2024-11-30,FUSPCEU,FUSPCEU::FUSPCEU_S015,10.102453012782,-0.6403504759780949
residual_fitted,FUSPCEU::FUSPCEU_S015::2024-12-01,FUSPCEU,FUSPCEU::FUSPCEU_S015,10.103612398836109,-0.053689093685571
residual_fitted,FUSPCEU::FUSPCEU_S016::2024-11-26,FUSPCEU,FUSPCEU::FUSPCEU_S016,10.08424605925925,-0.29410402157663834
residual_fitted,FUSPCEU::FUSPCEU_S016::2024-11-27,FUSPCEU,FUSPCEU::FUSPCEU_S016,10.085598204247034,-0.4329839939549655
residual_fitted,FUSPCEU::FUSPCEU_S016::2024-11-30,FUSPCEU,FUSPCEU::FUSPCEU_S016,10.089370216439084,0.4804995015057495
residual_fitted,FUSPCEU::FUSPCEU_S016::2024-12-01,FUSPCEU,FUSPCEU::FUSPCEU_S016,10.090529602493193,0.3935366595233179
residual_fitted,FUSPCEU::FUSPCEU_S017::2024-12-03,FUSPCEU,FUSPCEU::FUSPCEU_S017,10.390743580500777,-0.9710950825485423
residual_fitted,FUSPCEU::FUSPCEU_S017::2024-12-04,FUSPCEU,FUSPCEU::FUSPCEU_S017,10.39174885287004,-0.15981243469405496
residual_fitted,FUSPCEU::FUSPCEU_S017::2024-12-05,FUSPCEU,FUSPCEU::FUSPCEU_S017,10.392701065065117,-0.5921162450251195
residual_fitted,FUSPCEU::FUSPCEU_S017::2024-12-06,FUSPCEU,FUSPCEU::FUSPCEU_S017,10.393599421996282,0.417854587548176
residual_fitted,FUSPCEU::FUSPCEU_S017::2024-12-07,FUSPCEU,FUSPCEU::FUSPCEU_S017,10.39444316179685,0.9614984890251416
residual_fitted,FUSPCEU::FUSPCEU_S017::2024-12-08,FUSPCEU,FUSPCEU::FUSPCEU_S017,10.395231558114292,1.0388158357816693
residual_fitted,FUSPCEU::FUSPCEU_S018::2024-12-10,FUSPCEU,FUSPCEU::FUSPCEU_S018,12.374442758427222,1.628213955912318
residual_fitted,FUSPCEU::FUSPCEU_S018::2024-12-11,FUSPCEU,FUSPCEU::FUSPCEU_S018,12.375061154473162,-0.6002481448100272
residual_fitted,FUSPCEU::FUSPCEU_S018::2024-12-12,FUSPCEU,FUSPCEU::FUSPCEU_S018,12.375621700381778,0.3235356521034148
residual_fitted,FUSPCEU::FUSPCEU_S018::2024-12-13,FUSPCEU,FUSPCEU::FUSPCEU_S018,12.376123879276058,1.4028014372608895
residual_fitted,FUSPCEU::FUSPCEU_S018::2024-12-14,FUSPCEU,FUSPCEU::FUSPCEU_S018,12.376567221824423,0.3662267489300118
residual_fitted,FUSPCEU::FUSPCEU_S018::2024-12-15,FUSPCEU,FUSPCEU::FUSPCEU_S018,12.376951307833007,1.2123761104757855
residual_fitted,FUSPCEU::FUSPCEU_S019::2024-12-10,FUSPCEU,FUSPCEU::FUSPCEU_S019,10.373442017785353,-0.8239505608283554
residual_fitted,FUSPCEU::FUSPCEU_S019::2024-12-11,FUSPCEU,FUSPCEU::FUSPCEU_S019,10.374060413831293,-0.02110365231340177
residual_fitted,FUSPCEU::FUSPCEU_S019::2024-12-13,FUSPCEU,FUSPCEU::FUSPCEU_S019,10.375123138634189,-0.643461303314106
residual_fitted,FUSPCEU::FUSPCEU_S019::2024-12-14,FUSPCEU,FUSPCEU::FUSPCEU_S019,10.375566481182554,1.4808161376451903
residual_fitted,FUSPCEU::FUSPCEU_S019::2024-12-15,FUSPCEU,FUSPCEU::FUSPCEU_S019,10.37595056719114,0.6601773545106263
residual_fitted,FUSPCEU::FUSPCEU_S020::2025-01-21,FUSPCEU,FUSPCEU::FUSPCEU_S020,10.691874390467019,-0.9371362051392983
residual_fitted,FUSPCEU::FUSPCEU_S020::2025-01-22,FUSPCEU,FUSPCEU::FUSPCEU_S020,10.690193714672754,-0.9967187812192272
residual_fitted,FUSPCEU::FUSPCEU_S020::2025-01-23,FUSPCEU,FUSPCEU::FUSPCEU_S020,10.688473627649305,-1.056280935484783
residual_fitted,FUSPCEU::FUSPCEU_S020::2025-01-24,FUSPCEU,FUSPCEU::FUSPCEU_S020,10.686715139171506,1.120954681739498
residual_fitted,FUSPCEU::FUSPCEU_S020::2025-01-25,FUSPCEU,FUSPCEU::FUSPCEU_S020,10.684919255603337,1.605512907379591
residual_fitted,FUSPCEU::FUSPCEU_S020::2025-01-26,FUSPCEU,FUSPCEU::FUSPCEU_S020,10.683086978246108,1.5460088870575461
residual_fitted,FUSPCEU::FUSPCEU_S022::2025-01-28,FUSPCEU,FUSPCEU::FUSPCEU_S022,10.722498304383716,0.04879545384161089
residual_fitted,FUSPCEU::FUSPCEU_S022::2025-01-29,FUSPCEU,FUSPCEU::FUSPCEU_S022,10.720562779413159,-0.9433655307892664
residual_fitted,FUSPCEU::FUSPCEU_S022::2025-01-30,FUSPCEU,FUSPCEU::FUSPCEU_S022,10.718594784812337,1.3980665988093766
residual_fitted,FUSPCEU::FUSPCEU_S022::2025-01-31,FUSPCEU,FUSPCEU::FUSPCEU_S022,10.71659527469448,-1.0535803830747639
residual_fitted,FUSPCEU::FUSPCEU_S022::2025-02-01,FUSPCEU,FUSPCEU::FUSPCEU_S022,10.714565190089285,1.132432175791991
residual_fitted,FUSPCEU::FUSPCEU_S022::2025-02-02,FUSPCEU,FUSPCEU::FUSPCEU_S022,10.712505457962148,0.7794149441523531
residual_fitted,FUSPCEU::FUSPCEU_S023::2025-01-28,FUSPCEU,FUSPCEU::FUSPCEU_S023,9.601098546711524,0.02533938733643577
residual_fitted,FUSPCEU::FUSPCEU_S023::2025-01-29,FUSPCEU,FUSPCEU::FUSPCEU_S023,9.599163021740967,-0.5004663651040887
residual_fitted,FUSPCEU::FUSPCEU_S023::2025-01-30,FUSPCEU,FUSPCEU::FUSPCEU_S023,9.597195027140145,-0.21445174034441053
residual_fitted,FUSPCEU::FUSPCEU_S023::2025-01-31,FUSPCEU,FUSPCEU::FUSPCEU_S023,9.595195517022288,-0.36886739329088414
residual_fitted,FUSPCEU::FUSPCEU_S023::2025-02-01,FUSPCEU,FUSPCEU::FUSPCEU_S023,9.593165432417093,0.3576260129801348
residual_fitted,FUSPCEU::FUSPCEU_S024::2025-02-04,FUSPCEU,FUSPCEU::FUSPCEU_S024,9.995591361116707,-0.8440639490009444
residual_fitted,FUSPCEU::FUSPCEU_S024::2025-02-05,FUSPCEU,FUSPCEU::FUSPCEU_S024,9.993448094751614,-0.8170447433422152
residual_fitted,FUSPCEU::FUSPCEU_S024::2025-02-06,FUSPCEU,FUSPCEU::FUSPCEU_S024,9.991278731699921,-0.5827430230140633
residual_fitted,FUSPCEU::FUSPCEU_S024::2025-02-08,FUSPCEU,FUSPCEU::FUSPCEU_S024,9.986865078354366,0.38679930708160337
residual_fitted,FUSPCEU::FUSPCEU_S024::2025-02-09,FUSPCEU,FUSPCEU::FUSPCEU_S024,9.984622424105781,1.9079339974162612
residual_fitted,FUSPCEU::FUSPCEU_S025::2025-02-04,FUSPCEU,FUSPCEU::FUSPCEU_S025,9.411037495638231,-0.48934697468759036
residual_fitted,FUSPCEU::FUSPCEU_S025::2025-02-05,FUSPCEU,FUSPCEU::FUSPCEU_S025,9.408894229273137,-0.5141450170500114
residual_fitted,FUSPCEU::FUSPCEU_S025::2025-02-06,FUSPCEU,FUSPCEU::FUSPCEU_S025,9.406724866221445,-0.4525674567923612
residual_fitted,FUSPCEU::FUSPCEU_S025::2025-02-09,FUSPCEU,FUSPCEU::FUSPCEU_S025,9.400068558627305,0.4317748749823013
residual_fitted,IZTECH::IZTECH_S001::2024-12-27,IZTECH,IZTECH::IZTECH_S001,10.066269162156605,-0.025702648112701534
residual_fitted,IZTECH::IZTECH_S001::2024-12-28,IZTECH,IZTECH::IZTECH_S001,10.065905309263297,-0.465960717736323
residual_fitted,IZTECH::IZTECH_S001::2024-12-29,IZTECH,IZTECH::IZTECH_S001,10.065486641012937,-0.3966541113424471
residual_fitted,IZTECH::IZTECH_S001::2024-12-30,IZTECH,IZTECH::IZTECH_S001,10.065013502878319,0.13039974403327903
residual_fitted,IZTECH::IZTECH_S002::2025-01-07,IZTECH,IZTECH::IZTECH_S002,11.136698430223403,0.16234425146529585
residual_fitted,IZTECH::IZTECH_S002::2025-01-08,IZTECH,IZTECH::IZTECH_S002,11.135757605265125,0.03328864101449543
residual_fitted,IZTECH::IZTECH_S002::2025-01-09,IZTECH,IZTECH::IZTECH_S002,11.134768005309633,0.3965221606259033
residual_fitted,IZTECH::IZTECH_S002::2025-01-10,IZTECH,IZTECH::IZTECH_S002,11.13373038457997,-0.3283816451631939
residual_fitted,IZTECH::IZTECH_S002::2025-01-11,IZTECH,IZTECH::IZTECH_S002,11.132645522771366,0.3630771406528626
residual_fitted,IZTECH::IZTECH_S002::2025-01-12,IZTECH,IZTECH::IZTECH_S002,11.131514222907054,0.5968409652045925
residual_fitted,IZTECH::IZTECH_S003::2025-01-07,IZTECH,IZTECH::IZTECH_S003,8.96731806941392,0.9841901734246958
residual_fitted,IZTECH::IZTECH_S003::2025-01-08,IZTECH,IZTECH::IZTECH_S003,8.966377244455643,1.0105863070373462
residual_fitted,IZTECH::IZTECH_S003::2025-01-09,IZTECH,IZTECH::IZTECH_S003,8.96538764450015,-3.9892653435403127
residual_fitted,IZTECH::IZTECH_S003::2025-01-10,IZTECH,IZTECH::IZTECH_S003,8.964350023770487,-0.06788924343292346
residual_fitted,IZTECH::IZTECH_S003::2025-01-11,IZTECH,IZTECH::IZTECH_S003,8.963265161961884,3.60306130359928
residual_fitted,IZTECH::IZTECH_S003::2025-01-12,IZTECH,IZTECH::IZTECH_S003,8.962133862097572,-4.307119019173127
residual_fitted,IZTECH::IZTECH_S004::2025-01-22,IZTECH,IZTECH::IZTECH_S004,10.316486527939922,0.04327438294844398
residual_fitted,IZTECH::IZTECH_S004::2025-01-23,IZTECH,IZTECH::IZTECH_S004,10.314901931900302,-0.49134941921012654
residual_fitted,IZTECH::IZTECH_S004::2025-01-24,IZTECH,IZTECH::IZTECH_S004,10.31328158120721,-0.13642526992814707
residual_fitted,IZTECH::IZTECH_S004::2025-01-25,IZTECH,IZTECH::IZTECH_S004,10.311626393633818,0.22715313887002553
residual_fitted,IZTECH::IZTECH_S004::2025-01-26,IZTECH,IZTECH::IZTECH_S004,10.309937283069926,0.10712147743091797
residual_fitted,IZTECH::IZTECH_S005::2025-01-21,IZTECH,IZTECH::IZTECH_S005,11.169586807719028,-0.8478615210771271
residual_fitted,IZTECH::IZTECH_S005::2025-01-22,IZTECH,IZTECH::IZTECH_S005,11.168038886460685,1.0788149539065703
residual_fitted,IZTECH::IZTECH_S005::2025-01-23,IZTECH,IZTECH::IZTECH_S005,11.166454290421065,-0.6562417607419841
residual_fitted,IZTECH::IZTECH_S005::2025-01-24,IZTECH,IZTECH::IZTECH_S005,11.164833939727973,-1.130393579798412
residual_fitted,IZTECH::IZTECH_S005::2025-01-25,IZTECH,IZTECH::IZTECH_S005,11.16317875215458,1.70314031800793
residual_fitted,IZTECH::IZTECH_S005::2025-01-26,IZTECH,IZTECH::IZTECH_S005,11.16148964159069,1.168570672399619
residual_fitted,IZTECH::IZTECH_S006::2025-02-18,IZTECH,IZTECH::IZTECH_S006,10.515171389407348,1.399840508097125
residual_fitted,IZTECH::IZTECH_S006::2025-02-19,IZTECH,IZTECH::IZTECH_S006,10.512913828260768,-1.4748469510181694
residual_fitted,IZTECH::IZTECH_S006::2025-02-20,IZTECH,IZTECH::IZTECH_S006,10.510641202638034,-1.2059468908533684
residual_fitted,IZTECH::IZTECH_S006::2025-02-21,IZTECH,IZTECH::IZTECH_S006,10.508354061706083,-0.09069092490933198
residual_fitted,IZTECH::IZTECH_S006::2025-02-22,IZTECH,IZTECH::IZTECH_S006,10.506052939316774,0.6359429256825111
residual_fitted,IZTECH::IZTECH_S006::2025-02-23,IZTECH,IZTECH::IZTECH_S006,10.503738354340426,0.9480457680472689
residual_fitted,IZTECH::IZTECH_S007::2025-02-26,IZTECH,IZTECH::IZTECH_S007,10.205429439146826,-0.9268876423260515
residual_fitted,IZTECH::IZTECH_S007::2025-02-27,IZTECH,IZTECH::IZTECH_S007,10.203065908050966,-0.4161266533480735
residual_fitted,IZTECH::IZTECH_S007::2025-02-28,IZTECH,IZTECH::IZTECH_S007,10.200691299339443,1.165529868182595
residual_fitted,IZTECH::IZTECH_S007::2025-03-01,IZTECH,IZTECH::IZTECH_S007,10.198306051451599,-0.14593777853925166
residual_fitted,IZTECH::IZTECH_S008::2025-03-04,IZTECH,IZTECH::IZTECH_S008,9.114485772375357,-0.7415838088991492
residual_fitted,IZTECH::IZTECH_S008::2025-03-05,IZTECH,IZTECH::IZTECH_S008,9.112062127563759,-0.46396928674316956
residual_fitted,IZTECH::IZTECH_S008::2025-03-06,IZTECH,IZTECH::IZTECH_S008,9.109629872289933,0.21955147328305638
residual_fitted,IZTECH::IZTECH_S008::2025-03-07,IZTECH,IZTECH::IZTECH_S008,9.107189383665402,-0.7464392290682496
residual_fitted,IZTECH::IZTECH_S008::2025-03-09,IZTECH,IZTECH::IZTECH_S008,9.102285174618638,-0.5711738428325112
residual_fitted,IZTECH::IZTECH_S009::2025-03-20,IZTECH,IZTECH::IZTECH_S009,11.48843149966872,-0.5899038737342431
residual_fitted,IZTECH::IZTECH_S009::2025-03-21,IZTECH,IZTECH::IZTECH_S009,11.485911935420436,0.335475951498524
residual_fitted,IZTECH::IZTECH_S009::2025-03-22,IZTECH,IZTECH::IZTECH_S009,11.483389175613317,0.43178146424353275
residual_fitted,IZTECH::IZTECH_S009::2025-03-24,IZTECH,IZTECH::IZTECH_S009,11.478335369730543,1.0821158076366972
residual_fitted,IZTECH::IZTECH_S009::2025-03-25,IZTECH,IZTECH::IZTECH_S009,11.47580498053167,0.8761579935991756
residual_fitted,IZTECH::IZTECH_S010::2025-04-15,IZTECH,IZTECH::IZTECH_S010,9.8253978469206,-0.47951569752123363
residual_fitted,IZTECH::IZTECH_S010::2025-04-16,IZTECH,IZTECH::IZTECH_S010,9.822917156384664,0.5753871044764677
residual_fitted,IZTECH::IZTECH_S010::2025-04-17,IZTECH,IZTECH::IZTECH_S010,9.82044426170909,-0.33013334992632043
residual_fitted,IZTECH::IZTECH_S010::2025-04-18,IZTECH,IZTECH::IZTECH_S010,9.817979768544363,-0.44976322944004116
residual_fitted,IZTECH::IZTECH_S010::2025-04-19,IZTECH,IZTECH::IZTECH_S010,9.815524301616318,-0.00804426587207921
residual_fitted,IZTECH::IZTECH_S010::2025-04-20,IZTECH,IZTECH::IZTECH_S010,9.813078505186748,-0.11041141751237823
residual_fitted,IZTECH::IZTECH_S011::2025-04-15,IZTECH,IZTECH::IZTECH_S011,8.799174474309197,0.07815363672640607
residual_fitted,IZTECH::IZTECH_S011::2025-04-16,IZTECH,IZTECH::IZTECH_S011,8.79669378377326,0.15716493432577516
residual_fitted,IZTECH::IZTECH_S011::2025-04-17,IZTECH,IZTECH::IZTECH_S011,8.794220889097687,0.18435494430369453
residual_fitted,IZTECH::IZTECH_S011::2025-04-18,IZTECH,IZTECH::IZTECH_S011,8.79175639593296,0.16835956083227518
residual_fitted,IZTECH::IZTECH_S011::2025-04-19,IZTECH,IZTECH::IZTECH_S011,8.789300929004915,0.7396216444531122
residual_fitted,IZTECH::IZTECH_S011::2025-04-20,IZTECH,IZTECH::IZTECH_S011,8.786855132575345,-4.017661621087197
residual_fitted,IZTECH::IZTECH_S012::2025-04-22,IZTECH,IZTECH::IZTECH_S012,9.955027251715011,1.3446434650600951
residual_fitted,IZTECH::IZTECH_S012::2025-04-23,IZTECH,IZTECH::IZTECH_S012,9.952614533861887,-1.3140583960316217
residual_fitted,IZTECH::IZTECH_S012::2025-04-24,IZTECH,IZTECH::IZTECH_S012,9.950214266895168,0.6476045730558824
residual_fitted,IZTECH::IZTECH_S012::2025-04-25,IZTECH,IZTECH::IZTECH_S012,9.947827198450467,-0.724315586328177
residual_fitted,IZTECH::IZTECH_S012::2025-04-26,IZTECH,IZTECH::IZTECH_S012,9.945454097676771,1.0214281058975834
residual_fitted,IZTECH::IZTECH_S012::2025-04-27,IZTECH,IZTECH::IZTECH_S012,9.943095755454841,-1.507758811096936
residual_fitted,IZTECH::IZTECH_S013::2025-04-22,IZTECH,IZTECH::IZTECH_S013,11.262276483185607,-1.2154304562340714
residual_fitted,IZTECH::IZTECH_S013::2025-04-23,IZTECH,IZTECH::IZTECH_S013,11.259863765332483,2.5598426453003866
residual_fitted,IZTECH::IZTECH_S013::2025-04-24,IZTECH,IZTECH::IZTECH_S013,11.257463498365764,1.3088362370765665
residual_fitted,IZTECH::IZTECH_S013::2025-04-25,IZTECH,IZTECH::IZTECH_S013,11.255076429921063,-1.4189685788609285
residual_fitted,IZTECH::IZTECH_S013::2025-04-26,IZTECH,IZTECH::IZTECH_S013,11.252703329147367,0.6376786014917342
residual_fitted,IZTECH::IZTECH_S014::2025-04-29,IZTECH,IZTECH::IZTECH_S014,9.98882327811821,-0.0978430263441796
residual_fitted,IZTECH::IZTECH_S014::2025-04-30,IZTECH,IZTECH::IZTECH_S014,9.986514175400634,-0.3557327529677025
residual_fitted,IZTECH::IZTECH_S014::2025-05-01,IZTECH,IZTECH::IZTECH_S014,9.984223213437518,0.32771479275327553
residual_fitted,IZTECH::IZTECH_S014::2025-05-02,IZTECH,IZTECH::IZTECH_S014,9.981951292324366,-0.24109768848133165
residual_fitted,IZTECH::IZTECH_S014::2025-05-03,IZTECH,IZTECH::IZTECH_S014,9.979699333662127,-0.18811353745483542
residual_fitted,IZTECH::IZTECH_S014::2025-05-04,IZTECH,IZTECH::IZTECH_S014,9.977468280311,0.11530981311697948
residual_fitted,IZTECH::IZTECH_S015::2025-04-29,IZTECH,IZTECH::IZTECH_S015,12.78126782944176,1.840582592025221
residual_fitted,IZTECH::IZTECH_S015::2025-04-30,IZTECH,IZTECH::IZTECH_S015,12.778958726724184,1.8504153135109764
residual_fitted,IZTECH::IZTECH_S015::2025-05-01,IZTECH,IZTECH::IZTECH_S015,12.776667764761068,0.7288953864952152
residual_fitted,IZTECH::IZTECH_S015::2025-05-02,IZTECH,IZTECH::IZTECH_S015,12.774395843647916,-0.004005046806368093
residual_fitted,IZTECH::IZTECH_S015::2025-05-03,IZTECH,IZTECH::IZTECH_S015,12.772143884985677,0.8176016165338587
residual_fitted,IZTECH::IZTECH_S015::2025-05-04,IZTECH,IZTECH::IZTECH_S015,12.76991283163455,-0.5371269695711388
residual_fitted,IZTECH::IZTECH_S016::2025-05-06,IZTECH,IZTECH::IZTECH_S016,9.857064154322934,-0.44410705854589083
residual_fitted,IZTECH::IZTECH_S016::2025-05-07,IZTECH,IZTECH::IZTECH_S016,9.85490168057573,-0.39980548414328454
residual_fitted,IZTECH::IZTECH_S016::2025-05-08,IZTECH,IZTECH::IZTECH_S016,9.852764087544594,-0.38142542625360765
residual_fitted,IZTECH::IZTECH_S016::2025-05-09,IZTECH,IZTECH::IZTECH_S016,9.850652417195011,-0.40623984080175063
residual_fitted,IZTECH::IZTECH_S016::2025-05-10,IZTECH,IZTECH::IZTECH_S016,9.848567729261456,0.05255941130207505
residual_fitted,IZTECH::IZTECH_S016::2025-05-11,IZTECH,IZTECH::IZTECH_S016,9.846511100326184,0.9258821081743712
residual_fitted,IZTECH::IZTECH_S017::2025-05-27,IZTECH,IZTECH::IZTECH_S017,10.207941210093923,0.5572386036988799
residual_fitted,IZTECH::IZTECH_S017::2025-05-28,IZTECH,IZTECH::IZTECH_S017,10.206536058091997,-0.37474374958391554
residual_fitted,IZTECH::IZTECH_S017::2025-05-29,IZTECH,IZTECH::IZTECH_S017,10.205179553523822,-0.37404084624740597
residual_fitted,IZTECH::IZTECH_S017::2025-05-30,IZTECH,IZTECH::IZTECH_S017,10.203872781012366,-1.1247138090007536
residual_fitted,IZTECH::IZTECH_S017::2025-05-31,IZTECH,IZTECH::IZTECH_S017,10.202616802722186,0.11955095689257068
residual_fitted,IZTECH::IZTECH_S017::2025-06-01,IZTECH,IZTECH::IZTECH_S017,10.201412655623603,1.2601543692464914
residual_fitted,KNUST::KNUST_S001::2024-10-08,KNUST,KNUST::KNUST_S001,9.871564742853911,0.8783551680733465
residual_fitted,KNUST::KNUST_S001::2024-10-09,KNUST,KNUST::KNUST_S001,9.871886004357668,-0.6158752854066879
residual_fitted,KNUST::KNUST_S001::2024-10-10,KNUST,KNUST::KNUST_S001,9.872204205148357,-0.495133256250254
residual_fitted,KNUST::KNUST_S001::2024-10-12,KNUST,KNUST::KNUST_S001,9.872831258002808,1.024514430837343
residual_fitted,KNUST::KNUST_S002::2024-10-16,KNUST,KNUST::KNUST_S002,9.992235484626281,0.0903854382240897
residual_fitted,KNUST::KNUST_S002::2024-10-20,KNUST,KNUST::KNUST_S002,9.993397552955715,0.9188592547340589
residual_fitted,KNUST::KNUST_S003::2024-10-22,KNUST,KNUST::KNUST_S003,9.02368292652711,-0.6686236490451253
residual_fitted,KNUST::KNUST_S003::2024-10-23,KNUST,KNUST::KNUST_S003,9.023957677962116,-0.5219504816177174
residual_fitted,KNUST::KNUST_S003::2024-10-24,KNUST,KNUST::KNUST_S003,9.024228815407419,1.1619695831071597
residual_fitted,KNUST::KNUST_S003::2024-10-25,KNUST,KNUST::KNUST_S003,9.024496300890991,-0.7467709892883239
residual_fitted,KNUST::KNUST_S004::2024-11-01,KNUST,KNUST::KNUST_S004,9.268799128939145,-0.3292808873986412
residual_fitted,KNUST::KNUST_S005::2024-11-07,KNUST,KNUST::KNUST_S005,9.539500317458838,-0.4177335456289422
residual_fitted,KNUST::KNUST_S005::2024-11-09,KNUST,KNUST::KNUST_S005,9.539920886097452,0.583848655685396
residual_fitted,KNUST::KNUST_S006::2024-11-12,KNUST,KNUST::KNUST_S006,9.710400797556874,-0.7049222553517543
residual_fitted,KNUST::KNUST_S006::2024-11-13,KNUST,KNUST::KNUST_S006,9.710591726157771,2.093110203843697
residual_fitted,KNUST::KNUST_S006::2024-11-14,KNUST,KNUST::KNUST_S006,9.710778249602313,-0.7051178406143007
residual_fitted,KNUST::KNUST_S006::2024-11-17,KNUST,KNUST::KNUST_S006,9.711311018477693,-0.20449384257938152
residual_fitted,KNUST::KNUST_S007::2024-11-20,KNUST,KNUST::KNUST_S007,9.559116397440219,-0.47971530646607174
residual_fitted,KNUST::KNUST_S007::2024-11-21,KNUST,KNUST::KNUST_S007,9.559271056098918,0.6774564261455233
residual_fitted,KNUST::KNUST_S008::2024-11-27,KNUST,KNUST::KNUST_S008,9.756997437062711,-0.944972551702142
residual_fitted,KNUST::KNUST_S008::2024-11-28,KNUST,KNUST::KNUST_S008,9.757118508316607,-0.5650421353389528
residual_fitted,KNUST::KNUST_S008::2024-11-29,KNUST,KNUST::KNUST_S008,9.757234650393801,-0.8932782211011019
residual_fitted,KNUST::KNUST_S008::2024-11-30,KNUST,KNUST::KNUST_S008,9.757345832564864,0.6698178159956006
residual_fitted,KNUST::KNUST_S008::2024-12-01,KNUST,KNUST::KNUST_S008,9.75745202488657,2.293369894719595
residual_fitted,KNUST::KNUST_S009::2024-12-03,KNUST,KNUST::KNUST_S009,9.721590743810498,-0.5207240014778768
residual_fitted,KNUST::KNUST_S009::2024-12-04,KNUST,KNUST::KNUST_S009,9.72168179574773,-1.436209230459677
residual_fitted,KNUST::KNUST_S009::2024-12-05,KNUST,KNUST::KNUST_S009,9.721767747119921,-0.7712657518239535
residual_fitted,KNUST::KNUST_S009::2024-12-06,KNUST,KNUST::KNUST_S009,9.721848572760628,2.7349928159845143
residual_fitted,KNUST::KNUST_S009::2024-12-07,KNUST,KNUST::KNUST_S009,9.721924248615208,1.2495258262329425
residual_fitted,KNUST::KNUST_S009::2024-12-08,KNUST,KNUST::KNUST_S009,9.721994751784498,-0.7627471713904914
residual_fitted,KNUST::KNUST_S010::2024-12-10,KNUST,KNUST::KNUST_S010,9.821325514170445,0.09258420147281504
residual_fitted,KNUST::KNUST_S010::2024-12-11,KNUST,KNUST::KNUST_S010,9.821380374166372,-0.8574271058550966
residual_fitted,KNUST::KNUST_S010::2024-12-12,KNUST,KNUST::KNUST_S010,9.821429982388137,0.8093353332099303
residual_fitted,KNUST::KNUST_S010::2024-12-13,KNUST,KNUST::KNUST_S010,9.82147432240489,-0.08021706692960529
residual_fitted,KNUST::KNUST_S010::2024-12-14,KNUST,KNUST::KNUST_S010,9.821513379203326,0.9561076553352883
residual_fitted,KNUST::KNUST_S010::2024-12-15,KNUST,KNUST::KNUST_S010,9.82154713921548,-0.244342750663926
residual_fitted,KNUST::KNUST_S011::2024-12-17,KNUST,KNUST::KNUST_S011,9.059156802942333,-0.9374552676721446
residual_fitted,KNUST::KNUST_S011::2024-12-20,KNUST,KNUST::KNUST_S011,9.059194198652134,0.21114101936899213
residual_fitted,KNUST::KNUST_S012::2025-01-07,KNUST,KNUST::KNUST_S012,9.369659346380287,2.1229564445974805
residual_fitted,KNUST::KNUST_S012::2025-01-09,KNUST,KNUST::KNUST_S012,9.369467379296227,-0.08781333224487062
residual_fitted,KNUST::KNUST_S012::2025-01-10,KNUST,KNUST::KNUST_S012,9.369363712382443,-0.2518475669700154
residual_fitted,KNUST::KNUST_S012::2025-01-11,KNUST,KNUST::KNUST_S012,9.36925495670858,-1.0463223490970595
residual_fitted,KNUST::KNUST_S012::2025-01-12,KNUST,KNUST::KNUST_S012,9.369141138664068,-0.8908116276551896
residual_fitted,KNUST::KNUST_S013::2025-01-14,KNUST,KNUST::KNUST_S013,8.965620109251335,0.4582613214384139
residual_fitted,KNUST::KNUST_S013::2025-01-15,KNUST,KNUST::KNUST_S013,8.965491271679257,-0.5866530869038512
residual_fitted,KNUST::KNUST_S013::2025-01-16,KNUST,KNUST::KNUST_S013,8.965357486295872,-0.5693113469928766
residual_fitted,KNUST::KNUST_S013::2025-01-17,KNUST,KNUST::KNUST_S013,8.965218783731341,-0.19788253098942357
residual_fitted,KNUST::KNUST_S014::2025-01-21,KNUST,KNUST::KNUST_S014,9.643886726513328,0.020440146091849545
residual_fitted,KNUST::KNUST_S014::2025-01-22,KNUST,KNUST::KNUST_S014,9.643723920458172,-0.8690049166538385
residual_fitted,KNUST::KNUST_S014::2025-01-24,KNUST,KNUST::KNUST_S014,9.643384182086159,1.70476111147148
residual_fitted,KNUST::KNUST_S014::2025-01-25,KNUST,KNUST::KNUST_S014,9.643207319336376,-0.6528320280811515
residual_fitted,KNUST::KNUST_S014::2025-01-26,KNUST,KNUST::KNUST_S014,9.643025841212198,0.1504293532163895
residual_fitted,KNUST::KNUST_S015::2025-01-28,KNUST,KNUST::KNUST_S015,8.446408174338403,-0.7235802870845495
residual_fitted,KNUST::KNUST_S015::2025-01-29,KNUST,KNUST::KNUST_S015,8.44621306521689,-0.42121190678376547
residual_fitted,KNUST::KNUST_S015::2025-01-30,KNUST,KNUST::KNUST_S015,8.446013485017072,-0.3088377857707995
residual_fitted,KNUST::KNUST_S015::2025-01-31,KNUST,KNUST::KNUST_S015,8.445809470408578,-0.23100619898339098
residual_fitted,KNUST::KNUST_S015::2025-02-01,KNUST,KNUST::KNUST_S015,8.445601058255608,-0.1618085415129799
residual_fitted,RISE::RISE_S001::2025-03-04,RISE,RISE::RISE_S001,8.561707971794151,-0.03197537279339763
residual_fitted,RISE::RISE_S001::2025-03-08,RISE,RISE::RISE_S001,8.542102931173241,0.09909033177913688
residual_fitted,RISE::RISE_S001::2025-03-09,RISE,RISE::RISE_S001,8.537163258209379,0.2571016784337069
residual_fitted,RISE::RISE_S002::2025-03-18,RISE,RISE::RISE_S002,8.641987252614388,-0.911286063187547
residual_fitted,RISE::RISE_S002::2025-03-19,RISE,RISE::RISE_S002,8.63690872282736,-0.9000183008084498
residual_fitted,RISE::RISE_S002::2025-03-20,RISE,RISE::RISE_S002,8.631817133688202,-0.9664696434641946
residual_fitted,RISE::RISE_S002::2025-03-21,RISE,RISE::RISE_S002,8.626712589217957,-0.9724608169992233
residual_fitted,RISE::RISE_S002::2025-03-22,RISE,RISE::RISE_S002,8.621595186056092,2.1392257617584263
residual_fitted,RISE::RISE_S002::2025-03-23,RISE,RISE::RISE_S002,8.616465014743047,2.210973739379817
residual_fitted,RISE::RISE_S003::2025-03-18,RISE,RISE::RISE_S003,8.327837240590489,-0.8262280443303748
residual_fitted,RISE::RISE_S003::2025-03-19,RISE,RISE::RISE_S003,8.32275871080346,-0.7113257859089768
residual_fitted,RISE::RISE_S003::2025-03-20,RISE,RISE::RISE_S003,8.317667121664302,-0.7173236725400458
residual_fitted,RISE::RISE_S003::2025-03-21,RISE,RISE::RISE_S003,8.312562577194058,-1.008309710191402
residual_fitted,RISE::RISE_S003::2025-03-22,RISE,RISE::RISE_S003,8.307445174032193,1.0583957001397144
residual_fitted,RISE::RISE_S003::2025-03-23,RISE,RISE::RISE_S003,8.302315002719148,2.226942094208789
residual_fitted,RISE::RISE_S004::2025-03-25,RISE,RISE::RISE_S004,7.827729458908524,-0.5239049147055328
residual_fitted,RISE::RISE_S004::2025-03-26,RISE,RISE::RISE_S004,7.822561484699896,0.0228540915299004
residual_fitted,RISE::RISE_S004::2025-03-27,RISE,RISE::RISE_S004,7.817381069341075,-0.535815080024223
residual_fitted,RISE::RISE_S004::2025-03-28,RISE,RISE::RISE_S004,7.812188292321976,-0.3690363738100751
residual_fitted,RISE::RISE_S004::2025-03-29,RISE,RISE::RISE_S004,7.806983234903453,-0.2972495922696748
residual_fitted,RISE::RISE_S004::2025-03-30,RISE,RISE::RISE_S004,7.80176598146338,0.8713419253611431
residual_fitted,RISE::RISE_S005::2025-04-01,RISE,RISE::RISE_S005,7.685168885593631,-0.3895804928259051
residual_fitted,RISE::RISE_S005::2025-04-02,RISE,RISE::RISE_S005,7.679915602511606,-0.4645842581337648
residual_fitted,RISE::RISE_S005::2025-04-03,RISE,RISE::RISE_S005,7.674650520202427,-0.3754939573398487
residual_fitted,RISE::RISE_S005::2025-04-04,RISE,RISE::RISE_S005,7.669373759955814,-0.42457693341653063
residual_fitted,RISE::RISE_S005::2025-04-05,RISE,RISE::RISE_S005,7.664085454910126,0.21724271298596412
residual_fitted,RISE::RISE_S005::2025-04-06,RISE,RISE::RISE_S005,7.658785751636675,0.40998544945310406
residual_fitted,RISE::RISE_S006::2025-04-15,RISE,RISE::RISE_S006,8.373243747309976,-0.0034080621894953043
residual_fitted,RISE::RISE_S006::2025-04-16,RISE,RISE::RISE_S006,8.36784231640423,0.28438567477595267
residual_fitted,RISE::RISE_S006::2025-04-17,RISE,RISE::RISE_S006,8.362432493942245,0.0021940317822566873
residual_fitted,RISE::RISE_S006::2025-04-18,RISE,RISE::RISE_S006,8.357014732463401,-0.33181074545253414
residual_fitted,RISE::RISE_S006::2025-04-19,RISE,RISE::RISE_S006,8.351589524420794,0.0769022242202454
residual_fitted,RISE::RISE_S006::2025-04-20,RISE,RISE::RISE_S006,8.34615740486544,0.3474394471923256
residual_fitted,RISE::RISE_S007::2025-04-15,RISE,RISE::RISE_S007,8.82876126474463,-0.6539826881476004
residual_fitted,RISE::RISE_S007::2025-04-16,RISE,RISE::RISE_S007,8.823359833838884,-0.13301133508697505
residual_fitted,RISE::RISE_S007::2025-04-17,RISE,RISE::RISE_S007,8.8179500113769,-0.36338573005952085
residual_fitted,RISE::RISE_S007::2025-04-18,RISE,RISE::RISE_S007,8.812532249898055,1.1680304214671025
residual_fitted,RISE::RISE_S007::2025-04-19,RISE,RISE::RISE_S007,8.807107041855447,0.63539671875565
residual_fitted,RISE::RISE_S007::2025-04-20,RISE,RISE::RISE_S007,8.801674922300094,0.5604856215867269
residual_fitted,RISE::RISE_S008::2025-04-29,RISE,RISE::RISE_S008,7.955800946222231,-0.6420852829524027
residual_fitted,RISE::RISE_S008::2025-04-30,RISE,RISE::RISE_S008,7.950340722271315,-1.0537939293344496
residual_fitted,RISE::RISE_S008::2025-05-01,RISE,RISE::RISE_S008,7.9448832016762925,0.2703738321874139
residual_fitted,RISE::RISE_S008::2025-05-02,RISE,RISE::RISE_S008,7.939429697198053,0.955460120407228
residual_fitted,RISE::RISE_S008::2025-05-03,RISE,RISE::RISE_S008,7.93398161457991,0.5782900147347658
residual_fitted,RISE::RISE_S008::2025-05-04,RISE,RISE::RISE_S008,7.928540457999421,-0.3602372000489359
residual_fitted,RISE::RISE_S009::2025-05-27,RISE,RISE::RISE_S009,7.282264657987733,-0.6644342581170605
residual_fitted,RISE::RISE_S009::2025-05-28,RISE,RISE::RISE_S009,7.277823504495428,-0.584407102565227
residual_fitted,RISE::RISE_S009::2025-05-29,RISE,RISE::RISE_S009,7.273480901913696,0.17782941889532758
residual_fitted,RISE::RISE_S009::2025-05-30,RISE,RISE::RISE_S009,7.269243631868946,-0.22587672054193647
residual_fitted,RISE::RISE_S009::2025-05-31,RISE,RISE::RISE_S009,7.265118751321525,0.13034520718642456
residual_fitted,RISE::RISE_S009::2025-06-01,RISE,RISE::RISE_S009,7.261113581328569,-0.057576000022208
residual_fitted,RISE::RISE_S010::2025-06-10,RISE,RISE::RISE_S010,8.459515591385866,-0.2553807496913212
residual_fitted,RISE::RISE_S010::2025-06-11,RISE,RISE::RISE_S010,8.45714834045273,-0.5650575935309172
residual_fitted,RISE::RISE_S010::2025-06-13,RISE,RISE::RISE_S010,8.453045874909309,2.5461030724837235
residual_fitted,RISE::RISE_S010::2025-06-14,RISE,RISE::RISE_S010,8.451324692101187,-0.6915830592735948
residual_fitted,RISE::RISE_S012::2025-06-10,RISE,RISE::RISE_S012,8.054754249143093,0.10980718297580566
residual_fitted,RISE::RISE_S012::2025-06-11,RISE,RISE::RISE_S012,8.052386998209954,-0.018509292789762846
residual_fitted,RISE::RISE_S012::2025-06-12,RISE,RISE::RISE_S012,8.050228006255159,0.12078876548261068
residual_fitted,RISE::RISE_S012::2025-06-13,RISE,RISE::RISE_S012,8.048284532666534,-0.059564548061772145
residual_fitted,RISE::RISE_S012::2025-06-14,RISE,RISE::RISE_S012,8.046563349858411,-0.015491638479564385
residual_fitted,RISE::RISE_S012::2025-06-15,RISE,RISE::RISE_S012,8.045070648764439,0.13209737420844006
residual_fitted,RISE::RISE_S012::2025-06-16,RISE,RISE::RISE_S012,8.043811946883558,0.02047889483807687
residual_fitted,RISE::RISE_S013::2025-06-24,RISE,RISE::RISE_S013,7.883746141020358,-0.49247776178396563
residual_fitted,RISE::RISE_S013::2025-06-25,RISE,RISE::RISE_S013,7.884696768674411,-0.39797206283444836
residual_fitted,RISE::RISE_S013::2025-06-26,RISE,RISE::RISE_S013,7.885886538823638,-0.5022230650258555
residual_fitted,RISE::RISE_S013::2025-06-27,RISE,RISE::RISE_S013,7.887310759033814,0.20520799954452576
residual_fitted,RISE::RISE_S013::2025-06-28,RISE,RISE::RISE_S013,7.888963966050046,1.0766083615206536
residual_fitted,RISE::RISE_S013::2025-06-29,RISE,RISE::RISE_S013,7.890840011516757,0.10838094999337053
residual_fitted,RISE::RISE_S016::2025-10-07,RISE,RISE::RISE_S016,8.094760809752625,-0.472276635989097
residual_fitted,RISE::RISE_S016::2025-10-08,RISE,RISE::RISE_S016,8.099572862405426,-0.5093149412612077
residual_fitted,RISE::RISE_S016::2025-10-09,RISE,RISE::RISE_S016,8.10436952171881,-0.5981625181496044
residual_fitted,RISE::RISE_S016::2025-10-10,RISE,RISE::RISE_S016,8.10915043510842,-0.030650127665720086
residual_fitted,RISE::RISE_S016::2025-10-11,RISE,RISE::RISE_S016,8.113915221674663,0.40732749924134953
residual_fitted,RISE::RISE_S016::2025-10-12,RISE,RISE::RISE_S016,8.118663470864588,0.68122574329474594
residual_fitted,THUAS::THUAS_S001::2025-02-23,THUAS,THUAS::THUAS_S001,11.217443524611255,-0.45812157059474845
residual_fitted,THUAS::THUAS_S001::2025-02-24,THUAS,THUAS::THUAS_S001,11.213641930874804,3.145147048130378
residual_fitted,THUAS::THUAS_S001::2025-02-26,THUAS,THUAS::THUAS_S001,11.205985428871111,-0.5817274207594532
residual_fitted,THUAS::THUAS_S001::2025-02-28,THUAS,THUAS::THUAS_S001,11.19826198583018,1.0976990075607005
residual_fitted,THUAS::THUAS_S002::2025-03-04,THUAS,THUAS::THUAS_S002,9.971058111754727,-0.8572601183419756
residual_fitted,THUAS::THUAS_S002::2025-03-05,THUAS,THUAS::THUAS_S002,9.967115593393212,-0.2506826535775552
residual_fitted,THUAS::THUAS_S002::2025-03-07,THUAS,THUAS::THUAS_S002,9.959191676950132,-0.47975431423643233
residual_fitted,THUAS::THUAS_S002::2025-03-08,THUAS,THUAS::THUAS_S002,9.955211129457094,2.5622535131714583
residual_fitted,THUAS::THUAS_S003::2025-03-18,THUAS,THUAS::THUAS_S003,9.055428125108714,-0.8059800493783125
residual_fitted,THUAS::THUAS_S003::2025-03-20,THUAS,THUAS::THUAS_S003,9.047236503239718,-0.45628705621649795
residual_fitted,THUAS::THUAS_S003::2025-03-21,THUAS,THUAS::THUAS_S003,9.043128682325962,-0.6441550725429036
residual_fitted,THUAS::THUAS_S003::2025-03-22,THUAS,THUAS::THUAS_S003,9.039013245592386,1.3874863143448777
residual_fitted,THUAS::THUAS_S003::2025-03-23,THUAS,THUAS::THUAS_S003,9.03489048585205,-0.08716895361794179
residual_fitted,THUAS::THUAS_S005::2025-03-25,THUAS,THUAS::THUAS_S005,8.943431750010827,-0.04841376163361251
residual_fitted,THUAS::THUAS_S005::2025-03-26,THUAS,THUAS::THUAS_S005,8.939288796532878,-0.21035494922151898
residual_fitted,THUAS::THUAS_S005::2025-03-27,THUAS,THUAS::THUAS_S005,8.935139715839481,-0.48456366590082595
residual_fitted,THUAS::THUAS_S005::2025-03-28,THUAS,THUAS::THUAS_S005,8.930984819215507,0.24303075948394726
residual_fitted,THUAS::THUAS_S005::2025-03-29,THUAS,THUAS::THUAS_S005,8.926824425398866,-0.3852566231907575
residual_fitted,THUAS::THUAS_S005::2025-03-30,THUAS,THUAS::THUAS_S005,8.922658861890863,0.1264381293916416
residual_fitted,THUAS::THUAS_S006::2025-04-02,THUAS,THUAS::THUAS_S006,8.290843464734474,0.6697326808601114
residual_fitted,THUAS::THUAS_S006::2025-04-03,THUAS,THUAS::THUAS_S006,8.286660718710825,0.378268992621428
residual_fitted,THUAS::THUAS_S006::2025-04-05,THUAS,THUAS::THUAS_S006,8.278285571535722,0.7021484595357144
residual_fitted,THUAS::THUAS_S006::2025-04-06,THUAS,THUAS::THUAS_S006,8.274094005058137,-3.6483284198432573
residual_fitted,THUAS::THUAS_S007::2025-04-08,THUAS,THUAS::THUAS_S007,9.001694276769705,0.05093932042522684
residual_fitted,THUAS::THUAS_S007::2025-04-09,THUAS,THUAS::THUAS_S007,8.997497915325871,-0.17142764864920992
residual_fitted,THUAS::THUAS_S007::2025-04-12,THUAS,THUAS::THUAS_S007,8.984907414796135,-0.42398983786836425
residual_fitted,THUAS::THUAS_S010::2025-06-03,THUAS,THUAS::THUAS_S010,9.658471920754916,0.38423944396889703
residual_fitted,THUAS::THUAS_S010::2025-06-05,THUAS,THUAS::THUAS_S010,9.654403486749663,-0.48590941384805586
residual_fitted,THUAS::THUAS_S010::2025-06-08,THUAS,THUAS::THUAS_S010,9.649118216321444,1.4081588206103126
residual_fitted,THUAS::THUAS_S010::2025-06-09,THUAS,THUAS::THUAS_S010,9.647584623545807,-0.26647086650136453
residual_fitted,THUAS::THUAS_S011::2025-05-13,THUAS,THUAS::THUAS_S011,8.588873437321356,-0.512407001632083
residual_fitted,THUAS::THUAS_S011::2025-05-14,THUAS,THUAS::THUAS_S011,8.585246396572785,-0.12189820877294005
residual_fitted,THUAS::THUAS_S011::2025-05-15,THUAS,THUAS::THUAS_S011,8.581665017325532,-0.2927665966763138
residual_fitted,THUAS::THUAS_S011::2025-05-16,THUAS,THUAS::THUAS_S011,8.578131745382459,-0.4550237044572863
residual_fitted,THUAS::THUAS_S011::2025-05-17,THUAS,THUAS::THUAS_S011,8.574649094076516,-0.6259432504628759
residual_fitted,THUAS::THUAS_S011::2025-05-18,THUAS,THUAS::THUAS_S011,8.571219642348918,0.9648960696931917
residual_fitted,THUAS::THUAS_S014::2025-07-08,THUAS,THUAS::THUAS_S014,9.062196789749667,-0.4122218169608815
residual_fitted,THUAS::THUAS_S014::2025-07-09,THUAS,THUAS::THUAS_S014,9.06434875731993,-0.1715230832353987
residual_fitted,THUAS::THUAS_S014::2025-07-10,THUAS,THUAS::THUAS_S014,9.066599782048156,3.465776866068578e-5
residual_fitted,THUAS::THUAS_S014::2025-07-11,THUAS,THUAS::THUAS_S014,9.068946929279836,0.17154259073670133
residual_fitted,THUAS::THUAS_S014::2025-07-12,THUAS,THUAS::THUAS_S014,9.071387224875588,0.22209534473655138
residual_fitted,THUAS::THUAS_S014::2025-07-13,THUAS,THUAS::THUAS_S014,9.073917666416536,0.1344220595319978
residual_fitted,THUAS::THUAS_S015::2025-07-08,THUAS,THUAS::THUAS_S015,9.35365818979406,-0.027804197289248503
residual_fitted,THUAS::THUAS_S015::2025-07-09,THUAS,THUAS::THUAS_S015,9.355810157364324,0.3597100724961613
residual_fitted,THUAS::THUAS_S015::2025-07-10,THUAS,THUAS::THUAS_S015,9.35806118209255,-0.7123461390073894
residual_fitted,THUAS::THUAS_S015::2025-07-11,THUAS,THUAS::THUAS_S015,9.36040832932423,0.20187568226380653
residual_fitted,THUAS::THUAS_S015::2025-07-12,THUAS,THUAS::THUAS_S015,9.362848624919982,-0.11029229988439586
residual_fitted,THUAS::THUAS_S015::2025-07-13,THUAS,THUAS::THUAS_S015,9.36537906646093,0.7692897113058573
residual_fitted,THUAS::THUAS_S016::2025-07-08,THUAS,THUAS::THUAS_S016,9.238469852051965,0.014610813362963427
residual_fitted,THUAS::THUAS_S016::2025-07-09,THUAS,THUAS::THUAS_S016,9.240621819622229,-0.09877498105608065
residual_fitted,THUAS::THUAS_S016::2025-07-10,THUAS,THUAS::THUAS_S016,9.242872844350455,-0.09130519211899832
residual_fitted,THUAS::THUAS_S016::2025-07-11,THUAS,THUAS::THUAS_S016,9.245219991582134,-0.282517995299011
residual_fitted,THUAS::THUAS_S016::2025-07-12,THUAS,THUAS::THUAS_S016,9.247660287177887,0.45893139898284463
residual_fitted,THUAS::THUAS_S016::2025-07-13,THUAS,THUAS::THUAS_S016,9.250190728718835,0.26762361773599064
residual_fitted,THUAS::THUAS_S017::2025-09-09,THUAS,THUAS::THUAS_S017,9.258488168569572,0.3237775687738028
residual_fitted,THUAS::THUAS_S017::2025-09-10,THUAS,THUAS::THUAS_S017,9.262604041840516,-0.4297052597939189
residual_fitted,THUAS::THUAS_S017::2025-09-11,THUAS,THUAS::THUAS_S017,9.266715691107452,-0.39729097127822643
residual_fitted,THUAS::THUAS_S017::2025-09-12,THUAS,THUAS::THUAS_S017,9.270822789901466,-0.7966847250089475
residual_fitted,THUAS::THUAS_S017::2025-09-13,THUAS,THUAS::THUAS_S017,9.274925023808763,0.669344970872162
residual_fitted,THUAS::THUAS_S017::2025-09-14,THUAS,THUAS::THUAS_S017,9.279022089144439,0.5117702403021355
residual_fitted,THUAS::THUAS_S018::2025-09-23,THUAS,THUAS::THUAS_S018,8.868531331912411,-0.12187313026450367
residual_fitted,THUAS::THUAS_S018::2025-09-24,THUAS,THUAS::THUAS_S018,8.872561502537282,-0.5298632299385466
residual_fitted,THUAS::THUAS_S018::2025-09-25,THUAS,THUAS::THUAS_S018,8.876583527560465,-0.34195075654273016
residual_fitted,THUAS::THUAS_S018::2025-09-26,THUAS,THUAS::THUAS_S018,8.880597139057393,-0.4476649956089993
residual_fitted,THUAS::THUAS_S018::2025-09-27,THUAS,THUAS::THUAS_S018,8.884602064664232,0.5002426425439989
residual_fitted,TUM::TUM_S001::2024-05-14,TUM,TUM::TUM_S001,8.891134306471397,0.40185952656666335
residual_fitted,TUM::TUM_S001::2024-05-15,TUM,TUM::TUM_S001,8.888202996674998,-0.45160614171484936
residual_fitted,TUM::TUM_S001::2024-05-16,TUM,TUM::TUM_S001,8.88531716469028,0.6294152174427785
residual_fitted,TUM::TUM_S001::2024-05-17,TUM,TUM::TUM_S001,8.882478772535094,0.29407388200816603
residual_fitted,TUM::TUM_S001::2024-05-18,TUM,TUM::TUM_S001,8.87968981446957,-0.5249207170086964
residual_fitted,TUM::TUM_S001::2024-05-19,TUM,TUM::TUM_S001,8.876952314260276,-1.438940268109324
residual_fitted,TUM::TUM_S002::2024-05-28,TUM,TUM::TUM_S002,7.403324458409406,-3.7152920843751414
residual_fitted,TUM::TUM_S002::2024-05-29,TUM,TUM::TUM_S002,7.401216767364026,0.3016367847605186
residual_fitted,TUM::TUM_S002::2024-05-30,TUM,TUM::TUM_S002,7.399183655137776,0.07814887947369129
residual_fitted,TUM::TUM_S002::2024-05-31,TUM,TUM::TUM_S002,7.397227175766053,1.3745938737709797
residual_fitted,TUM::TUM_S002::2024-06-01,TUM,TUM::TUM_S002,7.3953493501882726,2.0319187195759274
residual_fitted,TUM::TUM_S002::2024-06-02,TUM,TUM::TUM_S002,7.3935521597001514,-3.83113526016495
residual_fitted,TUM::TUM_S003::2024-06-04,TUM,TUM::TUM_S003,10.291206366167078,1.4122585236278624
residual_fitted,TUM::TUM_S003::2024-06-05,TUM,TUM::TUM_S003,10.289662471460577,0.05717387082367973
residual_fitted,TUM::TUM_S003::2024-06-06,TUM,TUM::TUM_S003,10.288206605680262,-0.6243321718725595
residual_fitted,TUM::TUM_S003::2024-06-07,TUM,TUM::TUM_S003,10.28684045037193,-0.1313604115871584
residual_fitted,TUM::TUM_S003::2024-06-08,TUM,TUM::TUM_S003,10.285565606757617,0.46519852953358176
residual_fitted,TUM::TUM_S003::2024-06-09,TUM,TUM::TUM_S003,10.284383589203753,0.39672135447292084
residual_fitted,TUM::TUM_S004::2024-06-11,TUM,TUM::TUM_S004,9.973066026981941,-0.9792074768046659
residual_fitted,TUM::TUM_S004::2024-06-12,TUM,TUM::TUM_S004,9.97217061109815,-1.3673728570939696
residual_fitted,TUM::TUM_S004::2024-06-13,TUM,TUM::TUM_S004,9.971373086691,0.09255955070184875
residual_fitted,TUM::TUM_S004::2024-06-14,TUM,TUM::TUM_S004,9.970674443999366,-0.21798192000874733
residual_fitted,TUM::TUM_S004::2024-06-16,TUM,TUM::TUM_S004,9.969577159158982,3.4788836883072207
residual_fitted,TUM::TUM_S005::2024-06-18,TUM,TUM::TUM_S005,9.843694824279739,-1.5167054400792754
residual_fitted,TUM::TUM_S005::2024-06-19,TUM,TUM::TUM_S005,9.84350110183016,1.0310763026027903
residual_fitted,TUM::TUM_S005::2024-06-21,TUM,TUM::TUM_S005,9.843420259488589,4.502873810296506
residual_fitted,TUM::TUM_S005::2024-06-22,TUM,TUM::TUM_S005,9.843533167844326,1.5924132071058281
residual_fitted,TUM::TUM_S005::2024-06-23,TUM,TUM::TUM_S005,9.843748087516722,-4.833036912976512
residual_fitted,TUM::TUM_S006::2024-06-25,TUM,TUM::TUM_S006,9.394580357159969,-0.05764514625239678
residual_fitted,TUM::TUM_S006::2024-06-26,TUM,TUM::TUM_S006,9.395098824605181,-0.1270034658425919
residual_fitted,TUM::TUM_S006::2024-06-28,TUM,TUM::TUM_S006,9.396434663813062,-0.7581388452154333
residual_fitted,TUM::TUM_S006::2024-06-29,TUM,TUM::TUM_S006,9.39725022530702,0.14824039363260935
residual_fitted,TUM::TUM_S006::2024-06-30,TUM,TUM::TUM_S006,9.398162810392622,0.7436658693986292
residual_fitted,TUM::TUM_S007::2024-07-02,TUM,TUM::TUM_S007,11.700140975029647,-1.2177783778777957
residual_fitted,TUM::TUM_S007::2024-07-03,TUM,TUM::TUM_S007,11.701337046490691,1.5106435799206466
residual_fitted,TUM::TUM_S007::2024-07-05,TUM,TUM::TUM_S007,11.704002502826457,1.9410728139764999
residual_fitted,TUM::TUM_S007::2024-07-06,TUM,TUM::TUM_S007,11.70546863861699,1.430776830549614
residual_fitted,TUM::TUM_S007::2024-07-07,TUM,TUM::TUM_S007,11.707021417416213,0.5145341749343435
residual_fitted,TUM::TUM_S008::2024-07-09,TUM,TUM::TUM_S008,7.9489283477414805,-1.0012448277001873
residual_fitted,TUM::TUM_S008::2024-07-10,TUM,TUM::TUM_S008,7.950729966682189,-0.4149162328153856
residual_fitted,TUM::TUM_S008::2024-07-12,TUM,TUM::TUM_S008,7.954568398607103,-0.4341776186130917
residual_fitted,TUM::TUM_S008::2024-07-13,TUM,TUM::TUM_S008,7.956601151879951,0.1433950008180377
residual_fitted,TUM::TUM_S008::2024-07-14,TUM,TUM::TUM_S008,7.958706839453127,-1.0322203970137138
residual_fitted,TUM::TUM_S009::2024-07-16,TUM,TUM::TUM_S009,9.068395009756756,0.8627252205268574
residual_fitted,TUM::TUM_S009::2024-07-17,TUM,TUM::TUM_S009,9.070706864308788,0.7060755370562923
residual_fitted,TUM::TUM_S009::2024-07-18,TUM,TUM::TUM_S009,9.073083196151499,-0.04650590901513242
residual_fitted,TUM::TUM_S009::2024-07-19,TUM,TUM::TUM_S009,9.075521879859853,-0.5659420480122449
residual_fitted,TUM::TUM_S009::2024-07-20,TUM,TUM::TUM_S009,9.078020795889456,-0.1699713493669918
residual_fitted,TUM::TUM_S009::2024-07-21,TUM,TUM::TUM_S009,9.080577835166714,-1.492636161290622
residual_fitted,TUM::TUM_S010::2024-07-23,TUM,TUM::TUM_S010,9.90921295614165,-0.022046316341049057
residual_fitted,TUM::TUM_S010::2024-07-24,TUM,TUM::TUM_S010,9.911931878936025,0.4342638368779139
residual_fitted,TUM::TUM_S010::2024-07-25,TUM,TUM::TUM_S010,9.914700675744458,0.26010496249798526
residual_fitted,TUM::TUM_S010::2024-07-26,TUM,TUM::TUM_S010,9.917517348832432,1.0445403683388261
residual_fitted,TUM::TUM_S010::2024-07-27,TUM,TUM::TUM_S010,9.920379932326528,-0.9087259524467874
residual_fitted,UCR::UCR_S001::2025-06-17,UCR,UCR::UCR_S001,7.869621225721714,-0.45061378737678937
residual_fitted,UCR::UCR_S001::2025-06-18,UCR,UCR::UCR_S001,7.869579275024277,-0.5024092977010022
residual_fitted,UCR::UCR_S001::2025-06-19,UCR,UCR::UCR_S001,7.869552009174036,-0.4678503372736577
residual_fitted,UCR::UCR_S001::2025-06-22,UCR,UCR::UCR_S001,7.869558444450121,0.13668088839012707
residual_fitted,UCR::UCR_S002::2025-06-17,UCR,UCR::UCR_S002,7.992934071771228,-0.3936041986068546
residual_fitted,UCR::UCR_S002::2025-06-18,UCR,UCR::UCR_S002,7.992892121073791,0.07277277128043609
residual_fitted,UCR::UCR_S002::2025-06-19,UCR,UCR::UCR_S002,7.992864855223551,-0.9894666847399026
residual_fitted,UCR::UCR_S002::2025-06-20,UCR,UCR::UCR_S002,7.992852293240273,0.44415035311928963
residual_fitted,UCR::UCR_S002::2025-06-21,UCR,UCR::UCR_S002,7.992854440857681,-0.2899284400165797
residual_fitted,UCR::UCR_S002::2025-06-22,UCR,UCR::UCR_S002,7.992871290499635,0.09869218912128644
residual_fitted,UCR::UCR_S003::2025-06-17,UCR,UCR::UCR_S003,9.672493149449078,0.14379641302565313
residual_fitted,UCR::UCR_S003::2025-06-18,UCR,UCR::UCR_S003,9.6724511987516415,0.19563539874374167
residual_fitted,UCR::UCR_S003::2025-06-19,UCR,UCR::UCR_S003,9.6724239329014,-0.20161604100516753
residual_fitted,UCR::UCR_S003::2025-06-20,UCR,UCR::UCR_S003,9.672411370918123,1.1715475408293494
residual_fitted,UCR::UCR_S003::2025-06-22,UCR,UCR::UCR_S003,9.672430368177485,0.722454880789045
residual_fitted,UCR::UCR_S004::2025-06-24,UCR,UCR::UCR_S004,8.535827681427387,-1.2362702470424918
residual_fitted,UCR::UCR_S004::2025-06-26,UCR,UCR::UCR_S004,8.535963776846653,-0.2863578875556813
residual_fitted,UCR::UCR_S004::2025-06-27,UCR,UCR::UCR_S004,8.536053561146298,-0.485037195389989
residual_fitted,UCR::UCR_S004::2025-06-28,UCR,UCR::UCR_S004,8.536157726536766,1.2076055976621933
residual_fitted,UCR::UCR_S004::2025-06-29,UCR,UCR::UCR_S004,8.536276174965009,0.741188988756
residual_fitted,UCR::UCR_S005::2025-06-25,UCR,UCR::UCR_S005,8.82176537580841,0.21326318932627153
residual_fitted,UCR::UCR_S005::2025-06-26,UCR,UCR::UCR_S005,8.821840693384612,0.09231724978165666
residual_fitted,UCR::UCR_S005::2025-06-27,UCR,UCR::UCR_S005,8.821930477684257,0.16136039005662597
residual_fitted,UCR::UCR_S006::2025-06-24,UCR,UCR::UCR_S006,8.51438412756962,-0.23199486715008152
residual_fitted,UCR::UCR_S006::2025-06-26,UCR,UCR::UCR_S006,8.514520222988887,-0.6811482042343315
residual_fitted,UCR::UCR_S006::2025-06-27,UCR,UCR::UCR_S006,8.514610007288532,-0.42210848788181055
residual_fitted,UCR::UCR_S006::2025-06-28,UCR,UCR::UCR_S006,8.514714172679,0.9855394410540439
residual_fitted,UCR::UCR_S006::2025-06-29,UCR,UCR::UCR_S006,8.514832621107242,0.25140038403857395
normal_qq,TUM::TUM_S005::2024-06-23,TUM,TUM::TUM_S005,-3.125306484557895,-4.833036912976512
normal_qq,FUSPCEU::FUSPCEU_S007::2024-10-24,FUSPCEU,FUSPCEU::FUSPCEU_S007,-2.786467457846548,-4.642054611533148
normal_qq,IZTECH::IZTECH_S003::2025-01-12,IZTECH,IZTECH::IZTECH_S003,-2.616601535311014,-4.307119019173127
normal_qq,IZTECH::IZTECH_S011::2025-04-20,IZTECH,IZTECH::IZTECH_S011,-2.4995990814146336,-4.017661621087197
normal_qq,IZTECH::IZTECH_S003::2025-01-09,IZTECH,IZTECH::IZTECH_S003,-2.4092398027289543,-3.9892653435403127
normal_qq,TUM::TUM_S002::2024-06-02,TUM,TUM::TUM_S002,-2.3351001733681094,-3.83113526016495
normal_qq,TUM::TUM_S002::2024-05-28,TUM,TUM::TUM_S002,-2.2719325236334678,-3.7152920843751414
normal_qq,THUAS::THUAS_S006::2025-04-06,THUAS,THUAS::THUAS_S006,-2.2167089907085007,-3.6483284198432573
normal_qq,FUSPCEU::FUSPCEU_S014::2024-11-20,FUSPCEU,FUSPCEU::FUSPCEU_S014,-2.1675179582574855,-1.5926217129606661
normal_qq,TUM::TUM_S005::2024-06-18,TUM,TUM::TUM_S005,-2.1230724675097346,-1.5167054400792754
normal_qq,IZTECH::IZTECH_S012::2025-04-27,IZTECH,IZTECH::IZTECH_S012,-2.0824632356752817,-1.507758811096936
normal_qq,TUM::TUM_S009::2024-07-21,TUM,TUM::TUM_S009,-2.0450231535926706,-1.492636161290622
normal_qq,IZTECH::IZTECH_S006::2025-02-19,IZTECH,IZTECH::IZTECH_S006,-2.010247755223288,-1.4748469510181694
normal_qq,BAUA::BAUA_S016::2025-07-23,BAUA,BAUA::BAUA_S016,-1.9777459721586643,-1.4638171247937168
normal_qq,FUSPCEU::FUSPCEU_S014::2024-11-22,FUSPCEU,FUSPCEU::FUSPCEU_S014,-1.9472082827534687,-1.4474555842151393
normal_qq,TUM::TUM_S001::2024-05-19,TUM,TUM::TUM_S001,-1.9183853524054708,-1.438940268109324
normal_qq,KNUST::KNUST_S009::2024-12-04,KNUST,KNUST::KNUST_S009,-1.8910732647052688,-1.436209230459677
normal_qq,IZTECH::IZTECH_S013::2025-04-25,IZTECH,IZTECH::IZTECH_S013,-1.865103038896919,-1.4189685788609285
normal_qq,TUM::TUM_S004::2024-06-12,TUM,TUM::TUM_S004,-1.8403330190032303,-1.3673728570939696
normal_qq,FUSPCEU::FUSPCEU_S014::2024-11-21,FUSPCEU,FUSPCEU::FUSPCEU_S014,-1.8166432372034071,-1.317098329071916
normal_qq,IZTECH::IZTECH_S012::2025-04-23,IZTECH,IZTECH::IZTECH_S012,-1.7939311656136636,-1.3140583960316217
normal_qq,UCR::UCR_S004::2025-06-24,UCR,UCR::UCR_S004,-1.772108464248504,-1.2362702470424918
normal_qq,FUSPCEU::FUSPCEU_S010::2024-11-05,FUSPCEU,FUSPCEU::FUSPCEU_S010,-1.751098456633174,-1.2231995967525857
normal_qq,TUM::TUM_S007::2024-07-02,TUM,TUM::TUM_S007,-1.7308341455129121,-1.2177783778777957
normal_qq,IZTECH::IZTECH_S013::2025-04-22,IZTECH,IZTECH::IZTECH_S013,-1.711256635288419,-1.2154304562340714
normal_qq,IZTECH::IZTECH_S006::2025-02-20,IZTECH,IZTECH::IZTECH_S006,-1.6923138647856706,-1.2059468908533684
normal_qq,IZTECH::IZTECH_S005::2025-01-24,IZTECH,IZTECH::IZTECH_S005,-1.6739595796595585,-1.130393579798412
normal_qq,IZTECH::IZTECH_S017::2025-05-30,IZTECH,IZTECH::IZTECH_S017,-1.6561524918724564,-1.1247138090007536
normal_qq,FUSPCEU::FUSPCEU_S020::2025-01-23,FUSPCEU,FUSPCEU::FUSPCEU_S020,-1.6388555866907812,-1.056280935484783
normal_qq,RISE::RISE_S008::2025-04-30,RISE,RISE::RISE_S008,-1.62203554708885,-1.0537939293344496
normal_qq,FUSPCEU::FUSPCEU_S022::2025-01-31,FUSPCEU,FUSPCEU::FUSPCEU_S022,-1.6056622723987508,-1.0535803830747639
normal_qq,KNUST::KNUST_S012::2025-01-11,KNUST,KNUST::KNUST_S012,-1.5897084732171198,-1.0463223490970595
normal_qq,TUM::TUM_S008::2024-07-14,TUM,TUM::TUM_S008,-1.574149328470712,-1.0322203970137138
normal_qq,BAUA::BAUA_S012::2025-07-18,BAUA,BAUA::BAUA_S012,-1.5589621934991282,-1.0145899682198627
normal_qq,RISE::RISE_S003::2025-03-21,RISE,RISE::RISE_S003,-1.5441263502805125,-1.008309710191402
normal_qq,TUM::TUM_S008::2024-07-09,TUM,TUM::TUM_S008,-1.5296227926801675,-1.0012448277001873
normal_qq,BAUA::BAUA_S003::2025-06-11,BAUA,BAUA::BAUA_S003,-1.5154340409701526,-0.9985921134194602
normal_qq,FUSPCEU::FUSPCEU_S020::2025-01-22,FUSPCEU,FUSPCEU::FUSPCEU_S020,-1.5015439809431663,-0.9967187812192272
normal_qq,FUSPCEU::FUSPCEU_S003::2024-10-10,FUSPCEU,FUSPCEU::FUSPCEU_S003,-1.4879377237951295,-0.9923412456040417
normal_qq,UCR::UCR_S002::2025-06-19,UCR,UCR::UCR_S002,-1.474601483629178,-0.9894666847399026
normal_qq,TUM::TUM_S004::2024-06-11,TUM,TUM::TUM_S004,-1.4615224699777905,-0.9792074768046659
normal_qq,RISE::RISE_S002::2025-03-21,RISE,RISE::RISE_S002,-1.4486887931787344,-0.9724608169992233
normal_qq,FUSPCEU::FUSPCEU_S017::2024-12-03,FUSPCEU,FUSPCEU::FUSPCEU_S017,-1.4360893807967328,-0.9710950825485423
normal_qq,RISE::RISE_S002::2025-03-20,RISE,RISE::RISE_S002,-1.4237139035733848,-0.9664696434641946
normal_qq,KNUST::KNUST_S008::2024-11-27,KNUST,KNUST::KNUST_S008,-1.411552709626239,-0.944972551702142
normal_qq,FUSPCEU::FUSPCEU_S022::2025-01-29,FUSPCEU,FUSPCEU::FUSPCEU_S022,-1.3995967658143358,-0.9433655307892664
normal_qq,KNUST::KNUST_S011::2024-12-17,KNUST,KNUST::KNUST_S011,-1.387837605350183,-0.9374552676721446
normal_qq,FUSPCEU::FUSPCEU_S020::2025-01-21,FUSPCEU,FUSPCEU::FUSPCEU_S020,-1.376267280873374,-0.9371362051392983
normal_qq,IZTECH::IZTECH_S007::2025-02-26,IZTECH,IZTECH::IZTECH_S007,-1.364878322314019,-0.9268876423260515
normal_qq,BAUA::BAUA_S006::2025-06-12,BAUA,BAUA::BAUA_S006,-1.3536636989688848,-0.9201076976112306
normal_qq,BAUA::BAUA_S009::2025-06-29,BAUA,BAUA::BAUA_S009,-1.3426167852928412,-0.9157333507599178
normal_qq,RISE::RISE_S002::2025-03-18,RISE,RISE::RISE_S002,-1.3317313299756166,-0.911286063187547
normal_qq,TUM::TUM_S010::2024-07-27,TUM,TUM::TUM_S010,-1.3210014279309417,-0.9087259524467874
normal_qq,FUSPCEU::FUSPCEU_S004::2024-10-11,FUSPCEU,FUSPCEU::FUSPCEU_S004,-1.3104214948737716,-0.9083862388778188
normal_qq,FUSPCEU::FUSPCEU_S010::2024-11-06,FUSPCEU,FUSPCEU::FUSPCEU_S010,-1.2999862442027506,-0.9047511254918832
normal_qq,RISE::RISE_S002::2025-03-19,RISE,RISE::RISE_S002,-1.289690665940584,-0.9000183008084498
normal_qq,BAUA::BAUA_S002::2025-06-12,BAUA,BAUA::BAUA_S002,-1.279530007515486,-0.8933568502535886
normal_qq,KNUST::KNUST_S008::2024-11-29,KNUST,KNUST::KNUST_S008,-1.269499756193128,-0.8932782211011019
normal_qq,KNUST::KNUST_S012::2025-01-12,KNUST,KNUST::KNUST_S012,-1.2595956229912084,-0.8908116276551896
normal_qq,FUSPCEU::FUSPCEU_S009::2024-11-06,FUSPCEU,FUSPCEU::FUSPCEU_S009,-1.2498135279283935,-0.8700902026608004
normal_qq,KNUST::KNUST_S014::2025-01-22,KNUST,KNUST::KNUST_S014,-1.2401495864764465,-0.8690049166538385
normal_qq,KNUST::KNUST_S010::2024-12-11,KNUST,KNUST::KNUST_S010,-1.2306000970991997,-0.8574271058550966
normal_qq,THUAS::THUAS_S002::2025-03-04,THUAS,THUAS::THUAS_S002,-1.2211615297749765,-0.8572601183419756
normal_qq,BAUA::BAUA_S002::2025-06-11,BAUA,BAUA::BAUA_S002,-1.211830515410402,-0.8507624867021037
normal_qq,IZTECH::IZTECH_S005::2025-01-21,IZTECH,IZTECH::IZTECH_S005,-1.2026038360634643,-0.8478615210771271
normal_qq,FUSPCEU::FUSPCEU_S024::2025-02-04,FUSPCEU,FUSPCEU::FUSPCEU_S024,-1.1934784159024041,-0.8440639490009444
normal_qq,BAUA::BAUA_S018::2025-09-10,BAUA,BAUA::BAUA_S018,-1.1844513128347038,-0.8396045346062811
normal_qq,BAUA::BAUA_S022::2025-09-24,BAUA,BAUA::BAUA_S022,-1.1755197107471875,-0.8357764555099728
normal_qq,RISE::RISE_S003::2025-03-18,RISE,RISE::RISE_S003,-1.166680912304267,-0.8262280443303748
normal_qq,BAUA::BAUA_S014::2025-07-18,BAUA,BAUA::BAUA_S014,-1.1579323322566248,-0.8255424472429425
normal_qq,FUSPCEU::FUSPCEU_S019::2024-12-10,FUSPCEU,FUSPCEU::FUSPCEU_S019,-1.1492714912173596,-0.8239505608283554
normal_qq,FUSPCEU::FUSPCEU_S011::2024-11-13,FUSPCEU,FUSPCEU::FUSPCEU_S011,-1.140696009866777,-0.8229661945434648
normal_qq,FUSPCEU::FUSPCEU_S024::2025-02-05,FUSPCEU,FUSPCEU::FUSPCEU_S024,-1.1322036035507341,-0.8170447433422152
normal_qq,THUAS::THUAS_S003::2025-03-18,THUAS,THUAS::THUAS_S003,-1.1237920772407561,-0.8059800493783125
normal_qq,FUSPCEU::FUSPCEU_S011::2024-11-12,FUSPCEU,FUSPCEU::FUSPCEU_S011,-1.1154593208271233,-0.8047081173675114
normal_qq,THUAS::THUAS_S017::2025-09-12,THUAS,THUAS::THUAS_S017,-1.107203304718747,-0.7966847250089475
normal_qq,FUSPCEU::FUSPCEU_S012::2024-12-03,FUSPCEU,FUSPCEU::FUSPCEU_S012,-1.0990220757260563,-0.7956524815141885
normal_qq,BAUA::BAUA_S001::2025-06-13,BAUA,BAUA::BAUA_S001,-1.090913753205232,-0.7806841243157355
normal_qq,FUSPCEU::FUSPCEU_S004::2024-10-09,FUSPCEU,FUSPCEU::FUSPCEU_S004,-1.0828765254440411,-0.776197134798792
normal_qq,KNUST::KNUST_S009::2024-12-05,KNUST,KNUST::KNUST_S009,-1.0749086462712565,-0.7712657518239535
normal_qq,FUSPCEU::FUSPCEU_S015::2024-11-27,FUSPCEU,FUSPCEU::FUSPCEU_S015,-1.0670084318731887,-0.7679390431180285
normal_qq,FUSPCEU::FUSPCEU_S009::2024-11-07,FUSPCEU,FUSPCEU::FUSPCEU_S009,-1.0591742578022705,-0.7675332425735173
normal_qq,KNUST::KNUST_S009::2024-12-08,KNUST,KNUST::KNUST_S009,-1.0514045561638845,-0.7627471713904914
normal_qq,TUM::TUM_S006::2024-06-28,TUM,TUM::TUM_S006,-1.0436978129687995,-0.7581388452154333
normal_qq,FUSPCEU::FUSPCEU_S009::2024-11-05,FUSPCEU,FUSPCEU::FUSPCEU_S009,-1.0360525656395818,-0.7567282737452496
normal_qq,FUSPCEU::FUSPCEU_S005::2024-10-18,FUSPCEU,FUSPCEU::FUSPCEU_S005,-1.0284674006603243,-0.7528476210353976
normal_qq,FUSPCEU::FUSPCEU_S009::2024-11-08,FUSPCEU,FUSPCEU::FUSPCEU_S009,-1.020940951359868,-0.7513242237362846
normal_qq,KNUST::KNUST_S003::2024-10-25,KNUST,KNUST::KNUST_S003,-1.0134718958194862,-0.7467709892883239
normal_qq,IZTECH::IZTECH_S008::2025-03-07,IZTECH,IZTECH::IZTECH_S008,-1.0060589548966883,-0.7464392290682496
normal_qq,IZTECH::IZTECH_S008::2025-03-04,IZTECH,IZTECH::IZTECH_S008,-0.998700890357473,-0.7415838088991492
normal_qq,IZTECH::IZTECH_S012::2025-04-25,IZTECH,IZTECH::IZTECH_S012,-0.9913965031099224,-0.724315586328177
normal_qq,KNUST::KNUST_S015::2025-01-28,KNUST,KNUST::KNUST_S015,-0.9841446315325846,-0.7235802870845495
normal_qq,RISE::RISE_S003::2025-03-20,RISE,RISE::RISE_S003,-0.9769441498915706,-0.7173236725400458
normal_qq,THUAS::THUAS_S015::2025-07-10,THUAS,THUAS::THUAS_S015,-0.9697939668407592,-0.7123461390073894
normal_qq,RISE::RISE_S003::2025-03-19,RISE,RISE::RISE_S003,-0.9626930239998899,-0.7113257859089768
normal_qq,BAUA::BAUA_S012::2025-07-17,BAUA,BAUA::BAUA_S012,-0.9556402946057244,-0.7108487303201323
normal_qq,KNUST::KNUST_S006::2024-11-14,KNUST,KNUST::KNUST_S006,-0.9486347822317942,-0.7051178406143007
normal_qq,KNUST::KNUST_S006::2024-11-12,KNUST,KNUST::KNUST_S006,-0.9416755195725655,-0.7049222553517543
normal_qq,RISE::RISE_S010::2025-06-14,RISE,RISE::RISE_S010,-0.9347615672881584,-0.6915830592735948
normal_qq,UCR::UCR_S006::2025-06-26,UCR,UCR::UCR_S006,-0.9278920129060129,-0.6811482042343315
normal_qq,FUSPCEU::FUSPCEU_S014::2024-11-23,FUSPCEU,FUSPCEU::FUSPCEU_S014,-0.9210659697761524,-0.679625546410654
normal_qq,FUSPCEU::FUSPCEU_S013::2024-11-20,FUSPCEU,FUSPCEU::FUSPCEU_S013,-0.9142825760769184,-0.6756505825744958
normal_qq,BAUA::BAUA_S015::2025-07-28,BAUA,BAUA::BAUA_S015,-0.9075409938682641,-0.6708094727542527
normal_qq,KNUST::KNUST_S003::2024-10-22,KNUST,KNUST::KNUST_S003,-0.9008404081898903,-0.6686236490451253
normal_qq,RISE::RISE_S009::2025-05-27,RISE,RISE::RISE_S009,-0.8941800262016795,-0.6644342581170605
normal_qq,IZTECH::IZTECH_S005::2025-01-23,IZTECH,IZTECH::IZTECH_S005,-0.8875590763640632,-0.6562417607419841
normal_qq,RISE::RISE_S007::2025-04-15,RISE,RISE::RISE_S007,-0.8809768076561024,-0.6539826881476004
normal_qq,KNUST::KNUST_S014::2025-01-25,KNUST,KNUST::KNUST_S014,-0.8744324888292042,-0.6528320280811515
normal_qq,FUSPCEU::FUSPCEU_S013::2024-11-21,FUSPCEU,FUSPCEU::FUSPCEU_S013,-0.8679254076945336,-0.6505772307879721
normal_qq,BAUA::BAUA_S004::2025-06-16,BAUA,BAUA::BAUA_S004,-0.8614548704423057,-0.649775156236428
normal_qq,BAUA::BAUA_S005::2025-06-12,BAUA,BAUA::BAUA_S005,-0.8550202009912395,-0.6478698583992483
normal_qq,THUAS::THUAS_S003::2025-03-21,THUAS,THUAS::THUAS_S003,-0.8486207403665909,-0.6441550725429036
normal_qq,FUSPCEU::FUSPCEU_S019::2024-12-13,FUSPCEU,FUSPCEU::FUSPCEU_S019,-0.8422558461052487,-0.643461303314106
normal_qq,RISE::RISE_S008::2025-04-29,RISE,RISE::RISE_S008,-0.8359248916864893,-0.6420852829524027
normal_qq,FUSPCEU::FUSPCEU_S015::2024-11-30,FUSPCEU,FUSPCEU::FUSPCEU_S015,-0.8296272659870688,-0.6403504759780949
normal_qq,THUAS::THUAS_S011::2025-05-17,THUAS,THUAS::THUAS_S011,-0.8233623727593992,-0.6259432504628759
normal_qq,TUM::TUM_S003::2024-06-06,TUM,TUM::TUM_S003,-0.8171296301316451,-0.6243321718725595
normal_qq,BAUA::BAUA_S001::2025-06-14,BAUA,BAUA::BAUA_S001,-0.8109284701286319,-0.6161342924835467
normal_qq,KNUST::KNUST_S001::2024-10-09,KNUST,KNUST::KNUST_S001,-0.8047583382125303,-0.6158752854066879
normal_qq,FUSPCEU::FUSPCEU_S013::2024-11-19,FUSPCEU,FUSPCEU::FUSPCEU_S013,-0.7986186928423413,-0.6143412411414928
normal_qq,FUSPCEU::FUSPCEU_S010::2024-11-07,FUSPCEU,FUSPCEU::FUSPCEU_S010,-0.7925090050512532,-0.6035613813235238
normal_qq,FUSPCEU::FUSPCEU_S018::2024-12-11,FUSPCEU,FUSPCEU::FUSPCEU_S018,-0.786428758041008,-0.6002481448100272
normal_qq,RISE::RISE_S016::2025-10-09,RISE,RISE::RISE_S016,-0.7803774467924519,-0.5981625181496044
normal_qq,BAUA::BAUA_S012::2025-07-16,BAUA,BAUA::BAUA_S012,-0.7743545776914977,-0.5971422665185823
normal_qq,FUSPCEU::FUSPCEU_S017::2024-12-05,FUSPCEU,FUSPCEU::FUSPCEU_S017,-0.7683596681697662,-0.5921162450251195
normal_qq,IZTECH::IZTECH_S009::2025-03-20,IZTECH,IZTECH::IZTECH_S009,-0.7623922463592182,-0.5899038737342431
normal_qq,BAUA::BAUA_S022::2025-09-26,BAUA,BAUA::BAUA_S022,-0.7564518507601188,-0.5894132945491123
normal_qq,KNUST::KNUST_S013::2025-01-15,KNUST,KNUST::KNUST_S013,-0.7505380299217193,-0.5866530869038512
normal_qq,RISE::RISE_S009::2025-05-28,RISE,RISE::RISE_S009,-0.7446503421350744,-0.584407102565227
normal_qq,FUSPCEU::FUSPCEU_S006::2024-10-18,FUSPCEU,FUSPCEU::FUSPCEU_S006,-0.7387883551374319,-0.5833244020287723
normal_qq,FUSPCEU::FUSPCEU_S024::2025-02-06,FUSPCEU,FUSPCEU::FUSPCEU_S024,-0.7329516458276828,-0.5827430230140633
normal_qq,THUAS::THUAS_S001::2025-02-26,THUAS,THUAS::THUAS_S001,-0.7271397999923643,-0.5817274207594532
normal_qq,IZTECH::IZTECH_S008::2025-03-09,IZTECH,IZTECH::IZTECH_S008,-0.7213524120417524,-0.5711738428325112
normal_qq,KNUST::KNUST_S013::2025-01-16,KNUST,KNUST::KNUST_S013,-0.715589084755592,-0.5693113469928766
normal_qq,TUM::TUM_S009::2024-07-19,TUM,TUM::TUM_S009,-0.7098494290380482,-0.5659420480122449
normal_qq,RISE::RISE_S010::2025-06-11,RISE,RISE::RISE_S010,-0.7041330636814644,-0.5650575935309172
normal_qq,KNUST::KNUST_S008::2024-11-28,KNUST,KNUST::KNUST_S008,-0.6984396151385609,-0.5650421353389528
normal_qq,BAUA::BAUA_S014::2025-07-19,BAUA,BAUA::BAUA_S014,-0.692768717302702,-0.5506944816274826
normal_qq,BAUA::BAUA_S009::2025-06-30,BAUA,BAUA::BAUA_S009,-0.6871200112958854,-0.5449458240854531
normal_qq,IZTECH::IZTECH_S015::2025-05-04,IZTECH,IZTECH::IZTECH_S015,-0.681493145264136,-0.5371269695711388
normal_qq,RISE::RISE_S004::2025-03-27,RISE,RISE::RISE_S004,-0.6758877741799829,-0.535815080024223
normal_qq,FUSPCEU::FUSPCEU_S015::2024-11-28,FUSPCEU,FUSPCEU::FUSPCEU_S015,-0.6703035596517309,-0.5354378382818621
normal_qq,THUAS::THUAS_S018::2025-09-24,THUAS,THUAS::THUAS_S018,-0.6647401697392396,-0.5298632299385466
normal_qq,TUM::TUM_S001::2024-05-18,TUM,TUM::TUM_S001,-0.6591972787759448,-0.5249207170086964
normal_qq,FUSPCEU::FUSPCEU_S005::2024-10-15,FUSPCEU,FUSPCEU::FUSPCEU_S005,-0.6536745671968678,-0.5244505795387303
normal_qq,RISE::RISE_S004::2025-03-25,RISE,RISE::RISE_S004,-0.6481717213723638,-0.5239049147055328
normal_qq,KNUST::KNUST_S003::2024-10-23,KNUST,KNUST::KNUST_S003,-0.6426884334473855,-0.5219504816177174
normal_qq,BAUA::BAUA_S004::2025-06-13,BAUA,BAUA::BAUA_S004,-0.6372244011860346,-0.5214265784364672
normal_qq,KNUST::KNUST_S009::2024-12-03,KNUST,KNUST::KNUST_S009,-0.6317793278211942,-0.5207240014778768
normal_qq,BAUA::BAUA_S005::2025-06-13,BAUA,BAUA::BAUA_S005,-0.6263529219090368,-0.5178020642960209
normal_qq,FUSPCEU::FUSPCEU_S025::2025-02-05,FUSPCEU,FUSPCEU::FUSPCEU_S025,-0.6209448971882252,-0.5141450170500114
normal_qq,BAUA::BAUA_S015::2025-07-27,BAUA,BAUA::BAUA_S015,-0.6155549724436089,-0.5135791542753969
normal_qq,BAUA::BAUA_S004::2025-06-12,BAUA,BAUA::BAUA_S004,-0.6101828713742573,-0.5133150444832936
normal_qq,THUAS::THUAS_S011::2025-05-13,THUAS,THUAS::THUAS_S011,-0.6048283224656514,-0.512407001632083
normal_qq,RISE::RISE_S016::2025-10-08,RISE,RISE::RISE_S016,-0.5994910588658766,-0.5093149412612077
normal_qq,UCR::UCR_S001::2025-06-18,UCR,UCR::UCR_S001,-0.5941708182656695,-0.5024092977010022
normal_qq,RISE::RISE_S013::2025-06-26,RISE,RISE::RISE_S013,-0.5888673427821676,-0.5022230650258555
normal_qq,FUSPCEU::FUSPCEU_S023::2025-01-29,FUSPCEU,FUSPCEU::FUSPCEU_S023,-0.5835803788462236,-0.5004663651040887
normal_qq,KNUST::KNUST_S001::2024-10-10,KNUST,KNUST::KNUST_S001,-0.5783096770931535,-0.495133256250254
normal_qq,RISE::RISE_S013::2025-06-24,RISE,RISE::RISE_S013,-0.5730549922567885,-0.49247776178396563
normal_qq,IZTECH::IZTECH_S004::2025-01-23,IZTECH,IZTECH::IZTECH_S004,-0.5678160830667083,-0.49134941921012654
normal_qq,FUSPCEU::FUSPCEU_S025::2025-02-04,FUSPCEU,FUSPCEU::FUSPCEU_S025,-0.5625927121485438,-0.48934697468759036
normal_qq,THUAS::THUAS_S010::2025-06-05,THUAS,THUAS::THUAS_S010,-0.5573846459272288,-0.48590941384805586
normal_qq,UCR::UCR_S004::2025-06-27,UCR,UCR::UCR_S004,-0.5521916545331035,-0.485037195389989
normal_qq,THUAS::THUAS_S005::2025-03-27,THUAS,THUAS::THUAS_S005,-0.5470135117107586,-0.48456366590082595
normal_qq,THUAS::THUAS_S002::2025-03-07,THUAS,THUAS::THUAS_S002,-0.5418499947305261,-0.47975431423643233
normal_qq,KNUST::KNUST_S007::2024-11-20,KNUST,KNUST::KNUST_S007,-0.5367008843025233,-0.47971530646607174
normal_qq,IZTECH::IZTECH_S010::2025-04-15,IZTECH,IZTECH::IZTECH_S010,-0.5315659644931546,-0.47951569752123363
normal_qq,BAUA::BAUA_S009::2025-06-27,BAUA,BAUA::BAUA_S009,-0.5264450226439911,-0.4743341403445109
normal_qq,RISE::RISE_S016::2025-10-07,RISE,RISE::RISE_S016,-0.5213378492929378,-0.472276635989097
normal_qq,UCR::UCR_S001::2025-06-19,UCR,UCR::UCR_S001,-0.5162442380976138,-0.4678503372736577
normal_qq,IZTECH::IZTECH_S001::2024-12-28,IZTECH,IZTECH::IZTECH_S001,-0.511163985760868,-0.465960717736323
normal_qq,RISE::RISE_S005::2025-04-02,RISE,RISE::RISE_S005,-0.5060968919583516,-0.4645842581337648
normal_qq,IZTECH::IZTECH_S008::2025-03-05,IZTECH,IZTECH::IZTECH_S008,-0.5010427592680854,-0.46396928674316956
normal_qq,THUAS::THUAS_S001::2025-02-23,THUAS,THUAS::THUAS_S001,-0.4960013931019464,-0.45812157059474845
normal_qq,THUAS::THUAS_S003::2025-03-20,THUAS,THUAS::THUAS_S003,-0.49097260163901174,-0.45628705621649795
normal_qq,THUAS::THUAS_S011::2025-05-16,THUAS,THUAS::THUAS_S011,-0.48595619576069704,-0.4550237044572863
normal_qq,BAUA::BAUA_S006::2025-06-13,BAUA,BAUA::BAUA_S006,-0.4809519889876285,-0.4532277913705255
normal_qq,FUSPCEU::FUSPCEU_S025::2025-02-06,FUSPCEU,FUSPCEU::FUSPCEU_S025,-0.47595979741819117,-0.4525674567923612
normal_qq,TUM::TUM_S001::2024-05-15,TUM,TUM::TUM_S001,-0.47097943966869676,-0.45160614171484936
normal_qq,UCR::UCR_S001::2025-06-17,UCR,UCR::UCR_S001,-0.46601073681511795,-0.45061378737678937
normal_qq,BAUA::BAUA_S014::2025-07-21,BAUA,BAUA::BAUA_S014,-0.46105351233633723,-0.4501857773042966
normal_qq,FUSPCEU::FUSPCEU_S006::2024-10-15,FUSPCEU,FUSPCEU::FUSPCEU_S006,-0.45610759205886164,-0.4499256485708799
normal_qq,IZTECH::IZTECH_S010::2025-04-18,IZTECH,IZTECH::IZTECH_S010,-0.45117280410295424,-0.44976322944004116
normal_qq,THUAS::THUAS_S018::2025-09-26,THUAS,THUAS::THUAS_S018,-0.4462489788301355,-0.4476649956089993
normal_qq,IZTECH::IZTECH_S016::2025-05-06,IZTECH,IZTECH::IZTECH_S016,-0.441335948792014,-0.44410705854589083
normal_qq,TUM::TUM_S008::2024-07-12,TUM,TUM::TUM_S008,-0.43643354868039874,-0.4341776186130917
normal_qq,FUSPCEU::FUSPCEU_S012::2024-12-05,FUSPCEU,FUSPCEU::FUSPCEU_S012,-0.4315416152786557,-0.43394605999781577
normal_qq,FUSPCEU::FUSPCEU_S016::2024-11-27,FUSPCEU,FUSPCEU::FUSPCEU_S016,-0.42665998741426675,-0.4329839939549655
normal_qq,THUAS::THUAS_S017::2025-09-10,THUAS,THUAS::THUAS_S017,-0.42178850591255407,-0.4297052597939189
normal_qq,FUSPCEU::FUSPCEU_S003::2024-10-08,FUSPCEU,FUSPCEU::FUSPCEU_S003,-0.4169270135515314,-0.4283317870379343
normal_qq,RISE::RISE_S005::2025-04-04,RISE,RISE::RISE_S005,-0.4120753550178493,-0.42457693341653063
normal_qq,THUAS::THUAS_S007::2025-04-12,THUAS,THUAS::THUAS_S007,-0.40723337686379685,-0.42398983786836425
normal_qq,UCR::UCR_S006::2025-06-27,UCR,UCR::UCR_S006,-0.40240092746532885,-0.42210848788181055
normal_qq,KNUST::KNUST_S015::2025-01-29,KNUST,KNUST::KNUST_S015,-0.39757785698108616,-0.42121190678376547
normal_qq,BAUA::BAUA_S004::2025-06-11,BAUA,BAUA::BAUA_S004,-0.39276401731237764,-0.4189034329106585
normal_qq,KNUST::KNUST_S005::2024-11-07,KNUST,KNUST::KNUST_S005,-0.3879592620640951,-0.4177335456289422
normal_qq,IZTECH::IZTECH_S007::2025-02-27,IZTECH,IZTECH::IZTECH_S007,-0.3831634465065305,-0.4161266533480735
normal_qq,TUM::TUM_S008::2024-07-10,TUM,TUM::TUM_S008,-0.3783764275380697,-0.4149162328153856
normal_qq,THUAS::THUAS_S014::2025-07-08,THUAS,THUAS::THUAS_S014,-0.37359806364873505,-0.4122218169608815
normal_qq,FUSPCEU::FUSPCEU_S012::2024-12-04,FUSPCEU,FUSPCEU::FUSPCEU_S012,-0.36882821488455114,-0.4075440258324293
normal_qq,IZTECH::IZTECH_S016::2025-05-09,IZTECH,IZTECH::IZTECH_S016,-0.36406674281270646,-0.40623984080175063
normal_qq,IZTECH::IZTECH_S016::2025-05-07,IZTECH,IZTECH::IZTECH_S016,-0.35931351048749216,-0.39980548414328454
normal_qq,RISE::RISE_S013::2025-06-25,RISE,RISE::RISE_S013,-0.35456838241698646,-0.39797206283444836
normal_qq,THUAS::THUAS_S017::2025-09-11,THUAS,THUAS::THUAS_S017,-0.3498312245304713,-0.39729097127822643
normal_qq,IZTECH::IZTECH_S001::2024-12-29,IZTECH,IZTECH::IZTECH_S001,-0.3451019041465504,-0.3966541113424471
normal_qq,UCR::UCR_S002::2025-06-17,UCR,UCR::UCR_S002,-0.3403802899419537,-0.3936041986068546
normal_qq,RISE::RISE_S005::2025-04-01,RISE,RISE::RISE_S005,-0.3356662519210054,-0.3895804928259051
normal_qq,THUAS::THUAS_S005::2025-03-29,THUAS,THUAS::THUAS_S005,-0.33095966138573596,-0.3852566231907575
normal_qq,IZTECH::IZTECH_S016::2025-05-08,IZTECH,IZTECH::IZTECH_S016,-0.32626039090661724,-0.38142542625360765
normal_qq,RISE::RISE_S005::2025-04-03,RISE,RISE::RISE_S005,-0.3215683142939058,-0.3754939573398487
normal_qq,IZTECH::IZTECH_S017::2025-05-28,IZTECH,IZTECH::IZTECH_S017,-0.3168833065695729,-0.37474374958391554
normal_qq,IZTECH::IZTECH_S017::2025-05-29,IZTECH,IZTECH::IZTECH_S017,-0.31220524393980414,-0.37404084624740597
normal_qq,BAUA::BAUA_S002::2025-06-15,BAUA,BAUA::BAUA_S002,-0.3075340037680548,-0.3737994327886043
normal_qq,RISE::RISE_S004::2025-03-28,RISE,RISE::RISE_S004,-0.30286946454864055,-0.3690363738100751
normal_qq,FUSPCEU::FUSPCEU_S023::2025-01-31,FUSPCEU,FUSPCEU::FUSPCEU_S023,-0.29821150588084844,-0.36886739329088414
normal_qq,RISE::RISE_S007::2025-04-17,RISE,RISE::RISE_S007,-0.29356000844355673,-0.36338573005952085
normal_qq,RISE::RISE_S008::2025-05-04,RISE,RISE::RISE_S008,-0.28891485397034145,-0.3602372000489359
normal_qq,IZTECH::IZTECH_S014::2025-04-30,IZTECH,IZTECH::IZTECH_S014,-0.28427592522506234,-0.3557327529677025
normal_qq,THUAS::THUAS_S018::2025-09-25,THUAS,THUAS::THUAS_S018,-0.2796431059779091,-0.34195075654273016
normal_qq,FUSPCEU::FUSPCEU_S011::2024-11-14,FUSPCEU,FUSPCEU::FUSPCEU_S011,-0.2750162809818949,-0.34030719888081035
normal_qq,BAUA::BAUA_S002::2025-06-16,BAUA,BAUA::BAUA_S002,-0.27039533594978876,-0.3389203217247175
normal_qq,RISE::RISE_S006::2025-04-18,RISE,RISE::RISE_S006,-0.26578015753146567,-0.33181074545253414
normal_qq,IZTECH::IZTECH_S010::2025-04-17,IZTECH,IZTECH::IZTECH_S010,-0.26117063329166845,-0.33013334992632043
normal_qq,KNUST::KNUST_S004::2024-11-01,KNUST,KNUST::KNUST_S004,-0.2565666516881674,-0.3292808873986412
normal_qq,IZTECH::IZTECH_S002::2025-01-10,IZTECH,IZTECH::IZTECH_S002,-0.2519681020503042,-0.3283816451631939
normal_qq,KNUST::KNUST_S015::2025-01-30,KNUST,KNUST::KNUST_S015,-0.2473748745579095,-0.3088377857707995
normal_qq,FUSPCEU::FUSPCEU_S008::2024-10-23,FUSPCEU,FUSPCEU::FUSPCEU_S008,-0.2427868602205862,-0.30854367932614696
normal_qq,RISE::RISE_S004::2025-03-29,RISE,RISE::RISE_S004,-0.23820395085734036,-0.2972495922696748
normal_qq,FUSPCEU::FUSPCEU_S016::2024-11-26,FUSPCEU,FUSPCEU::FUSPCEU_S016,-0.23362603907655716,-0.29410402157663834
normal_qq,THUAS::THUAS_S011::2025-05-15,THUAS,THUAS::THUAS_S011,-0.22905301825630595,-0.2927665966763138
normal_qq,FUSPCEU::FUSPCEU_S008::2024-10-24,FUSPCEU,FUSPCEU::FUSPCEU_S008,-0.2244847825249662,-0.2925038440196477
normal_qq,UCR::UCR_S002::2025-06-21,UCR,UCR::UCR_S002,-0.21992122674216572,-0.2899284400165797
normal_qq,UCR::UCR_S004::2025-06-26,UCR,UCR::UCR_S004,-0.21536224648001986,-0.2863578875556813
normal_qq,THUAS::THUAS_S016::2025-07-11,THUAS,THUAS::THUAS_S016,-0.21080773800466276,-0.282517995299011
normal_qq,BAUA::BAUA_S003::2025-06-13,BAUA,BAUA::BAUA_S003,-0.2062575982580631,-0.2806754986103869
normal_qq,FUSPCEU::FUSPCEU_S008::2024-10-25,FUSPCEU,FUSPCEU::FUSPCEU_S008,-0.20171172484011315,-0.2764552932492926
normal_qq,FUSPCEU::FUSPCEU_S008::2024-10-22,FUSPCEU,FUSPCEU::FUSPCEU_S008,-0.19717001599098435,-0.27275786545022324
normal_qq,THUAS::THUAS_S010::2025-06-09,THUAS,THUAS::THUAS_S010,-0.19263237057374089,-0.26647086650136453
normal_qq,BAUA::BAUA_S001::2025-06-12,BAUA,BAUA::BAUA_S001,-0.18809868805720195,-0.26303631815458295
normal_qq,RISE::RISE_S010::2025-06-10,RISE,RISE::RISE_S010,-0.18356886849904516,-0.2553807496913212
normal_qq,KNUST::KNUST_S012::2025-01-10,KNUST,KNUST::KNUST_S012,-0.17904281252914522,-0.2518475669700154
normal_qq,THUAS::THUAS_S002::2025-03-05,THUAS,THUAS::THUAS_S002,-0.17452042133313617,-0.2506826535775552
normal_qq,BAUA::BAUA_S013::2025-07-18,BAUA,BAUA::BAUA_S013,-0.17000159663619438,-0.24749271912746265
normal_qq,BAUA::BAUA_S001::2025-06-11,BAUA,BAUA::BAUA_S001,-0.16548624068703158,-0.24635057861367368
normal_qq,KNUST::KNUST_S010::2024-12-15,KNUST,KNUST::KNUST_S010,-0.1609742562420919,-0.244342750663926
normal_qq,IZTECH::IZTECH_S014::2025-05-02,IZTECH,IZTECH::IZTECH_S014,-0.1564655465499473,-0.24109768848133165
normal_qq,BAUA::BAUA_S006::2025-06-11,BAUA,BAUA::BAUA_S006,-0.1519600153358823,-0.23843394179889127
normal_qq,UCR::UCR_S006::2025-06-24,UCR,UCR::UCR_S006,-0.14745756678666197,-0.23199486715008152
normal_qq,KNUST::KNUST_S015::2025-01-31,KNUST,KNUST::KNUST_S015,-0.1429581055354791,-0.23100619898339098
normal_qq,BAUA::BAUA_S003::2025-06-12,BAUA,BAUA::BAUA_S003,-0.13846153664707037,-0.22938292463958795
normal_qq,RISE::RISE_S009::2025-05-30,RISE,RISE::RISE_S009,-0.13396776560299672,-0.22587672054193647
normal_qq,TUM::TUM_S004::2024-06-14,TUM,TUM::TUM_S004,-0.12947669828708433,-0.21798192000874733
normal_qq,FUSPCEU::FUSPCEU_S023::2025-01-30,FUSPCEU,FUSPCEU::FUSPCEU_S023,-0.12498824097101484,-0.21445174034441053
normal_qq,THUAS::THUAS_S005::2025-03-26,THUAS,THUAS::THUAS_S005,-0.120502300300065,-0.21035494922151898
normal_qq,KNUST::KNUST_S006::2024-11-17,KNUST,KNUST::KNUST_S006,-0.1160187832789844,-0.20449384257938152
normal_qq,UCR::UCR_S003::2025-06-19,UCR,UCR::UCR_S003,-0.11153759725800902,-0.20161604100516753
normal_qq,KNUST::KNUST_S013::2025-01-17,KNUST,KNUST::KNUST_S013,-0.10705864991900452,-0.19788253098942357
normal_qq,IZTECH::IZTECH_S014::2025-05-03,IZTECH,IZTECH::IZTECH_S014,-0.10258184926173243,-0.18811353745483542
normal_qq,BAUA::BAUA_S014::2025-07-17,BAUA,BAUA::BAUA_S014,-0.09810710359023408,-0.17635288920220976
normal_qq,THUAS::THUAS_S014::2025-07-09,THUAS,THUAS::THUAS_S014,-0.09363432149932925,-0.1715230832353987
normal_qq,THUAS::THUAS_S007::2025-04-09,THUAS,THUAS::THUAS_S007,-0.08916341186122065,-0.17142764864920992
normal_qq,TUM::TUM_S009::2024-07-20,TUM,TUM::TUM_S009,-0.08469428381220093,-0.1699713493669918
normal_qq,KNUST::KNUST_S015::2025-02-01,KNUST,KNUST::KNUST_S015,-0.08022684673945847,-0.1618085415129799
normal_qq,FUSPCEU::FUSPCEU_S017::2024-12-04,FUSPCEU,FUSPCEU::FUSPCEU_S017,-0.07576101026797319,-0.15981243469405496
normal_qq,IZTECH::IZTECH_S007::2025-03-01,IZTECH,IZTECH::IZTECH_S007,-0.07129668424750156,-0.14593777853925166
normal_qq,IZTECH::IZTECH_S004::2025-01-24,IZTECH,IZTECH::IZTECH_S004,-0.0668337787396427,-0.13642526992814707
normal_qq,RISE::RISE_S007::2025-04-16,RISE,RISE::RISE_S007,-0.06237220400498167,-0.13301133508697505
normal_qq,BAUA::BAUA_S001::2025-06-16,BAUA,BAUA::BAUA_S001,-0.05791187049030653,-0.1317739817984404
normal_qq,TUM::TUM_S003::2024-06-07,TUM,TUM::TUM_S003,-0.053452688815892185,-0.1313604115871584
normal_qq,TUM::TUM_S006::2024-06-26,TUM,TUM::TUM_S006,-0.04899456976284711,-0.1270034658425919
normal_qq,BAUA::BAUA_S024::2025-10-14,BAUA,BAUA::BAUA_S024,-0.04453742426051971,-0.12692308106697553
normal_qq,THUAS::THUAS_S011::2025-05-14,THUAS,THUAS::THUAS_S011,-0.040081163373957174,-0.12189820877294005
normal_qq,THUAS::THUAS_S018::2025-09-23,THUAS,THUAS::THUAS_S018,-0.035625698291413516,-0.12187313026450367
normal_qq,BAUA::BAUA_S003::2025-06-14,BAUA,BAUA::BAUA_S003,-0.031170940311903338,-0.1161256667781979
normal_qq,BAUA::BAUA_S015::2025-07-26,BAUA,BAUA::BAUA_S015,-0.02671680083279441,-0.11455950692373366
normal_qq,BAUA::BAUA_S014::2025-07-16,BAUA,BAUA::BAUA_S014,-0.022263191337435703,-0.11446367342180991
normal_qq,BAUA::BAUA_S018::2025-09-09,BAUA,BAUA::BAUA_S018,-0.017810023382817865,-0.11207157859568706
normal_qq,IZTECH::IZTECH_S010::2025-04-20,IZTECH,IZTECH::IZTECH_S010,-0.01335720858725814,-0.11041141751237823
normal_qq,THUAS::THUAS_S015::2025-07-12,THUAS,THUAS::THUAS_S015,-0.008904658618109403,-0.11029229988439586
normal_qq,THUAS::THUAS_S016::2025-07-09,THUAS,THUAS::THUAS_S016,-0.004452285179485535,-0.09877498105608065
normal_qq,IZTECH::IZTECH_S014::2025-04-29,IZTECH,IZTECH::IZTECH_S014,0,-0.0978430263441796
normal_qq,BAUA::BAUA_S009::2025-06-25,BAUA,BAUA::BAUA_S009,0.0044522851794853964,-0.09364166338568276
normal_qq,THUAS::THUAS_S016::2025-07-10,THUAS,THUAS::THUAS_S016,0.00890465861810954,-0.09130519211899832
normal_qq,IZTECH::IZTECH_S006::2025-02-21,IZTECH,IZTECH::IZTECH_S006,0.01335720858725814,-0.09069092490933198
normal_qq,KNUST::KNUST_S012::2025-01-09,KNUST,KNUST::KNUST_S012,0.017810023382817727,-0.08781333224487062
normal_qq,THUAS::THUAS_S003::2025-03-23,THUAS,THUAS::THUAS_S003,0.022263191337435838,-0.08716895361794179
normal_qq,KNUST::KNUST_S010::2024-12-13,KNUST,KNUST::KNUST_S010,0.02671680083279441,-0.08021706692960529
normal_qq,IZTECH::IZTECH_S003::2025-01-10,IZTECH,IZTECH::IZTECH_S003,0.031170940311903338,-0.06788924343292346
normal_qq,BAUA::BAUA_S002::2025-06-13,BAUA,BAUA::BAUA_S002,0.035625698291413654,-0.06375620786483067
normal_qq,FUSPCEU::FUSPCEU_S005::2024-10-19,FUSPCEU,FUSPCEU::FUSPCEU_S005,0.040081163373957174,-0.06322260742367619
normal_qq,RISE::RISE_S012::2025-06-13,RISE,RISE::RISE_S012,0.04453742426051971,-0.059564548061772145
normal_qq,TUM::TUM_S006::2024-06-25,TUM,TUM::TUM_S006,0.048994569762847245,-0.05764514625239678
normal_qq,RISE::RISE_S009::2025-06-01,RISE,RISE::RISE_S009,0.053452688815892185,-0.057576000022208
normal_qq,FUSPCEU::FUSPCEU_S015::2024-12-01,FUSPCEU,FUSPCEU::FUSPCEU_S015,0.05791187049030653,-0.053689093685571
normal_qq,THUAS::THUAS_S005::2025-03-25,THUAS,THUAS::THUAS_S005,0.06237220400498153,-0.04841376163361251
normal_qq,TUM::TUM_S009::2024-07-18,TUM,TUM::TUM_S009,0.0668337787396427,-0.04650590901513242
normal_qq,BAUA::BAUA_S013::2025-07-21,BAUA,BAUA::BAUA_S013,0.07129668424750156,-0.04486020925931896
normal_qq,RISE::RISE_S001::2025-03-04,RISE,RISE::RISE_S001,0.07576101026797301,-0.03197537279339763
normal_qq,RISE::RISE_S016::2025-10-10,RISE,RISE::RISE_S016,0.08022684673945847,-0.030650127665720086
normal_qq,THUAS::THUAS_S015::2025-07-08,THUAS,THUAS::THUAS_S015,0.08469428381220093,-0.027804197289248503
normal_qq,IZTECH::IZTECH_S001::2024-12-27,IZTECH,IZTECH::IZTECH_S001,0.0891634118612205,-0.025702648112701534
normal_qq,BAUA::BAUA_S016::2025-07-24,BAUA,BAUA::BAUA_S016,0.09363432149932939,-0.02324336030408631
normal_qq,TUM::TUM_S010::2024-07-23,TUM,TUM::TUM_S010,0.09810710359023408,-0.022046316341049057
normal_qq,FUSPCEU::FUSPCEU_S019::2024-12-11,FUSPCEU,FUSPCEU::FUSPCEU_S019,0.10258184926173229,-0.02110365231340177
normal_qq,RISE::RISE_S012::2025-06-11,RISE,RISE::RISE_S012,0.10705864991900466,-0.018509292789762846
normal_qq,RISE::RISE_S012::2025-06-14,RISE,RISE::RISE_S012,0.11153759725800902,-0.015491638479564385
normal_qq,IZTECH::IZTECH_S010::2025-04-19,IZTECH,IZTECH::IZTECH_S010,0.11601878327898427,-0.00804426587207921
normal_qq,IZTECH::IZTECH_S015::2025-05-02,IZTECH,IZTECH::IZTECH_S015,0.12050230030006513,-0.004005046806368093
normal_qq,RISE::RISE_S006::2025-04-15,RISE,RISE::RISE_S006,0.12498824097101484,-0.0034080621894953043
normal_qq,THUAS::THUAS_S014::2025-07-10,THUAS,THUAS::THUAS_S014,0.1294766982870842,3.465776866068578e-5
normal_qq,RISE::RISE_S006::2025-04-17,RISE,RISE::RISE_S006,0.13396776560299686,0.0021940317822566873
normal_qq,BAUA::BAUA_S004::2025-06-14,BAUA,BAUA::BAUA_S004,0.13846153664707037,0.005843989543774552
normal_qq,THUAS::THUAS_S016::2025-07-08,THUAS,THUAS::THUAS_S016,0.1429581055354791,0.014610813362963427
normal_qq,FUSPCEU::FUSPCEU_S009::2024-11-10,FUSPCEU,FUSPCEU::FUSPCEU_S009,0.1474575667866621,0.015215753569296846
normal_qq,KNUST::KNUST_S014::2025-01-21,KNUST,KNUST::KNUST_S014,0.1519600153358823,0.020440146091849545
normal_qq,RISE::RISE_S012::2025-06-16,RISE,RISE::RISE_S012,0.1564655465499473,0.02047889483807687
normal_qq,FUSPCEU::FUSPCEU_S007::2024-10-23,FUSPCEU,FUSPCEU::FUSPCEU_S007,0.16097425624209205,0.022730291070939115
normal_qq,RISE::RISE_S004::2025-03-26,RISE,RISE::RISE_S004,0.16548624068703158,0.0228540915299004
normal_qq,FUSPCEU::FUSPCEU_S023::2025-01-28,FUSPCEU,FUSPCEU::FUSPCEU_S023,0.17000159663619438,0.02533938733643577
normal_qq,IZTECH::IZTECH_S002::2025-01-08,IZTECH,IZTECH::IZTECH_S002,0.17452042133313603,0.03328864101449543
normal_qq,IZTECH::IZTECH_S004::2025-01-22,IZTECH,IZTECH::IZTECH_S004,0.17904281252914522,0.04327438294844398
normal_qq,FUSPCEU::FUSPCEU_S007::2024-10-25,FUSPCEU,FUSPCEU::FUSPCEU_S007,0.18356886849904516,0.04618246914426805
normal_qq,FUSPCEU::FUSPCEU_S022::2025-01-28,FUSPCEU,FUSPCEU::FUSPCEU_S022,0.18809868805720178,0.04879545384161089
normal_qq,THUAS::THUAS_S007::2025-04-08,THUAS,THUAS::THUAS_S007,0.19263237057374105,0.05093932042522684
normal_qq,BAUA::BAUA_S016::2025-07-26,BAUA,BAUA::BAUA_S016,0.19717001599098435,0.05105286861246123
normal_qq,IZTECH::IZTECH_S016::2025-05-10,IZTECH,IZTECH::IZTECH_S016,0.20171172484011302,0.05255941130207505
normal_qq,BAUA::BAUA_S025::2025-10-18,BAUA,BAUA::BAUA_S025,0.20625759825806322,0.054161019235275325
normal_qq,TUM::TUM_S003::2024-06-05,TUM,TUM::TUM_S003,0.21080773800466276,0.05717387082367973
normal_qq,UCR::UCR_S002::2025-06-18,UCR,UCR::UCR_S002,0.21536224648001973,0.07277277128043609
normal_qq,BAUA::BAUA_S025::2025-10-17,BAUA,BAUA::BAUA_S025,0.21992122674216585,0.07333558432367909
normal_qq,RISE::RISE_S006::2025-04-19,RISE,RISE::RISE_S006,0.2244847825249662,0.0769022242202454
normal_qq,TUM::TUM_S002::2024-05-30,TUM,TUM::TUM_S002,0.22905301825630583,0.07814887947369129
normal_qq,IZTECH::IZTECH_S011::2025-04-15,IZTECH,IZTECH::IZTECH_S011,0.23362603907655724,0.07815363672640607
normal_qq,KNUST::KNUST_S002::2024-10-16,KNUST,KNUST::KNUST_S002,0.23820395085734036,0.0903854382240897
normal_qq,UCR::UCR_S005::2025-06-26,UCR,UCR::UCR_S005,0.24278686022058607,0.09231724978165666
normal_qq,TUM::TUM_S004::2024-06-13,TUM,TUM::TUM_S004,0.24737487455790963,0.09255955070184875
normal_qq,KNUST::KNUST_S010::2024-12-10,KNUST,KNUST::KNUST_S010,0.2519681020503042,0.09258420147281504
normal_qq,UCR::UCR_S002::2025-06-22,UCR,UCR::UCR_S002,0.2565666516881674,0.09869218912128644
normal_qq,RISE::RISE_S001::2025-03-08,RISE,RISE::RISE_S001,0.2611706332916686,0.09909033177913688
normal_qq,BAUA::BAUA_S013::2025-07-16,BAUA,BAUA::BAUA_S013,0.26578015753146567,0.10086531854561699
normal_qq,IZTECH::IZTECH_S004::2025-01-26,IZTECH,IZTECH::IZTECH_S004,0.27039533594978876,0.10712147743091797
normal_qq,RISE::RISE_S013::2025-06-29,RISE,RISE::RISE_S013,0.2750162809818951,0.10838094999337053
normal_qq,RISE::RISE_S012::2025-06-10,RISE,RISE::RISE_S012,0.2796431059779091,0.10980718297580566
normal_qq,BAUA::BAUA_S015::2025-07-24,BAUA,BAUA::BAUA_S015,0.28427592522506234,0.11341154428309642
normal_qq,IZTECH::IZTECH_S014::2025-05-04,IZTECH,IZTECH::IZTECH_S014,0.28891485397034133,0.11530981311697948
normal_qq,IZTECH::IZTECH_S017::2025-05-31,IZTECH,IZTECH::IZTECH_S017,0.29356000844355673,0.11955095689257068
normal_qq,RISE::RISE_S012::2025-06-12,RISE,RISE::RISE_S012,0.29821150588084844,0.12078876548261068
normal_qq,BAUA::BAUA_S015::2025-07-23,BAUA,BAUA::BAUA_S015,0.30286946454864033,0.12372072438567666
normal_qq,FUSPCEU::FUSPCEU_S013::2024-11-22,FUSPCEU,FUSPCEU::FUSPCEU_S013,0.30753400376805495,0.12586735443893649
normal_qq,THUAS::THUAS_S005::2025-03-30,THUAS,THUAS::THUAS_S005,0.31220524393980414,0.1264381293916416
normal_qq,RISE::RISE_S009::2025-05-31,RISE,RISE::RISE_S009,0.31688330656957275,0.13034520718642456
normal_qq,IZTECH::IZTECH_S001::2024-12-30,IZTECH,IZTECH::IZTECH_S001,0.321568314293906,0.13039974403327903
normal_qq,RISE::RISE_S012::2025-06-15,RISE,RISE::RISE_S012,0.32626039090661724,0.13209737420844006
normal_qq,THUAS::THUAS_S014::2025-07-13,THUAS,THUAS::THUAS_S014,0.33095966138573585,0.1344220595319978
normal_qq,UCR::UCR_S001::2025-06-22,UCR,UCR::UCR_S001,0.3356662519210056,0.13668088839012707
normal_qq,TUM::TUM_S008::2024-07-13,TUM,TUM::TUM_S008,0.3403802899419537,0.1433950008180377
normal_qq,UCR::UCR_S003::2025-06-17,UCR,UCR::UCR_S003,0.3451019041465502,0.14379641302565313
normal_qq,BAUA::BAUA_S022::2025-09-29,BAUA,BAUA::BAUA_S022,0.3498312245304714,0.14720337346476123
normal_qq,TUM::TUM_S006::2024-06-29,TUM,TUM::TUM_S006,0.35456838241698646,0.14824039363260935
normal_qq,KNUST::KNUST_S014::2025-01-26,KNUST,KNUST::KNUST_S014,0.359313510487492,0.1504293532163895
normal_qq,IZTECH::IZTECH_S011::2025-04-16,IZTECH,IZTECH::IZTECH_S011,0.3640667428127067,0.15716493432577516
normal_qq,FUSPCEU::FUSPCEU_S004::2024-10-13,FUSPCEU,FUSPCEU::FUSPCEU_S004,0.36882821488455114,0.15987874330098156
normal_qq,UCR::UCR_S005::2025-06-27,UCR,UCR::UCR_S005,0.37359806364873505,0.16136039005662597
normal_qq,IZTECH::IZTECH_S002::2025-01-07,IZTECH,IZTECH::IZTECH_S002,0.3783764275380698,0.16234425146529585
normal_qq,IZTECH::IZTECH_S011::2025-04-18,IZTECH,IZTECH::IZTECH_S011,0.3831634465065305,0.16835956083227518
normal_qq,THUAS::THUAS_S014::2025-07-11,THUAS,THUAS::THUAS_S014,0.3879592620640951,0.17154259073670133
normal_qq,RISE::RISE_S009::2025-05-29,RISE,RISE::RISE_S009,0.39276401731237753,0.17782941889532758
normal_qq,IZTECH::IZTECH_S011::2025-04-17,IZTECH,IZTECH::IZTECH_S011,0.39757785698108616,0.18435494430369453
normal_qq,UCR::UCR_S003::2025-06-18,UCR,UCR::UCR_S003,0.40240092746532885,0.19563539874374167
normal_qq,THUAS::THUAS_S015::2025-07-11,THUAS,THUAS::THUAS_S015,0.4072333768637966,0.20187568226380653
normal_qq,RISE::RISE_S013::2025-06-27,RISE,RISE::RISE_S013,0.4120753550178493,0.20520799954452576
normal_qq,KNUST::KNUST_S011::2024-12-20,KNUST,KNUST::KNUST_S011,0.4169270135515314,0.21114101936899213
normal_qq,UCR::UCR_S005::2025-06-25,UCR,UCR::UCR_S005,0.42178850591255396,0.21326318932627153
normal_qq,BAUA::BAUA_S016::2025-07-25,BAUA,BAUA::BAUA_S016,0.42665998741426686,0.21686915507434662
normal_qq,RISE::RISE_S005::2025-04-05,RISE,RISE::RISE_S005,0.4315416152786557,0.21724271298596412
normal_qq,IZTECH::IZTECH_S008::2025-03-06,IZTECH,IZTECH::IZTECH_S008,0.43643354868039863,0.21955147328305638
normal_qq,THUAS::THUAS_S014::2025-07-12,THUAS,THUAS::THUAS_S014,0.4413359487920141,0.22209534473655138
normal_qq,BAUA::BAUA_S013::2025-07-19,BAUA,BAUA::BAUA_S013,0.4462489788301355,0.2259880305690735
normal_qq,IZTECH::IZTECH_S004::2025-01-25,IZTECH,IZTECH::IZTECH_S004,0.45117280410295413,0.22715313887002553
normal_qq,FUSPCEU::FUSPCEU_S013::2024-11-24,FUSPCEU,FUSPCEU::FUSPCEU_S013,0.45610759205886175,0.23657529199072252
normal_qq,THUAS::THUAS_S005::2025-03-28,THUAS,THUAS::THUAS_S005,0.46105351233633723,0.24303075948394726
normal_qq,BAUA::BAUA_S015::2025-07-25,BAUA,BAUA::BAUA_S015,0.4660107368151177,0.249889563619228
normal_qq,UCR::UCR_S006::2025-06-29,UCR,UCR::UCR_S006,0.47097943966869693,0.25140038403857395
normal_qq,BAUA::BAUA_S025::2025-10-14,BAUA,BAUA::BAUA_S025,0.47595979741819117,0.2518182715257115
normal_qq,FUSPCEU::FUSPCEU_S011::2024-11-16,FUSPCEU,FUSPCEU::FUSPCEU_S011,0.48095198898762825,0.25370688948647885
normal_qq,RISE::RISE_S001::2025-03-09,RISE,RISE::RISE_S001,0.4859561957606971,0.2571016784337069
normal_qq,TUM::TUM_S010::2024-07-25,TUM,TUM::TUM_S010,0.49097260163901174,0.26010496249798526
normal_qq,FUSPCEU::FUSPCEU_S006::2024-10-16,FUSPCEU,FUSPCEU::FUSPCEU_S006,0.4960013931019464,0.2655878699290443
normal_qq,BAUA::BAUA_S013::2025-07-20,BAUA,BAUA::BAUA_S013,0.5010427592680855,0.26762309853696314
normal_qq,THUAS::THUAS_S016::2025-07-13,THUAS,THUAS::THUAS_S016,0.5060968919583516,0.26762361773599064
normal_qq,RISE::RISE_S008::2025-05-01,RISE,RISE::RISE_S008,0.511163985760868,0.2703738321874139
normal_qq,RISE::RISE_S006::2025-04-16,RISE,RISE::RISE_S006,0.5162442380976137,0.28438567477595267
normal_qq,TUM::TUM_S001::2024-05-17,TUM,TUM::TUM_S001,0.5213378492929378,0.29407388200816603
normal_qq,TUM::TUM_S002::2024-05-29,TUM,TUM::TUM_S002,0.5264450226439911,0.3016367847605186
normal_qq,FUSPCEU::FUSPCEU_S013::2024-11-23,FUSPCEU,FUSPCEU::FUSPCEU_S013,0.5315659644931545,0.30643524800371696
normal_qq,FUSPCEU::FUSPCEU_S018::2024-12-12,FUSPCEU,FUSPCEU::FUSPCEU_S018,0.5367008843025233,0.3235356521034148
normal_qq,THUAS::THUAS_S017::2025-09-09,THUAS,THUAS::THUAS_S017,0.5418499947305261,0.3237775687738028
normal_qq,IZTECH::IZTECH_S014::2025-05-01,IZTECH,IZTECH::IZTECH_S014,0.5470135117107584,0.32771479275327553
normal_qq,FUSPCEU::FUSPCEU_S015::2024-11-26,FUSPCEU,FUSPCEU::FUSPCEU_S015,0.5521916545331036,0.32956001765157994
normal_qq,IZTECH::IZTECH_S009::2025-03-21,IZTECH,IZTECH::IZTECH_S009,0.5573846459272288,0.335475951498524
normal_qq,RISE::RISE_S006::2025-04-20,RISE,RISE::RISE_S006,0.5625927121485436,0.3474394471923256
normal_qq,BAUA::BAUA_S016::2025-07-28,BAUA,BAUA::BAUA_S016,0.5678160830667085,0.3497874951309244
normal_qq,FUSPCEU::FUSPCEU_S023::2025-02-01,FUSPCEU,FUSPCEU::FUSPCEU_S023,0.5730549922567885,0.3576260129801348
normal_qq,THUAS::THUAS_S015::2025-07-09,THUAS,THUAS::THUAS_S015,0.5783096770931533,0.3597100724961613
normal_qq,IZTECH::IZTECH_S002::2025-01-11,IZTECH,IZTECH::IZTECH_S002,0.5835803788462237,0.3630771406528626
normal_qq,FUSPCEU::FUSPCEU_S018::2024-12-14,FUSPCEU,FUSPCEU::FUSPCEU_S018,0.5888673427821676,0.3662267489300118
normal_qq,THUAS::THUAS_S006::2025-04-03,THUAS,THUAS::THUAS_S006,0.5941708182656693,0.378268992621428
normal_qq,BAUA::BAUA_S014::2025-07-20,BAUA,BAUA::BAUA_S014,0.5994910588658767,0.38047001070348896
normal_qq,FUSPCEU::FUSPCEU_S006::2024-10-19,FUSPCEU,FUSPCEU::FUSPCEU_S006,0.6048283224656514,0.3826592676957521
normal_qq,THUAS::THUAS_S010::2025-06-03,THUAS,THUAS::THUAS_S010,0.6101828713742573,0.38423944396889703
normal_qq,FUSPCEU::FUSPCEU_S024::2025-02-08,FUSPCEU,FUSPCEU::FUSPCEU_S024,0.615554972443609,0.38679930708160337
normal_qq,BAUA::BAUA_S018::2025-09-12,BAUA,BAUA::BAUA_S018,0.6209448971882252,0.3911963415927796
normal_qq,FUSPCEU::FUSPCEU_S016::2024-12-01,FUSPCEU,FUSPCEU::FUSPCEU_S016,0.6263529219090368,0.3935366595233179
normal_qq,IZTECH::IZTECH_S002::2025-01-09,IZTECH,IZTECH::IZTECH_S002,0.6317793278211943,0.3965221606259033
normal_qq,TUM::TUM_S003::2024-06-09,TUM,TUM::TUM_S003,0.6372244011860346,0.39672135447292084
normal_qq,FUSPCEU::FUSPCEU_S003::2024-10-11,FUSPCEU,FUSPCEU::FUSPCEU_S003,0.6426884334473855,0.39676779100057996
normal_qq,TUM::TUM_S001::2024-05-14,TUM,TUM::TUM_S001,0.6481717213723636,0.40185952656666335
normal_qq,RISE::RISE_S016::2025-10-11,RISE,RISE::RISE_S016,0.6536745671968678,0.40732749924134953
normal_qq,BAUA::BAUA_S024::2025-10-18,BAUA,BAUA::BAUA_S024,0.6591972787759448,0.40949734694221956
normal_qq,RISE::RISE_S005::2025-04-06,RISE,RISE::RISE_S005,0.6647401697392393,0.40998544945310406
normal_qq,BAUA::BAUA_S005::2025-06-14,BAUA,BAUA::BAUA_S005,0.6703035596517309,0.4153702798498994
normal_qq,FUSPCEU::FUSPCEU_S017::2024-12-06,FUSPCEU,FUSPCEU::FUSPCEU_S017,0.6758877741799829,0.417854587548176
normal_qq,FUSPCEU::FUSPCEU_S025::2025-02-09,FUSPCEU,FUSPCEU::FUSPCEU_S025,0.6814931452641358,0.4317748749823013
normal_qq,IZTECH::IZTECH_S009::2025-03-22,IZTECH,IZTECH::IZTECH_S009,0.6871200112958854,0.43178146424353275
normal_qq,TUM::TUM_S010::2024-07-24,TUM,TUM::TUM_S010,0.692768717302702,0.4342638368779139
normal_qq,UCR::UCR_S002::2025-06-20,UCR,UCR::UCR_S002,0.6984396151385609,0.44415035311928963
normal_qq,KNUST::KNUST_S013::2025-01-14,KNUST,KNUST::KNUST_S013,0.7041330636814644,0.4582613214384139
normal_qq,THUAS::THUAS_S016::2025-07-12,THUAS,THUAS::THUAS_S016,0.7098494290380482,0.45893139898284463
normal_qq,TUM::TUM_S003::2024-06-08,TUM,TUM::TUM_S003,0.715589084755592,0.46519852953358176
normal_qq,FUSPCEU::FUSPCEU_S016::2024-11-30,FUSPCEU,FUSPCEU::FUSPCEU_S016,0.7213524120417524,0.4804995015057495
normal_qq,THUAS::THUAS_S018::2025-09-27,THUAS,THUAS::THUAS_S018,0.7271397999923643,0.5002426425439989
normal_qq,THUAS::THUAS_S017::2025-09-14,THUAS,THUAS::THUAS_S017,0.7329516458276828,0.5117702403021355
normal_qq,TUM::TUM_S007::2024-07-07,TUM,TUM::TUM_S007,0.7387883551374321,0.5145341749343435
normal_qq,BAUA::BAUA_S018::2025-09-13,BAUA,BAUA::BAUA_S018,0.7446503421350744,0.5272906274072803
normal_qq,IZTECH::IZTECH_S017::2025-05-27,IZTECH,IZTECH::IZTECH_S017,0.7505380299217193,0.5572386036988799
normal_qq,RISE::RISE_S007::2025-04-20,RISE,RISE::RISE_S007,0.7564518507601188,0.5604856215867269
normal_qq,IZTECH::IZTECH_S010::2025-04-16,IZTECH,IZTECH::IZTECH_S010,0.7623922463592182,0.5753871044764677
normal_qq,RISE::RISE_S008::2025-05-03,RISE,RISE::RISE_S008,0.7683596681697662,0.5782900147347658
normal_qq,BAUA::BAUA_S022::2025-09-28,BAUA,BAUA::BAUA_S022,0.774354577691498,0.5810415708187466
normal_qq,KNUST::KNUST_S005::2024-11-09,KNUST,KNUST::KNUST_S005,0.7803774467924519,0.583848655685396
normal_qq,IZTECH::IZTECH_S002::2025-01-12,IZTECH,IZTECH::IZTECH_S002,0.786428758041008,0.5968409652045925
normal_qq,BAUA::BAUA_S004::2025-06-15,BAUA,BAUA::BAUA_S004,0.792509005051253,0.6107769332284456
normal_qq,FUSPCEU::FUSPCEU_S009::2024-11-09,FUSPCEU,FUSPCEU::FUSPCEU_S009,0.7986186928423413,0.6207840490771691
normal_qq,TUM::TUM_S001::2024-05-16,TUM,TUM::TUM_S001,0.8047583382125303,0.6294152174427785
normal_qq,RISE::RISE_S007::2025-04-19,RISE,RISE::RISE_S007,0.8109284701286316,0.63539671875565
normal_qq,IZTECH::IZTECH_S006::2025-02-22,IZTECH,IZTECH::IZTECH_S006,0.8171296301316451,0.6359429256825111
normal_qq,IZTECH::IZTECH_S013::2025-04-26,IZTECH,IZTECH::IZTECH_S013,0.8233623727593992,0.6376786014917342
normal_qq,IZTECH::IZTECH_S012::2025-04-24,IZTECH,IZTECH::IZTECH_S012,0.8296272659870685,0.6476045730558824
normal_qq,FUSPCEU::FUSPCEU_S019::2024-12-15,FUSPCEU,FUSPCEU::FUSPCEU_S019,0.8359248916864893,0.6601773545106263
normal_qq,BAUA::BAUA_S013::2025-07-17,BAUA,BAUA::BAUA_S013,0.8422558461052487,0.660783079019022
normal_qq,FUSPCEU::FUSPCEU_S006::2024-10-17,FUSPCEU,FUSPCEU::FUSPCEU_S006,0.8486207403665909,0.661568142425055
normal_qq,FUSPCEU::FUSPCEU_S012::2024-12-07,FUSPCEU,FUSPCEU::FUSPCEU_S012,0.8550202009912395,0.661949649865617
normal_qq,THUAS::THUAS_S017::2025-09-13,THUAS,THUAS::THUAS_S017,0.8614548704423057,0.669344970872162
normal_qq,THUAS::THUAS_S006::2025-04-02,THUAS,THUAS::THUAS_S006,0.8679254076945336,0.6697326808601114
normal_qq,KNUST::KNUST_S008::2024-11-30,KNUST,KNUST::KNUST_S008,0.8744324888292042,0.6698178159956006
normal_qq,BAUA::BAUA_S025::2025-10-19,BAUA,BAUA::BAUA_S025,0.8809768076561024,0.6740750692106579
normal_qq,KNUST::KNUST_S007::2024-11-21,KNUST,KNUST::KNUST_S007,0.8875590763640632,0.6774564261455233
normal_qq,RISE::RISE_S016::2025-10-12,RISE,RISE::RISE_S016,0.8941800262016797,0.68122574329474594
normal_qq,THUAS::THUAS_S006::2025-04-05,THUAS,THUAS::THUAS_S006,0.9008404081898903,0.7021484595357144
normal_qq,TUM::TUM_S009::2024-07-17,TUM,TUM::TUM_S009,0.9075409938682641,0.7060755370562923
normal_qq,UCR::UCR_S003::2025-06-22,UCR,UCR::UCR_S003,0.9142825760769185,0.722454880789045
normal_qq,IZTECH::IZTECH_S015::2025-05-01,IZTECH,IZTECH::IZTECH_S015,0.9210659697761524,0.7288953864952152
normal_qq,IZTECH::IZTECH_S011::2025-04-19,IZTECH,IZTECH::IZTECH_S011,0.9278920129060129,0.7396216444531122
normal_qq,UCR::UCR_S004::2025-06-29,UCR,UCR::UCR_S004,0.9347615672881585,0.741188988756
normal_qq,TUM::TUM_S006::2024-06-30,TUM,TUM::TUM_S006,0.9416755195725655,0.7436658693986292
normal_qq,BAUA::BAUA_S022::2025-09-27,BAUA,BAUA::BAUA_S022,0.9486347822317942,0.7557981879580118
normal_qq,THUAS::THUAS_S015::2025-07-13,THUAS,THUAS::THUAS_S015,0.9556402946057241,0.7692897113058573
normal_qq,FUSPCEU::FUSPCEU_S022::2025-02-02,FUSPCEU,FUSPCEU::FUSPCEU_S022,0.9626930239998899,0.7794149441523531
normal_qq,KNUST::KNUST_S010::2024-12-12,KNUST,KNUST::KNUST_S010,0.9697939668407592,0.8093353332099303
normal_qq,IZTECH::IZTECH_S015::2025-05-03,IZTECH,IZTECH::IZTECH_S015,0.9769441498915703,0.8176016165338587
normal_qq,TUM::TUM_S009::2024-07-16,TUM,TUM::TUM_S009,0.9841446315325846,0.8627252205268574
normal_qq,RISE::RISE_S004::2025-03-30,RISE,RISE::RISE_S004,0.9913965031099224,0.8713419253611431
normal_qq,IZTECH::IZTECH_S009::2025-03-25,IZTECH,IZTECH::IZTECH_S009,0.9987008903574728,0.8761579935991756
normal_qq,KNUST::KNUST_S001::2024-10-08,KNUST,KNUST::KNUST_S001,1.0060589548966883,0.8783551680733465
normal_qq,KNUST::KNUST_S002::2024-10-20,KNUST,KNUST::KNUST_S002,1.0134718958194862,0.9188592547340589
normal_qq,IZTECH::IZTECH_S016::2025-05-11,IZTECH,IZTECH::IZTECH_S016,1.020940951359868,0.9258821081743712
normal_qq,IZTECH::IZTECH_S006::2025-02-23,IZTECH,IZTECH::IZTECH_S006,1.0284674006603243,0.9480457680472689
normal_qq,RISE::RISE_S008::2025-05-02,RISE,RISE::RISE_S008,1.0360525656395818,0.955460120407228
normal_qq,KNUST::KNUST_S010::2024-12-14,KNUST,KNUST::KNUST_S010,1.0436978129687995,0.9561076553352883
normal_qq,FUSPCEU::FUSPCEU_S017::2024-12-07,FUSPCEU,FUSPCEU::FUSPCEU_S017,1.0514045561638847,0.9614984890251416
normal_qq,THUAS::THUAS_S011::2025-05-18,THUAS,THUAS::THUAS_S011,1.0591742578022705,0.9648960696931917
normal_qq,IZTECH::IZTECH_S003::2025-01-07,IZTECH,IZTECH::IZTECH_S003,1.0670084318731887,0.9841901734246958
normal_qq,UCR::UCR_S006::2025-06-28,UCR,UCR::UCR_S006,1.0749086462712567,0.9855394410540439
normal_qq,BAUA::BAUA_S009::2025-06-28,BAUA,BAUA::BAUA_S009,1.0828765254440411,1.0020124367314553
normal_qq,IZTECH::IZTECH_S003::2025-01-08,IZTECH,IZTECH::IZTECH_S003,1.090913753205232,1.0105863070373462
normal_qq,IZTECH::IZTECH_S012::2025-04-26,IZTECH,IZTECH::IZTECH_S012,1.0990220757260565,1.0214281058975834
normal_qq,KNUST::KNUST_S001::2024-10-12,KNUST,KNUST::KNUST_S001,1.107203304718747,1.024514430837343
normal_qq,TUM::TUM_S005::2024-06-19,TUM,TUM::TUM_S005,1.1154593208271233,1.0310763026027903
normal_qq,FUSPCEU::FUSPCEU_S017::2024-12-08,FUSPCEU,FUSPCEU::FUSPCEU_S017,1.1237920772407561,1.0388158357816693
normal_qq,TUM::TUM_S010::2024-07-26,TUM,TUM::TUM_S010,1.1322036035507341,1.0445403683388261
normal_qq,RISE::RISE_S003::2025-03-22,RISE,RISE::RISE_S003,1.140696009866777,1.0583957001397144
normal_qq,BAUA::BAUA_S018::2025-09-11,BAUA,BAUA::BAUA_S018,1.1492714912173594,1.0669079254014058
normal_qq,FUSPCEU::FUSPCEU_S003::2024-10-13,FUSPCEU,FUSPCEU::FUSPCEU_S003,1.1579323322566248,1.0677672050172267
normal_qq,RISE::RISE_S013::2025-06-28,RISE,RISE::RISE_S013,1.166680912304267,1.0766083615206536
normal_qq,FUSPCEU::FUSPCEU_S003::2024-10-12,FUSPCEU,FUSPCEU::FUSPCEU_S003,1.1755197107471873,1.0777130632072502
normal_qq,IZTECH::IZTECH_S005::2025-01-22,IZTECH,IZTECH::IZTECH_S005,1.1844513128347038,1.0788149539065703
normal_qq,IZTECH::IZTECH_S009::2025-03-24,IZTECH,IZTECH::IZTECH_S009,1.1934784159024041,1.0821158076366972
normal_qq,BAUA::BAUA_S016::2025-07-27,BAUA,BAUA::BAUA_S016,1.2026038360634639,1.0942799578494844
normal_qq,THUAS::THUAS_S001::2025-02-28,THUAS,THUAS::THUAS_S001,1.211830515410402,1.0976990075607005
normal_qq,FUSPCEU::FUSPCEU_S020::2025-01-24,FUSPCEU,FUSPCEU::FUSPCEU_S020,1.2211615297749765,1.120954681739498
normal_qq,FUSPCEU::FUSPCEU_S022::2025-02-01,FUSPCEU,FUSPCEU::FUSPCEU_S022,1.2306000970991997,1.132432175791991
normal_qq,FUSPCEU::FUSPCEU_S007::2024-10-27,FUSPCEU,FUSPCEU::FUSPCEU_S007,1.240149586476447,1.1578330222253563
normal_qq,KNUST::KNUST_S003::2024-10-24,KNUST,KNUST::KNUST_S003,1.2498135279283935,1.1619695831071597
normal_qq,IZTECH::IZTECH_S007::2025-02-28,IZTECH,IZTECH::IZTECH_S007,1.2595956229912084,1.165529868182595
normal_qq,RISE::RISE_S007::2025-04-18,RISE,RISE::RISE_S007,1.2694997561931285,1.1680304214671025
normal_qq,IZTECH::IZTECH_S005::2025-01-26,IZTECH,IZTECH::IZTECH_S005,1.279530007515486,1.168570672399619
normal_qq,UCR::UCR_S003::2025-06-20,UCR,UCR::UCR_S003,1.289690665940584,1.1715475408293494
normal_qq,FUSPCEU::FUSPCEU_S011::2024-11-17,FUSPCEU,FUSPCEU::FUSPCEU_S011,1.2999862442027508,1.2027751789537324
normal_qq,UCR::UCR_S004::2025-06-28,UCR,UCR::UCR_S004,1.3104214948737716,1.2076055976621933
normal_qq,FUSPCEU::FUSPCEU_S018::2024-12-15,FUSPCEU,FUSPCEU::FUSPCEU_S018,1.3210014279309417,1.2123761104757855
normal_qq,BAUA::BAUA_S009::2025-06-26,BAUA,BAUA::BAUA_S009,1.331731329975617,1.2446529012326417
normal_qq,KNUST::KNUST_S009::2024-12-07,KNUST,KNUST::KNUST_S009,1.3426167852928412,1.2495258262329425
normal_qq,IZTECH::IZTECH_S017::2025-06-01,IZTECH,IZTECH::IZTECH_S017,1.3536636989688848,1.2601543692464914
normal_qq,FUSPCEU::FUSPCEU_S012::2024-12-06,FUSPCEU,FUSPCEU::FUSPCEU_S012,1.364878322314019,1.2928300368680608
normal_qq,IZTECH::IZTECH_S013::2025-04-24,IZTECH,IZTECH::IZTECH_S013,1.376267280873374,1.3088362370765665
normal_qq,BAUA::BAUA_S002::2025-06-14,BAUA,BAUA::BAUA_S002,1.387837605350183,1.3098627444608677
normal_qq,IZTECH::IZTECH_S012::2025-04-22,IZTECH,IZTECH::IZTECH_S012,1.3995967658143356,1.3446434650600951
normal_qq,TUM::TUM_S002::2024-05-31,TUM,TUM::TUM_S002,1.411552709626239,1.3745938737709797
normal_qq,THUAS::THUAS_S003::2025-03-22,THUAS,THUAS::THUAS_S003,1.4237139035733848,1.3874863143448777
normal_qq,FUSPCEU::FUSPCEU_S022::2025-01-30,FUSPCEU,FUSPCEU::FUSPCEU_S022,1.4360893807967325,1.3980665988093766
normal_qq,IZTECH::IZTECH_S006::2025-02-18,IZTECH,IZTECH::IZTECH_S006,1.4486887931787344,1.399840508097125
normal_qq,FUSPCEU::FUSPCEU_S018::2024-12-13,FUSPCEU,FUSPCEU::FUSPCEU_S018,1.4615224699777905,1.4028014372608895
normal_qq,THUAS::THUAS_S010::2025-06-08,THUAS,THUAS::THUAS_S010,1.474601483629178,1.4081588206103126
normal_qq,TUM::TUM_S003::2024-06-04,TUM,TUM::TUM_S003,1.48793772379513,1.4122585236278624
normal_qq,TUM::TUM_S007::2024-07-06,TUM,TUM::TUM_S007,1.5015439809431663,1.430776830549614
normal_qq,FUSPCEU::FUSPCEU_S019::2024-12-14,FUSPCEU,FUSPCEU::FUSPCEU_S019,1.5154340409701526,1.4808161376451903
normal_qq,TUM::TUM_S007::2024-07-03,TUM,TUM::TUM_S007,1.529622792680168,1.5106435799206466
normal_qq,FUSPCEU::FUSPCEU_S020::2025-01-26,FUSPCEU,FUSPCEU::FUSPCEU_S020,1.5441263502805125,1.5460088870575461
normal_qq,TUM::TUM_S005::2024-06-22,TUM,TUM::TUM_S005,1.5589621934991276,1.5924132071058281
normal_qq,FUSPCEU::FUSPCEU_S020::2025-01-25,FUSPCEU,FUSPCEU::FUSPCEU_S020,1.5741493284707122,1.605512907379591
normal_qq,FUSPCEU::FUSPCEU_S018::2024-12-10,FUSPCEU,FUSPCEU::FUSPCEU_S018,1.5897084732171198,1.628213955912318
normal_qq,FUSPCEU::FUSPCEU_S004::2024-10-08,FUSPCEU,FUSPCEU::FUSPCEU_S004,1.6056622723987501,1.669180136472543
normal_qq,IZTECH::IZTECH_S005::2025-01-25,IZTECH,IZTECH::IZTECH_S005,1.6220355470888508,1.70314031800793
normal_qq,KNUST::KNUST_S014::2025-01-24,KNUST,KNUST::KNUST_S014,1.6388555866907812,1.70476111147148
normal_qq,FUSPCEU::FUSPCEU_S007::2024-10-26,FUSPCEU,FUSPCEU::FUSPCEU_S007,1.6561524918724564,1.763573035846264
normal_qq,FUSPCEU::FUSPCEU_S015::2024-11-29,FUSPCEU,FUSPCEU::FUSPCEU_S015,1.6739595796595594,1.838867682024374
normal_qq,IZTECH::IZTECH_S015::2025-04-29,IZTECH,IZTECH::IZTECH_S015,1.692313864785671,1.840582592025221
normal_qq,IZTECH::IZTECH_S015::2025-04-30,IZTECH,IZTECH::IZTECH_S015,1.711256635288419,1.8504153135109764
normal_qq,FUSPCEU::FUSPCEU_S024::2025-02-09,FUSPCEU,FUSPCEU::FUSPCEU_S024,1.730834145512912,1.9079339974162612
normal_qq,TUM::TUM_S007::2024-07-05,TUM,TUM::TUM_S007,1.751098456633174,1.9410728139764999
normal_qq,FUSPCEU::FUSPCEU_S005::2024-10-17,FUSPCEU,FUSPCEU::FUSPCEU_S005,1.7721084642485039,1.94292786801064
normal_qq,BAUA::BAUA_S005::2025-06-15,BAUA,BAUA::BAUA_S005,1.7939311656136627,1.978922311925852
normal_qq,TUM::TUM_S002::2024-06-01,TUM,TUM::TUM_S002,1.8166432372034074,2.0319187195759274
normal_qq,KNUST::KNUST_S006::2024-11-13,KNUST,KNUST::KNUST_S006,1.8403330190032303,2.093110203843697
normal_qq,KNUST::KNUST_S012::2025-01-07,KNUST,KNUST::KNUST_S012,1.8651030388969185,2.1229564445974805
normal_qq,RISE::RISE_S002::2025-03-22,RISE,RISE::RISE_S002,1.891073264705269,2.1392257617584263
normal_qq,BAUA::BAUA_S006::2025-06-16,BAUA,BAUA::BAUA_S006,1.9183853524054708,2.182010191957535
normal_qq,RISE::RISE_S002::2025-03-23,RISE,RISE::RISE_S002,1.9472082827534682,2.210973739379817
normal_qq,RISE::RISE_S003::2025-03-23,RISE,RISE::RISE_S003,1.9777459721586652,2.226942094208789
normal_qq,KNUST::KNUST_S008::2024-12-01,KNUST,KNUST::KNUST_S008,2.010247755223288,2.293369894719595
normal_qq,BAUA::BAUA_S003::2025-06-16,BAUA,BAUA::BAUA_S003,2.04502315359267,2.3977435247352985
normal_qq,RISE::RISE_S010::2025-06-13,RISE,RISE::RISE_S010,2.082463235675283,2.5461030724837235
normal_qq,IZTECH::IZTECH_S013::2025-04-23,IZTECH,IZTECH::IZTECH_S013,2.1230724675097354,2.5598426453003866
normal_qq,THUAS::THUAS_S002::2025-03-08,THUAS,THUAS::THUAS_S002,2.1675179582574833,2.5622535131714583
normal_qq,FUSPCEU::FUSPCEU_S009::2024-11-04,FUSPCEU,FUSPCEU::FUSPCEU_S009,2.216708990708502,2.6815869846309215
normal_qq,KNUST::KNUST_S009::2024-12-06,KNUST,KNUST::KNUST_S009,2.271932523633468,2.7349928159845143
normal_qq,FUSPCEU::FUSPCEU_S010::2024-11-04,FUSPCEU,FUSPCEU::FUSPCEU_S010,2.335100173368109,2.7505605578421397
normal_qq,THUAS::THUAS_S001::2025-02-24,THUAS,THUAS::THUAS_S001,2.409239802728957,3.145147048130378
normal_qq,BAUA::BAUA_S003::2025-06-15,BAUA,BAUA::BAUA_S003,2.4995990814146345,3.200576590013343
normal_qq,TUM::TUM_S004::2024-06-16,TUM,TUM::TUM_S004,2.6166015353110126,3.4788836883072207
normal_qq,IZTECH::IZTECH_S003::2025-01-11,IZTECH,IZTECH::IZTECH_S003,2.786467457846555,3.60306130359928
normal_qq,TUM::TUM_S005::2024-06-21,TUM,TUM::TUM_S005,3.1253064845578997,4.502873810296506
