panel,model_row_id,site,participant_key,x,y
residual_fitted,BAUA::BAUA_S001::2025-06-11,BAUA,BAUA::BAUA_S001,1.8862744494515171,-0.6792680524116061
residual_fitted,BAUA::BAUA_S001::2025-06-12,BAUA,BAUA::BAUA_S001,1.8836085323823277,-0.4742796590603709
residual_fitted,BAUA::BAUA_S001::2025-06-13,BAUA,BAUA::BAUA_S001,1.8812243605477335,-0.111450993917339
residual_fitted,BAUA::BAUA_S001::2025-06-14,BAUA,BAUA::BAUA_S001,1.8791255322819724,-0.5728348459263604
residual_fitted,BAUA::BAUA_S001::2025-06-15,BAUA,BAUA::BAUA_S001,1.8773152377354587,0.5346088610602333
residual_fitted,BAUA::BAUA_S001::2025-06-16,BAUA,BAUA::BAUA_S001,1.875796239997984,-0.40126096963083674
residual_fitted,BAUA::BAUA_S002::2025-06-11,BAUA,BAUA::BAUA_S002,2.2218575625843937,-0.44374513785055164
residual_fitted,BAUA::BAUA_S002::2025-06-12,BAUA,BAUA::BAUA_S002,2.2191916455152043,-0.3629240303689552
residual_fitted,BAUA::BAUA_S002::2025-06-13,BAUA,BAUA::BAUA_S002,2.21680747368061,0.37240649238299356
residual_fitted,BAUA::BAUA_S002::2025-06-14,BAUA,BAUA::BAUA_S002,2.214708645414849,1.0059523430426067
residual_fitted,BAUA::BAUA_S002::2025-06-15,BAUA,BAUA::BAUA_S002,2.2128983508683353,-0.2457823814939398
residual_fitted,BAUA::BAUA_S002::2025-06-16,BAUA,BAUA::BAUA_S002,2.2113793531308605,-1.0010452509200807
residual_fitted,BAUA::BAUA_S003::2025-06-11,BAUA,BAUA::BAUA_S003,2.791715679225127,-0.4233307604993552
residual_fitted,BAUA::BAUA_S003::2025-06-12,BAUA,BAUA::BAUA_S003,2.789049762155938,-0.2522061723852941
residual_fitted,BAUA::BAUA_S003::2025-06-13,BAUA,BAUA::BAUA_S003,2.7866655903213435,0.32509325925984156
residual_fitted,BAUA::BAUA_S003::2025-06-14,BAUA,BAUA::BAUA_S003,2.7845667620555825,1.0828063957890939
residual_fitted,BAUA::BAUA_S003::2025-06-15,BAUA,BAUA::BAUA_S003,2.782756467509069,0.5309236461541486
residual_fitted,BAUA::BAUA_S003::2025-06-16,BAUA,BAUA::BAUA_S003,2.781237469771594,-0.19047541803481802
residual_fitted,BAUA::BAUA_S004::2025-06-11,BAUA,BAUA::BAUA_S004,2.001829011992555,-0.543059629912634
residual_fitted,BAUA::BAUA_S004::2025-06-12,BAUA,BAUA::BAUA_S004,1.9991630949233654,-0.5525420030635023
residual_fitted,BAUA::BAUA_S004::2025-06-13,BAUA,BAUA::BAUA_S004,1.9967789230887711,-0.3477444290272836
residual_fitted,BAUA::BAUA_S004::2025-06-14,BAUA,BAUA::BAUA_S004,1.9946800948230101,-0.8768558915106536
residual_fitted,BAUA::BAUA_S004::2025-06-15,BAUA,BAUA::BAUA_S004,1.9928698002764964,1.1900622971958776
residual_fitted,BAUA::BAUA_S004::2025-06-16,BAUA,BAUA::BAUA_S004,1.9913508025390216,-0.21990080681563218
residual_fitted,BAUA::BAUA_S005::2025-06-11,BAUA,BAUA::BAUA_S005,3.0870866016543483,0.36995985866040354
residual_fitted,BAUA::BAUA_S005::2025-06-12,BAUA,BAUA::BAUA_S005,3.084420684585159,-0.6215728663685185
residual_fitted,BAUA::BAUA_S005::2025-06-13,BAUA,BAUA::BAUA_S005,3.0820365127505647,-0.15715278551396358
residual_fitted,BAUA::BAUA_S005::2025-06-14,BAUA,BAUA::BAUA_S005,3.0799376844848037,0.4425292599084752
residual_fitted,BAUA::BAUA_S005::2025-06-15,BAUA,BAUA::BAUA_S005,3.07812738993829,1.9450506946621022
residual_fitted,BAUA::BAUA_S006::2025-06-11,BAUA,BAUA::BAUA_S006,3.2815814717152203,-0.4051791688333253
residual_fitted,BAUA::BAUA_S006::2025-06-12,BAUA,BAUA::BAUA_S006,3.278915554646031,-0.8436030749884008
residual_fitted,BAUA::BAUA_S006::2025-06-13,BAUA,BAUA::BAUA_S006,3.2765313828114366,-0.8081245271380532
residual_fitted,BAUA::BAUA_S006::2025-06-15,BAUA,BAUA::BAUA_S006,3.272622259999162,1.8246119017537425
residual_fitted,BAUA::BAUA_S006::2025-06-16,BAUA,BAUA::BAUA_S006,3.271103262261687,2.807691034502547
residual_fitted,BAUA::BAUA_S009::2025-06-25,BAUA,BAUA::BAUA_S009,2.3712208916344455,-0.08210001329970852
residual_fitted,BAUA::BAUA_S009::2025-06-26,BAUA,BAUA::BAUA_S009,2.372664443111222,0.3910155770995435
residual_fitted,BAUA::BAUA_S009::2025-06-27,BAUA,BAUA::BAUA_S009,2.374398694118021,-1.0550146797864242
residual_fitted,BAUA::BAUA_S009::2025-06-28,BAUA,BAUA::BAUA_S009,2.376420780524173,0.7158216168210821
residual_fitted,BAUA::BAUA_S009::2025-06-29,BAUA,BAUA::BAUA_S009,2.3787274148127713,-0.12104780731526585
residual_fitted,BAUA::BAUA_S009::2025-06-30,BAUA,BAUA::BAUA_S009,2.3813149052940523,-0.03249677215702404
residual_fitted,BAUA::BAUA_S012::2025-07-16,BAUA,BAUA::BAUA_S012,2.576687309490048,0.196396089484601
residual_fitted,BAUA::BAUA_S012::2025-07-17,BAUA,BAUA::BAUA_S012,2.583211546716093,-0.25954002365260076
residual_fitted,BAUA::BAUA_S012::2025-07-18,BAUA,BAUA::BAUA_S012,2.5899093596027933,-1.313854254627208
residual_fitted,BAUA::BAUA_S012::2025-07-19,BAUA,BAUA::BAUA_S012,2.5967740896807125,0.2730952738726938
residual_fitted,BAUA::BAUA_S012::2025-07-20,BAUA,BAUA::BAUA_S012,2.603799142693306,0.776294451890322
residual_fitted,BAUA::BAUA_S012::2025-07-21,BAUA,BAUA::BAUA_S012,2.6109780027054357,0.511809874726472
residual_fitted,BAUA::BAUA_S013::2025-07-16,BAUA,BAUA::BAUA_S013,2.4168104489880644,-0.338735432702309
residual_fitted,BAUA::BAUA_S013::2025-07-17,BAUA,BAUA::BAUA_S013,2.4233346862141096,-0.6027766494955233
residual_fitted,BAUA::BAUA_S013::2025-07-18,BAUA,BAUA::BAUA_S013,2.4300324991008098,0.002235576151408229
residual_fitted,BAUA::BAUA_S013::2025-07-19,BAUA,BAUA::BAUA_S013,2.436897229178729,0.776453778959128
residual_fitted,BAUA::BAUA_S013::2025-07-20,BAUA,BAUA::BAUA_S013,2.4439222821913225,0.6249527223913869
residual_fitted,BAUA::BAUA_S013::2025-07-21,BAUA,BAUA::BAUA_S013,2.451101142203452,-0.7683253626782718
residual_fitted,BAUA::BAUA_S014::2025-07-16,BAUA,BAUA::BAUA_S014,2.1302984514548062,-0.08824802765541842
residual_fitted,BAUA::BAUA_S014::2025-07-17,BAUA,BAUA::BAUA_S014,2.1368226886808515,0.020212613160284002
residual_fitted,BAUA::BAUA_S014::2025-07-18,BAUA,BAUA::BAUA_S014,2.1435205015675516,0.3430264618307636
residual_fitted,BAUA::BAUA_S014::2025-07-19,BAUA,BAUA::BAUA_S014,2.150385231645471,-1.8289063909956782
residual_fitted,BAUA::BAUA_S014::2025-07-20,BAUA,BAUA::BAUA_S014,2.1574102846580643,0.05142086666703715
residual_fitted,BAUA::BAUA_S014::2025-07-21,BAUA,BAUA::BAUA_S014,2.164589144670194,0.31746923821891726
residual_fitted,BAUA::BAUA_S015::2025-07-23,BAUA,BAUA::BAUA_S015,2.420642674758408,0.04245888504342995
residual_fitted,BAUA::BAUA_S015::2025-07-24,BAUA,BAUA::BAUA_S015,2.4282448288118754,0.7823138429762717
residual_fitted,BAUA::BAUA_S015::2025-07-25,BAUA,BAUA::BAUA_S015,2.435975747331855,-0.6000502030501162
residual_fitted,BAUA::BAUA_S015::2025-07-26,BAUA,BAUA::BAUA_S015,2.443829473244815,-0.2893071617305422
residual_fitted,BAUA::BAUA_S015::2025-07-27,BAUA,BAUA::BAUA_S015,2.4518001861025893,-0.757510873328266
residual_fitted,BAUA::BAUA_S015::2025-07-28,BAUA,BAUA::BAUA_S015,2.459882207738872,0.3770968095243268
residual_fitted,BAUA::BAUA_S016::2025-07-23,BAUA,BAUA::BAUA_S016,2.1705382791216414,-0.8492172815319374
residual_fitted,BAUA::BAUA_S016::2025-07-24,BAUA,BAUA::BAUA_S016,2.1781404331751086,-0.5608797267614193
residual_fitted,BAUA::BAUA_S016::2025-07-25,BAUA,BAUA::BAUA_S016,2.1858713516950883,0.22403976239134574
residual_fitted,BAUA::BAUA_S016::2025-07-26,BAUA,BAUA::BAUA_S016,2.193725077608048,0.06068953039048004
residual_fitted,BAUA::BAUA_S016::2025-07-27,BAUA,BAUA::BAUA_S016,2.2016957904658225,0.6648396513032744
residual_fitted,BAUA::BAUA_S016::2025-07-28,BAUA,BAUA::BAUA_S016,2.209777812102105,-0.7516259937112602
residual_fitted,BAUA::BAUA_S018::2025-09-09,BAUA,BAUA::BAUA_S018,2.9173243015840855,0.5865272236958086
residual_fitted,BAUA::BAUA_S018::2025-09-10,BAUA,BAUA::BAUA_S018,2.926828214654029,-0.7744617590149939
residual_fitted,BAUA::BAUA_S018::2025-09-11,BAUA,BAUA::BAUA_S018,2.9363231533830523,0.1221423521924822
residual_fitted,BAUA::BAUA_S018::2025-09-12,BAUA,BAUA::BAUA_S018,2.9458083257591507,0.04799066111842915
residual_fitted,BAUA::BAUA_S018::2025-09-13,BAUA,BAUA::BAUA_S018,2.955282968127588,-0.48895923647443357
residual_fitted,BAUA::BAUA_S018::2025-09-14,BAUA,BAUA::BAUA_S018,2.9647463423205735,0.2496351615322449
residual_fitted,BAUA::BAUA_S022::2025-09-24,BAUA,BAUA::BAUA_S022,3.127210258240594,-0.7182808326118543
residual_fitted,BAUA::BAUA_S022::2025-09-25,BAUA,BAUA::BAUA_S022,3.136505415567035,-0.40851403834525796
residual_fitted,BAUA::BAUA_S022::2025-09-26,BAUA,BAUA::BAUA_S022,3.145781413151597,-0.3244929692244752
residual_fitted,BAUA::BAUA_S022::2025-09-27,BAUA,BAUA::BAUA_S022,3.1550375924194363,0.8093194847210619
residual_fitted,BAUA::BAUA_S022::2025-09-28,BAUA,BAUA::BAUA_S022,3.1642732824542703,0.2725314238339215
residual_fitted,BAUA::BAUA_S022::2025-09-29,BAUA,BAUA::BAUA_S022,3.1734877974739866,0.32273032838955795
residual_fitted,BAUA::BAUA_S024::2025-10-14,BAUA,BAUA::BAUA_S024,3.1474725375240657,-0.12245549592905196
residual_fitted,BAUA::BAUA_S024::2025-10-15,BAUA,BAUA::BAUA_S024,3.1562330067157722,0.052218208885993135
residual_fitted,BAUA::BAUA_S024::2025-10-16,BAUA,BAUA::BAUA_S024,3.1649559112618073,0.2946449658122832
residual_fitted,BAUA::BAUA_S024::2025-10-17,BAUA,BAUA::BAUA_S024,3.1736398659569147,-0.39980050901993136
residual_fitted,BAUA::BAUA_S024::2025-10-18,BAUA,BAUA::BAUA_S024,3.182283423346356,-0.12345620692332694
residual_fitted,BAUA::BAUA_S024::2025-10-19,BAUA,BAUA::BAUA_S024,3.190885071388517,-0.24216124839427686
residual_fitted,BAUA::BAUA_S025::2025-10-14,BAUA,BAUA::BAUA_S025,4.007008530123839,0.570937979049712
residual_fitted,BAUA::BAUA_S025::2025-10-15,BAUA,BAUA::BAUA_S025,4.015768999315545,-1.0491699937054784
residual_fitted,BAUA::BAUA_S025::2025-10-16,BAUA,BAUA::BAUA_S025,4.0244919038615805,0.7284159339727113
residual_fitted,BAUA::BAUA_S025::2025-10-17,BAUA,BAUA::BAUA_S025,4.033175858556688,0.1129860046939036
residual_fitted,BAUA::BAUA_S025::2025-10-18,BAUA,BAUA::BAUA_S025,4.041819415946129,0.5134975926601468
residual_fitted,BAUA::BAUA_S025::2025-10-19,BAUA,BAUA::BAUA_S025,4.05042106398829,1.2188118119604372
residual_fitted,FUSPCEU::FUSPCEU_S003::2024-10-08,FUSPCEU,FUSPCEU::FUSPCEU_S003,2.6960163357152074,-0.8100332850627713
residual_fitted,FUSPCEU::FUSPCEU_S003::2024-10-09,FUSPCEU,FUSPCEU::FUSPCEU_S003,2.7020618360869104,-0.21586719881566505
residual_fitted,FUSPCEU::FUSPCEU_S003::2024-10-10,FUSPCEU,FUSPCEU::FUSPCEU_S003,2.7080851875541736,-0.15221906036056546
residual_fitted,FUSPCEU::FUSPCEU_S003::2024-10-11,FUSPCEU,FUSPCEU::FUSPCEU_S003,2.7140854545328925,-0.46105714494190164
residual_fitted,FUSPCEU::FUSPCEU_S003::2024-10-12,FUSPCEU,FUSPCEU::FUSPCEU_S003,2.720061674624375,0.15573173334164445
residual_fitted,FUSPCEU::FUSPCEU_S003::2024-10-13,FUSPCEU,FUSPCEU::FUSPCEU_S003,2.7260128572409545,-0.2998162636018535
residual_fitted,FUSPCEU::FUSPCEU_S004::2024-10-08,FUSPCEU,FUSPCEU::FUSPCEU_S004,3.5923827247168343,-0.5931015606575364
residual_fitted,FUSPCEU::FUSPCEU_S004::2024-10-09,FUSPCEU,FUSPCEU::FUSPCEU_S004,3.5984282250885373,-0.40530113725652134
residual_fitted,FUSPCEU::FUSPCEU_S004::2024-10-11,FUSPCEU,FUSPCEU::FUSPCEU_S004,3.6104518435345194,-0.3005650959319572
residual_fitted,FUSPCEU::FUSPCEU_S004::2024-10-12,FUSPCEU,FUSPCEU::FUSPCEU_S004,3.6164280636260018,1.19668271851812
residual_fitted,FUSPCEU::FUSPCEU_S004::2024-10-13,FUSPCEU,FUSPCEU::FUSPCEU_S004,3.6223792462425815,1.0684848388673065
residual_fitted,FUSPCEU::FUSPCEU_S005::2024-10-15,FUSPCEU,FUSPCEU::FUSPCEU_S005,3.8492363341513043,-0.08978626800113351
residual_fitted,FUSPCEU::FUSPCEU_S005::2024-10-16,FUSPCEU,FUSPCEU::FUSPCEU_S005,3.855106157395364,0.06426933208341024
residual_fitted,FUSPCEU::FUSPCEU_S005::2024-10-17,FUSPCEU,FUSPCEU::FUSPCEU_S005,3.860946670613597,0.8278932774172123
residual_fitted,FUSPCEU::FUSPCEU_S005::2024-10-18,FUSPCEU,FUSPCEU::FUSPCEU_S005,3.866756721451959,-0.05650066734948606
residual_fitted,FUSPCEU::FUSPCEU_S005::2024-10-19,FUSPCEU,FUSPCEU::FUSPCEU_S005,3.872535121373544,0.10890478664584408
residual_fitted,FUSPCEU::FUSPCEU_S005::2024-10-20,FUSPCEU,FUSPCEU::FUSPCEU_S005,3.8782806444524867,0.7710016508196513
residual_fitted,FUSPCEU::FUSPCEU_S006::2024-10-15,FUSPCEU,FUSPCEU::FUSPCEU_S006,3.210299771069387,-0.15371894485737833
residual_fitted,FUSPCEU::FUSPCEU_S006::2024-10-16,FUSPCEU,FUSPCEU::FUSPCEU_S006,3.2161695943134467,-0.1689823709587059
residual_fitted,FUSPCEU::FUSPCEU_S006::2024-10-17,FUSPCEU,FUSPCEU::FUSPCEU_S006,3.2220101075316796,-0.3535449722657829
residual_fitted,FUSPCEU::FUSPCEU_S006::2024-10-18,FUSPCEU,FUSPCEU::FUSPCEU_S006,3.227820158370042,-0.10914540912667255
residual_fitted,FUSPCEU::FUSPCEU_S006::2024-10-19,FUSPCEU,FUSPCEU::FUSPCEU_S006,3.233598558291627,0.45133777263569047
residual_fitted,FUSPCEU::FUSPCEU_S007::2024-10-22,FUSPCEU,FUSPCEU::FUSPCEU_S007,3.7814948231449184,0.03510898425611612
residual_fitted,FUSPCEU::FUSPCEU_S007::2024-10-23,FUSPCEU,FUSPCEU::FUSPCEU_S007,3.7871339699642066,0.1780328808920269
residual_fitted,FUSPCEU::FUSPCEU_S007::2024-10-24,FUSPCEU,FUSPCEU::FUSPCEU_S007,3.7927349410588302,-0.08538302981205667
residual_fitted,FUSPCEU::FUSPCEU_S007::2024-10-25,FUSPCEU,FUSPCEU::FUSPCEU_S007,3.798296308206131,-0.07786167581157083
residual_fitted,FUSPCEU::FUSPCEU_S007::2024-10-26,FUSPCEU,FUSPCEU::FUSPCEU_S007,3.8038166001473477,0.4602204461602234
residual_fitted,FUSPCEU::FUSPCEU_S007::2024-10-27,FUSPCEU,FUSPCEU::FUSPCEU_S007,3.8092943019331473,0.7838606469244752
residual_fitted,FUSPCEU::FUSPCEU_S008::2024-10-22,FUSPCEU,FUSPCEU::FUSPCEU_S008,2.4834846685743583,0.8464926351868056
residual_fitted,FUSPCEU::FUSPCEU_S008::2024-10-23,FUSPCEU,FUSPCEU::FUSPCEU_S008,2.489123815393647,-0.08293730068780203
residual_fitted,FUSPCEU::FUSPCEU_S008::2024-10-24,FUSPCEU,FUSPCEU::FUSPCEU_S008,2.4947247864882707,0.8050161666720392
residual_fitted,FUSPCEU::FUSPCEU_S008::2024-10-25,FUSPCEU,FUSPCEU::FUSPCEU_S008,2.500286153635571,-4.921733499488982
residual_fitted,FUSPCEU::FUSPCEU_S008::2024-10-26,FUSPCEU,FUSPCEU::FUSPCEU_S008,2.5058064455767877,-0.3651464893725098
residual_fitted,FUSPCEU::FUSPCEU_S008::2024-10-27,FUSPCEU,FUSPCEU::FUSPCEU_S008,2.5112841473625878,1.03084754390226
residual_fitted,FUSPCEU::FUSPCEU_S009::2024-11-04,FUSPCEU,FUSPCEU::FUSPCEU_S009,3.5920257407419247,2.635489648669059
residual_fitted,FUSPCEU::FUSPCEU_S009::2024-11-05,FUSPCEU,FUSPCEU::FUSPCEU_S009,3.597044577394887,-0.7881538184242035
residual_fitted,FUSPCEU::FUSPCEU_S009::2024-11-06,FUSPCEU,FUSPCEU::FUSPCEU_S009,3.602003213328687,-0.7915121840542887
residual_fitted,FUSPCEU::FUSPCEU_S009::2024-11-07,FUSPCEU,FUSPCEU::FUSPCEU_S009,3.6068996454525855,-0.5239179786329092
residual_fitted,FUSPCEU::FUSPCEU_S009::2024-11-08,FUSPCEU,FUSPCEU::FUSPCEU_S009,3.611731829509655,-0.640070052219066
residual_fitted,FUSPCEU::FUSPCEU_S009::2024-11-09,FUSPCEU,FUSPCEU::FUSPCEU_S009,3.616497681404422,0.6096629439493096
residual_fitted,FUSPCEU::FUSPCEU_S009::2024-11-10,FUSPCEU,FUSPCEU::FUSPCEU_S009,3.6211950787548957,-0.00306698529978817
residual_fitted,FUSPCEU::FUSPCEU_S010::2024-11-04,FUSPCEU,FUSPCEU::FUSPCEU_S010,3.597820670613585,1.1528453857817098
residual_fitted,FUSPCEU::FUSPCEU_S010::2024-11-05,FUSPCEU,FUSPCEU::FUSPCEU_S010,3.6028395072665473,-0.17124215660674838
residual_fitted,FUSPCEU::FUSPCEU_S010::2024-11-06,FUSPCEU,FUSPCEU::FUSPCEU_S010,3.6077981432003474,-0.2874798730274147
residual_fitted,FUSPCEU::FUSPCEU_S010::2024-11-07,FUSPCEU,FUSPCEU::FUSPCEU_S010,3.612694575324246,-0.1779167587128484
residual_fitted,FUSPCEU::FUSPCEU_S011::2024-11-12,FUSPCEU,FUSPCEU::FUSPCEU_S011,4.005701097303996,-0.5908338410858338
residual_fitted,FUSPCEU::FUSPCEU_S011::2024-11-13,FUSPCEU,FUSPCEU::FUSPCEU_S011,4.010180041127839,-0.6277311279493851
residual_fitted,FUSPCEU::FUSPCEU_S011::2024-11-14,FUSPCEU,FUSPCEU::FUSPCEU_S011,4.014581696001584,-0.16790692537531896
residual_fitted,FUSPCEU::FUSPCEU_S011::2024-11-16,FUSPCEU,FUSPCEU::FUSPCEU_S011,4.023143981212659,1.4178928895964118
residual_fitted,FUSPCEU::FUSPCEU_S011::2024-11-17,FUSPCEU,FUSPCEU::FUSPCEU_S011,4.0272999746554055,1.6182609659692149
residual_fitted,FUSPCEU::FUSPCEU_S012::2024-12-03,FUSPCEU,FUSPCEU::FUSPCEU_S012,3.6291630805394988,-0.6970275623335965
residual_fitted,FUSPCEU::FUSPCEU_S012::2024-12-04,FUSPCEU,FUSPCEU::FUSPCEU_S012,3.6315301230517676,-0.8566617947728815
residual_fitted,FUSPCEU::FUSPCEU_S012::2024-12-05,FUSPCEU,FUSPCEU::FUSPCEU_S012,3.633772228589891,-0.8243165140409914
residual_fitted,FUSPCEU::FUSPCEU_S012::2024-12-06,FUSPCEU,FUSPCEU::FUSPCEU_S012,3.6358875250133025,0.5288030557239535
residual_fitted,FUSPCEU::FUSPCEU_S012::2024-12-07,FUSPCEU,FUSPCEU::FUSPCEU_S012,3.637874218409344,0.9451111136845118
residual_fitted,FUSPCEU::FUSPCEU_S012::2024-12-08,FUSPCEU,FUSPCEU::FUSPCEU_S012,3.639730598487974,1.1696125333970955
residual_fitted,FUSPCEU::FUSPCEU_S013::2024-11-19,FUSPCEU,FUSPCEU::FUSPCEU_S013,3.3479469739244774,-0.1566406256034456
residual_fitted,FUSPCEU::FUSPCEU_S013::2024-11-20,FUSPCEU,FUSPCEU::FUSPCEU_S013,3.3518362035953673,-0.2382902534788053
residual_fitted,FUSPCEU::FUSPCEU_S013::2024-11-21,FUSPCEU,FUSPCEU::FUSPCEU_S013,3.3556317648766436,-0.31987644199210996
residual_fitted,FUSPCEU::FUSPCEU_S013::2024-11-22,FUSPCEU,FUSPCEU::FUSPCEU_S013,3.3593312768892156,-0.7061718257654113
residual_fitted,FUSPCEU::FUSPCEU_S013::2024-11-23,FUSPCEU,FUSPCEU::FUSPCEU_S013,3.3629323610352886,0.27343959786933636
residual_fitted,FUSPCEU::FUSPCEU_S013::2024-11-24,FUSPCEU,FUSPCEU::FUSPCEU_S013,3.3664326455516083,0.688722536731779
residual_fitted,FUSPCEU::FUSPCEU_S014::2024-11-20,FUSPCEU,FUSPCEU::FUSPCEU_S014,1.5973151760791389,-1.781675375404135
residual_fitted,FUSPCEU::FUSPCEU_S014::2024-11-21,FUSPCEU,FUSPCEU::FUSPCEU_S014,1.6011107373604152,-1.2988648099645341
residual_fitted,FUSPCEU::FUSPCEU_S014::2024-11-22,FUSPCEU,FUSPCEU::FUSPCEU_S014,1.6048102493729872,-1.3126583361289181
residual_fitted,FUSPCEU::FUSPCEU_S014::2024-11-23,FUSPCEU,FUSPCEU::FUSPCEU_S014,1.6084113335190602,-0.9087316015261335
residual_fitted,FUSPCEU::FUSPCEU_S014::2024-11-24,FUSPCEU,FUSPCEU::FUSPCEU_S014,1.6119116180353799,-0.5386004029799236
residual_fitted,FUSPCEU::FUSPCEU_S015::2024-11-26,FUSPCEU,FUSPCEU::FUSPCEU_S015,3.3629774672640536,-0.2571239002173113
residual_fitted,FUSPCEU::FUSPCEU_S015::2024-11-27,FUSPCEU,FUSPCEU::FUSPCEU_S015,3.3661612657714985,-0.21412847055248957
residual_fitted,FUSPCEU::FUSPCEU_S015::2024-11-28,FUSPCEU,FUSPCEU::FUSPCEU_S015,3.3692349467954674,-0.024315304919639496
residual_fitted,FUSPCEU::FUSPCEU_S015::2024-11-29,FUSPCEU,FUSPCEU::FUSPCEU_S015,3.3721962494960858,-0.02632092447768065
residual_fitted,FUSPCEU::FUSPCEU_S015::2024-11-30,FUSPCEU,FUSPCEU::FUSPCEU_S015,3.3750429514602396,-0.355599044988013
residual_fitted,FUSPCEU::FUSPCEU_S015::2024-12-01,FUSPCEU,FUSPCEU::FUSPCEU_S015,3.3777728743767703,0.38755575867066294
residual_fitted,FUSPCEU::FUSPCEU_S016::2024-11-26,FUSPCEU,FUSPCEU::FUSPCEU_S016,4.1293345710272735,-0.16661076002742722
residual_fitted,FUSPCEU::FUSPCEU_S016::2024-11-27,FUSPCEU,FUSPCEU::FUSPCEU_S016,4.1325183695347185,-0.3267981617856509
residual_fitted,FUSPCEU::FUSPCEU_S016::2024-11-29,FUSPCEU,FUSPCEU::FUSPCEU_S016,4.138553353259305,1.2042736586970708
residual_fitted,FUSPCEU::FUSPCEU_S016::2024-11-30,FUSPCEU,FUSPCEU::FUSPCEU_S016,4.1414000552234596,0.2880229140757173
residual_fitted,FUSPCEU::FUSPCEU_S016::2024-12-01,FUSPCEU,FUSPCEU::FUSPCEU_S016,4.14412997813999,0.8618586915485226
residual_fitted,FUSPCEU::FUSPCEU_S017::2024-12-03,FUSPCEU,FUSPCEU::FUSPCEU_S017,3.608584870771917,-1.0217284849513568
residual_fitted,FUSPCEU::FUSPCEU_S017::2024-12-04,FUSPCEU,FUSPCEU::FUSPCEU_S017,3.6109519132841856,0.6472827654167681
residual_fitted,FUSPCEU::FUSPCEU_S017::2024-12-05,FUSPCEU,FUSPCEU::FUSPCEU_S017,3.613194018822309,0.22811064298633513
residual_fitted,FUSPCEU::FUSPCEU_S017::2024-12-06,FUSPCEU,FUSPCEU::FUSPCEU_S017,3.6153093152457205,-2.0760607528635404
residual_fitted,FUSPCEU::FUSPCEU_S017::2024-12-07,FUSPCEU,FUSPCEU::FUSPCEU_S017,3.617296008641762,1.3879897764427016
residual_fitted,FUSPCEU::FUSPCEU_S017::2024-12-08,FUSPCEU,FUSPCEU::FUSPCEU_S017,3.619152388720392,1.036806507123323
residual_fitted,FUSPCEU::FUSPCEU_S018::2024-12-10,FUSPCEU,FUSPCEU::FUSPCEU_S018,3.9593725687993886,1.3933561329153135
residual_fitted,FUSPCEU::FUSPCEU_S018::2024-12-11,FUSPCEU,FUSPCEU::FUSPCEU_S018,3.9608286614712997,-5.06432890907889
residual_fitted,FUSPCEU::FUSPCEU_S018::2024-12-12,FUSPCEU,FUSPCEU::FUSPCEU_S018,3.962148538587535,1.7075382171239386
residual_fitted,FUSPCEU::FUSPCEU_S018::2024-12-13,FUSPCEU,FUSPCEU::FUSPCEU_S018,3.963330983094978,2.056663363164663
residual_fitted,FUSPCEU::FUSPCEU_S018::2024-12-14,FUSPCEU,FUSPCEU::FUSPCEU_S018,3.964374889892346,0.6449644651529656
residual_fitted,FUSPCEU::FUSPCEU_S018::2024-12-15,FUSPCEU,FUSPCEU::FUSPCEU_S018,3.965279269579369,0.49760879437357436
residual_fitted,FUSPCEU::FUSPCEU_S019::2024-12-10,FUSPCEU,FUSPCEU::FUSPCEU_S019,3.604794185111821,-0.5337799357336825
residual_fitted,FUSPCEU::FUSPCEU_S019::2024-12-11,FUSPCEU,FUSPCEU::FUSPCEU_S019,3.606250277783732,-1.0878749313805063
residual_fitted,FUSPCEU::FUSPCEU_S019::2024-12-12,FUSPCEU,FUSPCEU::FUSPCEU_S019,3.6075701548999675,0.5705576040090087
residual_fitted,FUSPCEU::FUSPCEU_S019::2024-12-13,FUSPCEU,FUSPCEU::FUSPCEU_S019,3.6087525994074103,-0.1978228227770175
residual_fitted,FUSPCEU::FUSPCEU_S019::2024-12-14,FUSPCEU,FUSPCEU::FUSPCEU_S019,3.6097965062047783,1.2011741138967489
residual_fitted,FUSPCEU::FUSPCEU_S019::2024-12-15,FUSPCEU,FUSPCEU::FUSPCEU_S019,3.6107008858918013,0.1959353771089427
residual_fitted,FUSPCEU::FUSPCEU_S020::2025-01-21,FUSPCEU,FUSPCEU::FUSPCEU_S020,3.398142510956754,-1.3194303713059818
residual_fitted,FUSPCEU::FUSPCEU_S020::2025-01-22,FUSPCEU,FUSPCEU::FUSPCEU_S020,3.3941851445991342,-0.8765206735509848
residual_fitted,FUSPCEU::FUSPCEU_S020::2025-01-23,FUSPCEU,FUSPCEU::FUSPCEU_S020,3.3901349794560436,-0.5802912814237945
residual_fitted,FUSPCEU::FUSPCEU_S020::2025-01-24,FUSPCEU,FUSPCEU::FUSPCEU_S020,3.385994393171619,2.131617457700216
residual_fitted,FUSPCEU::FUSPCEU_S020::2025-01-25,FUSPCEU,FUSPCEU::FUSPCEU_S020,3.3817657553587113,-0.7778058373504734
residual_fitted,FUSPCEU::FUSPCEU_S020::2025-01-26,FUSPCEU,FUSPCEU::FUSPCEU_S020,3.3774514237094615,1.1102013145862026
residual_fitted,FUSPCEU::FUSPCEU_S022::2025-01-28,FUSPCEU,FUSPCEU::FUSPCEU_S022,3.8342201412574397,0.14614254221126144
residual_fitted,FUSPCEU::FUSPCEU_S022::2025-01-29,FUSPCEU,FUSPCEU::FUSPCEU_S022,3.8296626998824004,-0.09910538338593307
residual_fitted,FUSPCEU::FUSPCEU_S022::2025-01-30,FUSPCEU,FUSPCEU::FUSPCEU_S022,3.8250288046053695,0.19751935521259376
residual_fitted,FUSPCEU::FUSPCEU_S022::2025-01-31,FUSPCEU,FUSPCEU::FUSPCEU_S022,3.820320702008116,-0.09277827145511569
residual_fitted,FUSPCEU::FUSPCEU_S022::2025-02-01,FUSPCEU,FUSPCEU::FUSPCEU_S022,3.815540607865554,0.5877352768295514
residual_fitted,FUSPCEU::FUSPCEU_S022::2025-02-02,FUSPCEU,FUSPCEU::FUSPCEU_S022,3.810690704836396,0.37654923375941884
residual_fitted,FUSPCEU::FUSPCEU_S023::2025-01-28,FUSPCEU,FUSPCEU::FUSPCEU_S023,3.523964055530818,0.49172679637384575
residual_fitted,FUSPCEU::FUSPCEU_S023::2025-01-29,FUSPCEU,FUSPCEU::FUSPCEU_S023,3.5194066141557787,0.06587190951172191
residual_fitted,FUSPCEU::FUSPCEU_S023::2025-01-30,FUSPCEU,FUSPCEU::FUSPCEU_S023,3.514772718878748,-1.4209970943809291
residual_fitted,FUSPCEU::FUSPCEU_S023::2025-01-31,FUSPCEU,FUSPCEU::FUSPCEU_S023,3.510064616281494,0.20765424239123645
residual_fitted,FUSPCEU::FUSPCEU_S023::2025-02-01,FUSPCEU,FUSPCEU::FUSPCEU_S023,3.505284522138932,-0.24062571722990572
residual_fitted,FUSPCEU::FUSPCEU_S023::2025-02-02,FUSPCEU,FUSPCEU::FUSPCEU_S023,3.5004346191097744,1.0607715402937459
residual_fitted,FUSPCEU::FUSPCEU_S024::2025-02-04,FUSPCEU,FUSPCEU::FUSPCEU_S024,3.581432532179809,-1.7144787648156776
residual_fitted,FUSPCEU::FUSPCEU_S024::2025-02-05,FUSPCEU,FUSPCEU::FUSPCEU_S024,3.576385937091345,-0.2774930715115681
residual_fitted,FUSPCEU::FUSPCEU_S024::2025-02-06,FUSPCEU,FUSPCEU::FUSPCEU_S024,3.5712778940127707,-0.25145764583433294
residual_fitted,FUSPCEU::FUSPCEU_S024::2025-02-08,FUSPCEU,FUSPCEU::FUSPCEU_S024,3.560885382069964,1.019829683027297
residual_fitted,FUSPCEU::FUSPCEU_S024::2025-02-09,FUSPCEU,FUSPCEU::FUSPCEU_S024,3.5556047654838263,1.6668184179657113
residual_fitted,FUSPCEU::FUSPCEU_S025::2025-02-04,FUSPCEU,FUSPCEU::FUSPCEU_S025,3.4107452182493287,-0.05242921987675538
residual_fitted,FUSPCEU::FUSPCEU_S025::2025-02-05,FUSPCEU,FUSPCEU::FUSPCEU_S025,3.405698623160865,-0.4666648795381722
residual_fitted,FUSPCEU::FUSPCEU_S025::2025-02-06,FUSPCEU,FUSPCEU::FUSPCEU_S025,3.4005905800822904,-0.13585520672636883
residual_fitted,FUSPCEU::FUSPCEU_S025::2025-02-09,FUSPCEU,FUSPCEU::FUSPCEU_S025,3.384917451553346,0.57461180361446
residual_fitted,IZTECH::IZTECH_S001::2024-12-24,IZTECH,IZTECH::IZTECH_S001,3.6529965006674123,-1.0518074206522874
residual_fitted,IZTECH::IZTECH_S001::2024-12-25,IZTECH,IZTECH::IZTECH_S001,3.6525307460931913,0.22404468772507127
residual_fitted,IZTECH::IZTECH_S001::2024-12-26,IZTECH,IZTECH::IZTECH_S001,3.6519341474821787,0.11156939891785245
residual_fitted,IZTECH::IZTECH_S001::2024-12-27,IZTECH,IZTECH::IZTECH_S001,3.651207183018483,0.33782045615927314
residual_fitted,IZTECH::IZTECH_S001::2024-12-28,IZTECH,IZTECH::IZTECH_S001,3.6503504447921045,0.3158248343299029
residual_fitted,IZTECH::IZTECH_S001::2024-12-29,IZTECH,IZTECH::IZTECH_S001,3.649364636788782,-0.3269198009718927
residual_fitted,IZTECH::IZTECH_S001::2024-12-30,IZTECH,IZTECH::IZTECH_S001,3.6482505724684473,0.023760715622217904
residual_fitted,IZTECH::IZTECH_S002::2025-01-07,IZTECH,IZTECH::IZTECH_S002,4.245836981237651,0.46562485137272047
residual_fitted,IZTECH::IZTECH_S002::2025-01-08,IZTECH,IZTECH::IZTECH_S002,4.243621688406632,0.5122769565884111
residual_fitted,IZTECH::IZTECH_S002::2025-01-09,IZTECH,IZTECH::IZTECH_S002,4.241291548599345,-0.298876221091584
residual_fitted,IZTECH::IZTECH_S002::2025-01-10,IZTECH,IZTECH::IZTECH_S002,4.238848337730511,0.08656829993670154
residual_fitted,IZTECH::IZTECH_S002::2025-01-11,IZTECH,IZTECH::IZTECH_S002,4.2362938916923865,0.20117771598976109
residual_fitted,IZTECH::IZTECH_S002::2025-01-12,IZTECH,IZTECH::IZTECH_S002,4.233630101305994,0.5416198899382529
residual_fitted,IZTECH::IZTECH_S003::2025-01-07,IZTECH,IZTECH::IZTECH_S003,4.537097796409581,-0.4427790489719964
residual_fitted,IZTECH::IZTECH_S003::2025-01-08,IZTECH,IZTECH::IZTECH_S003,4.534882503578563,0.31501296622435343
residual_fitted,IZTECH::IZTECH_S003::2025-01-09,IZTECH,IZTECH::IZTECH_S003,4.532552363771276,1.2196259205611875
residual_fitted,IZTECH::IZTECH_S003::2025-01-10,IZTECH,IZTECH::IZTECH_S003,4.530109152902441,-0.5509251585106206
residual_fitted,IZTECH::IZTECH_S003::2025-01-11,IZTECH,IZTECH::IZTECH_S003,4.527554706864318,1.0762675581362215
residual_fitted,IZTECH::IZTECH_S003::2025-01-12,IZTECH,IZTECH::IZTECH_S003,4.524890916477925,0.784585367657461
residual_fitted,IZTECH::IZTECH_S004::2025-01-22,IZTECH,IZTECH::IZTECH_S004,4.163351400463268,-0.0429063897358064
residual_fitted,IZTECH::IZTECH_S004::2025-01-23,IZTECH,IZTECH::IZTECH_S004,4.159620266190372,0.14022757961574492
residual_fitted,IZTECH::IZTECH_S004::2025-01-24,IZTECH,IZTECH::IZTECH_S004,4.155804943007721,0.5717531398434363
residual_fitted,IZTECH::IZTECH_S004::2025-01-25,IZTECH,IZTECH::IZTECH_S004,4.151907591929756,0.6421203330746861
residual_fitted,IZTECH::IZTECH_S004::2025-01-26,IZTECH,IZTECH::IZTECH_S004,4.147930364827035,0.08041726000159333
residual_fitted,IZTECH::IZTECH_S005::2025-01-21,IZTECH,IZTECH::IZTECH_S005,3.95801690726103,-0.08444520527524586
residual_fitted,IZTECH::IZTECH_S005::2025-01-22,IZTECH,IZTECH::IZTECH_S005,3.95437212845663,-0.0029611381305435377
residual_fitted,IZTECH::IZTECH_S005::2025-01-23,IZTECH,IZTECH::IZTECH_S005,3.9506409941837335,-0.30520837717848975
residual_fitted,IZTECH::IZTECH_S005::2025-01-24,IZTECH,IZTECH::IZTECH_S005,3.946825671001082,-0.1784570640853671
residual_fitted,IZTECH::IZTECH_S005::2025-01-25,IZTECH,IZTECH::IZTECH_S005,3.9429283199231175,0.7272173249961815
residual_fitted,IZTECH::IZTECH_S005::2025-01-26,IZTECH,IZTECH::IZTECH_S005,3.9389510928203966,0.5944557849272953
residual_fitted,IZTECH::IZTECH_S006::2025-02-18,IZTECH,IZTECH::IZTECH_S006,3.0837030573368285,-0.4969195487114723
residual_fitted,IZTECH::IZTECH_S006::2025-02-19,IZTECH,IZTECH::IZTECH_S006,3.078387340550629,-0.3578641198038986
residual_fitted,IZTECH::IZTECH_S006::2025-02-20,IZTECH,IZTECH::IZTECH_S006,3.0730361525264085,-0.4445433686555693
residual_fitted,IZTECH::IZTECH_S006::2025-02-21,IZTECH,IZTECH::IZTECH_S006,3.067650786348044,-0.4296080537486113
residual_fitted,IZTECH::IZTECH_S006::2025-02-22,IZTECH,IZTECH::IZTECH_S006,3.0622324990380916,-0.07601238977414465
residual_fitted,IZTECH::IZTECH_S006::2025-02-23,IZTECH,IZTECH::IZTECH_S006,3.0567825123431556,0.2663168083572481
residual_fitted,IZTECH::IZTECH_S007::2025-02-25,IZTECH,IZTECH::IZTECH_S007,3.84492046052107,-0.2110305157899223
residual_fitted,IZTECH::IZTECH_S007::2025-02-26,IZTECH,IZTECH::IZTECH_S007,3.83938236862173,-0.8394040629078787
residual_fitted,IZTECH::IZTECH_S007::2025-02-27,IZTECH,IZTECH::IZTECH_S007,3.833817132021161,0.14641549073698398
residual_fitted,IZTECH::IZTECH_S007::2025-02-28,IZTECH,IZTECH::IZTECH_S007,3.82822581175609,0.7936146578527956
residual_fitted,IZTECH::IZTECH_S007::2025-03-01,IZTECH,IZTECH::IZTECH_S007,3.822609440188093,0.6845391413205797
residual_fitted,IZTECH::IZTECH_S007::2025-03-02,IZTECH,IZTECH::IZTECH_S007,3.816969022228387,0.33843327417465385
residual_fitted,IZTECH::IZTECH_S008::2025-03-04,IZTECH,IZTECH::IZTECH_S008,2.9280340813684917,-0.8317181391214954
residual_fitted,IZTECH::IZTECH_S008::2025-03-05,IZTECH,IZTECH::IZTECH_S008,2.9223272993270273,-1.053611773590994
residual_fitted,IZTECH::IZTECH_S008::2025-03-06,IZTECH,IZTECH::IZTECH_S008,2.9166002428497357,0.869215988351467
residual_fitted,IZTECH::IZTECH_S008::2025-03-07,IZTECH,IZTECH::IZTECH_S008,2.9108537998939763,-0.831370280085097
residual_fitted,IZTECH::IZTECH_S008::2025-03-09,IZTECH,IZTECH::IZTECH_S008,2.899306211740086,0.06819749668454064
residual_fitted,IZTECH::IZTECH_S009::2025-03-20,IZTECH,IZTECH::IZTECH_S009,3.2519186619394413,0.935599147677158
residual_fitted,IZTECH::IZTECH_S009::2025-03-21,IZTECH,IZTECH::IZTECH_S009,3.245986025302419,-0.5729661198842452
residual_fitted,IZTECH::IZTECH_S009::2025-03-22,IZTECH,IZTECH::IZTECH_S009,3.24004586431295,-0.3657601593647026
residual_fitted,IZTECH::IZTECH_S009::2025-03-24,IZTECH,IZTECH::IZTECH_S009,3.2281460312537336,-0.5947473234434787
residual_fitted,IZTECH::IZTECH_S009::2025-03-25,IZTECH,IZTECH::IZTECH_S009,3.2221879058844833,-0.1391946243394961
residual_fitted,IZTECH::IZTECH_S009::2025-03-26,IZTECH,IZTECH::IZTECH_S009,3.2162253528735283,0.23734552794700717
residual_fitted,IZTECH::IZTECH_S010::2025-04-15,IZTECH,IZTECH::IZTECH_S010,3.4273492319583836,-0.89898191745503
residual_fitted,IZTECH::IZTECH_S010::2025-04-16,IZTECH,IZTECH::IZTECH_S010,3.421508128454617,-0.09358248701347133
residual_fitted,IZTECH::IZTECH_S010::2025-04-17,IZTECH,IZTECH::IZTECH_S010,3.4156853813022905,0.5086216796868415
residual_fitted,IZTECH::IZTECH_S010::2025-04-18,IZTECH,IZTECH::IZTECH_S010,3.40988241658301,0.26421731728860143
residual_fitted,IZTECH::IZTECH_S010::2025-04-19,IZTECH,IZTECH::IZTECH_S010,3.404100705293748,0.5616194442448547
residual_fitted,IZTECH::IZTECH_S010::2025-04-20,IZTECH,IZTECH::IZTECH_S010,3.3983417644313954,0.17044210951252378
residual_fitted,IZTECH::IZTECH_S011::2025-04-15,IZTECH,IZTECH::IZTECH_S011,3.4716715299193295,-0.5564984931623828
residual_fitted,IZTECH::IZTECH_S011::2025-04-16,IZTECH,IZTECH::IZTECH_S011,3.465830426415563,-0.41708723238525103
residual_fitted,IZTECH::IZTECH_S011::2025-04-17,IZTECH,IZTECH::IZTECH_S011,3.4600076792632364,-0.5485988458237143
residual_fitted,IZTECH::IZTECH_S011::2025-04-18,IZTECH,IZTECH::IZTECH_S011,3.454204714543956,-0.52209276632456
residual_fitted,IZTECH::IZTECH_S011::2025-04-19,IZTECH,IZTECH::IZTECH_S011,3.448423003254694,-0.02150780794526133
residual_fitted,IZTECH::IZTECH_S011::2025-04-20,IZTECH,IZTECH::IZTECH_S011,3.4426640623923412,2.7140728742214977
residual_fitted,IZTECH::IZTECH_S012::2025-04-22,IZTECH,IZTECH::IZTECH_S012,2.493178557760511,-0.7629595855472553
residual_fitted,IZTECH::IZTECH_S012::2025-04-23,IZTECH,IZTECH::IZTECH_S012,2.4874975046419046,-0.4430497618066183
residual_fitted,IZTECH::IZTECH_S012::2025-04-24,IZTECH,IZTECH::IZTECH_S012,2.481845768729599,0.5654042459132769
residual_fitted,IZTECH::IZTECH_S012::2025-04-25,IZTECH,IZTECH::IZTECH_S012,2.47622511042737,-0.8079170961707819
residual_fitted,IZTECH::IZTECH_S012::2025-04-26,IZTECH,IZTECH::IZTECH_S012,2.4706373407949966,-0.2735996846042342
residual_fitted,IZTECH::IZTECH_S012::2025-04-27,IZTECH,IZTECH::IZTECH_S012,2.4650843220624967,-0.506885394367739
residual_fitted,IZTECH::IZTECH_S013::2025-04-22,IZTECH,IZTECH::IZTECH_S013,3.116856607639536,0.4626766957591463
residual_fitted,IZTECH::IZTECH_S013::2025-04-23,IZTECH,IZTECH::IZTECH_S013,3.1111755545209294,0.5906916231557959
residual_fitted,IZTECH::IZTECH_S013::2025-04-24,IZTECH,IZTECH::IZTECH_S013,3.1055238186086243,0.5832314737604628
residual_fitted,IZTECH::IZTECH_S013::2025-04-25,IZTECH,IZTECH::IZTECH_S013,3.099903160306395,-4.458668769017476
residual_fitted,IZTECH::IZTECH_S013::2025-04-26,IZTECH,IZTECH::IZTECH_S013,3.094315390674022,1.2116591035205035
residual_fitted,IZTECH::IZTECH_S013::2025-04-27,IZTECH,IZTECH::IZTECH_S013,3.088762371941522,1.294435575970625
residual_fitted,IZTECH::IZTECH_S014::2025-04-29,IZTECH,IZTECH::IZTECH_S014,3.121830697179842,-0.05993714986602953
residual_fitted,IZTECH::IZTECH_S014::2025-04-30,IZTECH,IZTECH::IZTECH_S014,3.116393619165158,-0.7899705269858334
residual_fitted,IZTECH::IZTECH_S014::2025-05-01,IZTECH,IZTECH::IZTECH_S014,3.1109992558796526,0.2295971034829728
residual_fitted,IZTECH::IZTECH_S014::2025-05-02,IZTECH,IZTECH::IZTECH_S014,3.1056497267134526,-0.03769023013852594
residual_fitted,IZTECH::IZTECH_S014::2025-05-03,IZTECH,IZTECH::IZTECH_S014,3.100347201693993,-2.3515141086687314e-4
residual_fitted,IZTECH::IZTECH_S014::2025-05-04,IZTECH,IZTECH::IZTECH_S014,3.0950939009063405,0.47741605700407963
residual_fitted,IZTECH::IZTECH_S015::2025-04-29,IZTECH,IZTECH::IZTECH_S015,3.7945798626584857,0.8276901902770768
residual_fitted,IZTECH::IZTECH_S015::2025-04-30,IZTECH,IZTECH::IZTECH_S015,3.7891427846438015,0.2895517095012604
residual_fitted,IZTECH::IZTECH_S015::2025-05-01,IZTECH,IZTECH::IZTECH_S015,3.783748421358297,1.8057884834486222
residual_fitted,IZTECH::IZTECH_S015::2025-05-02,IZTECH,IZTECH::IZTECH_S015,3.7783988921920963,0.7822094995302321
residual_fitted,IZTECH::IZTECH_S015::2025-05-03,IZTECH,IZTECH::IZTECH_S015,3.773096367172637,-0.4332962155175573
residual_fitted,IZTECH::IZTECH_S015::2025-05-04,IZTECH,IZTECH::IZTECH_S015,3.7678430663849847,-1.3892127621429875
residual_fitted,IZTECH::IZTECH_S016::2025-05-06,IZTECH,IZTECH::IZTECH_S016,2.883744222645401,0.10131313019876573
residual_fitted,IZTECH::IZTECH_S016::2025-05-07,IZTECH,IZTECH::IZTECH_S016,2.8786524013163794,0.4321118164072197
residual_fitted,IZTECH::IZTECH_S016::2025-05-08,IZTECH,IZTECH::IZTECH_S016,2.873619164819155,0.356505161662906
residual_fitted,IZTECH::IZTECH_S016::2025-05-09,IZTECH,IZTECH::IZTECH_S016,2.8686469665948846,-0.3512671972724071
residual_fitted,IZTECH::IZTECH_S016::2025-05-10,IZTECH,IZTECH::IZTECH_S016,2.8637383019240823,-0.17862364979880277
residual_fitted,IZTECH::IZTECH_S016::2025-05-11,IZTECH,IZTECH::IZTECH_S016,2.8588957057575155,-1.1573942270083184
residual_fitted,IZTECH::IZTECH_S017::2025-05-27,IZTECH,IZTECH::IZTECH_S017,2.3020994166184114,-0.170740910895422
residual_fitted,IZTECH::IZTECH_S017::2025-05-28,IZTECH,IZTECH::IZTECH_S017,2.2987908063089555,-0.902215848331695
residual_fitted,IZTECH::IZTECH_S017::2025-05-29,IZTECH,IZTECH::IZTECH_S017,2.295596742611264,-0.6065662732567098
residual_fitted,IZTECH::IZTECH_S017::2025-05-30,IZTECH,IZTECH::IZTECH_S017,2.292519779408997,0.5017353181430532
residual_fitted,IZTECH::IZTECH_S017::2025-05-31,IZTECH,IZTECH::IZTECH_S017,2.2895624177046088,-0.4557362131614186
residual_fitted,IZTECH::IZTECH_S017::2025-06-01,IZTECH,IZTECH::IZTECH_S017,2.2867270991774897,-0.668286686175768
residual_fitted,KNUST::KNUST_S001::2024-10-08,KNUST,KNUST::KNUST_S001,2.4358471633695036,-0.35162854446568437
residual_fitted,KNUST::KNUST_S001::2024-10-09,KNUST,KNUST::KNUST_S001,2.436603614715622,-0.6569151180213798
residual_fitted,KNUST::KNUST_S001::2024-10-10,KNUST,KNUST::KNUST_S001,2.437352859220922,-0.6912863686586042
residual_fitted,KNUST::KNUST_S001::2024-10-11,KNUST,KNUST::KNUST_S001,2.438094798527856,-0.8272440873710575
residual_fitted,KNUST::KNUST_S001::2024-10-12,KNUST,KNUST::KNUST_S001,2.438829335456922,1.2831022881026968
residual_fitted,KNUST::KNUST_S001::2024-10-13,KNUST,KNUST::KNUST_S001,2.439556373857072,0.6166217127026171
residual_fitted,KNUST::KNUST_S002::2024-10-15,KNUST,KNUST::KNUST_S002,2.3874802343499444,-1.5831195080354186
residual_fitted,KNUST::KNUST_S002::2024-10-16,KNUST,KNUST::KNUST_S002,2.388184209503788,1.0352046447560264
residual_fitted,KNUST::KNUST_S002::2024-10-17,KNUST,KNUST::KNUST_S002,2.3888803103411735,0.4477605681813525
residual_fitted,KNUST::KNUST_S002::2024-10-18,KNUST,KNUST::KNUST_S002,2.3895684447033223,0.1425202640864481
residual_fitted,KNUST::KNUST_S002::2024-10-19,KNUST,KNUST::KNUST_S002,2.3902485210111295,0.8080478343181954
residual_fitted,KNUST::KNUST_S002::2024-10-20,KNUST,KNUST::KNUST_S002,2.3909204481810167,-1.6418891580537034
residual_fitted,KNUST::KNUST_S003::2024-10-22,KNUST,KNUST::KNUST_S003,2.424434515070853,-0.9308716545921873
residual_fitted,KNUST::KNUST_S003::2024-10-23,KNUST,KNUST::KNUST_S003,2.4250814525047772,-0.7055511082762868
residual_fitted,KNUST::KNUST_S003::2024-10-24,KNUST,KNUST::KNUST_S003,2.4257198803371964,0.2083392412119177
residual_fitted,KNUST::KNUST_S003::2024-10-25,KNUST,KNUST::KNUST_S003,2.4263497091581074,-0.2436047299608875
residual_fitted,KNUST::KNUST_S003::2024-10-26,KNUST,KNUST::KNUST_S003,2.426970849744498,0.9863595099795951
residual_fitted,KNUST::KNUST_S003::2024-10-27,KNUST,KNUST::KNUST_S003,2.4275832129855526,-0.007393515968106127
residual_fitted,KNUST::KNUST_S004::2024-10-30,KNUST,KNUST::KNUST_S004,2.694812980761819,-0.96724937261413
residual_fitted,KNUST::KNUST_S004::2024-11-01,KNUST,KNUST::KNUST_S004,2.6959564890780663,0.39781630109372884
residual_fitted,KNUST::KNUST_S004::2024-11-02,KNUST,KNUST::KNUST_S004,2.6965143221089614,0.6909248061669775
residual_fitted,KNUST::KNUST_S005::2024-11-07,KNUST,KNUST::KNUST_S005,2.2526582592986957,0.05463929989207264
residual_fitted,KNUST::KNUST_S005::2024-11-08,KNUST,KNUST::KNUST_S005,2.2531583663966694,0.3703627715184286
residual_fitted,KNUST::KNUST_S005::2024-11-09,KNUST,KNUST::KNUST_S005,2.253648542009493,-1.6730854620207773
residual_fitted,KNUST::KNUST_S006::2024-11-12,KNUST,KNUST::KNUST_S006,2.4392410633109747,-0.3200633465607589
residual_fitted,KNUST::KNUST_S006::2024-11-13,KNUST,KNUST::KNUST_S006,2.4396906291489993,-0.02688151470485166
residual_fitted,KNUST::KNUST_S006::2024-11-14,KNUST,KNUST::KNUST_S006,2.440129822482333,-0.5238481133334371
residual_fitted,KNUST::KNUST_S006::2024-11-15,KNUST,KNUST::KNUST_S006,2.4405585558830847,-0.05004521090063186
residual_fitted,KNUST::KNUST_S006::2024-11-16,KNUST,KNUST::KNUST_S006,2.440976742259945,0.13027852272392068
residual_fitted,KNUST::KNUST_S006::2024-11-17,KNUST,KNUST::KNUST_S006,2.4413842950171336,0.10742662682193847
residual_fitted,KNUST::KNUST_S007::2024-11-19,KNUST,KNUST::KNUST_S007,2.4465958796076137,-0.2911807826560762
residual_fitted,KNUST::KNUST_S007::2024-11-20,KNUST,KNUST::KNUST_S007,2.446971017325809,0.2390980942471323
residual_fitted,KNUST::KNUST_S007::2024-11-21,KNUST,KNUST::KNUST_S007,2.447335180940793,-0.4610005199691148
residual_fitted,KNUST::KNUST_S007::2024-11-22,KNUST,KNUST::KNUST_S007,2.4476882872974284,-0.15646542333232855
residual_fitted,KNUST::KNUST_S008::2024-11-27,KNUST,KNUST::KNUST_S008,3.5220977695796454,0.007609578853695643
residual_fitted,KNUST::KNUST_S008::2024-11-28,KNUST,KNUST::KNUST_S008,3.522382847349359,-5.15116982863727
residual_fitted,KNUST::KNUST_S008::2024-11-29,KNUST,KNUST::KNUST_S008,3.5226563187413777,-0.6023172074160069
residual_fitted,KNUST::KNUST_S008::2024-11-30,KNUST,KNUST::KNUST_S008,3.522918111399327,1.7002442428002167
residual_fitted,KNUST::KNUST_S008::2024-12-01,KNUST,KNUST::KNUST_S008,3.5231681548180473,6.666766329153128
residual_fitted,KNUST::KNUST_S009::2024-12-03,KNUST,KNUST::KNUST_S009,3.1249016086638934,0.31048485277495713
residual_fitted,KNUST::KNUST_S009::2024-12-04,KNUST,KNUST::KNUST_S009,3.125116002108734,-1.507017898510599
residual_fitted,KNUST::KNUST_S009::2024-12-05,KNUST,KNUST::KNUST_S009,3.1253183856200946,-0.42351320043726143
residual_fitted,KNUST::KNUST_S009::2024-12-06,KNUST,KNUST::KNUST_S009,3.125508699940357,1.1792446854474825
residual_fitted,KNUST::KNUST_S009::2024-12-07,KNUST,KNUST::KNUST_S009,3.1256868884297857,2.0144311984917507
residual_fitted,KNUST::KNUST_S009::2024-12-08,KNUST,KNUST::KNUST_S009,3.125852897169371,-0.17554064059801772
residual_fitted,KNUST::KNUST_S010::2024-12-10,KNUST,KNUST::KNUST_S010,2.2486115375074762,-0.10065104324300295
residual_fitted,KNUST::KNUST_S010::2024-12-11,KNUST,KNUST::KNUST_S010,2.248740712392363,-0.3039213617289154
residual_fitted,KNUST::KNUST_S010::2024-12-12,KNUST,KNUST::KNUST_S010,2.248857521302535,0.023349643680088437
residual_fitted,KNUST::KNUST_S010::2024-12-13,KNUST,KNUST::KNUST_S010,2.248961925549443,-1.026499029173978
residual_fitted,KNUST::KNUST_S010::2024-12-14,KNUST,KNUST::KNUST_S010,2.2490538897823362,0.1473839338706334
residual_fitted,KNUST::KNUST_S010::2024-12-15,KNUST,KNUST::KNUST_S010,2.2491333820537114,-0.033276865610210135
residual_fitted,KNUST::KNUST_S011::2024-12-17,KNUST,KNUST::KNUST_S011,2.9834966924064372,-0.49677978267526135
residual_fitted,KNUST::KNUST_S011::2024-12-18,KNUST,KNUST::KNUST_S011,2.9835386123093897,-0.5758237195772509
residual_fitted,KNUST::KNUST_S011::2024-12-19,KNUST,KNUST::KNUST_S011,2.9835679679518017,0.1014325032910894
residual_fitted,KNUST::KNUST_S011::2024-12-20,KNUST,KNUST::KNUST_S011,2.9835847453934536,-0.42911180838497026
residual_fitted,KNUST::KNUST_S011::2024-12-21,KNUST,KNUST::KNUST_S011,2.9835889343965594,0.9931651744646427
residual_fitted,KNUST::KNUST_S011::2024-12-22,KNUST,KNUST::KNUST_S011,2.98358052850991,1.3656727251797263
residual_fitted,KNUST::KNUST_S012::2025-01-07,KNUST,KNUST::KNUST_S012,2.6111234018805156,-0.5945062384081516
residual_fitted,KNUST::KNUST_S012::2025-01-08,KNUST,KNUST::KNUST_S012,2.610903445942334,-0.17670366958197561
residual_fitted,KNUST::KNUST_S012::2025-01-09,KNUST,KNUST::KNUST_S012,2.6106713908009134,0.5233054707218928
residual_fitted,KNUST::KNUST_S012::2025-01-10,KNUST,KNUST::KNUST_S012,2.6104272937785087,0.22998447974689648
residual_fitted,KNUST::KNUST_S012::2025-01-11,KNUST,KNUST::KNUST_S012,2.610171214618916,-0.187495681882538
residual_fitted,KNUST::KNUST_S012::2025-01-12,KNUST,KNUST::KNUST_S012,2.6099032154594237,0.027156594046381093
residual_fitted,KNUST::KNUST_S013::2025-01-14,KNUST,KNUST::KNUST_S013,3.060080343915755,1.0090869810534913
residual_fitted,KNUST::KNUST_S013::2025-01-15,KNUST,KNUST::KNUST_S013,3.0597769793554526,-0.15336487052177258
residual_fitted,KNUST::KNUST_S013::2025-01-16,KNUST,KNUST::KNUST_S013,3.0594619645398917,-0.2434549991470177
residual_fitted,KNUST::KNUST_S013::2025-01-17,KNUST,KNUST::KNUST_S013,3.059135371591707,0.5920733903030636
residual_fitted,KNUST::KNUST_S014::2025-01-21,KNUST,KNUST::KNUST_S014,2.8454239817499984,-0.22265947376556477
residual_fitted,KNUST::KNUST_S014::2025-01-22,KNUST,KNUST::KNUST_S014,2.8450406340468377,-0.3352791923169865
residual_fitted,KNUST::KNUST_S014::2025-01-23,KNUST,KNUST::KNUST_S014,2.8446461718285203,0.20680885131249208
residual_fitted,KNUST::KNUST_S014::2025-01-24,KNUST,KNUST::KNUST_S014,2.8442406765485604,0.03776445739032388
residual_fitted,KNUST::KNUST_S014::2025-01-25,KNUST,KNUST::KNUST_S014,2.84382423055803,0.29766901312696226
residual_fitted,KNUST::KNUST_S014::2025-01-26,KNUST,KNUST::KNUST_S014,2.843396917077513,0.5688688642339453
residual_fitted,KNUST::KNUST_S015::2025-01-28,KNUST,KNUST::KNUST_S015,2.442890907895577,-0.19836801321429862
residual_fitted,KNUST::KNUST_S015::2025-01-29,KNUST,KNUST::KNUST_S015,2.4424314984864735,-0.931772646337994
residual_fitted,KNUST::KNUST_S015::2025-01-30,KNUST,KNUST::KNUST_S015,2.4419615613510053,0.028020112574527693
residual_fitted,KNUST::KNUST_S015::2025-01-31,KNUST,KNUST::KNUST_S015,2.441481182832515,0.2879679682846693
residual_fitted,KNUST::KNUST_S015::2025-02-01,KNUST,KNUST::KNUST_S015,2.4409904497324737,0.14155717405937868
residual_fitted,RISE::RISE_S001::2025-03-04,RISE,RISE::RISE_S001,2.4504539595660173,-0.4405369240498478
residual_fitted,RISE::RISE_S001::2025-03-05,RISE,RISE::RISE_S001,2.438969083736163,0.5492918597937121
residual_fitted,RISE::RISE_S001::2025-03-06,RISE,RISE::RISE_S001,2.42744649890317,-0.7410167029257021
residual_fitted,RISE::RISE_S001::2025-03-07,RISE,RISE::RISE_S001,2.415887015020881,0.6439403389360263
residual_fitted,RISE::RISE_S001::2025-03-08,RISE,RISE::RISE_S001,2.4042913811212934,0.05353322550549203
residual_fitted,RISE::RISE_S001::2025-03-09,RISE,RISE::RISE_S001,2.392660288633663,-0.5481378077497113
residual_fitted,RISE::RISE_S002::2025-03-18,RISE,RISE::RISE_S002,2.420154670702054,-0.47645561510685563
residual_fitted,RISE::RISE_S002::2025-03-19,RISE,RISE::RISE_S002,2.4081966220445294,-0.45706877941269614
residual_fitted,RISE::RISE_S002::2025-03-20,RISE,RISE::RISE_S002,2.396207823470248,-0.43766111753469444
residual_fitted,RISE::RISE_S002::2025-03-21,RISE,RISE::RISE_S002,2.3841885199100736,-0.4295207304377301
residual_fitted,RISE::RISE_S002::2025-03-22,RISE,RISE::RISE_S002,2.3721389389140075,1.362133905334255
residual_fitted,RISE::RISE_S002::2025-03-23,RISE,RISE::RISE_S002,2.360059293671102,0.36568893837488303
residual_fitted,RISE::RISE_S003::2025-03-18,RISE,RISE::RISE_S003,2.454979333385654,-0.6919364233421974
residual_fitted,RISE::RISE_S003::2025-03-19,RISE,RISE::RISE_S003,2.4430212847281294,-0.8418686138339093
residual_fitted,RISE::RISE_S003::2025-03-20,RISE,RISE::RISE_S003,2.431032486153848,-0.754733341481559
residual_fitted,RISE::RISE_S003::2025-03-21,RISE,RISE::RISE_S003,2.4190131825936736,-0.904624045491408
residual_fitted,RISE::RISE_S003::2025-03-22,RISE,RISE::RISE_S003,2.4069636015976075,1.7336257212099333
residual_fitted,RISE::RISE_S003::2025-03-23,RISE,RISE::RISE_S003,2.3948839563547017,1.4934724045474534
residual_fitted,RISE::RISE_S004::2025-03-25,RISE,RISE::RISE_S004,1.5467972609264091,-0.03169466659290202
residual_fitted,RISE::RISE_S004::2025-03-26,RISE,RISE::RISE_S004,1.5346286039254302,0.1910176405227842
residual_fitted,RISE::RISE_S004::2025-03-27,RISE,RISE::RISE_S004,1.5224306526433122,-0.0829193555234644
residual_fitted,RISE::RISE_S004::2025-03-28,RISE,RISE::RISE_S004,1.510203594249234,0.04952902482778701
residual_fitted,RISE::RISE_S004::2025-03-29,RISE,RISE::RISE_S004,1.497947620082285,-0.4275515051280827
residual_fitted,RISE::RISE_S004::2025-03-30,RISE,RISE::RISE_S004,1.4856629288209735,-2.191437184694765
residual_fitted,RISE::RISE_S005::2025-04-01,RISE,RISE::RISE_S005,1.9454872406282175,-0.32429373320371824
residual_fitted,RISE::RISE_S005::2025-04-02,RISE,RISE::RISE_S005,1.9331177129615569,-0.8238732262457394
residual_fitted,RISE::RISE_S005::2025-04-03,RISE,RISE::RISE_S005,1.9207204025037468,-0.3752473560263127
residual_fitted,RISE::RISE_S005::2025-04-04,RISE,RISE::RISE_S005,1.908295594846961,-0.7280462532241967
residual_fitted,RISE::RISE_S005::2025-04-05,RISE,RISE::RISE_S005,1.8958436034825124,0.6913790678656776
residual_fitted,RISE::RISE_S005::2025-04-06,RISE,RISE::RISE_S005,1.8833647735313288,0.5530875251790165
residual_fitted,RISE::RISE_S006::2025-04-15,RISE,RISE::RISE_S006,2.32475483798238,0.0848255554692614
residual_fitted,RISE::RISE_S006::2025-04-16,RISE,RISE::RISE_S006,2.312036477295372,0.51109299517923
residual_fitted,RISE::RISE_S006::2025-04-17,RISE,RISE::RISE_S006,2.299298357614707,0.06820281609598347
residual_fitted,RISE::RISE_S006::2025-04-18,RISE,RISE::RISE_S006,2.286541544502308,-0.36338676729357555
residual_fitted,RISE::RISE_S006::2025-04-19,RISE,RISE::RISE_S006,2.2737671975020435,0.14193413616196102
residual_fitted,RISE::RISE_S006::2025-04-20,RISE,RISE::RISE_S006,2.2609765764600427,0.2521883338700601
residual_fitted,RISE::RISE_S007::2025-04-15,RISE,RISE::RISE_S007,2.1142239226678865,0.24998898387965818
residual_fitted,RISE::RISE_S007::2025-04-16,RISE,RISE::RISE_S007,2.1015055619808787,0.9133030602498468
residual_fitted,RISE::RISE_S007::2025-04-17,RISE,RISE::RISE_S007,2.0887674423002136,0.018895478004276732
residual_fitted,RISE::RISE_S007::2025-04-18,RISE,RISE::RISE_S007,2.0760106291878144,-0.7061804174407925
residual_fitted,RISE::RISE_S007::2025-04-19,RISE,RISE::RISE_S007,2.06323628218755,0.03618712267496373
residual_fitted,RISE::RISE_S007::2025-04-20,RISE,RISE::RISE_S007,2.0504456611455493,-0.46310717388607386
residual_fitted,RISE::RISE_S008::2025-04-29,RISE,RISE::RISE_S008,2.2588300159423333,-0.6832564635457308
residual_fitted,RISE::RISE_S008::2025-04-30,RISE,RISE::RISE_S008,2.2459732195023854,0.11560659300066309
residual_fitted,RISE::RISE_S008::2025-05-01,RISE,RISE::RISE_S008,2.233122788460039,0.7790101174666675
residual_fitted,RISE::RISE_S008::2025-05-02,RISE,RISE::RISE_S008,2.2202818138788927,0.6861155870005736
residual_fitted,RISE::RISE_S008::2025-05-03,RISE,RISE::RISE_S008,2.207453605761586,0.34487783837430114
residual_fitted,RISE::RISE_S008::2025-05-04,RISE,RISE::RISE_S008,2.194641705886766,-0.19955378685796385
residual_fitted,RISE::RISE_S009::2025-05-27,RISE,RISE::RISE_S009,0.7974275686757568,-0.4046234165790868
residual_fitted,RISE::RISE_S009::2025-05-28,RISE,RISE::RISE_S009,0.7869703041162068,-1.1199688062316404
residual_fitted,RISE::RISE_S009::2025-05-29,RISE,RISE::RISE_S009,0.7767450902944268,-0.24387251215678307
residual_fitted,RISE::RISE_S009::2025-05-30,RISE,RISE::RISE_S009,0.7667678954181454,0.23697807684573116
residual_fitted,RISE::RISE_S009::2025-05-31,RISE,RISE::RISE_S009,0.757055336004097,-0.03864221572368474
residual_fitted,RISE::RISE_S009::2025-06-01,RISE,RISE::RISE_S009,0.7476246504187232,-0.8224104932594272
residual_fitted,RISE::RISE_S010::2025-06-10,RISE,RISE::RISE_S010,1.8878922822858308,0.09850374852325165
residual_fitted,RISE::RISE_S010::2025-06-11,RISE,RISE::RISE_S010,1.8823182868520874,0.09099094735941736
residual_fitted,RISE::RISE_S010::2025-06-12,RISE,RISE::RISE_S010,1.877234663849109,0.8394376789626927
residual_fitted,RISE::RISE_S010::2025-06-13,RISE,RISE::RISE_S010,1.872658506435059,0.19912470152446252
residual_fitted,RISE::RISE_S010::2025-06-14,RISE,RISE::RISE_S010,1.8686057611266467,0.08899017828988062
residual_fitted,RISE::RISE_S012::2025-06-10,RISE,RISE::RISE_S012,2.3423529665267546,0.34381720541534616
residual_fitted,RISE::RISE_S012::2025-06-11,RISE,RISE::RISE_S012,2.336778971093011,0.2798647288562214
residual_fitted,RISE::RISE_S012::2025-06-12,RISE,RISE::RISE_S012,2.3316953480900326,0.44133883634847626
residual_fitted,RISE::RISE_S012::2025-06-13,RISE,RISE::RISE_S012,2.3271191906759823,0.3089829374678602
residual_fitted,RISE::RISE_S012::2025-06-14,RISE,RISE::RISE_S012,2.3230664453675702,0.45847092105161413
residual_fitted,RISE::RISE_S012::2025-06-15,RISE,RISE::RISE_S012,2.3195516895107735,0.5511548618398945
residual_fitted,RISE::RISE_S012::2025-06-16,RISE,RISE::RISE_S012,2.316587914763341,0.327403454075011
residual_fitted,RISE::RISE_S013::2025-06-24,RISE,RISE::RISE_S013,1.6665836854885037,-0.09024727946335052
residual_fitted,RISE::RISE_S013::2025-06-25,RISE,RISE::RISE_S013,1.6688220600218922,-0.0353236016529905
residual_fitted,RISE::RISE_S013::2025-06-26,RISE,RISE::RISE_S013,1.6716235261808714,-0.6693453321679675
residual_fitted,RISE::RISE_S013::2025-06-27,RISE,RISE::RISE_S013,1.6749770350282167,0.7619511714630566
residual_fitted,RISE::RISE_S013::2025-06-28,RISE,RISE::RISE_S013,1.6788697226307503,0.2174938633718413
residual_fitted,RISE::RISE_S013::2025-06-29,RISE,RISE::RISE_S013,1.6832871118980062,0.5418521884684631
residual_fitted,RISE::RISE_S016::2025-10-07,RISE,RISE::RISE_S016,2.550207879007939,-0.3274909087774385
residual_fitted,RISE::RISE_S016::2025-10-08,RISE,RISE::RISE_S016,2.5615384731321926,-0.5044838756162138
residual_fitted,RISE::RISE_S016::2025-10-09,RISE,RISE::RISE_S016,2.572832821667773,0.7408275257774407
residual_fitted,RISE::RISE_S016::2025-10-10,RISE,RISE::RISE_S016,2.5840900944096563,-0.21498330269609636
residual_fitted,RISE::RISE_S016::2025-10-11,RISE,RISE::RISE_S016,2.595309394480985,0.003176835034807634
residual_fitted,RISE::RISE_S016::2025-10-12,RISE,RISE::RISE_S016,2.606489755182262,0.1762116051543491
residual_fitted,THUAS::THUAS_S001::2025-02-22,THUAS,THUAS::THUAS_S001,3.69589060724416,-0.5390376902762511
residual_fitted,THUAS::THUAS_S001::2025-02-23,THUAS,THUAS::THUAS_S001,3.686983196680929,0.2684384766664892
residual_fitted,THUAS::THUAS_S001::2025-02-24,THUAS,THUAS::THUAS_S001,3.6780318574581607,0.6808666676736148
residual_fitted,THUAS::THUAS_S001::2025-02-25,THUAS,THUAS::THUAS_S001,3.6690381688876768,0.7321096183521404
residual_fitted,THUAS::THUAS_S001::2025-02-26,THUAS,THUAS::THUAS_S001,3.6600036431232863,-0.6840513331912677
residual_fitted,THUAS::THUAS_S001::2025-02-27,THUAS,THUAS::THUAS_S001,3.650929727619728,0.19126521404322633
residual_fitted,THUAS::THUAS_S001::2025-02-28,THUAS,THUAS::THUAS_S001,3.6418178075448586,0.08455714898768711
residual_fitted,THUAS::THUAS_S001::2025-03-02,THUAS,THUAS::THUAS_S001,3.6234851985039565,-0.46742336692421
residual_fitted,THUAS::THUAS_S002::2025-03-04,THUAS,THUAS::THUAS_S002,4.471594073060833,-1.0192513717243556
residual_fitted,THUAS::THUAS_S002::2025-03-05,THUAS,THUAS::THUAS_S002,4.462310908763836,0.014237985824693664
residual_fitted,THUAS::THUAS_S002::2025-03-06,THUAS,THUAS::THUAS_S002,4.452996888021005,5.461330857618898
residual_fitted,THUAS::THUAS_S002::2025-03-07,THUAS,THUAS::THUAS_S002,4.44365303289068,-3.14503523789647
residual_fitted,THUAS::THUAS_S002::2025-03-08,THUAS,THUAS::THUAS_S002,4.4342803241341215,1.6135333420645215
residual_fitted,THUAS::THUAS_S003::2025-03-18,THUAS,THUAS::THUAS_S003,2.893122120990082,-0.7403454921130985
residual_fitted,THUAS::THUAS_S003::2025-03-19,THUAS,THUAS::THUAS_S003,2.883487666800287,-0.3613184488991879
residual_fitted,THUAS::THUAS_S003::2025-03-20,THUAS,THUAS::THUAS_S003,2.873833898413604,0.18704070154462885
residual_fitted,THUAS::THUAS_S003::2025-03-21,THUAS,THUAS::THUAS_S003,2.8641615080914002,-0.37080517356729475
residual_fitted,THUAS::THUAS_S003::2025-03-22,THUAS,THUAS::THUAS_S003,2.854471185346269,-0.26265073381324244
residual_fitted,THUAS::THUAS_S003::2025-03-23,THUAS,THUAS::THUAS_S003,2.8447636196440556,0.037410280527604416
residual_fitted,THUAS::THUAS_S005::2025-03-25,THUAS,THUAS::THUAS_S005,2.5744334556899138,0.33337779175571436
residual_fitted,THUAS::THUAS_S005::2025-03-26,THUAS,THUAS::THUAS_S005,2.564678341246809,0.306120892429893
residual_fitted,THUAS::THUAS_S005::2025-03-27,THUAS,THUAS::THUAS_S005,2.554908799490385,0.2901616994576963
residual_fitted,THUAS::THUAS_S005::2025-03-28,THUAS,THUAS::THUAS_S005,2.5451255633807186,-0.6175350899018681
residual_fitted,THUAS::THUAS_S005::2025-03-29,THUAS,THUAS::THUAS_S005,2.535329383427041,0.4388775910509268
residual_fitted,THUAS::THUAS_S005::2025-03-30,THUAS,THUAS::THUAS_S005,2.5255210307731004,-3.0311634504195526
residual_fitted,THUAS::THUAS_S006::2025-04-01,THUAS,THUAS::THUAS_S006,2.938468237095007,0.6060707466511986
residual_fitted,THUAS::THUAS_S006::2025-04-02,THUAS,THUAS::THUAS_S006,2.9286282457535355,-0.5724980456434391
residual_fitted,THUAS::THUAS_S006::2025-04-03,THUAS,THUAS::THUAS_S006,2.918779434666396,-0.5996914864711612
residual_fitted,THUAS::THUAS_S006::2025-04-05,THUAS,THUAS::THUAS_S006,2.89905907825742,-0.5186077498239882
residual_fitted,THUAS::THUAS_S006::2025-04-06,THUAS,THUAS::THUAS_S006,2.889189498282082,0.13148898036347428
residual_fitted,THUAS::THUAS_S007::2025-04-08,THUAS,THUAS::THUAS_S007,4.063516756786323,-2.029694955536403
residual_fitted,THUAS::THUAS_S007::2025-04-09,THUAS,THUAS::THUAS_S007,4.053635886448988,-0.58943512312248
residual_fitted,THUAS::THUAS_S007::2025-04-10,THUAS,THUAS::THUAS_S007,4.043753601118644,-1.5647924392860346
residual_fitted,THUAS::THUAS_S007::2025-04-11,THUAS,THUAS::THUAS_S007,4.033871173469042,6.004817195786816
residual_fitted,THUAS::THUAS_S007::2025-04-12,THUAS,THUAS::THUAS_S007,4.0239899408169055,0.22079882299071993
residual_fitted,THUAS::THUAS_S007::2025-04-13,THUAS,THUAS::THUAS_S007,4.014111308889809,0.6677188524257643
residual_fitted,THUAS::THUAS_S010::2025-06-03,THUAS,THUAS::THUAS_S010,3.7429701712107546,-0.7628184503165553
residual_fitted,THUAS::THUAS_S010::2025-06-05,THUAS,THUAS::THUAS_S010,3.733390522407864,-1.0498166951460335
residual_fitted,THUAS::THUAS_S010::2025-06-06,THUAS,THUAS::THUAS_S010,3.7289794338017406,6.369344176703964
residual_fitted,THUAS::THUAS_S010::2025-06-07,THUAS,THUAS::THUAS_S010,3.7248291680500087,-0.40060599490890547
residual_fitted,THUAS::THUAS_S010::2025-06-08,THUAS,THUAS::THUAS_S010,3.720945676438814,0.6292262933566148
residual_fitted,THUAS::THUAS_S010::2025-06-09,THUAS,THUAS::THUAS_S010,3.7173346358816186,-1.5807633106561225
residual_fitted,THUAS::THUAS_S011::2025-05-13,THUAS,THUAS::THUAS_S011,2.3143555369993285,-0.47252800042178694
residual_fitted,THUAS::THUAS_S011::2025-05-14,THUAS,THUAS::THUAS_S011,2.305815205136944,-0.5683352534363373
residual_fitted,THUAS::THUAS_S011::2025-05-15,THUAS,THUAS::THUAS_S011,2.297382389126085,0.46457818353780184
residual_fitted,THUAS::THUAS_S011::2025-05-16,THUAS,THUAS::THUAS_S011,2.289062847922752,-0.2860788402996437
residual_fitted,THUAS::THUAS_S011::2025-05-17,THUAS,THUAS::THUAS_S011,2.2808624994911977,-0.5965871224700079
residual_fitted,THUAS::THUAS_S011::2025-05-18,THUAS,THUAS::THUAS_S011,2.2727874162787316,-0.17346446364124002
residual_fitted,THUAS::THUAS_S014::2025-07-08,THUAS,THUAS::THUAS_S014,2.463062630155626,0.10403234352107443
residual_fitted,THUAS::THUAS_S014::2025-07-09,THUAS,THUAS::THUAS_S014,2.468129713345798,-0.6218273159040938
residual_fitted,THUAS::THUAS_S014::2025-07-10,THUAS,THUAS::THUAS_S014,2.4734300392980373,-0.6931447104932459
residual_fitted,THUAS::THUAS_S014::2025-07-11,THUAS,THUAS::THUAS_S014,2.478956697992545,0.2061470219585383
residual_fitted,THUAS::THUAS_S014::2025-07-12,THUAS,THUAS::THUAS_S014,2.4847026864373243,0.2586950766820475
residual_fitted,THUAS::THUAS_S014::2025-07-13,THUAS,THUAS::THUAS_S014,2.4906609350526976,0.028900995687572345
residual_fitted,THUAS::THUAS_S015::2025-07-08,THUAS,THUAS::THUAS_S015,2.138560091512986,0.9107827829833547
residual_fitted,THUAS::THUAS_S015::2025-07-09,THUAS,THUAS::THUAS_S015,2.1436271747031577,0.7606078125901489
residual_fitted,THUAS::THUAS_S015::2025-07-10,THUAS,THUAS::THUAS_S015,2.1489275006553976,0.8924732494240422
residual_fitted,THUAS::THUAS_S015::2025-07-11,THUAS,THUAS::THUAS_S015,2.1544541593499047,0.7081232142862504
residual_fitted,THUAS::THUAS_S015::2025-07-12,THUAS,THUAS::THUAS_S015,2.1602001477946846,-0.26653082318452703
residual_fitted,THUAS::THUAS_S015::2025-07-13,THUAS,THUAS::THUAS_S015,2.1661583964100575,-4.718012623746728
residual_fitted,THUAS::THUAS_S016::2025-07-08,THUAS,THUAS::THUAS_S016,2.7163329042181745,-0.34969993811977534
residual_fitted,THUAS::THUAS_S016::2025-07-09,THUAS,THUAS::THUAS_S016,2.721399987408346,-0.7030577399360267
residual_fitted,THUAS::THUAS_S016::2025-07-10,THUAS,THUAS::THUAS_S016,2.726700313360586,-0.2664180559675651
residual_fitted,THUAS::THUAS_S016::2025-07-11,THUAS,THUAS::THUAS_S016,2.732226972055093,0.057188987452256985
residual_fitted,THUAS::THUAS_S016::2025-07-12,THUAS,THUAS::THUAS_S016,2.737972960499873,0.9789080432632387
residual_fitted,THUAS::THUAS_S016::2025-07-13,THUAS,THUAS::THUAS_S016,2.743931209115246,0.3427482994226725
residual_fitted,THUAS::THUAS_S017::2025-09-09,THUAS,THUAS::THUAS_S017,3.386997207039573,0.47161181920840617
residual_fitted,THUAS::THUAS_S017::2025-09-10,THUAS,THUAS::THUAS_S017,3.396688557667832,0.024818630921930266
residual_fitted,THUAS::THUAS_S017::2025-09-11,THUAS,THUAS::THUAS_S017,3.4063699623377954,-0.18492118454443335
residual_fitted,THUAS::THUAS_S017::2025-09-12,THUAS,THUAS::THUAS_S017,3.416040652336606,-1.026778107647308
residual_fitted,THUAS::THUAS_S017::2025-09-13,THUAS,THUAS::THUAS_S017,3.42569988733672,1.0662358480018173
residual_fitted,THUAS::THUAS_S017::2025-09-14,THUAS,THUAS::THUAS_S017,3.435346952273152,0.10022763971952571
residual_fitted,THUAS::THUAS_S018::2025-09-23,THUAS,THUAS::THUAS_S018,3.1102968718126993,0.1736331360325823
residual_fitted,THUAS::THUAS_S018::2025-09-24,THUAS,THUAS::THUAS_S018,3.1197864245870908,-0.7584045877889785
residual_fitted,THUAS::THUAS_S018::2025-09-25,THUAS,THUAS::THUAS_S018,3.1292567974993135,0.05920061570580355
residual_fitted,THUAS::THUAS_S018::2025-09-26,THUAS,THUAS::THUAS_S018,3.1387073596866717,-0.2181104661374805
residual_fitted,THUAS::THUAS_S018::2025-09-27,THUAS,THUAS::THUAS_S018,3.1481374698336397,-0.06646616329830807
residual_fitted,TUM::TUM_S001::2024-05-14,TUM,TUM::TUM_S001,2.5825504737125677,-0.360683710415345
residual_fitted,TUM::TUM_S001::2024-05-15,TUM,TUM::TUM_S001,2.5756483294610666,-0.5930556897025304
residual_fitted,TUM::TUM_S001::2024-05-16,TUM,TUM::TUM_S001,2.568853268540318,-0.4417104012828758
residual_fitted,TUM::TUM_S001::2024-05-17,TUM,TUM::TUM_S001,2.5621699107725777,1.1431269883007986
residual_fitted,TUM::TUM_S001::2024-05-18,TUM,TUM::TUM_S001,2.5556029518986665,-0.7713743308129429
residual_fitted,TUM::TUM_S001::2024-05-19,TUM,TUM::TUM_S001,2.5491571571361114,-1.331405501997088
residual_fitted,TUM::TUM_S002::2024-05-28,TUM,TUM::TUM_S002,3.6558400026350966,1.914993669203486
residual_fitted,TUM::TUM_S002::2024-05-29,TUM,TUM::TUM_S002,3.6508771741920993,-1.5583291300300217
residual_fitted,TUM::TUM_S002::2024-05-30,TUM,TUM::TUM_S002,3.6460899511280926,-0.8778107534972078
residual_fitted,TUM::TUM_S002::2024-05-31,TUM,TUM::TUM_S002,3.641483169932427,0.6943322853154726
residual_fitted,TUM::TUM_S002::2024-06-01,TUM,TUM::TUM_S002,3.6370615891657287,1.7019531383501205
residual_fitted,TUM::TUM_S002::2024-06-02,TUM,TUM::TUM_S002,3.63282987404245,-0.6769351237960581
residual_fitted,TUM::TUM_S003::2024-06-04,TUM,TUM::TUM_S003,3.2337892164194355,0.056130916674517715
residual_fitted,TUM::TUM_S003::2024-06-05,TUM,TUM::TUM_S003,3.2301539186469235,-0.7089865683864829
residual_fitted,TUM::TUM_S003::2024-06-06,TUM,TUM::TUM_S003,3.226725896252666,-1.0565908381831273
residual_fitted,TUM::TUM_S003::2024-06-07,TUM,TUM::TUM_S003,3.223509108651559,0.3904435053125727
residual_fitted,TUM::TUM_S003::2024-06-08,TUM,TUM::TUM_S003,3.22050732612591,0.11027816391237927
residual_fitted,TUM::TUM_S003::2024-06-09,TUM,TUM::TUM_S003,3.217724114445382,1.2070928693466783
residual_fitted,TUM::TUM_S004::2024-06-11,TUM,TUM::TUM_S004,2.9281285354831854,-0.3576888373159326
residual_fitted,TUM::TUM_S004::2024-06-12,TUM,TUM::TUM_S004,2.926020164132395,-0.5368678490450459
residual_fitted,TUM::TUM_S004::2024-06-13,TUM,TUM::TUM_S004,2.9241422907977506,0.649637172993343
residual_fitted,TUM::TUM_S004::2024-06-14,TUM,TUM::TUM_S004,2.9224972471234727,-1.0763027453306966
residual_fitted,TUM::TUM_S004::2024-06-15,TUM,TUM::TUM_S004,2.9210870815083507,0.4146597565798239
residual_fitted,TUM::TUM_S004::2024-06-16,TUM,TUM::TUM_S004,2.9199135494663286,0.03166476910206151
residual_fitted,TUM::TUM_S005::2024-06-18,TUM,TUM::TUM_S005,4.160964563742791,-1.5877369480900607
residual_fitted,TUM::TUM_S005::2024-06-19,TUM,TUM::TUM_S005,4.160508419430309,0.08318637925369488
residual_fitted,TUM::TUM_S005::2024-06-20,TUM,TUM::TUM_S005,4.1602928554651974,0.4445462981061675
residual_fitted,TUM::TUM_S005::2024-06-21,TUM,TUM::TUM_S005,4.160318065785726,0.8396069515255139
residual_fitted,TUM::TUM_S005::2024-06-22,TUM,TUM::TUM_S005,4.160583922966515,1.4038236467625957
residual_fitted,TUM::TUM_S005::2024-06-23,TUM,TUM::TUM_S005,4.161089978854296,1.7534068946529375
residual_fitted,TUM::TUM_S006::2024-06-25,TUM,TUM::TUM_S006,2.804390534723996,0.008314330823450119
residual_fitted,TUM::TUM_S006::2024-06-26,TUM,TUM::TUM_S006,2.8056113327102583,-0.18440738282535207
residual_fitted,TUM::TUM_S006::2024-06-27,TUM,TUM::TUM_S006,2.8070673963891317,-0.14024179964580544
residual_fitted,TUM::TUM_S006::2024-06-28,TUM,TUM::TUM_S006,2.80875673717107,0.039221011474748296
residual_fitted,TUM::TUM_S006::2024-06-29,TUM,TUM::TUM_S006,2.810677081136141,-0.6393556963491678
residual_fitted,TUM::TUM_S006::2024-06-30,TUM,TUM::TUM_S006,2.8128258795709993,-0.31346090889032285
residual_fitted,TUM::TUM_S007::2024-07-02,TUM,TUM::TUM_S007,5.365953580308242,-0.721944888708537
residual_fitted,TUM::TUM_S007::2024-07-03,TUM,TUM::TUM_S007,5.368769883712737,2.2222987519260515
residual_fitted,TUM::TUM_S007::2024-07-04,TUM,TUM::TUM_S007,5.371801947292563,0.5609187510938335
residual_fitted,TUM::TUM_S007::2024-07-05,TUM,TUM::TUM_S007,5.375046041950301,1.179558032648816
residual_fitted,TUM::TUM_S007::2024-07-06,TUM,TUM::TUM_S007,5.378498246398628,2.3285893151312
residual_fitted,TUM::TUM_S007::2024-07-07,TUM,TUM::TUM_S007,5.382154462905007,1.0167125778869235
residual_fitted,TUM::TUM_S008::2024-07-09,TUM,TUM::TUM_S008,2.2480448235232995,-1.7031540026295438
residual_fitted,TUM::TUM_S008::2024-07-10,TUM,TUM::TUM_S008,2.2522869660052347,-0.8029922980408295
residual_fitted,TUM::TUM_S008::2024-07-11,TUM,TUM::TUM_S008,2.2567152863582987,0.05189157240830582
residual_fitted,TUM::TUM_S008::2024-07-12,TUM,TUM::TUM_S008,2.2613250454596345,-0.9784325994739388
residual_fitted,TUM::TUM_S008::2024-07-13,TUM,TUM::TUM_S008,2.2661114233218953,-0.11250329774084848
residual_fitted,TUM::TUM_S008::2024-07-14,TUM,TUM::TUM_S008,2.271069534333054,0.4936871864157648
residual_fitted,TUM::TUM_S009::2024-07-16,TUM,TUM::TUM_S009,2.6375207283679662,0.6067124716710591
residual_fitted,TUM::TUM_S009::2024-07-17,TUM,TUM::TUM_S009,2.6429642859292355,-0.1645539051659342
residual_fitted,TUM::TUM_S009::2024-07-18,TUM,TUM::TUM_S009,2.648559663527321,-0.75531614482115506
residual_fitted,TUM::TUM_S009::2024-07-19,TUM,TUM::TUM_S009,2.6543018565768306,-0.18352050593044952
residual_fitted,TUM::TUM_S009::2024-07-20,TUM,TUM::TUM_S009,2.660185874339096,-0.16492974040260205
residual_fitted,TUM::TUM_S009::2024-07-21,TUM,TUM::TUM_S009,2.6662067507302813,-1.2978010440177747
residual_fitted,TUM::TUM_S010::2024-07-23,TUM,TUM::TUM_S010,2.9103430820645553,0.39936054051436776
residual_fitted,TUM::TUM_S010::2024-07-24,TUM,TUM::TUM_S010,2.9167451339249677,-0.5531619628728974
residual_fitted,TUM::TUM_S010::2024-07-25,TUM,TUM::TUM_S010,2.923264620537526,-1.3590208459839024
residual_fitted,TUM::TUM_S010::2024-07-26,TUM,TUM::TUM_S010,2.9298968379805297,0.4877086645860145
residual_fitted,TUM::TUM_S010::2024-07-27,TUM,TUM::TUM_S010,2.9366371573532843,-1.4583812262614828
residual_fitted,TUM::TUM_S010::2024-07-28,TUM,TUM::TUM_S010,2.9434810308159243,1.234800065673266
residual_fitted,UCR::UCR_S001::2025-06-17,UCR,UCR::UCR_S001,1.962055020021315,-0.5725613309555444
residual_fitted,UCR::UCR_S001::2025-06-18,UCR,UCR::UCR_S001,1.9619562417326761,-0.04196148206525186
residual_fitted,UCR::UCR_S001::2025-06-19,UCR,UCR::UCR_S001,1.961892040797064,-0.5385871437842153
residual_fitted,UCR::UCR_S001::2025-06-22,UCR,UCR::UCR_S001,1.9619071934786028,0.4321650104656512
residual_fitted,UCR::UCR_S002::2025-06-17,UCR,UCR::UCR_S002,2.023118801505566,-0.3430079291227114
residual_fitted,UCR::UCR_S002::2025-06-18,UCR,UCR::UCR_S002,2.0230200232169273,-0.17362200276227752
residual_fitted,UCR::UCR_S002::2025-06-19,UCR,UCR::UCR_S002,2.022955822281315,-0.6363838592440668
residual_fitted,UCR::UCR_S002::2025-06-20,UCR,UCR::UCR_S002,2.0229262434832034,-0.3541654492544465
residual_fitted,UCR::UCR_S002::2025-06-21,UCR,UCR::UCR_S002,2.0229313003233806,0.2666675552167307
residual_fitted,UCR::UCR_S002::2025-06-22,UCR,UCR::UCR_S002,2.022970974962854,0.7068701526147168
residual_fitted,UCR::UCR_S003::2025-06-17,UCR,UCR::UCR_S003,2.812601572767489,1.4363209460018298
residual_fitted,UCR::UCR_S003::2025-06-18,UCR,UCR::UCR_S003,2.81250279447885,1.3573723006229854
residual_fitted,UCR::UCR_S003::2025-06-19,UCR,UCR::UCR_S003,2.812438593543238,-2.3788907287856484
residual_fitted,UCR::UCR_S003::2025-06-20,UCR,UCR::UCR_S003,2.812409014745126,0.12705089177841436
residual_fitted,UCR::UCR_S003::2025-06-22,UCR,UCR::UCR_S003,2.8124537462247767,1.3461175847543907
residual_fitted,UCR::UCR_S004::2025-06-24,UCR,UCR::UCR_S004,1.4988373938716812,-0.2926989067055708
residual_fitted,UCR::UCR_S004::2025-06-25,UCR,UCR::UCR_S004,1.4989805030853998,-0.5975700782909593
residual_fitted,UCR::UCR_S004::2025-06-26,UCR,UCR::UCR_S004,1.4991578479625105,0.1586014605583668
residual_fitted,UCR::UCR_S004::2025-06-27,UCR,UCR::UCR_S004,1.4993692565923433,-0.6091213068309056
residual_fitted,UCR::UCR_S004::2025-06-28,UCR,UCR::UCR_S004,1.4996145273419252,-0.38352872126762816
residual_fitted,UCR::UCR_S004::2025-06-29,UCR,UCR::UCR_S004,1.4998934293328048,-0.4175814201587905
residual_fitted,UCR::UCR_S005::2025-06-24,UCR,UCR::UCR_S005,2.7318831134180637,1.2652309281497418
residual_fitted,UCR::UCR_S005::2025-06-25,UCR,UCR::UCR_S005,2.732026222631782,0.937783886406237
residual_fitted,UCR::UCR_S005::2025-06-26,UCR,UCR::UCR_S005,2.732203567508893,0.8473602943262069
residual_fitted,UCR::UCR_S005::2025-06-27,UCR,UCR::UCR_S005,2.7324149761387257,-0.04452975893270462
residual_fitted,UCR::UCR_S005::2025-06-29,UCR,UCR::UCR_S005,2.732939148879187,-1.3655731728543732
residual_fitted,UCR::UCR_S006::2025-06-24,UCR,UCR::UCR_S006,2.1541742280085248,0.36967475272299305
residual_fitted,UCR::UCR_S006::2025-06-25,UCR,UCR::UCR_S006,2.1543173372222433,-0.7253518743964618
residual_fitted,UCR::UCR_S006::2025-06-26,UCR,UCR::UCR_S006,2.154494682099354,-0.03690794602148411
residual_fitted,UCR::UCR_S006::2025-06-27,UCR,UCR::UCR_S006,2.154706090729187,-0.6804634275411175
residual_fitted,UCR::UCR_S006::2025-06-28,UCR,UCR::UCR_S006,2.1549513614787688,-0.28555181579196875
residual_fitted,UCR::UCR_S006::2025-06-29,UCR,UCR::UCR_S006,2.1552302634696483,1.226842591147827
normal_qq,KNUST::KNUST_S008::2024-11-28,KNUST,KNUST::KNUST_S008,-3.164179220526083,-5.15116982863727
normal_qq,FUSPCEU::FUSPCEU_S018::2024-12-11,FUSPCEU,FUSPCEU::FUSPCEU_S018,-2.829256433598074,-5.06432890907889
normal_qq,FUSPCEU::FUSPCEU_S008::2024-10-25,FUSPCEU,FUSPCEU::FUSPCEU_S008,-2.6616421571120736,-4.921733499488982
normal_qq,THUAS::THUAS_S015::2025-07-13,THUAS,THUAS::THUAS_S015,-2.5463220634393076,-4.718012623746728
normal_qq,IZTECH::IZTECH_S013::2025-04-25,IZTECH,IZTECH::IZTECH_S013,-2.4573432057944005,-4.458668769017476
normal_qq,THUAS::THUAS_S002::2025-03-07,THUAS,THUAS::THUAS_S002,-2.384393271510726,-3.14503523789647
normal_qq,THUAS::THUAS_S005::2025-03-30,THUAS,THUAS::THUAS_S005,-2.3222824967228965,-3.0311634504195526
normal_qq,UCR::UCR_S003::2025-06-19,UCR,UCR::UCR_S003,-2.268017348632772,-2.3788907287856484
normal_qq,RISE::RISE_S004::2025-03-30,RISE,RISE::RISE_S004,-2.2197083862906286,-2.191437184694765
normal_qq,FUSPCEU::FUSPCEU_S017::2024-12-06,FUSPCEU,FUSPCEU::FUSPCEU_S017,-2.176083879173618,-2.0760607528635404
normal_qq,THUAS::THUAS_S007::2025-04-08,THUAS,THUAS::THUAS_S007,-2.136245494298372,-2.029694955536403
normal_qq,BAUA::BAUA_S014::2025-07-19,BAUA,BAUA::BAUA_S014,-2.0995342836120843,-1.8289063909956782
normal_qq,FUSPCEU::FUSPCEU_S014::2024-11-20,FUSPCEU,FUSPCEU::FUSPCEU_S014,-2.065452041480653,-1.781675375404135
normal_qq,FUSPCEU::FUSPCEU_S024::2025-02-04,FUSPCEU,FUSPCEU::FUSPCEU_S024,-2.033612616777198,-1.7144787648156776
normal_qq,TUM::TUM_S008::2024-07-09,TUM,TUM::TUM_S008,-2.003710427275823,-1.7031540026295438
normal_qq,KNUST::KNUST_S005::2024-11-09,KNUST,KNUST::KNUST_S005,-1.9754993477769507,-1.6730854620207773
normal_qq,KNUST::KNUST_S002::2024-10-20,KNUST,KNUST::KNUST_S002,-1.9487781145040994,-1.6418891580537034
normal_qq,TUM::TUM_S005::2024-06-18,TUM,TUM::TUM_S005,-1.9233799667876073,-1.5877369480900607
normal_qq,KNUST::KNUST_S002::2024-10-15,KNUST,KNUST::KNUST_S002,-1.8991651272465053,-1.5831195080354186
normal_qq,THUAS::THUAS_S010::2025-06-09,THUAS,THUAS::THUAS_S010,-1.8760152332109086,-1.5807633106561225
normal_qq,THUAS::THUAS_S007::2025-04-10,THUAS,THUAS::THUAS_S007,-1.8538291402236542,-1.5647924392860346
normal_qq,TUM::TUM_S002::2024-05-29,TUM,TUM::TUM_S002,-1.832519709914082,-1.5583291300300217
normal_qq,KNUST::KNUST_S009::2024-12-04,KNUST,KNUST::KNUST_S009,-1.812011316830329,-1.507017898510599
normal_qq,TUM::TUM_S010::2024-07-27,TUM,TUM::TUM_S010,-1.792237888868421,-1.4583812262614828
normal_qq,FUSPCEU::FUSPCEU_S023::2025-01-30,FUSPCEU,FUSPCEU::FUSPCEU_S023,-1.7731413494980461,-1.4209970943809291
normal_qq,IZTECH::IZTECH_S015::2025-05-04,IZTECH,IZTECH::IZTECH_S015,-1.7546703665359276,-1.3892127621429875
normal_qq,UCR::UCR_S005::2025-06-29,UCR,UCR::UCR_S005,-1.736779337610015,-1.3655731728543732
normal_qq,TUM::TUM_S010::2024-07-25,TUM,TUM::TUM_S010,-1.7194275603867728,-1.3590208459839024
normal_qq,TUM::TUM_S001::2024-05-19,TUM,TUM::TUM_S001,-1.7025785484825577,-1.331405501997088
normal_qq,FUSPCEU::FUSPCEU_S020::2025-01-21,FUSPCEU,FUSPCEU::FUSPCEU_S020,-1.6861994633142852,-1.3194303713059818
normal_qq,BAUA::BAUA_S012::2025-07-18,BAUA,BAUA::BAUA_S012,-1.6702606390111552,-1.313854254627208
normal_qq,FUSPCEU::FUSPCEU_S014::2024-11-22,FUSPCEU,FUSPCEU::FUSPCEU_S014,-1.6547351826193548,-1.3126583361289181
normal_qq,FUSPCEU::FUSPCEU_S014::2024-11-21,FUSPCEU,FUSPCEU::FUSPCEU_S014,-1.639598635675753,-1.2988648099645341
normal_qq,TUM::TUM_S009::2024-07-21,TUM,TUM::TUM_S009,-1.6248286861472514,-1.2978010440177747
normal_qq,IZTECH::IZTECH_S016::2025-05-11,IZTECH,IZTECH::IZTECH_S016,-1.6104049219723184,-1.1573942270083184
normal_qq,RISE::RISE_S009::2025-05-28,RISE,RISE::RISE_S009,-1.596308619173891,-1.1199688062316404
normal_qq,FUSPCEU::FUSPCEU_S019::2024-12-11,FUSPCEU,FUSPCEU::FUSPCEU_S019,-1.5825225588641385,-1.0878749313805063
normal_qq,TUM::TUM_S004::2024-06-14,TUM,TUM::TUM_S004,-1.5690308685235455,-1.0763027453306966
normal_qq,TUM::TUM_S003::2024-06-06,TUM,TUM::TUM_S003,-1.5558188837773226,-1.0565908381831273
normal_qq,BAUA::BAUA_S009::2025-06-27,BAUA,BAUA::BAUA_S009,-1.5428730275620157,-1.0550146797864242
normal_qq,IZTECH::IZTECH_S008::2025-03-05,IZTECH,IZTECH::IZTECH_S008,-1.5301807041123776,-1.053611773590994
normal_qq,IZTECH::IZTECH_S001::2024-12-24,IZTECH,IZTECH::IZTECH_S001,-1.5177302056320354,-1.0518074206522874
normal_qq,THUAS::THUAS_S010::2025-06-05,THUAS,THUAS::THUAS_S010,-1.5055106298631857,-1.0498166951460335
normal_qq,BAUA::BAUA_S025::2025-10-15,BAUA,BAUA::BAUA_S025,-1.493511807057539,-1.0491699937054784
normal_qq,THUAS::THUAS_S017::2025-09-12,THUAS,THUAS::THUAS_S017,-1.48172423508604,-1.026778107647308
normal_qq,KNUST::KNUST_S010::2024-12-13,KNUST,KNUST::KNUST_S010,-1.470139021618824,-1.026499029173978
normal_qq,FUSPCEU::FUSPCEU_S017::2024-12-03,FUSPCEU,FUSPCEU::FUSPCEU_S017,-1.4587478324674303,-1.0217284849513568
normal_qq,THUAS::THUAS_S002::2025-03-04,THUAS,THUAS::THUAS_S002,-1.447542845314803,-1.0192513717243556
normal_qq,BAUA::BAUA_S002::2025-06-16,BAUA,BAUA::BAUA_S002,-1.4365167081701096,-1.0010452509200807
normal_qq,TUM::TUM_S008::2024-07-12,TUM,TUM::TUM_S008,-1.4256625019789142,-0.9784325994739388
normal_qq,KNUST::KNUST_S004::2024-10-30,KNUST,KNUST::KNUST_S004,-1.4149737068979276,-0.96724937261413
normal_qq,KNUST::KNUST_S015::2025-01-29,KNUST,KNUST::KNUST_S015,-1.4044441718100327,-0.931772646337994
normal_qq,KNUST::KNUST_S003::2024-10-22,KNUST,KNUST::KNUST_S003,-1.394068086711684,-0.9308716545921873
normal_qq,FUSPCEU::FUSPCEU_S014::2024-11-23,FUSPCEU,FUSPCEU::FUSPCEU_S014,-1.383839957652698,-0.9087316015261335
normal_qq,RISE::RISE_S003::2025-03-21,RISE,RISE::RISE_S003,-1.3737545839494127,-0.904624045491408
normal_qq,IZTECH::IZTECH_S017::2025-05-28,IZTECH,IZTECH::IZTECH_S017,-1.363807037427211,-0.902215848331695
normal_qq,IZTECH::IZTECH_S010::2025-04-15,IZTECH,IZTECH::IZTECH_S010,-1.353992643478515,-0.89898191745503
normal_qq,TUM::TUM_S002::2024-05-30,TUM,TUM::TUM_S002,-1.3443069637482616,-0.8778107534972078
normal_qq,BAUA::BAUA_S004::2025-06-14,BAUA,BAUA::BAUA_S004,-1.3347457802812588,-0.8768558915106536
normal_qq,FUSPCEU::FUSPCEU_S020::2025-01-22,FUSPCEU,FUSPCEU::FUSPCEU_S020,-1.325305080985199,-0.8765206735509848
normal_qq,FUSPCEU::FUSPCEU_S012::2024-12-04,FUSPCEU,FUSPCEU::FUSPCEU_S012,-1.3159810462799435,-0.8566617947728815
normal_qq,BAUA::BAUA_S016::2025-07-23,BAUA,BAUA::BAUA_S016,-1.3067700368183213,-0.8492172815319374
normal_qq,BAUA::BAUA_S006::2025-06-12,BAUA,BAUA::BAUA_S006,-1.2976685821764813,-0.8436030749884008
normal_qq,RISE::RISE_S003::2025-03-19,RISE,RISE::RISE_S003,-1.2886733704229938,-0.8418686138339093
normal_qq,IZTECH::IZTECH_S007::2025-02-26,IZTECH,IZTECH::IZTECH_S007,-1.2797812384857077,-0.8394040629078787
normal_qq,IZTECH::IZTECH_S008::2025-03-04,IZTECH,IZTECH::IZTECH_S008,-1.270989163243961,-0.8317181391214954
normal_qq,IZTECH::IZTECH_S008::2025-03-07,IZTECH,IZTECH::IZTECH_S008,-1.2622942532813115,-0.831370280085097
normal_qq,KNUST::KNUST_S001::2024-10-11,KNUST,KNUST::KNUST_S001,-1.2536937412406466,-0.8272440873710575
normal_qq,FUSPCEU::FUSPCEU_S012::2024-12-05,FUSPCEU,FUSPCEU::FUSPCEU_S012,-1.2451849767294234,-0.8243165140409914
normal_qq,RISE::RISE_S005::2025-04-02,RISE,RISE::RISE_S005,-1.2367654197280102,-0.8238732262457394
normal_qq,RISE::RISE_S009::2025-06-01,RISE,RISE::RISE_S009,-1.2284326344587533,-0.8224104932594272
normal_qq,FUSPCEU::FUSPCEU_S003::2024-10-08,FUSPCEU,FUSPCEU::FUSPCEU_S003,-1.2201842836775019,-0.8100332850627713
normal_qq,BAUA::BAUA_S006::2025-06-13,BAUA,BAUA::BAUA_S006,-1.2120181233529816,-0.8081245271380532
normal_qq,IZTECH::IZTECH_S012::2025-04-25,IZTECH,IZTECH::IZTECH_S012,-1.2039319977027079,-0.8079170961707819
normal_qq,TUM::TUM_S008::2024-07-10,TUM,TUM::TUM_S008,-1.1959238345570113,-0.8029922980408295
normal_qq,FUSPCEU::FUSPCEU_S009::2024-11-06,FUSPCEU,FUSPCEU::FUSPCEU_S009,-1.1879916410253994,-0.7915121840542887
normal_qq,IZTECH::IZTECH_S014::2025-04-30,IZTECH,IZTECH::IZTECH_S014,-1.1801334994417867,-0.7899705269858334
normal_qq,FUSPCEU::FUSPCEU_S009::2024-11-05,FUSPCEU,FUSPCEU::FUSPCEU_S009,-1.1723475635672558,-0.7881538184242035
normal_qq,FUSPCEU::FUSPCEU_S020::2025-01-25,FUSPCEU,FUSPCEU::FUSPCEU_S020,-1.1646320550308786,-0.7778058373504734
normal_qq,BAUA::BAUA_S018::2025-09-10,BAUA,BAUA::BAUA_S018,-1.1569852599908346,-0.7744617590149939
normal_qq,TUM::TUM_S001::2024-05-18,TUM,TUM::TUM_S001,-1.1494055259996003,-0.7713743308129429
normal_qq,BAUA::BAUA_S013::2025-07-21,BAUA,BAUA::BAUA_S013,-1.1418912590583568,-0.7683253626782718
normal_qq,IZTECH::IZTECH_S012::2025-04-22,IZTECH,IZTECH::IZTECH_S012,-1.13444092084701,-0.7629595855472553
normal_qq,THUAS::THUAS_S010::2025-06-03,THUAS,THUAS::THUAS_S010,-1.1270530261173695,-0.7628184503165553
normal_qq,THUAS::THUAS_S018::2025-09-24,THUAS,THUAS::THUAS_S018,-1.1197261402380188,-0.7584045877889785
normal_qq,BAUA::BAUA_S015::2025-07-27,BAUA,BAUA::BAUA_S015,-1.1124588768803763,-0.757510873328266
normal_qq,TUM::TUM_S009::2024-07-18,TUM,TUM::TUM_S009,-1.1052498958362673,-0.75531614482115506
normal_qq,RISE::RISE_S003::2025-03-20,RISE,RISE::RISE_S003,-1.0980979009580945,-0.754733341481559
normal_qq,BAUA::BAUA_S016::2025-07-28,BAUA,BAUA::BAUA_S016,-1.091001638213408,-0.7516259937112602
normal_qq,RISE::RISE_S001::2025-03-06,RISE,RISE::RISE_S001,-1.083959893846294,-0.7410167029257021
normal_qq,THUAS::THUAS_S003::2025-03-18,THUAS,THUAS::THUAS_S003,-1.0769714926385898,-0.7403454921130985
normal_qq,RISE::RISE_S005::2025-04-04,RISE,RISE::RISE_S005,-1.0700352962644664,-0.7280462532241967
normal_qq,UCR::UCR_S006::2025-06-25,UCR,UCR::UCR_S006,-1.0631502017323962,-0.7253518743964618
normal_qq,TUM::TUM_S007::2024-07-02,TUM,TUM::TUM_S007,-1.0563151399089707,-0.721944888708537
normal_qq,BAUA::BAUA_S022::2025-09-24,BAUA,BAUA::BAUA_S022,-1.0495290741194412,-0.7182808326118543
normal_qq,TUM::TUM_S003::2024-06-05,TUM,TUM::TUM_S003,-1.0427909988202222,-0.7089865683864829
normal_qq,RISE::RISE_S007::2025-04-18,RISE,RISE::RISE_S007,-1.0360999383389407,-0.7061804174407925
normal_qq,FUSPCEU::FUSPCEU_S013::2024-11-22,FUSPCEU,FUSPCEU::FUSPCEU_S013,-1.029454945677937,-0.7061718257654113
normal_qq,KNUST::KNUST_S003::2024-10-23,KNUST,KNUST::KNUST_S003,-1.022855101377395,-0.7055511082762868
normal_qq,THUAS::THUAS_S016::2025-07-09,THUAS,THUAS::THUAS_S016,-1.0162995124345602,-0.7030577399360267
normal_qq,FUSPCEU::FUSPCEU_S012::2024-12-03,FUSPCEU,FUSPCEU::FUSPCEU_S012,-1.0097873112757367,-0.6970275623335965
normal_qq,THUAS::THUAS_S014::2025-07-10,THUAS,THUAS::THUAS_S014,-1.0033176547779925,-0.6931447104932459
normal_qq,RISE::RISE_S003::2025-03-18,RISE,RISE::RISE_S003,-0.9968897233376965,-0.6919364233421974
normal_qq,KNUST::KNUST_S001::2024-10-10,KNUST,KNUST::KNUST_S001,-0.9905027199832136,-0.6912863686586042
normal_qq,THUAS::THUAS_S001::2025-02-26,THUAS,THUAS::THUAS_S001,-0.9841558695292575,-0.6840513331912677
normal_qq,RISE::RISE_S008::2025-04-29,RISE,RISE::RISE_S008,-0.9778484177705584,-0.6832564635457308
normal_qq,UCR::UCR_S006::2025-06-27,UCR,UCR::UCR_S006,-0.9715796307126771,-0.6804634275411175
normal_qq,BAUA::BAUA_S001::2025-06-11,BAUA,BAUA::BAUA_S001,-0.9653487938378988,-0.6792680524116061
normal_qq,TUM::TUM_S002::2024-06-02,TUM,TUM::TUM_S002,-0.9591552114043165,-0.6769351237960581
normal_qq,RISE::RISE_S013::2025-06-26,RISE,RISE::RISE_S013,-0.9529982057762939,-0.6693453321679675
normal_qq,IZTECH::IZTECH_S017::2025-06-01,IZTECH,IZTECH::IZTECH_S017,-0.9468771167846411,-0.668286686175768
normal_qq,KNUST::KNUST_S001::2024-10-09,KNUST,KNUST::KNUST_S001,-0.9407913011149156,-0.6569151180213798
normal_qq,FUSPCEU::FUSPCEU_S009::2024-11-08,FUSPCEU,FUSPCEU::FUSPCEU_S009,-0.9347401317223822,-0.640070052219066
normal_qq,TUM::TUM_S006::2024-06-29,TUM,TUM::TUM_S006,-0.9287229972722292,-0.6393556963491678
normal_qq,UCR::UCR_S002::2025-06-19,UCR,UCR::UCR_S002,-0.9227393016037513,-0.6363838592440668
normal_qq,FUSPCEU::FUSPCEU_S011::2024-11-13,FUSPCEU,FUSPCEU::FUSPCEU_S011,-0.9167884632172579,-0.6277311279493851
normal_qq,THUAS::THUAS_S014::2025-07-09,THUAS,THUAS::THUAS_S014,-0.9108699147825657,-0.6218273159040938
normal_qq,BAUA::BAUA_S005::2025-06-12,BAUA,BAUA::BAUA_S005,-0.904983102667982,-0.6215728663685185
normal_qq,THUAS::THUAS_S005::2025-03-28,THUAS,THUAS::THUAS_S005,-0.8991274864887586,-0.6175350899018681
normal_qq,UCR::UCR_S004::2025-06-27,UCR,UCR::UCR_S004,-0.8933025386740558,-0.6091213068309056
normal_qq,IZTECH::IZTECH_S017::2025-05-29,IZTECH,IZTECH::IZTECH_S017,-0.8875077440515026,-0.6065662732567098
normal_qq,BAUA::BAUA_S013::2025-07-17,BAUA,BAUA::BAUA_S013,-0.8817425994485024,-0.6027766494955233
normal_qq,KNUST::KNUST_S008::2024-11-29,KNUST,KNUST::KNUST_S008,-0.8760066133094754,-0.6023172074160069
normal_qq,BAUA::BAUA_S015::2025-07-25,BAUA,BAUA::BAUA_S015,-0.8702993053282727,-0.6000502030501162
normal_qq,THUAS::THUAS_S006::2025-04-03,THUAS,THUAS::THUAS_S006,-0.864620206095042,-0.5996914864711612
normal_qq,UCR::UCR_S004::2025-06-25,UCR,UCR::UCR_S004,-0.858968856756871,-0.5975700782909593
normal_qq,THUAS::THUAS_S011::2025-05-17,THUAS,THUAS::THUAS_S011,-0.8533448086915522,-0.5965871224700079
normal_qq,IZTECH::IZTECH_S009::2025-03-24,IZTECH,IZTECH::IZTECH_S009,-0.8477476231938753,-0.5947473234434787
normal_qq,KNUST::KNUST_S012::2025-01-07,KNUST,KNUST::KNUST_S012,-0.8421768711738592,-0.5945062384081516
normal_qq,FUSPCEU::FUSPCEU_S004::2024-10-08,FUSPCEU,FUSPCEU::FUSPCEU_S004,-0.8366321328663867,-0.5931015606575364
normal_qq,TUM::TUM_S001::2024-05-15,TUM,TUM::TUM_S001,-0.8311129975517229,-0.5930556897025304
normal_qq,FUSPCEU::FUSPCEU_S011::2024-11-12,FUSPCEU,FUSPCEU::FUSPCEU_S011,-0.8256190632864261,-0.5908338410858338
normal_qq,THUAS::THUAS_S007::2025-04-09,THUAS,THUAS::THUAS_S007,-0.8201499366441926,-0.58943512312248
normal_qq,FUSPCEU::FUSPCEU_S020::2025-01-23,FUSPCEU,FUSPCEU::FUSPCEU_S020,-0.8147052324661924,-0.5802912814237945
normal_qq,KNUST::KNUST_S011::2024-12-18,KNUST,KNUST::KNUST_S011,-0.8092845736204781,-0.5758237195772509
normal_qq,IZTECH::IZTECH_S009::2025-03-21,IZTECH,IZTECH::IZTECH_S009,-0.8038875907700759,-0.5729661198842452
normal_qq,BAUA::BAUA_S001::2025-06-14,BAUA,BAUA::BAUA_S001,-0.798513922149377,-0.5728348459263604
normal_qq,UCR::UCR_S001::2025-06-17,UCR,UCR::UCR_S001,-0.7931632133484809,-0.5725613309555444
normal_qq,THUAS::THUAS_S006::2025-04-02,THUAS,THUAS::THUAS_S006,-0.7878351171051403,-0.5724980456434391
normal_qq,THUAS::THUAS_S011::2025-05-14,THUAS,THUAS::THUAS_S011,-0.782529293103997,-0.5683352534363373
normal_qq,BAUA::BAUA_S016::2025-07-24,BAUA,BAUA::BAUA_S016,-0.7772454077827954,-0.5608797267614193
normal_qq,IZTECH::IZTECH_S011::2025-04-15,IZTECH,IZTECH::IZTECH_S011,-0.7719831341452832,-0.5564984931623828
normal_qq,TUM::TUM_S010::2024-07-24,TUM,TUM::TUM_S010,-0.7667421515805256,-0.5531619628728974
normal_qq,BAUA::BAUA_S004::2025-06-12,BAUA,BAUA::BAUA_S004,-0.7615221456883652,-0.5525420030635023
normal_qq,IZTECH::IZTECH_S003::2025-01-10,IZTECH,IZTECH::IZTECH_S003,-0.7563228081107772,-0.5509251585106206
normal_qq,IZTECH::IZTECH_S011::2025-04-17,IZTECH,IZTECH::IZTECH_S011,-0.7511438363688826,-0.5485988458237143
normal_qq,RISE::RISE_S001::2025-03-09,RISE,RISE::RISE_S001,-0.7459849337053887,-0.5481378077497113
normal_qq,BAUA::BAUA_S004::2025-06-11,BAUA,BAUA::BAUA_S004,-0.7408458089322411,-0.543059629912634
normal_qq,THUAS::THUAS_S001::2025-02-22,THUAS,THUAS::THUAS_S001,-0.7357261762832811,-0.5390376902762511
normal_qq,FUSPCEU::FUSPCEU_S014::2024-11-24,FUSPCEU,FUSPCEU::FUSPCEU_S014,-0.7306257552717055,-0.5386004029799236
normal_qq,UCR::UCR_S001::2025-06-19,UCR,UCR::UCR_S001,-0.7255442705521501,-0.5385871437842153
normal_qq,TUM::TUM_S004::2024-06-12,TUM,TUM::TUM_S004,-0.7204814517872028,-0.5368678490450459
normal_qq,FUSPCEU::FUSPCEU_S019::2024-12-10,FUSPCEU,FUSPCEU::FUSPCEU_S019,-0.7154370335181902,-0.5337799357336825
normal_qq,FUSPCEU::FUSPCEU_S009::2024-11-07,FUSPCEU,FUSPCEU::FUSPCEU_S009,-0.7104107550400606,-0.5239179786329092
normal_qq,KNUST::KNUST_S006::2024-11-14,KNUST,KNUST::KNUST_S006,-0.7054023602802135,-0.5238481133334371
normal_qq,IZTECH::IZTECH_S011::2025-04-18,IZTECH,IZTECH::IZTECH_S011,-0.7004115976811248,-0.52209276632456
normal_qq,THUAS::THUAS_S006::2025-04-05,THUAS,THUAS::THUAS_S006,-0.6954382200866217,-0.5186077498239882
normal_qq,IZTECH::IZTECH_S012::2025-04-27,IZTECH,IZTECH::IZTECH_S012,-0.6904819846316747,-0.506885394367739
normal_qq,RISE::RISE_S016::2025-10-08,RISE,RISE::RISE_S016,-0.6855426526355706,-0.5044838756162138
normal_qq,IZTECH::IZTECH_S006::2025-02-18,IZTECH,IZTECH::IZTECH_S006,-0.6806199894983472,-0.4969195487114723
normal_qq,KNUST::KNUST_S011::2024-12-17,KNUST,KNUST::KNUST_S011,-0.6757137646003633,-0.49677978267526135
normal_qq,BAUA::BAUA_S018::2025-09-13,BAUA,BAUA::BAUA_S018,-0.6708237512048931,-0.48895923647443357
normal_qq,RISE::RISE_S002::2025-03-18,RISE,RISE::RISE_S002,-0.6659497263636381,-0.47645561510685563
normal_qq,BAUA::BAUA_S001::2025-06-12,BAUA,BAUA::BAUA_S001,-0.6610914708250399,-0.4742796590603709
normal_qq,THUAS::THUAS_S011::2025-05-13,THUAS,THUAS::THUAS_S011,-0.6562487689453077,-0.47252800042178694
normal_qq,THUAS::THUAS_S001::2025-03-02,THUAS,THUAS::THUAS_S001,-0.6514214086020538,-0.46742336692421
normal_qq,FUSPCEU::FUSPCEU_S025::2025-02-05,FUSPCEU,FUSPCEU::FUSPCEU_S025,-0.6466091811104459,-0.4666648795381722
normal_qq,RISE::RISE_S007::2025-04-20,RISE,RISE::RISE_S007,-0.6418118811417907,-0.46310717388607386
normal_qq,FUSPCEU::FUSPCEU_S003::2024-10-11,FUSPCEU,FUSPCEU::FUSPCEU_S003,-0.6370293066444617,-0.46105714494190164
normal_qq,KNUST::KNUST_S007::2024-11-21,KNUST,KNUST::KNUST_S007,-0.6322612587670875,-0.4610005199691148
normal_qq,RISE::RISE_S002::2025-03-19,RISE,RISE::RISE_S002,-0.6275075417839261,-0.45706877941269614
normal_qq,IZTECH::IZTECH_S017::2025-05-31,IZTECH,IZTECH::IZTECH_S017,-0.622767963022347,-0.4557362131614186
normal_qq,IZTECH::IZTECH_S006::2025-02-20,IZTECH,IZTECH::IZTECH_S006,-0.6180423327923478,-0.4445433686555693
normal_qq,BAUA::BAUA_S002::2025-06-11,BAUA,BAUA::BAUA_S002,-0.6133304643180412,-0.44374513785055164
normal_qq,IZTECH::IZTECH_S012::2025-04-23,IZTECH,IZTECH::IZTECH_S012,-0.6086321736710399,-0.4430497618066183
normal_qq,IZTECH::IZTECH_S003::2025-01-07,IZTECH,IZTECH::IZTECH_S003,-0.6039472797056782,-0.4427790489719964
normal_qq,TUM::TUM_S001::2024-05-16,TUM,TUM::TUM_S001,-0.5992756039960074,-0.4417104012828758
normal_qq,RISE::RISE_S001::2025-03-04,RISE,RISE::RISE_S001,-0.5946169707745097,-0.4405369240498478
normal_qq,RISE::RISE_S002::2025-03-20,RISE,RISE::RISE_S002,-0.5899712068724651,-0.43766111753469444
normal_qq,IZTECH::IZTECH_S015::2025-05-03,IZTECH,IZTECH::IZTECH_S015,-0.5853381416619289,-0.4332962155175573
normal_qq,IZTECH::IZTECH_S006::2025-02-21,IZTECH,IZTECH::IZTECH_S006,-0.5807176069992559,-0.4296080537486113
normal_qq,RISE::RISE_S002::2025-03-21,RISE,RISE::RISE_S002,-0.5761094371701255,-0.4295207304377301
normal_qq,KNUST::KNUST_S011::2024-12-20,KNUST,KNUST::KNUST_S011,-0.5715134688360215,-0.42911180838497026
normal_qq,RISE::RISE_S004::2025-03-29,RISE,RISE::RISE_S004,-0.5669295409821139,-0.4275515051280827
normal_qq,KNUST::KNUST_S009::2024-12-05,KNUST,KNUST::KNUST_S009,-0.5623574948665037,-0.42351320043726143
normal_qq,BAUA::BAUA_S003::2025-06-11,BAUA,BAUA::BAUA_S003,-0.5577971739707804,-0.4233307604993552
normal_qq,UCR::UCR_S004::2025-06-29,UCR,UCR::UCR_S004,-0.5532484239518582,-0.4175814201587905
normal_qq,IZTECH::IZTECH_S011::2025-04-16,IZTECH,IZTECH::IZTECH_S011,-0.5487110925950441,-0.41708723238525103
normal_qq,BAUA::BAUA_S022::2025-09-25,BAUA,BAUA::BAUA_S022,-0.5441850297683019,-0.40851403834525796
normal_qq,FUSPCEU::FUSPCEU_S004::2024-10-09,FUSPCEU,FUSPCEU::FUSPCEU_S004,-0.5396700873776735,-0.40530113725652134
normal_qq,BAUA::BAUA_S006::2025-06-11,BAUA,BAUA::BAUA_S006,-0.5351661193238262,-0.4051791688333253
normal_qq,RISE::RISE_S009::2025-05-27,RISE,RISE::RISE_S009,-0.5306729814596802,-0.4046234165790868
normal_qq,BAUA::BAUA_S001::2025-06-16,BAUA,BAUA::BAUA_S001,-0.5261905315490967,-0.40126096963083674
normal_qq,THUAS::THUAS_S010::2025-06-07,THUAS,THUAS::THUAS_S010,-0.5217186292265833,-0.40060599490890547
normal_qq,BAUA::BAUA_S024::2025-10-17,BAUA,BAUA::BAUA_S024,-0.5172571359579902,-0.39980050901993136
normal_qq,UCR::UCR_S004::2025-06-28,UCR,UCR::UCR_S004,-0.5128059150021671,-0.38352872126762816
normal_qq,RISE::RISE_S005::2025-04-03,RISE,RISE::RISE_S005,-0.5083648313735509,-0.3752473560263127
normal_qq,THUAS::THUAS_S003::2025-03-21,THUAS,THUAS::THUAS_S003,-0.5039337518056557,-0.37080517356729475
normal_qq,IZTECH::IZTECH_S009::2025-03-22,IZTECH,IZTECH::IZTECH_S009,-0.49951254471543866,-0.3657601593647026
normal_qq,FUSPCEU::FUSPCEU_S008::2024-10-26,FUSPCEU,FUSPCEU::FUSPCEU_S008,-0.49510108016851695,-0.3651464893725098
normal_qq,RISE::RISE_S006::2025-04-18,RISE,RISE::RISE_S006,-0.4906992298452063,-0.36338676729357555
normal_qq,BAUA::BAUA_S002::2025-06-12,BAUA,BAUA::BAUA_S002,-0.4863068670073624,-0.3629240303689552
normal_qq,THUAS::THUAS_S003::2025-03-19,THUAS,THUAS::THUAS_S003,-0.48192386646599755,-0.3613184488991879
normal_qq,TUM::TUM_S001::2024-05-14,TUM,TUM::TUM_S001,-0.47755010454965036,-0.360683710415345
normal_qq,IZTECH::IZTECH_S006::2025-02-19,IZTECH,IZTECH::IZTECH_S006,-0.4731854590734873,-0.3578641198038986
normal_qq,TUM::TUM_S004::2024-06-11,TUM,TUM::TUM_S004,-0.46882980930911716,-0.3576888373159326
normal_qq,FUSPCEU::FUSPCEU_S015::2024-11-30,FUSPCEU,FUSPCEU::FUSPCEU_S015,-0.4644830359550905,-0.355599044988013
normal_qq,UCR::UCR_S002::2025-06-20,UCR,UCR::UCR_S002,-0.46014502110807354,-0.3541654492544465
normal_qq,FUSPCEU::FUSPCEU_S006::2024-10-17,FUSPCEU,FUSPCEU::FUSPCEU_S006,-0.45581564823467013,-0.3535449722657829
normal_qq,KNUST::KNUST_S001::2024-10-08,KNUST,KNUST::KNUST_S001,-0.4514948021438774,-0.35162854446568437
normal_qq,IZTECH::IZTECH_S016::2025-05-09,IZTECH,IZTECH::IZTECH_S016,-0.4471823689601526,-0.3512671972724071
normal_qq,THUAS::THUAS_S016::2025-07-08,THUAS,THUAS::THUAS_S016,-0.4428782360970812,-0.34969993811977534
normal_qq,BAUA::BAUA_S004::2025-06-13,BAUA,BAUA::BAUA_S004,-0.4385822922316203,-0.3477444290272836
normal_qq,UCR::UCR_S002::2025-06-17,UCR,UCR::UCR_S002,-0.4342944272789078,-0.3430079291227114
normal_qq,BAUA::BAUA_S013::2025-07-16,BAUA,BAUA::BAUA_S013,-0.4300145323676187,-0.338735432702309
normal_qq,KNUST::KNUST_S014::2025-01-22,KNUST,KNUST::KNUST_S014,-0.425742499815854,-0.3352791923169865
normal_qq,RISE::RISE_S016::2025-10-07,RISE,RISE::RISE_S016,-0.42147822310754646,-0.3274909087774385
normal_qq,IZTECH::IZTECH_S001::2024-12-29,IZTECH,IZTECH::IZTECH_S001,-0.4172215968693693,-0.3269198009718927
normal_qq,FUSPCEU::FUSPCEU_S016::2024-11-27,FUSPCEU,FUSPCEU::FUSPCEU_S016,-0.4129725168481362,-0.3267981617856509
normal_qq,BAUA::BAUA_S022::2025-09-26,BAUA,BAUA::BAUA_S022,-0.4087308798886738,-0.3244929692244752
normal_qq,RISE::RISE_S005::2025-04-01,RISE,RISE::RISE_S005,-0.4044965839121593,-0.32429373320371824
normal_qq,KNUST::KNUST_S006::2024-11-12,KNUST,KNUST::KNUST_S006,-0.4002695278949077,-0.3200633465607589
normal_qq,FUSPCEU::FUSPCEU_S013::2024-11-21,FUSPCEU,FUSPCEU::FUSPCEU_S013,-0.39604961184759535,-0.31987644199210996
normal_qq,TUM::TUM_S006::2024-06-30,TUM,TUM::TUM_S006,-0.391836736794911,-0.31346090889032285
normal_qq,IZTECH::IZTECH_S005::2025-01-23,IZTECH,IZTECH::IZTECH_S005,-0.38763080475562056,-0.30520837717848975
normal_qq,KNUST::KNUST_S010::2024-12-11,KNUST,KNUST::KNUST_S010,-0.38343171872303405,-0.3039213617289154
normal_qq,FUSPCEU::FUSPCEU_S004::2024-10-11,FUSPCEU,FUSPCEU::FUSPCEU_S004,-0.3792393826458659,-0.3005650959319572
normal_qq,FUSPCEU::FUSPCEU_S003::2024-10-13,FUSPCEU,FUSPCEU::FUSPCEU_S003,-0.3750537014094769,-0.2998162636018535
normal_qq,IZTECH::IZTECH_S002::2025-01-09,IZTECH,IZTECH::IZTECH_S002,-0.3708745808174861,-0.298876221091584
normal_qq,UCR::UCR_S004::2025-06-24,UCR,UCR::UCR_S004,-0.36670192757374576,-0.2926989067055708
normal_qq,KNUST::KNUST_S007::2024-11-19,KNUST,KNUST::KNUST_S007,-0.36253564926466814,-0.2911807826560762
normal_qq,BAUA::BAUA_S015::2025-07-26,BAUA,BAUA::BAUA_S015,-0.35837565434189306,-0.2893071617305422
normal_qq,FUSPCEU::FUSPCEU_S010::2024-11-06,FUSPCEU,FUSPCEU::FUSPCEU_S010,-0.3542218521052905,-0.2874798730274147
normal_qq,THUAS::THUAS_S011::2025-05-16,THUAS,THUAS::THUAS_S011,-0.3500741526862873,-0.2860788402996437
normal_qq,UCR::UCR_S006::2025-06-28,UCR,UCR::UCR_S006,-0.34593246703151004,-0.28555181579196875
normal_qq,FUSPCEU::FUSPCEU_S024::2025-02-05,FUSPCEU,FUSPCEU::FUSPCEU_S024,-0.3417967068867342,-0.2774930715115681
normal_qq,IZTECH::IZTECH_S012::2025-04-26,IZTECH,IZTECH::IZTECH_S012,-0.3376667847811349,-0.2735996846042342
normal_qq,THUAS::THUAS_S015::2025-07-12,THUAS,THUAS::THUAS_S015,-0.333542614011828,-0.26653082318452703
normal_qq,THUAS::THUAS_S016::2025-07-10,THUAS,THUAS::THUAS_S016,-0.3294241086286953,-0.2664180559675651
normal_qq,THUAS::THUAS_S003::2025-03-22,THUAS,THUAS::THUAS_S003,-0.3253111834194868,-0.26265073381324244
normal_qq,BAUA::BAUA_S012::2025-07-17,BAUA,BAUA::BAUA_S012,-0.32120375389519173,-0.25954002365260076
normal_qq,FUSPCEU::FUSPCEU_S015::2024-11-26,FUSPCEU,FUSPCEU::FUSPCEU_S015,-0.31710173627567256,-0.2571239002173113
normal_qq,BAUA::BAUA_S003::2025-06-12,BAUA,BAUA::BAUA_S003,-0.31300504747555313,-0.2522061723852941
normal_qq,FUSPCEU::FUSPCEU_S024::2025-02-06,FUSPCEU,FUSPCEU::FUSPCEU_S024,-0.3089136050903579,-0.25145764583433294
normal_qq,BAUA::BAUA_S002::2025-06-15,BAUA,BAUA::BAUA_S002,-0.30482732738289076,-0.2457823814939398
normal_qq,RISE::RISE_S009::2025-05-29,RISE,RISE::RISE_S009,-0.3007461332698517,-0.24387251215678307
normal_qq,KNUST::KNUST_S003::2024-10-25,KNUST,KNUST::KNUST_S003,-0.29666994230868327,-0.2436047299608875
normal_qq,KNUST::KNUST_S013::2025-01-16,KNUST,KNUST::KNUST_S013,-0.2925986746846394,-0.2434549991470177
normal_qq,BAUA::BAUA_S024::2025-10-19,BAUA,BAUA::BAUA_S024,-0.28853225119807424,-0.24216124839427686
normal_qq,FUSPCEU::FUSPCEU_S023::2025-02-01,FUSPCEU,FUSPCEU::FUSPCEU_S023,-0.28447059325194235,-0.24062571722990572
normal_qq,FUSPCEU::FUSPCEU_S013::2024-11-20,FUSPCEU,FUSPCEU::FUSPCEU_S013,-0.2804136228395057,-0.2382902534788053
normal_qq,KNUST::KNUST_S014::2025-01-21,KNUST,KNUST::KNUST_S014,-0.27636126253224214,-0.22265947376556477
normal_qq,BAUA::BAUA_S004::2025-06-16,BAUA,BAUA::BAUA_S004,-0.2723134354679512,-0.21990080681563218
normal_qq,THUAS::THUAS_S018::2025-09-26,THUAS,THUAS::THUAS_S018,-0.2682700653390496,-0.2181104661374805
normal_qq,FUSPCEU::FUSPCEU_S003::2024-10-09,FUSPCEU,FUSPCEU::FUSPCEU_S003,-0.2642310763810531,-0.21586719881566505
normal_qq,RISE::RISE_S016::2025-10-10,RISE,RISE::RISE_S016,-0.2601963933612412,-0.21498330269609636
normal_qq,FUSPCEU::FUSPCEU_S015::2024-11-27,FUSPCEU,FUSPCEU::FUSPCEU_S015,-0.2561659415674963,-0.21412847055248957
normal_qq,IZTECH::IZTECH_S007::2025-02-25,IZTECH,IZTECH::IZTECH_S007,-0.25213964679731593,-0.2110305157899223
normal_qq,RISE::RISE_S008::2025-05-04,RISE,RISE::RISE_S008,-0.24811743534699263,-0.19955378685796385
normal_qq,KNUST::KNUST_S015::2025-01-28,KNUST,KNUST::KNUST_S015,-0.2440992340009564,-0.19836801321429862
normal_qq,FUSPCEU::FUSPCEU_S019::2024-12-13,FUSPCEU,FUSPCEU::FUSPCEU_S019,-0.24008497002127552,-0.1978228227770175
normal_qq,BAUA::BAUA_S003::2025-06-16,BAUA,BAUA::BAUA_S003,-0.2360745711373127,-0.19047541803481802
normal_qq,KNUST::KNUST_S012::2025-01-11,KNUST,KNUST::KNUST_S012,-0.23206796553553194,-0.187495681882538
normal_qq,THUAS::THUAS_S017::2025-09-11,THUAS,THUAS::THUAS_S017,-0.2280650818494501,-0.18492118454443335
normal_qq,TUM::TUM_S006::2024-06-26,TUM,TUM::TUM_S006,-0.2240658491497328,-0.18440738282535207
normal_qq,TUM::TUM_S009::2024-07-19,TUM,TUM::TUM_S009,-0.22007019693442906,-0.18352050593044952
normal_qq,IZTECH::IZTECH_S016::2025-05-10,IZTECH,IZTECH::IZTECH_S016,-0.21607805511933942,-0.17862364979880277
normal_qq,IZTECH::IZTECH_S005::2025-01-24,IZTECH,IZTECH::IZTECH_S005,-0.21208935402851659,-0.1784570640853671
normal_qq,FUSPCEU::FUSPCEU_S010::2024-11-07,FUSPCEU,FUSPCEU::FUSPCEU_S010,-0.2081040243848942,-0.1779167587128484
normal_qq,KNUST::KNUST_S012::2025-01-08,KNUST,KNUST::KNUST_S012,-0.2041219973010389,-0.17670366958197561
normal_qq,KNUST::KNUST_S009::2024-12-08,KNUST,KNUST::KNUST_S009,-0.20014320427002366,-0.17554064059801772
normal_qq,UCR::UCR_S002::2025-06-18,UCR,UCR::UCR_S002,-0.19616757715641953,-0.17362200276227752
normal_qq,THUAS::THUAS_S011::2025-05-18,THUAS,THUAS::THUAS_S011,-0.19219504818740038,-0.17346446364124002
normal_qq,FUSPCEU::FUSPCEU_S010::2024-11-05,FUSPCEU,FUSPCEU::FUSPCEU_S010,-0.18822554994395926,-0.17124215660674838
normal_qq,IZTECH::IZTECH_S017::2025-05-27,IZTECH,IZTECH::IZTECH_S017,-0.1842590153522338,-0.170740910895422
normal_qq,FUSPCEU::FUSPCEU_S006::2024-10-16,FUSPCEU,FUSPCEU::FUSPCEU_S006,-0.1802953776749343,-0.1689823709587059
normal_qq,FUSPCEU::FUSPCEU_S011::2024-11-14,FUSPCEU,FUSPCEU::FUSPCEU_S011,-0.1763345705028759,-0.16790692537531896
normal_qq,FUSPCEU::FUSPCEU_S016::2024-11-26,FUSPCEU,FUSPCEU::FUSPCEU_S016,-0.17237652774660897,-0.16661076002742722
normal_qq,TUM::TUM_S009::2024-07-20,TUM,TUM::TUM_S009,-0.1684211836281446,-0.16492974040260205
normal_qq,TUM::TUM_S009::2024-07-17,TUM,TUM::TUM_S009,-0.16446847267277498,-0.1645539051659342
normal_qq,BAUA::BAUA_S005::2025-06-13,BAUA,BAUA::BAUA_S005,-0.16051832970098348,-0.15715278551396358
normal_qq,FUSPCEU::FUSPCEU_S013::2024-11-19,FUSPCEU,FUSPCEU::FUSPCEU_S013,-0.15657068982044234,-0.1566406256034456
normal_qq,KNUST::KNUST_S007::2024-11-22,KNUST,KNUST::KNUST_S007,-0.1526254884180952,-0.15646542333232855
normal_qq,FUSPCEU::FUSPCEU_S006::2024-10-15,FUSPCEU,FUSPCEU::FUSPCEU_S006,-0.1486826611523237,-0.15371894485737833
normal_qq,KNUST::KNUST_S013::2025-01-15,KNUST,KNUST::KNUST_S013,-0.14474214394519178,-0.15336487052177258
normal_qq,FUSPCEU::FUSPCEU_S003::2024-10-10,FUSPCEU,FUSPCEU::FUSPCEU_S003,-0.14080387297476876,-0.15221906036056546
normal_qq,TUM::TUM_S006::2024-06-27,TUM,TUM::TUM_S006,-0.1368677846675268,-0.14024179964580544
normal_qq,IZTECH::IZTECH_S009::2025-03-25,IZTECH,IZTECH::IZTECH_S009,-0.13293381569081147,-0.1391946243394961
normal_qq,FUSPCEU::FUSPCEU_S025::2025-02-06,FUSPCEU,FUSPCEU::FUSPCEU_S025,-0.12900190294538116,-0.13585520672636883
normal_qq,BAUA::BAUA_S024::2025-10-18,BAUA,BAUA::BAUA_S024,-0.12507198355801472,-0.12345620692332694
normal_qq,BAUA::BAUA_S024::2025-10-14,BAUA,BAUA::BAUA_S024,-0.12114399487418549,-0.12245549592905196
normal_qq,BAUA::BAUA_S009::2025-06-29,BAUA,BAUA::BAUA_S009,-0.11721787445079629,-0.12104780731526585
normal_qq,TUM::TUM_S008::2024-07-13,TUM,TUM::TUM_S008,-0.11329356004897681,-0.11250329774084848
normal_qq,BAUA::BAUA_S001::2025-06-13,BAUA,BAUA::BAUA_S001,-0.10937098962693943,-0.111450993917339
normal_qq,FUSPCEU::FUSPCEU_S006::2024-10-18,FUSPCEU,FUSPCEU::FUSPCEU_S006,-0.1054501013328905,-0.10914540912667255
normal_qq,KNUST::KNUST_S010::2024-12-10,KNUST,KNUST::KNUST_S010,-0.1015308334979966,-0.10065104324300295
normal_qq,FUSPCEU::FUSPCEU_S022::2025-01-29,FUSPCEU,FUSPCEU::FUSPCEU_S022,-0.09761312462940326,-0.09910538338593307
normal_qq,IZTECH::IZTECH_S010::2025-04-16,IZTECH,IZTECH::IZTECH_S010,-0.09369691340330227,-0.09358248701347133
normal_qq,FUSPCEU::FUSPCEU_S022::2025-01-31,FUSPCEU,FUSPCEU::FUSPCEU_S022,-0.08978213865804832,-0.09277827145511569
normal_qq,RISE::RISE_S013::2025-06-24,RISE,RISE::RISE_S013,-0.08586873938732123,-0.09024727946335052
normal_qq,FUSPCEU::FUSPCEU_S005::2024-10-15,FUSPCEU,FUSPCEU::FUSPCEU_S005,-0.08195665473333125,-0.08978626800113351
normal_qq,BAUA::BAUA_S014::2025-07-16,BAUA,BAUA::BAUA_S014,-0.07804582398006678,-0.08824802765541842
normal_qq,FUSPCEU::FUSPCEU_S007::2024-10-24,FUSPCEU,FUSPCEU::FUSPCEU_S007,-0.07413618654658272,-0.08538302981205667
normal_qq,IZTECH::IZTECH_S005::2025-01-21,IZTECH,IZTECH::IZTECH_S005,-0.07022768198032495,-0.08444520527524586
normal_qq,FUSPCEU::FUSPCEU_S008::2024-10-23,FUSPCEU,FUSPCEU::FUSPCEU_S008,-0.0663202499504923,-0.08293730068780203
normal_qq,RISE::RISE_S004::2025-03-27,RISE,RISE::RISE_S004,-0.0624138302414325,-0.0829193555234644
normal_qq,BAUA::BAUA_S009::2025-06-25,BAUA,BAUA::BAUA_S009,-0.05850836274606919,-0.08210001329970852
normal_qq,FUSPCEU::FUSPCEU_S007::2024-10-25,FUSPCEU,FUSPCEU::FUSPCEU_S007,-0.054603787459360224,-0.07786167581157083
normal_qq,IZTECH::IZTECH_S006::2025-02-22,IZTECH,IZTECH::IZTECH_S006,-0.050700044471784694,-0.07601238977414465
normal_qq,THUAS::THUAS_S018::2025-09-27,THUAS,THUAS::THUAS_S018,-0.046797073962855026,-0.06646616329830807
normal_qq,IZTECH::IZTECH_S014::2025-04-29,IZTECH,IZTECH::IZTECH_S014,-0.042894816194655495,-0.05993714986602953
normal_qq,FUSPCEU::FUSPCEU_S005::2024-10-18,FUSPCEU,FUSPCEU::FUSPCEU_S005,-0.03899321150540253,-0.05650066734948606
normal_qq,FUSPCEU::FUSPCEU_S025::2025-02-04,FUSPCEU,FUSPCEU::FUSPCEU_S025,-0.03509220030302721,-0.05242921987675538
normal_qq,KNUST::KNUST_S006::2024-11-15,KNUST,KNUST::KNUST_S006,-0.031191723058775614,-0.05004521090063186
normal_qq,UCR::UCR_S005::2025-06-27,UCR,UCR::UCR_S005,-0.027291720300827854,-0.04452975893270462
normal_qq,IZTECH::IZTECH_S004::2025-01-22,IZTECH,IZTECH::IZTECH_S004,-0.023392132607933016,-0.0429063897358064
normal_qq,UCR::UCR_S001::2025-06-18,UCR,UCR::UCR_S001,-0.01949290060305672,-0.04196148206525186
normal_qq,RISE::RISE_S009::2025-05-31,RISE,RISE::RISE_S009,-0.015593964947042214,-0.03864221572368474
normal_qq,IZTECH::IZTECH_S014::2025-05-02,IZTECH,IZTECH::IZTECH_S014,-0.01169526633228188,-0.03769023013852594
normal_qq,UCR::UCR_S006::2025-06-26,UCR,UCR::UCR_S006,-0.0077967454763962244,-0.03690794602148411
normal_qq,RISE::RISE_S013::2025-06-25,RISE,RISE::RISE_S013,-0.0038983431159210777,-0.0353236016529905
normal_qq,KNUST::KNUST_S010::2024-12-15,KNUST,KNUST::KNUST_S010,0,-0.033276865610210135
normal_qq,BAUA::BAUA_S009::2025-06-30,BAUA,BAUA::BAUA_S009,0.0038983431159210777,-0.03249677215702404
normal_qq,RISE::RISE_S004::2025-03-25,RISE,RISE::RISE_S004,0.007796745476396085,-0.03169466659290202
normal_qq,KNUST::KNUST_S006::2024-11-13,KNUST,KNUST::KNUST_S006,0.011695266332281741,-0.02688151470485166
normal_qq,FUSPCEU::FUSPCEU_S015::2024-11-29,FUSPCEU,FUSPCEU::FUSPCEU_S015,0.015593964947042353,-0.02632092447768065
normal_qq,FUSPCEU::FUSPCEU_S015::2024-11-28,FUSPCEU,FUSPCEU::FUSPCEU_S015,0.01949290060305672,-0.024315304919639496
normal_qq,IZTECH::IZTECH_S011::2025-04-19,IZTECH,IZTECH::IZTECH_S011,0.023392132607933016,-0.02150780794526133
normal_qq,KNUST::KNUST_S003::2024-10-27,KNUST,KNUST::KNUST_S003,0.027291720300827854,-0.007393515968106127
normal_qq,FUSPCEU::FUSPCEU_S009::2024-11-10,FUSPCEU,FUSPCEU::FUSPCEU_S009,0.031191723058775475,-0.00306698529978817
normal_qq,IZTECH::IZTECH_S005::2025-01-22,IZTECH,IZTECH::IZTECH_S005,0.03509220030302708,-0.0029611381305435377
normal_qq,IZTECH::IZTECH_S014::2025-05-03,IZTECH,IZTECH::IZTECH_S014,0.03899321150540268,-2.3515141086687314e-4
normal_qq,BAUA::BAUA_S013::2025-07-18,BAUA,BAUA::BAUA_S013,0.042894816194655495,0.002235576151408229
normal_qq,RISE::RISE_S016::2025-10-11,RISE,RISE::RISE_S016,0.046797073962855026,0.003176835034807634
normal_qq,KNUST::KNUST_S008::2024-11-27,KNUST,KNUST::KNUST_S008,0.050700044471784694,0.007609578853695643
normal_qq,TUM::TUM_S006::2024-06-25,TUM,TUM::TUM_S006,0.054603787459360224,0.008314330823450119
normal_qq,THUAS::THUAS_S002::2025-03-05,THUAS,THUAS::THUAS_S002,0.05850836274606905,0.014237985824693664
normal_qq,RISE::RISE_S007::2025-04-17,RISE,RISE::RISE_S007,0.062413830241432634,0.018895478004276732
normal_qq,BAUA::BAUA_S014::2025-07-17,BAUA,BAUA::BAUA_S014,0.06632024995049243,0.020212613160284002
normal_qq,KNUST::KNUST_S010::2024-12-12,KNUST,KNUST::KNUST_S010,0.07022768198032495,0.023349643680088437
normal_qq,IZTECH::IZTECH_S001::2024-12-30,IZTECH,IZTECH::IZTECH_S001,0.07413618654658272,0.023760715622217904
normal_qq,THUAS::THUAS_S017::2025-09-10,THUAS,THUAS::THUAS_S017,0.07804582398006678,0.024818630921930266
normal_qq,KNUST::KNUST_S012::2025-01-12,KNUST,KNUST::KNUST_S012,0.08195665473333111,0.027156594046381093
normal_qq,KNUST::KNUST_S015::2025-01-30,KNUST,KNUST::KNUST_S015,0.08586873938732138,0.028020112574527693
normal_qq,THUAS::THUAS_S014::2025-07-13,THUAS,THUAS::THUAS_S014,0.08978213865804847,0.028900995687572345
normal_qq,TUM::TUM_S004::2024-06-16,TUM,TUM::TUM_S004,0.09369691340330227,0.03166476910206151
normal_qq,FUSPCEU::FUSPCEU_S007::2024-10-22,FUSPCEU,FUSPCEU::FUSPCEU_S007,0.09761312462940326,0.03510898425611612
normal_qq,RISE::RISE_S007::2025-04-19,RISE,RISE::RISE_S007,0.1015308334979966,0.03618712267496373
normal_qq,THUAS::THUAS_S003::2025-03-23,THUAS,THUAS::THUAS_S003,0.10545010133289036,0.037410280527604416
normal_qq,KNUST::KNUST_S014::2025-01-24,KNUST,KNUST::KNUST_S014,0.1093709896269393,0.03776445739032388
normal_qq,TUM::TUM_S006::2024-06-28,TUM,TUM::TUM_S006,0.11329356004897694,0.039221011474748296
normal_qq,BAUA::BAUA_S015::2025-07-23,BAUA,BAUA::BAUA_S015,0.11721787445079629,0.04245888504342995
normal_qq,BAUA::BAUA_S018::2025-09-12,BAUA,BAUA::BAUA_S018,0.12114399487418549,0.04799066111842915
normal_qq,RISE::RISE_S004::2025-03-28,RISE,RISE::RISE_S004,0.12507198355801472,0.04952902482778701
normal_qq,BAUA::BAUA_S014::2025-07-20,BAUA,BAUA::BAUA_S014,0.12900190294538103,0.05142086666703715
normal_qq,TUM::TUM_S008::2024-07-11,TUM,TUM::TUM_S008,0.13293381569081136,0.05189157240830582
normal_qq,BAUA::BAUA_S024::2025-10-15,BAUA,BAUA::BAUA_S024,0.13686778466752694,0.052218208885993135
normal_qq,RISE::RISE_S001::2025-03-08,RISE,RISE::RISE_S001,0.14080387297476876,0.05353322550549203
normal_qq,KNUST::KNUST_S005::2024-11-07,KNUST,KNUST::KNUST_S005,0.14474214394519178,0.05463929989207264
normal_qq,TUM::TUM_S003::2024-06-04,TUM,TUM::TUM_S003,0.1486826611523237,0.056130916674517715
normal_qq,THUAS::THUAS_S016::2025-07-11,THUAS,THUAS::THUAS_S016,0.1526254884180952,0.057188987452256985
normal_qq,THUAS::THUAS_S018::2025-09-25,THUAS,THUAS::THUAS_S018,0.15657068982044217,0.05920061570580355
normal_qq,BAUA::BAUA_S016::2025-07-26,BAUA,BAUA::BAUA_S016,0.16051832970098362,0.06068953039048004
normal_qq,FUSPCEU::FUSPCEU_S005::2024-10-16,FUSPCEU,FUSPCEU::FUSPCEU_S005,0.16446847267277512,0.06426933208341024
normal_qq,FUSPCEU::FUSPCEU_S023::2025-01-29,FUSPCEU,FUSPCEU::FUSPCEU_S023,0.1684211836281446,0.06587190951172191
normal_qq,IZTECH::IZTECH_S008::2025-03-09,IZTECH,IZTECH::IZTECH_S008,0.17237652774660897,0.06819749668454064
normal_qq,RISE::RISE_S006::2025-04-17,RISE,RISE::RISE_S006,0.1763345705028759,0.06820281609598347
normal_qq,IZTECH::IZTECH_S004::2025-01-26,IZTECH,IZTECH::IZTECH_S004,0.18029537767493417,0.08041726000159333
normal_qq,TUM::TUM_S005::2024-06-19,TUM,TUM::TUM_S005,0.18425901535223396,0.08318637925369488
normal_qq,THUAS::THUAS_S001::2025-02-28,THUAS,THUAS::THUAS_S001,0.18822554994395943,0.08455714898768711
normal_qq,RISE::RISE_S006::2025-04-15,RISE,RISE::RISE_S006,0.19219504818740038,0.0848255554692614
normal_qq,IZTECH::IZTECH_S002::2025-01-10,IZTECH,IZTECH::IZTECH_S002,0.19616757715641953,0.08656829993670154
normal_qq,RISE::RISE_S010::2025-06-14,RISE,RISE::RISE_S010,0.20014320427002366,0.08899017828988062
normal_qq,RISE::RISE_S010::2025-06-11,RISE,RISE::RISE_S010,0.20412199730103872,0.09099094735941736
normal_qq,RISE::RISE_S010::2025-06-10,RISE,RISE::RISE_S010,0.20810402438489403,0.09850374852325165
normal_qq,THUAS::THUAS_S017::2025-09-14,THUAS,THUAS::THUAS_S017,0.2120893540285167,0.10022763971952571
normal_qq,IZTECH::IZTECH_S016::2025-05-06,IZTECH,IZTECH::IZTECH_S016,0.21607805511933942,0.10131313019876573
normal_qq,KNUST::KNUST_S011::2024-12-19,KNUST,KNUST::KNUST_S011,0.22007019693442906,0.1014325032910894
normal_qq,THUAS::THUAS_S014::2025-07-08,THUAS,THUAS::THUAS_S014,0.2240658491497328,0.10403234352107443
normal_qq,KNUST::KNUST_S006::2024-11-17,KNUST,KNUST::KNUST_S006,0.22806508184944996,0.10742662682193847
normal_qq,FUSPCEU::FUSPCEU_S005::2024-10-19,FUSPCEU,FUSPCEU::FUSPCEU_S005,0.23206796553553183,0.10890478664584408
normal_qq,TUM::TUM_S003::2024-06-08,TUM,TUM::TUM_S003,0.23607457113731287,0.11027816391237927
normal_qq,IZTECH::IZTECH_S001::2024-12-26,IZTECH,IZTECH::IZTECH_S001,0.24008497002127552,0.11156939891785245
normal_qq,BAUA::BAUA_S025::2025-10-17,BAUA,BAUA::BAUA_S025,0.2440992340009564,0.1129860046939036
normal_qq,RISE::RISE_S008::2025-04-30,RISE,RISE::RISE_S008,0.24811743534699263,0.11560659300066309
normal_qq,BAUA::BAUA_S018::2025-09-11,BAUA,BAUA::BAUA_S018,0.2521396467973158,0.1221423521924822
normal_qq,UCR::UCR_S003::2025-06-20,UCR,UCR::UCR_S003,0.25616594156749617,0.12705089177841436
normal_qq,KNUST::KNUST_S006::2024-11-16,KNUST,KNUST::KNUST_S006,0.26019639336124134,0.13027852272392068
normal_qq,THUAS::THUAS_S006::2025-04-06,THUAS,THUAS::THUAS_S006,0.2642310763810532,0.13148898036347428
normal_qq,IZTECH::IZTECH_S004::2025-01-23,IZTECH,IZTECH::IZTECH_S004,0.2682700653390496,0.14022757961574492
normal_qq,KNUST::KNUST_S015::2025-02-01,KNUST,KNUST::KNUST_S015,0.2723134354679512,0.14155717405937868
normal_qq,RISE::RISE_S006::2025-04-19,RISE,RISE::RISE_S006,0.27636126253224214,0.14193413616196102
normal_qq,KNUST::KNUST_S002::2024-10-18,KNUST,KNUST::KNUST_S002,0.28041362283950544,0.1425202640864481
normal_qq,FUSPCEU::FUSPCEU_S022::2025-01-28,FUSPCEU,FUSPCEU::FUSPCEU_S022,0.2844705932519425,0.14614254221126144
normal_qq,IZTECH::IZTECH_S007::2025-02-27,IZTECH,IZTECH::IZTECH_S007,0.28853225119807435,0.14641549073698398
normal_qq,KNUST::KNUST_S010::2024-12-14,KNUST,KNUST::KNUST_S010,0.2925986746846394,0.1473839338706334
normal_qq,FUSPCEU::FUSPCEU_S003::2024-10-12,FUSPCEU,FUSPCEU::FUSPCEU_S003,0.29666994230868327,0.15573173334164445
normal_qq,UCR::UCR_S004::2025-06-26,UCR,UCR::UCR_S004,0.3007461332698517,0.1586014605583668
normal_qq,IZTECH::IZTECH_S010::2025-04-20,IZTECH,IZTECH::IZTECH_S010,0.30482732738289064,0.17044210951252378
normal_qq,THUAS::THUAS_S018::2025-09-23,THUAS,THUAS::THUAS_S018,0.3089136050903578,0.1736331360325823
normal_qq,RISE::RISE_S016::2025-10-12,RISE,RISE::RISE_S016,0.31300504747555324,0.1762116051543491
normal_qq,FUSPCEU::FUSPCEU_S007::2024-10-23,FUSPCEU,FUSPCEU::FUSPCEU_S007,0.31710173627567256,0.1780328808920269
normal_qq,THUAS::THUAS_S003::2025-03-20,THUAS,THUAS::THUAS_S003,0.32120375389519173,0.18704070154462885
normal_qq,RISE::RISE_S004::2025-03-26,RISE,RISE::RISE_S004,0.3253111834194868,0.1910176405227842
normal_qq,THUAS::THUAS_S001::2025-02-27,THUAS,THUAS::THUAS_S001,0.32942410862869514,0.19126521404322633
normal_qq,FUSPCEU::FUSPCEU_S019::2024-12-15,FUSPCEU,FUSPCEU::FUSPCEU_S019,0.33354261401182783,0.1959353771089427
normal_qq,BAUA::BAUA_S012::2025-07-16,BAUA,BAUA::BAUA_S012,0.33766678478113504,0.196396089484601
normal_qq,FUSPCEU::FUSPCEU_S022::2025-01-30,FUSPCEU,FUSPCEU::FUSPCEU_S022,0.3417967068867342,0.19751935521259376
normal_qq,RISE::RISE_S010::2025-06-13,RISE,RISE::RISE_S010,0.34593246703151004,0.19912470152446252
normal_qq,IZTECH::IZTECH_S002::2025-01-11,IZTECH,IZTECH::IZTECH_S002,0.3500741526862873,0.20117771598976109
normal_qq,THUAS::THUAS_S014::2025-07-11,THUAS,THUAS::THUAS_S014,0.3542218521052904,0.2061470219585383
normal_qq,KNUST::KNUST_S014::2025-01-23,KNUST,KNUST::KNUST_S014,0.3583756543418929,0.20680885131249208
normal_qq,FUSPCEU::FUSPCEU_S023::2025-01-31,FUSPCEU,FUSPCEU::FUSPCEU_S023,0.3625356492646684,0.20765424239123645
normal_qq,KNUST::KNUST_S003::2024-10-24,KNUST,KNUST::KNUST_S003,0.3667019275737459,0.2083392412119177
normal_qq,RISE::RISE_S013::2025-06-28,RISE,RISE::RISE_S013,0.3708745808174861,0.2174938633718413
normal_qq,THUAS::THUAS_S007::2025-04-12,THUAS,THUAS::THUAS_S007,0.3750537014094769,0.22079882299071993
normal_qq,BAUA::BAUA_S016::2025-07-25,BAUA,BAUA::BAUA_S016,0.3792393826458659,0.22403976239134574
normal_qq,IZTECH::IZTECH_S001::2024-12-25,IZTECH,IZTECH::IZTECH_S001,0.38343171872303394,0.22404468772507127
normal_qq,FUSPCEU::FUSPCEU_S017::2024-12-05,FUSPCEU,FUSPCEU::FUSPCEU_S017,0.38763080475562073,0.22811064298633513
normal_qq,IZTECH::IZTECH_S014::2025-05-01,IZTECH,IZTECH::IZTECH_S014,0.3918367367949111,0.2295971034829728
normal_qq,KNUST::KNUST_S012::2025-01-10,KNUST,KNUST::KNUST_S012,0.39604961184759535,0.22998447974689648
normal_qq,RISE::RISE_S009::2025-05-30,RISE,RISE::RISE_S009,0.4002695278949077,0.23697807684573116
normal_qq,IZTECH::IZTECH_S009::2025-03-26,IZTECH,IZTECH::IZTECH_S009,0.4044965839121593,0.23734552794700717
normal_qq,KNUST::KNUST_S007::2024-11-20,KNUST,KNUST::KNUST_S007,0.4087308798886736,0.2390980942471323
normal_qq,BAUA::BAUA_S018::2025-09-14,BAUA,BAUA::BAUA_S018,0.41297251684813613,0.2496351615322449
normal_qq,RISE::RISE_S007::2025-04-15,RISE,RISE::RISE_S007,0.41722159686936944,0.24998898387965818
normal_qq,RISE::RISE_S006::2025-04-20,RISE,RISE::RISE_S006,0.42147822310754646,0.2521883338700601
normal_qq,THUAS::THUAS_S014::2025-07-12,THUAS,THUAS::THUAS_S014,0.425742499815854,0.2586950766820475
normal_qq,IZTECH::IZTECH_S010::2025-04-18,IZTECH,IZTECH::IZTECH_S010,0.4300145323676187,0.26421731728860143
normal_qq,IZTECH::IZTECH_S006::2025-02-23,IZTECH,IZTECH::IZTECH_S006,0.43429442727890766,0.2663168083572481
normal_qq,UCR::UCR_S002::2025-06-21,UCR,UCR::UCR_S002,0.4385822922316201,0.2666675552167307
normal_qq,THUAS::THUAS_S001::2025-02-23,THUAS,THUAS::THUAS_S001,0.4428782360970814,0.2684384766664892
normal_qq,BAUA::BAUA_S022::2025-09-28,BAUA,BAUA::BAUA_S022,0.4471823689601526,0.2725314238339215
normal_qq,BAUA::BAUA_S012::2025-07-19,BAUA,BAUA::BAUA_S012,0.4514948021438774,0.2730952738726938
normal_qq,FUSPCEU::FUSPCEU_S013::2024-11-23,FUSPCEU,FUSPCEU::FUSPCEU_S013,0.45581564823467013,0.27343959786933636
normal_qq,RISE::RISE_S012::2025-06-11,RISE,RISE::RISE_S012,0.4601450211080734,0.2798647288562214
normal_qq,KNUST::KNUST_S015::2025-01-31,KNUST,KNUST::KNUST_S015,0.46448303595509033,0.2879679682846693
normal_qq,FUSPCEU::FUSPCEU_S016::2024-11-30,FUSPCEU,FUSPCEU::FUSPCEU_S016,0.4688298093091173,0.2880229140757173
normal_qq,IZTECH::IZTECH_S015::2025-04-30,IZTECH,IZTECH::IZTECH_S015,0.47318545907348747,0.2895517095012604
normal_qq,THUAS::THUAS_S005::2025-03-27,THUAS,THUAS::THUAS_S005,0.47755010454965036,0.2901616994576963
normal_qq,BAUA::BAUA_S024::2025-10-16,BAUA,BAUA::BAUA_S024,0.48192386646599755,0.2946449658122832
normal_qq,KNUST::KNUST_S014::2025-01-25,KNUST,KNUST::KNUST_S014,0.4863068670073624,0.29766901312696226
normal_qq,THUAS::THUAS_S005::2025-03-26,THUAS,THUAS::THUAS_S005,0.4906992298452061,0.306120892429893
normal_qq,RISE::RISE_S012::2025-06-13,RISE,RISE::RISE_S012,0.495101080168517,0.3089829374678602
normal_qq,KNUST::KNUST_S009::2024-12-03,KNUST,KNUST::KNUST_S009,0.4995125447154389,0.31048485277495713
normal_qq,IZTECH::IZTECH_S003::2025-01-08,IZTECH,IZTECH::IZTECH_S003,0.5039337518056557,0.31501296622435343
normal_qq,IZTECH::IZTECH_S001::2024-12-28,IZTECH,IZTECH::IZTECH_S001,0.5083648313735509,0.3158248343299029
normal_qq,BAUA::BAUA_S014::2025-07-21,BAUA,BAUA::BAUA_S014,0.5128059150021671,0.31746923821891726
normal_qq,BAUA::BAUA_S022::2025-09-29,BAUA,BAUA::BAUA_S022,0.51725713595799,0.32273032838955795
normal_qq,BAUA::BAUA_S003::2025-06-13,BAUA,BAUA::BAUA_S003,0.5217186292265834,0.32509325925984156
normal_qq,RISE::RISE_S012::2025-06-16,RISE,RISE::RISE_S012,0.5261905315490969,0.327403454075011
normal_qq,THUAS::THUAS_S005::2025-03-25,THUAS,THUAS::THUAS_S005,0.5306729814596802,0.33337779175571436
normal_qq,IZTECH::IZTECH_S001::2024-12-27,IZTECH,IZTECH::IZTECH_S001,0.5351661193238262,0.33782045615927314
normal_qq,IZTECH::IZTECH_S007::2025-03-02,IZTECH,IZTECH::IZTECH_S007,0.5396700873776735,0.33843327417465385
normal_qq,THUAS::THUAS_S016::2025-07-13,THUAS,THUAS::THUAS_S016,0.5441850297683017,0.3427482994226725
normal_qq,BAUA::BAUA_S014::2025-07-18,BAUA,BAUA::BAUA_S014,0.5487110925950441,0.3430264618307636
normal_qq,RISE::RISE_S012::2025-06-10,RISE,RISE::RISE_S012,0.5532484239518585,0.34381720541534616
normal_qq,RISE::RISE_S008::2025-05-03,RISE,RISE::RISE_S008,0.5577971739707804,0.34487783837430114
normal_qq,IZTECH::IZTECH_S016::2025-05-08,IZTECH,IZTECH::IZTECH_S016,0.5623574948665037,0.356505161662906
normal_qq,RISE::RISE_S002::2025-03-23,RISE,RISE::RISE_S002,0.5669295409821139,0.36568893837488303
normal_qq,UCR::UCR_S006::2025-06-24,UCR,UCR::UCR_S006,0.5715134688360213,0.36967475272299305
normal_qq,BAUA::BAUA_S005::2025-06-11,BAUA,BAUA::BAUA_S005,0.5761094371701252,0.36995985866040354
normal_qq,KNUST::KNUST_S005::2024-11-08,KNUST,KNUST::KNUST_S005,0.5807176069992561,0.3703627715184286
normal_qq,BAUA::BAUA_S002::2025-06-13,BAUA,BAUA::BAUA_S002,0.5853381416619291,0.37240649238299356
normal_qq,FUSPCEU::FUSPCEU_S022::2025-02-02,FUSPCEU,FUSPCEU::FUSPCEU_S022,0.5899712068724651,0.37654923375941884
normal_qq,BAUA::BAUA_S015::2025-07-28,BAUA,BAUA::BAUA_S015,0.5946169707745097,0.3770968095243268
normal_qq,FUSPCEU::FUSPCEU_S015::2024-12-01,FUSPCEU,FUSPCEU::FUSPCEU_S015,0.5992756039960074,0.38755575867066294
normal_qq,TUM::TUM_S003::2024-06-07,TUM,TUM::TUM_S003,0.603947279705678,0.3904435053125727
normal_qq,BAUA::BAUA_S009::2025-06-26,BAUA,BAUA::BAUA_S009,0.60863217367104006,0.3910155770995435
normal_qq,KNUST::KNUST_S004::2024-11-01,KNUST,KNUST::KNUST_S004,0.6133304643180415,0.39781630109372884
normal_qq,TUM::TUM_S010::2024-07-23,TUM,TUM::TUM_S010,0.6180423327923478,0.39936054051436776
normal_qq,TUM::TUM_S004::2024-06-15,TUM,TUM::TUM_S004,0.622767963022347,0.4146597565798239
normal_qq,IZTECH::IZTECH_S016::2025-05-07,IZTECH,IZTECH::IZTECH_S016,0.6275075417839261,0.4321118164072197
normal_qq,UCR::UCR_S001::2025-06-22,UCR,UCR::UCR_S001,0.6322612587670874,0.4321650104656512
normal_qq,THUAS::THUAS_S005::2025-03-29,THUAS,THUAS::THUAS_S005,0.6370293066444617,0.4388775910509268
normal_qq,RISE::RISE_S012::2025-06-12,RISE,RISE::RISE_S012,0.6418118811417909,0.44133883634847626
normal_qq,BAUA::BAUA_S005::2025-06-14,BAUA,BAUA::BAUA_S005,0.6466091811104459,0.4425292599084752
normal_qq,TUM::TUM_S005::2024-06-20,TUM,TUM::TUM_S005,0.6514214086020538,0.4445462981061675
normal_qq,KNUST::KNUST_S002::2024-10-17,KNUST,KNUST::KNUST_S002,0.6562487689453077,0.4477605681813525
normal_qq,FUSPCEU::FUSPCEU_S006::2024-10-19,FUSPCEU,FUSPCEU::FUSPCEU_S006,0.6610914708250396,0.45133777263569047
normal_qq,RISE::RISE_S012::2025-06-14,RISE,RISE::RISE_S012,0.665949726363638,0.45847092105161413
normal_qq,FUSPCEU::FUSPCEU_S007::2024-10-26,FUSPCEU,FUSPCEU::FUSPCEU_S007,0.6708237512048935,0.4602204461602234
normal_qq,IZTECH::IZTECH_S013::2025-04-22,IZTECH,IZTECH::IZTECH_S013,0.6757137646003633,0.4626766957591463
normal_qq,THUAS::THUAS_S011::2025-05-15,THUAS,THUAS::THUAS_S011,0.6806199894983472,0.46457818353780184
normal_qq,IZTECH::IZTECH_S002::2025-01-07,IZTECH,IZTECH::IZTECH_S002,0.6855426526355706,0.46562485137272047
normal_qq,THUAS::THUAS_S017::2025-09-09,THUAS,THUAS::THUAS_S017,0.6904819846316747,0.47161181920840617
normal_qq,IZTECH::IZTECH_S014::2025-05-04,IZTECH,IZTECH::IZTECH_S014,0.6954382200866216,0.47741605700407963
normal_qq,TUM::TUM_S010::2024-07-26,TUM,TUM::TUM_S010,0.7004115976811249,0.4877086645860145
normal_qq,FUSPCEU::FUSPCEU_S023::2025-01-28,FUSPCEU,FUSPCEU::FUSPCEU_S023,0.7054023602802135,0.49172679637384575
normal_qq,TUM::TUM_S008::2024-07-14,TUM,TUM::TUM_S008,0.7104107550400606,0.4936871864157648
normal_qq,FUSPCEU::FUSPCEU_S018::2024-12-15,FUSPCEU,FUSPCEU::FUSPCEU_S018,0.7154370335181902,0.49760879437357436
normal_qq,IZTECH::IZTECH_S017::2025-05-30,IZTECH,IZTECH::IZTECH_S017,0.7204814517872028,0.5017353181430532
normal_qq,IZTECH::IZTECH_S010::2025-04-17,IZTECH,IZTECH::IZTECH_S010,0.72554427055215,0.5086216796868415
normal_qq,RISE::RISE_S006::2025-04-16,RISE,RISE::RISE_S006,0.7306257552717059,0.51109299517923
normal_qq,BAUA::BAUA_S012::2025-07-21,BAUA,BAUA::BAUA_S012,0.7357261762832811,0.511809874726472
normal_qq,IZTECH::IZTECH_S002::2025-01-08,IZTECH,IZTECH::IZTECH_S002,0.7408458089322411,0.5122769565884111
normal_qq,BAUA::BAUA_S025::2025-10-18,BAUA,BAUA::BAUA_S025,0.7459849337053887,0.5134975926601468
normal_qq,KNUST::KNUST_S012::2025-01-09,KNUST,KNUST::KNUST_S012,0.7511438363688826,0.5233054707218928
normal_qq,FUSPCEU::FUSPCEU_S012::2024-12-06,FUSPCEU,FUSPCEU::FUSPCEU_S012,0.7563228081107772,0.5288030557239535
normal_qq,BAUA::BAUA_S003::2025-06-15,BAUA,BAUA::BAUA_S003,0.7615221456883655,0.5309236461541486
normal_qq,BAUA::BAUA_S001::2025-06-15,BAUA,BAUA::BAUA_S001,0.7667421515805256,0.5346088610602333
normal_qq,IZTECH::IZTECH_S002::2025-01-12,IZTECH,IZTECH::IZTECH_S002,0.7719831341452832,0.5416198899382529
normal_qq,RISE::RISE_S013::2025-06-29,RISE,RISE::RISE_S013,0.7772454077827954,0.5418521884684631
normal_qq,RISE::RISE_S001::2025-03-05,RISE,RISE::RISE_S001,0.782529293103997,0.5492918597937121
normal_qq,RISE::RISE_S012::2025-06-15,RISE,RISE::RISE_S012,0.7878351171051403,0.5511548618398945
normal_qq,RISE::RISE_S005::2025-04-06,RISE,RISE::RISE_S005,0.7931632133484806,0.5530875251790165
normal_qq,TUM::TUM_S007::2024-07-04,TUM,TUM::TUM_S007,0.798513922149377,0.5609187510938335
normal_qq,IZTECH::IZTECH_S010::2025-04-19,IZTECH,IZTECH::IZTECH_S010,0.8038875907700759,0.5616194442448547
normal_qq,IZTECH::IZTECH_S012::2025-04-24,IZTECH,IZTECH::IZTECH_S012,0.8092845736204781,0.5654042459132769
normal_qq,KNUST::KNUST_S014::2025-01-26,KNUST,KNUST::KNUST_S014,0.8147052324661924,0.5688688642339453
normal_qq,FUSPCEU::FUSPCEU_S019::2024-12-12,FUSPCEU,FUSPCEU::FUSPCEU_S019,0.8201499366441926,0.5705576040090087
normal_qq,BAUA::BAUA_S025::2025-10-14,BAUA,BAUA::BAUA_S025,0.8256190632864258,0.570937979049712
normal_qq,IZTECH::IZTECH_S004::2025-01-24,IZTECH,IZTECH::IZTECH_S004,0.8311129975517231,0.5717531398434363
normal_qq,FUSPCEU::FUSPCEU_S025::2025-02-09,FUSPCEU,FUSPCEU::FUSPCEU_S025,0.8366321328663867,0.57461180361446
normal_qq,IZTECH::IZTECH_S013::2025-04-24,IZTECH,IZTECH::IZTECH_S013,0.8421768711738592,0.5832314737604628
normal_qq,BAUA::BAUA_S018::2025-09-09,BAUA,BAUA::BAUA_S018,0.8477476231938753,0.5865272236958086
normal_qq,FUSPCEU::FUSPCEU_S022::2025-02-01,FUSPCEU,FUSPCEU::FUSPCEU_S022,0.8533448086915522,0.5877352768295514
normal_qq,IZTECH::IZTECH_S013::2025-04-23,IZTECH,IZTECH::IZTECH_S013,0.8589688567568707,0.5906916231557959
normal_qq,KNUST::KNUST_S013::2025-01-17,KNUST,KNUST::KNUST_S013,0.8646202060950421,0.5920733903030636
normal_qq,IZTECH::IZTECH_S005::2025-01-26,IZTECH,IZTECH::IZTECH_S005,0.8702993053282727,0.5944557849272953
normal_qq,THUAS::THUAS_S006::2025-04-01,THUAS,THUAS::THUAS_S006,0.8760066133094754,0.6060707466511986
normal_qq,TUM::TUM_S009::2024-07-16,TUM,TUM::TUM_S009,0.8817425994485024,0.6067124716710591
normal_qq,FUSPCEU::FUSPCEU_S009::2024-11-09,FUSPCEU,FUSPCEU::FUSPCEU_S009,0.8875077440515026,0.6096629439493096
normal_qq,KNUST::KNUST_S001::2024-10-13,KNUST,KNUST::KNUST_S001,0.8933025386740558,0.6166217127026171
normal_qq,BAUA::BAUA_S013::2025-07-20,BAUA,BAUA::BAUA_S013,0.8991274864887585,0.6249527223913869
normal_qq,THUAS::THUAS_S010::2025-06-08,THUAS,THUAS::THUAS_S010,0.904983102667982,0.6292262933566148
normal_qq,IZTECH::IZTECH_S004::2025-01-25,IZTECH,IZTECH::IZTECH_S004,0.9108699147825657,0.6421203330746861
normal_qq,RISE::RISE_S001::2025-03-07,RISE,RISE::RISE_S001,0.9167884632172579,0.6439403389360263
normal_qq,FUSPCEU::FUSPCEU_S018::2024-12-14,FUSPCEU,FUSPCEU::FUSPCEU_S018,0.9227393016037513,0.6449644651529656
normal_qq,FUSPCEU::FUSPCEU_S017::2024-12-04,FUSPCEU,FUSPCEU::FUSPCEU_S017,0.9287229972722292,0.6472827654167681
normal_qq,TUM::TUM_S004::2024-06-13,TUM,TUM::TUM_S004,0.934740131722382,0.649637172993343
normal_qq,BAUA::BAUA_S016::2025-07-27,BAUA,BAUA::BAUA_S016,0.9407913011149156,0.6648396513032744
normal_qq,THUAS::THUAS_S007::2025-04-13,THUAS,THUAS::THUAS_S007,0.9468771167846411,0.6677188524257643
normal_qq,THUAS::THUAS_S001::2025-02-24,THUAS,THUAS::THUAS_S001,0.9529982057762939,0.6808666676736148
normal_qq,IZTECH::IZTECH_S007::2025-03-01,IZTECH,IZTECH::IZTECH_S007,0.9591552114043165,0.6845391413205797
normal_qq,RISE::RISE_S008::2025-05-02,RISE,RISE::RISE_S008,0.9653487938378988,0.6861155870005736
normal_qq,FUSPCEU::FUSPCEU_S013::2024-11-24,FUSPCEU,FUSPCEU::FUSPCEU_S013,0.971579630712677,0.688722536731779
normal_qq,KNUST::KNUST_S004::2024-11-02,KNUST,KNUST::KNUST_S004,0.9778484177705586,0.6909248061669775
normal_qq,RISE::RISE_S005::2025-04-05,RISE,RISE::RISE_S005,0.9841558695292575,0.6913790678656776
normal_qq,TUM::TUM_S002::2024-05-31,TUM,TUM::TUM_S002,0.9905027199832136,0.6943322853154726
normal_qq,UCR::UCR_S002::2025-06-22,UCR,UCR::UCR_S002,0.9968897233376965,0.7068701526147168
normal_qq,THUAS::THUAS_S015::2025-07-11,THUAS,THUAS::THUAS_S015,1.0033176547779925,0.7081232142862504
normal_qq,BAUA::BAUA_S009::2025-06-28,BAUA,BAUA::BAUA_S009,1.0097873112757365,0.7158216168210821
normal_qq,IZTECH::IZTECH_S005::2025-01-25,IZTECH,IZTECH::IZTECH_S005,1.0162995124345602,0.7272173249961815
normal_qq,BAUA::BAUA_S025::2025-10-16,BAUA,BAUA::BAUA_S025,1.022855101377395,0.7284159339727113
normal_qq,THUAS::THUAS_S001::2025-02-25,THUAS,THUAS::THUAS_S001,1.029454945677937,0.7321096183521404
normal_qq,RISE::RISE_S016::2025-10-09,RISE,RISE::RISE_S016,1.0360999383389407,0.7408275257774407
normal_qq,THUAS::THUAS_S015::2025-07-09,THUAS,THUAS::THUAS_S015,1.0427909988202222,0.7606078125901489
normal_qq,RISE::RISE_S013::2025-06-27,RISE,RISE::RISE_S013,1.0495290741194412,0.7619511714630566
normal_qq,FUSPCEU::FUSPCEU_S005::2024-10-20,FUSPCEU,FUSPCEU::FUSPCEU_S005,1.0563151399089707,0.7710016508196513
normal_qq,BAUA::BAUA_S012::2025-07-20,BAUA,BAUA::BAUA_S012,1.0631502017323962,0.776294451890322
normal_qq,BAUA::BAUA_S013::2025-07-19,BAUA,BAUA::BAUA_S013,1.0700352962644664,0.776453778959128
normal_qq,RISE::RISE_S008::2025-05-01,RISE,RISE::RISE_S008,1.0769714926385898,0.7790101174666675
normal_qq,IZTECH::IZTECH_S015::2025-05-02,IZTECH,IZTECH::IZTECH_S015,1.083959893846294,0.7822094995302321
normal_qq,BAUA::BAUA_S015::2025-07-24,BAUA,BAUA::BAUA_S015,1.091001638213408,0.7823138429762717
normal_qq,FUSPCEU::FUSPCEU_S007::2024-10-27,FUSPCEU,FUSPCEU::FUSPCEU_S007,1.0980979009580938,0.7838606469244752
normal_qq,IZTECH::IZTECH_S003::2025-01-12,IZTECH,IZTECH::IZTECH_S003,1.1052498958362673,0.784585367657461
normal_qq,IZTECH::IZTECH_S007::2025-02-28,IZTECH,IZTECH::IZTECH_S007,1.1124588768803763,0.7936146578527956
normal_qq,FUSPCEU::FUSPCEU_S008::2024-10-24,FUSPCEU,FUSPCEU::FUSPCEU_S008,1.1197261402380188,0.8050161666720392
normal_qq,KNUST::KNUST_S002::2024-10-19,KNUST,KNUST::KNUST_S002,1.1270530261173695,0.8080478343181954
normal_qq,BAUA::BAUA_S022::2025-09-27,BAUA,BAUA::BAUA_S022,1.13444092084701,0.8093194847210619
normal_qq,IZTECH::IZTECH_S015::2025-04-29,IZTECH,IZTECH::IZTECH_S015,1.1418912590583563,0.8276901902770768
normal_qq,FUSPCEU::FUSPCEU_S005::2024-10-17,FUSPCEU,FUSPCEU::FUSPCEU_S005,1.1494055259996006,0.8278932774172123
normal_qq,RISE::RISE_S010::2025-06-12,RISE,RISE::RISE_S010,1.1569852599908346,0.8394376789626927
normal_qq,TUM::TUM_S005::2024-06-21,TUM,TUM::TUM_S005,1.1646320550308786,0.8396069515255139
normal_qq,FUSPCEU::FUSPCEU_S008::2024-10-22,FUSPCEU,FUSPCEU::FUSPCEU_S008,1.1723475635672558,0.8464926351868056
normal_qq,UCR::UCR_S005::2025-06-26,UCR,UCR::UCR_S005,1.1801334994417867,0.8473602943262069
normal_qq,FUSPCEU::FUSPCEU_S016::2024-12-01,FUSPCEU,FUSPCEU::FUSPCEU_S016,1.1879916410253992,0.8618586915485226
normal_qq,IZTECH::IZTECH_S008::2025-03-06,IZTECH,IZTECH::IZTECH_S008,1.1959238345570116,0.869215988351467
normal_qq,THUAS::THUAS_S015::2025-07-10,THUAS,THUAS::THUAS_S015,1.2039319977027079,0.8924732494240422
normal_qq,THUAS::THUAS_S015::2025-07-08,THUAS,THUAS::THUAS_S015,1.2120181233529816,0.9107827829833547
normal_qq,RISE::RISE_S007::2025-04-16,RISE,RISE::RISE_S007,1.2201842836775019,0.9133030602498468
normal_qq,IZTECH::IZTECH_S009::2025-03-20,IZTECH,IZTECH::IZTECH_S009,1.2284326344587533,0.935599147677158
normal_qq,UCR::UCR_S005::2025-06-25,UCR,UCR::UCR_S005,1.23676541972801,0.937783886406237
normal_qq,FUSPCEU::FUSPCEU_S012::2024-12-07,FUSPCEU,FUSPCEU::FUSPCEU_S012,1.2451849767294239,0.9451111136845118
normal_qq,THUAS::THUAS_S016::2025-07-12,THUAS,THUAS::THUAS_S016,1.2536937412406468,0.9789080432632387
normal_qq,KNUST::KNUST_S003::2024-10-26,KNUST,KNUST::KNUST_S003,1.2622942532813115,0.9863595099795951
normal_qq,KNUST::KNUST_S011::2024-12-21,KNUST,KNUST::KNUST_S011,1.270989163243961,0.9931651744646427
normal_qq,BAUA::BAUA_S002::2025-06-14,BAUA,BAUA::BAUA_S002,1.2797812384857077,1.0059523430426067
normal_qq,KNUST::KNUST_S013::2025-01-14,KNUST,KNUST::KNUST_S013,1.2886733704229933,1.0090869810534913
normal_qq,TUM::TUM_S007::2024-07-07,TUM,TUM::TUM_S007,1.297668582176481,1.0167125778869235
normal_qq,FUSPCEU::FUSPCEU_S024::2025-02-08,FUSPCEU,FUSPCEU::FUSPCEU_S024,1.306770036818322,1.019829683027297
normal_qq,FUSPCEU::FUSPCEU_S008::2024-10-27,FUSPCEU,FUSPCEU::FUSPCEU_S008,1.3159810462799435,1.03084754390226
normal_qq,KNUST::KNUST_S002::2024-10-16,KNUST,KNUST::KNUST_S002,1.325305080985199,1.0352046447560264
normal_qq,FUSPCEU::FUSPCEU_S017::2024-12-08,FUSPCEU,FUSPCEU::FUSPCEU_S017,1.3347457802812588,1.036806507123323
normal_qq,FUSPCEU::FUSPCEU_S023::2025-02-02,FUSPCEU,FUSPCEU::FUSPCEU_S023,1.3443069637482616,1.0607715402937459
normal_qq,THUAS::THUAS_S017::2025-09-13,THUAS,THUAS::THUAS_S017,1.3539926434785146,1.0662358480018173
normal_qq,FUSPCEU::FUSPCEU_S004::2024-10-13,FUSPCEU,FUSPCEU::FUSPCEU_S004,1.3638070374272113,1.0684848388673065
normal_qq,IZTECH::IZTECH_S003::2025-01-11,IZTECH,IZTECH::IZTECH_S003,1.3737545839494127,1.0762675581362215
normal_qq,BAUA::BAUA_S003::2025-06-14,BAUA,BAUA::BAUA_S003,1.383839957652698,1.0828063957890939
normal_qq,FUSPCEU::FUSPCEU_S020::2025-01-26,FUSPCEU,FUSPCEU::FUSPCEU_S020,1.394068086711684,1.1102013145862026
normal_qq,TUM::TUM_S001::2024-05-17,TUM,TUM::TUM_S001,1.4044441718100327,1.1431269883007986
normal_qq,FUSPCEU::FUSPCEU_S010::2024-11-04,FUSPCEU,FUSPCEU::FUSPCEU_S010,1.4149737068979271,1.1528453857817098
normal_qq,FUSPCEU::FUSPCEU_S012::2024-12-08,FUSPCEU,FUSPCEU::FUSPCEU_S012,1.4256625019789144,1.1696125333970955
normal_qq,KNUST::KNUST_S009::2024-12-06,KNUST,KNUST::KNUST_S009,1.4365167081701096,1.1792446854474825
normal_qq,TUM::TUM_S007::2024-07-05,TUM,TUM::TUM_S007,1.447542845314803,1.179558032648816
normal_qq,BAUA::BAUA_S004::2025-06-15,BAUA,BAUA::BAUA_S004,1.4587478324674303,1.1900622971958776
normal_qq,FUSPCEU::FUSPCEU_S004::2024-10-12,FUSPCEU,FUSPCEU::FUSPCEU_S004,1.4701390216188235,1.19668271851812
normal_qq,FUSPCEU::FUSPCEU_S019::2024-12-14,FUSPCEU,FUSPCEU::FUSPCEU_S019,1.4817242350860396,1.2011741138967489
normal_qq,FUSPCEU::FUSPCEU_S016::2024-11-29,FUSPCEU,FUSPCEU::FUSPCEU_S016,1.4935118070575395,1.2042736586970708
normal_qq,TUM::TUM_S003::2024-06-09,TUM,TUM::TUM_S003,1.5055106298631862,1.2070928693466783
normal_qq,IZTECH::IZTECH_S013::2025-04-26,IZTECH,IZTECH::IZTECH_S013,1.5177302056320354,1.2116591035205035
normal_qq,BAUA::BAUA_S025::2025-10-19,BAUA,BAUA::BAUA_S025,1.5301807041123776,1.2188118119604372
normal_qq,IZTECH::IZTECH_S003::2025-01-09,IZTECH,IZTECH::IZTECH_S003,1.542873027562015,1.2196259205611875
normal_qq,UCR::UCR_S006::2025-06-29,UCR,UCR::UCR_S006,1.5558188837773224,1.226842591147827
normal_qq,TUM::TUM_S010::2024-07-28,TUM,TUM::TUM_S010,1.569030868523545,1.234800065673266
normal_qq,UCR::UCR_S005::2025-06-24,UCR,UCR::UCR_S005,1.5825225588641392,1.2652309281497418
normal_qq,KNUST::KNUST_S001::2024-10-12,KNUST,KNUST::KNUST_S001,1.596308619173891,1.2831022881026968
normal_qq,IZTECH::IZTECH_S013::2025-04-27,IZTECH,IZTECH::IZTECH_S013,1.6104049219723184,1.294435575970625
normal_qq,UCR::UCR_S003::2025-06-22,UCR,UCR::UCR_S003,1.6248286861472514,1.3461175847543907
normal_qq,UCR::UCR_S003::2025-06-18,UCR,UCR::UCR_S003,1.639598635675753,1.3573723006229854
normal_qq,RISE::RISE_S002::2025-03-22,RISE,RISE::RISE_S002,1.6547351826193548,1.362133905334255
normal_qq,KNUST::KNUST_S011::2024-12-22,KNUST,KNUST::KNUST_S011,1.6702606390111554,1.3656727251797263
normal_qq,FUSPCEU::FUSPCEU_S017::2024-12-07,FUSPCEU,FUSPCEU::FUSPCEU_S017,1.6861994633142858,1.3879897764427016
normal_qq,FUSPCEU::FUSPCEU_S018::2024-12-10,FUSPCEU,FUSPCEU::FUSPCEU_S018,1.7025785484825577,1.3933561329153135
normal_qq,TUM::TUM_S005::2024-06-22,TUM,TUM::TUM_S005,1.7194275603867728,1.4038236467625957
normal_qq,FUSPCEU::FUSPCEU_S011::2024-11-16,FUSPCEU,FUSPCEU::FUSPCEU_S011,1.7367793376100142,1.4178928895964118
normal_qq,UCR::UCR_S003::2025-06-17,UCR,UCR::UCR_S003,1.7546703665359265,1.4363209460018298
normal_qq,RISE::RISE_S003::2025-03-23,RISE,RISE::RISE_S003,1.773141349498047,1.4934724045474534
normal_qq,THUAS::THUAS_S002::2025-03-08,THUAS,THUAS::THUAS_S002,1.7922378888684212,1.6135333420645215
normal_qq,FUSPCEU::FUSPCEU_S011::2024-11-17,FUSPCEU,FUSPCEU::FUSPCEU_S011,1.812011316830329,1.6182609659692149
normal_qq,FUSPCEU::FUSPCEU_S024::2025-02-09,FUSPCEU,FUSPCEU::FUSPCEU_S024,1.832519709914082,1.6668184179657113
normal_qq,KNUST::KNUST_S008::2024-11-30,KNUST,KNUST::KNUST_S008,1.8538291402236537,1.7002442428002167
normal_qq,TUM::TUM_S002::2024-06-01,TUM,TUM::TUM_S002,1.8760152332109081,1.7019531383501205
normal_qq,FUSPCEU::FUSPCEU_S018::2024-12-12,FUSPCEU,FUSPCEU::FUSPCEU_S018,1.899165127246506,1.7075382171239386
normal_qq,RISE::RISE_S003::2025-03-22,RISE,RISE::RISE_S003,1.923379966787608,1.7336257212099333
normal_qq,TUM::TUM_S005::2024-06-23,TUM,TUM::TUM_S005,1.9487781145040997,1.7534068946529375
normal_qq,IZTECH::IZTECH_S015::2025-05-01,IZTECH,IZTECH::IZTECH_S015,1.9754993477769502,1.8057884834486222
normal_qq,BAUA::BAUA_S006::2025-06-15,BAUA,BAUA::BAUA_S006,2.0037104272758226,1.8246119017537425
normal_qq,TUM::TUM_S002::2024-05-28,TUM,TUM::TUM_S002,2.033612616777197,1.914993669203486
normal_qq,BAUA::BAUA_S005::2025-06-15,BAUA,BAUA::BAUA_S005,2.0654520414806528,1.9450506946621022
normal_qq,KNUST::KNUST_S009::2024-12-07,KNUST,KNUST::KNUST_S009,2.0995342836120856,2.0144311984917507
normal_qq,FUSPCEU::FUSPCEU_S018::2024-12-13,FUSPCEU,FUSPCEU::FUSPCEU_S018,2.136245494298372,2.056663363164663
normal_qq,FUSPCEU::FUSPCEU_S020::2025-01-24,FUSPCEU,FUSPCEU::FUSPCEU_S020,2.176083879173618,2.131617457700216
normal_qq,TUM::TUM_S007::2024-07-03,TUM,TUM::TUM_S007,2.2197083862906286,2.2222987519260515
normal_qq,TUM::TUM_S007::2024-07-06,TUM,TUM::TUM_S007,2.2680173486327706,2.3285893151312
normal_qq,FUSPCEU::FUSPCEU_S009::2024-11-04,FUSPCEU,FUSPCEU::FUSPCEU_S009,2.3222824967228943,2.635489648669059
normal_qq,IZTECH::IZTECH_S011::2025-04-20,IZTECH,IZTECH::IZTECH_S011,2.384393271510728,2.7140728742214977
normal_qq,BAUA::BAUA_S006::2025-06-16,BAUA,BAUA::BAUA_S006,2.457343205794402,2.807691034502547
normal_qq,THUAS::THUAS_S002::2025-03-06,THUAS,THUAS::THUAS_S002,2.5463220634393076,5.461330857618898
normal_qq,THUAS::THUAS_S007::2025-04-11,THUAS,THUAS::THUAS_S007,2.6616421571120727,6.004817195786816
normal_qq,THUAS::THUAS_S010::2025-06-06,THUAS,THUAS::THUAS_S010,2.8292564335980694,6.369344176703964
normal_qq,KNUST::KNUST_S008::2024-12-01,KNUST,KNUST::KNUST_S008,3.1641792205260657,6.666766329153128
