"table_index","table_endpoint","attribute","attribute_index","pre_value_start_byte","pre_value_end_byte","pre_value","post_value","intended_pre_ids","intended_post_ids","post_value_start_byte","post_value_end_byte","pre_value_bytes","post_value_bytes"
1,"tbl-h11-prep-frame-integrity","id",1,47138,47145,"Analysis","tbl-h11-prep-frame-integrity--gt-0001","","",47138,47174,8,37
1,"tbl-h11-prep-frame-integrity","id",2,47271,47283,"File-identity","tbl-h11-prep-frame-integrity--gt-0002","","",47300,47336,13,37
1,"tbl-h11-prep-frame-integrity","id",3,47414,47428,"Schema-complete","tbl-h11-prep-frame-integrity--gt-0003","","",47467,47503,15,37
1,"tbl-h11-prep-frame-integrity","id",4,47561,47574,"Duplicate-keys","tbl-h11-prep-frame-integrity--gt-0004","","",47636,47672,14,37
1,"tbl-h11-prep-frame-integrity","id",5,47707,47718,"a48-bin-grid","tbl-h11-prep-frame-integrity--gt-0005","","",47805,47841,12,37
1,"tbl-h11-prep-frame-integrity","id",6,47847,47860,"Response-error","tbl-h11-prep-frame-integrity--gt-0006","","",47970,48006,14,37
1,"tbl-h11-prep-frame-integrity","id",7,47993,48005,"AR-boundaries","tbl-h11-prep-frame-integrity--gt-0007","","",48139,48175,13,37
1,"tbl-h11-prep-frame-integrity","id",8,48136,48142,"Overall","tbl-h11-prep-frame-integrity--gt-0008","","",48306,48342,7,37
1,"tbl-h11-prep-frame-integrity","headers",1,48356,48363,"Analysis","tbl-h11-prep-frame-integrity--gt-0001","Analysis","tbl-h11-prep-frame-integrity--gt-0001",48556,48592,8,37
1,"tbl-h11-prep-frame-integrity","headers",2,48424,48436,"File identity","tbl-h11-prep-frame-integrity--gt-0002","File-identity","tbl-h11-prep-frame-integrity--gt-0002",48653,48689,13,37
1,"tbl-h11-prep-frame-integrity","headers",3,48485,48499,"Schema complete","tbl-h11-prep-frame-integrity--gt-0003","Schema-complete","tbl-h11-prep-frame-integrity--gt-0003",48738,48774,15,37
1,"tbl-h11-prep-frame-integrity","headers",4,48549,48562,"Duplicate keys","tbl-h11-prep-frame-integrity--gt-0004","Duplicate-keys","tbl-h11-prep-frame-integrity--gt-0004",48824,48860,14,37
1,"tbl-h11-prep-frame-integrity","headers",5,48608,48618,"48-bin grid","tbl-h11-prep-frame-integrity--gt-0005","a48-bin-grid","tbl-h11-prep-frame-integrity--gt-0005",48906,48942,11,37
1,"tbl-h11-prep-frame-integrity","headers",6,48668,48681,"Response error","tbl-h11-prep-frame-integrity--gt-0006","Response-error","tbl-h11-prep-frame-integrity--gt-0006",48992,49028,14,37
1,"tbl-h11-prep-frame-integrity","headers",7,48731,48743,"AR boundaries","tbl-h11-prep-frame-integrity--gt-0007","AR-boundaries","tbl-h11-prep-frame-integrity--gt-0007",49078,49114,13,37
1,"tbl-h11-prep-frame-integrity","headers",8,48792,48798,"Overall","tbl-h11-prep-frame-integrity--gt-0008","Overall","tbl-h11-prep-frame-integrity--gt-0008",49163,49199,7,37
1,"tbl-h11-prep-frame-integrity","headers",9,48882,48889,"Analysis","tbl-h11-prep-frame-integrity--gt-0001","Analysis","tbl-h11-prep-frame-integrity--gt-0001",49283,49319,8,37
1,"tbl-h11-prep-frame-integrity","headers",10,48964,48976,"File identity","tbl-h11-prep-frame-integrity--gt-0002","File-identity","tbl-h11-prep-frame-integrity--gt-0002",49394,49430,13,37
1,"tbl-h11-prep-frame-integrity","headers",11,49036,49050,"Schema complete","tbl-h11-prep-frame-integrity--gt-0003","Schema-complete","tbl-h11-prep-frame-integrity--gt-0003",49490,49526,15,37
1,"tbl-h11-prep-frame-integrity","headers",12,49111,49124,"Duplicate keys","tbl-h11-prep-frame-integrity--gt-0004","Duplicate-keys","tbl-h11-prep-frame-integrity--gt-0004",49587,49623,14,37
1,"tbl-h11-prep-frame-integrity","headers",13,49181,49191,"48-bin grid","tbl-h11-prep-frame-integrity--gt-0005","a48-bin-grid","tbl-h11-prep-frame-integrity--gt-0005",49680,49716,11,37
1,"tbl-h11-prep-frame-integrity","headers",14,49252,49265,"Response error","tbl-h11-prep-frame-integrity--gt-0006","Response-error","tbl-h11-prep-frame-integrity--gt-0006",49777,49813,14,37
1,"tbl-h11-prep-frame-integrity","headers",15,49326,49338,"AR boundaries","tbl-h11-prep-frame-integrity--gt-0007","AR-boundaries","tbl-h11-prep-frame-integrity--gt-0007",49874,49910,13,37
1,"tbl-h11-prep-frame-integrity","headers",16,49398,49404,"Overall","tbl-h11-prep-frame-integrity--gt-0008","Overall","tbl-h11-prep-frame-integrity--gt-0008",49970,50006,7,37
1,"tbl-h11-prep-frame-integrity","headers",17,49476,49483,"Analysis","tbl-h11-prep-frame-integrity--gt-0001","Analysis","tbl-h11-prep-frame-integrity--gt-0001",50078,50114,8,37
1,"tbl-h11-prep-frame-integrity","headers",18,49555,49567,"File identity","tbl-h11-prep-frame-integrity--gt-0002","File-identity","tbl-h11-prep-frame-integrity--gt-0002",50186,50222,13,37
1,"tbl-h11-prep-frame-integrity","headers",19,49616,49630,"Schema complete","tbl-h11-prep-frame-integrity--gt-0003","Schema-complete","tbl-h11-prep-frame-integrity--gt-0003",50271,50307,15,37
1,"tbl-h11-prep-frame-integrity","headers",20,49680,49693,"Duplicate keys","tbl-h11-prep-frame-integrity--gt-0004","Duplicate-keys","tbl-h11-prep-frame-integrity--gt-0004",50357,50393,14,37
1,"tbl-h11-prep-frame-integrity","headers",21,49739,49749,"48-bin grid","tbl-h11-prep-frame-integrity--gt-0005","a48-bin-grid","tbl-h11-prep-frame-integrity--gt-0005",50439,50475,11,37
1,"tbl-h11-prep-frame-integrity","headers",22,49799,49812,"Response error","tbl-h11-prep-frame-integrity--gt-0006","Response-error","tbl-h11-prep-frame-integrity--gt-0006",50525,50561,14,37
1,"tbl-h11-prep-frame-integrity","headers",23,49862,49874,"AR boundaries","tbl-h11-prep-frame-integrity--gt-0007","AR-boundaries","tbl-h11-prep-frame-integrity--gt-0007",50611,50647,13,37
1,"tbl-h11-prep-frame-integrity","headers",24,49923,49929,"Overall","tbl-h11-prep-frame-integrity--gt-0008","Overall","tbl-h11-prep-frame-integrity--gt-0008",50696,50732,7,37
1,"tbl-h11-prep-frame-integrity","headers",25,50013,50020,"Analysis","tbl-h11-prep-frame-integrity--gt-0001","Analysis","tbl-h11-prep-frame-integrity--gt-0001",50816,50852,8,37
1,"tbl-h11-prep-frame-integrity","headers",26,50100,50112,"File identity","tbl-h11-prep-frame-integrity--gt-0002","File-identity","tbl-h11-prep-frame-integrity--gt-0002",50932,50968,13,37
1,"tbl-h11-prep-frame-integrity","headers",27,50172,50186,"Schema complete","tbl-h11-prep-frame-integrity--gt-0003","Schema-complete","tbl-h11-prep-frame-integrity--gt-0003",51028,51064,15,37
1,"tbl-h11-prep-frame-integrity","headers",28,50247,50260,"Duplicate keys","tbl-h11-prep-frame-integrity--gt-0004","Duplicate-keys","tbl-h11-prep-frame-integrity--gt-0004",51125,51161,14,37
1,"tbl-h11-prep-frame-integrity","headers",29,50317,50327,"48-bin grid","tbl-h11-prep-frame-integrity--gt-0005","a48-bin-grid","tbl-h11-prep-frame-integrity--gt-0005",51218,51254,11,37
1,"tbl-h11-prep-frame-integrity","headers",30,50388,50401,"Response error","tbl-h11-prep-frame-integrity--gt-0006","Response-error","tbl-h11-prep-frame-integrity--gt-0006",51315,51351,14,37
1,"tbl-h11-prep-frame-integrity","headers",31,50462,50474,"AR boundaries","tbl-h11-prep-frame-integrity--gt-0007","AR-boundaries","tbl-h11-prep-frame-integrity--gt-0007",51412,51448,13,37
1,"tbl-h11-prep-frame-integrity","headers",32,50534,50540,"Overall","tbl-h11-prep-frame-integrity--gt-0008","Overall","tbl-h11-prep-frame-integrity--gt-0008",51508,51544,7,37
1,"tbl-h11-prep-frame-integrity","headers",33,50612,50619,"Analysis","tbl-h11-prep-frame-integrity--gt-0001","Analysis","tbl-h11-prep-frame-integrity--gt-0001",51616,51652,8,37
1,"tbl-h11-prep-frame-integrity","headers",34,50690,50702,"File identity","tbl-h11-prep-frame-integrity--gt-0002","File-identity","tbl-h11-prep-frame-integrity--gt-0002",51723,51759,13,37
1,"tbl-h11-prep-frame-integrity","headers",35,50751,50765,"Schema complete","tbl-h11-prep-frame-integrity--gt-0003","Schema-complete","tbl-h11-prep-frame-integrity--gt-0003",51808,51844,15,37
1,"tbl-h11-prep-frame-integrity","headers",36,50815,50828,"Duplicate keys","tbl-h11-prep-frame-integrity--gt-0004","Duplicate-keys","tbl-h11-prep-frame-integrity--gt-0004",51894,51930,14,37
1,"tbl-h11-prep-frame-integrity","headers",37,50874,50884,"48-bin grid","tbl-h11-prep-frame-integrity--gt-0005","a48-bin-grid","tbl-h11-prep-frame-integrity--gt-0005",51976,52012,11,37
1,"tbl-h11-prep-frame-integrity","headers",38,50934,50947,"Response error","tbl-h11-prep-frame-integrity--gt-0006","Response-error","tbl-h11-prep-frame-integrity--gt-0006",52062,52098,14,37
1,"tbl-h11-prep-frame-integrity","headers",39,50997,51009,"AR boundaries","tbl-h11-prep-frame-integrity--gt-0007","AR-boundaries","tbl-h11-prep-frame-integrity--gt-0007",52148,52184,13,37
1,"tbl-h11-prep-frame-integrity","headers",40,51058,51064,"Overall","tbl-h11-prep-frame-integrity--gt-0008","Overall","tbl-h11-prep-frame-integrity--gt-0008",52233,52269,7,37
1,"tbl-h11-prep-frame-integrity","headers",41,51148,51155,"Analysis","tbl-h11-prep-frame-integrity--gt-0001","Analysis","tbl-h11-prep-frame-integrity--gt-0001",52353,52389,8,37
1,"tbl-h11-prep-frame-integrity","headers",42,51234,51246,"File identity","tbl-h11-prep-frame-integrity--gt-0002","File-identity","tbl-h11-prep-frame-integrity--gt-0002",52468,52504,13,37
1,"tbl-h11-prep-frame-integrity","headers",43,51306,51320,"Schema complete","tbl-h11-prep-frame-integrity--gt-0003","Schema-complete","tbl-h11-prep-frame-integrity--gt-0003",52564,52600,15,37
1,"tbl-h11-prep-frame-integrity","headers",44,51381,51394,"Duplicate keys","tbl-h11-prep-frame-integrity--gt-0004","Duplicate-keys","tbl-h11-prep-frame-integrity--gt-0004",52661,52697,14,37
1,"tbl-h11-prep-frame-integrity","headers",45,51451,51461,"48-bin grid","tbl-h11-prep-frame-integrity--gt-0005","a48-bin-grid","tbl-h11-prep-frame-integrity--gt-0005",52754,52790,11,37
1,"tbl-h11-prep-frame-integrity","headers",46,51522,51535,"Response error","tbl-h11-prep-frame-integrity--gt-0006","Response-error","tbl-h11-prep-frame-integrity--gt-0006",52851,52887,14,37
1,"tbl-h11-prep-frame-integrity","headers",47,51596,51608,"AR boundaries","tbl-h11-prep-frame-integrity--gt-0007","AR-boundaries","tbl-h11-prep-frame-integrity--gt-0007",52948,52984,13,37
1,"tbl-h11-prep-frame-integrity","headers",48,51668,51674,"Overall","tbl-h11-prep-frame-integrity--gt-0008","Overall","tbl-h11-prep-frame-integrity--gt-0008",53044,53080,7,37
2,"tbl-h11-prep-frame-content","id",1,64747,64754,"Analysis","tbl-h11-prep-frame-content--gt-0001","","",66153,66187,8,35
2,"tbl-h11-prep-frame-content","id",2,64880,64895,"Minimum-bins/day","tbl-h11-prep-frame-content--gt-0002","","",66313,66347,16,35
2,"tbl-h11-prep-frame-content","id",3,65030,65054,"Complete-participant-days","tbl-h11-prep-frame-content--gt-0003","","",66482,66516,25,35
2,"tbl-h11-prep-frame-content","id",4,65198,65218,"Minimum-valid-min/bin","tbl-h11-prep-frame-content--gt-0004","","",66660,66694,21,35
2,"tbl-h11-prep-frame-content","id",5,65358,65378,"Maximum-valid-min/bin","tbl-h11-prep-frame-content--gt-0005","","",66834,66868,21,35
2,"tbl-h11-prep-frame-content","id",6,65518,65533,"Gap-timing-field","tbl-h11-prep-frame-content--gt-0006","","",67008,67042,16,35
2,"tbl-h11-prep-frame-content","id",7,65667,65677,"Exact-zeros","tbl-h11-prep-frame-content--gt-0007","","",67176,67210,11,35
2,"tbl-h11-prep-frame-content","headers",1,65896,65903,"Analysis","tbl-h11-prep-frame-content--gt-0001","Analysis","tbl-h11-prep-frame-content--gt-0001",67429,67463,8,35
2,"tbl-h11-prep-frame-content","headers",2,65965,65980,"Minimum bins/day","tbl-h11-prep-frame-content--gt-0002","Minimum-bins/day","tbl-h11-prep-frame-content--gt-0002",67525,67559,16,35
2,"tbl-h11-prep-frame-content","headers",3,66028,66052,"Complete participant-days","tbl-h11-prep-frame-content--gt-0003","Complete-participant-days","tbl-h11-prep-frame-content--gt-0003",67607,67641,25,35
2,"tbl-h11-prep-frame-content","headers",4,66101,66121,"Minimum valid min/bin","tbl-h11-prep-frame-content--gt-0004","Minimum-valid-min/bin","tbl-h11-prep-frame-content--gt-0004",67690,67724,21,35
2,"tbl-h11-prep-frame-content","headers",5,66169,66189,"Maximum valid min/bin","tbl-h11-prep-frame-content--gt-0005","Maximum-valid-min/bin","tbl-h11-prep-frame-content--gt-0005",67772,67806,21,35
2,"tbl-h11-prep-frame-content","headers",6,66236,66251,"Gap-timing field","tbl-h11-prep-frame-content--gt-0006","Gap-timing-field","tbl-h11-prep-frame-content--gt-0006",67853,67887,16,35
2,"tbl-h11-prep-frame-content","headers",7,66318,66328,"Exact zeros","tbl-h11-prep-frame-content--gt-0007","Exact-zeros","tbl-h11-prep-frame-content--gt-0007",67954,67988,11,35
2,"tbl-h11-prep-frame-content","headers",8,66414,66421,"Analysis","tbl-h11-prep-frame-content--gt-0001","Analysis","tbl-h11-prep-frame-content--gt-0001",68074,68108,8,35
2,"tbl-h11-prep-frame-content","headers",9,66497,66512,"Minimum bins/day","tbl-h11-prep-frame-content--gt-0002","Minimum-bins/day","tbl-h11-prep-frame-content--gt-0002",68184,68218,16,35
2,"tbl-h11-prep-frame-content","headers",10,66571,66595,"Complete participant-days","tbl-h11-prep-frame-content--gt-0003","Complete-participant-days","tbl-h11-prep-frame-content--gt-0003",68277,68311,25,35
2,"tbl-h11-prep-frame-content","headers",11,66655,66675,"Minimum valid min/bin","tbl-h11-prep-frame-content--gt-0004","Minimum-valid-min/bin","tbl-h11-prep-frame-content--gt-0004",68371,68405,21,35
2,"tbl-h11-prep-frame-content","headers",12,66734,66754,"Maximum valid min/bin","tbl-h11-prep-frame-content--gt-0005","Maximum-valid-min/bin","tbl-h11-prep-frame-content--gt-0005",68464,68498,21,35
2,"tbl-h11-prep-frame-content","headers",13,66812,66827,"Gap-timing field","tbl-h11-prep-frame-content--gt-0006","Gap-timing-field","tbl-h11-prep-frame-content--gt-0006",68556,68590,16,35
2,"tbl-h11-prep-frame-content","headers",14,66905,66915,"Exact zeros","tbl-h11-prep-frame-content--gt-0007","Exact-zeros","tbl-h11-prep-frame-content--gt-0007",68668,68702,11,35
2,"tbl-h11-prep-frame-content","headers",15,66989,66996,"Analysis","tbl-h11-prep-frame-content--gt-0001","Analysis","tbl-h11-prep-frame-content--gt-0001",68776,68810,8,35
2,"tbl-h11-prep-frame-content","headers",16,67069,67084,"Minimum bins/day","tbl-h11-prep-frame-content--gt-0002","Minimum-bins/day","tbl-h11-prep-frame-content--gt-0002",68883,68917,16,35
2,"tbl-h11-prep-frame-content","headers",17,67132,67156,"Complete participant-days","tbl-h11-prep-frame-content--gt-0003","Complete-participant-days","tbl-h11-prep-frame-content--gt-0003",68965,68999,25,35
2,"tbl-h11-prep-frame-content","headers",18,67205,67225,"Minimum valid min/bin","tbl-h11-prep-frame-content--gt-0004","Minimum-valid-min/bin","tbl-h11-prep-frame-content--gt-0004",69048,69082,21,35
2,"tbl-h11-prep-frame-content","headers",19,67284,67304,"Maximum valid min/bin","tbl-h11-prep-frame-content--gt-0005","Maximum-valid-min/bin","tbl-h11-prep-frame-content--gt-0005",69141,69175,21,35
2,"tbl-h11-prep-frame-content","headers",20,67362,67377,"Gap-timing field","tbl-h11-prep-frame-content--gt-0006","Gap-timing-field","tbl-h11-prep-frame-content--gt-0006",69233,69267,16,35
2,"tbl-h11-prep-frame-content","headers",21,67445,67455,"Exact zeros","tbl-h11-prep-frame-content--gt-0007","Exact-zeros","tbl-h11-prep-frame-content--gt-0007",69335,69369,11,35
2,"tbl-h11-prep-frame-content","headers",22,67541,67548,"Analysis","tbl-h11-prep-frame-content--gt-0001","Analysis","tbl-h11-prep-frame-content--gt-0001",69455,69489,8,35
2,"tbl-h11-prep-frame-content","headers",23,67629,67644,"Minimum bins/day","tbl-h11-prep-frame-content--gt-0002","Minimum-bins/day","tbl-h11-prep-frame-content--gt-0002",69570,69604,16,35
2,"tbl-h11-prep-frame-content","headers",24,67703,67727,"Complete participant-days","tbl-h11-prep-frame-content--gt-0003","Complete-participant-days","tbl-h11-prep-frame-content--gt-0003",69663,69697,25,35
2,"tbl-h11-prep-frame-content","headers",25,67787,67807,"Minimum valid min/bin","tbl-h11-prep-frame-content--gt-0004","Minimum-valid-min/bin","tbl-h11-prep-frame-content--gt-0004",69757,69791,21,35
2,"tbl-h11-prep-frame-content","headers",26,67877,67897,"Maximum valid min/bin","tbl-h11-prep-frame-content--gt-0005","Maximum-valid-min/bin","tbl-h11-prep-frame-content--gt-0005",69861,69895,21,35
2,"tbl-h11-prep-frame-content","headers",27,67966,67981,"Gap-timing field","tbl-h11-prep-frame-content--gt-0006","Gap-timing-field","tbl-h11-prep-frame-content--gt-0006",69964,69998,16,35
2,"tbl-h11-prep-frame-content","headers",28,68060,68070,"Exact zeros","tbl-h11-prep-frame-content--gt-0007","Exact-zeros","tbl-h11-prep-frame-content--gt-0007",70077,70111,11,35
2,"tbl-h11-prep-frame-content","headers",29,68144,68151,"Analysis","tbl-h11-prep-frame-content--gt-0001","Analysis","tbl-h11-prep-frame-content--gt-0001",70185,70219,8,35
2,"tbl-h11-prep-frame-content","headers",30,68223,68238,"Minimum bins/day","tbl-h11-prep-frame-content--gt-0002","Minimum-bins/day","tbl-h11-prep-frame-content--gt-0002",70291,70325,16,35
2,"tbl-h11-prep-frame-content","headers",31,68285,68309,"Complete participant-days","tbl-h11-prep-frame-content--gt-0003","Complete-participant-days","tbl-h11-prep-frame-content--gt-0003",70372,70406,25,35
2,"tbl-h11-prep-frame-content","headers",32,68358,68378,"Minimum valid min/bin","tbl-h11-prep-frame-content--gt-0004","Minimum-valid-min/bin","tbl-h11-prep-frame-content--gt-0004",70455,70489,21,35
2,"tbl-h11-prep-frame-content","headers",33,68426,68446,"Maximum valid min/bin","tbl-h11-prep-frame-content--gt-0005","Maximum-valid-min/bin","tbl-h11-prep-frame-content--gt-0005",70537,70571,21,35
2,"tbl-h11-prep-frame-content","headers",34,68493,68508,"Gap-timing field","tbl-h11-prep-frame-content--gt-0006","Gap-timing-field","tbl-h11-prep-frame-content--gt-0006",70618,70652,16,35
2,"tbl-h11-prep-frame-content","headers",35,68575,68585,"Exact zeros","tbl-h11-prep-frame-content--gt-0007","Exact-zeros","tbl-h11-prep-frame-content--gt-0007",70719,70753,11,35
2,"tbl-h11-prep-frame-content","headers",36,68671,68678,"Analysis","tbl-h11-prep-frame-content--gt-0001","Analysis","tbl-h11-prep-frame-content--gt-0001",70839,70873,8,35
2,"tbl-h11-prep-frame-content","headers",37,68758,68773,"Minimum bins/day","tbl-h11-prep-frame-content--gt-0002","Minimum-bins/day","tbl-h11-prep-frame-content--gt-0002",70953,70987,16,35
2,"tbl-h11-prep-frame-content","headers",38,68832,68856,"Complete participant-days","tbl-h11-prep-frame-content--gt-0003","Complete-participant-days","tbl-h11-prep-frame-content--gt-0003",71046,71080,25,35
2,"tbl-h11-prep-frame-content","headers",39,68916,68936,"Minimum valid min/bin","tbl-h11-prep-frame-content--gt-0004","Minimum-valid-min/bin","tbl-h11-prep-frame-content--gt-0004",71140,71174,21,35
2,"tbl-h11-prep-frame-content","headers",40,68995,69015,"Maximum valid min/bin","tbl-h11-prep-frame-content--gt-0005","Maximum-valid-min/bin","tbl-h11-prep-frame-content--gt-0005",71233,71267,21,35
2,"tbl-h11-prep-frame-content","headers",41,69073,69088,"Gap-timing field","tbl-h11-prep-frame-content--gt-0006","Gap-timing-field","tbl-h11-prep-frame-content--gt-0006",71325,71359,16,35
2,"tbl-h11-prep-frame-content","headers",42,69166,69176,"Exact zeros","tbl-h11-prep-frame-content--gt-0007","Exact-zeros","tbl-h11-prep-frame-content--gt-0007",71437,71471,11,35
3,"tbl-h11-prep-ar-boundaries-primary","id",1,83473,83487,"Boundary-reason","tbl-h11-prep-ar-boundaries-primary--gt-0001","","",85768,85810,15,43
3,"tbl-h11-prep-ar-boundaries-primary","id",2,83620,83631,"Observations","tbl-h11-prep-ar-boundaries-primary--gt-0002","","",85943,85985,12,43
3,"tbl-h11-prep-ar-boundaries-primary","id",3,83762,83775,"Share-of-frame","tbl-h11-prep-ar-boundaries-primary--gt-0003","","",86116,86158,14,43
3,"tbl-h11-prep-ar-boundaries-primary","id",4,84002,84017,"Primary near eye","tbl-h11-prep-ar-boundaries-primary--gt-0004","","",86385,86427,16,43
3,"tbl-h11-prep-ar-boundaries-primary","headers",1,84196,84228,"Primary near eye  Boundary reason","tbl-h11-prep-ar-boundaries-primary--gt-0004 tbl-h11-prep-ar-boundaries-primary--gt-0001","Primary near eye|Boundary-reason","tbl-h11-prep-ar-boundaries-primary--gt-0004|tbl-h11-prep-ar-boundaries-primary--gt-0001",86606,86692,33,87
3,"tbl-h11-prep-ar-boundaries-primary","headers",2,84311,84340,"Primary near eye  Observations","tbl-h11-prep-ar-boundaries-primary--gt-0004 tbl-h11-prep-ar-boundaries-primary--gt-0002","Primary near eye|Observations","tbl-h11-prep-ar-boundaries-primary--gt-0004|tbl-h11-prep-ar-boundaries-primary--gt-0002",86775,86861,30,87
3,"tbl-h11-prep-ar-boundaries-primary","headers",3,84392,84423,"Primary near eye  Share of frame","tbl-h11-prep-ar-boundaries-primary--gt-0004 tbl-h11-prep-ar-boundaries-primary--gt-0003","Primary near eye|Share-of-frame","tbl-h11-prep-ar-boundaries-primary--gt-0004|tbl-h11-prep-ar-boundaries-primary--gt-0003",86913,86999,32,87
3,"tbl-h11-prep-ar-boundaries-primary","headers",4,84508,84540,"Primary near eye  Boundary reason","tbl-h11-prep-ar-boundaries-primary--gt-0004 tbl-h11-prep-ar-boundaries-primary--gt-0001","Primary near eye|Boundary-reason","tbl-h11-prep-ar-boundaries-primary--gt-0004|tbl-h11-prep-ar-boundaries-primary--gt-0001",87084,87170,33,87
3,"tbl-h11-prep-ar-boundaries-primary","headers",5,84618,84647,"Primary near eye  Observations","tbl-h11-prep-ar-boundaries-primary--gt-0004 tbl-h11-prep-ar-boundaries-primary--gt-0002","Primary near eye|Observations","tbl-h11-prep-ar-boundaries-primary--gt-0004|tbl-h11-prep-ar-boundaries-primary--gt-0002",87248,87334,30,87
3,"tbl-h11-prep-ar-boundaries-primary","headers",6,84707,84738,"Primary near eye  Share of frame","tbl-h11-prep-ar-boundaries-primary--gt-0004 tbl-h11-prep-ar-boundaries-primary--gt-0003","Primary near eye|Share-of-frame","tbl-h11-prep-ar-boundaries-primary--gt-0004|tbl-h11-prep-ar-boundaries-primary--gt-0003",87394,87480,32,87
3,"tbl-h11-prep-ar-boundaries-primary","headers",7,84812,84844,"Primary near eye  Boundary reason","tbl-h11-prep-ar-boundaries-primary--gt-0004 tbl-h11-prep-ar-boundaries-primary--gt-0001","Primary near eye|Boundary-reason","tbl-h11-prep-ar-boundaries-primary--gt-0004|tbl-h11-prep-ar-boundaries-primary--gt-0001",87554,87640,33,87
3,"tbl-h11-prep-ar-boundaries-primary","headers",8,84916,84945,"Primary near eye  Observations","tbl-h11-prep-ar-boundaries-primary--gt-0004 tbl-h11-prep-ar-boundaries-primary--gt-0002","Primary near eye|Observations","tbl-h11-prep-ar-boundaries-primary--gt-0004|tbl-h11-prep-ar-boundaries-primary--gt-0002",87712,87798,30,87
3,"tbl-h11-prep-ar-boundaries-primary","headers",9,84994,85025,"Primary near eye  Share of frame","tbl-h11-prep-ar-boundaries-primary--gt-0004 tbl-h11-prep-ar-boundaries-primary--gt-0003","Primary near eye|Share-of-frame","tbl-h11-prep-ar-boundaries-primary--gt-0004|tbl-h11-prep-ar-boundaries-primary--gt-0003",87847,87933,32,87
3,"tbl-h11-prep-ar-boundaries-primary","headers",10,85109,85141,"Primary near eye  Boundary reason","tbl-h11-prep-ar-boundaries-primary--gt-0004 tbl-h11-prep-ar-boundaries-primary--gt-0001","Primary near eye|Boundary-reason","tbl-h11-prep-ar-boundaries-primary--gt-0004|tbl-h11-prep-ar-boundaries-primary--gt-0001",88017,88103,33,87
3,"tbl-h11-prep-ar-boundaries-primary","headers",11,85231,85260,"Primary near eye  Observations","tbl-h11-prep-ar-boundaries-primary--gt-0004 tbl-h11-prep-ar-boundaries-primary--gt-0002","Primary near eye|Observations","tbl-h11-prep-ar-boundaries-primary--gt-0004|tbl-h11-prep-ar-boundaries-primary--gt-0002",88193,88279,30,87
3,"tbl-h11-prep-ar-boundaries-primary","headers",12,85318,85349,"Primary near eye  Share of frame","tbl-h11-prep-ar-boundaries-primary--gt-0004 tbl-h11-prep-ar-boundaries-primary--gt-0003","Primary near eye|Share-of-frame","tbl-h11-prep-ar-boundaries-primary--gt-0004|tbl-h11-prep-ar-boundaries-primary--gt-0003",88337,88423,32,87
3,"tbl-h11-prep-ar-boundaries-primary","headers",13,85423,85455,"Primary near eye  Boundary reason","tbl-h11-prep-ar-boundaries-primary--gt-0004 tbl-h11-prep-ar-boundaries-primary--gt-0001","Primary near eye|Boundary-reason","tbl-h11-prep-ar-boundaries-primary--gt-0004|tbl-h11-prep-ar-boundaries-primary--gt-0001",88497,88583,33,87
3,"tbl-h11-prep-ar-boundaries-primary","headers",14,85560,85589,"Primary near eye  Observations","tbl-h11-prep-ar-boundaries-primary--gt-0004 tbl-h11-prep-ar-boundaries-primary--gt-0002","Primary near eye|Observations","tbl-h11-prep-ar-boundaries-primary--gt-0004|tbl-h11-prep-ar-boundaries-primary--gt-0002",88688,88774,30,87
3,"tbl-h11-prep-ar-boundaries-primary","headers",15,85636,85667,"Primary near eye  Share of frame","tbl-h11-prep-ar-boundaries-primary--gt-0004 tbl-h11-prep-ar-boundaries-primary--gt-0003","Primary near eye|Share-of-frame","tbl-h11-prep-ar-boundaries-primary--gt-0004|tbl-h11-prep-ar-boundaries-primary--gt-0003",88821,88907,32,87
3,"tbl-h11-prep-ar-boundaries-primary","id",5,85745,85763,"Complementary chest","tbl-h11-prep-ar-boundaries-primary--gt-0005","","",88985,89027,19,43
3,"tbl-h11-prep-ar-boundaries-primary","headers",16,85956,85991,"Complementary chest  Boundary reason","tbl-h11-prep-ar-boundaries-primary--gt-0005 tbl-h11-prep-ar-boundaries-primary--gt-0001","Complementary chest|Boundary-reason","tbl-h11-prep-ar-boundaries-primary--gt-0005|tbl-h11-prep-ar-boundaries-primary--gt-0001",89220,89306,36,87
3,"tbl-h11-prep-ar-boundaries-primary","headers",17,86085,86117,"Complementary chest  Observations","tbl-h11-prep-ar-boundaries-primary--gt-0005 tbl-h11-prep-ar-boundaries-primary--gt-0002","Complementary chest|Observations","tbl-h11-prep-ar-boundaries-primary--gt-0005|tbl-h11-prep-ar-boundaries-primary--gt-0002",89400,89486,33,87
3,"tbl-h11-prep-ar-boundaries-primary","headers",18,86180,86214,"Complementary chest  Share of frame","tbl-h11-prep-ar-boundaries-primary--gt-0005 tbl-h11-prep-ar-boundaries-primary--gt-0003","Complementary chest|Share-of-frame","tbl-h11-prep-ar-boundaries-primary--gt-0005|tbl-h11-prep-ar-boundaries-primary--gt-0003",89549,89635,35,87
3,"tbl-h11-prep-ar-boundaries-primary","headers",19,86288,86323,"Complementary chest  Boundary reason","tbl-h11-prep-ar-boundaries-primary--gt-0005 tbl-h11-prep-ar-boundaries-primary--gt-0001","Complementary chest|Boundary-reason","tbl-h11-prep-ar-boundaries-primary--gt-0005|tbl-h11-prep-ar-boundaries-primary--gt-0001",89709,89795,36,87
3,"tbl-h11-prep-ar-boundaries-primary","headers",20,86390,86422,"Complementary chest  Observations","tbl-h11-prep-ar-boundaries-primary--gt-0005 tbl-h11-prep-ar-boundaries-primary--gt-0002","Complementary chest|Observations","tbl-h11-prep-ar-boundaries-primary--gt-0005|tbl-h11-prep-ar-boundaries-primary--gt-0002",89862,89948,33,87
3,"tbl-h11-prep-ar-boundaries-primary","headers",21,86471,86505,"Complementary chest  Share of frame","tbl-h11-prep-ar-boundaries-primary--gt-0005 tbl-h11-prep-ar-boundaries-primary--gt-0003","Complementary chest|Share-of-frame","tbl-h11-prep-ar-boundaries-primary--gt-0005|tbl-h11-prep-ar-boundaries-primary--gt-0003",89997,90083,35,87
3,"tbl-h11-prep-ar-boundaries-primary","headers",22,86590,86625,"Complementary chest  Boundary reason","tbl-h11-prep-ar-boundaries-primary--gt-0005 tbl-h11-prep-ar-boundaries-primary--gt-0001","Complementary chest|Boundary-reason","tbl-h11-prep-ar-boundaries-primary--gt-0005|tbl-h11-prep-ar-boundaries-primary--gt-0001",90168,90254,36,87
3,"tbl-h11-prep-ar-boundaries-primary","headers",23,86708,86740,"Complementary chest  Observations","tbl-h11-prep-ar-boundaries-primary--gt-0005 tbl-h11-prep-ar-boundaries-primary--gt-0002","Complementary chest|Observations","tbl-h11-prep-ar-boundaries-primary--gt-0005|tbl-h11-prep-ar-boundaries-primary--gt-0002",90337,90423,33,87
3,"tbl-h11-prep-ar-boundaries-primary","headers",24,86800,86834,"Complementary chest  Share of frame","tbl-h11-prep-ar-boundaries-primary--gt-0005 tbl-h11-prep-ar-boundaries-primary--gt-0003","Complementary chest|Share-of-frame","tbl-h11-prep-ar-boundaries-primary--gt-0005|tbl-h11-prep-ar-boundaries-primary--gt-0003",90483,90569,35,87
3,"tbl-h11-prep-ar-boundaries-primary","headers",25,86907,86942,"Complementary chest  Boundary reason","tbl-h11-prep-ar-boundaries-primary--gt-0005 tbl-h11-prep-ar-boundaries-primary--gt-0001","Complementary chest|Boundary-reason","tbl-h11-prep-ar-boundaries-primary--gt-0005|tbl-h11-prep-ar-boundaries-primary--gt-0001",90642,90728,36,87
3,"tbl-h11-prep-ar-boundaries-primary","headers",26,87021,87053,"Complementary chest  Observations","tbl-h11-prep-ar-boundaries-primary--gt-0005 tbl-h11-prep-ar-boundaries-primary--gt-0002","Complementary chest|Observations","tbl-h11-prep-ar-boundaries-primary--gt-0005|tbl-h11-prep-ar-boundaries-primary--gt-0002",90807,90893,33,87
3,"tbl-h11-prep-ar-boundaries-primary","headers",27,87100,87134,"Complementary chest  Share of frame","tbl-h11-prep-ar-boundaries-primary--gt-0005 tbl-h11-prep-ar-boundaries-primary--gt-0003","Complementary chest|Share-of-frame","tbl-h11-prep-ar-boundaries-primary--gt-0005|tbl-h11-prep-ar-boundaries-primary--gt-0003",90940,91026,35,87
3,"tbl-h11-prep-ar-boundaries-primary","headers",28,87219,87254,"Complementary chest  Boundary reason","tbl-h11-prep-ar-boundaries-primary--gt-0005 tbl-h11-prep-ar-boundaries-primary--gt-0001","Complementary chest|Boundary-reason","tbl-h11-prep-ar-boundaries-primary--gt-0005|tbl-h11-prep-ar-boundaries-primary--gt-0001",91111,91197,36,87
3,"tbl-h11-prep-ar-boundaries-primary","headers",29,87370,87402,"Complementary chest  Observations","tbl-h11-prep-ar-boundaries-primary--gt-0005 tbl-h11-prep-ar-boundaries-primary--gt-0002","Complementary chest|Observations","tbl-h11-prep-ar-boundaries-primary--gt-0005|tbl-h11-prep-ar-boundaries-primary--gt-0002",91313,91399,33,87
3,"tbl-h11-prep-ar-boundaries-primary","headers",30,87460,87494,"Complementary chest  Share of frame","tbl-h11-prep-ar-boundaries-primary--gt-0005 tbl-h11-prep-ar-boundaries-primary--gt-0003","Complementary chest|Share-of-frame","tbl-h11-prep-ar-boundaries-primary--gt-0005|tbl-h11-prep-ar-boundaries-primary--gt-0003",91457,91543,35,87
4,"tbl-h11-prep-ar-boundaries-sensitivity","id",1,100284,100298,"Boundary-reason","tbl-h11-prep-ar-boundaries-sensitivity--gt-0001","","",104333,104379,15,47
4,"tbl-h11-prep-ar-boundaries-sensitivity","id",2,100431,100442,"Observations","tbl-h11-prep-ar-boundaries-sensitivity--gt-0002","","",104512,104558,12,47
4,"tbl-h11-prep-ar-boundaries-sensitivity","id",3,100573,100586,"Share-of-frame","tbl-h11-prep-ar-boundaries-sensitivity--gt-0003","","",104689,104735,14,47
4,"tbl-h11-prep-ar-boundaries-sensitivity","id",4,100813,100839,"Gap-timing-unaware near eye","tbl-h11-prep-ar-boundaries-sensitivity--gt-0004","","",104962,105008,27,47
4,"tbl-h11-prep-ar-boundaries-sensitivity","headers",1,101029,101072,"Gap-timing-unaware near eye  Boundary reason","tbl-h11-prep-ar-boundaries-sensitivity--gt-0004 tbl-h11-prep-ar-boundaries-sensitivity--gt-0001","Gap-timing-unaware near eye|Boundary-reason","tbl-h11-prep-ar-boundaries-sensitivity--gt-0004|tbl-h11-prep-ar-boundaries-sensitivity--gt-0001",105198,105292,44,95
4,"tbl-h11-prep-ar-boundaries-sensitivity","headers",2,101155,101195,"Gap-timing-unaware near eye  Observations","tbl-h11-prep-ar-boundaries-sensitivity--gt-0004 tbl-h11-prep-ar-boundaries-sensitivity--gt-0002","Gap-timing-unaware near eye|Observations","tbl-h11-prep-ar-boundaries-sensitivity--gt-0004|tbl-h11-prep-ar-boundaries-sensitivity--gt-0002",105375,105469,41,95
4,"tbl-h11-prep-ar-boundaries-sensitivity","headers",3,101247,101289,"Gap-timing-unaware near eye  Share of frame","tbl-h11-prep-ar-boundaries-sensitivity--gt-0004 tbl-h11-prep-ar-boundaries-sensitivity--gt-0003","Gap-timing-unaware near eye|Share-of-frame","tbl-h11-prep-ar-boundaries-sensitivity--gt-0004|tbl-h11-prep-ar-boundaries-sensitivity--gt-0003",105521,105615,43,95
4,"tbl-h11-prep-ar-boundaries-sensitivity","headers",4,101374,101417,"Gap-timing-unaware near eye  Boundary reason","tbl-h11-prep-ar-boundaries-sensitivity--gt-0004 tbl-h11-prep-ar-boundaries-sensitivity--gt-0001","Gap-timing-unaware near eye|Boundary-reason","tbl-h11-prep-ar-boundaries-sensitivity--gt-0004|tbl-h11-prep-ar-boundaries-sensitivity--gt-0001",105700,105794,44,95
4,"tbl-h11-prep-ar-boundaries-sensitivity","headers",5,101495,101535,"Gap-timing-unaware near eye  Observations","tbl-h11-prep-ar-boundaries-sensitivity--gt-0004 tbl-h11-prep-ar-boundaries-sensitivity--gt-0002","Gap-timing-unaware near eye|Observations","tbl-h11-prep-ar-boundaries-sensitivity--gt-0004|tbl-h11-prep-ar-boundaries-sensitivity--gt-0002",105872,105966,41,95
4,"tbl-h11-prep-ar-boundaries-sensitivity","headers",6,101595,101637,"Gap-timing-unaware near eye  Share of frame","tbl-h11-prep-ar-boundaries-sensitivity--gt-0004 tbl-h11-prep-ar-boundaries-sensitivity--gt-0003","Gap-timing-unaware near eye|Share-of-frame","tbl-h11-prep-ar-boundaries-sensitivity--gt-0004|tbl-h11-prep-ar-boundaries-sensitivity--gt-0003",106026,106120,43,95
4,"tbl-h11-prep-ar-boundaries-sensitivity","headers",7,101711,101754,"Gap-timing-unaware near eye  Boundary reason","tbl-h11-prep-ar-boundaries-sensitivity--gt-0004 tbl-h11-prep-ar-boundaries-sensitivity--gt-0001","Gap-timing-unaware near eye|Boundary-reason","tbl-h11-prep-ar-boundaries-sensitivity--gt-0004|tbl-h11-prep-ar-boundaries-sensitivity--gt-0001",106194,106288,44,95
4,"tbl-h11-prep-ar-boundaries-sensitivity","headers",8,101826,101866,"Gap-timing-unaware near eye  Observations","tbl-h11-prep-ar-boundaries-sensitivity--gt-0004 tbl-h11-prep-ar-boundaries-sensitivity--gt-0002","Gap-timing-unaware near eye|Observations","tbl-h11-prep-ar-boundaries-sensitivity--gt-0004|tbl-h11-prep-ar-boundaries-sensitivity--gt-0002",106360,106454,41,95
4,"tbl-h11-prep-ar-boundaries-sensitivity","headers",9,101915,101957,"Gap-timing-unaware near eye  Share of frame","tbl-h11-prep-ar-boundaries-sensitivity--gt-0004 tbl-h11-prep-ar-boundaries-sensitivity--gt-0003","Gap-timing-unaware near eye|Share-of-frame","tbl-h11-prep-ar-boundaries-sensitivity--gt-0004|tbl-h11-prep-ar-boundaries-sensitivity--gt-0003",106503,106597,43,95
4,"tbl-h11-prep-ar-boundaries-sensitivity","headers",10,102041,102084,"Gap-timing-unaware near eye  Boundary reason","tbl-h11-prep-ar-boundaries-sensitivity--gt-0004 tbl-h11-prep-ar-boundaries-sensitivity--gt-0001","Gap-timing-unaware near eye|Boundary-reason","tbl-h11-prep-ar-boundaries-sensitivity--gt-0004|tbl-h11-prep-ar-boundaries-sensitivity--gt-0001",106681,106775,44,95
4,"tbl-h11-prep-ar-boundaries-sensitivity","headers",11,102174,102214,"Gap-timing-unaware near eye  Observations","tbl-h11-prep-ar-boundaries-sensitivity--gt-0004 tbl-h11-prep-ar-boundaries-sensitivity--gt-0002","Gap-timing-unaware near eye|Observations","tbl-h11-prep-ar-boundaries-sensitivity--gt-0004|tbl-h11-prep-ar-boundaries-sensitivity--gt-0002",106865,106959,41,95
4,"tbl-h11-prep-ar-boundaries-sensitivity","headers",12,102272,102314,"Gap-timing-unaware near eye  Share of frame","tbl-h11-prep-ar-boundaries-sensitivity--gt-0004 tbl-h11-prep-ar-boundaries-sensitivity--gt-0003","Gap-timing-unaware near eye|Share-of-frame","tbl-h11-prep-ar-boundaries-sensitivity--gt-0004|tbl-h11-prep-ar-boundaries-sensitivity--gt-0003",107017,107111,43,95
4,"tbl-h11-prep-ar-boundaries-sensitivity","headers",13,102388,102431,"Gap-timing-unaware near eye  Boundary reason","tbl-h11-prep-ar-boundaries-sensitivity--gt-0004 tbl-h11-prep-ar-boundaries-sensitivity--gt-0001","Gap-timing-unaware near eye|Boundary-reason","tbl-h11-prep-ar-boundaries-sensitivity--gt-0004|tbl-h11-prep-ar-boundaries-sensitivity--gt-0001",107185,107279,44,95
4,"tbl-h11-prep-ar-boundaries-sensitivity","headers",14,102536,102576,"Gap-timing-unaware near eye  Observations","tbl-h11-prep-ar-boundaries-sensitivity--gt-0004 tbl-h11-prep-ar-boundaries-sensitivity--gt-0002","Gap-timing-unaware near eye|Observations","tbl-h11-prep-ar-boundaries-sensitivity--gt-0004|tbl-h11-prep-ar-boundaries-sensitivity--gt-0002",107384,107478,41,95
4,"tbl-h11-prep-ar-boundaries-sensitivity","headers",15,102623,102665,"Gap-timing-unaware near eye  Share of frame","tbl-h11-prep-ar-boundaries-sensitivity--gt-0004 tbl-h11-prep-ar-boundaries-sensitivity--gt-0003","Gap-timing-unaware near eye|Share-of-frame","tbl-h11-prep-ar-boundaries-sensitivity--gt-0004|tbl-h11-prep-ar-boundaries-sensitivity--gt-0003",107525,107619,43,95
4,"tbl-h11-prep-ar-boundaries-sensitivity","id",5,102743,102766,"Gap-timing-unaware chest","tbl-h11-prep-ar-boundaries-sensitivity--gt-0005","","",107697,107743,24,47
4,"tbl-h11-prep-ar-boundaries-sensitivity","headers",16,102964,103004,"Gap-timing-unaware chest  Boundary reason","tbl-h11-prep-ar-boundaries-sensitivity--gt-0005 tbl-h11-prep-ar-boundaries-sensitivity--gt-0001","Gap-timing-unaware chest|Boundary-reason","tbl-h11-prep-ar-boundaries-sensitivity--gt-0005|tbl-h11-prep-ar-boundaries-sensitivity--gt-0001",107941,108035,41,95
4,"tbl-h11-prep-ar-boundaries-sensitivity","headers",17,103098,103135,"Gap-timing-unaware chest  Observations","tbl-h11-prep-ar-boundaries-sensitivity--gt-0005 tbl-h11-prep-ar-boundaries-sensitivity--gt-0002","Gap-timing-unaware chest|Observations","tbl-h11-prep-ar-boundaries-sensitivity--gt-0005|tbl-h11-prep-ar-boundaries-sensitivity--gt-0002",108129,108223,38,95
4,"tbl-h11-prep-ar-boundaries-sensitivity","headers",18,103198,103237,"Gap-timing-unaware chest  Share of frame","tbl-h11-prep-ar-boundaries-sensitivity--gt-0005 tbl-h11-prep-ar-boundaries-sensitivity--gt-0003","Gap-timing-unaware chest|Share-of-frame","tbl-h11-prep-ar-boundaries-sensitivity--gt-0005|tbl-h11-prep-ar-boundaries-sensitivity--gt-0003",108286,108380,40,95
4,"tbl-h11-prep-ar-boundaries-sensitivity","headers",19,103311,103351,"Gap-timing-unaware chest  Boundary reason","tbl-h11-prep-ar-boundaries-sensitivity--gt-0005 tbl-h11-prep-ar-boundaries-sensitivity--gt-0001","Gap-timing-unaware chest|Boundary-reason","tbl-h11-prep-ar-boundaries-sensitivity--gt-0005|tbl-h11-prep-ar-boundaries-sensitivity--gt-0001",108454,108548,41,95
4,"tbl-h11-prep-ar-boundaries-sensitivity","headers",20,103418,103455,"Gap-timing-unaware chest  Observations","tbl-h11-prep-ar-boundaries-sensitivity--gt-0005 tbl-h11-prep-ar-boundaries-sensitivity--gt-0002","Gap-timing-unaware chest|Observations","tbl-h11-prep-ar-boundaries-sensitivity--gt-0005|tbl-h11-prep-ar-boundaries-sensitivity--gt-0002",108615,108709,38,95
4,"tbl-h11-prep-ar-boundaries-sensitivity","headers",21,103504,103543,"Gap-timing-unaware chest  Share of frame","tbl-h11-prep-ar-boundaries-sensitivity--gt-0005 tbl-h11-prep-ar-boundaries-sensitivity--gt-0003","Gap-timing-unaware chest|Share-of-frame","tbl-h11-prep-ar-boundaries-sensitivity--gt-0005|tbl-h11-prep-ar-boundaries-sensitivity--gt-0003",108758,108852,40,95
4,"tbl-h11-prep-ar-boundaries-sensitivity","headers",22,103628,103668,"Gap-timing-unaware chest  Boundary reason","tbl-h11-prep-ar-boundaries-sensitivity--gt-0005 tbl-h11-prep-ar-boundaries-sensitivity--gt-0001","Gap-timing-unaware chest|Boundary-reason","tbl-h11-prep-ar-boundaries-sensitivity--gt-0005|tbl-h11-prep-ar-boundaries-sensitivity--gt-0001",108937,109031,41,95
4,"tbl-h11-prep-ar-boundaries-sensitivity","headers",23,103751,103788,"Gap-timing-unaware chest  Observations","tbl-h11-prep-ar-boundaries-sensitivity--gt-0005 tbl-h11-prep-ar-boundaries-sensitivity--gt-0002","Gap-timing-unaware chest|Observations","tbl-h11-prep-ar-boundaries-sensitivity--gt-0005|tbl-h11-prep-ar-boundaries-sensitivity--gt-0002",109114,109208,38,95
4,"tbl-h11-prep-ar-boundaries-sensitivity","headers",24,103848,103887,"Gap-timing-unaware chest  Share of frame","tbl-h11-prep-ar-boundaries-sensitivity--gt-0005 tbl-h11-prep-ar-boundaries-sensitivity--gt-0003","Gap-timing-unaware chest|Share-of-frame","tbl-h11-prep-ar-boundaries-sensitivity--gt-0005|tbl-h11-prep-ar-boundaries-sensitivity--gt-0003",109268,109362,40,95
4,"tbl-h11-prep-ar-boundaries-sensitivity","headers",25,103960,104000,"Gap-timing-unaware chest  Boundary reason","tbl-h11-prep-ar-boundaries-sensitivity--gt-0005 tbl-h11-prep-ar-boundaries-sensitivity--gt-0001","Gap-timing-unaware chest|Boundary-reason","tbl-h11-prep-ar-boundaries-sensitivity--gt-0005|tbl-h11-prep-ar-boundaries-sensitivity--gt-0001",109435,109529,41,95
4,"tbl-h11-prep-ar-boundaries-sensitivity","headers",26,104079,104116,"Gap-timing-unaware chest  Observations","tbl-h11-prep-ar-boundaries-sensitivity--gt-0005 tbl-h11-prep-ar-boundaries-sensitivity--gt-0002","Gap-timing-unaware chest|Observations","tbl-h11-prep-ar-boundaries-sensitivity--gt-0005|tbl-h11-prep-ar-boundaries-sensitivity--gt-0002",109608,109702,38,95
4,"tbl-h11-prep-ar-boundaries-sensitivity","headers",27,104163,104202,"Gap-timing-unaware chest  Share of frame","tbl-h11-prep-ar-boundaries-sensitivity--gt-0005 tbl-h11-prep-ar-boundaries-sensitivity--gt-0003","Gap-timing-unaware chest|Share-of-frame","tbl-h11-prep-ar-boundaries-sensitivity--gt-0005|tbl-h11-prep-ar-boundaries-sensitivity--gt-0003",109749,109843,40,95
4,"tbl-h11-prep-ar-boundaries-sensitivity","headers",28,104287,104327,"Gap-timing-unaware chest  Boundary reason","tbl-h11-prep-ar-boundaries-sensitivity--gt-0005 tbl-h11-prep-ar-boundaries-sensitivity--gt-0001","Gap-timing-unaware chest|Boundary-reason","tbl-h11-prep-ar-boundaries-sensitivity--gt-0005|tbl-h11-prep-ar-boundaries-sensitivity--gt-0001",109928,110022,41,95
4,"tbl-h11-prep-ar-boundaries-sensitivity","headers",29,104443,104480,"Gap-timing-unaware chest  Observations","tbl-h11-prep-ar-boundaries-sensitivity--gt-0005 tbl-h11-prep-ar-boundaries-sensitivity--gt-0002","Gap-timing-unaware chest|Observations","tbl-h11-prep-ar-boundaries-sensitivity--gt-0005|tbl-h11-prep-ar-boundaries-sensitivity--gt-0002",110138,110232,38,95
4,"tbl-h11-prep-ar-boundaries-sensitivity","headers",30,104538,104577,"Gap-timing-unaware chest  Share of frame","tbl-h11-prep-ar-boundaries-sensitivity--gt-0005 tbl-h11-prep-ar-boundaries-sensitivity--gt-0003","Gap-timing-unaware chest|Share-of-frame","tbl-h11-prep-ar-boundaries-sensitivity--gt-0005|tbl-h11-prep-ar-boundaries-sensitivity--gt-0003",110290,110384,40,95
4,"tbl-h11-prep-ar-boundaries-sensitivity","id",6,104655,104680,"Activity-complete near eye","tbl-h11-prep-ar-boundaries-sensitivity--gt-0006","","",110462,110508,26,47
4,"tbl-h11-prep-ar-boundaries-sensitivity","headers",31,104869,104911,"Activity-complete near eye  Boundary reason","tbl-h11-prep-ar-boundaries-sensitivity--gt-0006 tbl-h11-prep-ar-boundaries-sensitivity--gt-0001","Activity-complete near eye|Boundary-reason","tbl-h11-prep-ar-boundaries-sensitivity--gt-0006|tbl-h11-prep-ar-boundaries-sensitivity--gt-0001",110697,110791,43,95
4,"tbl-h11-prep-ar-boundaries-sensitivity","headers",32,104994,105033,"Activity-complete near eye  Observations","tbl-h11-prep-ar-boundaries-sensitivity--gt-0006 tbl-h11-prep-ar-boundaries-sensitivity--gt-0002","Activity-complete near eye|Observations","tbl-h11-prep-ar-boundaries-sensitivity--gt-0006|tbl-h11-prep-ar-boundaries-sensitivity--gt-0002",110874,110968,40,95
4,"tbl-h11-prep-ar-boundaries-sensitivity","headers",33,105085,105126,"Activity-complete near eye  Share of frame","tbl-h11-prep-ar-boundaries-sensitivity--gt-0006 tbl-h11-prep-ar-boundaries-sensitivity--gt-0003","Activity-complete near eye|Share-of-frame","tbl-h11-prep-ar-boundaries-sensitivity--gt-0006|tbl-h11-prep-ar-boundaries-sensitivity--gt-0003",111020,111114,42,95
4,"tbl-h11-prep-ar-boundaries-sensitivity","headers",34,105211,105253,"Activity-complete near eye  Boundary reason","tbl-h11-prep-ar-boundaries-sensitivity--gt-0006 tbl-h11-prep-ar-boundaries-sensitivity--gt-0001","Activity-complete near eye|Boundary-reason","tbl-h11-prep-ar-boundaries-sensitivity--gt-0006|tbl-h11-prep-ar-boundaries-sensitivity--gt-0001",111199,111293,43,95
4,"tbl-h11-prep-ar-boundaries-sensitivity","headers",35,105373,105412,"Activity-complete near eye  Observations","tbl-h11-prep-ar-boundaries-sensitivity--gt-0006 tbl-h11-prep-ar-boundaries-sensitivity--gt-0002","Activity-complete near eye|Observations","tbl-h11-prep-ar-boundaries-sensitivity--gt-0006|tbl-h11-prep-ar-boundaries-sensitivity--gt-0002",111413,111507,40,95
4,"tbl-h11-prep-ar-boundaries-sensitivity","headers",36,105472,105513,"Activity-complete near eye  Share of frame","tbl-h11-prep-ar-boundaries-sensitivity--gt-0006 tbl-h11-prep-ar-boundaries-sensitivity--gt-0003","Activity-complete near eye|Share-of-frame","tbl-h11-prep-ar-boundaries-sensitivity--gt-0006|tbl-h11-prep-ar-boundaries-sensitivity--gt-0003",111567,111661,42,95
4,"tbl-h11-prep-ar-boundaries-sensitivity","headers",37,105587,105629,"Activity-complete near eye  Boundary reason","tbl-h11-prep-ar-boundaries-sensitivity--gt-0006 tbl-h11-prep-ar-boundaries-sensitivity--gt-0001","Activity-complete near eye|Boundary-reason","tbl-h11-prep-ar-boundaries-sensitivity--gt-0006|tbl-h11-prep-ar-boundaries-sensitivity--gt-0001",111735,111829,43,95
4,"tbl-h11-prep-ar-boundaries-sensitivity","headers",38,105720,105759,"Activity-complete near eye  Observations","tbl-h11-prep-ar-boundaries-sensitivity--gt-0006 tbl-h11-prep-ar-boundaries-sensitivity--gt-0002","Activity-complete near eye|Observations","tbl-h11-prep-ar-boundaries-sensitivity--gt-0006|tbl-h11-prep-ar-boundaries-sensitivity--gt-0002",111920,112014,40,95
4,"tbl-h11-prep-ar-boundaries-sensitivity","headers",39,105808,105849,"Activity-complete near eye  Share of frame","tbl-h11-prep-ar-boundaries-sensitivity--gt-0006 tbl-h11-prep-ar-boundaries-sensitivity--gt-0003","Activity-complete near eye|Share-of-frame","tbl-h11-prep-ar-boundaries-sensitivity--gt-0006|tbl-h11-prep-ar-boundaries-sensitivity--gt-0003",112063,112157,42,95
4,"tbl-h11-prep-ar-boundaries-sensitivity","headers",40,105933,105975,"Activity-complete near eye  Boundary reason","tbl-h11-prep-ar-boundaries-sensitivity--gt-0006 tbl-h11-prep-ar-boundaries-sensitivity--gt-0001","Activity-complete near eye|Boundary-reason","tbl-h11-prep-ar-boundaries-sensitivity--gt-0006|tbl-h11-prep-ar-boundaries-sensitivity--gt-0001",112241,112335,43,95
4,"tbl-h11-prep-ar-boundaries-sensitivity","headers",41,106060,106099,"Activity-complete near eye  Observations","tbl-h11-prep-ar-boundaries-sensitivity--gt-0006 tbl-h11-prep-ar-boundaries-sensitivity--gt-0002","Activity-complete near eye|Observations","tbl-h11-prep-ar-boundaries-sensitivity--gt-0006|tbl-h11-prep-ar-boundaries-sensitivity--gt-0002",112420,112514,40,95
4,"tbl-h11-prep-ar-boundaries-sensitivity","headers",42,106159,106200,"Activity-complete near eye  Share of frame","tbl-h11-prep-ar-boundaries-sensitivity--gt-0006 tbl-h11-prep-ar-boundaries-sensitivity--gt-0003","Activity-complete near eye|Share-of-frame","tbl-h11-prep-ar-boundaries-sensitivity--gt-0006|tbl-h11-prep-ar-boundaries-sensitivity--gt-0003",112574,112668,42,95
4,"tbl-h11-prep-ar-boundaries-sensitivity","id",7,106279,106301,"Activity-complete chest","tbl-h11-prep-ar-boundaries-sensitivity--gt-0007","","",112747,112793,23,47
4,"tbl-h11-prep-ar-boundaries-sensitivity","headers",43,106486,106525,"Activity-complete chest  Boundary reason","tbl-h11-prep-ar-boundaries-sensitivity--gt-0007 tbl-h11-prep-ar-boundaries-sensitivity--gt-0001","Activity-complete chest|Boundary-reason","tbl-h11-prep-ar-boundaries-sensitivity--gt-0007|tbl-h11-prep-ar-boundaries-sensitivity--gt-0001",112978,113072,40,95
4,"tbl-h11-prep-ar-boundaries-sensitivity","headers",44,106608,106644,"Activity-complete chest  Observations","tbl-h11-prep-ar-boundaries-sensitivity--gt-0007 tbl-h11-prep-ar-boundaries-sensitivity--gt-0002","Activity-complete chest|Observations","tbl-h11-prep-ar-boundaries-sensitivity--gt-0007|tbl-h11-prep-ar-boundaries-sensitivity--gt-0002",113155,113249,37,95
4,"tbl-h11-prep-ar-boundaries-sensitivity","headers",45,106696,106734,"Activity-complete chest  Share of frame","tbl-h11-prep-ar-boundaries-sensitivity--gt-0007 tbl-h11-prep-ar-boundaries-sensitivity--gt-0003","Activity-complete chest|Share-of-frame","tbl-h11-prep-ar-boundaries-sensitivity--gt-0007|tbl-h11-prep-ar-boundaries-sensitivity--gt-0003",113301,113395,39,95
4,"tbl-h11-prep-ar-boundaries-sensitivity","headers",46,106820,106859,"Activity-complete chest  Boundary reason","tbl-h11-prep-ar-boundaries-sensitivity--gt-0007 tbl-h11-prep-ar-boundaries-sensitivity--gt-0001","Activity-complete chest|Boundary-reason","tbl-h11-prep-ar-boundaries-sensitivity--gt-0007|tbl-h11-prep-ar-boundaries-sensitivity--gt-0001",113481,113575,40,95
4,"tbl-h11-prep-ar-boundaries-sensitivity","headers",47,106979,107015,"Activity-complete chest  Observations","tbl-h11-prep-ar-boundaries-sensitivity--gt-0007 tbl-h11-prep-ar-boundaries-sensitivity--gt-0002","Activity-complete chest|Observations","tbl-h11-prep-ar-boundaries-sensitivity--gt-0007|tbl-h11-prep-ar-boundaries-sensitivity--gt-0002",113695,113789,37,95
4,"tbl-h11-prep-ar-boundaries-sensitivity","headers",48,107075,107113,"Activity-complete chest  Share of frame","tbl-h11-prep-ar-boundaries-sensitivity--gt-0007 tbl-h11-prep-ar-boundaries-sensitivity--gt-0003","Activity-complete chest|Share-of-frame","tbl-h11-prep-ar-boundaries-sensitivity--gt-0007|tbl-h11-prep-ar-boundaries-sensitivity--gt-0003",113849,113943,39,95
4,"tbl-h11-prep-ar-boundaries-sensitivity","headers",49,107186,107225,"Activity-complete chest  Boundary reason","tbl-h11-prep-ar-boundaries-sensitivity--gt-0007 tbl-h11-prep-ar-boundaries-sensitivity--gt-0001","Activity-complete chest|Boundary-reason","tbl-h11-prep-ar-boundaries-sensitivity--gt-0007|tbl-h11-prep-ar-boundaries-sensitivity--gt-0001",114016,114110,40,95
4,"tbl-h11-prep-ar-boundaries-sensitivity","headers",50,107316,107352,"Activity-complete chest  Observations","tbl-h11-prep-ar-boundaries-sensitivity--gt-0007 tbl-h11-prep-ar-boundaries-sensitivity--gt-0002","Activity-complete chest|Observations","tbl-h11-prep-ar-boundaries-sensitivity--gt-0007|tbl-h11-prep-ar-boundaries-sensitivity--gt-0002",114201,114295,37,95
4,"tbl-h11-prep-ar-boundaries-sensitivity","headers",51,107401,107439,"Activity-complete chest  Share of frame","tbl-h11-prep-ar-boundaries-sensitivity--gt-0007 tbl-h11-prep-ar-boundaries-sensitivity--gt-0003","Activity-complete chest|Share-of-frame","tbl-h11-prep-ar-boundaries-sensitivity--gt-0007|tbl-h11-prep-ar-boundaries-sensitivity--gt-0003",114344,114438,39,95
4,"tbl-h11-prep-ar-boundaries-sensitivity","headers",52,107524,107563,"Activity-complete chest  Boundary reason","tbl-h11-prep-ar-boundaries-sensitivity--gt-0007 tbl-h11-prep-ar-boundaries-sensitivity--gt-0001","Activity-complete chest|Boundary-reason","tbl-h11-prep-ar-boundaries-sensitivity--gt-0007|tbl-h11-prep-ar-boundaries-sensitivity--gt-0001",114523,114617,40,95
4,"tbl-h11-prep-ar-boundaries-sensitivity","headers",53,107648,107684,"Activity-complete chest  Observations","tbl-h11-prep-ar-boundaries-sensitivity--gt-0007 tbl-h11-prep-ar-boundaries-sensitivity--gt-0002","Activity-complete chest|Observations","tbl-h11-prep-ar-boundaries-sensitivity--gt-0007|tbl-h11-prep-ar-boundaries-sensitivity--gt-0002",114702,114796,37,95
4,"tbl-h11-prep-ar-boundaries-sensitivity","headers",54,107744,107782,"Activity-complete chest  Share of frame","tbl-h11-prep-ar-boundaries-sensitivity--gt-0007 tbl-h11-prep-ar-boundaries-sensitivity--gt-0003","Activity-complete chest|Share-of-frame","tbl-h11-prep-ar-boundaries-sensitivity--gt-0007|tbl-h11-prep-ar-boundaries-sensitivity--gt-0003",114856,114950,39,95
5,"tbl-h11-prep-samples","id",1,122795,122802,"Analysis","tbl-h11-prep-samples--gt-0001","","",129963,129991,8,29
5,"tbl-h11-prep-samples","id",2,122928,122939,"Participants","tbl-h11-prep-samples--gt-0002","","",130117,130145,12,29
5,"tbl-h11-prep-samples","id",3,123070,123082,"Female-/-Male","tbl-h11-prep-samples--gt-0003","","",130276,130304,13,29
5,"tbl-h11-prep-samples","id",4,123214,123229,"Participant-days","tbl-h11-prep-samples--gt-0004","","",130436,130464,16,29
5,"tbl-h11-prep-samples","id",5,123364,123383,"a30-min-observations","tbl-h11-prep-samples--gt-0005","","",130599,130627,20,29
5,"tbl-h11-prep-samples","id",6,123521,123533,"Nominal-hours","tbl-h11-prep-samples--gt-0006","","",130765,130793,13,29
5,"tbl-h11-prep-samples","id",7,123665,123669,"Sites","tbl-h11-prep-samples--gt-0007","","",130925,130953,5,29
5,"tbl-h11-prep-samples","id",8,123793,123804,"AR-sequences","tbl-h11-prep-samples--gt-0008","","",131077,131105,12,29
5,"tbl-h11-prep-samples","headers",1,124024,124031,"Analysis","tbl-h11-prep-samples--gt-0001","Analysis","tbl-h11-prep-samples--gt-0001",131325,131353,8,29
5,"tbl-h11-prep-samples","headers",2,124093,124104,"Participants","tbl-h11-prep-samples--gt-0002","Participants","tbl-h11-prep-samples--gt-0002",131415,131443,12,29
5,"tbl-h11-prep-samples","headers",3,124153,124165,"Female / Male","tbl-h11-prep-samples--gt-0003","Female-/-Male","tbl-h11-prep-samples--gt-0003",131492,131520,13,29
5,"tbl-h11-prep-samples","headers",4,124218,124233,"Participant-days","tbl-h11-prep-samples--gt-0004","Participant-days","tbl-h11-prep-samples--gt-0004",131573,131601,16,29
5,"tbl-h11-prep-samples","headers",5,124282,124300,"30-min observations","tbl-h11-prep-samples--gt-0005","a30-min-observations","tbl-h11-prep-samples--gt-0005",131650,131678,19,29
5,"tbl-h11-prep-samples","headers",6,124352,124364,"Nominal hours","tbl-h11-prep-samples--gt-0006","Nominal-hours","tbl-h11-prep-samples--gt-0006",131730,131758,13,29
5,"tbl-h11-prep-samples","headers",7,124418,124422,"Sites","tbl-h11-prep-samples--gt-0007","Sites","tbl-h11-prep-samples--gt-0007",131812,131840,5,29
5,"tbl-h11-prep-samples","headers",8,124469,124480,"AR sequences","tbl-h11-prep-samples--gt-0008","AR-sequences","tbl-h11-prep-samples--gt-0008",131887,131915,12,29
5,"tbl-h11-prep-samples","headers",9,124565,124572,"Analysis","tbl-h11-prep-samples--gt-0001","Analysis","tbl-h11-prep-samples--gt-0001",132000,132028,8,29
5,"tbl-h11-prep-samples","headers",10,124648,124659,"Participants","tbl-h11-prep-samples--gt-0002","Participants","tbl-h11-prep-samples--gt-0002",132104,132132,12,29
5,"tbl-h11-prep-samples","headers",11,124719,124731,"Female / Male","tbl-h11-prep-samples--gt-0003","Female-/-Male","tbl-h11-prep-samples--gt-0003",132192,132220,13,29
5,"tbl-h11-prep-samples","headers",12,124795,124810,"Participant-days","tbl-h11-prep-samples--gt-0004","Participant-days","tbl-h11-prep-samples--gt-0004",132284,132312,16,29
5,"tbl-h11-prep-samples","headers",13,124870,124888,"30-min observations","tbl-h11-prep-samples--gt-0005","a30-min-observations","tbl-h11-prep-samples--gt-0005",132372,132400,19,29
5,"tbl-h11-prep-samples","headers",14,124951,124963,"Nominal hours","tbl-h11-prep-samples--gt-0006","Nominal-hours","tbl-h11-prep-samples--gt-0006",132463,132491,13,29
5,"tbl-h11-prep-samples","headers",15,125028,125032,"Sites","tbl-h11-prep-samples--gt-0007","Sites","tbl-h11-prep-samples--gt-0007",132556,132584,5,29
5,"tbl-h11-prep-samples","headers",16,125090,125101,"AR sequences","tbl-h11-prep-samples--gt-0008","AR-sequences","tbl-h11-prep-samples--gt-0008",132642,132670,12,29
5,"tbl-h11-prep-samples","headers",17,125174,125181,"Analysis","tbl-h11-prep-samples--gt-0001","Analysis","tbl-h11-prep-samples--gt-0001",132743,132771,8,29
5,"tbl-h11-prep-samples","headers",18,125254,125265,"Participants","tbl-h11-prep-samples--gt-0002","Participants","tbl-h11-prep-samples--gt-0002",132844,132872,12,29
5,"tbl-h11-prep-samples","headers",19,125314,125326,"Female / Male","tbl-h11-prep-samples--gt-0003","Female-/-Male","tbl-h11-prep-samples--gt-0003",132921,132949,13,29
5,"tbl-h11-prep-samples","headers",20,125379,125394,"Participant-days","tbl-h11-prep-samples--gt-0004","Participant-days","tbl-h11-prep-samples--gt-0004",133002,133030,16,29
5,"tbl-h11-prep-samples","headers",21,125443,125461,"30-min observations","tbl-h11-prep-samples--gt-0005","a30-min-observations","tbl-h11-prep-samples--gt-0005",133079,133107,19,29
5,"tbl-h11-prep-samples","headers",22,125513,125525,"Nominal hours","tbl-h11-prep-samples--gt-0006","Nominal-hours","tbl-h11-prep-samples--gt-0006",133159,133187,13,29
5,"tbl-h11-prep-samples","headers",23,125579,125583,"Sites","tbl-h11-prep-samples--gt-0007","Sites","tbl-h11-prep-samples--gt-0007",133241,133269,5,29
5,"tbl-h11-prep-samples","headers",24,125630,125641,"AR sequences","tbl-h11-prep-samples--gt-0008","AR-sequences","tbl-h11-prep-samples--gt-0008",133316,133344,12,29
5,"tbl-h11-prep-samples","headers",25,125726,125733,"Analysis","tbl-h11-prep-samples--gt-0001","Analysis","tbl-h11-prep-samples--gt-0001",133429,133457,8,29
5,"tbl-h11-prep-samples","headers",26,125814,125825,"Participants","tbl-h11-prep-samples--gt-0002","Participants","tbl-h11-prep-samples--gt-0002",133538,133566,12,29
5,"tbl-h11-prep-samples","headers",27,125885,125897,"Female / Male","tbl-h11-prep-samples--gt-0003","Female-/-Male","tbl-h11-prep-samples--gt-0003",133626,133654,13,29
5,"tbl-h11-prep-samples","headers",28,125961,125976,"Participant-days","tbl-h11-prep-samples--gt-0004","Participant-days","tbl-h11-prep-samples--gt-0004",133718,133746,16,29
5,"tbl-h11-prep-samples","headers",29,126036,126054,"30-min observations","tbl-h11-prep-samples--gt-0005","a30-min-observations","tbl-h11-prep-samples--gt-0005",133806,133834,19,29
5,"tbl-h11-prep-samples","headers",30,126117,126129,"Nominal hours","tbl-h11-prep-samples--gt-0006","Nominal-hours","tbl-h11-prep-samples--gt-0006",133897,133925,13,29
5,"tbl-h11-prep-samples","headers",31,126194,126198,"Sites","tbl-h11-prep-samples--gt-0007","Sites","tbl-h11-prep-samples--gt-0007",133990,134018,5,29
5,"tbl-h11-prep-samples","headers",32,126256,126267,"AR sequences","tbl-h11-prep-samples--gt-0008","AR-sequences","tbl-h11-prep-samples--gt-0008",134076,134104,12,29
5,"tbl-h11-prep-samples","headers",33,126340,126347,"Analysis","tbl-h11-prep-samples--gt-0001","Analysis","tbl-h11-prep-samples--gt-0001",134177,134205,8,29
5,"tbl-h11-prep-samples","headers",34,126419,126430,"Participants","tbl-h11-prep-samples--gt-0002","Participants","tbl-h11-prep-samples--gt-0002",134277,134305,12,29
5,"tbl-h11-prep-samples","headers",35,126479,126491,"Female / Male","tbl-h11-prep-samples--gt-0003","Female-/-Male","tbl-h11-prep-samples--gt-0003",134354,134382,13,29
5,"tbl-h11-prep-samples","headers",36,126544,126559,"Participant-days","tbl-h11-prep-samples--gt-0004","Participant-days","tbl-h11-prep-samples--gt-0004",134435,134463,16,29
5,"tbl-h11-prep-samples","headers",37,126608,126626,"30-min observations","tbl-h11-prep-samples--gt-0005","a30-min-observations","tbl-h11-prep-samples--gt-0005",134512,134540,19,29
5,"tbl-h11-prep-samples","headers",38,126678,126690,"Nominal hours","tbl-h11-prep-samples--gt-0006","Nominal-hours","tbl-h11-prep-samples--gt-0006",134592,134620,13,29
5,"tbl-h11-prep-samples","headers",39,126744,126748,"Sites","tbl-h11-prep-samples--gt-0007","Sites","tbl-h11-prep-samples--gt-0007",134674,134702,5,29
5,"tbl-h11-prep-samples","headers",40,126795,126806,"AR sequences","tbl-h11-prep-samples--gt-0008","AR-sequences","tbl-h11-prep-samples--gt-0008",134749,134777,12,29
5,"tbl-h11-prep-samples","headers",41,126891,126898,"Analysis","tbl-h11-prep-samples--gt-0001","Analysis","tbl-h11-prep-samples--gt-0001",134862,134890,8,29
5,"tbl-h11-prep-samples","headers",42,126978,126989,"Participants","tbl-h11-prep-samples--gt-0002","Participants","tbl-h11-prep-samples--gt-0002",134970,134998,12,29
5,"tbl-h11-prep-samples","headers",43,127049,127061,"Female / Male","tbl-h11-prep-samples--gt-0003","Female-/-Male","tbl-h11-prep-samples--gt-0003",135058,135086,13,29
5,"tbl-h11-prep-samples","headers",44,127125,127140,"Participant-days","tbl-h11-prep-samples--gt-0004","Participant-days","tbl-h11-prep-samples--gt-0004",135150,135178,16,29
5,"tbl-h11-prep-samples","headers",45,127200,127218,"30-min observations","tbl-h11-prep-samples--gt-0005","a30-min-observations","tbl-h11-prep-samples--gt-0005",135238,135266,19,29
5,"tbl-h11-prep-samples","headers",46,127281,127293,"Nominal hours","tbl-h11-prep-samples--gt-0006","Nominal-hours","tbl-h11-prep-samples--gt-0006",135329,135357,13,29
5,"tbl-h11-prep-samples","headers",47,127358,127362,"Sites","tbl-h11-prep-samples--gt-0007","Sites","tbl-h11-prep-samples--gt-0007",135422,135450,5,29
5,"tbl-h11-prep-samples","headers",48,127420,127431,"AR sequences","tbl-h11-prep-samples--gt-0008","AR-sequences","tbl-h11-prep-samples--gt-0008",135508,135536,12,29
6,"tbl-h11-prep-site-summary","id",1,144208,144230,"Recorded-biological-sex","tbl-h11-prep-site-summary--gt-0001","","",152313,152346,23,34
6,"tbl-h11-prep-site-summary","id",2,144371,144375,"Sites","tbl-h11-prep-site-summary--gt-0002","","",152487,152520,5,34
6,"tbl-h11-prep-site-summary","id",3,144499,144523,"Minimum-participants/site","tbl-h11-prep-site-summary--gt-0003","","",152644,152677,25,34
6,"tbl-h11-prep-site-summary","id",4,144667,144690,"Median-participants/site","tbl-h11-prep-site-summary--gt-0004","","",152821,152854,24,34
6,"tbl-h11-prep-site-summary","id",5,144833,144857,"Maximum-participants/site","tbl-h11-prep-site-summary--gt-0005","","",152997,153030,25,34
6,"tbl-h11-prep-site-summary","id",6,145095,145099,"Chest","tbl-h11-prep-site-summary--gt-0006","","",153268,153301,5,34
6,"tbl-h11-prep-site-summary","headers",1,145267,145296,"Chest  Recorded biological sex","tbl-h11-prep-site-summary--gt-0006 tbl-h11-prep-site-summary--gt-0001","Chest|Recorded-biological-sex","tbl-h11-prep-site-summary--gt-0006|tbl-h11-prep-site-summary--gt-0001",153469,153537,30,69
6,"tbl-h11-prep-site-summary","headers",2,145348,145359,"Chest  Sites","tbl-h11-prep-site-summary--gt-0006 tbl-h11-prep-site-summary--gt-0002","Chest|Sites","tbl-h11-prep-site-summary--gt-0006|tbl-h11-prep-site-summary--gt-0002",153589,153657,12,69
6,"tbl-h11-prep-site-summary","headers",3,145406,145437,"Chest  Minimum participants/site","tbl-h11-prep-site-summary--gt-0006 tbl-h11-prep-site-summary--gt-0003","Chest|Minimum-participants/site","tbl-h11-prep-site-summary--gt-0006|tbl-h11-prep-site-summary--gt-0003",153704,153772,32,69
6,"tbl-h11-prep-site-summary","headers",4,145484,145514,"Chest  Median participants/site","tbl-h11-prep-site-summary--gt-0006 tbl-h11-prep-site-summary--gt-0004","Chest|Median-participants/site","tbl-h11-prep-site-summary--gt-0006|tbl-h11-prep-site-summary--gt-0004",153819,153887,31,69
6,"tbl-h11-prep-site-summary","headers",5,145563,145594,"Chest  Maximum participants/site","tbl-h11-prep-site-summary--gt-0006 tbl-h11-prep-site-summary--gt-0005","Chest|Maximum-participants/site","tbl-h11-prep-site-summary--gt-0006|tbl-h11-prep-site-summary--gt-0005",153936,154004,32,69
6,"tbl-h11-prep-site-summary","headers",6,145675,145704,"Chest  Recorded biological sex","tbl-h11-prep-site-summary--gt-0006 tbl-h11-prep-site-summary--gt-0001","Chest|Recorded-biological-sex","tbl-h11-prep-site-summary--gt-0006|tbl-h11-prep-site-summary--gt-0001",154085,154153,30,69
6,"tbl-h11-prep-site-summary","headers",7,145765,145776,"Chest  Sites","tbl-h11-prep-site-summary--gt-0006 tbl-h11-prep-site-summary--gt-0002","Chest|Sites","tbl-h11-prep-site-summary--gt-0006|tbl-h11-prep-site-summary--gt-0002",154214,154282,12,69
6,"tbl-h11-prep-site-summary","headers",8,145834,145865,"Chest  Minimum participants/site","tbl-h11-prep-site-summary--gt-0006 tbl-h11-prep-site-summary--gt-0003","Chest|Minimum-participants/site","tbl-h11-prep-site-summary--gt-0006|tbl-h11-prep-site-summary--gt-0003",154340,154408,32,69
6,"tbl-h11-prep-site-summary","headers",9,145923,145953,"Chest  Median participants/site","tbl-h11-prep-site-summary--gt-0006 tbl-h11-prep-site-summary--gt-0004","Chest|Median-participants/site","tbl-h11-prep-site-summary--gt-0006|tbl-h11-prep-site-summary--gt-0004",154466,154534,31,69
6,"tbl-h11-prep-site-summary","headers",10,146013,146044,"Chest  Maximum participants/site","tbl-h11-prep-site-summary--gt-0006 tbl-h11-prep-site-summary--gt-0005","Chest|Maximum-participants/site","tbl-h11-prep-site-summary--gt-0006|tbl-h11-prep-site-summary--gt-0005",154594,154662,32,69
6,"tbl-h11-prep-site-summary","id",7,146120,146127,"Near eye","tbl-h11-prep-site-summary--gt-0007","","",154738,154771,8,34
6,"tbl-h11-prep-site-summary","headers",11,146297,146329,"Near eye  Recorded biological sex","tbl-h11-prep-site-summary--gt-0007 tbl-h11-prep-site-summary--gt-0001","Near eye|Recorded-biological-sex","tbl-h11-prep-site-summary--gt-0007|tbl-h11-prep-site-summary--gt-0001",154941,155009,33,69
6,"tbl-h11-prep-site-summary","headers",12,146381,146395,"Near eye  Sites","tbl-h11-prep-site-summary--gt-0007 tbl-h11-prep-site-summary--gt-0002","Near eye|Sites","tbl-h11-prep-site-summary--gt-0007|tbl-h11-prep-site-summary--gt-0002",155061,155129,15,69
6,"tbl-h11-prep-site-summary","headers",13,146442,146476,"Near eye  Minimum participants/site","tbl-h11-prep-site-summary--gt-0007 tbl-h11-prep-site-summary--gt-0003","Near eye|Minimum-participants/site","tbl-h11-prep-site-summary--gt-0007|tbl-h11-prep-site-summary--gt-0003",155176,155244,35,69
6,"tbl-h11-prep-site-summary","headers",14,146523,146556,"Near eye  Median participants/site","tbl-h11-prep-site-summary--gt-0007 tbl-h11-prep-site-summary--gt-0004","Near eye|Median-participants/site","tbl-h11-prep-site-summary--gt-0007|tbl-h11-prep-site-summary--gt-0004",155291,155359,34,69
6,"tbl-h11-prep-site-summary","headers",15,146605,146639,"Near eye  Maximum participants/site","tbl-h11-prep-site-summary--gt-0007 tbl-h11-prep-site-summary--gt-0005","Near eye|Maximum-participants/site","tbl-h11-prep-site-summary--gt-0007|tbl-h11-prep-site-summary--gt-0005",155408,155476,35,69
6,"tbl-h11-prep-site-summary","headers",16,146721,146753,"Near eye  Recorded biological sex","tbl-h11-prep-site-summary--gt-0007 tbl-h11-prep-site-summary--gt-0001","Near eye|Recorded-biological-sex","tbl-h11-prep-site-summary--gt-0007|tbl-h11-prep-site-summary--gt-0001",155558,155626,33,69
6,"tbl-h11-prep-site-summary","headers",17,146814,146828,"Near eye  Sites","tbl-h11-prep-site-summary--gt-0007 tbl-h11-prep-site-summary--gt-0002","Near eye|Sites","tbl-h11-prep-site-summary--gt-0007|tbl-h11-prep-site-summary--gt-0002",155687,155755,15,69
6,"tbl-h11-prep-site-summary","headers",18,146886,146920,"Near eye  Minimum participants/site","tbl-h11-prep-site-summary--gt-0007 tbl-h11-prep-site-summary--gt-0003","Near eye|Minimum-participants/site","tbl-h11-prep-site-summary--gt-0007|tbl-h11-prep-site-summary--gt-0003",155813,155881,35,69
6,"tbl-h11-prep-site-summary","headers",19,146978,147011,"Near eye  Median participants/site","tbl-h11-prep-site-summary--gt-0007 tbl-h11-prep-site-summary--gt-0004","Near eye|Median-participants/site","tbl-h11-prep-site-summary--gt-0007|tbl-h11-prep-site-summary--gt-0004",155939,156007,34,69
6,"tbl-h11-prep-site-summary","headers",20,147071,147105,"Near eye  Maximum participants/site","tbl-h11-prep-site-summary--gt-0007 tbl-h11-prep-site-summary--gt-0005","Near eye|Maximum-participants/site","tbl-h11-prep-site-summary--gt-0007|tbl-h11-prep-site-summary--gt-0005",156067,156135,35,69
7,"tbl-h11-prep-melEDI-distribution","id",1,164288,164310,"Recorded-biological-sex","tbl-h11-prep-melEDI-distribution--gt-0001","","",173318,173358,23,41
7,"tbl-h11-prep-melEDI-distribution","id",2,164451,164462,"Observations","tbl-h11-prep-melEDI-distribution--gt-0002","","",173499,173539,12,41
7,"tbl-h11-prep-melEDI-distribution","id",3,164593,164603,"Exact-zeros","tbl-h11-prep-melEDI-distribution--gt-0003","","",173670,173710,11,41
7,"tbl-h11-prep-melEDI-distribution","id",4,164733,164748,"Exact-zero-share","tbl-h11-prep-melEDI-distribution--gt-0004","","",173840,173880,16,41
7,"tbl-h11-prep-melEDI-distribution","id",5,164883,164902,"Positive-median-(lx)","tbl-h11-prep-melEDI-distribution--gt-0005","","",174015,174055,20,41
7,"tbl-h11-prep-melEDI-distribution","id",6,165041,165057,"Positive-P90-(lx)","tbl-h11-prep-melEDI-distribution--gt-0006","","",174194,174234,17,41
7,"tbl-h11-prep-melEDI-distribution","id",7,165193,165209,"Positive-P99-(lx)","tbl-h11-prep-melEDI-distribution--gt-0007","","",174370,174410,17,41
7,"tbl-h11-prep-melEDI-distribution","id",8,165345,165356,"Maximum-(lx)","tbl-h11-prep-melEDI-distribution--gt-0008","","",174546,174586,12,41
7,"tbl-h11-prep-melEDI-distribution","id",9,165581,165588,"Near eye","tbl-h11-prep-melEDI-distribution--gt-0009","","",174811,174851,8,41
7,"tbl-h11-prep-melEDI-distribution","headers",1,165759,165791,"Near eye  Recorded biological sex","tbl-h11-prep-melEDI-distribution--gt-0009 tbl-h11-prep-melEDI-distribution--gt-0001","Near eye|Recorded-biological-sex","tbl-h11-prep-melEDI-distribution--gt-0009|tbl-h11-prep-melEDI-distribution--gt-0001",175022,175104,33,83
7,"tbl-h11-prep-melEDI-distribution","headers",2,165843,165864,"Near eye  Observations","tbl-h11-prep-melEDI-distribution--gt-0009 tbl-h11-prep-melEDI-distribution--gt-0002","Near eye|Observations","tbl-h11-prep-melEDI-distribution--gt-0009|tbl-h11-prep-melEDI-distribution--gt-0002",175156,175238,22,83
7,"tbl-h11-prep-melEDI-distribution","headers",3,165916,165936,"Near eye  Exact zeros","tbl-h11-prep-melEDI-distribution--gt-0009 tbl-h11-prep-melEDI-distribution--gt-0003","Near eye|Exact-zeros","tbl-h11-prep-melEDI-distribution--gt-0009|tbl-h11-prep-melEDI-distribution--gt-0003",175290,175372,21,83
7,"tbl-h11-prep-melEDI-distribution","headers",4,165987,166012,"Near eye  Exact zero share","tbl-h11-prep-melEDI-distribution--gt-0009 tbl-h11-prep-melEDI-distribution--gt-0004","Near eye|Exact-zero-share","tbl-h11-prep-melEDI-distribution--gt-0009|tbl-h11-prep-melEDI-distribution--gt-0004",175423,175505,26,83
7,"tbl-h11-prep-melEDI-distribution","headers",5,166063,166092,"Near eye  Positive median (lx)","tbl-h11-prep-melEDI-distribution--gt-0009 tbl-h11-prep-melEDI-distribution--gt-0005","Near eye|Positive-median-(lx)","tbl-h11-prep-melEDI-distribution--gt-0009|tbl-h11-prep-melEDI-distribution--gt-0005",175556,175638,30,83
7,"tbl-h11-prep-melEDI-distribution","headers",6,166142,166168,"Near eye  Positive P90 (lx)","tbl-h11-prep-melEDI-distribution--gt-0009 tbl-h11-prep-melEDI-distribution--gt-0006","Near eye|Positive-P90-(lx)","tbl-h11-prep-melEDI-distribution--gt-0009|tbl-h11-prep-melEDI-distribution--gt-0006",175688,175770,27,83
7,"tbl-h11-prep-melEDI-distribution","headers",7,166219,166245,"Near eye  Positive P99 (lx)","tbl-h11-prep-melEDI-distribution--gt-0009 tbl-h11-prep-melEDI-distribution--gt-0007","Near eye|Positive-P99-(lx)","tbl-h11-prep-melEDI-distribution--gt-0009|tbl-h11-prep-melEDI-distribution--gt-0007",175821,175903,27,83
7,"tbl-h11-prep-melEDI-distribution","headers",8,166298,166319,"Near eye  Maximum (lx)","tbl-h11-prep-melEDI-distribution--gt-0009 tbl-h11-prep-melEDI-distribution--gt-0008","Near eye|Maximum-(lx)","tbl-h11-prep-melEDI-distribution--gt-0009|tbl-h11-prep-melEDI-distribution--gt-0008",175956,176038,22,83
7,"tbl-h11-prep-melEDI-distribution","headers",9,166406,166438,"Near eye  Recorded biological sex","tbl-h11-prep-melEDI-distribution--gt-0009 tbl-h11-prep-melEDI-distribution--gt-0001","Near eye|Recorded-biological-sex","tbl-h11-prep-melEDI-distribution--gt-0009|tbl-h11-prep-melEDI-distribution--gt-0001",176125,176207,33,83
7,"tbl-h11-prep-melEDI-distribution","headers",10,166499,166520,"Near eye  Observations","tbl-h11-prep-melEDI-distribution--gt-0009 tbl-h11-prep-melEDI-distribution--gt-0002","Near eye|Observations","tbl-h11-prep-melEDI-distribution--gt-0009|tbl-h11-prep-melEDI-distribution--gt-0002",176268,176350,22,83
7,"tbl-h11-prep-melEDI-distribution","headers",11,166583,166603,"Near eye  Exact zeros","tbl-h11-prep-melEDI-distribution--gt-0009 tbl-h11-prep-melEDI-distribution--gt-0003","Near eye|Exact-zeros","tbl-h11-prep-melEDI-distribution--gt-0009|tbl-h11-prep-melEDI-distribution--gt-0003",176413,176495,21,83
7,"tbl-h11-prep-melEDI-distribution","headers",12,166665,166690,"Near eye  Exact zero share","tbl-h11-prep-melEDI-distribution--gt-0009 tbl-h11-prep-melEDI-distribution--gt-0004","Near eye|Exact-zero-share","tbl-h11-prep-melEDI-distribution--gt-0009|tbl-h11-prep-melEDI-distribution--gt-0004",176557,176639,26,83
7,"tbl-h11-prep-melEDI-distribution","headers",13,166752,166781,"Near eye  Positive median (lx)","tbl-h11-prep-melEDI-distribution--gt-0009 tbl-h11-prep-melEDI-distribution--gt-0005","Near eye|Positive-median-(lx)","tbl-h11-prep-melEDI-distribution--gt-0009|tbl-h11-prep-melEDI-distribution--gt-0005",176701,176783,30,83
7,"tbl-h11-prep-melEDI-distribution","headers",14,166842,166868,"Near eye  Positive P90 (lx)","tbl-h11-prep-melEDI-distribution--gt-0009 tbl-h11-prep-melEDI-distribution--gt-0006","Near eye|Positive-P90-(lx)","tbl-h11-prep-melEDI-distribution--gt-0009|tbl-h11-prep-melEDI-distribution--gt-0006",176844,176926,27,83
7,"tbl-h11-prep-melEDI-distribution","headers",15,166932,166958,"Near eye  Positive P99 (lx)","tbl-h11-prep-melEDI-distribution--gt-0009 tbl-h11-prep-melEDI-distribution--gt-0007","Near eye|Positive-P99-(lx)","tbl-h11-prep-melEDI-distribution--gt-0009|tbl-h11-prep-melEDI-distribution--gt-0007",176990,177072,27,83
7,"tbl-h11-prep-melEDI-distribution","headers",16,167023,167044,"Near eye  Maximum (lx)","tbl-h11-prep-melEDI-distribution--gt-0009 tbl-h11-prep-melEDI-distribution--gt-0008","Near eye|Maximum-(lx)","tbl-h11-prep-melEDI-distribution--gt-0009|tbl-h11-prep-melEDI-distribution--gt-0008",177137,177219,22,83
7,"tbl-h11-prep-melEDI-distribution","id",10,167126,167130,"Chest","tbl-h11-prep-melEDI-distribution--gt-0010","","",177301,177341,5,41
7,"tbl-h11-prep-melEDI-distribution","headers",17,167297,167326,"Chest  Recorded biological sex","tbl-h11-prep-melEDI-distribution--gt-0010 tbl-h11-prep-melEDI-distribution--gt-0001","Chest|Recorded-biological-sex","tbl-h11-prep-melEDI-distribution--gt-0010|tbl-h11-prep-melEDI-distribution--gt-0001",177508,177590,30,83
7,"tbl-h11-prep-melEDI-distribution","headers",18,167378,167396,"Chest  Observations","tbl-h11-prep-melEDI-distribution--gt-0010 tbl-h11-prep-melEDI-distribution--gt-0002","Chest|Observations","tbl-h11-prep-melEDI-distribution--gt-0010|tbl-h11-prep-melEDI-distribution--gt-0002",177642,177724,19,83
7,"tbl-h11-prep-melEDI-distribution","headers",19,167448,167465,"Chest  Exact zeros","tbl-h11-prep-melEDI-distribution--gt-0010 tbl-h11-prep-melEDI-distribution--gt-0003","Chest|Exact-zeros","tbl-h11-prep-melEDI-distribution--gt-0010|tbl-h11-prep-melEDI-distribution--gt-0003",177776,177858,18,83
7,"tbl-h11-prep-melEDI-distribution","headers",20,167516,167538,"Chest  Exact zero share","tbl-h11-prep-melEDI-distribution--gt-0010 tbl-h11-prep-melEDI-distribution--gt-0004","Chest|Exact-zero-share","tbl-h11-prep-melEDI-distribution--gt-0010|tbl-h11-prep-melEDI-distribution--gt-0004",177909,177991,23,83
7,"tbl-h11-prep-melEDI-distribution","headers",21,167589,167615,"Chest  Positive median (lx)","tbl-h11-prep-melEDI-distribution--gt-0010 tbl-h11-prep-melEDI-distribution--gt-0005","Chest|Positive-median-(lx)","tbl-h11-prep-melEDI-distribution--gt-0010|tbl-h11-prep-melEDI-distribution--gt-0005",178042,178124,27,83
7,"tbl-h11-prep-melEDI-distribution","headers",22,167665,167688,"Chest  Positive P90 (lx)","tbl-h11-prep-melEDI-distribution--gt-0010 tbl-h11-prep-melEDI-distribution--gt-0006","Chest|Positive-P90-(lx)","tbl-h11-prep-melEDI-distribution--gt-0010|tbl-h11-prep-melEDI-distribution--gt-0006",178174,178256,24,83
7,"tbl-h11-prep-melEDI-distribution","headers",23,167741,167764,"Chest  Positive P99 (lx)","tbl-h11-prep-melEDI-distribution--gt-0010 tbl-h11-prep-melEDI-distribution--gt-0007","Chest|Positive-P99-(lx)","tbl-h11-prep-melEDI-distribution--gt-0010|tbl-h11-prep-melEDI-distribution--gt-0007",178309,178391,24,83
7,"tbl-h11-prep-melEDI-distribution","headers",24,167818,167836,"Chest  Maximum (lx)","tbl-h11-prep-melEDI-distribution--gt-0010 tbl-h11-prep-melEDI-distribution--gt-0008","Chest|Maximum-(lx)","tbl-h11-prep-melEDI-distribution--gt-0010|tbl-h11-prep-melEDI-distribution--gt-0008",178445,178527,19,83
7,"tbl-h11-prep-melEDI-distribution","headers",25,167924,167953,"Chest  Recorded biological sex","tbl-h11-prep-melEDI-distribution--gt-0010 tbl-h11-prep-melEDI-distribution--gt-0001","Chest|Recorded-biological-sex","tbl-h11-prep-melEDI-distribution--gt-0010|tbl-h11-prep-melEDI-distribution--gt-0001",178615,178697,30,83
7,"tbl-h11-prep-melEDI-distribution","headers",26,168014,168032,"Chest  Observations","tbl-h11-prep-melEDI-distribution--gt-0010 tbl-h11-prep-melEDI-distribution--gt-0002","Chest|Observations","tbl-h11-prep-melEDI-distribution--gt-0010|tbl-h11-prep-melEDI-distribution--gt-0002",178758,178840,19,83
7,"tbl-h11-prep-melEDI-distribution","headers",27,168095,168112,"Chest  Exact zeros","tbl-h11-prep-melEDI-distribution--gt-0010 tbl-h11-prep-melEDI-distribution--gt-0003","Chest|Exact-zeros","tbl-h11-prep-melEDI-distribution--gt-0010|tbl-h11-prep-melEDI-distribution--gt-0003",178903,178985,18,83
7,"tbl-h11-prep-melEDI-distribution","headers",28,168174,168196,"Chest  Exact zero share","tbl-h11-prep-melEDI-distribution--gt-0010 tbl-h11-prep-melEDI-distribution--gt-0004","Chest|Exact-zero-share","tbl-h11-prep-melEDI-distribution--gt-0010|tbl-h11-prep-melEDI-distribution--gt-0004",179047,179129,23,83
7,"tbl-h11-prep-melEDI-distribution","headers",29,168258,168284,"Chest  Positive median (lx)","tbl-h11-prep-melEDI-distribution--gt-0010 tbl-h11-prep-melEDI-distribution--gt-0005","Chest|Positive-median-(lx)","tbl-h11-prep-melEDI-distribution--gt-0010|tbl-h11-prep-melEDI-distribution--gt-0005",179191,179273,27,83
7,"tbl-h11-prep-melEDI-distribution","headers",30,168345,168368,"Chest  Positive P90 (lx)","tbl-h11-prep-melEDI-distribution--gt-0010 tbl-h11-prep-melEDI-distribution--gt-0006","Chest|Positive-P90-(lx)","tbl-h11-prep-melEDI-distribution--gt-0010|tbl-h11-prep-melEDI-distribution--gt-0006",179334,179416,24,83
7,"tbl-h11-prep-melEDI-distribution","headers",31,168432,168455,"Chest  Positive P99 (lx)","tbl-h11-prep-melEDI-distribution--gt-0010 tbl-h11-prep-melEDI-distribution--gt-0007","Chest|Positive-P99-(lx)","tbl-h11-prep-melEDI-distribution--gt-0010|tbl-h11-prep-melEDI-distribution--gt-0007",179480,179562,24,83
7,"tbl-h11-prep-melEDI-distribution","headers",32,168520,168538,"Chest  Maximum (lx)","tbl-h11-prep-melEDI-distribution--gt-0010 tbl-h11-prep-melEDI-distribution--gt-0008","Chest|Maximum-(lx)","tbl-h11-prep-melEDI-distribution--gt-0010|tbl-h11-prep-melEDI-distribution--gt-0008",179627,179709,19,83
8,"tbl-h11-prep-global-tests","id",1,195767,195775,"Placement","tbl-h11-prep-global-tests--gt-0001","","",206938,206971,9,34
8,"tbl-h11-prep-global-tests","id",2,195902,195912,"F-statistic","tbl-h11-prep-global-tests--gt-0002","","",207098,207131,11,34
8,"tbl-h11-prep-global-tests","id",3,196042,196053,"Numerator-df","tbl-h11-prep-global-tests--gt-0003","","",207261,207294,12,34
8,"tbl-h11-prep-global-tests","id",4,196184,196197,"Denominator-df","tbl-h11-prep-global-tests--gt-0004","","",207425,207458,14,34
8,"tbl-h11-prep-global-tests","id",5,196330,196334,"Raw-p","tbl-h11-prep-global-tests--gt-0005","","",207591,207624,5,34
8,"tbl-h11-prep-global-tests","id",6,196458,196471,"FDR-adjusted-p","tbl-h11-prep-global-tests--gt-0006","","",207748,207781,14,34
8,"tbl-h11-prep-global-tests","id",7,196604,196614,"Family-size","tbl-h11-prep-global-tests--gt-0007","","",207914,207947,11,34
8,"tbl-h11-prep-global-tests","id",8,196744,196751,"Decision","tbl-h11-prep-global-tests--gt-0008","","",208077,208110,8,34
8,"tbl-h11-prep-global-tests","id",9,196971,196985,"Primary dataset","tbl-h11-prep-global-tests--gt-0009","","",208330,208363,15,34
8,"tbl-h11-prep-global-tests","headers",1,197163,197188,"Primary dataset  Placement","tbl-h11-prep-global-tests--gt-0009 tbl-h11-prep-global-tests--gt-0001","Primary dataset|Placement","tbl-h11-prep-global-tests--gt-0009|tbl-h11-prep-global-tests--gt-0001",208541,208609,26,69
8,"tbl-h11-prep-global-tests","headers",2,197242,197269,"Primary dataset  F statistic","tbl-h11-prep-global-tests--gt-0009 tbl-h11-prep-global-tests--gt-0002","Primary dataset|F-statistic","tbl-h11-prep-global-tests--gt-0009|tbl-h11-prep-global-tests--gt-0002",208663,208731,28,69
8,"tbl-h11-prep-global-tests","headers",3,197321,197349,"Primary dataset  Numerator df","tbl-h11-prep-global-tests--gt-0009 tbl-h11-prep-global-tests--gt-0003","Primary dataset|Numerator-df","tbl-h11-prep-global-tests--gt-0009|tbl-h11-prep-global-tests--gt-0003",208783,208851,29,69
8,"tbl-h11-prep-global-tests","headers",4,197400,197430,"Primary dataset  Denominator df","tbl-h11-prep-global-tests--gt-0009 tbl-h11-prep-global-tests--gt-0004","Primary dataset|Denominator-df","tbl-h11-prep-global-tests--gt-0009|tbl-h11-prep-global-tests--gt-0004",208902,208970,31,69
8,"tbl-h11-prep-global-tests","headers",5,197479,197500,"Primary dataset  Raw p","tbl-h11-prep-global-tests--gt-0009 tbl-h11-prep-global-tests--gt-0005","Primary dataset|Raw-p","tbl-h11-prep-global-tests--gt-0009|tbl-h11-prep-global-tests--gt-0005",209019,209087,22,69
8,"tbl-h11-prep-global-tests","headers",6,197577,197607,"Primary dataset  FDR-adjusted p","tbl-h11-prep-global-tests--gt-0009 tbl-h11-prep-global-tests--gt-0006","Primary dataset|FDR-adjusted-p","tbl-h11-prep-global-tests--gt-0009|tbl-h11-prep-global-tests--gt-0006",209164,209232,31,69
8,"tbl-h11-prep-global-tests","headers",7,197684,197711,"Primary dataset  Family size","tbl-h11-prep-global-tests--gt-0009 tbl-h11-prep-global-tests--gt-0007","Primary dataset|Family-size","tbl-h11-prep-global-tests--gt-0009|tbl-h11-prep-global-tests--gt-0007",209309,209377,28,69
8,"tbl-h11-prep-global-tests","headers",8,197757,197781,"Primary dataset  Decision","tbl-h11-prep-global-tests--gt-0009 tbl-h11-prep-global-tests--gt-0008","Primary dataset|Decision","tbl-h11-prep-global-tests--gt-0009|tbl-h11-prep-global-tests--gt-0008",209423,209491,25,69
8,"tbl-h11-prep-global-tests","headers",9,197869,197894,"Primary dataset  Placement","tbl-h11-prep-global-tests--gt-0009 tbl-h11-prep-global-tests--gt-0001","Primary dataset|Placement","tbl-h11-prep-global-tests--gt-0009|tbl-h11-prep-global-tests--gt-0001",209579,209647,26,69
8,"tbl-h11-prep-global-tests","headers",10,197956,197983,"Primary dataset  F statistic","tbl-h11-prep-global-tests--gt-0009 tbl-h11-prep-global-tests--gt-0002","Primary dataset|F-statistic","tbl-h11-prep-global-tests--gt-0009|tbl-h11-prep-global-tests--gt-0002",209709,209777,28,69
8,"tbl-h11-prep-global-tests","headers",11,198045,198073,"Primary dataset  Numerator df","tbl-h11-prep-global-tests--gt-0009 tbl-h11-prep-global-tests--gt-0003","Primary dataset|Numerator-df","tbl-h11-prep-global-tests--gt-0009|tbl-h11-prep-global-tests--gt-0003",209839,209907,29,69
8,"tbl-h11-prep-global-tests","headers",12,198135,198165,"Primary dataset  Denominator df","tbl-h11-prep-global-tests--gt-0009 tbl-h11-prep-global-tests--gt-0004","Primary dataset|Denominator-df","tbl-h11-prep-global-tests--gt-0009|tbl-h11-prep-global-tests--gt-0004",209969,210037,31,69
8,"tbl-h11-prep-global-tests","headers",13,198225,198246,"Primary dataset  Raw p","tbl-h11-prep-global-tests--gt-0009 tbl-h11-prep-global-tests--gt-0005","Primary dataset|Raw-p","tbl-h11-prep-global-tests--gt-0009|tbl-h11-prep-global-tests--gt-0005",210097,210165,22,69
8,"tbl-h11-prep-global-tests","headers",14,198334,198364,"Primary dataset  FDR-adjusted p","tbl-h11-prep-global-tests--gt-0009 tbl-h11-prep-global-tests--gt-0006","Primary dataset|FDR-adjusted-p","tbl-h11-prep-global-tests--gt-0009|tbl-h11-prep-global-tests--gt-0006",210253,210321,31,69
8,"tbl-h11-prep-global-tests","headers",15,198452,198479,"Primary dataset  Family size","tbl-h11-prep-global-tests--gt-0009 tbl-h11-prep-global-tests--gt-0007","Primary dataset|Family-size","tbl-h11-prep-global-tests--gt-0009|tbl-h11-prep-global-tests--gt-0007",210409,210477,28,69
8,"tbl-h11-prep-global-tests","headers",16,198536,198560,"Primary dataset  Decision","tbl-h11-prep-global-tests--gt-0009 tbl-h11-prep-global-tests--gt-0008","Primary dataset|Decision","tbl-h11-prep-global-tests--gt-0009|tbl-h11-prep-global-tests--gt-0008",210534,210602,25,69
8,"tbl-h11-prep-global-tests","id",10,198643,198668,"Gap-timing-unaware dataset","tbl-h11-prep-global-tests--gt-0010","","",210685,210718,26,34
8,"tbl-h11-prep-global-tests","headers",17,198856,198892,"Gap-timing-unaware dataset  Placement","tbl-h11-prep-global-tests--gt-0010 tbl-h11-prep-global-tests--gt-0001","Gap-timing-unaware dataset|Placement","tbl-h11-prep-global-tests--gt-0010|tbl-h11-prep-global-tests--gt-0001",210906,210974,37,69
8,"tbl-h11-prep-global-tests","headers",18,198946,198984,"Gap-timing-unaware dataset  F statistic","tbl-h11-prep-global-tests--gt-0010 tbl-h11-prep-global-tests--gt-0002","Gap-timing-unaware dataset|F-statistic","tbl-h11-prep-global-tests--gt-0010|tbl-h11-prep-global-tests--gt-0002",211028,211096,39,69
8,"tbl-h11-prep-global-tests","headers",19,199036,199075,"Gap-timing-unaware dataset  Numerator df","tbl-h11-prep-global-tests--gt-0010 tbl-h11-prep-global-tests--gt-0003","Gap-timing-unaware dataset|Numerator-df","tbl-h11-prep-global-tests--gt-0010|tbl-h11-prep-global-tests--gt-0003",211148,211216,40,69
8,"tbl-h11-prep-global-tests","headers",20,199126,199167,"Gap-timing-unaware dataset  Denominator df","tbl-h11-prep-global-tests--gt-0010 tbl-h11-prep-global-tests--gt-0004","Gap-timing-unaware dataset|Denominator-df","tbl-h11-prep-global-tests--gt-0010|tbl-h11-prep-global-tests--gt-0004",211267,211335,42,69
8,"tbl-h11-prep-global-tests","headers",21,199216,199248,"Gap-timing-unaware dataset  Raw p","tbl-h11-prep-global-tests--gt-0010 tbl-h11-prep-global-tests--gt-0005","Gap-timing-unaware dataset|Raw-p","tbl-h11-prep-global-tests--gt-0010|tbl-h11-prep-global-tests--gt-0005",211384,211452,33,69
8,"tbl-h11-prep-global-tests","headers",22,199325,199366,"Gap-timing-unaware dataset  FDR-adjusted p","tbl-h11-prep-global-tests--gt-0010 tbl-h11-prep-global-tests--gt-0006","Gap-timing-unaware dataset|FDR-adjusted-p","tbl-h11-prep-global-tests--gt-0010|tbl-h11-prep-global-tests--gt-0006",211529,211597,42,69
8,"tbl-h11-prep-global-tests","headers",23,199443,199481,"Gap-timing-unaware dataset  Family size","tbl-h11-prep-global-tests--gt-0010 tbl-h11-prep-global-tests--gt-0007","Gap-timing-unaware dataset|Family-size","tbl-h11-prep-global-tests--gt-0010|tbl-h11-prep-global-tests--gt-0007",211674,211742,39,69
8,"tbl-h11-prep-global-tests","headers",24,199527,199562,"Gap-timing-unaware dataset  Decision","tbl-h11-prep-global-tests--gt-0010 tbl-h11-prep-global-tests--gt-0008","Gap-timing-unaware dataset|Decision","tbl-h11-prep-global-tests--gt-0010|tbl-h11-prep-global-tests--gt-0008",211788,211856,36,69
8,"tbl-h11-prep-global-tests","headers",25,199651,199687,"Gap-timing-unaware dataset  Placement","tbl-h11-prep-global-tests--gt-0010 tbl-h11-prep-global-tests--gt-0001","Gap-timing-unaware dataset|Placement","tbl-h11-prep-global-tests--gt-0010|tbl-h11-prep-global-tests--gt-0001",211945,212013,37,69
8,"tbl-h11-prep-global-tests","headers",26,199749,199787,"Gap-timing-unaware dataset  F statistic","tbl-h11-prep-global-tests--gt-0010 tbl-h11-prep-global-tests--gt-0002","Gap-timing-unaware dataset|F-statistic","tbl-h11-prep-global-tests--gt-0010|tbl-h11-prep-global-tests--gt-0002",212075,212143,39,69
8,"tbl-h11-prep-global-tests","headers",27,199849,199888,"Gap-timing-unaware dataset  Numerator df","tbl-h11-prep-global-tests--gt-0010 tbl-h11-prep-global-tests--gt-0003","Gap-timing-unaware dataset|Numerator-df","tbl-h11-prep-global-tests--gt-0010|tbl-h11-prep-global-tests--gt-0003",212205,212273,40,69
8,"tbl-h11-prep-global-tests","headers",28,199950,199991,"Gap-timing-unaware dataset  Denominator df","tbl-h11-prep-global-tests--gt-0010 tbl-h11-prep-global-tests--gt-0004","Gap-timing-unaware dataset|Denominator-df","tbl-h11-prep-global-tests--gt-0010|tbl-h11-prep-global-tests--gt-0004",212335,212403,42,69
8,"tbl-h11-prep-global-tests","headers",29,200051,200083,"Gap-timing-unaware dataset  Raw p","tbl-h11-prep-global-tests--gt-0010 tbl-h11-prep-global-tests--gt-0005","Gap-timing-unaware dataset|Raw-p","tbl-h11-prep-global-tests--gt-0010|tbl-h11-prep-global-tests--gt-0005",212463,212531,33,69
8,"tbl-h11-prep-global-tests","headers",30,200171,200212,"Gap-timing-unaware dataset  FDR-adjusted p","tbl-h11-prep-global-tests--gt-0010 tbl-h11-prep-global-tests--gt-0006","Gap-timing-unaware dataset|FDR-adjusted-p","tbl-h11-prep-global-tests--gt-0010|tbl-h11-prep-global-tests--gt-0006",212619,212687,42,69
8,"tbl-h11-prep-global-tests","headers",31,200300,200338,"Gap-timing-unaware dataset  Family size","tbl-h11-prep-global-tests--gt-0010 tbl-h11-prep-global-tests--gt-0007","Gap-timing-unaware dataset|Family-size","tbl-h11-prep-global-tests--gt-0010|tbl-h11-prep-global-tests--gt-0007",212775,212843,39,69
8,"tbl-h11-prep-global-tests","headers",32,200395,200430,"Gap-timing-unaware dataset  Decision","tbl-h11-prep-global-tests--gt-0010 tbl-h11-prep-global-tests--gt-0008","Gap-timing-unaware dataset|Decision","tbl-h11-prep-global-tests--gt-0010|tbl-h11-prep-global-tests--gt-0008",212900,212968,36,69
9,"tbl-h11-prep-decomposition","id",1,218919,218927,"Placement","tbl-h11-prep-decomposition--gt-0001","","",231457,231491,9,35
9,"tbl-h11-prep-decomposition","id",2,219054,219062,"Component","tbl-h11-prep-decomposition--gt-0002","","",231618,231652,9,35
9,"tbl-h11-prep-decomposition","id",3,219189,219199,"F-statistic","tbl-h11-prep-decomposition--gt-0003","","",231779,231813,11,35
9,"tbl-h11-prep-decomposition","id",4,219329,219340,"Numerator-df","tbl-h11-prep-decomposition--gt-0004","","",231943,231977,12,35
9,"tbl-h11-prep-decomposition","id",5,219471,219475,"Raw-p","tbl-h11-prep-decomposition--gt-0005","","",232108,232142,5,35
9,"tbl-h11-prep-decomposition","id",6,219599,219612,"FDR-adjusted-p","tbl-h11-prep-decomposition--gt-0006","","",232266,232300,14,35
9,"tbl-h11-prep-decomposition","id",7,219745,219752,"Decision","tbl-h11-prep-decomposition--gt-0007","","",232433,232467,8,35
9,"tbl-h11-prep-decomposition","id",8,219972,219986,"Primary dataset","tbl-h11-prep-decomposition--gt-0008","","",232687,232721,15,35
9,"tbl-h11-prep-decomposition","headers",1,220164,220189,"Primary dataset  Placement","tbl-h11-prep-decomposition--gt-0008 tbl-h11-prep-decomposition--gt-0001","Primary dataset|Placement","tbl-h11-prep-decomposition--gt-0008|tbl-h11-prep-decomposition--gt-0001",232899,232969,26,71
9,"tbl-h11-prep-decomposition","headers",2,220242,220267,"Primary dataset  Component","tbl-h11-prep-decomposition--gt-0008 tbl-h11-prep-decomposition--gt-0002","Primary dataset|Component","tbl-h11-prep-decomposition--gt-0008|tbl-h11-prep-decomposition--gt-0002",233022,233092,26,71
9,"tbl-h11-prep-decomposition","headers",3,220318,220345,"Primary dataset  F statistic","tbl-h11-prep-decomposition--gt-0008 tbl-h11-prep-decomposition--gt-0003","Primary dataset|F-statistic","tbl-h11-prep-decomposition--gt-0008|tbl-h11-prep-decomposition--gt-0003",233143,233213,28,71
9,"tbl-h11-prep-decomposition","headers",4,220396,220424,"Primary dataset  Numerator df","tbl-h11-prep-decomposition--gt-0008 tbl-h11-prep-decomposition--gt-0004","Primary dataset|Numerator-df","tbl-h11-prep-decomposition--gt-0008|tbl-h11-prep-decomposition--gt-0004",233264,233334,29,71
9,"tbl-h11-prep-decomposition","headers",5,220475,220496,"Primary dataset  Raw p","tbl-h11-prep-decomposition--gt-0008 tbl-h11-prep-decomposition--gt-0005","Primary dataset|Raw-p","tbl-h11-prep-decomposition--gt-0008|tbl-h11-prep-decomposition--gt-0005",233385,233455,22,71
9,"tbl-h11-prep-decomposition","headers",6,220547,220577,"Primary dataset  FDR-adjusted p","tbl-h11-prep-decomposition--gt-0008 tbl-h11-prep-decomposition--gt-0006","Primary dataset|FDR-adjusted-p","tbl-h11-prep-decomposition--gt-0008|tbl-h11-prep-decomposition--gt-0006",233506,233576,31,71
9,"tbl-h11-prep-decomposition","headers",7,220627,220651,"Primary dataset  Decision","tbl-h11-prep-decomposition--gt-0008 tbl-h11-prep-decomposition--gt-0007","Primary dataset|Decision","tbl-h11-prep-decomposition--gt-0008|tbl-h11-prep-decomposition--gt-0007",233626,233696,25,71
9,"tbl-h11-prep-decomposition","headers",8,220754,220779,"Primary dataset  Placement","tbl-h11-prep-decomposition--gt-0008 tbl-h11-prep-decomposition--gt-0001","Primary dataset|Placement","tbl-h11-prep-decomposition--gt-0008|tbl-h11-prep-decomposition--gt-0001",233799,233869,26,71
9,"tbl-h11-prep-decomposition","headers",9,220843,220868,"Primary dataset  Component","tbl-h11-prep-decomposition--gt-0008 tbl-h11-prep-decomposition--gt-0002","Primary dataset|Component","tbl-h11-prep-decomposition--gt-0008|tbl-h11-prep-decomposition--gt-0002",233933,234003,26,71
9,"tbl-h11-prep-decomposition","headers",10,220930,220957,"Primary dataset  F statistic","tbl-h11-prep-decomposition--gt-0008 tbl-h11-prep-decomposition--gt-0003","Primary dataset|F-statistic","tbl-h11-prep-decomposition--gt-0008|tbl-h11-prep-decomposition--gt-0003",234065,234135,28,71
9,"tbl-h11-prep-decomposition","headers",11,221020,221048,"Primary dataset  Numerator df","tbl-h11-prep-decomposition--gt-0008 tbl-h11-prep-decomposition--gt-0004","Primary dataset|Numerator-df","tbl-h11-prep-decomposition--gt-0008|tbl-h11-prep-decomposition--gt-0004",234198,234268,29,71
9,"tbl-h11-prep-decomposition","headers",12,221110,221131,"Primary dataset  Raw p","tbl-h11-prep-decomposition--gt-0008 tbl-h11-prep-decomposition--gt-0005","Primary dataset|Raw-p","tbl-h11-prep-decomposition--gt-0008|tbl-h11-prep-decomposition--gt-0005",234330,234400,22,71
9,"tbl-h11-prep-decomposition","headers",13,221219,221249,"Primary dataset  FDR-adjusted p","tbl-h11-prep-decomposition--gt-0008 tbl-h11-prep-decomposition--gt-0006","Primary dataset|FDR-adjusted-p","tbl-h11-prep-decomposition--gt-0008|tbl-h11-prep-decomposition--gt-0006",234488,234558,31,71
9,"tbl-h11-prep-decomposition","headers",14,221310,221334,"Primary dataset  Decision","tbl-h11-prep-decomposition--gt-0008 tbl-h11-prep-decomposition--gt-0007","Primary dataset|Decision","tbl-h11-prep-decomposition--gt-0008|tbl-h11-prep-decomposition--gt-0007",234619,234689,25,71
9,"tbl-h11-prep-decomposition","headers",15,221427,221452,"Primary dataset  Placement","tbl-h11-prep-decomposition--gt-0008 tbl-h11-prep-decomposition--gt-0001","Primary dataset|Placement","tbl-h11-prep-decomposition--gt-0008|tbl-h11-prep-decomposition--gt-0001",234782,234852,26,71
9,"tbl-h11-prep-decomposition","headers",16,221502,221527,"Primary dataset  Component","tbl-h11-prep-decomposition--gt-0008 tbl-h11-prep-decomposition--gt-0002","Primary dataset|Component","tbl-h11-prep-decomposition--gt-0008|tbl-h11-prep-decomposition--gt-0002",234902,234972,26,71
9,"tbl-h11-prep-decomposition","headers",17,221578,221605,"Primary dataset  F statistic","tbl-h11-prep-decomposition--gt-0008 tbl-h11-prep-decomposition--gt-0003","Primary dataset|F-statistic","tbl-h11-prep-decomposition--gt-0008|tbl-h11-prep-decomposition--gt-0003",235023,235093,28,71
9,"tbl-h11-prep-decomposition","headers",18,221656,221684,"Primary dataset  Numerator df","tbl-h11-prep-decomposition--gt-0008 tbl-h11-prep-decomposition--gt-0004","Primary dataset|Numerator-df","tbl-h11-prep-decomposition--gt-0008|tbl-h11-prep-decomposition--gt-0004",235144,235214,29,71
9,"tbl-h11-prep-decomposition","headers",19,221735,221756,"Primary dataset  Raw p","tbl-h11-prep-decomposition--gt-0008 tbl-h11-prep-decomposition--gt-0005","Primary dataset|Raw-p","tbl-h11-prep-decomposition--gt-0008|tbl-h11-prep-decomposition--gt-0005",235265,235335,22,71
9,"tbl-h11-prep-decomposition","headers",20,221833,221863,"Primary dataset  FDR-adjusted p","tbl-h11-prep-decomposition--gt-0008 tbl-h11-prep-decomposition--gt-0006","Primary dataset|FDR-adjusted-p","tbl-h11-prep-decomposition--gt-0008|tbl-h11-prep-decomposition--gt-0006",235412,235482,31,71
9,"tbl-h11-prep-decomposition","headers",21,221913,221937,"Primary dataset  Decision","tbl-h11-prep-decomposition--gt-0008 tbl-h11-prep-decomposition--gt-0007","Primary dataset|Decision","tbl-h11-prep-decomposition--gt-0008|tbl-h11-prep-decomposition--gt-0007",235532,235602,25,71
9,"tbl-h11-prep-decomposition","headers",22,222040,222065,"Primary dataset  Placement","tbl-h11-prep-decomposition--gt-0008 tbl-h11-prep-decomposition--gt-0001","Primary dataset|Placement","tbl-h11-prep-decomposition--gt-0008|tbl-h11-prep-decomposition--gt-0001",235705,235775,26,71
9,"tbl-h11-prep-decomposition","headers",23,222126,222151,"Primary dataset  Component","tbl-h11-prep-decomposition--gt-0008 tbl-h11-prep-decomposition--gt-0002","Primary dataset|Component","tbl-h11-prep-decomposition--gt-0008|tbl-h11-prep-decomposition--gt-0002",235836,235906,26,71
9,"tbl-h11-prep-decomposition","headers",24,222213,222240,"Primary dataset  F statistic","tbl-h11-prep-decomposition--gt-0008 tbl-h11-prep-decomposition--gt-0003","Primary dataset|F-statistic","tbl-h11-prep-decomposition--gt-0008|tbl-h11-prep-decomposition--gt-0003",235968,236038,28,71
9,"tbl-h11-prep-decomposition","headers",25,222302,222330,"Primary dataset  Numerator df","tbl-h11-prep-decomposition--gt-0008 tbl-h11-prep-decomposition--gt-0004","Primary dataset|Numerator-df","tbl-h11-prep-decomposition--gt-0008|tbl-h11-prep-decomposition--gt-0004",236100,236170,29,71
9,"tbl-h11-prep-decomposition","headers",26,222392,222413,"Primary dataset  Raw p","tbl-h11-prep-decomposition--gt-0008 tbl-h11-prep-decomposition--gt-0005","Primary dataset|Raw-p","tbl-h11-prep-decomposition--gt-0008|tbl-h11-prep-decomposition--gt-0005",236232,236302,22,71
9,"tbl-h11-prep-decomposition","headers",27,222475,222505,"Primary dataset  FDR-adjusted p","tbl-h11-prep-decomposition--gt-0008 tbl-h11-prep-decomposition--gt-0006","Primary dataset|FDR-adjusted-p","tbl-h11-prep-decomposition--gt-0008|tbl-h11-prep-decomposition--gt-0006",236364,236434,31,71
9,"tbl-h11-prep-decomposition","headers",28,222566,222590,"Primary dataset  Decision","tbl-h11-prep-decomposition--gt-0008 tbl-h11-prep-decomposition--gt-0007","Primary dataset|Decision","tbl-h11-prep-decomposition--gt-0008|tbl-h11-prep-decomposition--gt-0007",236495,236565,25,71
9,"tbl-h11-prep-decomposition","id",9,222688,222713,"Gap-timing-unaware dataset","tbl-h11-prep-decomposition--gt-0009","","",236663,236697,26,35
9,"tbl-h11-prep-decomposition","headers",29,222901,222937,"Gap-timing-unaware dataset  Placement","tbl-h11-prep-decomposition--gt-0009 tbl-h11-prep-decomposition--gt-0001","Gap-timing-unaware dataset|Placement","tbl-h11-prep-decomposition--gt-0009|tbl-h11-prep-decomposition--gt-0001",236885,236955,37,71
9,"tbl-h11-prep-decomposition","headers",30,222990,223026,"Gap-timing-unaware dataset  Component","tbl-h11-prep-decomposition--gt-0009 tbl-h11-prep-decomposition--gt-0002","Gap-timing-unaware dataset|Component","tbl-h11-prep-decomposition--gt-0009|tbl-h11-prep-decomposition--gt-0002",237008,237078,37,71
9,"tbl-h11-prep-decomposition","headers",31,223077,223115,"Gap-timing-unaware dataset  F statistic","tbl-h11-prep-decomposition--gt-0009 tbl-h11-prep-decomposition--gt-0003","Gap-timing-unaware dataset|F-statistic","tbl-h11-prep-decomposition--gt-0009|tbl-h11-prep-decomposition--gt-0003",237129,237199,39,71
9,"tbl-h11-prep-decomposition","headers",32,223166,223205,"Gap-timing-unaware dataset  Numerator df","tbl-h11-prep-decomposition--gt-0009 tbl-h11-prep-decomposition--gt-0004","Gap-timing-unaware dataset|Numerator-df","tbl-h11-prep-decomposition--gt-0009|tbl-h11-prep-decomposition--gt-0004",237250,237320,40,71
9,"tbl-h11-prep-decomposition","headers",33,223256,223288,"Gap-timing-unaware dataset  Raw p","tbl-h11-prep-decomposition--gt-0009 tbl-h11-prep-decomposition--gt-0005","Gap-timing-unaware dataset|Raw-p","tbl-h11-prep-decomposition--gt-0009|tbl-h11-prep-decomposition--gt-0005",237371,237441,33,71
9,"tbl-h11-prep-decomposition","headers",34,223339,223380,"Gap-timing-unaware dataset  FDR-adjusted p","tbl-h11-prep-decomposition--gt-0009 tbl-h11-prep-decomposition--gt-0006","Gap-timing-unaware dataset|FDR-adjusted-p","tbl-h11-prep-decomposition--gt-0009|tbl-h11-prep-decomposition--gt-0006",237492,237562,42,71
9,"tbl-h11-prep-decomposition","headers",35,223430,223465,"Gap-timing-unaware dataset  Decision","tbl-h11-prep-decomposition--gt-0009 tbl-h11-prep-decomposition--gt-0007","Gap-timing-unaware dataset|Decision","tbl-h11-prep-decomposition--gt-0009|tbl-h11-prep-decomposition--gt-0007",237612,237682,36,71
9,"tbl-h11-prep-decomposition","headers",36,223569,223605,"Gap-timing-unaware dataset  Placement","tbl-h11-prep-decomposition--gt-0009 tbl-h11-prep-decomposition--gt-0001","Gap-timing-unaware dataset|Placement","tbl-h11-prep-decomposition--gt-0009|tbl-h11-prep-decomposition--gt-0001",237786,237856,37,71
9,"tbl-h11-prep-decomposition","headers",37,223669,223705,"Gap-timing-unaware dataset  Component","tbl-h11-prep-decomposition--gt-0009 tbl-h11-prep-decomposition--gt-0002","Gap-timing-unaware dataset|Component","tbl-h11-prep-decomposition--gt-0009|tbl-h11-prep-decomposition--gt-0002",237920,237990,37,71
9,"tbl-h11-prep-decomposition","headers",38,223767,223805,"Gap-timing-unaware dataset  F statistic","tbl-h11-prep-decomposition--gt-0009 tbl-h11-prep-decomposition--gt-0003","Gap-timing-unaware dataset|F-statistic","tbl-h11-prep-decomposition--gt-0009|tbl-h11-prep-decomposition--gt-0003",238052,238122,39,71
9,"tbl-h11-prep-decomposition","headers",39,223868,223907,"Gap-timing-unaware dataset  Numerator df","tbl-h11-prep-decomposition--gt-0009 tbl-h11-prep-decomposition--gt-0004","Gap-timing-unaware dataset|Numerator-df","tbl-h11-prep-decomposition--gt-0009|tbl-h11-prep-decomposition--gt-0004",238185,238255,40,71
9,"tbl-h11-prep-decomposition","headers",40,223969,224001,"Gap-timing-unaware dataset  Raw p","tbl-h11-prep-decomposition--gt-0009 tbl-h11-prep-decomposition--gt-0005","Gap-timing-unaware dataset|Raw-p","tbl-h11-prep-decomposition--gt-0009|tbl-h11-prep-decomposition--gt-0005",238317,238387,33,71
9,"tbl-h11-prep-decomposition","headers",41,224089,224130,"Gap-timing-unaware dataset  FDR-adjusted p","tbl-h11-prep-decomposition--gt-0009 tbl-h11-prep-decomposition--gt-0006","Gap-timing-unaware dataset|FDR-adjusted-p","tbl-h11-prep-decomposition--gt-0009|tbl-h11-prep-decomposition--gt-0006",238475,238545,42,71
9,"tbl-h11-prep-decomposition","headers",42,224191,224226,"Gap-timing-unaware dataset  Decision","tbl-h11-prep-decomposition--gt-0009 tbl-h11-prep-decomposition--gt-0007","Gap-timing-unaware dataset|Decision","tbl-h11-prep-decomposition--gt-0009|tbl-h11-prep-decomposition--gt-0007",238606,238676,36,71
9,"tbl-h11-prep-decomposition","headers",43,224318,224354,"Gap-timing-unaware dataset  Placement","tbl-h11-prep-decomposition--gt-0009 tbl-h11-prep-decomposition--gt-0001","Gap-timing-unaware dataset|Placement","tbl-h11-prep-decomposition--gt-0009|tbl-h11-prep-decomposition--gt-0001",238768,238838,37,71
9,"tbl-h11-prep-decomposition","headers",44,224404,224440,"Gap-timing-unaware dataset  Component","tbl-h11-prep-decomposition--gt-0009 tbl-h11-prep-decomposition--gt-0002","Gap-timing-unaware dataset|Component","tbl-h11-prep-decomposition--gt-0009|tbl-h11-prep-decomposition--gt-0002",238888,238958,37,71
9,"tbl-h11-prep-decomposition","headers",45,224491,224529,"Gap-timing-unaware dataset  F statistic","tbl-h11-prep-decomposition--gt-0009 tbl-h11-prep-decomposition--gt-0003","Gap-timing-unaware dataset|F-statistic","tbl-h11-prep-decomposition--gt-0009|tbl-h11-prep-decomposition--gt-0003",239009,239079,39,71
9,"tbl-h11-prep-decomposition","headers",46,224580,224619,"Gap-timing-unaware dataset  Numerator df","tbl-h11-prep-decomposition--gt-0009 tbl-h11-prep-decomposition--gt-0004","Gap-timing-unaware dataset|Numerator-df","tbl-h11-prep-decomposition--gt-0009|tbl-h11-prep-decomposition--gt-0004",239130,239200,40,71
9,"tbl-h11-prep-decomposition","headers",47,224670,224702,"Gap-timing-unaware dataset  Raw p","tbl-h11-prep-decomposition--gt-0009 tbl-h11-prep-decomposition--gt-0005","Gap-timing-unaware dataset|Raw-p","tbl-h11-prep-decomposition--gt-0009|tbl-h11-prep-decomposition--gt-0005",239251,239321,33,71
9,"tbl-h11-prep-decomposition","headers",48,224779,224820,"Gap-timing-unaware dataset  FDR-adjusted p","tbl-h11-prep-decomposition--gt-0009 tbl-h11-prep-decomposition--gt-0006","Gap-timing-unaware dataset|FDR-adjusted-p","tbl-h11-prep-decomposition--gt-0009|tbl-h11-prep-decomposition--gt-0006",239398,239468,42,71
9,"tbl-h11-prep-decomposition","headers",49,224870,224905,"Gap-timing-unaware dataset  Decision","tbl-h11-prep-decomposition--gt-0009 tbl-h11-prep-decomposition--gt-0007","Gap-timing-unaware dataset|Decision","tbl-h11-prep-decomposition--gt-0009|tbl-h11-prep-decomposition--gt-0007",239518,239588,36,71
9,"tbl-h11-prep-decomposition","headers",50,225009,225045,"Gap-timing-unaware dataset  Placement","tbl-h11-prep-decomposition--gt-0009 tbl-h11-prep-decomposition--gt-0001","Gap-timing-unaware dataset|Placement","tbl-h11-prep-decomposition--gt-0009|tbl-h11-prep-decomposition--gt-0001",239692,239762,37,71
9,"tbl-h11-prep-decomposition","headers",51,225106,225142,"Gap-timing-unaware dataset  Component","tbl-h11-prep-decomposition--gt-0009 tbl-h11-prep-decomposition--gt-0002","Gap-timing-unaware dataset|Component","tbl-h11-prep-decomposition--gt-0009|tbl-h11-prep-decomposition--gt-0002",239823,239893,37,71
9,"tbl-h11-prep-decomposition","headers",52,225204,225242,"Gap-timing-unaware dataset  F statistic","tbl-h11-prep-decomposition--gt-0009 tbl-h11-prep-decomposition--gt-0003","Gap-timing-unaware dataset|F-statistic","tbl-h11-prep-decomposition--gt-0009|tbl-h11-prep-decomposition--gt-0003",239955,240025,39,71
9,"tbl-h11-prep-decomposition","headers",53,225304,225343,"Gap-timing-unaware dataset  Numerator df","tbl-h11-prep-decomposition--gt-0009 tbl-h11-prep-decomposition--gt-0004","Gap-timing-unaware dataset|Numerator-df","tbl-h11-prep-decomposition--gt-0009|tbl-h11-prep-decomposition--gt-0004",240087,240157,40,71
9,"tbl-h11-prep-decomposition","headers",54,225405,225437,"Gap-timing-unaware dataset  Raw p","tbl-h11-prep-decomposition--gt-0009 tbl-h11-prep-decomposition--gt-0005","Gap-timing-unaware dataset|Raw-p","tbl-h11-prep-decomposition--gt-0009|tbl-h11-prep-decomposition--gt-0005",240219,240289,33,71
9,"tbl-h11-prep-decomposition","headers",55,225499,225540,"Gap-timing-unaware dataset  FDR-adjusted p","tbl-h11-prep-decomposition--gt-0009 tbl-h11-prep-decomposition--gt-0006","Gap-timing-unaware dataset|FDR-adjusted-p","tbl-h11-prep-decomposition--gt-0009|tbl-h11-prep-decomposition--gt-0006",240351,240421,42,71
9,"tbl-h11-prep-decomposition","headers",56,225601,225636,"Gap-timing-unaware dataset  Decision","tbl-h11-prep-decomposition--gt-0009 tbl-h11-prep-decomposition--gt-0007","Gap-timing-unaware dataset|Decision","tbl-h11-prep-decomposition--gt-0009|tbl-h11-prep-decomposition--gt-0007",240482,240552,36,71
10,"tbl-h11-prep-effect-sizes","id",1,239737,239745,"Placement","tbl-h11-prep-effect-sizes--gt-0001","","",254653,254686,9,34
10,"tbl-h11-prep-effect-sizes","id",2,239872,239883,"Participants","tbl-h11-prep-effect-sizes--gt-0002","","",254813,254846,12,34
10,"tbl-h11-prep-effect-sizes","id",3,240014,240029,"Participant-days","tbl-h11-prep-effect-sizes--gt-0003","","",254977,255010,16,34
10,"tbl-h11-prep-effect-sizes","id",4,240164,240175,"Observations","tbl-h11-prep-effect-sizes--gt-0004","","",255145,255178,12,34
10,"tbl-h11-prep-effect-sizes","id",5,240306,240313,"Estimate","tbl-h11-prep-effect-sizes--gt-0005","","",255309,255342,8,34
10,"tbl-h11-prep-effect-sizes","id",6,240440,240448,"Lower-95%","tbl-h11-prep-effect-sizes--gt-0006","","",255469,255502,9,34
10,"tbl-h11-prep-effect-sizes","id",7,240576,240584,"Upper-95%","tbl-h11-prep-effect-sizes--gt-0007","","",255630,255663,9,34
10,"tbl-h11-prep-effect-sizes","id",8,240712,240715,"Unit","tbl-h11-prep-effect-sizes--gt-0008","","",255791,255824,4,34
10,"tbl-h11-prep-effect-sizes","headers",1,240926,240934,"Placement","tbl-h11-prep-effect-sizes--gt-0001","Placement","tbl-h11-prep-effect-sizes--gt-0001",256035,256068,9,34
10,"tbl-h11-prep-effect-sizes","headers",2,240988,240999,"Participants","tbl-h11-prep-effect-sizes--gt-0002","Participants","tbl-h11-prep-effect-sizes--gt-0002",256122,256155,12,34
10,"tbl-h11-prep-effect-sizes","headers",3,241048,241063,"Participant-days","tbl-h11-prep-effect-sizes--gt-0003","Participant-days","tbl-h11-prep-effect-sizes--gt-0003",256204,256237,16,34
10,"tbl-h11-prep-effect-sizes","headers",4,241112,241123,"Observations","tbl-h11-prep-effect-sizes--gt-0004","Observations","tbl-h11-prep-effect-sizes--gt-0004",256286,256319,12,34
10,"tbl-h11-prep-effect-sizes","headers",5,241175,241182,"Estimate","tbl-h11-prep-effect-sizes--gt-0005","Estimate","tbl-h11-prep-effect-sizes--gt-0005",256371,256404,8,34
10,"tbl-h11-prep-effect-sizes","headers",6,241234,241242,"Lower 95%","tbl-h11-prep-effect-sizes--gt-0006","Lower-95%","tbl-h11-prep-effect-sizes--gt-0006",256456,256489,9,34
10,"tbl-h11-prep-effect-sizes","headers",7,241294,241302,"Upper 95%","tbl-h11-prep-effect-sizes--gt-0007","Upper-95%","tbl-h11-prep-effect-sizes--gt-0007",256541,256574,9,34
10,"tbl-h11-prep-effect-sizes","headers",8,241353,241356,"Unit","tbl-h11-prep-effect-sizes--gt-0008","Unit","tbl-h11-prep-effect-sizes--gt-0008",256625,256658,4,34
10,"tbl-h11-prep-effect-sizes","headers",9,241483,241491,"Placement","tbl-h11-prep-effect-sizes--gt-0001","Placement","tbl-h11-prep-effect-sizes--gt-0001",256785,256818,9,34
10,"tbl-h11-prep-effect-sizes","headers",10,241553,241564,"Participants","tbl-h11-prep-effect-sizes--gt-0002","Participants","tbl-h11-prep-effect-sizes--gt-0002",256880,256913,12,34
10,"tbl-h11-prep-effect-sizes","headers",11,241624,241639,"Participant-days","tbl-h11-prep-effect-sizes--gt-0003","Participant-days","tbl-h11-prep-effect-sizes--gt-0003",256973,257006,16,34
10,"tbl-h11-prep-effect-sizes","headers",12,241699,241710,"Observations","tbl-h11-prep-effect-sizes--gt-0004","Observations","tbl-h11-prep-effect-sizes--gt-0004",257066,257099,12,34
10,"tbl-h11-prep-effect-sizes","headers",13,241773,241780,"Estimate","tbl-h11-prep-effect-sizes--gt-0005","Estimate","tbl-h11-prep-effect-sizes--gt-0005",257162,257195,8,34
10,"tbl-h11-prep-effect-sizes","headers",14,241843,241851,"Lower 95%","tbl-h11-prep-effect-sizes--gt-0006","Lower-95%","tbl-h11-prep-effect-sizes--gt-0006",257258,257291,9,34
10,"tbl-h11-prep-effect-sizes","headers",15,241914,241922,"Upper 95%","tbl-h11-prep-effect-sizes--gt-0007","Upper-95%","tbl-h11-prep-effect-sizes--gt-0007",257354,257387,9,34
10,"tbl-h11-prep-effect-sizes","headers",16,241984,241987,"Unit","tbl-h11-prep-effect-sizes--gt-0008","Unit","tbl-h11-prep-effect-sizes--gt-0008",257449,257482,4,34
11,"tbl-h11-prep-parametric-level","id",1,255260,255268,"Placement","tbl-h11-prep-parametric-level--gt-0001","","",270755,270792,9,38
11,"tbl-h11-prep-parametric-level","id",2,255395,255420,"Female-minus-Male-estimate","tbl-h11-prep-parametric-level--gt-0002","","",270919,270956,26,38
11,"tbl-h11-prep-parametric-level","id",3,255565,255573,"Lower-95%","tbl-h11-prep-parametric-level--gt-0003","","",271101,271138,9,38
11,"tbl-h11-prep-parametric-level","id",4,255701,255709,"Upper-95%","tbl-h11-prep-parametric-level--gt-0004","","",271266,271303,9,38
11,"tbl-h11-prep-parametric-level","id",5,255837,255855,"Shifted-value-ratio","tbl-h11-prep-parametric-level--gt-0005","","",271431,271468,19,38
11,"tbl-h11-prep-parametric-level","id",6,255993,256007,"Ratio-lower-95%","tbl-h11-prep-parametric-level--gt-0006","","",271606,271643,15,38
11,"tbl-h11-prep-parametric-level","id",7,256141,256155,"Ratio-upper-95%","tbl-h11-prep-parametric-level--gt-0007","","",271777,271814,15,38
11,"tbl-h11-prep-parametric-level","headers",1,256378,256386,"Placement","tbl-h11-prep-parametric-level--gt-0001","Placement","tbl-h11-prep-parametric-level--gt-0001",272037,272074,9,38
11,"tbl-h11-prep-parametric-level","headers",2,256440,256465,"Female-minus-Male estimate","tbl-h11-prep-parametric-level--gt-0002","Female-minus-Male-estimate","tbl-h11-prep-parametric-level--gt-0002",272128,272165,26,38
11,"tbl-h11-prep-parametric-level","headers",3,256519,256527,"Lower 95%","tbl-h11-prep-parametric-level--gt-0003","Lower-95%","tbl-h11-prep-parametric-level--gt-0003",272219,272256,9,38
11,"tbl-h11-prep-parametric-level","headers",4,256581,256589,"Upper 95%","tbl-h11-prep-parametric-level--gt-0004","Upper-95%","tbl-h11-prep-parametric-level--gt-0004",272310,272347,9,38
11,"tbl-h11-prep-parametric-level","headers",5,256640,256658,"Shifted-value ratio","tbl-h11-prep-parametric-level--gt-0005","Shifted-value-ratio","tbl-h11-prep-parametric-level--gt-0005",272398,272435,19,38
11,"tbl-h11-prep-parametric-level","headers",6,256709,256723,"Ratio lower 95%","tbl-h11-prep-parametric-level--gt-0006","Ratio-lower-95%","tbl-h11-prep-parametric-level--gt-0006",272486,272523,15,38
11,"tbl-h11-prep-parametric-level","headers",7,256774,256788,"Ratio upper 95%","tbl-h11-prep-parametric-level--gt-0007","Ratio-upper-95%","tbl-h11-prep-parametric-level--gt-0007",272574,272611,15,38
11,"tbl-h11-prep-parametric-level","headers",8,256873,256881,"Placement","tbl-h11-prep-parametric-level--gt-0001","Placement","tbl-h11-prep-parametric-level--gt-0001",272696,272733,9,38
11,"tbl-h11-prep-parametric-level","headers",9,256943,256968,"Female-minus-Male estimate","tbl-h11-prep-parametric-level--gt-0002","Female-minus-Male-estimate","tbl-h11-prep-parametric-level--gt-0002",272795,272832,26,38
11,"tbl-h11-prep-parametric-level","headers",10,257033,257041,"Lower 95%","tbl-h11-prep-parametric-level--gt-0003","Lower-95%","tbl-h11-prep-parametric-level--gt-0003",272897,272934,9,38
11,"tbl-h11-prep-parametric-level","headers",11,257106,257114,"Upper 95%","tbl-h11-prep-parametric-level--gt-0004","Upper-95%","tbl-h11-prep-parametric-level--gt-0004",272999,273036,9,38
11,"tbl-h11-prep-parametric-level","headers",12,257179,257197,"Shifted-value ratio","tbl-h11-prep-parametric-level--gt-0005","Shifted-value-ratio","tbl-h11-prep-parametric-level--gt-0005",273101,273138,19,38
11,"tbl-h11-prep-parametric-level","headers",13,257259,257273,"Ratio lower 95%","tbl-h11-prep-parametric-level--gt-0006","Ratio-lower-95%","tbl-h11-prep-parametric-level--gt-0006",273200,273237,15,38
11,"tbl-h11-prep-parametric-level","headers",14,257335,257349,"Ratio upper 95%","tbl-h11-prep-parametric-level--gt-0007","Ratio-upper-95%","tbl-h11-prep-parametric-level--gt-0007",273299,273336,15,38
12,"tbl-h11-prep-diagnostic-assessment","id",1,271248,271256,"Placement","tbl-h11-prep-diagnostic-assessment--gt-0001","","",287235,287277,9,43
12,"tbl-h11-prep-diagnostic-assessment","id",2,271383,271392,"Assessment","tbl-h11-prep-diagnostic-assessment--gt-0002","","",287404,287446,10,43
12,"tbl-h11-prep-diagnostic-assessment","id",3,271520,271528,"Converged","tbl-h11-prep-diagnostic-assessment--gt-0003","","",287574,287616,9,43
12,"tbl-h11-prep-diagnostic-assessment","id",4,271657,271670,"Cyclic-closure","tbl-h11-prep-diagnostic-assessment--gt-0004","","",287745,287787,14,43
12,"tbl-h11-prep-diagnostic-assessment","id",5,271804,271818,"Site-constraint","tbl-h11-prep-diagnostic-assessment--gt-0005","","",287921,287963,15,43
12,"tbl-h11-prep-diagnostic-assessment","id",6,271953,271984,"Final-lag-1-residual-correlation","tbl-h11-prep-diagnostic-assessment--gt-0006","","",288098,288140,32,43
12,"tbl-h11-prep-diagnostic-assessment","id",7,272135,272152,"Severe-basis-flags","tbl-h11-prep-diagnostic-assessment--gt-0007","","",288291,288333,18,43
12,"tbl-h11-prep-diagnostic-assessment","id",8,272383,272397,"Primary dataset","tbl-h11-prep-diagnostic-assessment--gt-0008","","",288564,288606,15,43
12,"tbl-h11-prep-diagnostic-assessment","headers",1,272575,272600,"Primary dataset  Placement","tbl-h11-prep-diagnostic-assessment--gt-0008 tbl-h11-prep-diagnostic-assessment--gt-0001","Primary dataset|Placement","tbl-h11-prep-diagnostic-assessment--gt-0008|tbl-h11-prep-diagnostic-assessment--gt-0001",288784,288870,26,87
12,"tbl-h11-prep-diagnostic-assessment","headers",2,272653,272679,"Primary dataset  Assessment","tbl-h11-prep-diagnostic-assessment--gt-0008 tbl-h11-prep-diagnostic-assessment--gt-0002","Primary dataset|Assessment","tbl-h11-prep-diagnostic-assessment--gt-0008|tbl-h11-prep-diagnostic-assessment--gt-0002",288923,289009,27,87
12,"tbl-h11-prep-diagnostic-assessment","headers",3,272763,272788,"Primary dataset  Converged","tbl-h11-prep-diagnostic-assessment--gt-0008 tbl-h11-prep-diagnostic-assessment--gt-0003","Primary dataset|Converged","tbl-h11-prep-diagnostic-assessment--gt-0008|tbl-h11-prep-diagnostic-assessment--gt-0003",289093,289179,26,87
12,"tbl-h11-prep-diagnostic-assessment","headers",4,272839,272869,"Primary dataset  Cyclic closure","tbl-h11-prep-diagnostic-assessment--gt-0008 tbl-h11-prep-diagnostic-assessment--gt-0004","Primary dataset|Cyclic-closure","tbl-h11-prep-diagnostic-assessment--gt-0008|tbl-h11-prep-diagnostic-assessment--gt-0004",289230,289316,31,87
12,"tbl-h11-prep-diagnostic-assessment","headers",5,272920,272951,"Primary dataset  Site constraint","tbl-h11-prep-diagnostic-assessment--gt-0008 tbl-h11-prep-diagnostic-assessment--gt-0005","Primary dataset|Site-constraint","tbl-h11-prep-diagnostic-assessment--gt-0008|tbl-h11-prep-diagnostic-assessment--gt-0005",289367,289453,32,87
12,"tbl-h11-prep-diagnostic-assessment","headers",6,273001,273049,"Primary dataset  Final lag-1 residual correlation","tbl-h11-prep-diagnostic-assessment--gt-0008 tbl-h11-prep-diagnostic-assessment--gt-0006","Primary dataset|Final-lag-1-residual-correlation","tbl-h11-prep-diagnostic-assessment--gt-0008|tbl-h11-prep-diagnostic-assessment--gt-0006",289503,289589,49,87
12,"tbl-h11-prep-diagnostic-assessment","headers",7,273100,273134,"Primary dataset  Severe basis flags","tbl-h11-prep-diagnostic-assessment--gt-0008 tbl-h11-prep-diagnostic-assessment--gt-0007","Primary dataset|Severe-basis-flags","tbl-h11-prep-diagnostic-assessment--gt-0008|tbl-h11-prep-diagnostic-assessment--gt-0007",289640,289726,35,87
12,"tbl-h11-prep-diagnostic-assessment","headers",8,273214,273239,"Primary dataset  Placement","tbl-h11-prep-diagnostic-assessment--gt-0008 tbl-h11-prep-diagnostic-assessment--gt-0001","Primary dataset|Placement","tbl-h11-prep-diagnostic-assessment--gt-0008|tbl-h11-prep-diagnostic-assessment--gt-0001",289806,289892,26,87
12,"tbl-h11-prep-diagnostic-assessment","headers",9,273300,273326,"Primary dataset  Assessment","tbl-h11-prep-diagnostic-assessment--gt-0008 tbl-h11-prep-diagnostic-assessment--gt-0002","Primary dataset|Assessment","tbl-h11-prep-diagnostic-assessment--gt-0008|tbl-h11-prep-diagnostic-assessment--gt-0002",289953,290039,27,87
12,"tbl-h11-prep-diagnostic-assessment","headers",10,273421,273446,"Primary dataset  Converged","tbl-h11-prep-diagnostic-assessment--gt-0008 tbl-h11-prep-diagnostic-assessment--gt-0003","Primary dataset|Converged","tbl-h11-prep-diagnostic-assessment--gt-0008|tbl-h11-prep-diagnostic-assessment--gt-0003",290134,290220,26,87
12,"tbl-h11-prep-diagnostic-assessment","headers",11,273508,273538,"Primary dataset  Cyclic closure","tbl-h11-prep-diagnostic-assessment--gt-0008 tbl-h11-prep-diagnostic-assessment--gt-0004","Primary dataset|Cyclic-closure","tbl-h11-prep-diagnostic-assessment--gt-0008|tbl-h11-prep-diagnostic-assessment--gt-0004",290282,290368,31,87
12,"tbl-h11-prep-diagnostic-assessment","headers",12,273600,273631,"Primary dataset  Site constraint","tbl-h11-prep-diagnostic-assessment--gt-0008 tbl-h11-prep-diagnostic-assessment--gt-0005","Primary dataset|Site-constraint","tbl-h11-prep-diagnostic-assessment--gt-0008|tbl-h11-prep-diagnostic-assessment--gt-0005",290430,290516,32,87
12,"tbl-h11-prep-diagnostic-assessment","headers",13,273692,273740,"Primary dataset  Final lag-1 residual correlation","tbl-h11-prep-diagnostic-assessment--gt-0008 tbl-h11-prep-diagnostic-assessment--gt-0006","Primary dataset|Final-lag-1-residual-correlation","tbl-h11-prep-diagnostic-assessment--gt-0008|tbl-h11-prep-diagnostic-assessment--gt-0006",290577,290663,49,87
12,"tbl-h11-prep-diagnostic-assessment","headers",14,273802,273836,"Primary dataset  Severe basis flags","tbl-h11-prep-diagnostic-assessment--gt-0008 tbl-h11-prep-diagnostic-assessment--gt-0007","Primary dataset|Severe-basis-flags","tbl-h11-prep-diagnostic-assessment--gt-0008|tbl-h11-prep-diagnostic-assessment--gt-0007",290725,290811,35,87
12,"tbl-h11-prep-diagnostic-assessment","id",9,273911,273936,"Gap-timing-unaware dataset","tbl-h11-prep-diagnostic-assessment--gt-0009","","",290886,290928,26,43
12,"tbl-h11-prep-diagnostic-assessment","headers",15,274124,274160,"Gap-timing-unaware dataset  Placement","tbl-h11-prep-diagnostic-assessment--gt-0009 tbl-h11-prep-diagnostic-assessment--gt-0001","Gap-timing-unaware dataset|Placement","tbl-h11-prep-diagnostic-assessment--gt-0009|tbl-h11-prep-diagnostic-assessment--gt-0001",291116,291202,37,87
12,"tbl-h11-prep-diagnostic-assessment","headers",16,274213,274250,"Gap-timing-unaware dataset  Assessment","tbl-h11-prep-diagnostic-assessment--gt-0009 tbl-h11-prep-diagnostic-assessment--gt-0002","Gap-timing-unaware dataset|Assessment","tbl-h11-prep-diagnostic-assessment--gt-0009|tbl-h11-prep-diagnostic-assessment--gt-0002",291255,291341,38,87
12,"tbl-h11-prep-diagnostic-assessment","headers",17,274334,274370,"Gap-timing-unaware dataset  Converged","tbl-h11-prep-diagnostic-assessment--gt-0009 tbl-h11-prep-diagnostic-assessment--gt-0003","Gap-timing-unaware dataset|Converged","tbl-h11-prep-diagnostic-assessment--gt-0009|tbl-h11-prep-diagnostic-assessment--gt-0003",291425,291511,37,87
12,"tbl-h11-prep-diagnostic-assessment","headers",18,274421,274462,"Gap-timing-unaware dataset  Cyclic closure","tbl-h11-prep-diagnostic-assessment--gt-0009 tbl-h11-prep-diagnostic-assessment--gt-0004","Gap-timing-unaware dataset|Cyclic-closure","tbl-h11-prep-diagnostic-assessment--gt-0009|tbl-h11-prep-diagnostic-assessment--gt-0004",291562,291648,42,87
12,"tbl-h11-prep-diagnostic-assessment","headers",19,274513,274555,"Gap-timing-unaware dataset  Site constraint","tbl-h11-prep-diagnostic-assessment--gt-0009 tbl-h11-prep-diagnostic-assessment--gt-0005","Gap-timing-unaware dataset|Site-constraint","tbl-h11-prep-diagnostic-assessment--gt-0009|tbl-h11-prep-diagnostic-assessment--gt-0005",291699,291785,43,87
12,"tbl-h11-prep-diagnostic-assessment","headers",20,274605,274664,"Gap-timing-unaware dataset  Final lag-1 residual correlation","tbl-h11-prep-diagnostic-assessment--gt-0009 tbl-h11-prep-diagnostic-assessment--gt-0006","Gap-timing-unaware dataset|Final-lag-1-residual-correlation","tbl-h11-prep-diagnostic-assessment--gt-0009|tbl-h11-prep-diagnostic-assessment--gt-0006",291835,291921,60,87
12,"tbl-h11-prep-diagnostic-assessment","headers",21,274715,274760,"Gap-timing-unaware dataset  Severe basis flags","tbl-h11-prep-diagnostic-assessment--gt-0009 tbl-h11-prep-diagnostic-assessment--gt-0007","Gap-timing-unaware dataset|Severe-basis-flags","tbl-h11-prep-diagnostic-assessment--gt-0009|tbl-h11-prep-diagnostic-assessment--gt-0007",291972,292058,46,87
12,"tbl-h11-prep-diagnostic-assessment","headers",22,274841,274877,"Gap-timing-unaware dataset  Placement","tbl-h11-prep-diagnostic-assessment--gt-0009 tbl-h11-prep-diagnostic-assessment--gt-0001","Gap-timing-unaware dataset|Placement","tbl-h11-prep-diagnostic-assessment--gt-0009|tbl-h11-prep-diagnostic-assessment--gt-0001",292139,292225,37,87
12,"tbl-h11-prep-diagnostic-assessment","headers",23,274938,274975,"Gap-timing-unaware dataset  Assessment","tbl-h11-prep-diagnostic-assessment--gt-0009 tbl-h11-prep-diagnostic-assessment--gt-0002","Gap-timing-unaware dataset|Assessment","tbl-h11-prep-diagnostic-assessment--gt-0009|tbl-h11-prep-diagnostic-assessment--gt-0002",292286,292372,38,87
12,"tbl-h11-prep-diagnostic-assessment","headers",24,275070,275106,"Gap-timing-unaware dataset  Converged","tbl-h11-prep-diagnostic-assessment--gt-0009 tbl-h11-prep-diagnostic-assessment--gt-0003","Gap-timing-unaware dataset|Converged","tbl-h11-prep-diagnostic-assessment--gt-0009|tbl-h11-prep-diagnostic-assessment--gt-0003",292467,292553,37,87
12,"tbl-h11-prep-diagnostic-assessment","headers",25,275168,275209,"Gap-timing-unaware dataset  Cyclic closure","tbl-h11-prep-diagnostic-assessment--gt-0009 tbl-h11-prep-diagnostic-assessment--gt-0004","Gap-timing-unaware dataset|Cyclic-closure","tbl-h11-prep-diagnostic-assessment--gt-0009|tbl-h11-prep-diagnostic-assessment--gt-0004",292615,292701,42,87
12,"tbl-h11-prep-diagnostic-assessment","headers",26,275271,275313,"Gap-timing-unaware dataset  Site constraint","tbl-h11-prep-diagnostic-assessment--gt-0009 tbl-h11-prep-diagnostic-assessment--gt-0005","Gap-timing-unaware dataset|Site-constraint","tbl-h11-prep-diagnostic-assessment--gt-0009|tbl-h11-prep-diagnostic-assessment--gt-0005",292763,292849,43,87
12,"tbl-h11-prep-diagnostic-assessment","headers",27,275374,275433,"Gap-timing-unaware dataset  Final lag-1 residual correlation","tbl-h11-prep-diagnostic-assessment--gt-0009 tbl-h11-prep-diagnostic-assessment--gt-0006","Gap-timing-unaware dataset|Final-lag-1-residual-correlation","tbl-h11-prep-diagnostic-assessment--gt-0009|tbl-h11-prep-diagnostic-assessment--gt-0006",292910,292996,60,87
12,"tbl-h11-prep-diagnostic-assessment","headers",28,275495,275540,"Gap-timing-unaware dataset  Severe basis flags","tbl-h11-prep-diagnostic-assessment--gt-0009 tbl-h11-prep-diagnostic-assessment--gt-0007","Gap-timing-unaware dataset|Severe-basis-flags","tbl-h11-prep-diagnostic-assessment--gt-0009|tbl-h11-prep-diagnostic-assessment--gt-0007",293058,293144,46,87
13,"tbl-h11-prep-robust-influence","id",1,290792,290800,"Placement","tbl-h11-prep-robust-influence--gt-0001","","",308396,308433,9,38
13,"tbl-h11-prep-robust-influence","id",2,290927,290938,"Participants","tbl-h11-prep-robust-influence--gt-0002","","",308560,308597,12,38
13,"tbl-h11-prep-robust-influence","id",3,291069,291095,"Maximum-cluster-score-share","tbl-h11-prep-robust-influence--gt-0003","","",308728,308765,27,38
13,"tbl-h11-prep-robust-influence","id",4,291241,291258,"Effective-clusters","tbl-h11-prep-robust-influence--gt-0004","","",308911,308948,18,38
13,"tbl-h11-prep-robust-influence","id",5,291395,291414,"Delete-one-p-minimum","tbl-h11-prep-robust-influence--gt-0005","","",309085,309122,20,38
13,"tbl-h11-prep-robust-influence","id",6,291553,291571,"Delete-one-p-median","tbl-h11-prep-robust-influence--gt-0006","","",309261,309298,19,38
13,"tbl-h11-prep-robust-influence","id",7,291709,291728,"Delete-one-p-maximum","tbl-h11-prep-robust-influence--gt-0007","","",309436,309473,20,38
13,"tbl-h11-prep-robust-influence","id",8,291867,291896,"Delete-one-results-below-0.050","tbl-h11-prep-robust-influence--gt-0008","","",309612,309649,30,38
13,"tbl-h11-prep-robust-influence","id",9,292139,292153,"Primary dataset","tbl-h11-prep-robust-influence--gt-0009","","",309892,309929,15,38
13,"tbl-h11-prep-robust-influence","headers",1,292331,292356,"Primary dataset  Placement","tbl-h11-prep-robust-influence--gt-0009 tbl-h11-prep-robust-influence--gt-0001","Primary dataset|Placement","tbl-h11-prep-robust-influence--gt-0009|tbl-h11-prep-robust-influence--gt-0001",310107,310183,26,77
13,"tbl-h11-prep-robust-influence","headers",2,292410,292438,"Primary dataset  Participants","tbl-h11-prep-robust-influence--gt-0009 tbl-h11-prep-robust-influence--gt-0002","Primary dataset|Participants","tbl-h11-prep-robust-influence--gt-0009|tbl-h11-prep-robust-influence--gt-0002",310237,310313,29,77
13,"tbl-h11-prep-robust-influence","headers",3,292487,292530,"Primary dataset  Maximum cluster score share","tbl-h11-prep-robust-influence--gt-0009 tbl-h11-prep-robust-influence--gt-0003","Primary dataset|Maximum-cluster-score-share","tbl-h11-prep-robust-influence--gt-0009|tbl-h11-prep-robust-influence--gt-0003",310362,310438,44,77
13,"tbl-h11-prep-robust-influence","headers",4,292581,292615,"Primary dataset  Effective clusters","tbl-h11-prep-robust-influence--gt-0009 tbl-h11-prep-robust-influence--gt-0004","Primary dataset|Effective-clusters","tbl-h11-prep-robust-influence--gt-0009|tbl-h11-prep-robust-influence--gt-0004",310489,310565,35,77
13,"tbl-h11-prep-robust-influence","headers",5,292667,292703,"Primary dataset  Delete-one p minimum","tbl-h11-prep-robust-influence--gt-0009 tbl-h11-prep-robust-influence--gt-0005","Primary dataset|Delete-one-p-minimum","tbl-h11-prep-robust-influence--gt-0009|tbl-h11-prep-robust-influence--gt-0005",310617,310693,37,77
13,"tbl-h11-prep-robust-influence","headers",6,292754,292789,"Primary dataset  Delete-one p median","tbl-h11-prep-robust-influence--gt-0009 tbl-h11-prep-robust-influence--gt-0006","Primary dataset|Delete-one-p-median","tbl-h11-prep-robust-influence--gt-0009|tbl-h11-prep-robust-influence--gt-0006",310744,310820,36,77
13,"tbl-h11-prep-robust-influence","headers",7,292840,292876,"Primary dataset  Delete-one p maximum","tbl-h11-prep-robust-influence--gt-0009 tbl-h11-prep-robust-influence--gt-0007","Primary dataset|Delete-one-p-maximum","tbl-h11-prep-robust-influence--gt-0009|tbl-h11-prep-robust-influence--gt-0007",310871,310947,37,77
13,"tbl-h11-prep-robust-influence","headers",8,292927,292973,"Primary dataset  Delete-one results below 0.050","tbl-h11-prep-robust-influence--gt-0009 tbl-h11-prep-robust-influence--gt-0008","Primary dataset|Delete-one-results-below-0.050","tbl-h11-prep-robust-influence--gt-0009|tbl-h11-prep-robust-influence--gt-0008",310998,311074,47,77
13,"tbl-h11-prep-robust-influence","headers",9,293055,293080,"Primary dataset  Placement","tbl-h11-prep-robust-influence--gt-0009 tbl-h11-prep-robust-influence--gt-0001","Primary dataset|Placement","tbl-h11-prep-robust-influence--gt-0009|tbl-h11-prep-robust-influence--gt-0001",311156,311232,26,77
13,"tbl-h11-prep-robust-influence","headers",10,293142,293170,"Primary dataset  Participants","tbl-h11-prep-robust-influence--gt-0009 tbl-h11-prep-robust-influence--gt-0002","Primary dataset|Participants","tbl-h11-prep-robust-influence--gt-0009|tbl-h11-prep-robust-influence--gt-0002",311294,311370,29,77
13,"tbl-h11-prep-robust-influence","headers",11,293230,293273,"Primary dataset  Maximum cluster score share","tbl-h11-prep-robust-influence--gt-0009 tbl-h11-prep-robust-influence--gt-0003","Primary dataset|Maximum-cluster-score-share","tbl-h11-prep-robust-influence--gt-0009|tbl-h11-prep-robust-influence--gt-0003",311430,311506,44,77
13,"tbl-h11-prep-robust-influence","headers",12,293335,293369,"Primary dataset  Effective clusters","tbl-h11-prep-robust-influence--gt-0009 tbl-h11-prep-robust-influence--gt-0004","Primary dataset|Effective-clusters","tbl-h11-prep-robust-influence--gt-0009|tbl-h11-prep-robust-influence--gt-0004",311568,311644,35,77
13,"tbl-h11-prep-robust-influence","headers",13,293432,293468,"Primary dataset  Delete-one p minimum","tbl-h11-prep-robust-influence--gt-0009 tbl-h11-prep-robust-influence--gt-0005","Primary dataset|Delete-one-p-minimum","tbl-h11-prep-robust-influence--gt-0009|tbl-h11-prep-robust-influence--gt-0005",311707,311783,37,77
13,"tbl-h11-prep-robust-influence","headers",14,293530,293565,"Primary dataset  Delete-one p median","tbl-h11-prep-robust-influence--gt-0009 tbl-h11-prep-robust-influence--gt-0006","Primary dataset|Delete-one-p-median","tbl-h11-prep-robust-influence--gt-0009|tbl-h11-prep-robust-influence--gt-0006",311845,311921,36,77
13,"tbl-h11-prep-robust-influence","headers",15,293627,293663,"Primary dataset  Delete-one p maximum","tbl-h11-prep-robust-influence--gt-0009 tbl-h11-prep-robust-influence--gt-0007","Primary dataset|Delete-one-p-maximum","tbl-h11-prep-robust-influence--gt-0009|tbl-h11-prep-robust-influence--gt-0007",311983,312059,37,77
13,"tbl-h11-prep-robust-influence","headers",16,293725,293771,"Primary dataset  Delete-one results below 0.050","tbl-h11-prep-robust-influence--gt-0009 tbl-h11-prep-robust-influence--gt-0008","Primary dataset|Delete-one-results-below-0.050","tbl-h11-prep-robust-influence--gt-0009|tbl-h11-prep-robust-influence--gt-0008",312121,312197,47,77
13,"tbl-h11-prep-robust-influence","id",10,293848,293873,"Gap-timing-unaware dataset","tbl-h11-prep-robust-influence--gt-0010","","",312274,312311,26,38
13,"tbl-h11-prep-robust-influence","headers",17,294061,294097,"Gap-timing-unaware dataset  Placement","tbl-h11-prep-robust-influence--gt-0010 tbl-h11-prep-robust-influence--gt-0001","Gap-timing-unaware dataset|Placement","tbl-h11-prep-robust-influence--gt-0010|tbl-h11-prep-robust-influence--gt-0001",312499,312575,37,77
13,"tbl-h11-prep-robust-influence","headers",18,294151,294190,"Gap-timing-unaware dataset  Participants","tbl-h11-prep-robust-influence--gt-0010 tbl-h11-prep-robust-influence--gt-0002","Gap-timing-unaware dataset|Participants","tbl-h11-prep-robust-influence--gt-0010|tbl-h11-prep-robust-influence--gt-0002",312629,312705,40,77
13,"tbl-h11-prep-robust-influence","headers",19,294239,294293,"Gap-timing-unaware dataset  Maximum cluster score share","tbl-h11-prep-robust-influence--gt-0010 tbl-h11-prep-robust-influence--gt-0003","Gap-timing-unaware dataset|Maximum-cluster-score-share","tbl-h11-prep-robust-influence--gt-0010|tbl-h11-prep-robust-influence--gt-0003",312754,312830,55,77
13,"tbl-h11-prep-robust-influence","headers",20,294344,294389,"Gap-timing-unaware dataset  Effective clusters","tbl-h11-prep-robust-influence--gt-0010 tbl-h11-prep-robust-influence--gt-0004","Gap-timing-unaware dataset|Effective-clusters","tbl-h11-prep-robust-influence--gt-0010|tbl-h11-prep-robust-influence--gt-0004",312881,312957,46,77
13,"tbl-h11-prep-robust-influence","headers",21,294441,294488,"Gap-timing-unaware dataset  Delete-one p minimum","tbl-h11-prep-robust-influence--gt-0010 tbl-h11-prep-robust-influence--gt-0005","Gap-timing-unaware dataset|Delete-one-p-minimum","tbl-h11-prep-robust-influence--gt-0010|tbl-h11-prep-robust-influence--gt-0005",313009,313085,48,77
13,"tbl-h11-prep-robust-influence","headers",22,294539,294585,"Gap-timing-unaware dataset  Delete-one p median","tbl-h11-prep-robust-influence--gt-0010 tbl-h11-prep-robust-influence--gt-0006","Gap-timing-unaware dataset|Delete-one-p-median","tbl-h11-prep-robust-influence--gt-0010|tbl-h11-prep-robust-influence--gt-0006",313136,313212,47,77
13,"tbl-h11-prep-robust-influence","headers",23,294636,294683,"Gap-timing-unaware dataset  Delete-one p maximum","tbl-h11-prep-robust-influence--gt-0010 tbl-h11-prep-robust-influence--gt-0007","Gap-timing-unaware dataset|Delete-one-p-maximum","tbl-h11-prep-robust-influence--gt-0010|tbl-h11-prep-robust-influence--gt-0007",313263,313339,48,77
13,"tbl-h11-prep-robust-influence","headers",24,294734,294791,"Gap-timing-unaware dataset  Delete-one results below 0.050","tbl-h11-prep-robust-influence--gt-0010 tbl-h11-prep-robust-influence--gt-0008","Gap-timing-unaware dataset|Delete-one-results-below-0.050","tbl-h11-prep-robust-influence--gt-0010|tbl-h11-prep-robust-influence--gt-0008",313390,313466,58,77
13,"tbl-h11-prep-robust-influence","headers",25,294874,294910,"Gap-timing-unaware dataset  Placement","tbl-h11-prep-robust-influence--gt-0010 tbl-h11-prep-robust-influence--gt-0001","Gap-timing-unaware dataset|Placement","tbl-h11-prep-robust-influence--gt-0010|tbl-h11-prep-robust-influence--gt-0001",313549,313625,37,77
13,"tbl-h11-prep-robust-influence","headers",26,294972,295011,"Gap-timing-unaware dataset  Participants","tbl-h11-prep-robust-influence--gt-0010 tbl-h11-prep-robust-influence--gt-0002","Gap-timing-unaware dataset|Participants","tbl-h11-prep-robust-influence--gt-0010|tbl-h11-prep-robust-influence--gt-0002",313687,313763,40,77
13,"tbl-h11-prep-robust-influence","headers",27,295071,295125,"Gap-timing-unaware dataset  Maximum cluster score share","tbl-h11-prep-robust-influence--gt-0010 tbl-h11-prep-robust-influence--gt-0003","Gap-timing-unaware dataset|Maximum-cluster-score-share","tbl-h11-prep-robust-influence--gt-0010|tbl-h11-prep-robust-influence--gt-0003",313823,313899,55,77
13,"tbl-h11-prep-robust-influence","headers",28,295187,295232,"Gap-timing-unaware dataset  Effective clusters","tbl-h11-prep-robust-influence--gt-0010 tbl-h11-prep-robust-influence--gt-0004","Gap-timing-unaware dataset|Effective-clusters","tbl-h11-prep-robust-influence--gt-0010|tbl-h11-prep-robust-influence--gt-0004",313961,314037,46,77
13,"tbl-h11-prep-robust-influence","headers",29,295295,295342,"Gap-timing-unaware dataset  Delete-one p minimum","tbl-h11-prep-robust-influence--gt-0010 tbl-h11-prep-robust-influence--gt-0005","Gap-timing-unaware dataset|Delete-one-p-minimum","tbl-h11-prep-robust-influence--gt-0010|tbl-h11-prep-robust-influence--gt-0005",314100,314176,48,77
13,"tbl-h11-prep-robust-influence","headers",30,295404,295450,"Gap-timing-unaware dataset  Delete-one p median","tbl-h11-prep-robust-influence--gt-0010 tbl-h11-prep-robust-influence--gt-0006","Gap-timing-unaware dataset|Delete-one-p-median","tbl-h11-prep-robust-influence--gt-0010|tbl-h11-prep-robust-influence--gt-0006",314238,314314,47,77
13,"tbl-h11-prep-robust-influence","headers",31,295512,295559,"Gap-timing-unaware dataset  Delete-one p maximum","tbl-h11-prep-robust-influence--gt-0010 tbl-h11-prep-robust-influence--gt-0007","Gap-timing-unaware dataset|Delete-one-p-maximum","tbl-h11-prep-robust-influence--gt-0010|tbl-h11-prep-robust-influence--gt-0007",314376,314452,48,77
13,"tbl-h11-prep-robust-influence","headers",32,295621,295678,"Gap-timing-unaware dataset  Delete-one results below 0.050","tbl-h11-prep-robust-influence--gt-0010 tbl-h11-prep-robust-influence--gt-0008","Gap-timing-unaware dataset|Delete-one-results-below-0.050","tbl-h11-prep-robust-influence--gt-0010|tbl-h11-prep-robust-influence--gt-0008",314514,314590,58,77
14,"tbl-h11-prep-activity-attrition","id",1,313781,313789,"Placement","tbl-h11-prep-activity-attrition--gt-0001","","",332693,332732,9,40
14,"tbl-h11-prep-activity-attrition","id",2,313916,313935,"a30-min-observations","tbl-h11-prep-activity-attrition--gt-0002","","",332859,332898,20,40
14,"tbl-h11-prep-activity-attrition","id",3,314073,314095,"Share-of-accepted-frame","tbl-h11-prep-activity-attrition--gt-0003","","",333036,333075,23,40
14,"tbl-h11-prep-activity-attrition","id",4,314331,314356,"All activity flags missing","tbl-h11-prep-activity-attrition--gt-0004","","",333311,333350,26,40
14,"tbl-h11-prep-activity-attrition","headers",1,314545,314581,"All activity flags missing  Placement","tbl-h11-prep-activity-attrition--gt-0004 tbl-h11-prep-activity-attrition--gt-0001","All activity flags missing|Placement","tbl-h11-prep-activity-attrition--gt-0004|tbl-h11-prep-activity-attrition--gt-0001",333539,333619,37,81
14,"tbl-h11-prep-activity-attrition","headers",2,314632,314678,"All activity flags missing  30-min observations","tbl-h11-prep-activity-attrition--gt-0004 tbl-h11-prep-activity-attrition--gt-0002","All activity flags missing|a30-min-observations","tbl-h11-prep-activity-attrition--gt-0004|tbl-h11-prep-activity-attrition--gt-0002",333670,333750,47,81
14,"tbl-h11-prep-activity-attrition","headers",3,314727,314777,"All activity flags missing  Share of accepted frame","tbl-h11-prep-activity-attrition--gt-0004 tbl-h11-prep-activity-attrition--gt-0003","All activity flags missing|Share-of-accepted-frame","tbl-h11-prep-activity-attrition--gt-0004|tbl-h11-prep-activity-attrition--gt-0003",333799,333879,51,81
14,"tbl-h11-prep-activity-attrition","headers",4,314860,314896,"All activity flags missing  Placement","tbl-h11-prep-activity-attrition--gt-0004 tbl-h11-prep-activity-attrition--gt-0001","All activity flags missing|Placement","tbl-h11-prep-activity-attrition--gt-0004|tbl-h11-prep-activity-attrition--gt-0001",333962,334042,37,81
14,"tbl-h11-prep-activity-attrition","headers",5,314961,315007,"All activity flags missing  30-min observations","tbl-h11-prep-activity-attrition--gt-0004 tbl-h11-prep-activity-attrition--gt-0002","All activity flags missing|a30-min-observations","tbl-h11-prep-activity-attrition--gt-0004|tbl-h11-prep-activity-attrition--gt-0002",334107,334187,47,81
14,"tbl-h11-prep-activity-attrition","headers",6,315069,315119,"All activity flags missing  Share of accepted frame","tbl-h11-prep-activity-attrition--gt-0004 tbl-h11-prep-activity-attrition--gt-0003","All activity flags missing|Share-of-accepted-frame","tbl-h11-prep-activity-attrition--gt-0004|tbl-h11-prep-activity-attrition--gt-0003",334249,334329,51,81
14,"tbl-h11-prep-activity-attrition","id",5,315197,315224,"Multiple activities selected","tbl-h11-prep-activity-attrition--gt-0005","","",334407,334446,28,40
14,"tbl-h11-prep-activity-attrition","headers",7,315414,315452,"Multiple activities selected  Placement","tbl-h11-prep-activity-attrition--gt-0005 tbl-h11-prep-activity-attrition--gt-0001","Multiple activities selected|Placement","tbl-h11-prep-activity-attrition--gt-0005|tbl-h11-prep-activity-attrition--gt-0001",334636,334716,39,81
14,"tbl-h11-prep-activity-attrition","headers",8,315503,315551,"Multiple activities selected  30-min observations","tbl-h11-prep-activity-attrition--gt-0005 tbl-h11-prep-activity-attrition--gt-0002","Multiple activities selected|a30-min-observations","tbl-h11-prep-activity-attrition--gt-0005|tbl-h11-prep-activity-attrition--gt-0002",334767,334847,49,81
14,"tbl-h11-prep-activity-attrition","headers",9,315602,315654,"Multiple activities selected  Share of accepted frame","tbl-h11-prep-activity-attrition--gt-0005 tbl-h11-prep-activity-attrition--gt-0003","Multiple activities selected|Share-of-accepted-frame","tbl-h11-prep-activity-attrition--gt-0005|tbl-h11-prep-activity-attrition--gt-0003",334898,334978,53,81
14,"tbl-h11-prep-activity-attrition","headers",10,315738,315776,"Multiple activities selected  Placement","tbl-h11-prep-activity-attrition--gt-0005 tbl-h11-prep-activity-attrition--gt-0001","Multiple activities selected|Placement","tbl-h11-prep-activity-attrition--gt-0005|tbl-h11-prep-activity-attrition--gt-0001",335062,335142,39,81
14,"tbl-h11-prep-activity-attrition","headers",11,315841,315889,"Multiple activities selected  30-min observations","tbl-h11-prep-activity-attrition--gt-0005 tbl-h11-prep-activity-attrition--gt-0002","Multiple activities selected|a30-min-observations","tbl-h11-prep-activity-attrition--gt-0005|tbl-h11-prep-activity-attrition--gt-0002",335207,335287,49,81
14,"tbl-h11-prep-activity-attrition","headers",12,315951,316003,"Multiple activities selected  Share of accepted frame","tbl-h11-prep-activity-attrition--gt-0005 tbl-h11-prep-activity-attrition--gt-0003","Multiple activities selected|Share-of-accepted-frame","tbl-h11-prep-activity-attrition--gt-0005|tbl-h11-prep-activity-attrition--gt-0003",335349,335429,53,81
14,"tbl-h11-prep-activity-attrition","id",6,316080,316099,"No activity selected","tbl-h11-prep-activity-attrition--gt-0006","","",335506,335545,20,40
14,"tbl-h11-prep-activity-attrition","headers",13,316282,316312,"No activity selected  Placement","tbl-h11-prep-activity-attrition--gt-0006 tbl-h11-prep-activity-attrition--gt-0001","No activity selected|Placement","tbl-h11-prep-activity-attrition--gt-0006|tbl-h11-prep-activity-attrition--gt-0001",335728,335808,31,81
14,"tbl-h11-prep-activity-attrition","headers",14,316363,316403,"No activity selected  30-min observations","tbl-h11-prep-activity-attrition--gt-0006 tbl-h11-prep-activity-attrition--gt-0002","No activity selected|a30-min-observations","tbl-h11-prep-activity-attrition--gt-0006|tbl-h11-prep-activity-attrition--gt-0002",335859,335939,41,81
14,"tbl-h11-prep-activity-attrition","headers",15,316452,316496,"No activity selected  Share of accepted frame","tbl-h11-prep-activity-attrition--gt-0006 tbl-h11-prep-activity-attrition--gt-0003","No activity selected|Share-of-accepted-frame","tbl-h11-prep-activity-attrition--gt-0006|tbl-h11-prep-activity-attrition--gt-0003",335988,336068,45,81
14,"tbl-h11-prep-activity-attrition","headers",16,316579,316609,"No activity selected  Placement","tbl-h11-prep-activity-attrition--gt-0006 tbl-h11-prep-activity-attrition--gt-0001","No activity selected|Placement","tbl-h11-prep-activity-attrition--gt-0006|tbl-h11-prep-activity-attrition--gt-0001",336151,336231,31,81
14,"tbl-h11-prep-activity-attrition","headers",17,316674,316714,"No activity selected  30-min observations","tbl-h11-prep-activity-attrition--gt-0006 tbl-h11-prep-activity-attrition--gt-0002","No activity selected|a30-min-observations","tbl-h11-prep-activity-attrition--gt-0006|tbl-h11-prep-activity-attrition--gt-0002",336296,336376,41,81
14,"tbl-h11-prep-activity-attrition","headers",18,316774,316818,"No activity selected  Share of accepted frame","tbl-h11-prep-activity-attrition--gt-0006 tbl-h11-prep-activity-attrition--gt-0003","No activity selected|Share-of-accepted-frame","tbl-h11-prep-activity-attrition--gt-0006|tbl-h11-prep-activity-attrition--gt-0003",336436,336516,45,81
14,"tbl-h11-prep-activity-attrition","id",7,316896,316926,"No unique containing diary hour","tbl-h11-prep-activity-attrition--gt-0007","","",336594,336633,31,40
14,"tbl-h11-prep-activity-attrition","headers",19,317119,317160,"No unique containing diary hour  Placement","tbl-h11-prep-activity-attrition--gt-0007 tbl-h11-prep-activity-attrition--gt-0001","No unique containing diary hour|Placement","tbl-h11-prep-activity-attrition--gt-0007|tbl-h11-prep-activity-attrition--gt-0001",336826,336906,42,81
14,"tbl-h11-prep-activity-attrition","headers",20,317211,317262,"No unique containing diary hour  30-min observations","tbl-h11-prep-activity-attrition--gt-0007 tbl-h11-prep-activity-attrition--gt-0002","No unique containing diary hour|a30-min-observations","tbl-h11-prep-activity-attrition--gt-0007|tbl-h11-prep-activity-attrition--gt-0002",336957,337037,52,81
14,"tbl-h11-prep-activity-attrition","headers",21,317313,317368,"No unique containing diary hour  Share of accepted frame","tbl-h11-prep-activity-attrition--gt-0007 tbl-h11-prep-activity-attrition--gt-0003","No unique containing diary hour|Share-of-accepted-frame","tbl-h11-prep-activity-attrition--gt-0007|tbl-h11-prep-activity-attrition--gt-0003",337088,337168,56,81
14,"tbl-h11-prep-activity-attrition","headers",22,317452,317493,"No unique containing diary hour  Placement","tbl-h11-prep-activity-attrition--gt-0007 tbl-h11-prep-activity-attrition--gt-0001","No unique containing diary hour|Placement","tbl-h11-prep-activity-attrition--gt-0007|tbl-h11-prep-activity-attrition--gt-0001",337252,337332,42,81
14,"tbl-h11-prep-activity-attrition","headers",23,317558,317609,"No unique containing diary hour  30-min observations","tbl-h11-prep-activity-attrition--gt-0007 tbl-h11-prep-activity-attrition--gt-0002","No unique containing diary hour|a30-min-observations","tbl-h11-prep-activity-attrition--gt-0007|tbl-h11-prep-activity-attrition--gt-0002",337397,337477,52,81
14,"tbl-h11-prep-activity-attrition","headers",24,317669,317724,"No unique containing diary hour  Share of accepted frame","tbl-h11-prep-activity-attrition--gt-0007 tbl-h11-prep-activity-attrition--gt-0003","No unique containing diary hour|Share-of-accepted-frame","tbl-h11-prep-activity-attrition--gt-0007|tbl-h11-prep-activity-attrition--gt-0003",337537,337617,56,81
14,"tbl-h11-prep-activity-attrition","id",8,317801,317831,"Only unspecified other selected","tbl-h11-prep-activity-attrition--gt-0008","","",337694,337733,31,40
14,"tbl-h11-prep-activity-attrition","headers",25,318025,318066,"Only unspecified other selected  Placement","tbl-h11-prep-activity-attrition--gt-0008 tbl-h11-prep-activity-attrition--gt-0001","Only unspecified other selected|Placement","tbl-h11-prep-activity-attrition--gt-0008|tbl-h11-prep-activity-attrition--gt-0001",337927,338007,42,81
14,"tbl-h11-prep-activity-attrition","headers",26,318117,318168,"Only unspecified other selected  30-min observations","tbl-h11-prep-activity-attrition--gt-0008 tbl-h11-prep-activity-attrition--gt-0002","Only unspecified other selected|a30-min-observations","tbl-h11-prep-activity-attrition--gt-0008|tbl-h11-prep-activity-attrition--gt-0002",338058,338138,52,81
14,"tbl-h11-prep-activity-attrition","headers",27,318219,318274,"Only unspecified other selected  Share of accepted frame","tbl-h11-prep-activity-attrition--gt-0008 tbl-h11-prep-activity-attrition--gt-0003","Only unspecified other selected|Share-of-accepted-frame","tbl-h11-prep-activity-attrition--gt-0008|tbl-h11-prep-activity-attrition--gt-0003",338189,338269,56,81
14,"tbl-h11-prep-activity-attrition","headers",28,318357,318398,"Only unspecified other selected  Placement","tbl-h11-prep-activity-attrition--gt-0008 tbl-h11-prep-activity-attrition--gt-0001","Only unspecified other selected|Placement","tbl-h11-prep-activity-attrition--gt-0008|tbl-h11-prep-activity-attrition--gt-0001",338352,338432,42,81
14,"tbl-h11-prep-activity-attrition","headers",29,318463,318514,"Only unspecified other selected  30-min observations","tbl-h11-prep-activity-attrition--gt-0008 tbl-h11-prep-activity-attrition--gt-0002","Only unspecified other selected|a30-min-observations","tbl-h11-prep-activity-attrition--gt-0008|tbl-h11-prep-activity-attrition--gt-0002",338497,338577,52,81
14,"tbl-h11-prep-activity-attrition","headers",30,318574,318629,"Only unspecified other selected  Share of accepted frame","tbl-h11-prep-activity-attrition--gt-0008 tbl-h11-prep-activity-attrition--gt-0003","Only unspecified other selected|Share-of-accepted-frame","tbl-h11-prep-activity-attrition--gt-0008|tbl-h11-prep-activity-attrition--gt-0003",338637,338717,56,81
14,"tbl-h11-prep-activity-attrition","id",9,318707,318744,"Retained: one eligible mapped activity","tbl-h11-prep-activity-attrition--gt-0009","","",338795,338834,38,40
14,"tbl-h11-prep-activity-attrition","headers",31,318944,318992,"Retained: one eligible mapped activity  Placement","tbl-h11-prep-activity-attrition--gt-0009 tbl-h11-prep-activity-attrition--gt-0001","Retained: one eligible mapped activity|Placement","tbl-h11-prep-activity-attrition--gt-0009|tbl-h11-prep-activity-attrition--gt-0001",339034,339114,49,81
14,"tbl-h11-prep-activity-attrition","headers",32,319043,319101,"Retained: one eligible mapped activity  30-min observations","tbl-h11-prep-activity-attrition--gt-0009 tbl-h11-prep-activity-attrition--gt-0002","Retained: one eligible mapped activity|a30-min-observations","tbl-h11-prep-activity-attrition--gt-0009|tbl-h11-prep-activity-attrition--gt-0002",339165,339245,59,81
14,"tbl-h11-prep-activity-attrition","headers",33,319153,319215,"Retained: one eligible mapped activity  Share of accepted frame","tbl-h11-prep-activity-attrition--gt-0009 tbl-h11-prep-activity-attrition--gt-0003","Retained: one eligible mapped activity|Share-of-accepted-frame","tbl-h11-prep-activity-attrition--gt-0009|tbl-h11-prep-activity-attrition--gt-0003",339297,339377,63,81
14,"tbl-h11-prep-activity-attrition","headers",34,319300,319348,"Retained: one eligible mapped activity  Placement","tbl-h11-prep-activity-attrition--gt-0009 tbl-h11-prep-activity-attrition--gt-0001","Retained: one eligible mapped activity|Placement","tbl-h11-prep-activity-attrition--gt-0009|tbl-h11-prep-activity-attrition--gt-0001",339462,339542,49,81
14,"tbl-h11-prep-activity-attrition","headers",35,319413,319471,"Retained: one eligible mapped activity  30-min observations","tbl-h11-prep-activity-attrition--gt-0009 tbl-h11-prep-activity-attrition--gt-0002","Retained: one eligible mapped activity|a30-min-observations","tbl-h11-prep-activity-attrition--gt-0009|tbl-h11-prep-activity-attrition--gt-0002",339607,339687,59,81
14,"tbl-h11-prep-activity-attrition","headers",36,319534,319596,"Retained: one eligible mapped activity  Share of accepted frame","tbl-h11-prep-activity-attrition--gt-0009 tbl-h11-prep-activity-attrition--gt-0003","Retained: one eligible mapped activity|Share-of-accepted-frame","tbl-h11-prep-activity-attrition--gt-0009|tbl-h11-prep-activity-attrition--gt-0003",339750,339830,63,81
15,"tbl-h11-prep-activity-global","id",1,337341,337348,"Analysis","tbl-h11-prep-activity-global--gt-0001","","",357575,357611,8,37
15,"tbl-h11-prep-activity-global","id",2,337474,337485,"Participants","tbl-h11-prep-activity-global--gt-0002","","",357737,357773,12,37
15,"tbl-h11-prep-activity-global","id",3,337616,337631,"Participant-days","tbl-h11-prep-activity-global--gt-0003","","",357904,357940,16,37
15,"tbl-h11-prep-activity-global","id",4,337766,337777,"Observations","tbl-h11-prep-activity-global--gt-0004","","",358075,358111,12,37
15,"tbl-h11-prep-activity-global","id",5,337908,337918,"F-statistic","tbl-h11-prep-activity-global--gt-0005","","",358242,358278,11,37
15,"tbl-h11-prep-activity-global","id",6,338048,338052,"Raw-p","tbl-h11-prep-activity-global--gt-0006","","",358408,358444,5,37
15,"tbl-h11-prep-activity-global","id",7,338176,338189,"FDR-adjusted-p","tbl-h11-prep-activity-global--gt-0007","","",358568,358604,14,37
15,"tbl-h11-prep-activity-global","id",8,338322,338329,"Decision","tbl-h11-prep-activity-global--gt-0008","","",358737,358773,8,37
15,"tbl-h11-prep-activity-global","id",9,338549,338556,"Near eye","tbl-h11-prep-activity-global--gt-0009","","",358993,359029,8,37
15,"tbl-h11-prep-activity-global","headers",1,338727,338744,"Near eye  Analysis","tbl-h11-prep-activity-global--gt-0009 tbl-h11-prep-activity-global--gt-0001","Near eye|Analysis","tbl-h11-prep-activity-global--gt-0009|tbl-h11-prep-activity-global--gt-0001",359200,359274,18,75
15,"tbl-h11-prep-activity-global","headers",2,338818,338839,"Near eye  Participants","tbl-h11-prep-activity-global--gt-0009 tbl-h11-prep-activity-global--gt-0002","Near eye|Participants","tbl-h11-prep-activity-global--gt-0009|tbl-h11-prep-activity-global--gt-0002",359348,359422,22,75
15,"tbl-h11-prep-activity-global","headers",3,338888,338913,"Near eye  Participant-days","tbl-h11-prep-activity-global--gt-0009 tbl-h11-prep-activity-global--gt-0003","Near eye|Participant-days","tbl-h11-prep-activity-global--gt-0009|tbl-h11-prep-activity-global--gt-0003",359471,359545,26,75
15,"tbl-h11-prep-activity-global","headers",4,338962,338983,"Near eye  Observations","tbl-h11-prep-activity-global--gt-0009 tbl-h11-prep-activity-global--gt-0004","Near eye|Observations","tbl-h11-prep-activity-global--gt-0009|tbl-h11-prep-activity-global--gt-0004",359594,359668,22,75
15,"tbl-h11-prep-activity-global","headers",5,339035,339055,"Near eye  F statistic","tbl-h11-prep-activity-global--gt-0009 tbl-h11-prep-activity-global--gt-0005","Near eye|F-statistic","tbl-h11-prep-activity-global--gt-0009|tbl-h11-prep-activity-global--gt-0005",359720,359794,21,75
15,"tbl-h11-prep-activity-global","headers",6,339107,339121,"Near eye  Raw p","tbl-h11-prep-activity-global--gt-0009 tbl-h11-prep-activity-global--gt-0006","Near eye|Raw-p","tbl-h11-prep-activity-global--gt-0009|tbl-h11-prep-activity-global--gt-0006",359846,359920,15,75
15,"tbl-h11-prep-activity-global","headers",7,339198,339221,"Near eye  FDR-adjusted p","tbl-h11-prep-activity-global--gt-0009 tbl-h11-prep-activity-global--gt-0007","Near eye|FDR-adjusted-p","tbl-h11-prep-activity-global--gt-0009|tbl-h11-prep-activity-global--gt-0007",359997,360071,24,75
15,"tbl-h11-prep-activity-global","headers",8,339297,339314,"Near eye  Decision","tbl-h11-prep-activity-global--gt-0009 tbl-h11-prep-activity-global--gt-0008","Near eye|Decision","tbl-h11-prep-activity-global--gt-0009|tbl-h11-prep-activity-global--gt-0008",360147,360221,18,75
15,"tbl-h11-prep-activity-global","headers",9,339402,339419,"Near eye  Analysis","tbl-h11-prep-activity-global--gt-0009 tbl-h11-prep-activity-global--gt-0001","Near eye|Analysis","tbl-h11-prep-activity-global--gt-0009|tbl-h11-prep-activity-global--gt-0001",360309,360383,18,75
15,"tbl-h11-prep-activity-global","headers",10,339512,339533,"Near eye  Participants","tbl-h11-prep-activity-global--gt-0009 tbl-h11-prep-activity-global--gt-0002","Near eye|Participants","tbl-h11-prep-activity-global--gt-0009|tbl-h11-prep-activity-global--gt-0002",360476,360550,22,75
15,"tbl-h11-prep-activity-global","headers",11,339593,339618,"Near eye  Participant-days","tbl-h11-prep-activity-global--gt-0009 tbl-h11-prep-activity-global--gt-0003","Near eye|Participant-days","tbl-h11-prep-activity-global--gt-0009|tbl-h11-prep-activity-global--gt-0003",360610,360684,26,75
15,"tbl-h11-prep-activity-global","headers",12,339678,339699,"Near eye  Observations","tbl-h11-prep-activity-global--gt-0009 tbl-h11-prep-activity-global--gt-0004","Near eye|Observations","tbl-h11-prep-activity-global--gt-0009|tbl-h11-prep-activity-global--gt-0004",360744,360818,22,75
15,"tbl-h11-prep-activity-global","headers",13,339762,339782,"Near eye  F statistic","tbl-h11-prep-activity-global--gt-0009 tbl-h11-prep-activity-global--gt-0005","Near eye|F-statistic","tbl-h11-prep-activity-global--gt-0009|tbl-h11-prep-activity-global--gt-0005",360881,360955,21,75
15,"tbl-h11-prep-activity-global","headers",14,339845,339859,"Near eye  Raw p","tbl-h11-prep-activity-global--gt-0009 tbl-h11-prep-activity-global--gt-0006","Near eye|Raw-p","tbl-h11-prep-activity-global--gt-0009|tbl-h11-prep-activity-global--gt-0006",361018,361092,15,75
15,"tbl-h11-prep-activity-global","headers",15,339921,339944,"Near eye  FDR-adjusted p","tbl-h11-prep-activity-global--gt-0009 tbl-h11-prep-activity-global--gt-0007","Near eye|FDR-adjusted-p","tbl-h11-prep-activity-global--gt-0009|tbl-h11-prep-activity-global--gt-0007",361154,361228,24,75
15,"tbl-h11-prep-activity-global","headers",16,340005,340022,"Near eye  Decision","tbl-h11-prep-activity-global--gt-0009 tbl-h11-prep-activity-global--gt-0008","Near eye|Decision","tbl-h11-prep-activity-global--gt-0009|tbl-h11-prep-activity-global--gt-0008",361289,361363,18,75
15,"tbl-h11-prep-activity-global","headers",17,340104,340121,"Near eye  Analysis","tbl-h11-prep-activity-global--gt-0009 tbl-h11-prep-activity-global--gt-0001","Near eye|Analysis","tbl-h11-prep-activity-global--gt-0009|tbl-h11-prep-activity-global--gt-0001",361445,361519,18,75
15,"tbl-h11-prep-activity-global","headers",18,340197,340218,"Near eye  Participants","tbl-h11-prep-activity-global--gt-0009 tbl-h11-prep-activity-global--gt-0002","Near eye|Participants","tbl-h11-prep-activity-global--gt-0009|tbl-h11-prep-activity-global--gt-0002",361595,361669,22,75
15,"tbl-h11-prep-activity-global","headers",19,340267,340292,"Near eye  Participant-days","tbl-h11-prep-activity-global--gt-0009 tbl-h11-prep-activity-global--gt-0003","Near eye|Participant-days","tbl-h11-prep-activity-global--gt-0009|tbl-h11-prep-activity-global--gt-0003",361718,361792,26,75
15,"tbl-h11-prep-activity-global","headers",20,340341,340362,"Near eye  Observations","tbl-h11-prep-activity-global--gt-0009 tbl-h11-prep-activity-global--gt-0004","Near eye|Observations","tbl-h11-prep-activity-global--gt-0009|tbl-h11-prep-activity-global--gt-0004",361841,361915,22,75
15,"tbl-h11-prep-activity-global","headers",21,340414,340434,"Near eye  F statistic","tbl-h11-prep-activity-global--gt-0009 tbl-h11-prep-activity-global--gt-0005","Near eye|F-statistic","tbl-h11-prep-activity-global--gt-0009|tbl-h11-prep-activity-global--gt-0005",361967,362041,21,75
15,"tbl-h11-prep-activity-global","headers",22,340485,340499,"Near eye  Raw p","tbl-h11-prep-activity-global--gt-0009 tbl-h11-prep-activity-global--gt-0006","Near eye|Raw-p","tbl-h11-prep-activity-global--gt-0009|tbl-h11-prep-activity-global--gt-0006",362092,362166,15,75
15,"tbl-h11-prep-activity-global","headers",23,340550,340573,"Near eye  FDR-adjusted p","tbl-h11-prep-activity-global--gt-0009 tbl-h11-prep-activity-global--gt-0007","Near eye|FDR-adjusted-p","tbl-h11-prep-activity-global--gt-0009|tbl-h11-prep-activity-global--gt-0007",362217,362291,24,75
15,"tbl-h11-prep-activity-global","headers",24,340623,340640,"Near eye  Decision","tbl-h11-prep-activity-global--gt-0009 tbl-h11-prep-activity-global--gt-0008","Near eye|Decision","tbl-h11-prep-activity-global--gt-0009|tbl-h11-prep-activity-global--gt-0008",362341,362415,18,75
15,"tbl-h11-prep-activity-global","id",10,340726,340730,"Chest","tbl-h11-prep-activity-global--gt-0010","","",362501,362537,5,37
15,"tbl-h11-prep-activity-global","headers",25,340909,340923,"Chest  Analysis","tbl-h11-prep-activity-global--gt-0010 tbl-h11-prep-activity-global--gt-0001","Chest|Analysis","tbl-h11-prep-activity-global--gt-0010|tbl-h11-prep-activity-global--gt-0001",362716,362790,15,75
15,"tbl-h11-prep-activity-global","headers",26,341008,341026,"Chest  Participants","tbl-h11-prep-activity-global--gt-0010 tbl-h11-prep-activity-global--gt-0002","Chest|Participants","tbl-h11-prep-activity-global--gt-0010|tbl-h11-prep-activity-global--gt-0002",362875,362949,19,75
15,"tbl-h11-prep-activity-global","headers",27,341086,341108,"Chest  Participant-days","tbl-h11-prep-activity-global--gt-0010 tbl-h11-prep-activity-global--gt-0003","Chest|Participant-days","tbl-h11-prep-activity-global--gt-0010|tbl-h11-prep-activity-global--gt-0003",363009,363083,23,75
15,"tbl-h11-prep-activity-global","headers",28,341168,341186,"Chest  Observations","tbl-h11-prep-activity-global--gt-0010 tbl-h11-prep-activity-global--gt-0004","Chest|Observations","tbl-h11-prep-activity-global--gt-0010|tbl-h11-prep-activity-global--gt-0004",363143,363217,19,75
15,"tbl-h11-prep-activity-global","headers",29,341249,341266,"Chest  F statistic","tbl-h11-prep-activity-global--gt-0010 tbl-h11-prep-activity-global--gt-0005","Chest|F-statistic","tbl-h11-prep-activity-global--gt-0010|tbl-h11-prep-activity-global--gt-0005",363280,363354,18,75
15,"tbl-h11-prep-activity-global","headers",30,341328,341339,"Chest  Raw p","tbl-h11-prep-activity-global--gt-0010 tbl-h11-prep-activity-global--gt-0006","Chest|Raw-p","tbl-h11-prep-activity-global--gt-0010|tbl-h11-prep-activity-global--gt-0006",363416,363490,12,75
15,"tbl-h11-prep-activity-global","headers",31,341427,341447,"Chest  FDR-adjusted p","tbl-h11-prep-activity-global--gt-0010 tbl-h11-prep-activity-global--gt-0007","Chest|FDR-adjusted-p","tbl-h11-prep-activity-global--gt-0010|tbl-h11-prep-activity-global--gt-0007",363578,363652,21,75
15,"tbl-h11-prep-activity-global","headers",32,341534,341548,"Chest  Decision","tbl-h11-prep-activity-global--gt-0010 tbl-h11-prep-activity-global--gt-0008","Chest|Decision","tbl-h11-prep-activity-global--gt-0010|tbl-h11-prep-activity-global--gt-0008",363739,363813,15,75
15,"tbl-h11-prep-activity-global","headers",33,341625,341639,"Chest  Analysis","tbl-h11-prep-activity-global--gt-0010 tbl-h11-prep-activity-global--gt-0001","Chest|Analysis","tbl-h11-prep-activity-global--gt-0010|tbl-h11-prep-activity-global--gt-0001",363890,363964,15,75
15,"tbl-h11-prep-activity-global","headers",34,341721,341739,"Chest  Participants","tbl-h11-prep-activity-global--gt-0010 tbl-h11-prep-activity-global--gt-0002","Chest|Participants","tbl-h11-prep-activity-global--gt-0010|tbl-h11-prep-activity-global--gt-0002",364046,364120,19,75
15,"tbl-h11-prep-activity-global","headers",35,341788,341810,"Chest  Participant-days","tbl-h11-prep-activity-global--gt-0010 tbl-h11-prep-activity-global--gt-0003","Chest|Participant-days","tbl-h11-prep-activity-global--gt-0010|tbl-h11-prep-activity-global--gt-0003",364169,364243,23,75
15,"tbl-h11-prep-activity-global","headers",36,341859,341877,"Chest  Observations","tbl-h11-prep-activity-global--gt-0010 tbl-h11-prep-activity-global--gt-0004","Chest|Observations","tbl-h11-prep-activity-global--gt-0010|tbl-h11-prep-activity-global--gt-0004",364292,364366,19,75
15,"tbl-h11-prep-activity-global","headers",37,341929,341946,"Chest  F statistic","tbl-h11-prep-activity-global--gt-0010 tbl-h11-prep-activity-global--gt-0005","Chest|F-statistic","tbl-h11-prep-activity-global--gt-0010|tbl-h11-prep-activity-global--gt-0005",364418,364492,18,75
15,"tbl-h11-prep-activity-global","headers",38,341997,342008,"Chest  Raw p","tbl-h11-prep-activity-global--gt-0010 tbl-h11-prep-activity-global--gt-0006","Chest|Raw-p","tbl-h11-prep-activity-global--gt-0010|tbl-h11-prep-activity-global--gt-0006",364543,364617,12,75
15,"tbl-h11-prep-activity-global","headers",39,342085,342105,"Chest  FDR-adjusted p","tbl-h11-prep-activity-global--gt-0010 tbl-h11-prep-activity-global--gt-0007","Chest|FDR-adjusted-p","tbl-h11-prep-activity-global--gt-0010|tbl-h11-prep-activity-global--gt-0007",364694,364768,21,75
15,"tbl-h11-prep-activity-global","headers",40,342181,342195,"Chest  Decision","tbl-h11-prep-activity-global--gt-0010 tbl-h11-prep-activity-global--gt-0008","Chest|Decision","tbl-h11-prep-activity-global--gt-0010|tbl-h11-prep-activity-global--gt-0008",364844,364918,15,75
15,"tbl-h11-prep-activity-global","headers",41,342284,342298,"Chest  Analysis","tbl-h11-prep-activity-global--gt-0010 tbl-h11-prep-activity-global--gt-0001","Chest|Analysis","tbl-h11-prep-activity-global--gt-0010|tbl-h11-prep-activity-global--gt-0001",365007,365081,15,75
15,"tbl-h11-prep-activity-global","headers",42,342385,342403,"Chest  Participants","tbl-h11-prep-activity-global--gt-0010 tbl-h11-prep-activity-global--gt-0002","Chest|Participants","tbl-h11-prep-activity-global--gt-0010|tbl-h11-prep-activity-global--gt-0002",365168,365242,19,75
15,"tbl-h11-prep-activity-global","headers",43,342463,342485,"Chest  Participant-days","tbl-h11-prep-activity-global--gt-0010 tbl-h11-prep-activity-global--gt-0003","Chest|Participant-days","tbl-h11-prep-activity-global--gt-0010|tbl-h11-prep-activity-global--gt-0003",365302,365376,23,75
15,"tbl-h11-prep-activity-global","headers",44,342545,342563,"Chest  Observations","tbl-h11-prep-activity-global--gt-0010 tbl-h11-prep-activity-global--gt-0004","Chest|Observations","tbl-h11-prep-activity-global--gt-0010|tbl-h11-prep-activity-global--gt-0004",365436,365510,19,75
15,"tbl-h11-prep-activity-global","headers",45,342626,342643,"Chest  F statistic","tbl-h11-prep-activity-global--gt-0010 tbl-h11-prep-activity-global--gt-0005","Chest|F-statistic","tbl-h11-prep-activity-global--gt-0010|tbl-h11-prep-activity-global--gt-0005",365573,365647,18,75
15,"tbl-h11-prep-activity-global","headers",46,342705,342716,"Chest  Raw p","tbl-h11-prep-activity-global--gt-0010 tbl-h11-prep-activity-global--gt-0006","Chest|Raw-p","tbl-h11-prep-activity-global--gt-0010|tbl-h11-prep-activity-global--gt-0006",365709,365783,12,75
15,"tbl-h11-prep-activity-global","headers",47,342778,342798,"Chest  FDR-adjusted p","tbl-h11-prep-activity-global--gt-0010 tbl-h11-prep-activity-global--gt-0007","Chest|FDR-adjusted-p","tbl-h11-prep-activity-global--gt-0010|tbl-h11-prep-activity-global--gt-0007",365845,365919,21,75
15,"tbl-h11-prep-activity-global","headers",48,342859,342873,"Chest  Decision","tbl-h11-prep-activity-global--gt-0010 tbl-h11-prep-activity-global--gt-0008","Chest|Decision","tbl-h11-prep-activity-global--gt-0010|tbl-h11-prep-activity-global--gt-0008",365980,366054,15,75
16,"tbl-h11-prep-activity-attenuation","id",1,357861,357869,"Placement","tbl-h11-prep-activity-attenuation--gt-0001","","",381042,381083,9,42
16,"tbl-h11-prep-activity-attenuation","id",2,357996,358018,"Unadjusted-RMS-contrast","tbl-h11-prep-activity-attenuation--gt-0002","","",381210,381251,23,42
16,"tbl-h11-prep-activity-attenuation","id",3,358160,358189,"Activity-adjusted-RMS-contrast","tbl-h11-prep-activity-attenuation--gt-0003","","",381393,381434,30,42
16,"tbl-h11-prep-activity-attenuation","id",4,358338,358356,"Relative-RMS-change","tbl-h11-prep-activity-attenuation--gt-0004","","",381583,381624,19,42
16,"tbl-h11-prep-activity-attenuation","id",5,358494,358522,"Maximum-absolute-curve-change","tbl-h11-prep-activity-attenuation--gt-0005","","",381762,381803,29,42
16,"tbl-h11-prep-activity-attenuation","id",6,358670,358676,"Pattern","tbl-h11-prep-activity-attenuation--gt-0006","","",381951,381992,7,42
16,"tbl-h11-prep-activity-attenuation","headers",1,358890,358898,"Placement","tbl-h11-prep-activity-attenuation--gt-0001","Placement","tbl-h11-prep-activity-attenuation--gt-0001",382206,382247,9,42
16,"tbl-h11-prep-activity-attenuation","headers",2,358949,358971,"Unadjusted RMS contrast","tbl-h11-prep-activity-attenuation--gt-0002","Unadjusted-RMS-contrast","tbl-h11-prep-activity-attenuation--gt-0002",382298,382339,23,42
16,"tbl-h11-prep-activity-attenuation","headers",3,359022,359051,"Activity-adjusted RMS contrast","tbl-h11-prep-activity-attenuation--gt-0003","Activity-adjusted-RMS-contrast","tbl-h11-prep-activity-attenuation--gt-0003",382390,382431,30,42
16,"tbl-h11-prep-activity-attenuation","headers",4,359102,359120,"Relative RMS change","tbl-h11-prep-activity-attenuation--gt-0004","Relative-RMS-change","tbl-h11-prep-activity-attenuation--gt-0004",382482,382523,19,42
16,"tbl-h11-prep-activity-attenuation","headers",5,359174,359202,"Maximum absolute curve change","tbl-h11-prep-activity-attenuation--gt-0005","Maximum-absolute-curve-change","tbl-h11-prep-activity-attenuation--gt-0005",382577,382618,29,42
16,"tbl-h11-prep-activity-attenuation","headers",6,359252,359258,"Pattern","tbl-h11-prep-activity-attenuation--gt-0006","Pattern","tbl-h11-prep-activity-attenuation--gt-0006",382668,382709,7,42
16,"tbl-h11-prep-activity-attenuation","headers",7,359368,359376,"Placement","tbl-h11-prep-activity-attenuation--gt-0001","Placement","tbl-h11-prep-activity-attenuation--gt-0001",382819,382860,9,42
16,"tbl-h11-prep-activity-attenuation","headers",8,359441,359463,"Unadjusted RMS contrast","tbl-h11-prep-activity-attenuation--gt-0002","Unadjusted-RMS-contrast","tbl-h11-prep-activity-attenuation--gt-0002",382925,382966,23,42
16,"tbl-h11-prep-activity-attenuation","headers",9,359525,359554,"Activity-adjusted RMS contrast","tbl-h11-prep-activity-attenuation--gt-0003","Activity-adjusted-RMS-contrast","tbl-h11-prep-activity-attenuation--gt-0003",383028,383069,30,42
16,"tbl-h11-prep-activity-attenuation","headers",10,359616,359634,"Relative RMS change","tbl-h11-prep-activity-attenuation--gt-0004","Relative-RMS-change","tbl-h11-prep-activity-attenuation--gt-0004",383131,383172,19,42
16,"tbl-h11-prep-activity-attenuation","headers",11,359699,359727,"Maximum absolute curve change","tbl-h11-prep-activity-attenuation--gt-0005","Maximum-absolute-curve-change","tbl-h11-prep-activity-attenuation--gt-0005",383237,383278,29,42
16,"tbl-h11-prep-activity-attenuation","headers",12,359788,359794,"Pattern","tbl-h11-prep-activity-attenuation--gt-0006","Pattern","tbl-h11-prep-activity-attenuation--gt-0006",383339,383380,7,42
17,"tbl-h11-prep-activity-diagnostics","id",1,373944,373951,"Analysis","tbl-h11-prep-activity-diagnostics--gt-0001","","",397530,397571,8,42
17,"tbl-h11-prep-activity-diagnostics","id",2,374077,374086,"Assessment","tbl-h11-prep-activity-diagnostics--gt-0002","","",397697,397738,10,42
17,"tbl-h11-prep-activity-diagnostics","id",3,374214,374245,"Final-lag-1-residual-correlation","tbl-h11-prep-activity-diagnostics--gt-0003","","",397866,397907,32,42
17,"tbl-h11-prep-activity-diagnostics","id",4,374396,374422,"Maximum-cluster-score-share","tbl-h11-prep-activity-diagnostics--gt-0004","","",398058,398099,27,42
17,"tbl-h11-prep-activity-diagnostics","id",5,374568,374585,"Effective-clusters","tbl-h11-prep-activity-diagnostics--gt-0005","","",398245,398286,18,42
17,"tbl-h11-prep-activity-diagnostics","id",6,374722,374739,"Delete-one-p-range","tbl-h11-prep-activity-diagnostics--gt-0006","","",398423,398464,18,42
17,"tbl-h11-prep-activity-diagnostics","id",7,374969,374976,"Near eye","tbl-h11-prep-activity-diagnostics--gt-0007","","",398694,398735,8,42
17,"tbl-h11-prep-activity-diagnostics","headers",1,375147,375164,"Near eye  Analysis","tbl-h11-prep-activity-diagnostics--gt-0007 tbl-h11-prep-activity-diagnostics--gt-0001","Near eye|Analysis","tbl-h11-prep-activity-diagnostics--gt-0007|tbl-h11-prep-activity-diagnostics--gt-0001",398906,398990,18,85
17,"tbl-h11-prep-activity-diagnostics","headers",2,375245,375264,"Near eye  Assessment","tbl-h11-prep-activity-diagnostics--gt-0007 tbl-h11-prep-activity-diagnostics--gt-0002","Near eye|Assessment","tbl-h11-prep-activity-diagnostics--gt-0007|tbl-h11-prep-activity-diagnostics--gt-0002",399071,399155,20,85
17,"tbl-h11-prep-activity-diagnostics","headers",3,375347,375388,"Near eye  Final lag-1 residual correlation","tbl-h11-prep-activity-diagnostics--gt-0007 tbl-h11-prep-activity-diagnostics--gt-0003","Near eye|Final-lag-1-residual-correlation","tbl-h11-prep-activity-diagnostics--gt-0007|tbl-h11-prep-activity-diagnostics--gt-0003",399238,399322,42,85
17,"tbl-h11-prep-activity-diagnostics","headers",4,375439,375475,"Near eye  Maximum cluster score share","tbl-h11-prep-activity-diagnostics--gt-0007 tbl-h11-prep-activity-diagnostics--gt-0004","Near eye|Maximum-cluster-score-share","tbl-h11-prep-activity-diagnostics--gt-0007|tbl-h11-prep-activity-diagnostics--gt-0004",399373,399457,37,85
17,"tbl-h11-prep-activity-diagnostics","headers",5,375526,375553,"Near eye  Effective clusters","tbl-h11-prep-activity-diagnostics--gt-0007 tbl-h11-prep-activity-diagnostics--gt-0005","Near eye|Effective-clusters","tbl-h11-prep-activity-diagnostics--gt-0007|tbl-h11-prep-activity-diagnostics--gt-0005",399508,399592,28,85
17,"tbl-h11-prep-activity-diagnostics","headers",6,375604,375631,"Near eye  Delete-one p range","tbl-h11-prep-activity-diagnostics--gt-0007 tbl-h11-prep-activity-diagnostics--gt-0006","Near eye|Delete-one-p-range","tbl-h11-prep-activity-diagnostics--gt-0007|tbl-h11-prep-activity-diagnostics--gt-0006",399643,399727,28,85
17,"tbl-h11-prep-activity-diagnostics","headers",7,375723,375740,"Near eye  Analysis","tbl-h11-prep-activity-diagnostics--gt-0007 tbl-h11-prep-activity-diagnostics--gt-0001","Near eye|Analysis","tbl-h11-prep-activity-diagnostics--gt-0007|tbl-h11-prep-activity-diagnostics--gt-0001",399819,399903,18,85
17,"tbl-h11-prep-activity-diagnostics","headers",8,375826,375845,"Near eye  Assessment","tbl-h11-prep-activity-diagnostics--gt-0007 tbl-h11-prep-activity-diagnostics--gt-0002","Near eye|Assessment","tbl-h11-prep-activity-diagnostics--gt-0007|tbl-h11-prep-activity-diagnostics--gt-0002",399989,400073,20,85
17,"tbl-h11-prep-activity-diagnostics","headers",9,375939,375980,"Near eye  Final lag-1 residual correlation","tbl-h11-prep-activity-diagnostics--gt-0007 tbl-h11-prep-activity-diagnostics--gt-0003","Near eye|Final-lag-1-residual-correlation","tbl-h11-prep-activity-diagnostics--gt-0007|tbl-h11-prep-activity-diagnostics--gt-0003",400167,400251,42,85
17,"tbl-h11-prep-activity-diagnostics","headers",10,376042,376078,"Near eye  Maximum cluster score share","tbl-h11-prep-activity-diagnostics--gt-0007 tbl-h11-prep-activity-diagnostics--gt-0004","Near eye|Maximum-cluster-score-share","tbl-h11-prep-activity-diagnostics--gt-0007|tbl-h11-prep-activity-diagnostics--gt-0004",400313,400397,37,85
17,"tbl-h11-prep-activity-diagnostics","headers",11,376140,376167,"Near eye  Effective clusters","tbl-h11-prep-activity-diagnostics--gt-0007 tbl-h11-prep-activity-diagnostics--gt-0005","Near eye|Effective-clusters","tbl-h11-prep-activity-diagnostics--gt-0007|tbl-h11-prep-activity-diagnostics--gt-0005",400459,400543,28,85
17,"tbl-h11-prep-activity-diagnostics","headers",12,376229,376256,"Near eye  Delete-one p range","tbl-h11-prep-activity-diagnostics--gt-0007 tbl-h11-prep-activity-diagnostics--gt-0006","Near eye|Delete-one-p-range","tbl-h11-prep-activity-diagnostics--gt-0007|tbl-h11-prep-activity-diagnostics--gt-0006",400605,400689,28,85
17,"tbl-h11-prep-activity-diagnostics","id",8,376343,376347,"Chest","tbl-h11-prep-activity-diagnostics--gt-0008","","",400776,400817,5,42
17,"tbl-h11-prep-activity-diagnostics","headers",13,376514,376528,"Chest  Analysis","tbl-h11-prep-activity-diagnostics--gt-0008 tbl-h11-prep-activity-diagnostics--gt-0001","Chest|Analysis","tbl-h11-prep-activity-diagnostics--gt-0008|tbl-h11-prep-activity-diagnostics--gt-0001",400984,401068,15,85
17,"tbl-h11-prep-activity-diagnostics","headers",14,376609,376625,"Chest  Assessment","tbl-h11-prep-activity-diagnostics--gt-0008 tbl-h11-prep-activity-diagnostics--gt-0002","Chest|Assessment","tbl-h11-prep-activity-diagnostics--gt-0008|tbl-h11-prep-activity-diagnostics--gt-0002",401149,401233,17,85
17,"tbl-h11-prep-activity-diagnostics","headers",15,376708,376746,"Chest  Final lag-1 residual correlation","tbl-h11-prep-activity-diagnostics--gt-0008 tbl-h11-prep-activity-diagnostics--gt-0003","Chest|Final-lag-1-residual-correlation","tbl-h11-prep-activity-diagnostics--gt-0008|tbl-h11-prep-activity-diagnostics--gt-0003",401316,401400,39,85
17,"tbl-h11-prep-activity-diagnostics","headers",16,376797,376830,"Chest  Maximum cluster score share","tbl-h11-prep-activity-diagnostics--gt-0008 tbl-h11-prep-activity-diagnostics--gt-0004","Chest|Maximum-cluster-score-share","tbl-h11-prep-activity-diagnostics--gt-0008|tbl-h11-prep-activity-diagnostics--gt-0004",401451,401535,34,85
17,"tbl-h11-prep-activity-diagnostics","headers",17,376881,376905,"Chest  Effective clusters","tbl-h11-prep-activity-diagnostics--gt-0008 tbl-h11-prep-activity-diagnostics--gt-0005","Chest|Effective-clusters","tbl-h11-prep-activity-diagnostics--gt-0008|tbl-h11-prep-activity-diagnostics--gt-0005",401586,401670,25,85
17,"tbl-h11-prep-activity-diagnostics","headers",18,376956,376980,"Chest  Delete-one p range","tbl-h11-prep-activity-diagnostics--gt-0008 tbl-h11-prep-activity-diagnostics--gt-0006","Chest|Delete-one-p-range","tbl-h11-prep-activity-diagnostics--gt-0008|tbl-h11-prep-activity-diagnostics--gt-0006",401721,401805,25,85
17,"tbl-h11-prep-activity-diagnostics","headers",19,377073,377087,"Chest  Analysis","tbl-h11-prep-activity-diagnostics--gt-0008 tbl-h11-prep-activity-diagnostics--gt-0001","Chest|Analysis","tbl-h11-prep-activity-diagnostics--gt-0008|tbl-h11-prep-activity-diagnostics--gt-0001",401898,401982,15,85
17,"tbl-h11-prep-activity-diagnostics","headers",20,377173,377189,"Chest  Assessment","tbl-h11-prep-activity-diagnostics--gt-0008 tbl-h11-prep-activity-diagnostics--gt-0002","Chest|Assessment","tbl-h11-prep-activity-diagnostics--gt-0008|tbl-h11-prep-activity-diagnostics--gt-0002",402068,402152,17,85
17,"tbl-h11-prep-activity-diagnostics","headers",21,377283,377321,"Chest  Final lag-1 residual correlation","tbl-h11-prep-activity-diagnostics--gt-0008 tbl-h11-prep-activity-diagnostics--gt-0003","Chest|Final-lag-1-residual-correlation","tbl-h11-prep-activity-diagnostics--gt-0008|tbl-h11-prep-activity-diagnostics--gt-0003",402246,402330,39,85
17,"tbl-h11-prep-activity-diagnostics","headers",22,377383,377416,"Chest  Maximum cluster score share","tbl-h11-prep-activity-diagnostics--gt-0008 tbl-h11-prep-activity-diagnostics--gt-0004","Chest|Maximum-cluster-score-share","tbl-h11-prep-activity-diagnostics--gt-0008|tbl-h11-prep-activity-diagnostics--gt-0004",402392,402476,34,85
17,"tbl-h11-prep-activity-diagnostics","headers",23,377478,377502,"Chest  Effective clusters","tbl-h11-prep-activity-diagnostics--gt-0008 tbl-h11-prep-activity-diagnostics--gt-0005","Chest|Effective-clusters","tbl-h11-prep-activity-diagnostics--gt-0008|tbl-h11-prep-activity-diagnostics--gt-0005",402538,402622,25,85
17,"tbl-h11-prep-activity-diagnostics","headers",24,377564,377588,"Chest  Delete-one p range","tbl-h11-prep-activity-diagnostics--gt-0008 tbl-h11-prep-activity-diagnostics--gt-0006","Chest|Delete-one-p-range","tbl-h11-prep-activity-diagnostics--gt-0008|tbl-h11-prep-activity-diagnostics--gt-0006",402684,402768,25,85
18,"tbl-h11-prep-placement-assessment","id",1,392473,392505,"Stored-common-sample-participants","tbl-h11-prep-placement-assessment--gt-0001","","",417653,417694,33,42
18,"tbl-h11-prep-placement-assessment","id",2,392657,392693,"Stored-common-sample-participant-days","tbl-h11-prep-placement-assessment--gt-0002","","",417846,417887,37,42
18,"tbl-h11-prep-placement-assessment","id",3,392849,392880,"Fitted-common-sample-H11-outputs","tbl-h11-prep-placement-assessment--gt-0003","","",418043,418084,32,42
18,"tbl-h11-prep-placement-assessment","id",4,393032,393068,"Prespecified-scalar-temporal-estimand","tbl-h11-prep-placement-assessment--gt-0004","","",418236,418277,37,42
18,"tbl-h11-prep-placement-assessment","id",5,393225,393255,"Scalar-identity-plot-applicable","tbl-h11-prep-placement-assessment--gt-0005","","",418434,418475,31,42
18,"tbl-h11-prep-placement-assessment","id",6,393406,393411,"Reason","tbl-h11-prep-placement-assessment--gt-0006","","",418626,418667,6,42
18,"tbl-h11-prep-placement-assessment","id",7,393535,393555,"Closest-valid-display","tbl-h11-prep-placement-assessment--gt-0007","","",418791,418832,21,42
18,"tbl-h11-prep-placement-assessment","headers",1,393783,393815,"Stored common-sample participants","tbl-h11-prep-placement-assessment--gt-0001","Stored-common-sample-participants","tbl-h11-prep-placement-assessment--gt-0001",419060,419101,33,42
18,"tbl-h11-prep-placement-assessment","headers",2,393864,393900,"Stored common-sample participant-days","tbl-h11-prep-placement-assessment--gt-0002","Stored-common-sample-participant-days","tbl-h11-prep-placement-assessment--gt-0002",419150,419191,37,42
18,"tbl-h11-prep-placement-assessment","headers",3,393950,393981,"Fitted common-sample H11 outputs","tbl-h11-prep-placement-assessment--gt-0003","Fitted-common-sample-H11-outputs","tbl-h11-prep-placement-assessment--gt-0003",419241,419282,32,42
18,"tbl-h11-prep-placement-assessment","headers",4,394033,394069,"Prespecified scalar temporal estimand","tbl-h11-prep-placement-assessment--gt-0004","Prespecified-scalar-temporal-estimand","tbl-h11-prep-placement-assessment--gt-0004",419334,419375,37,42
18,"tbl-h11-prep-placement-assessment","headers",5,394121,394151,"Scalar identity plot applicable","tbl-h11-prep-placement-assessment--gt-0005","Scalar-identity-plot-applicable","tbl-h11-prep-placement-assessment--gt-0005",419427,419468,31,42
18,"tbl-h11-prep-placement-assessment","headers",6,394201,394206,"Reason","tbl-h11-prep-placement-assessment--gt-0006","Reason","tbl-h11-prep-placement-assessment--gt-0006",419518,419559,6,42
18,"tbl-h11-prep-placement-assessment","headers",7,394387,394407,"Closest valid display","tbl-h11-prep-placement-assessment--gt-0007","Closest-valid-display","tbl-h11-prep-placement-assessment--gt-0007",419740,419781,21,42
19,"tbl-h11-prep-deferred-analyses","id",1,409087,409094,"Question","tbl-h11-prep-deferred-analyses--gt-0001","","",434461,434499,8,39
19,"tbl-h11-prep-deferred-analyses","id",2,409220,409234,"Placement-scope","tbl-h11-prep-deferred-analyses--gt-0002","","",434625,434663,15,39
19,"tbl-h11-prep-deferred-analyses","id",3,409367,409372,"Status","tbl-h11-prep-deferred-analyses--gt-0003","","",434796,434834,6,39
19,"tbl-h11-prep-deferred-analyses","id",4,409496,409530,"Potential-interpretive-contribution","tbl-h11-prep-deferred-analyses--gt-0004","","",434958,434996,35,39
19,"tbl-h11-prep-deferred-analyses","headers",1,409772,409779,"Question","tbl-h11-prep-deferred-analyses--gt-0001","Question","tbl-h11-prep-deferred-analyses--gt-0001",435238,435276,8,39
19,"tbl-h11-prep-deferred-analyses","headers",2,409856,409870,"Placement scope","tbl-h11-prep-deferred-analyses--gt-0002","Placement-scope","tbl-h11-prep-deferred-analyses--gt-0002",435353,435391,15,39
19,"tbl-h11-prep-deferred-analyses","headers",3,409933,409938,"Status","tbl-h11-prep-deferred-analyses--gt-0003","Status","tbl-h11-prep-deferred-analyses--gt-0003",435454,435492,6,39
19,"tbl-h11-prep-deferred-analyses","headers",4,410026,410060,"Potential interpretive contribution","tbl-h11-prep-deferred-analyses--gt-0004","Potential-interpretive-contribution","tbl-h11-prep-deferred-analyses--gt-0004",435580,435618,35,39
19,"tbl-h11-prep-deferred-analyses","headers",5,410214,410221,"Question","tbl-h11-prep-deferred-analyses--gt-0001","Question","tbl-h11-prep-deferred-analyses--gt-0001",435772,435810,8,39
19,"tbl-h11-prep-deferred-analyses","headers",6,410307,410321,"Placement scope","tbl-h11-prep-deferred-analyses--gt-0002","Placement-scope","tbl-h11-prep-deferred-analyses--gt-0002",435896,435934,15,39
19,"tbl-h11-prep-deferred-analyses","headers",7,410395,410400,"Status","tbl-h11-prep-deferred-analyses--gt-0003","Status","tbl-h11-prep-deferred-analyses--gt-0003",436008,436046,6,39
19,"tbl-h11-prep-deferred-analyses","headers",8,410491,410525,"Potential interpretive contribution","tbl-h11-prep-deferred-analyses--gt-0004","Potential-interpretive-contribution","tbl-h11-prep-deferred-analyses--gt-0004",436137,436175,35,39
19,"tbl-h11-prep-deferred-analyses","headers",9,410677,410684,"Question","tbl-h11-prep-deferred-analyses--gt-0001","Question","tbl-h11-prep-deferred-analyses--gt-0001",436327,436365,8,39
19,"tbl-h11-prep-deferred-analyses","headers",10,410747,410761,"Placement scope","tbl-h11-prep-deferred-analyses--gt-0002","Placement-scope","tbl-h11-prep-deferred-analyses--gt-0002",436428,436466,15,39
19,"tbl-h11-prep-deferred-analyses","headers",11,410842,410847,"Status","tbl-h11-prep-deferred-analyses--gt-0003","Status","tbl-h11-prep-deferred-analyses--gt-0003",436547,436585,6,39
19,"tbl-h11-prep-deferred-analyses","headers",12,410927,410961,"Potential interpretive contribution","tbl-h11-prep-deferred-analyses--gt-0004","Potential-interpretive-contribution","tbl-h11-prep-deferred-analyses--gt-0004",436665,436703,35,39
19,"tbl-h11-prep-deferred-analyses","headers",13,411112,411119,"Question","tbl-h11-prep-deferred-analyses--gt-0001","Question","tbl-h11-prep-deferred-analyses--gt-0001",436854,436892,8,39
19,"tbl-h11-prep-deferred-analyses","headers",14,411210,411224,"Placement scope","tbl-h11-prep-deferred-analyses--gt-0002","Placement-scope","tbl-h11-prep-deferred-analyses--gt-0002",436983,437021,15,39
19,"tbl-h11-prep-deferred-analyses","headers",15,411298,411303,"Status","tbl-h11-prep-deferred-analyses--gt-0003","Status","tbl-h11-prep-deferred-analyses--gt-0003",437095,437133,6,39
19,"tbl-h11-prep-deferred-analyses","headers",16,411394,411428,"Potential interpretive contribution","tbl-h11-prep-deferred-analyses--gt-0004","Potential-interpretive-contribution","tbl-h11-prep-deferred-analyses--gt-0004",437224,437262,35,39
19,"tbl-h11-prep-deferred-analyses","headers",17,411587,411594,"Question","tbl-h11-prep-deferred-analyses--gt-0001","Question","tbl-h11-prep-deferred-analyses--gt-0001",437421,437459,8,39
19,"tbl-h11-prep-deferred-analyses","headers",18,411671,411685,"Placement scope","tbl-h11-prep-deferred-analyses--gt-0002","Placement-scope","tbl-h11-prep-deferred-analyses--gt-0002",437536,437574,15,39
19,"tbl-h11-prep-deferred-analyses","headers",19,411744,411749,"Status","tbl-h11-prep-deferred-analyses--gt-0003","Status","tbl-h11-prep-deferred-analyses--gt-0003",437633,437671,6,39
19,"tbl-h11-prep-deferred-analyses","headers",20,411829,411863,"Potential interpretive contribution","tbl-h11-prep-deferred-analyses--gt-0004","Potential-interpretive-contribution","tbl-h11-prep-deferred-analyses--gt-0004",437751,437789,35,39
19,"tbl-h11-prep-deferred-analyses","headers",21,412026,412033,"Question","tbl-h11-prep-deferred-analyses--gt-0001","Question","tbl-h11-prep-deferred-analyses--gt-0001",437952,437990,8,39
19,"tbl-h11-prep-deferred-analyses","headers",22,412105,412119,"Placement scope","tbl-h11-prep-deferred-analyses--gt-0002","Placement-scope","tbl-h11-prep-deferred-analyses--gt-0002",438062,438100,15,39
19,"tbl-h11-prep-deferred-analyses","headers",23,412193,412198,"Status","tbl-h11-prep-deferred-analyses--gt-0003","Status","tbl-h11-prep-deferred-analyses--gt-0003",438174,438212,6,39
19,"tbl-h11-prep-deferred-analyses","headers",24,412286,412320,"Potential interpretive contribution","tbl-h11-prep-deferred-analyses--gt-0004","Potential-interpretive-contribution","tbl-h11-prep-deferred-analyses--gt-0004",438300,438338,35,39
20,"tbl-h11-prep-input-identities","id",1,427051,427055,"Input","tbl-h11-prep-input-identities--gt-0001","","",453069,453106,5,38
20,"tbl-h11-prep-input-identities","id",2,427178,427193,"Recorded-SHA-256","tbl-h11-prep-input-identities--gt-0002","","",453229,453266,16,38
20,"tbl-h11-prep-input-identities","id",3,427327,427341,"Current-SHA-256","tbl-h11-prep-input-identities--gt-0003","","",453400,453437,15,38
20,"tbl-h11-prep-input-identities","id",4,427474,427479,"Status","tbl-h11-prep-input-identities--gt-0004","","",453570,453607,6,38
20,"tbl-h11-prep-input-identities","headers",1,427692,427696,"Input","tbl-h11-prep-input-identities--gt-0001","Input","tbl-h11-prep-input-identities--gt-0001",453820,453857,5,38
20,"tbl-h11-prep-input-identities","headers",2,427763,427778,"Recorded SHA-256","tbl-h11-prep-input-identities--gt-0002","Recorded-SHA-256","tbl-h11-prep-input-identities--gt-0002",453924,453961,16,38
20,"tbl-h11-prep-input-identities","headers",3,427835,427849,"Current SHA-256","tbl-h11-prep-input-identities--gt-0003","Current-SHA-256","tbl-h11-prep-input-identities--gt-0003",454018,454055,15,38
20,"tbl-h11-prep-input-identities","headers",4,427906,427911,"Status","tbl-h11-prep-input-identities--gt-0004","Status","tbl-h11-prep-input-identities--gt-0004",454112,454149,6,38
20,"tbl-h11-prep-input-identities","headers",5,428037,428041,"Input","tbl-h11-prep-input-identities--gt-0001","Input","tbl-h11-prep-input-identities--gt-0001",454275,454312,5,38
20,"tbl-h11-prep-input-identities","headers",6,428119,428134,"Recorded SHA-256","tbl-h11-prep-input-identities--gt-0002","Recorded-SHA-256","tbl-h11-prep-input-identities--gt-0002",454390,454427,16,38
20,"tbl-h11-prep-input-identities","headers",7,428202,428216,"Current SHA-256","tbl-h11-prep-input-identities--gt-0003","Current-SHA-256","tbl-h11-prep-input-identities--gt-0003",454495,454532,15,38
20,"tbl-h11-prep-input-identities","headers",8,428284,428289,"Status","tbl-h11-prep-input-identities--gt-0004","Status","tbl-h11-prep-input-identities--gt-0004",454600,454637,6,38
20,"tbl-h11-prep-input-identities","headers",9,428403,428407,"Input","tbl-h11-prep-input-identities--gt-0001","Input","tbl-h11-prep-input-identities--gt-0001",454751,454788,5,38
20,"tbl-h11-prep-input-identities","headers",10,428484,428499,"Recorded SHA-256","tbl-h11-prep-input-identities--gt-0002","Recorded-SHA-256","tbl-h11-prep-input-identities--gt-0002",454865,454902,16,38
20,"tbl-h11-prep-input-identities","headers",11,428556,428570,"Current SHA-256","tbl-h11-prep-input-identities--gt-0003","Current-SHA-256","tbl-h11-prep-input-identities--gt-0003",454959,454996,15,38
20,"tbl-h11-prep-input-identities","headers",12,428627,428632,"Status","tbl-h11-prep-input-identities--gt-0004","Status","tbl-h11-prep-input-identities--gt-0004",455053,455090,6,38
20,"tbl-h11-prep-input-identities","headers",13,428758,428762,"Input","tbl-h11-prep-input-identities--gt-0001","Input","tbl-h11-prep-input-identities--gt-0001",455216,455253,5,38
20,"tbl-h11-prep-input-identities","headers",14,428841,428856,"Recorded SHA-256","tbl-h11-prep-input-identities--gt-0002","Recorded-SHA-256","tbl-h11-prep-input-identities--gt-0002",455332,455369,16,38
20,"tbl-h11-prep-input-identities","headers",15,428924,428938,"Current SHA-256","tbl-h11-prep-input-identities--gt-0003","Current-SHA-256","tbl-h11-prep-input-identities--gt-0003",455437,455474,15,38
20,"tbl-h11-prep-input-identities","headers",16,429006,429011,"Status","tbl-h11-prep-input-identities--gt-0004","Status","tbl-h11-prep-input-identities--gt-0004",455542,455579,6,38
20,"tbl-h11-prep-input-identities","headers",17,429125,429129,"Input","tbl-h11-prep-input-identities--gt-0001","Input","tbl-h11-prep-input-identities--gt-0001",455693,455730,5,38
20,"tbl-h11-prep-input-identities","headers",18,429208,429223,"Recorded SHA-256","tbl-h11-prep-input-identities--gt-0002","Recorded-SHA-256","tbl-h11-prep-input-identities--gt-0002",455809,455846,16,38
20,"tbl-h11-prep-input-identities","headers",19,429280,429294,"Current SHA-256","tbl-h11-prep-input-identities--gt-0003","Current-SHA-256","tbl-h11-prep-input-identities--gt-0003",455903,455940,15,38
20,"tbl-h11-prep-input-identities","headers",20,429351,429356,"Status","tbl-h11-prep-input-identities--gt-0004","Status","tbl-h11-prep-input-identities--gt-0004",455997,456034,6,38
20,"tbl-h11-prep-input-identities","headers",21,429482,429486,"Input","tbl-h11-prep-input-identities--gt-0001","Input","tbl-h11-prep-input-identities--gt-0001",456160,456197,5,38
20,"tbl-h11-prep-input-identities","headers",22,429568,429583,"Recorded SHA-256","tbl-h11-prep-input-identities--gt-0002","Recorded-SHA-256","tbl-h11-prep-input-identities--gt-0002",456279,456316,16,38
20,"tbl-h11-prep-input-identities","headers",23,429651,429665,"Current SHA-256","tbl-h11-prep-input-identities--gt-0003","Current-SHA-256","tbl-h11-prep-input-identities--gt-0003",456384,456421,15,38
20,"tbl-h11-prep-input-identities","headers",24,429733,429738,"Status","tbl-h11-prep-input-identities--gt-0004","Status","tbl-h11-prep-input-identities--gt-0004",456489,456526,6,38
20,"tbl-h11-prep-input-identities","headers",25,429852,429856,"Input","tbl-h11-prep-input-identities--gt-0001","Input","tbl-h11-prep-input-identities--gt-0001",456640,456677,5,38
20,"tbl-h11-prep-input-identities","headers",26,429924,429939,"Recorded SHA-256","tbl-h11-prep-input-identities--gt-0002","Recorded-SHA-256","tbl-h11-prep-input-identities--gt-0002",456745,456782,16,38
20,"tbl-h11-prep-input-identities","headers",27,429996,430010,"Current SHA-256","tbl-h11-prep-input-identities--gt-0003","Current-SHA-256","tbl-h11-prep-input-identities--gt-0003",456839,456876,15,38
20,"tbl-h11-prep-input-identities","headers",28,430067,430072,"Status","tbl-h11-prep-input-identities--gt-0004","Status","tbl-h11-prep-input-identities--gt-0004",456933,456970,6,38
20,"tbl-h11-prep-input-identities","headers",29,430198,430202,"Input","tbl-h11-prep-input-identities--gt-0001","Input","tbl-h11-prep-input-identities--gt-0001",457096,457133,5,38
20,"tbl-h11-prep-input-identities","headers",30,430295,430310,"Recorded SHA-256","tbl-h11-prep-input-identities--gt-0002","Recorded-SHA-256","tbl-h11-prep-input-identities--gt-0002",457226,457263,16,38
20,"tbl-h11-prep-input-identities","headers",31,430378,430392,"Current SHA-256","tbl-h11-prep-input-identities--gt-0003","Current-SHA-256","tbl-h11-prep-input-identities--gt-0003",457331,457368,15,38
20,"tbl-h11-prep-input-identities","headers",32,430460,430465,"Status","tbl-h11-prep-input-identities--gt-0004","Status","tbl-h11-prep-input-identities--gt-0004",457436,457473,6,38
20,"tbl-h11-prep-input-identities","headers",33,430579,430583,"Input","tbl-h11-prep-input-identities--gt-0001","Input","tbl-h11-prep-input-identities--gt-0001",457587,457624,5,38
20,"tbl-h11-prep-input-identities","headers",34,430662,430677,"Recorded SHA-256","tbl-h11-prep-input-identities--gt-0002","Recorded-SHA-256","tbl-h11-prep-input-identities--gt-0002",457703,457740,16,38
20,"tbl-h11-prep-input-identities","headers",35,430734,430748,"Current SHA-256","tbl-h11-prep-input-identities--gt-0003","Current-SHA-256","tbl-h11-prep-input-identities--gt-0003",457797,457834,15,38
20,"tbl-h11-prep-input-identities","headers",36,430805,430810,"Status","tbl-h11-prep-input-identities--gt-0004","Status","tbl-h11-prep-input-identities--gt-0004",457891,457928,6,38
20,"tbl-h11-prep-input-identities","headers",37,430936,430940,"Input","tbl-h11-prep-input-identities--gt-0001","Input","tbl-h11-prep-input-identities--gt-0001",458054,458091,5,38
20,"tbl-h11-prep-input-identities","headers",38,431028,431043,"Recorded SHA-256","tbl-h11-prep-input-identities--gt-0002","Recorded-SHA-256","tbl-h11-prep-input-identities--gt-0002",458179,458216,16,38
20,"tbl-h11-prep-input-identities","headers",39,431111,431125,"Current SHA-256","tbl-h11-prep-input-identities--gt-0003","Current-SHA-256","tbl-h11-prep-input-identities--gt-0003",458284,458321,15,38
20,"tbl-h11-prep-input-identities","headers",40,431193,431198,"Status","tbl-h11-prep-input-identities--gt-0004","Status","tbl-h11-prep-input-identities--gt-0004",458389,458426,6,38
21,"tbl-h11-prep-formula-registry","id",1,446534,446538,"Model","tbl-h11-prep-formula-registry--gt-0001","","",473762,473799,5,38
21,"tbl-h11-prep-formula-registry","id",2,446661,446664,"Role","tbl-h11-prep-formula-registry--gt-0002","","",473922,473959,4,38
21,"tbl-h11-prep-formula-registry","id",3,446786,446792,"Formula","tbl-h11-prep-formula-registry--gt-0003","","",474081,474118,7,38
21,"tbl-h11-prep-formula-registry","headers",1,447006,447010,"Model","tbl-h11-prep-formula-registry--gt-0001","Model","tbl-h11-prep-formula-registry--gt-0001",474332,474369,5,38
21,"tbl-h11-prep-formula-registry","headers",2,447087,447090,"Role","tbl-h11-prep-formula-registry--gt-0002","Role","tbl-h11-prep-formula-registry--gt-0002",474446,474483,4,38
21,"tbl-h11-prep-formula-registry","headers",3,447206,447212,"Formula","tbl-h11-prep-formula-registry--gt-0003","Formula","tbl-h11-prep-formula-registry--gt-0003",474599,474636,7,38
21,"tbl-h11-prep-formula-registry","headers",4,447453,447457,"Model","tbl-h11-prep-formula-registry--gt-0001","Model","tbl-h11-prep-formula-registry--gt-0001",474877,474914,5,38
21,"tbl-h11-prep-formula-registry","headers",5,447530,447533,"Role","tbl-h11-prep-formula-registry--gt-0002","Role","tbl-h11-prep-formula-registry--gt-0002",474987,475024,4,38
21,"tbl-h11-prep-formula-registry","headers",6,447605,447611,"Formula","tbl-h11-prep-formula-registry--gt-0003","Formula","tbl-h11-prep-formula-registry--gt-0003",475096,475133,7,38
21,"tbl-h11-prep-formula-registry","headers",7,447897,447901,"Model","tbl-h11-prep-formula-registry--gt-0001","Model","tbl-h11-prep-formula-registry--gt-0001",475419,475456,5,38
21,"tbl-h11-prep-formula-registry","headers",8,447963,447966,"Role","tbl-h11-prep-formula-registry--gt-0002","Role","tbl-h11-prep-formula-registry--gt-0002",475518,475555,4,38
21,"tbl-h11-prep-formula-registry","headers",9,448052,448058,"Formula","tbl-h11-prep-formula-registry--gt-0003","Formula","tbl-h11-prep-formula-registry--gt-0003",475641,475678,7,38
21,"tbl-h11-prep-formula-registry","headers",10,448356,448360,"Model","tbl-h11-prep-formula-registry--gt-0001","Model","tbl-h11-prep-formula-registry--gt-0001",475976,476013,5,38
21,"tbl-h11-prep-formula-registry","headers",11,448433,448436,"Role","tbl-h11-prep-formula-registry--gt-0002","Role","tbl-h11-prep-formula-registry--gt-0002",476086,476123,4,38
21,"tbl-h11-prep-formula-registry","headers",12,448508,448514,"Formula","tbl-h11-prep-formula-registry--gt-0003","Formula","tbl-h11-prep-formula-registry--gt-0003",476195,476232,7,38
21,"tbl-h11-prep-formula-registry","headers",13,448800,448804,"Model","tbl-h11-prep-formula-registry--gt-0001","Model","tbl-h11-prep-formula-registry--gt-0001",476518,476555,5,38
21,"tbl-h11-prep-formula-registry","headers",14,448866,448869,"Role","tbl-h11-prep-formula-registry--gt-0002","Role","tbl-h11-prep-formula-registry--gt-0002",476617,476654,4,38
21,"tbl-h11-prep-formula-registry","headers",15,448949,448955,"Formula","tbl-h11-prep-formula-registry--gt-0003","Formula","tbl-h11-prep-formula-registry--gt-0003",476734,476771,7,38
21,"tbl-h11-prep-formula-registry","headers",16,449253,449257,"Model","tbl-h11-prep-formula-registry--gt-0001","Model","tbl-h11-prep-formula-registry--gt-0001",477069,477106,5,38
21,"tbl-h11-prep-formula-registry","headers",17,449348,449351,"Role","tbl-h11-prep-formula-registry--gt-0002","Role","tbl-h11-prep-formula-registry--gt-0002",477197,477234,4,38
21,"tbl-h11-prep-formula-registry","headers",18,449469,449475,"Formula","tbl-h11-prep-formula-registry--gt-0003","Formula","tbl-h11-prep-formula-registry--gt-0003",477352,477389,7,38
21,"tbl-h11-prep-formula-registry","headers",19,449836,449840,"Model","tbl-h11-prep-formula-registry--gt-0001","Model","tbl-h11-prep-formula-registry--gt-0001",477750,477787,5,38
21,"tbl-h11-prep-formula-registry","headers",20,449923,449926,"Role","tbl-h11-prep-formula-registry--gt-0002","Role","tbl-h11-prep-formula-registry--gt-0002",477870,477907,4,38
21,"tbl-h11-prep-formula-registry","headers",21,450054,450060,"Formula","tbl-h11-prep-formula-registry--gt-0003","Formula","tbl-h11-prep-formula-registry--gt-0003",478035,478072,7,38
22,"tbl-h11-prep-fit-settings","id",1,467685,467692,"Analysis","tbl-h11-prep-fit-settings--gt-0001","","",495697,495730,8,34
22,"tbl-h11-prep-fit-settings","id",2,467818,467829,"Observations","tbl-h11-prep-fit-settings--gt-0002","","",495856,495889,12,34
22,"tbl-h11-prep-fit-settings","id",3,467960,467968,"Total-edf","tbl-h11-prep-fit-settings--gt-0003","","",496020,496053,9,34
22,"tbl-h11-prep-fit-settings","id",4,468096,468098,"Rho","tbl-h11-prep-fit-settings--gt-0004","","",496181,496214,3,34
22,"tbl-h11-prep-fit-settings","id",5,468220,468228,"Converged","tbl-h11-prep-fit-settings--gt-0005","","",496336,496369,9,34
22,"tbl-h11-prep-fit-settings","id",6,468357,468371,"Elapsed-seconds","tbl-h11-prep-fit-settings--gt-0006","","",496498,496531,15,34
22,"tbl-h11-prep-fit-settings","id",7,468505,468510,"Engine","tbl-h11-prep-fit-settings--gt-0007","","",496665,496698,6,34
22,"tbl-h11-prep-fit-settings","headers",1,468723,468730,"Analysis","tbl-h11-prep-fit-settings--gt-0001","Analysis","tbl-h11-prep-fit-settings--gt-0001",496911,496944,8,34
22,"tbl-h11-prep-fit-settings","headers",2,468792,468803,"Observations","tbl-h11-prep-fit-settings--gt-0002","Observations","tbl-h11-prep-fit-settings--gt-0002",497006,497039,12,34
22,"tbl-h11-prep-fit-settings","headers",3,468855,468863,"Total edf","tbl-h11-prep-fit-settings--gt-0003","Total-edf","tbl-h11-prep-fit-settings--gt-0003",497091,497124,9,34
22,"tbl-h11-prep-fit-settings","headers",4,468918,468920,"Rho","tbl-h11-prep-fit-settings--gt-0004","Rho","tbl-h11-prep-fit-settings--gt-0004",497179,497212,3,34
22,"tbl-h11-prep-fit-settings","headers",5,468972,468980,"Converged","tbl-h11-prep-fit-settings--gt-0005","Converged","tbl-h11-prep-fit-settings--gt-0005",497264,497297,9,34
22,"tbl-h11-prep-fit-settings","headers",6,469030,469044,"Elapsed seconds","tbl-h11-prep-fit-settings--gt-0006","Elapsed-seconds","tbl-h11-prep-fit-settings--gt-0006",497347,497380,15,34
22,"tbl-h11-prep-fit-settings","headers",7,469095,469100,"Engine","tbl-h11-prep-fit-settings--gt-0007","Engine","tbl-h11-prep-fit-settings--gt-0007",497431,497464,6,34
22,"tbl-h11-prep-fit-settings","headers",8,469207,469214,"Analysis","tbl-h11-prep-fit-settings--gt-0001","Analysis","tbl-h11-prep-fit-settings--gt-0001",497571,497604,8,34
22,"tbl-h11-prep-fit-settings","headers",9,469290,469301,"Observations","tbl-h11-prep-fit-settings--gt-0002","Observations","tbl-h11-prep-fit-settings--gt-0002",497680,497713,12,34
22,"tbl-h11-prep-fit-settings","headers",10,469364,469372,"Total edf","tbl-h11-prep-fit-settings--gt-0003","Total-edf","tbl-h11-prep-fit-settings--gt-0003",497776,497809,9,34
22,"tbl-h11-prep-fit-settings","headers",11,469438,469440,"Rho","tbl-h11-prep-fit-settings--gt-0004","Rho","tbl-h11-prep-fit-settings--gt-0004",497875,497908,3,34
22,"tbl-h11-prep-fit-settings","headers",12,469503,469511,"Converged","tbl-h11-prep-fit-settings--gt-0005","Converged","tbl-h11-prep-fit-settings--gt-0005",497971,498004,9,34
22,"tbl-h11-prep-fit-settings","headers",13,469572,469586,"Elapsed seconds","tbl-h11-prep-fit-settings--gt-0006","Elapsed-seconds","tbl-h11-prep-fit-settings--gt-0006",498065,498098,15,34
22,"tbl-h11-prep-fit-settings","headers",14,469648,469653,"Engine","tbl-h11-prep-fit-settings--gt-0007","Engine","tbl-h11-prep-fit-settings--gt-0007",498160,498193,6,34
22,"tbl-h11-prep-fit-settings","headers",15,469748,469755,"Analysis","tbl-h11-prep-fit-settings--gt-0001","Analysis","tbl-h11-prep-fit-settings--gt-0001",498288,498321,8,34
22,"tbl-h11-prep-fit-settings","headers",16,469828,469839,"Observations","tbl-h11-prep-fit-settings--gt-0002","Observations","tbl-h11-prep-fit-settings--gt-0002",498394,498427,12,34
22,"tbl-h11-prep-fit-settings","headers",17,469891,469899,"Total edf","tbl-h11-prep-fit-settings--gt-0003","Total-edf","tbl-h11-prep-fit-settings--gt-0003",498479,498512,9,34
22,"tbl-h11-prep-fit-settings","headers",18,469954,469956,"Rho","tbl-h11-prep-fit-settings--gt-0004","Rho","tbl-h11-prep-fit-settings--gt-0004",498567,498600,3,34
22,"tbl-h11-prep-fit-settings","headers",19,470008,470016,"Converged","tbl-h11-prep-fit-settings--gt-0005","Converged","tbl-h11-prep-fit-settings--gt-0005",498652,498685,9,34
22,"tbl-h11-prep-fit-settings","headers",20,470066,470080,"Elapsed seconds","tbl-h11-prep-fit-settings--gt-0006","Elapsed-seconds","tbl-h11-prep-fit-settings--gt-0006",498735,498768,15,34
22,"tbl-h11-prep-fit-settings","headers",21,470131,470136,"Engine","tbl-h11-prep-fit-settings--gt-0007","Engine","tbl-h11-prep-fit-settings--gt-0007",498819,498852,6,34
22,"tbl-h11-prep-fit-settings","headers",22,470243,470250,"Analysis","tbl-h11-prep-fit-settings--gt-0001","Analysis","tbl-h11-prep-fit-settings--gt-0001",498959,498992,8,34
22,"tbl-h11-prep-fit-settings","headers",23,470331,470342,"Observations","tbl-h11-prep-fit-settings--gt-0002","Observations","tbl-h11-prep-fit-settings--gt-0002",499073,499106,12,34
22,"tbl-h11-prep-fit-settings","headers",24,470405,470413,"Total edf","tbl-h11-prep-fit-settings--gt-0003","Total-edf","tbl-h11-prep-fit-settings--gt-0003",499169,499202,9,34
22,"tbl-h11-prep-fit-settings","headers",25,470479,470481,"Rho","tbl-h11-prep-fit-settings--gt-0004","Rho","tbl-h11-prep-fit-settings--gt-0004",499268,499301,3,34
22,"tbl-h11-prep-fit-settings","headers",26,470544,470552,"Converged","tbl-h11-prep-fit-settings--gt-0005","Converged","tbl-h11-prep-fit-settings--gt-0005",499364,499397,9,34
22,"tbl-h11-prep-fit-settings","headers",27,470613,470627,"Elapsed seconds","tbl-h11-prep-fit-settings--gt-0006","Elapsed-seconds","tbl-h11-prep-fit-settings--gt-0006",499458,499491,15,34
22,"tbl-h11-prep-fit-settings","headers",28,470690,470695,"Engine","tbl-h11-prep-fit-settings--gt-0007","Engine","tbl-h11-prep-fit-settings--gt-0007",499554,499587,6,34
22,"tbl-h11-prep-fit-settings","headers",29,470790,470797,"Analysis","tbl-h11-prep-fit-settings--gt-0001","Analysis","tbl-h11-prep-fit-settings--gt-0001",499682,499715,8,34
22,"tbl-h11-prep-fit-settings","headers",30,470869,470880,"Observations","tbl-h11-prep-fit-settings--gt-0002","Observations","tbl-h11-prep-fit-settings--gt-0002",499787,499820,12,34
22,"tbl-h11-prep-fit-settings","headers",31,470932,470940,"Total edf","tbl-h11-prep-fit-settings--gt-0003","Total-edf","tbl-h11-prep-fit-settings--gt-0003",499872,499905,9,34
22,"tbl-h11-prep-fit-settings","headers",32,470995,470997,"Rho","tbl-h11-prep-fit-settings--gt-0004","Rho","tbl-h11-prep-fit-settings--gt-0004",499960,499993,3,34
22,"tbl-h11-prep-fit-settings","headers",33,471049,471057,"Converged","tbl-h11-prep-fit-settings--gt-0005","Converged","tbl-h11-prep-fit-settings--gt-0005",500045,500078,9,34
22,"tbl-h11-prep-fit-settings","headers",34,471107,471121,"Elapsed seconds","tbl-h11-prep-fit-settings--gt-0006","Elapsed-seconds","tbl-h11-prep-fit-settings--gt-0006",500128,500161,15,34
22,"tbl-h11-prep-fit-settings","headers",35,471172,471177,"Engine","tbl-h11-prep-fit-settings--gt-0007","Engine","tbl-h11-prep-fit-settings--gt-0007",500212,500245,6,34
22,"tbl-h11-prep-fit-settings","headers",36,471284,471291,"Analysis","tbl-h11-prep-fit-settings--gt-0001","Analysis","tbl-h11-prep-fit-settings--gt-0001",500352,500385,8,34
22,"tbl-h11-prep-fit-settings","headers",37,471371,471382,"Observations","tbl-h11-prep-fit-settings--gt-0002","Observations","tbl-h11-prep-fit-settings--gt-0002",500465,500498,12,34
22,"tbl-h11-prep-fit-settings","headers",38,471445,471453,"Total edf","tbl-h11-prep-fit-settings--gt-0003","Total-edf","tbl-h11-prep-fit-settings--gt-0003",500561,500594,9,34
22,"tbl-h11-prep-fit-settings","headers",39,471519,471521,"Rho","tbl-h11-prep-fit-settings--gt-0004","Rho","tbl-h11-prep-fit-settings--gt-0004",500660,500693,3,34
22,"tbl-h11-prep-fit-settings","headers",40,471584,471592,"Converged","tbl-h11-prep-fit-settings--gt-0005","Converged","tbl-h11-prep-fit-settings--gt-0005",500756,500789,9,34
22,"tbl-h11-prep-fit-settings","headers",41,471653,471667,"Elapsed seconds","tbl-h11-prep-fit-settings--gt-0006","Elapsed-seconds","tbl-h11-prep-fit-settings--gt-0006",500850,500883,15,34
22,"tbl-h11-prep-fit-settings","headers",42,471729,471734,"Engine","tbl-h11-prep-fit-settings--gt-0007","Engine","tbl-h11-prep-fit-settings--gt-0007",500945,500978,6,34
23,"tbl-h11-prep-code-map","id",1,485527,485531,"Order","tbl-h11-prep-code-map--gt-0001","","",514771,514800,5,30
23,"tbl-h11-prep-code-map","id",2,485655,485661,"Purpose","tbl-h11-prep-code-map--gt-0002","","",514924,514953,7,30
23,"tbl-h11-prep-code-map","id",3,485786,485796,"Entry_point","tbl-h11-prep-code-map--gt-0003","","",515078,515107,11,30
23,"tbl-h11-prep-code-map","headers",1,486015,486019,"Order","tbl-h11-prep-code-map--gt-0001","Order","tbl-h11-prep-code-map--gt-0001",515326,515355,5,30
23,"tbl-h11-prep-code-map","headers",2,486065,486071,"Purpose","tbl-h11-prep-code-map--gt-0002","Purpose","tbl-h11-prep-code-map--gt-0002",515401,515430,7,30
23,"tbl-h11-prep-code-map","headers",3,486152,486162,"Entry_point","tbl-h11-prep-code-map--gt-0003","Entry_point","tbl-h11-prep-code-map--gt-0003",515511,515540,11,30
23,"tbl-h11-prep-code-map","headers",4,486291,486295,"Order","tbl-h11-prep-code-map--gt-0001","Order","tbl-h11-prep-code-map--gt-0001",515669,515698,5,30
23,"tbl-h11-prep-code-map","headers",5,486352,486358,"Purpose","tbl-h11-prep-code-map--gt-0002","Purpose","tbl-h11-prep-code-map--gt-0002",515755,515784,7,30
23,"tbl-h11-prep-code-map","headers",6,486455,486465,"Entry_point","tbl-h11-prep-code-map--gt-0003","Entry_point","tbl-h11-prep-code-map--gt-0003",515881,515910,11,30
23,"tbl-h11-prep-code-map","headers",7,486580,486584,"Order","tbl-h11-prep-code-map--gt-0001","Order","tbl-h11-prep-code-map--gt-0001",516025,516054,5,30
23,"tbl-h11-prep-code-map","headers",8,486630,486636,"Purpose","tbl-h11-prep-code-map--gt-0002","Purpose","tbl-h11-prep-code-map--gt-0002",516100,516129,7,30
23,"tbl-h11-prep-code-map","headers",9,486723,486733,"Entry_point","tbl-h11-prep-code-map--gt-0003","Entry_point","tbl-h11-prep-code-map--gt-0003",516216,516245,11,30
23,"tbl-h11-prep-code-map","headers",10,486870,486874,"Order","tbl-h11-prep-code-map--gt-0001","Order","tbl-h11-prep-code-map--gt-0001",516382,516411,5,30
23,"tbl-h11-prep-code-map","headers",11,486931,486937,"Purpose","tbl-h11-prep-code-map--gt-0002","Purpose","tbl-h11-prep-code-map--gt-0002",516468,516497,7,30
23,"tbl-h11-prep-code-map","headers",12,487038,487048,"Entry_point","tbl-h11-prep-code-map--gt-0003","Entry_point","tbl-h11-prep-code-map--gt-0003",516598,516627,11,30
23,"tbl-h11-prep-code-map","headers",13,487174,487178,"Order","tbl-h11-prep-code-map--gt-0001","Order","tbl-h11-prep-code-map--gt-0001",516753,516782,5,30
23,"tbl-h11-prep-code-map","headers",14,487224,487230,"Purpose","tbl-h11-prep-code-map--gt-0002","Purpose","tbl-h11-prep-code-map--gt-0002",516828,516857,7,30
23,"tbl-h11-prep-code-map","headers",15,487317,487327,"Entry_point","tbl-h11-prep-code-map--gt-0003","Entry_point","tbl-h11-prep-code-map--gt-0003",516944,516973,11,30
23,"tbl-h11-prep-code-map","headers",16,487457,487461,"Order","tbl-h11-prep-code-map--gt-0001","Order","tbl-h11-prep-code-map--gt-0001",517103,517132,5,30
23,"tbl-h11-prep-code-map","headers",17,487518,487524,"Purpose","tbl-h11-prep-code-map--gt-0002","Purpose","tbl-h11-prep-code-map--gt-0002",517189,517218,7,30
23,"tbl-h11-prep-code-map","headers",18,487626,487636,"Entry_point","tbl-h11-prep-code-map--gt-0003","Entry_point","tbl-h11-prep-code-map--gt-0003",517320,517349,11,30
23,"tbl-h11-prep-code-map","headers",19,487756,487760,"Order","tbl-h11-prep-code-map--gt-0001","Order","tbl-h11-prep-code-map--gt-0001",517469,517498,5,30
23,"tbl-h11-prep-code-map","headers",20,487806,487812,"Purpose","tbl-h11-prep-code-map--gt-0002","Purpose","tbl-h11-prep-code-map--gt-0002",517544,517573,7,30
23,"tbl-h11-prep-code-map","headers",21,487900,487910,"Entry_point","tbl-h11-prep-code-map--gt-0003","Entry_point","tbl-h11-prep-code-map--gt-0003",517661,517690,11,30
23,"tbl-h11-prep-code-map","headers",22,488047,488051,"Order","tbl-h11-prep-code-map--gt-0001","Order","tbl-h11-prep-code-map--gt-0001",517827,517856,5,30
23,"tbl-h11-prep-code-map","headers",23,488108,488114,"Purpose","tbl-h11-prep-code-map--gt-0002","Purpose","tbl-h11-prep-code-map--gt-0002",517913,517942,7,30
23,"tbl-h11-prep-code-map","headers",24,488205,488215,"Entry_point","tbl-h11-prep-code-map--gt-0003","Entry_point","tbl-h11-prep-code-map--gt-0003",518033,518062,11,30
24,"tbl-h11-prep-output-map","id",1,502321,502336,"Claim_or_display","tbl-h11-prep-output-map--gt-0001","","",532168,532199,16,32
24,"tbl-h11-prep-output-map","id",2,502470,502489,"Authoritative_output","tbl-h11-prep-output-map--gt-0002","","",532333,532364,20,32
24,"tbl-h11-prep-output-map","headers",1,502716,502731,"Claim_or_display","tbl-h11-prep-output-map--gt-0001","Claim_or_display","tbl-h11-prep-output-map--gt-0001",532591,532622,16,32
24,"tbl-h11-prep-output-map","headers",2,502796,502815,"Authoritative_output","tbl-h11-prep-output-map--gt-0002","Authoritative_output","tbl-h11-prep-output-map--gt-0002",532687,532718,20,32
24,"tbl-h11-prep-output-map","headers",3,502948,502963,"Claim_or_display","tbl-h11-prep-output-map--gt-0001","Claim_or_display","tbl-h11-prep-output-map--gt-0001",532851,532882,16,32
24,"tbl-h11-prep-output-map","headers",4,503039,503058,"Authoritative_output","tbl-h11-prep-output-map--gt-0002","Authoritative_output","tbl-h11-prep-output-map--gt-0002",532958,532989,20,32
24,"tbl-h11-prep-output-map","headers",5,503184,503199,"Claim_or_display","tbl-h11-prep-output-map--gt-0001","Claim_or_display","tbl-h11-prep-output-map--gt-0001",533115,533146,16,32
24,"tbl-h11-prep-output-map","headers",6,503267,503286,"Authoritative_output","tbl-h11-prep-output-map--gt-0002","Authoritative_output","tbl-h11-prep-output-map--gt-0002",533214,533245,20,32
24,"tbl-h11-prep-output-map","headers",7,503437,503452,"Claim_or_display","tbl-h11-prep-output-map--gt-0001","Claim_or_display","tbl-h11-prep-output-map--gt-0001",533396,533427,16,32
24,"tbl-h11-prep-output-map","headers",8,503538,503557,"Authoritative_output","tbl-h11-prep-output-map--gt-0002","Authoritative_output","tbl-h11-prep-output-map--gt-0002",533513,533544,20,32
24,"tbl-h11-prep-output-map","headers",9,503742,503757,"Claim_or_display","tbl-h11-prep-output-map--gt-0001","Claim_or_display","tbl-h11-prep-output-map--gt-0001",533729,533760,16,32
24,"tbl-h11-prep-output-map","headers",10,503826,503845,"Authoritative_output","tbl-h11-prep-output-map--gt-0002","Authoritative_output","tbl-h11-prep-output-map--gt-0002",533829,533860,20,32
24,"tbl-h11-prep-output-map","headers",11,503998,504013,"Claim_or_display","tbl-h11-prep-output-map--gt-0001","Claim_or_display","tbl-h11-prep-output-map--gt-0001",534013,534044,16,32
24,"tbl-h11-prep-output-map","headers",12,504095,504114,"Authoritative_output","tbl-h11-prep-output-map--gt-0002","Authoritative_output","tbl-h11-prep-output-map--gt-0002",534126,534157,20,32
24,"tbl-h11-prep-output-map","headers",13,504254,504269,"Claim_or_display","tbl-h11-prep-output-map--gt-0001","Claim_or_display","tbl-h11-prep-output-map--gt-0001",534297,534328,16,32
24,"tbl-h11-prep-output-map","headers",14,504333,504352,"Authoritative_output","tbl-h11-prep-output-map--gt-0002","Authoritative_output","tbl-h11-prep-output-map--gt-0002",534392,534423,20,32
24,"tbl-h11-prep-output-map","headers",15,504504,504519,"Claim_or_display","tbl-h11-prep-output-map--gt-0001","Claim_or_display","tbl-h11-prep-output-map--gt-0001",534575,534606,16,32
24,"tbl-h11-prep-output-map","headers",16,504598,504617,"Authoritative_output","tbl-h11-prep-output-map--gt-0002","Authoritative_output","tbl-h11-prep-output-map--gt-0002",534685,534716,20,32
24,"tbl-h11-prep-output-map","headers",17,504754,504769,"Claim_or_display","tbl-h11-prep-output-map--gt-0001","Claim_or_display","tbl-h11-prep-output-map--gt-0001",534853,534884,16,32
24,"tbl-h11-prep-output-map","headers",18,504837,504856,"Authoritative_output","tbl-h11-prep-output-map--gt-0002","Authoritative_output","tbl-h11-prep-output-map--gt-0002",534952,534983,20,32
24,"tbl-h11-prep-output-map","headers",19,504999,505014,"Claim_or_display","tbl-h11-prep-output-map--gt-0001","Claim_or_display","tbl-h11-prep-output-map--gt-0001",535126,535157,16,32
24,"tbl-h11-prep-output-map","headers",20,505103,505122,"Authoritative_output","tbl-h11-prep-output-map--gt-0002","Authoritative_output","tbl-h11-prep-output-map--gt-0002",535246,535277,20,32
25,"tbl-h11-prep-figure-qa","id",1,519026,519031,"Figure","tbl-h11-prep-figure-qa--gt-0001","","",549181,549211,6,31
25,"tbl-h11-prep-figure-qa","id",2,519155,519171,"Native-width-(mm)","tbl-h11-prep-figure-qa--gt-0002","","",549335,549365,17,31
25,"tbl-h11-prep-figure-qa","id",3,519307,519325,"Intended-width-(mm)","tbl-h11-prep-figure-qa--gt-0003","","",549501,549531,19,31
25,"tbl-h11-prep-figure-qa","id",4,519463,519474,"Scale-factor","tbl-h11-prep-figure-qa--gt-0004","","",549669,549699,12,31
25,"tbl-h11-prep-figure-qa","id",5,519605,519640,"Smallest-essential-nominal-text-(pt)","tbl-h11-prep-figure-qa--gt-0005","","",549830,549860,36,31
25,"tbl-h11-prep-figure-qa","id",6,519795,519823,"Effective-essential-text-(pt)","tbl-h11-prep-figure-qa--gt-0006","","",550015,550045,29,31
25,"tbl-h11-prep-figure-qa","id",7,519971,519995,"Effective-minor-text-(pt)","tbl-h11-prep-figure-qa--gt-0007","","",550193,550223,25,31
25,"tbl-h11-prep-figure-qa","id",8,520139,520144,"Status","tbl-h11-prep-figure-qa--gt-0008","","",550367,550397,6,31
25,"tbl-h11-prep-figure-qa","headers",1,520357,520362,"Figure","tbl-h11-prep-figure-qa--gt-0001","Figure","tbl-h11-prep-figure-qa--gt-0001",550610,550640,6,31
25,"tbl-h11-prep-figure-qa","headers",2,520424,520440,"Native width (mm)","tbl-h11-prep-figure-qa--gt-0002","Native-width-(mm)","tbl-h11-prep-figure-qa--gt-0002",550702,550732,17,31
25,"tbl-h11-prep-figure-qa","headers",3,520492,520510,"Intended width (mm)","tbl-h11-prep-figure-qa--gt-0003","Intended-width-(mm)","tbl-h11-prep-figure-qa--gt-0003",550784,550814,19,31
25,"tbl-h11-prep-figure-qa","headers",4,520562,520573,"Scale factor","tbl-h11-prep-figure-qa--gt-0004","Scale-factor","tbl-h11-prep-figure-qa--gt-0004",550866,550896,12,31
25,"tbl-h11-prep-figure-qa","headers",5,520623,520658,"Smallest essential nominal text (pt)","tbl-h11-prep-figure-qa--gt-0005","Smallest-essential-nominal-text-(pt)","tbl-h11-prep-figure-qa--gt-0005",550946,550976,36,31
25,"tbl-h11-prep-figure-qa","headers",6,520709,520737,"Effective essential text (pt)","tbl-h11-prep-figure-qa--gt-0006","Effective-essential-text-(pt)","tbl-h11-prep-figure-qa--gt-0006",551027,551057,29,31
25,"tbl-h11-prep-figure-qa","headers",7,520787,520811,"Effective minor text (pt)","tbl-h11-prep-figure-qa--gt-0007","Effective-minor-text-(pt)","tbl-h11-prep-figure-qa--gt-0007",551107,551137,25,31
25,"tbl-h11-prep-figure-qa","headers",8,520860,520865,"Status","tbl-h11-prep-figure-qa--gt-0008","Status","tbl-h11-prep-figure-qa--gt-0008",551186,551216,6,31
25,"tbl-h11-prep-figure-qa","headers",9,520949,520954,"Figure","tbl-h11-prep-figure-qa--gt-0001","Figure","tbl-h11-prep-figure-qa--gt-0001",551300,551330,6,31
25,"tbl-h11-prep-figure-qa","headers",10,521030,521046,"Native width (mm)","tbl-h11-prep-figure-qa--gt-0002","Native-width-(mm)","tbl-h11-prep-figure-qa--gt-0002",551406,551436,17,31
25,"tbl-h11-prep-figure-qa","headers",11,521109,521127,"Intended width (mm)","tbl-h11-prep-figure-qa--gt-0003","Intended-width-(mm)","tbl-h11-prep-figure-qa--gt-0003",551499,551529,19,31
25,"tbl-h11-prep-figure-qa","headers",12,521190,521201,"Scale factor","tbl-h11-prep-figure-qa--gt-0004","Scale-factor","tbl-h11-prep-figure-qa--gt-0004",551592,551622,12,31
25,"tbl-h11-prep-figure-qa","headers",13,521262,521297,"Smallest essential nominal text (pt)","tbl-h11-prep-figure-qa--gt-0005","Smallest-essential-nominal-text-(pt)","tbl-h11-prep-figure-qa--gt-0005",551683,551713,36,31
25,"tbl-h11-prep-figure-qa","headers",14,521359,521387,"Effective essential text (pt)","tbl-h11-prep-figure-qa--gt-0006","Effective-essential-text-(pt)","tbl-h11-prep-figure-qa--gt-0006",551775,551805,29,31
25,"tbl-h11-prep-figure-qa","headers",15,521448,521472,"Effective minor text (pt)","tbl-h11-prep-figure-qa--gt-0007","Effective-minor-text-(pt)","tbl-h11-prep-figure-qa--gt-0007",551866,551896,25,31
25,"tbl-h11-prep-figure-qa","headers",16,521532,521537,"Status","tbl-h11-prep-figure-qa--gt-0008","Status","tbl-h11-prep-figure-qa--gt-0008",551956,551986,6,31
25,"tbl-h11-prep-figure-qa","headers",17,521609,521614,"Figure","tbl-h11-prep-figure-qa--gt-0001","Figure","tbl-h11-prep-figure-qa--gt-0001",552058,552088,6,31
25,"tbl-h11-prep-figure-qa","headers",18,521678,521694,"Native width (mm)","tbl-h11-prep-figure-qa--gt-0002","Native-width-(mm)","tbl-h11-prep-figure-qa--gt-0002",552152,552182,17,31
25,"tbl-h11-prep-figure-qa","headers",19,521746,521764,"Intended width (mm)","tbl-h11-prep-figure-qa--gt-0003","Intended-width-(mm)","tbl-h11-prep-figure-qa--gt-0003",552234,552264,19,31
25,"tbl-h11-prep-figure-qa","headers",20,521816,521827,"Scale factor","tbl-h11-prep-figure-qa--gt-0004","Scale-factor","tbl-h11-prep-figure-qa--gt-0004",552316,552346,12,31
25,"tbl-h11-prep-figure-qa","headers",21,521877,521912,"Smallest essential nominal text (pt)","tbl-h11-prep-figure-qa--gt-0005","Smallest-essential-nominal-text-(pt)","tbl-h11-prep-figure-qa--gt-0005",552396,552426,36,31
25,"tbl-h11-prep-figure-qa","headers",22,521963,521991,"Effective essential text (pt)","tbl-h11-prep-figure-qa--gt-0006","Effective-essential-text-(pt)","tbl-h11-prep-figure-qa--gt-0006",552477,552507,29,31
25,"tbl-h11-prep-figure-qa","headers",23,522041,522065,"Effective minor text (pt)","tbl-h11-prep-figure-qa--gt-0007","Effective-minor-text-(pt)","tbl-h11-prep-figure-qa--gt-0007",552557,552587,25,31
25,"tbl-h11-prep-figure-qa","headers",24,522114,522119,"Status","tbl-h11-prep-figure-qa--gt-0008","Status","tbl-h11-prep-figure-qa--gt-0008",552636,552666,6,31
26,"tbl-h11-prep-environment","id",1,533982,533990,"Component","tbl-h11-prep-environment--gt-0001","","",564529,564561,9,33
26,"tbl-h11-prep-environment","id",2,534117,534123,"Version","tbl-h11-prep-environment--gt-0002","","",564688,564720,7,33
26,"tbl-h11-prep-environment","id",3,534249,534252,"Role","tbl-h11-prep-environment--gt-0003","","",564846,564878,4,33
26,"tbl-h11-prep-environment","headers",1,534463,534471,"Component","tbl-h11-prep-environment--gt-0001","Component","tbl-h11-prep-environment--gt-0001",565089,565121,9,33
26,"tbl-h11-prep-environment","headers",2,534518,534524,"Version","tbl-h11-prep-environment--gt-0002","Version","tbl-h11-prep-environment--gt-0002",565168,565200,7,33
26,"tbl-h11-prep-environment","headers",3,534574,534577,"Role","tbl-h11-prep-environment--gt-0003","Role","tbl-h11-prep-environment--gt-0003",565250,565282,4,33
26,"tbl-h11-prep-environment","headers",4,534714,534722,"Component","tbl-h11-prep-environment--gt-0001","Component","tbl-h11-prep-environment--gt-0001",565419,565451,9,33
26,"tbl-h11-prep-environment","headers",5,534785,534791,"Version","tbl-h11-prep-environment--gt-0002","Version","tbl-h11-prep-environment--gt-0002",565514,565546,7,33
26,"tbl-h11-prep-environment","headers",6,534853,534856,"Role","tbl-h11-prep-environment--gt-0003","Role","tbl-h11-prep-environment--gt-0003",565608,565640,4,33
26,"tbl-h11-prep-environment","headers",7,534945,534953,"Component","tbl-h11-prep-environment--gt-0001","Component","tbl-h11-prep-environment--gt-0001",565729,565761,9,33
26,"tbl-h11-prep-environment","headers",8,535004,535010,"Version","tbl-h11-prep-environment--gt-0002","Version","tbl-h11-prep-environment--gt-0002",565812,565844,7,33
26,"tbl-h11-prep-environment","headers",9,535060,535063,"Role","tbl-h11-prep-environment--gt-0003","Role","tbl-h11-prep-environment--gt-0003",565894,565926,4,33
26,"tbl-h11-prep-environment","headers",10,535160,535168,"Component","tbl-h11-prep-environment--gt-0001","Component","tbl-h11-prep-environment--gt-0001",566023,566055,9,33
26,"tbl-h11-prep-environment","headers",11,535230,535236,"Version","tbl-h11-prep-environment--gt-0002","Version","tbl-h11-prep-environment--gt-0002",566117,566149,7,33
26,"tbl-h11-prep-environment","headers",12,535297,535300,"Role","tbl-h11-prep-environment--gt-0003","Role","tbl-h11-prep-environment--gt-0003",566210,566242,4,33
26,"tbl-h11-prep-environment","headers",13,535394,535402,"Component","tbl-h11-prep-environment--gt-0001","Component","tbl-h11-prep-environment--gt-0001",566336,566368,9,33
26,"tbl-h11-prep-environment","headers",14,535455,535461,"Version","tbl-h11-prep-environment--gt-0002","Version","tbl-h11-prep-environment--gt-0002",566421,566453,7,33
26,"tbl-h11-prep-environment","headers",15,535511,535514,"Role","tbl-h11-prep-environment--gt-0003","Role","tbl-h11-prep-environment--gt-0003",566503,566535,4,33
26,"tbl-h11-prep-environment","headers",16,535608,535616,"Component","tbl-h11-prep-environment--gt-0001","Component","tbl-h11-prep-environment--gt-0001",566629,566661,9,33
26,"tbl-h11-prep-environment","headers",17,535675,535681,"Version","tbl-h11-prep-environment--gt-0002","Version","tbl-h11-prep-environment--gt-0002",566720,566752,7,33
26,"tbl-h11-prep-environment","headers",18,535742,535745,"Role","tbl-h11-prep-environment--gt-0003","Role","tbl-h11-prep-environment--gt-0003",566813,566845,4,33
26,"tbl-h11-prep-environment","headers",19,535826,535834,"Component","tbl-h11-prep-environment--gt-0001","Component","tbl-h11-prep-environment--gt-0001",566926,566958,9,33
26,"tbl-h11-prep-environment","headers",20,535884,535890,"Version","tbl-h11-prep-environment--gt-0002","Version","tbl-h11-prep-environment--gt-0002",567008,567040,7,33
26,"tbl-h11-prep-environment","headers",21,535940,535943,"Role","tbl-h11-prep-environment--gt-0003","Role","tbl-h11-prep-environment--gt-0003",567090,567122,4,33
26,"tbl-h11-prep-environment","headers",22,536042,536050,"Component","tbl-h11-prep-environment--gt-0001","Component","tbl-h11-prep-environment--gt-0001",567221,567253,9,33
26,"tbl-h11-prep-environment","headers",23,536116,536122,"Version","tbl-h11-prep-environment--gt-0002","Version","tbl-h11-prep-environment--gt-0002",567319,567351,7,33
26,"tbl-h11-prep-environment","headers",24,536184,536187,"Role","tbl-h11-prep-environment--gt-0003","Role","tbl-h11-prep-environment--gt-0003",567413,567445,4,33
26,"tbl-h11-prep-environment","headers",25,536295,536303,"Component","tbl-h11-prep-environment--gt-0001","Component","tbl-h11-prep-environment--gt-0001",567553,567585,9,33
26,"tbl-h11-prep-environment","headers",26,536358,536364,"Version","tbl-h11-prep-environment--gt-0002","Version","tbl-h11-prep-environment--gt-0002",567640,567672,7,33
26,"tbl-h11-prep-environment","headers",27,536414,536417,"Role","tbl-h11-prep-environment--gt-0003","Role","tbl-h11-prep-environment--gt-0003",567722,567754,4,33
