panel,model_row_id,site,participant_key,x,y
residual_fitted,BAUA::BAUA_S001::2025-06-11,BAUA,BAUA::BAUA_S001,1.089546755207765,0.8386916140313142
residual_fitted,BAUA::BAUA_S001::2025-06-12,BAUA,BAUA::BAUA_S001,1.0907757435873915,0.12736726989879116
residual_fitted,BAUA::BAUA_S001::2025-06-13,BAUA,BAUA::BAUA_S001,1.0918748473493256,0.14934533918520612
residual_fitted,BAUA::BAUA_S001::2025-06-14,BAUA,BAUA::BAUA_S001,1.0928424076606584,-0.3622455065077144
residual_fitted,BAUA::BAUA_S001::2025-06-15,BAUA,BAUA::BAUA_S001,1.0936769538613185,-0.770813323418023
residual_fitted,BAUA::BAUA_S001::2025-06-16,BAUA,BAUA::BAUA_S001,1.0943772121662791,0.7810198189806717
residual_fitted,BAUA::BAUA_S002::2025-06-11,BAUA,BAUA::BAUA_S002,1.105099138314279,0.6636253807894062
residual_fitted,BAUA::BAUA_S002::2025-06-12,BAUA,BAUA::BAUA_S002,1.1063281266939056,0.3815717940106007
residual_fitted,BAUA::BAUA_S002::2025-06-13,BAUA,BAUA::BAUA_S002,1.1074272304558397,0.47688828419748597
residual_fitted,BAUA::BAUA_S002::2025-06-14,BAUA,BAUA::BAUA_S002,1.1083947907671725,-1.1312067456629835
residual_fitted,BAUA::BAUA_S002::2025-06-15,BAUA,BAUA::BAUA_S002,1.1092293369678328,0.31016677233897244
residual_fitted,BAUA::BAUA_S002::2025-06-16,BAUA,BAUA::BAUA_S002,1.1099295952727932,0.1433527253837701
residual_fitted,BAUA::BAUA_S003::2025-06-11,BAUA,BAUA::BAUA_S003,0.6092501179316872,-0.19849846280183986
residual_fitted,BAUA::BAUA_S003::2025-06-12,BAUA,BAUA::BAUA_S003,0.6104791063113137,-0.14560395982432597
residual_fitted,BAUA::BAUA_S003::2025-06-13,BAUA,BAUA::BAUA_S003,0.6115782100732479,1.2641174786121157
residual_fitted,BAUA::BAUA_S003::2025-06-14,BAUA,BAUA::BAUA_S003,0.6125457703845807,-0.5908018156651439
residual_fitted,BAUA::BAUA_S003::2025-06-15,BAUA,BAUA::BAUA_S003,0.6133803165852408,-1.2449744856320142
residual_fitted,BAUA::BAUA_S003::2025-06-16,BAUA,BAUA::BAUA_S003,0.6140805748902014,-0.8233759955043501
residual_fitted,BAUA::BAUA_S004::2025-06-11,BAUA,BAUA::BAUA_S004,0.9111152179357068,0.21863412776690475
residual_fitted,BAUA::BAUA_S004::2025-06-12,BAUA,BAUA::BAUA_S004,0.9123442063153334,0.4683992916150313
residual_fitted,BAUA::BAUA_S004::2025-06-13,BAUA,BAUA::BAUA_S004,0.9134433100772675,0.005130168952344035
residual_fitted,BAUA::BAUA_S004::2025-06-14,BAUA,BAUA::BAUA_S004,0.9144108703886004,0.07301860200324027
residual_fitted,BAUA::BAUA_S004::2025-06-15,BAUA,BAUA::BAUA_S004,0.9152454165892605,-1.3873261897331044
residual_fitted,BAUA::BAUA_S004::2025-06-16,BAUA,BAUA::BAUA_S004,0.9159456748942211,0.45582258655478086
residual_fitted,BAUA::BAUA_S005::2025-06-11,BAUA,BAUA::BAUA_S005,0.8933375349940664,0.5123735534234389
residual_fitted,BAUA::BAUA_S005::2025-06-12,BAUA,BAUA::BAUA_S005,0.894566523373693,0.41584016132810275
residual_fitted,BAUA::BAUA_S005::2025-06-13,BAUA,BAUA::BAUA_S005,0.8956656271356271,0.33302721354657566
residual_fitted,BAUA::BAUA_S005::2025-06-14,BAUA,BAUA::BAUA_S005,0.89663318744696,0.09199525331305917
residual_fitted,BAUA::BAUA_S005::2025-06-15,BAUA,BAUA::BAUA_S005,0.8974677336476201,-1.6121851327628158
residual_fitted,BAUA::BAUA_S006::2025-06-11,BAUA,BAUA::BAUA_S006,0.8206316556989628,0.6134914092803158
residual_fitted,BAUA::BAUA_S006::2025-06-12,BAUA,BAUA::BAUA_S006,0.8218606440785894,1.1589816015781849
residual_fitted,BAUA::BAUA_S006::2025-06-13,BAUA,BAUA::BAUA_S006,0.8229597478405235,1.38066656991608
residual_fitted,BAUA::BAUA_S006::2025-06-15,BAUA,BAUA::BAUA_S006,0.8247618543525165,-2.6256827713954376
residual_fitted,BAUA::BAUA_S006::2025-06-16,BAUA,BAUA::BAUA_S006,0.825462112657477,-1.1652271537313816
residual_fitted,BAUA::BAUA_S009::2025-06-25,BAUA,BAUA::BAUA_S009,1.1970221106576802,1.7925455310449785
residual_fitted,BAUA::BAUA_S009::2025-06-26,BAUA,BAUA::BAUA_S009,1.1963566330961852,-1.2940760018686575
residual_fitted,BAUA::BAUA_S009::2025-06-27,BAUA,BAUA::BAUA_S009,1.1955571429847542,-2.5036929917424056
residual_fitted,BAUA::BAUA_S009::2025-06-28,BAUA,BAUA::BAUA_S009,1.194624960688282,-0.6069995451071397
residual_fitted,BAUA::BAUA_S009::2025-06-29,BAUA,BAUA::BAUA_S009,1.193561601752815,2.389734267999821
residual_fitted,BAUA::BAUA_S009::2025-06-30,BAUA,BAUA::BAUA_S009,1.1923687680481807,1.5198628464230313
residual_fitted,BAUA::BAUA_S012::2025-07-16,BAUA,BAUA::BAUA_S012,1.3235601822956617,-0.15466597421249118
residual_fitted,BAUA::BAUA_S012::2025-07-17,BAUA,BAUA::BAUA_S012,1.3205525074398283,2.817839634468605
residual_fitted,BAUA::BAUA_S012::2025-07-18,BAUA,BAUA::BAUA_S012,1.3174648141646688,1.6156477130993325
residual_fitted,BAUA::BAUA_S012::2025-07-19,BAUA,BAUA::BAUA_S012,1.3143001720261187,0.6699759339396487
residual_fitted,BAUA::BAUA_S012::2025-07-20,BAUA,BAUA::BAUA_S012,1.3110616209779553,0.5209087842472644
residual_fitted,BAUA::BAUA_S012::2025-07-21,BAUA,BAUA::BAUA_S012,1.3077521648677706,-3.307695269204346
residual_fitted,BAUA::BAUA_S013::2025-07-16,BAUA,BAUA::BAUA_S013,0.8887976141363356,-0.0772213473001287
residual_fitted,BAUA::BAUA_S013::2025-07-17,BAUA,BAUA::BAUA_S013,0.8857899392805022,0.07627710542602359
residual_fitted,BAUA::BAUA_S013::2025-07-18,BAUA,BAUA::BAUA_S013,0.8827022460053426,1.1919123532361098
residual_fitted,BAUA::BAUA_S013::2025-07-19,BAUA,BAUA::BAUA_S013,0.8795376038667926,-0.756087458773732
residual_fitted,BAUA::BAUA_S013::2025-07-20,BAUA,BAUA::BAUA_S013,0.8762990528186292,-0.2224165229306998
residual_fitted,BAUA::BAUA_S013::2025-07-21,BAUA,BAUA::BAUA_S013,0.8729895967084444,-0.3157083785511625
residual_fitted,BAUA::BAUA_S014::2025-07-16,BAUA,BAUA::BAUA_S014,0.9332150313250828,-0.09888031849734229
residual_fitted,BAUA::BAUA_S014::2025-07-17,BAUA,BAUA::BAUA_S014,0.9302073564692493,1.0548841529169082
residual_fitted,BAUA::BAUA_S014::2025-07-18,BAUA,BAUA::BAUA_S014,0.9271196631940898,0.6045040539446238
residual_fitted,BAUA::BAUA_S014::2025-07-19,BAUA,BAUA::BAUA_S014,0.9239550210555397,-2.66621167376399
residual_fitted,BAUA::BAUA_S014::2025-07-20,BAUA,BAUA::BAUA_S014,0.9207164700073763,0.7177018841691823
residual_fitted,BAUA::BAUA_S014::2025-07-21,BAUA,BAUA::BAUA_S014,0.9174070138971916,0.5161869125969546
residual_fitted,BAUA::BAUA_S015::2025-07-23,BAUA,BAUA::BAUA_S015,1.0714967712325216,0.9534047030460663
residual_fitted,BAUA::BAUA_S015::2025-07-24,BAUA,BAUA::BAUA_S015,1.0679921764723086,-1.2640332000724364
residual_fitted,BAUA::BAUA_S015::2025-07-26,BAUA,BAUA::BAUA_S015,1.0608076518184633,0.8877211380514638
residual_fitted,BAUA::BAUA_S015::2025-07-27,BAUA,BAUA::BAUA_S015,1.057133151365032,0.6466074607305334
residual_fitted,BAUA::BAUA_S015::2025-07-28,BAUA,BAUA::BAUA_S015,1.053407337539209,-0.25712356353829624
residual_fitted,BAUA::BAUA_S016::2025-07-23,BAUA,BAUA::BAUA_S016,0.6746535953045965,-0.4466440830276527
residual_fitted,BAUA::BAUA_S016::2025-07-24,BAUA,BAUA::BAUA_S016,0.6711490005443833,0.021185085471260856
residual_fitted,BAUA::BAUA_S016::2025-07-25,BAUA,BAUA::BAUA_S016,0.6675850453356095,0.7780825840344072
residual_fitted,BAUA::BAUA_S016::2025-07-26,BAUA,BAUA::BAUA_S016,0.663964475890538,-0.4569211669482373
residual_fitted,BAUA::BAUA_S016::2025-07-27,BAUA,BAUA::BAUA_S016,0.6602899754371068,-0.9045999312966686
residual_fitted,BAUA::BAUA_S016::2025-07-28,BAUA,BAUA::BAUA_S016,0.6565641616112837,-0.0922085947299248
residual_fitted,BAUA::BAUA_S018::2025-09-09,BAUA,BAUA::BAUA_S018,0.5382702322873744,0.2078864406608702
residual_fitted,BAUA::BAUA_S018::2025-09-10,BAUA,BAUA::BAUA_S018,0.5338889261848947,1.4964852034805503
residual_fitted,BAUA::BAUA_S018::2025-09-11,BAUA,BAUA::BAUA_S018,0.5295117572556355,0.5686180118048982
residual_fitted,BAUA::BAUA_S018::2025-09-12,BAUA,BAUA::BAUA_S018,0.5251390906173118,1.194500225422305
residual_fitted,BAUA::BAUA_S018::2025-09-13,BAUA,BAUA::BAUA_S018,0.5207712783149323,-1.9576257477319412
residual_fitted,BAUA::BAUA_S018::2025-09-14,BAUA,BAUA::BAUA_S018,0.5164086606440174,-2.2756807955771308
residual_fitted,BAUA::BAUA_S022::2025-09-24,BAUA,BAUA::BAUA_S022,0.6995838503603992,0.6310147495561799
residual_fitted,BAUA::BAUA_S022::2025-09-25,BAUA,BAUA::BAUA_S022,0.6952987807034978,-0.1454587522417429
residual_fitted,BAUA::BAUA_S022::2025-09-26,BAUA,BAUA::BAUA_S022,0.6910225436919921,0.6513949500820531
residual_fitted,BAUA::BAUA_S022::2025-09-27,BAUA,BAUA::BAUA_S022,0.6867554429290353,-0.24180117114858812
residual_fitted,BAUA::BAUA_S022::2025-09-28,BAUA,BAUA::BAUA_S022,0.6824977877071882,0.0945048425672653
residual_fitted,BAUA::BAUA_S022::2025-09-29,BAUA,BAUA::BAUA_S022,0.6782498941721612,-0.5756106846971234
residual_fitted,BAUA::BAUA_S024::2025-10-14,BAUA,BAUA::BAUA_S024,0.3624923084495024,-0.10100111174216357
residual_fitted,BAUA::BAUA_S024::2025-10-15,BAUA,BAUA::BAUA_S024,0.35845373014520454,-0.2387240445298606
residual_fitted,BAUA::BAUA_S024::2025-10-16,BAUA,BAUA::BAUA_S024,0.3544324691511668,-0.55583339397879
residual_fitted,BAUA::BAUA_S024::2025-10-17,BAUA,BAUA::BAUA_S024,0.3504291640473297,-0.5449017273369477
residual_fitted,BAUA::BAUA_S024::2025-10-18,BAUA,BAUA::BAUA_S024,0.34644448211065904,0.12027283725449688
residual_fitted,BAUA::BAUA_S024::2025-10-19,BAUA,BAUA::BAUA_S024,0.3424791203926857,0.41362101804955737
residual_fitted,BAUA::BAUA_S025::2025-10-14,BAUA,BAUA::BAUA_S025,0.3643202120267976,-0.24818736203460928
residual_fitted,BAUA::BAUA_S025::2025-10-15,BAUA,BAUA::BAUA_S025,0.3602816337224997,0.028886453081580863
residual_fitted,BAUA::BAUA_S025::2025-10-16,BAUA,BAUA::BAUA_S025,0.35626037272846195,-0.6434180311130182
residual_fitted,BAUA::BAUA_S025::2025-10-17,BAUA,BAUA::BAUA_S025,0.3522570676246249,0.8064181841292101
residual_fitted,BAUA::BAUA_S025::2025-10-18,BAUA,BAUA::BAUA_S025,0.3482723856879542,-0.40480060766618764
residual_fitted,BAUA::BAUA_S025::2025-10-19,BAUA,BAUA::BAUA_S025,0.34430702396998086,-0.43594108363903833
residual_fitted,FUSPCEU::FUSPCEU_S003::2024-10-08,FUSPCEU,FUSPCEU::FUSPCEU_S003,0.6434437092390469,-0.3325213905182972
residual_fitted,FUSPCEU::FUSPCEU_S003::2024-10-09,FUSPCEU,FUSPCEU::FUSPCEU_S003,0.6406567321827383,0.41649802341000064
residual_fitted,FUSPCEU::FUSPCEU_S003::2024-10-10,FUSPCEU,FUSPCEU::FUSPCEU_S003,0.6378799657764502,0.3632445229895328
residual_fitted,FUSPCEU::FUSPCEU_S003::2024-10-11,FUSPCEU,FUSPCEU::FUSPCEU_S003,0.6351138413246699,0.0734518893206147
residual_fitted,FUSPCEU::FUSPCEU_S003::2024-10-12,FUSPCEU,FUSPCEU::FUSPCEU_S003,0.6323588024934141,-0.34379942441816214
residual_fitted,FUSPCEU::FUSPCEU_S003::2024-10-13,FUSPCEU,FUSPCEU::FUSPCEU_S003,0.6296153059438244,0.1676785630622695
residual_fitted,FUSPCEU::FUSPCEU_S004::2024-10-08,FUSPCEU,FUSPCEU::FUSPCEU_S004,0.567744371857824,-0.13474807808597675
residual_fitted,FUSPCEU::FUSPCEU_S004::2024-10-09,FUSPCEU,FUSPCEU::FUSPCEU_S004,0.5649573948015154,0.09997191693532691
residual_fitted,FUSPCEU::FUSPCEU_S004::2024-10-11,FUSPCEU,FUSPCEU::FUSPCEU_S004,0.5594145039434469,0.6125049494044381
residual_fitted,FUSPCEU::FUSPCEU_S004::2024-10-12,FUSPCEU,FUSPCEU::FUSPCEU_S004,0.5566594651121912,-1.3090487158074393
residual_fitted,FUSPCEU::FUSPCEU_S004::2024-10-13,FUSPCEU,FUSPCEU::FUSPCEU_S004,0.5539159685626015,0.6814538232344577
residual_fitted,FUSPCEU::FUSPCEU_S005::2024-10-15,FUSPCEU,FUSPCEU::FUSPCEU_S005,0.29582347404038295,1.2494158008405674
residual_fitted,FUSPCEU::FUSPCEU_S005::2024-10-16,FUSPCEU,FUSPCEU::FUSPCEU_S005,0.2931174841801634,-1.6632546264028079
residual_fitted,FUSPCEU::FUSPCEU_S005::2024-10-17,FUSPCEU,FUSPCEU::FUSPCEU_S005,0.29042500624856443,-0.8437472998891723
residual_fitted,FUSPCEU::FUSPCEU_S005::2024-10-18,FUSPCEU,FUSPCEU::FUSPCEU_S005,0.2877465714810646,2.1105639857616683
residual_fitted,FUSPCEU::FUSPCEU_S005::2024-10-19,FUSPCEU,FUSPCEU::FUSPCEU_S005,0.28508272779345006,0.8532749811322332
residual_fitted,FUSPCEU::FUSPCEU_S005::2024-10-20,FUSPCEU,FUSPCEU::FUSPCEU_S005,0.2824340403378252,-3.0724664599477114
residual_fitted,FUSPCEU::FUSPCEU_S006::2024-10-15,FUSPCEU,FUSPCEU::FUSPCEU_S006,0.7407359121863164,-0.49621775019250464
residual_fitted,FUSPCEU::FUSPCEU_S006::2024-10-16,FUSPCEU,FUSPCEU::FUSPCEU_S006,0.7380299223260969,-0.025330216497121
residual_fitted,FUSPCEU::FUSPCEU_S006::2024-10-17,FUSPCEU,FUSPCEU::FUSPCEU_S006,0.7353374443944979,0.0615313793236791
residual_fitted,FUSPCEU::FUSPCEU_S006::2024-10-18,FUSPCEU,FUSPCEU::FUSPCEU_S006,0.732659009626998,0.7328372482879427
residual_fitted,FUSPCEU::FUSPCEU_S006::2024-10-19,FUSPCEU,FUSPCEU::FUSPCEU_S006,0.7299951659393835,0.679104931662258
residual_fitted,FUSPCEU::FUSPCEU_S007::2024-10-22,FUSPCEU,FUSPCEU::FUSPCEU_S007,0.6731293610558629,0.0521956626242177
residual_fitted,FUSPCEU::FUSPCEU_S007::2024-10-23,FUSPCEU,FUSPCEU::FUSPCEU_S007,0.6705297130803083,0.42424075998496086
residual_fitted,FUSPCEU::FUSPCEU_S007::2024-10-24,FUSPCEU,FUSPCEU::FUSPCEU_S007,0.6679476641225697,0.599667777584044
residual_fitted,FUSPCEU::FUSPCEU_S007::2024-10-25,FUSPCEU,FUSPCEU::FUSPCEU_S007,0.6653838725936199,0.05680072910289805
residual_fitted,FUSPCEU::FUSPCEU_S007::2024-10-26,FUSPCEU,FUSPCEU::FUSPCEU_S007,0.6628390167440844,-0.16873997248296166
residual_fitted,FUSPCEU::FUSPCEU_S007::2024-10-27,FUSPCEU,FUSPCEU::FUSPCEU_S007,0.6603137949659532,-0.26737636110461666
residual_fitted,FUSPCEU::FUSPCEU_S008::2024-10-22,FUSPCEU,FUSPCEU::FUSPCEU_S008,0.4842495672052649,1.1343375433938494
residual_fitted,FUSPCEU::FUSPCEU_S008::2024-10-23,FUSPCEU,FUSPCEU::FUSPCEU_S008,0.48164991922971034,0.6605207320436665
residual_fitted,FUSPCEU::FUSPCEU_S008::2024-10-24,FUSPCEU,FUSPCEU::FUSPCEU_S008,0.47906787027197173,1.774476180737623
residual_fitted,FUSPCEU::FUSPCEU_S008::2024-10-25,FUSPCEU,FUSPCEU::FUSPCEU_S008,0.4765040787430219,-2.1840344010289043
residual_fitted,FUSPCEU::FUSPCEU_S008::2024-10-26,FUSPCEU,FUSPCEU::FUSPCEU_S008,0.47395922289348646,-1.346582503681607
residual_fitted,FUSPCEU::FUSPCEU_S008::2024-10-27,FUSPCEU,FUSPCEU::FUSPCEU_S008,0.4714340011153553,-0.3260544122890616
residual_fitted,FUSPCEU::FUSPCEU_S009::2024-11-04,FUSPCEU,FUSPCEU::FUSPCEU_S009,0.524681417216374,-2.2019044287890903
residual_fitted,FUSPCEU::FUSPCEU_S009::2024-11-05,FUSPCEU,FUSPCEU::FUSPCEU_S009,0.5223677323696014,1.0297629081863857
residual_fitted,FUSPCEU::FUSPCEU_S009::2024-11-06,FUSPCEU,FUSPCEU::FUSPCEU_S009,0.520081800068154,0.9206298700980575
residual_fitted,FUSPCEU::FUSPCEU_S009::2024-11-07,FUSPCEU,FUSPCEU::FUSPCEU_S009,0.5178245437373215,1.0994039627309886
residual_fitted,FUSPCEU::FUSPCEU_S009::2024-11-08,FUSPCEU,FUSPCEU::FUSPCEU_S009,0.5155969057800153,0.5181464842296015
residual_fitted,FUSPCEU::FUSPCEU_S009::2024-11-09,FUSPCEU,FUSPCEU::FUSPCEU_S009,0.5133998469647266,-0.6265559345492406
residual_fitted,FUSPCEU::FUSPCEU_S009::2024-11-10,FUSPCEU,FUSPCEU::FUSPCEU_S009,0.5112343457100393,-0.6482802879954677
residual_fitted,FUSPCEU::FUSPCEU_S010::2024-11-04,FUSPCEU,FUSPCEU::FUSPCEU_S010,0.6622183363988432,-2.611893370670041
residual_fitted,FUSPCEU::FUSPCEU_S010::2024-11-05,FUSPCEU,FUSPCEU::FUSPCEU_S010,0.6599046515520707,1.1139809274937955
residual_fitted,FUSPCEU::FUSPCEU_S010::2024-11-06,FUSPCEU,FUSPCEU::FUSPCEU_S010,0.6576187192506232,1.309234487160852
residual_fitted,FUSPCEU::FUSPCEU_S010::2024-11-07,FUSPCEU,FUSPCEU::FUSPCEU_S010,0.6553614629197907,0.9964928293219423
residual_fitted,FUSPCEU::FUSPCEU_S011::2024-11-12,FUSPCEU,FUSPCEU::FUSPCEU_S011,0.7122021892671272,1.1666310194442815
residual_fitted,FUSPCEU::FUSPCEU_S011::2024-11-13,FUSPCEU,FUSPCEU::FUSPCEU_S011,0.7101373951382618,0.3163823035788149
residual_fitted,FUSPCEU::FUSPCEU_S011::2024-11-14,FUSPCEU,FUSPCEU::FUSPCEU_S011,0.7081082312330975,-0.7357932031176289
residual_fitted,FUSPCEU::FUSPCEU_S011::2024-11-16,FUSPCEU,FUSPCEU::FUSPCEU_S011,0.7041610157892724,1.6688655144992408
residual_fitted,FUSPCEU::FUSPCEU_S011::2024-11-17,FUSPCEU,FUSPCEU::FUSPCEU_S011,0.7022451018600768,-1.2557230772704981
residual_fitted,FUSPCEU::FUSPCEU_S012::2024-12-03,FUSPCEU,FUSPCEU::FUSPCEU_S012,0.5838432855528088,1.1172985393718429
residual_fitted,FUSPCEU::FUSPCEU_S012::2024-12-04,FUSPCEU,FUSPCEU::FUSPCEU_S012,0.5827520784123912,1.3094920938788472
residual_fitted,FUSPCEU::FUSPCEU_S012::2024-12-05,FUSPCEU,FUSPCEU::FUSPCEU_S012,0.5817184672456761,1.7098548364401434
residual_fitted,FUSPCEU::FUSPCEU_S012::2024-12-06,FUSPCEU,FUSPCEU::FUSPCEU_S012,0.5807433151098937,-0.6678637772871235
residual_fitted,FUSPCEU::FUSPCEU_S012::2024-12-07,FUSPCEU,FUSPCEU::FUSPCEU_S012,0.5798274489991903,-1.2048144010345831
residual_fitted,FUSPCEU::FUSPCEU_S012::2024-12-08,FUSPCEU,FUSPCEU::FUSPCEU_S012,0.5789716573576669,-1.5929226794642117
residual_fitted,FUSPCEU::FUSPCEU_S013::2024-11-19,FUSPCEU,FUSPCEU::FUSPCEU_S013,0.7530765649547091,1.118257079362027
residual_fitted,FUSPCEU::FUSPCEU_S013::2024-11-20,FUSPCEU,FUSPCEU::FUSPCEU_S013,0.7512836291854519,1.0998521508503112
residual_fitted,FUSPCEU::FUSPCEU_S013::2024-11-21,FUSPCEU,FUSPCEU::FUSPCEU_S013,0.7495338745652647,0.05108416652399032
residual_fitted,FUSPCEU::FUSPCEU_S013::2024-11-22,FUSPCEU,FUSPCEU::FUSPCEU_S013,0.747828398679954,0.6912694425916142
residual_fitted,FUSPCEU::FUSPCEU_S013::2024-11-23,FUSPCEU,FUSPCEU::FUSPCEU_S013,0.74616829806364815,-0.04210419816718838
residual_fitted,FUSPCEU::FUSPCEU_S013::2024-11-24,FUSPCEU,FUSPCEU::FUSPCEU_S013,0.7445546660997502,-1.4738118594035723
residual_fitted,FUSPCEU::FUSPCEU_S014::2024-11-20,FUSPCEU,FUSPCEU::FUSPCEU_S014,0.6916464478520452,0.7752218477183991
residual_fitted,FUSPCEU::FUSPCEU_S014::2024-11-21,FUSPCEU,FUSPCEU::FUSPCEU_S014,0.689896693231858,0.9213852241466791
residual_fitted,FUSPCEU::FUSPCEU_S014::2024-11-22,FUSPCEU,FUSPCEU::FUSPCEU_S014,0.6881912173465473,1.0404992247595928
residual_fitted,FUSPCEU::FUSPCEU_S014::2024-11-23,FUSPCEU,FUSPCEU::FUSPCEU_S014,0.6865311167302415,-0.7960392587419993
residual_fitted,FUSPCEU::FUSPCEU_S014::2024-11-24,FUSPCEU,FUSPCEU::FUSPCEU_S014,0.6849174847663436,-0.8072494617730804
residual_fitted,FUSPCEU::FUSPCEU_S015::2024-11-26,FUSPCEU,FUSPCEU::FUSPCEU_S015,0.6154811413650829,-0.30945482624657894
residual_fitted,FUSPCEU::FUSPCEU_S015::2024-11-27,FUSPCEU,FUSPCEU::FUSPCEU_S015,0.6140134095237796,0.7469347308044262
residual_fitted,FUSPCEU::FUSPCEU_S015::2024-11-28,FUSPCEU,FUSPCEU::FUSPCEU_S015,0.6125964418675856,0.8641298638486302
residual_fitted,FUSPCEU::FUSPCEU_S015::2024-11-29,FUSPCEU,FUSPCEU::FUSPCEU_S015,0.6112312806442006,0.1777733638000261
residual_fitted,FUSPCEU::FUSPCEU_S015::2024-11-30,FUSPCEU,FUSPCEU::FUSPCEU_S015,0.6099189503865794,-0.17372621226983384
residual_fitted,FUSPCEU::FUSPCEU_S015::2024-12-01,FUSPCEU,FUSPCEU::FUSPCEU_S015,0.6086604552966655,-0.517559270678427
residual_fitted,FUSPCEU::FUSPCEU_S016::2024-11-26,FUSPCEU,FUSPCEU::FUSPCEU_S016,0.3533113428078001,0.7313561758138674
residual_fitted,FUSPCEU::FUSPCEU_S016::2024-11-27,FUSPCEU,FUSPCEU::FUSPCEU_S016,0.3518436109664968,1.028962325475546
residual_fitted,FUSPCEU::FUSPCEU_S016::2024-11-29,FUSPCEU,FUSPCEU::FUSPCEU_S016,0.3490614820869179,-0.2101257474690472
residual_fitted,FUSPCEU::FUSPCEU_S016::2024-11-30,FUSPCEU,FUSPCEU::FUSPCEU_S016,0.34774915182929667,-0.6986285416128026
residual_fitted,FUSPCEU::FUSPCEU_S016::2024-12-01,FUSPCEU,FUSPCEU::FUSPCEU_S016,0.3464906567393826,-1.4294568969838124
residual_fitted,FUSPCEU::FUSPCEU_S017::2024-12-03,FUSPCEU,FUSPCEU::FUSPCEU_S017,-0.0037585876176801647,-0.993074470621327
residual_fitted,FUSPCEU::FUSPCEU_S017::2024-12-04,FUSPCEU,FUSPCEU::FUSPCEU_S017,-0.004849794758097881,1.4590496196270017
residual_fitted,FUSPCEU::FUSPCEU_S017::2024-12-05,FUSPCEU,FUSPCEU::FUSPCEU_S017,-0.005883405924812957,0.9666878883985248
residual_fitted,FUSPCEU::FUSPCEU_S017::2024-12-06,FUSPCEU,FUSPCEU::FUSPCEU_S017,-0.006858558060595321,-2.200847879236925
residual_fitted,FUSPCEU::FUSPCEU_S017::2024-12-07,FUSPCEU,FUSPCEU::FUSPCEU_S017,-0.0077744241712988105,-0.795616565292275
residual_fitted,FUSPCEU::FUSPCEU_S017::2024-12-08,FUSPCEU,FUSPCEU::FUSPCEU_S017,-0.008630215812822195,-0.8267517829612792
residual_fitted,FUSPCEU::FUSPCEU_S018::2024-12-10,FUSPCEU,FUSPCEU::FUSPCEU_S018,-0.05020304960718752,-0.9123867935399127
residual_fitted,FUSPCEU::FUSPCEU_S018::2024-12-11,FUSPCEU,FUSPCEU::FUSPCEU_S018,-0.05087430866251247,-0.955678889742074
residual_fitted,FUSPCEU::FUSPCEU_S018::2024-12-12,FUSPCEU,FUSPCEU::FUSPCEU_S018,-0.051482772315465275,-0.905616840391225
residual_fitted,FUSPCEU::FUSPCEU_S018::2024-12-13,FUSPCEU,FUSPCEU::FUSPCEU_S018,-0.05202787950428078,-0.2401025588191749
residual_fitted,FUSPCEU::FUSPCEU_S018::2024-12-14,FUSPCEU,FUSPCEU::FUSPCEU_S018,-0.05250912077701425,-0.5587263119905581
residual_fitted,FUSPCEU::FUSPCEU_S018::2024-12-15,FUSPCEU,FUSPCEU::FUSPCEU_S018,-0.05292604001991463,0.9733136864161752
residual_fitted,FUSPCEU::FUSPCEU_S019::2024-12-10,FUSPCEU,FUSPCEU::FUSPCEU_S019,0.2778072818935443,0.9899422546708938
residual_fitted,FUSPCEU::FUSPCEU_S019::2024-12-11,FUSPCEU,FUSPCEU::FUSPCEU_S019,0.27713602283821936,1.2049265439510908
residual_fitted,FUSPCEU::FUSPCEU_S019::2024-12-12,FUSPCEU,FUSPCEU::FUSPCEU_S019,0.2765275591852666,-1.157420541342111
residual_fitted,FUSPCEU::FUSPCEU_S019::2024-12-13,FUSPCEU,FUSPCEU::FUSPCEU_S019,0.2759824519964511,0.684558538022213
residual_fitted,FUSPCEU::FUSPCEU_S019::2024-12-14,FUSPCEU,FUSPCEU::FUSPCEU_S019,0.2755012107237176,-1.5772052548400413
residual_fitted,FUSPCEU::FUSPCEU_S019::2024-12-15,FUSPCEU,FUSPCEU::FUSPCEU_S019,0.27508429148081726,-1.0349582195502143
residual_fitted,FUSPCEU::FUSPCEU_S020::2025-01-21,FUSPCEU,FUSPCEU::FUSPCEU_S020,0.3511177853360495,0.5934979573205318
residual_fitted,FUSPCEU::FUSPCEU_S020::2025-01-22,FUSPCEU,FUSPCEU::FUSPCEU_S020,0.35294213213349845,0.725012342893393
residual_fitted,FUSPCEU::FUSPCEU_S020::2025-01-23,FUSPCEU,FUSPCEU::FUSPCEU_S020,0.3548092591923089,1.471422171663372
residual_fitted,FUSPCEU::FUSPCEU_S020::2025-01-24,FUSPCEU,FUSPCEU::FUSPCEU_S020,0.3567180704179887,-0.6575824310904997
residual_fitted,FUSPCEU::FUSPCEU_S020::2025-01-25,FUSPCEU,FUSPCEU::FUSPCEU_S020,0.3586674734184706,-0.9038457539007659
residual_fitted,FUSPCEU::FUSPCEU_S020::2025-01-26,FUSPCEU,FUSPCEU::FUSPCEU_S020,0.36065638129713773,-1.8725156510323224
residual_fitted,FUSPCEU::FUSPCEU_S022::2025-01-28,FUSPCEU,FUSPCEU::FUSPCEU_S022,0.4512644048075237,0.4306920245756436
residual_fitted,FUSPCEU::FUSPCEU_S022::2025-01-29,FUSPCEU,FUSPCEU::FUSPCEU_S022,0.4533653863254734,0.7599513784517473
residual_fitted,FUSPCEU::FUSPCEU_S022::2025-01-30,FUSPCEU,FUSPCEU::FUSPCEU_S022,0.45550161310975606,-1.3781597356290372
residual_fitted,FUSPCEU::FUSPCEU_S022::2025-01-31,FUSPCEU,FUSPCEU::FUSPCEU_S022,0.45767204948566137,1.2016850390914617
residual_fitted,FUSPCEU::FUSPCEU_S022::2025-02-01,FUSPCEU,FUSPCEU::FUSPCEU_S022,0.4598756739804462,-0.473854291579582
residual_fitted,FUSPCEU::FUSPCEU_S022::2025-02-02,FUSPCEU,FUSPCEU::FUSPCEU_S022,0.4621114803879442,-0.7335491286297099
residual_fitted,FUSPCEU::FUSPCEU_S023::2025-01-28,FUSPCEU,FUSPCEU::FUSPCEU_S023,0.5432850567464375,-0.35065335304812223
residual_fitted,FUSPCEU::FUSPCEU_S023::2025-01-29,FUSPCEU,FUSPCEU::FUSPCEU_S023,0.5453860382643871,0.9286066160622994
residual_fitted,FUSPCEU::FUSPCEU_S023::2025-01-30,FUSPCEU,FUSPCEU::FUSPCEU_S023,0.5475222650486699,-0.07313544499620528
residual_fitted,FUSPCEU::FUSPCEU_S023::2025-01-31,FUSPCEU,FUSPCEU::FUSPCEU_S023,0.5496927014245752,0.5527083954680243
residual_fitted,FUSPCEU::FUSPCEU_S023::2025-02-01,FUSPCEU,FUSPCEU::FUSPCEU_S023,0.55189632591936,-0.295551683284138
residual_fitted,FUSPCEU::FUSPCEU_S023::2025-02-02,FUSPCEU,FUSPCEU::FUSPCEU_S023,0.554132132326858,-0.4757515727027932
residual_fitted,FUSPCEU::FUSPCEU_S024::2025-02-04,FUSPCEU,FUSPCEU::FUSPCEU_S024,0.41478475259314757,-0.08231704302057566
residual_fitted,FUSPCEU::FUSPCEU_S024::2025-02-05,FUSPCEU,FUSPCEU::FUSPCEU_S024,0.4171112340850454,1.5135896647372495
residual_fitted,FUSPCEU::FUSPCEU_S024::2025-02-06,FUSPCEU,FUSPCEU::FUSPCEU_S024,0.41946604311446106,0.5743130985205813
residual_fitted,FUSPCEU::FUSPCEU_S024::2025-02-08,FUSPCEU,FUSPCEU::FUSPCEU_S024,0.42425699350089846,-0.7483461760336017
residual_fitted,FUSPCEU::FUSPCEU_S024::2025-02-09,FUSPCEU,FUSPCEU::FUSPCEU_S024,0.42669135895683535,-1.7208430333040954
residual_fitted,FUSPCEU::FUSPCEU_S025::2025-02-04,FUSPCEU,FUSPCEU::FUSPCEU_S025,0.7121353796949044,0.3174933770451187
residual_fitted,FUSPCEU::FUSPCEU_S025::2025-02-05,FUSPCEU,FUSPCEU::FUSPCEU_S025,0.7144618611868023,0.13871554310538303
residual_fitted,FUSPCEU::FUSPCEU_S025::2025-02-06,FUSPCEU,FUSPCEU::FUSPCEU_S025,0.716816670216218,0.6294815394620265
residual_fitted,IZTECH::IZTECH_S001::2024-12-24,IZTECH,IZTECH::IZTECH_S001,0.3639541269317844,-3.8503557022804262
residual_fitted,IZTECH::IZTECH_S001::2024-12-25,IZTECH,IZTECH::IZTECH_S001,0.3641688398971993,0.3465312838151166
residual_fitted,IZTECH::IZTECH_S001::2024-12-26,IZTECH,IZTECH::IZTECH_S001,0.36444387199354966,0.7147784059509897
residual_fitted,IZTECH::IZTECH_S001::2024-12-27,IZTECH,IZTECH::IZTECH_S001,0.3647790027778527,0.6141976683493731
residual_fitted,IZTECH::IZTECH_S001::2024-12-28,IZTECH,IZTECH::IZTECH_S001,0.3651739592964818,0.4592633596966748
residual_fitted,IZTECH::IZTECH_S001::2024-12-29,IZTECH,IZTECH::IZTECH_S001,0.36562841701185067,-0.040426124061698016
residual_fitted,IZTECH::IZTECH_S001::2024-12-30,IZTECH,IZTECH::IZTECH_S001,0.36614200091874394,0.67473796754143
residual_fitted,IZTECH::IZTECH_S002::2025-01-07,IZTECH,IZTECH::IZTECH_S002,0.659138520757281,0.04585968999494592
residual_fitted,IZTECH::IZTECH_S002::2025-01-08,IZTECH,IZTECH::IZTECH_S002,0.660159771259878,-0.06566399566681154
residual_fitted,IZTECH::IZTECH_S002::2025-01-09,IZTECH,IZTECH::IZTECH_S002,0.6612339662448453,0.8069862195936416
residual_fitted,IZTECH::IZTECH_S002::2025-01-10,IZTECH,IZTECH::IZTECH_S002,0.6623602870150891,-0.4091532295976972
residual_fitted,IZTECH::IZTECH_S002::2025-01-11,IZTECH,IZTECH::IZTECH_S002,0.6635378872238581,0.3480240676137087
residual_fitted,IZTECH::IZTECH_S002::2025-01-12,IZTECH,IZTECH::IZTECH_S002,0.6647658952022285,-0.31290081772677636
residual_fitted,IZTECH::IZTECH_S003::2025-01-07,IZTECH,IZTECH::IZTECH_S003,0.684314743467351,0.14518288268071364
residual_fitted,IZTECH::IZTECH_S003::2025-01-08,IZTECH,IZTECH::IZTECH_S003,0.685335993969948,-0.19311781018303048
residual_fitted,IZTECH::IZTECH_S003::2025-01-09,IZTECH,IZTECH::IZTECH_S003,0.6864101889549153,0.32074995709985593
residual_fitted,IZTECH::IZTECH_S003::2025-01-10,IZTECH,IZTECH::IZTECH_S003,0.6875365097251591,0.9393525973769248
residual_fitted,IZTECH::IZTECH_S003::2025-01-11,IZTECH,IZTECH::IZTECH_S003,0.6887141099339281,-0.4916136817732385
residual_fitted,IZTECH::IZTECH_S003::2025-01-12,IZTECH,IZTECH::IZTECH_S003,0.6899421179122985,-0.17622566246072538
residual_fitted,IZTECH::IZTECH_S004::2025-01-22,IZTECH,IZTECH::IZTECH_S004,0.7002765992300557,-0.026835502528094014
residual_fitted,IZTECH::IZTECH_S004::2025-01-23,IZTECH,IZTECH::IZTECH_S004,0.7019966529846202,0.4863577438947403
residual_fitted,IZTECH::IZTECH_S004::2025-01-24,IZTECH,IZTECH::IZTECH_S004,0.7037555178458688,0.4915270921915852
residual_fitted,IZTECH::IZTECH_S004::2025-01-25,IZTECH,IZTECH::IZTECH_S004,0.7055521975856479,-0.3349000388840308
residual_fitted,IZTECH::IZTECH_S004::2025-01-26,IZTECH,IZTECH::IZTECH_S004,0.7073857001911384,-0.09533442597614594
residual_fitted,IZTECH::IZTECH_S005::2025-01-21,IZTECH,IZTECH::IZTECH_S005,0.6487477118106304,0.5109496585918094
residual_fitted,IZTECH::IZTECH_S005::2025-01-22,IZTECH,IZTECH::IZTECH_S005,0.6504279556744352,-0.05693077718340546
residual_fitted,IZTECH::IZTECH_S005::2025-01-23,IZTECH,IZTECH::IZTECH_S005,0.6521480094289998,0.402383811596588
residual_fitted,IZTECH::IZTECH_S005::2025-01-24,IZTECH,IZTECH::IZTECH_S005,0.6539068742902483,0.6743147385046234
residual_fitted,IZTECH::IZTECH_S005::2025-01-25,IZTECH,IZTECH::IZTECH_S005,0.6557035540300274,-0.648937349424855
residual_fitted,IZTECH::IZTECH_S005::2025-01-26,IZTECH,IZTECH::IZTECH_S005,0.657537056635518,-0.6206929380766742
residual_fitted,IZTECH::IZTECH_S006::2025-02-18,IZTECH,IZTECH::IZTECH_S006,0.8544353206777611,-0.049947010464688996
residual_fitted,IZTECH::IZTECH_S006::2025-02-19,IZTECH,IZTECH::IZTECH_S006,0.856885867333968,0.39921129841279646
residual_fitted,IZTECH::IZTECH_S006::2025-02-20,IZTECH,IZTECH::IZTECH_S006,0.859352766239028,0.40028132425018526
residual_fitted,IZTECH::IZTECH_S006::2025-02-21,IZTECH,IZTECH::IZTECH_S006,0.8618354212809787,-0.8007840843219328
residual_fitted,IZTECH::IZTECH_S006::2025-02-22,IZTECH,IZTECH::IZTECH_S006,0.864333252972133,0.06295362192749154
residual_fitted,IZTECH::IZTECH_S006::2025-02-23,IZTECH,IZTECH::IZTECH_S006,0.8668456980870272,1.0136465826150343
residual_fitted,IZTECH::IZTECH_S007::2025-02-25,IZTECH,IZTECH::IZTECH_S007,0.4514054628684734,0.5100386450007487
residual_fitted,IZTECH::IZTECH_S007::2025-02-26,IZTECH,IZTECH::IZTECH_S007,0.45395852450278107,0.7507196601380166
residual_fitted,IZTECH::IZTECH_S007::2025-02-27,IZTECH,IZTECH::IZTECH_S007,0.4565240998505742,0.44974883936935495
residual_fitted,IZTECH::IZTECH_S007::2025-02-28,IZTECH,IZTECH::IZTECH_S007,0.459101699773678,-0.9307088296557502
residual_fitted,IZTECH::IZTECH_S007::2025-03-01,IZTECH,IZTECH::IZTECH_S007,0.46169084835316987,-0.7397848867601508
residual_fitted,IZTECH::IZTECH_S007::2025-03-02,IZTECH,IZTECH::IZTECH_S007,0.46429108232474836,-1.2056295104255377
residual_fitted,IZTECH::IZTECH_S008::2025-03-04,IZTECH,IZTECH::IZTECH_S008,0.6178564900280253,-0.5266062745363397
residual_fitted,IZTECH::IZTECH_S008::2025-03-05,IZTECH,IZTECH::IZTECH_S008,0.6204873178564975,0.8876418621437587
residual_fitted,IZTECH::IZTECH_S008::2025-03-06,IZTECH,IZTECH::IZTECH_S008,0.6231274922045309,-0.3889742179102106
residual_fitted,IZTECH::IZTECH_S008::2025-03-07,IZTECH,IZTECH::IZTECH_S008,0.6257766037235787,-0.4722605732756833
residual_fitted,IZTECH::IZTECH_S008::2025-03-09,IZTECH,IZTECH::IZTECH_S008,0.63110004450794,0.10744901599735192
residual_fitted,IZTECH::IZTECH_S009::2025-03-18,IZTECH,IZTECH::IZTECH_S009,0.34823371846773726,-4.414017728181531
residual_fitted,IZTECH::IZTECH_S009::2025-03-19,IZTECH,IZTECH::IZTECH_S009,0.3509606779230781,-4.4229455922566014
residual_fitted,IZTECH::IZTECH_S009::2025-03-20,IZTECH,IZTECH::IZTECH_S009,0.35369180569683417,0.4484375706811483
residual_fitted,IZTECH::IZTECH_S009::2025-03-21,IZTECH,IZTECH::IZTECH_S009,0.35642675254559913,1.3360513944089105
residual_fitted,IZTECH::IZTECH_S009::2025-03-22,IZTECH,IZTECH::IZTECH_S009,0.3591651681225661,1.9570281690203921
residual_fitted,IZTECH::IZTECH_S009::2025-03-24,IZTECH,IZTECH::IZTECH_S009,0.36465099388897765,1.0010376642729018
residual_fitted,IZTECH::IZTECH_S009::2025-03-25,IZTECH,IZTECH::IZTECH_S009,0.36739769104913905,1.449562939099498
residual_fitted,IZTECH::IZTECH_S009::2025-03-26,IZTECH,IZTECH::IZTECH_S009,0.3701464293531406,0.6516738143023107
residual_fitted,IZTECH::IZTECH_S010::2025-04-15,IZTECH,IZTECH::IZTECH_S010,0.9218538202980314,-0.32196007266226195
residual_fitted,IZTECH::IZTECH_S010::2025-04-16,IZTECH,IZTECH::IZTECH_S010,0.9245465703513966,-0.09875739291998421
residual_fitted,IZTECH::IZTECH_S010::2025-04-18,IZTECH,IZTECH::IZTECH_S010,0.9299060261875223,-0.1194457520836201
residual_fitted,IZTECH::IZTECH_S010::2025-04-19,IZTECH,IZTECH::IZTECH_S010,0.9325713964163946,0.5737918390244003
residual_fitted,IZTECH::IZTECH_S010::2025-04-20,IZTECH,IZTECH::IZTECH_S010,0.9352262694732454,0.5623669167447045
residual_fitted,IZTECH::IZTECH_S011::2025-04-15,IZTECH,IZTECH::IZTECH_S011,1.2203817638769763,0.6700643296711993
residual_fitted,IZTECH::IZTECH_S011::2025-04-16,IZTECH,IZTECH::IZTECH_S011,1.2230745139303414,0.059762038481051084
residual_fitted,IZTECH::IZTECH_S011::2025-04-17,IZTECH,IZTECH::IZTECH_S011,1.2257588017014873,0.44029981046961275
residual_fitted,IZTECH::IZTECH_S011::2025-04-18,IZTECH,IZTECH::IZTECH_S011,1.228433969766467,-0.07418306578276436
residual_fitted,IZTECH::IZTECH_S011::2025-04-19,IZTECH,IZTECH::IZTECH_S011,1.2310993399953394,1.0419978307497864
residual_fitted,IZTECH::IZTECH_S011::2025-04-20,IZTECH,IZTECH::IZTECH_S011,1.2337542130521904,0.01348274684950296
residual_fitted,IZTECH::IZTECH_S012::2025-04-22,IZTECH,IZTECH::IZTECH_S012,1.064826273034591,-0.8403196053665078
residual_fitted,IZTECH::IZTECH_S012::2025-04-23,IZTECH,IZTECH::IZTECH_S012,1.0674452398237315,1.1312797085964257
residual_fitted,IZTECH::IZTECH_S012::2025-04-24,IZTECH,IZTECH::IZTECH_S012,1.0700506913740508,-1.0448153881317641
residual_fitted,IZTECH::IZTECH_S012::2025-04-25,IZTECH,IZTECH::IZTECH_S012,1.0726418161390059,-0.01922308306252832
residual_fitted,IZTECH::IZTECH_S012::2025-04-26,IZTECH,IZTECH::IZTECH_S012,1.0752177792196225,0.5827482792912775
residual_fitted,IZTECH::IZTECH_S012::2025-04-27,IZTECH,IZTECH::IZTECH_S012,1.077777722127437,1.4340977118942588
residual_fitted,IZTECH::IZTECH_S013::2025-04-22,IZTECH,IZTECH::IZTECH_S013,1.0411584965815237,1.2705447101675753
residual_fitted,IZTECH::IZTECH_S013::2025-04-23,IZTECH,IZTECH::IZTECH_S013,1.0437774633706642,0.6696430250812364
residual_fitted,IZTECH::IZTECH_S013::2025-04-24,IZTECH,IZTECH::IZTECH_S013,1.0463829149209836,-0.6417286963569033
residual_fitted,IZTECH::IZTECH_S013::2025-04-25,IZTECH,IZTECH::IZTECH_S013,1.0489740396859386,1.4255329164702029
residual_fitted,IZTECH::IZTECH_S013::2025-04-26,IZTECH,IZTECH::IZTECH_S013,1.0515500027665552,-0.9530364529617704
residual_fitted,IZTECH::IZTECH_S013::2025-04-27,IZTECH,IZTECH::IZTECH_S013,1.0541099456743697,-0.6505047297122638
residual_fitted,IZTECH::IZTECH_S014::2025-04-29,IZTECH,IZTECH::IZTECH_S014,0.7091103917608909,0.1036367972932465
residual_fitted,IZTECH::IZTECH_S014::2025-04-30,IZTECH,IZTECH::IZTECH_S014,0.7116168859712313,0.6105290756383799
residual_fitted,IZTECH::IZTECH_S014::2025-05-01,IZTECH,IZTECH::IZTECH_S014,0.7141036886816348,-0.881453754104576
residual_fitted,IZTECH::IZTECH_S014::2025-05-02,IZTECH,IZTECH::IZTECH_S014,0.7165698228527676,-1.3705470047961892
residual_fitted,IZTECH::IZTECH_S014::2025-05-03,IZTECH,IZTECH::IZTECH_S014,0.7190142881014853,-0.05387866727301474
residual_fitted,IZTECH::IZTECH_S014::2025-05-04,IZTECH,IZTECH::IZTECH_S014,0.7214360609680628,0.8881965378870048
residual_fitted,IZTECH::IZTECH_S015::2025-04-29,IZTECH,IZTECH::IZTECH_S015,0.35535106509408365,0.19321622968922986
residual_fitted,IZTECH::IZTECH_S015::2025-04-30,IZTECH,IZTECH::IZTECH_S015,0.3578575593044241,-0.020958383507764997
residual_fitted,IZTECH::IZTECH_S015::2025-05-01,IZTECH,IZTECH::IZTECH_S015,0.36034436201482756,-1.613015495547228
residual_fitted,IZTECH::IZTECH_S015::2025-05-02,IZTECH,IZTECH::IZTECH_S015,0.3628104961859604,-0.5131919197304412
residual_fitted,IZTECH::IZTECH_S015::2025-05-03,IZTECH,IZTECH::IZTECH_S015,0.36525496143467806,-1.3800851614051965
residual_fitted,IZTECH::IZTECH_S015::2025-05-04,IZTECH,IZTECH::IZTECH_S015,0.3676767343012556,0.787316005946224
residual_fitted,IZTECH::IZTECH_S016::2025-05-06,IZTECH,IZTECH::IZTECH_S016,0.8144525871300902,0.23262866023037693
residual_fitted,IZTECH::IZTECH_S016::2025-05-07,IZTECH,IZTECH::IZTECH_S016,0.8167999179292459,0.04291722399107171
residual_fitted,IZTECH::IZTECH_S016::2025-05-08,IZTECH,IZTECH::IZTECH_S016,0.819120241107522,0.45938256904164104
residual_fitted,IZTECH::IZTECH_S016::2025-05-09,IZTECH,IZTECH::IZTECH_S016,0.8214124256279832,-0.2295590631912691
residual_fitted,IZTECH::IZTECH_S016::2025-05-10,IZTECH,IZTECH::IZTECH_S016,0.8236753211657409,-0.0616389073310826
residual_fitted,IZTECH::IZTECH_S016::2025-05-11,IZTECH,IZTECH::IZTECH_S016,0.8259077591079105,-0.6874608306049245
residual_fitted,IZTECH::IZTECH_S017::2025-05-27,IZTECH,IZTECH::IZTECH_S017,0.9513175192109175,0.5371135398589115
residual_fitted,IZTECH::IZTECH_S017::2025-05-28,IZTECH,IZTECH::IZTECH_S017,0.9528427893215405,0.1820806064288096
residual_fitted,IZTECH::IZTECH_S017::2025-05-29,IZTECH,IZTECH::IZTECH_S017,0.9543152534178992,-0.2162310582200881
residual_fitted,IZTECH::IZTECH_S017::2025-05-30,IZTECH,IZTECH::IZTECH_S017,0.9557337341590407,0.25930698673282565
residual_fitted,IZTECH::IZTECH_S017::2025-05-31,IZTECH,IZTECH::IZTECH_S017,0.9570970785822606,-0.3005814802464527
residual_fitted,IZTECH::IZTECH_S017::2025-06-01,IZTECH,IZTECH::IZTECH_S017,0.9584041610728009,-0.21129291375095272
residual_fitted,KNUST::KNUST_S001::2024-10-08,KNUST,KNUST::KNUST_S001,0.02041027613858204,0.6496677112384283
residual_fitted,KNUST::KNUST_S001::2024-10-09,KNUST,KNUST::KNUST_S001,0.02006155189472736,-0.04196462003836431
residual_fitted,KNUST::KNUST_S001::2024-10-11,KNUST,KNUST::KNUST_S001,0.019374115815674497,1.3500848369820935
residual_fitted,KNUST::KNUST_S001::2024-10-12,KNUST,KNUST::KNUST_S001,0.019035494123101293,-1.609909724427449
residual_fitted,KNUST::KNUST_S001::2024-10-13,KNUST,KNUST::KNUST_S001,0.01870032925407611,-1.6964550261456546
residual_fitted,KNUST::KNUST_S002::2024-10-15,KNUST,KNUST::KNUST_S002,-0.24011913556114195,-0.1437736103545123
residual_fitted,KNUST::KNUST_S002::2024-10-16,KNUST,KNUST::KNUST_S002,-0.24044366826833635,0.2839215506913941
residual_fitted,KNUST::KNUST_S002::2024-10-17,KNUST,KNUST::KNUST_S002,-0.24076457091383974,-0.477405205500739
residual_fitted,KNUST::KNUST_S002::2024-10-18,KNUST,KNUST::KNUST_S002,-0.24108180101243387,1.2630369697553088
residual_fitted,KNUST::KNUST_S002::2024-10-19,KNUST,KNUST::KNUST_S002,-0.24139531634613043,-1.5232805258951436
residual_fitted,KNUST::KNUST_S002::2024-10-20,KNUST,KNUST::KNUST_S002,-0.24170507492537924,-2.096172310231197
residual_fitted,KNUST::KNUST_S003::2024-10-22,KNUST,KNUST::KNUST_S003,0.15717267352610526,0.06403572178258547
residual_fitted,KNUST::KNUST_S003::2024-10-23,KNUST,KNUST::KNUST_S003,0.15687443522086036,0.2457682576853097
residual_fitted,KNUST::KNUST_S003::2024-10-24,KNUST,KNUST::KNUST_S003,0.15658011984385872,-1.6971909223111084
residual_fitted,KNUST::KNUST_S003::2024-10-25,KNUST,KNUST::KNUST_S003,0.15628976861313237,1.4932839183346422
residual_fitted,KNUST::KNUST_S003::2024-10-26,KNUST,KNUST::KNUST_S003,0.15600342266051004,-0.6275070889932701
residual_fitted,KNUST::KNUST_S003::2024-10-27,KNUST,KNUST::KNUST_S003,0.15572112306609875,-0.09061129022607928
residual_fitted,KNUST::KNUST_S004::2024-10-30,KNUST,KNUST::KNUST_S004,0.5245461247441559,1.458167875851811
residual_fitted,KNUST::KNUST_S004::2024-11-01,KNUST,KNUST::KNUST_S004,0.5240189671484015,-1.067014345644334
residual_fitted,KNUST::KNUST_S004::2024-11-02,KNUST,KNUST::KNUST_S004,0.523761805993366,0.9226078524362504
residual_fitted,KNUST::KNUST_S005::2024-11-07,KNUST,KNUST::KNUST_S005,-0.35882596717333204,-0.9945389706838438
residual_fitted,KNUST::KNUST_S005::2024-11-08,KNUST,KNUST::KNUST_S005,-0.35905651666006666,-0.9923682765845483
residual_fitted,KNUST::KNUST_S005::2024-11-09,KNUST,KNUST::KNUST_S005,-0.3592824877298717,-1.2915455598255925
residual_fitted,KNUST::KNUST_S006::2024-11-12,KNUST,KNUST::KNUST_S006,0.45010902945750864,-0.03173890457224282
residual_fitted,KNUST::KNUST_S006::2024-11-13,KNUST,KNUST::KNUST_S006,0.44990177950318916,-0.23958985871390093
residual_fitted,KNUST::KNUST_S006::2024-11-14,KNUST,KNUST::KNUST_S006,0.44969931127590806,-0.29672070790694316
residual_fitted,KNUST::KNUST_S006::2024-11-15,KNUST,KNUST::KNUST_S006,0.44950166507994377,0.7267484654096481
residual_fitted,KNUST::KNUST_S006::2024-11-16,KNUST,KNUST::KNUST_S006,0.4493088810644096,0.5021256841300877
residual_fitted,KNUST::KNUST_S006::2024-11-17,KNUST,KNUST::KNUST_S006,0.44912099914998005,0.28130374257835883
residual_fitted,KNUST::KNUST_S007::2024-11-19,KNUST,KNUST::KNUST_S007,0.20454599024826298,-1.1453388857554632
residual_fitted,KNUST::KNUST_S007::2024-11-20,KNUST,KNUST::KNUST_S007,0.20437305167423536,0.0852160833739709
residual_fitted,KNUST::KNUST_S007::2024-11-21,KNUST,KNUST::KNUST_S007,0.20420517216430228,0.24163597488608823
residual_fitted,KNUST::KNUST_S007::2024-11-22,KNUST,KNUST::KNUST_S007,0.20404239005300068,0.4881799205874717
residual_fitted,KNUST::KNUST_S008::2024-11-27,KNUST,KNUST::KNUST_S008,0.24195696567514274,-0.8761433207601625
residual_fitted,KNUST::KNUST_S008::2024-11-28,KNUST,KNUST::KNUST_S008,0.24182554475799684,0.7933359892606459
residual_fitted,KNUST::KNUST_S008::2024-11-29,KNUST,KNUST::KNUST_S008,0.241699474383627,-0.5730044949446376
residual_fitted,KNUST::KNUST_S008::2024-11-30,KNUST,KNUST::KNUST_S008,0.24157878790833875,1.6016622039809572
residual_fitted,KNUST::KNUST_S008::2024-12-01,KNUST,KNUST::KNUST_S008,0.24146351783502668,-1.074774416117149
residual_fitted,KNUST::KNUST_S009::2024-12-03,KNUST,KNUST::KNUST_S009,0.3696987983311514,-0.45054311306820394
residual_fitted,KNUST::KNUST_S009::2024-12-04,KNUST,KNUST::KNUST_S009,0.36959996290396496,2.23041309394337
residual_fitted,KNUST::KNUST_S009::2024-12-05,KNUST,KNUST::KNUST_S009,0.36950666405886395,1.35995899593615
residual_fitted,KNUST::KNUST_S009::2024-12-06,KNUST,KNUST::KNUST_S009,0.369418929113624,-0.5311797259836518
residual_fitted,KNUST::KNUST_S009::2024-12-07,KNUST,KNUST::KNUST_S009,0.3693367841791766,-1.8517843431496606
residual_fitted,KNUST::KNUST_S009::2024-12-08,KNUST,KNUST::KNUST_S009,0.36926025411219726,-0.21652535137665674
residual_fitted,KNUST::KNUST_S010::2024-12-10,KNUST,KNUST::KNUST_S010,0.12537714312664197,0.02197815722121991
residual_fitted,KNUST::KNUST_S010::2024-12-11,KNUST,KNUST::KNUST_S010,0.12531759347511653,-0.7900295161489568
residual_fitted,KNUST::KNUST_S010::2024-12-12,KNUST,KNUST::KNUST_S010,0.12526374454076775,0.8502875943990273
residual_fitted,KNUST::KNUST_S010::2024-12-13,KNUST,KNUST::KNUST_S010,0.12521561415902552,1.0449794060733066
residual_fitted,KNUST::KNUST_S010::2024-12-14,KNUST,KNUST::KNUST_S010,0.1251732186265936,-0.6840504396057817
residual_fitted,KNUST::KNUST_S010::2024-12-15,KNUST,KNUST::KNUST_S010,0.12513657267127895,-1.172827117175945
residual_fitted,KNUST::KNUST_S011::2024-12-17,KNUST,KNUST::KNUST_S011,0.34890579068566074,1.738977816393906
residual_fitted,KNUST::KNUST_S011::2024-12-18,KNUST,KNUST::KNUST_S011,0.34888646560079617,1.9212139809949815
residual_fitted,KNUST::KNUST_S011::2024-12-19,KNUST,KNUST::KNUST_S011,0.34887293264291924,0.8982316697667859
residual_fitted,KNUST::KNUST_S011::2024-12-20,KNUST,KNUST::KNUST_S011,0.3488651982384741,0.1710389870516318
residual_fitted,KNUST::KNUST_S011::2024-12-21,KNUST,KNUST::KNUST_S011,0.3488632671070828,-2.222447792619448
residual_fitted,KNUST::KNUST_S011::2024-12-22,KNUST,KNUST::KNUST_S011,0.3488671422227537,-2.0704740792564493
residual_fitted,KNUST::KNUST_S012::2025-01-07,KNUST,KNUST::KNUST_S012,0.6193574470258117,0.048021652890119886
residual_fitted,KNUST::KNUST_S012::2025-01-08,KNUST,KNUST::KNUST_S012,0.6194588467637028,1.1326707501496671
residual_fitted,KNUST::KNUST_S012::2025-01-09,KNUST,KNUST::KNUST_S012,0.619565824237059,0.38817190948457037
residual_fitted,KNUST::KNUST_S012::2025-01-10,KNUST,KNUST::KNUST_S012,0.6196783530203073,0.6404219505213795
residual_fitted,KNUST::KNUST_S012::2025-01-11,KNUST,KNUST::KNUST_S012,0.6197964055715441,-0.42058294070123226
residual_fitted,KNUST::KNUST_S012::2025-01-12,KNUST,KNUST::KNUST_S012,0.6199199532454657,0.05276460708967716
residual_fitted,KNUST::KNUST_S013::2025-01-14,KNUST,KNUST::KNUST_S013,0.668794697399931,0.22698048000987203
residual_fitted,KNUST::KNUST_S013::2025-01-15,KNUST,KNUST::KNUST_S013,0.6689345485317277,1.1431058648790167
residual_fitted,KNUST::KNUST_S013::2025-01-16,KNUST,KNUST::KNUST_S013,0.6690797704338676,0.16908845923732913
residual_fitted,KNUST::KNUST_S013::2025-01-17,KNUST,KNUST::KNUST_S013,0.6692303298577993,0.5555737978115186
residual_fitted,KNUST::KNUST_S014::2025-01-21,KNUST,KNUST::KNUST_S014,0.28825439026507665,0.9290805808976428
residual_fitted,KNUST::KNUST_S014::2025-01-22,KNUST,KNUST::KNUST_S014,0.28843111364405427,-0.04091292638556609
residual_fitted,KNUST::KNUST_S014::2025-01-23,KNUST,KNUST::KNUST_S014,0.28861296081706517,0.9348176055272855
residual_fitted,KNUST::KNUST_S014::2025-01-24,KNUST,KNUST::KNUST_S014,0.288799894234021,-0.3739354034224638
residual_fitted,KNUST::KNUST_S014::2025-01-25,KNUST,KNUST::KNUST_S014,0.28899187593105835,0.2865415730969917
residual_fitted,KNUST::KNUST_S014::2025-01-26,KNUST,KNUST::KNUST_S014,0.2891888675434693,-1.629264344593069
residual_fitted,KNUST::KNUST_S015::2025-01-28,KNUST,KNUST::KNUST_S015,0.623583757375536,1.6056382735553185
residual_fitted,KNUST::KNUST_S015::2025-01-29,KNUST,KNUST::KNUST_S015,0.6237955452183781,1.0563909322426068
residual_fitted,KNUST::KNUST_S015::2025-01-30,KNUST,KNUST::KNUST_S015,0.6240121863454859,-0.05369990997438245
residual_fitted,KNUST::KNUST_S015::2025-01-31,KNUST,KNUST::KNUST_S015,0.6242336409525591,-0.12200294621730881
residual_fitted,KNUST::KNUST_S015::2025-02-01,KNUST,KNUST::KNUST_S015,0.6244598690240994,-0.6398228828272823
residual_fitted,RISE::RISE_S001::2025-03-04,RISE,RISE::RISE_S001,0.6861958642681614,0.2680191570458309
residual_fitted,RISE::RISE_S001::2025-03-05,RISE,RISE::RISE_S001,0.6914903946567752,-0.8630457752082941
residual_fitted,RISE::RISE_S001::2025-03-06,RISE,RISE::RISE_S001,0.6968023089044745,-0.025159631927716638
residual_fitted,RISE::RISE_S001::2025-03-07,RISE,RISE::RISE_S001,0.7021312336223529,0.6929277310313615
residual_fitted,RISE::RISE_S001::2025-03-08,RISE,RISE::RISE_S001,0.7074768235064871,-0.4663402566147284
residual_fitted,RISE::RISE_S001::2025-03-09,RISE,RISE::RISE_S001,0.712838759807832,0.8719331298742943
residual_fitted,RISE::RISE_S002::2025-03-18,RISE,RISE::RISE_S002,0.8869904921641725,0.2117366536623365
residual_fitted,RISE::RISE_S002::2025-03-19,RISE,RISE::RISE_S002,0.8925031553347407,-0.0655698471060555
residual_fitted,RISE::RISE_S002::2025-03-20,RISE,RISE::RISE_S002,0.8980299942239784,0.7515970754760961
residual_fitted,RISE::RISE_S002::2025-03-21,RISE,RISE::RISE_S002,0.9035708959187008,0.1515544184125573
residual_fitted,RISE::RISE_S002::2025-03-22,RISE,RISE::RISE_S002,0.9091257555183057,-0.08449605664877853
residual_fitted,RISE::RISE_S002::2025-03-23,RISE,RISE::RISE_S002,0.9146944747425909,0.16584533726884418
residual_fitted,RISE::RISE_S003::2025-03-18,RISE,RISE::RISE_S003,0.4937654805209456,0.5329338679377218
residual_fitted,RISE::RISE_S003::2025-03-19,RISE,RISE::RISE_S003,0.4992781436915139,0.5941772195355014
residual_fitted,RISE::RISE_S003::2025-03-20,RISE,RISE::RISE_S003,0.5048049825807516,0.11521833386571698
residual_fitted,RISE::RISE_S003::2025-03-21,RISE,RISE::RISE_S003,0.510345884275474,0.5896924589351843
residual_fitted,RISE::RISE_S003::2025-03-22,RISE,RISE::RISE_S003,0.5159007438750788,-0.8308398754782907
residual_fitted,RISE::RISE_S003::2025-03-23,RISE,RISE::RISE_S003,0.52146946309936415,-1.9193452500164394
residual_fitted,RISE::RISE_S004::2025-03-25,RISE,RISE::RISE_S004,0.830300916536026,-0.5652990639129052
residual_fitted,RISE::RISE_S004::2025-03-26,RISE,RISE::RISE_S004,0.8359106702011745,1.057518468182753
residual_fitted,RISE::RISE_S004::2025-03-27,RISE,RISE::RISE_S004,0.8415339285366392,-0.4800646696461316
residual_fitted,RISE::RISE_S004::2025-03-28,RISE,RISE::RISE_S004,0.8471706052573857,-0.32274940516232603
residual_fitted,RISE::RISE_S004::2025-03-29,RISE,RISE::RISE_S004,0.8528206121560499,1.2226824253375195
residual_fitted,RISE::RISE_S004::2025-03-30,RISE,RISE::RISE_S004,0.8584838576417938,-0.27938260830861034
residual_fitted,RISE::RISE_S005::2025-04-01,RISE,RISE::RISE_S005,0.8049795610527817,0.5120004369292014
residual_fitted,RISE::RISE_S005::2025-04-02,RISE,RISE::RISE_S005,0.8106819161408267,0.1563846598954987
residual_fitted,RISE::RISE_S005::2025-04-03,RISE,RISE::RISE_S005,0.8163970791019564,0.8288371719316738
residual_fitted,RISE::RISE_S005::2025-04-04,RISE,RISE::RISE_S005,0.8221249182781128,0.14808189407280467
residual_fitted,RISE::RISE_S005::2025-04-05,RISE,RISE::RISE_S005,0.8278652891497298,-0.5356112100411686
residual_fitted,RISE::RISE_S005::2025-04-06,RISE,RISE::RISE_S005,0.8336180326159796,-0.8149822854579065
residual_fitted,RISE::RISE_S006::2025-04-15,RISE,RISE::RISE_S006,0.8484156342194914,0.4530330268062997
residual_fitted,RISE::RISE_S006::2025-04-16,RISE,RISE::RISE_S006,0.8542788014098301,0.10422420467231516
residual_fitted,RISE::RISE_S006::2025-04-17,RISE,RISE::RISE_S006,0.8601510775007712,0.7056911944157029
residual_fitted,RISE::RISE_S006::2025-04-18,RISE,RISE::RISE_S006,0.8660319712680242,0.13080752665508663
residual_fitted,RISE::RISE_S006::2025-04-19,RISE,RISE::RISE_S006,0.8719209481616,-0.7310043857311982
residual_fitted,RISE::RISE_S006::2025-04-20,RISE,RISE::RISE_S006,0.8778174273921442,-0.5634177682844171
residual_fitted,RISE::RISE_S007::2025-04-15,RISE,RISE::RISE_S007,0.886188401031903,0.7579722352504326
residual_fitted,RISE::RISE_S007::2025-04-16,RISE,RISE::RISE_S007,0.8920515682222417,0.04398536661861195
residual_fitted,RISE::RISE_S007::2025-04-17,RISE,RISE::RISE_S007,0.8979238443131828,0.5627122502894176
residual_fitted,RISE::RISE_S007::2025-04-18,RISE,RISE::RISE_S007,0.9038047380804358,-0.044526756571699834
residual_fitted,RISE::RISE_S007::2025-04-19,RISE,RISE::RISE_S007,0.9096937149740116,-0.3170148496836744
residual_fitted,RISE::RISE_S007::2025-04-20,RISE,RISE::RISE_S007,0.9155901942045558,-0.7069859872055705
residual_fitted,RISE::RISE_S008::2025-04-29,RISE,RISE::RISE_S008,1.1452914146716562,0.19499899084545583
residual_fitted,RISE::RISE_S008::2025-04-30,RISE,RISE::RISE_S008,1.1512184007758142,1.6105016033578898
residual_fitted,RISE::RISE_S008::2025-05-01,RISE,RISE::RISE_S008,1.1571424524302196,0.4359838546720666
residual_fitted,RISE::RISE_S008::2025-05-02,RISE,RISE::RISE_S008,1.1630621446538454,-0.6624271192660548
residual_fitted,RISE::RISE_S008::2025-05-03,RISE,RISE::RISE_S008,1.1689759515347167,-0.43099910777231004
residual_fitted,RISE::RISE_S008::2025-05-04,RISE,RISE::RISE_S008,1.1748822403120651,0.0672807197116272
residual_fitted,RISE::RISE_S009::2025-05-27,RISE,RISE::RISE_S009,1.1861963532065856,0.08955926512362021
residual_fitted,RISE::RISE_S009::2025-05-28,RISE,RISE::RISE_S009,1.1910171545641755,-0.2511034373495346
residual_fitted,RISE::RISE_S009::2025-05-29,RISE,RISE::RISE_S009,1.195730980478493,1.133369937412329
residual_fitted,RISE::RISE_S009::2025-05-30,RISE,RISE::RISE_S009,1.2003304696021178,0.09323090654400783
residual_fitted,RISE::RISE_S009::2025-05-31,RISE,RISE::RISE_S009,1.204807961717028,0.12163459942737054
residual_fitted,RISE::RISE_S009::2025-06-01,RISE,RISE::RISE_S009,1.2091555099323454,-0.578324238647893
residual_fitted,RISE::RISE_S010::2025-06-10,RISE,RISE::RISE_S010,0.8923383337230368,-0.7154996435574604
residual_fitted,RISE::RISE_S010::2025-06-11,RISE,RISE::RISE_S010,0.8949079468949299,-0.14724709433609942
residual_fitted,RISE::RISE_S010::2025-06-12,RISE,RISE::RISE_S010,0.8972514982639017,1.6262326684103985
residual_fitted,RISE::RISE_S010::2025-06-13,RISE,RISE::RISE_S010,0.8993611078801229,-2.8785821365769784
residual_fitted,RISE::RISE_S010::2025-06-14,RISE,RISE::RISE_S010,0.9012294243957377,0.9067320063070983
residual_fitted,RISE::RISE_S012::2025-06-10,RISE,RISE::RISE_S012,1.0252986035151395,-1.3671290402494127
residual_fitted,RISE::RISE_S012::2025-06-11,RISE,RISE::RISE_S012,1.0278682166870325,0.4653848645683489
residual_fitted,RISE::RISE_S012::2025-06-12,RISE,RISE::RISE_S012,1.0302117680560043,0.11726009840893578
residual_fitted,RISE::RISE_S012::2025-06-13,RISE,RISE::RISE_S012,1.0323213776722255,0.47869905740960467
residual_fitted,RISE::RISE_S012::2025-06-14,RISE,RISE::RISE_S012,1.0341896941878403,0.9756245781867988
residual_fitted,RISE::RISE_S012::2025-06-15,RISE,RISE::RISE_S012,1.035809997443013,-0.9658669637535563
residual_fitted,RISE::RISE_S012::2025-06-16,RISE,RISE::RISE_S012,1.037176298280546,-0.21957033401409323
residual_fitted,RISE::RISE_S013::2025-06-24,RISE,RISE::RISE_S013,0.8539507413392693,0.5079875393444676
residual_fitted,RISE::RISE_S013::2025-06-25,RISE,RISE::RISE_S013,0.8529188501665916,-0.4986462130996441
residual_fitted,RISE::RISE_S013::2025-06-26,RISE,RISE::RISE_S013,0.8516273736255191,0.5341657695001301
residual_fitted,RISE::RISE_S013::2025-06-27,RISE,RISE::RISE_S013,0.8500814052786432,-0.8698069405659792
residual_fitted,RISE::RISE_S013::2025-06-28,RISE,RISE::RISE_S013,0.8482868754021058,-0.8213773209214619
residual_fitted,RISE::RISE_S013::2025-06-29,RISE,RISE::RISE_S013,0.8462504579379286,-0.3297369765034596
residual_fitted,RISE::RISE_S016::2025-10-07,RISE,RISE::RISE_S016,0.479859338184316,0.6070871651272075
residual_fitted,RISE::RISE_S016::2025-10-08,RISE,RISE::RISE_S016,0.47463593169732826,-0.20055709951332532
residual_fitted,RISE::RISE_S016::2025-10-09,RISE,RISE::RISE_S016,0.4694292344350222,-0.056896212955125765
residual_fitted,RISE::RISE_S016::2025-10-10,RISE,RISE::RISE_S016,0.4642396291221042,-0.795882103607631
residual_fitted,RISE::RISE_S016::2025-10-11,RISE,RISE::RISE_S016,0.4590675292190111,-0.4504994067673083
residual_fitted,RISE::RISE_S016::2025-10-12,RISE,RISE::RISE_S016,0.45391338037443235,0.2606872040030925
residual_fitted,THUAS::THUAS_S001::2025-02-22,THUAS,THUAS::THUAS_S001,0.15701535196625976,-3.7876160235948957
residual_fitted,THUAS::THUAS_S001::2025-02-23,THUAS,THUAS::THUAS_S001,0.16112167027649332,0.8348512906671335
residual_fitted,THUAS::THUAS_S001::2025-02-24,THUAS,THUAS::THUAS_S001,0.16524823970883668,0.2613820610461479
residual_fitted,THUAS::THUAS_S001::2025-02-25,THUAS,THUAS::THUAS_S001,0.1693943322001788,0.41280599873117596
residual_fitted,THUAS::THUAS_S001::2025-02-26,THUAS,THUAS::THUAS_S001,0.17355925064726724,1.6229464449960722
residual_fitted,THUAS::THUAS_S001::2025-02-27,THUAS,THUAS::THUAS_S001,0.17774232777313587,0.048738155791546375
residual_fitted,THUAS::THUAS_S001::2025-02-28,THUAS,THUAS::THUAS_S001,0.18194292501508508,-0.20471901303194032
residual_fitted,THUAS::THUAS_S001::2025-03-02,THUAS,THUAS::THUAS_S001,0.19039426198272774,-1.0435831423639375
residual_fitted,THUAS::THUAS_S002::2025-03-04,THUAS,THUAS::THUAS_S002,0.34507925783524795,2.12319237404072
residual_fitted,THUAS::THUAS_S002::2025-03-05,THUAS,THUAS::THUAS_S002,0.3493587987028276,1.212126026018945
residual_fitted,THUAS::THUAS_S002::2025-03-06,THUAS,THUAS::THUAS_S002,0.3536525643990063,-1.2650317402906877
residual_fitted,THUAS::THUAS_S002::2025-03-07,THUAS,THUAS::THUAS_S002,0.3579600837546544,-0.4283836579558652
residual_fitted,THUAS::THUAS_S002::2025-03-08,THUAS,THUAS::THUAS_S002,0.36228090463860607,-1.944711357942109
residual_fitted,THUAS::THUAS_S002::2025-03-09,THUAS,THUAS::THUAS_S002,0.36661459267323226,-0.7907893996270998
residual_fitted,THUAS::THUAS_S003::2025-03-18,THUAS,THUAS::THUAS_S003,0.861394085466402,0.3539589784793219
residual_fitted,THUAS::THUAS_S003::2025-03-19,THUAS,THUAS::THUAS_S003,0.8658355710550385,1.0791324580401584
residual_fitted,THUAS::THUAS_S003::2025-03-20,THUAS,THUAS::THUAS_S003,0.8702859604928652,0.12489974417002632
residual_fitted,THUAS::THUAS_S003::2025-03-21,THUAS,THUAS::THUAS_S003,0.8747449346472327,0.26533913571580675
residual_fitted,THUAS::THUAS_S003::2025-03-22,THUAS,THUAS::THUAS_S003,0.8792121756526778,-1.2898704775509788
residual_fitted,THUAS::THUAS_S003::2025-03-23,THUAS,THUAS::THUAS_S003,0.8836873656652884,0.7450049561400682
residual_fitted,THUAS::THUAS_S005::2025-03-25,THUAS,THUAS::THUAS_S005,0.7521885861204474,0.2199167215734514
residual_fitted,THUAS::THUAS_S005::2025-03-26,THUAS,THUAS::THUAS_S005,0.7566856961135016,0.08105998208901523
residual_fitted,THUAS::THUAS_S005::2025-03-27,THUAS,THUAS::THUAS_S005,0.7611894571013009,0.04857363794503437
residual_fitted,THUAS::THUAS_S005::2025-03-28,THUAS,THUAS::THUAS_S005,0.7656995311890825,0.27205993589350896
residual_fitted,THUAS::THUAS_S005::2025-03-29,THUAS,THUAS::THUAS_S005,0.7702155723919183,-0.12170150063493693
residual_fitted,THUAS::THUAS_S005::2025-03-30,THUAS,THUAS::THUAS_S005,0.774737225212364,0.04665240970940872
residual_fitted,THUAS::THUAS_S006::2025-04-01,THUAS,THUAS::THUAS_S006,0.8597249080354037,0.0449038909057932
residual_fitted,THUAS::THUAS_S006::2025-04-02,THUAS,THUAS::THUAS_S006,0.8642611462980493,-0.15271195180007405
residual_fitted,THUAS::THUAS_S006::2025-04-03,THUAS,THUAS::THUAS_S006,0.8688014504654682,-0.2750103353661896
residual_fitted,THUAS::THUAS_S006::2025-04-05,THUAS,THUAS::THUAS_S006,0.8778925392877097,0.7862516482972515
residual_fitted,THUAS::THUAS_S006::2025-04-06,THUAS,THUAS::THUAS_S006,0.8824424179173461,0.5387429461105481
residual_fitted,THUAS::THUAS_S007::2025-04-08,THUAS,THUAS::THUAS_S007,0.43716516727448523,0.8578362466012411
residual_fitted,THUAS::THUAS_S007::2025-04-09,THUAS,THUAS::THUAS_S007,0.4417202507635893,1.7537424721349335
residual_fitted,THUAS::THUAS_S007::2025-04-10,THUAS,THUAS::THUAS_S007,0.44627598656479367,-0.8277892504813011
residual_fitted,THUAS::THUAS_S007::2025-04-11,THUAS,THUAS::THUAS_S007,0.450831787975209,-4.727875268043438
residual_fitted,THUAS::THUAS_S007::2025-04-12,THUAS,THUAS::THUAS_S007,0.45538703849151935,0.6200425240074023
residual_fitted,THUAS::THUAS_S007::2025-04-13,THUAS,THUAS::THUAS_S007,0.45994109007299006,0.8987342245750228
residual_fitted,THUAS::THUAS_S010::2025-06-03,THUAS,THUAS::THUAS_S010,0.7949414864335564,0.9280673790843732
residual_fitted,THUAS::THUAS_S010::2025-06-05,THUAS,THUAS::THUAS_S010,0.7993577067262745,0.4665020089611091
residual_fitted,THUAS::THUAS_S010::2025-06-06,THUAS,THUAS::THUAS_S010,0.8013912195842265,-4.981912769402719
residual_fitted,THUAS::THUAS_S010::2025-06-07,THUAS,THUAS::THUAS_S010,0.8033044930465523,-0.13793175523226664
residual_fitted,THUAS::THUAS_S010::2025-06-08,THUAS,THUAS::THUAS_S010,0.8050947835689757,0.5898928255481215
residual_fitted,THUAS::THUAS_S010::2025-06-09,THUAS,THUAS::THUAS_S010,0.8067594740930899,2.416521013254304
residual_fitted,THUAS::THUAS_S011::2025-05-13,THUAS,THUAS::THUAS_S011,1.086010696177188,0.28934050304660996
residual_fitted,THUAS::THUAS_S011::2025-05-14,THUAS,THUAS::THUAS_S011,1.089947791122238,0.15789099925114064
residual_fitted,THUAS::THUAS_S011::2025-05-15,THUAS,THUAS::THUAS_S011,1.0938353212351033,0.37718847243120474
residual_fitted,THUAS::THUAS_S011::2025-05-16,THUAS,THUAS::THUAS_S011,1.0976706316357496,-0.07696645956603812
residual_fitted,THUAS::THUAS_S011::2025-05-17,THUAS,THUAS::THUAS_S011,1.1014509941413007,0.6747187400380562
residual_fitted,THUAS::THUAS_S011::2025-05-18,THUAS,THUAS::THUAS_S011,1.1051736093521545,-0.26821986131373404
residual_fitted,THUAS::THUAS_S014::2025-07-08,THUAS,THUAS::THUAS_S014,0.7774664205791212,-0.10190038822954774
residual_fitted,THUAS::THUAS_S014::2025-07-09,THUAS,THUAS::THUAS_S014,0.7751304940676426,0.4706386346752544
residual_fitted,THUAS::THUAS_S014::2025-07-10,THUAS,THUAS::THUAS_S014,0.7726870425894171,-0.5724465834277082
residual_fitted,THUAS::THUAS_S014::2025-07-11,THUAS,THUAS::THUAS_S014,0.7701392516651563,0.16213181966807041
residual_fitted,THUAS::THUAS_S014::2025-07-12,THUAS,THUAS::THUAS_S014,0.7674903496757739,-0.3525260935904159
residual_fitted,THUAS::THUAS_S014::2025-07-13,THUAS,THUAS::THUAS_S014,0.7647435956991219,-0.4190590295590897
residual_fitted,THUAS::THUAS_S015::2025-07-08,THUAS,THUAS::THUAS_S015,0.683065634851074,1.3792441708831888
residual_fitted,THUAS::THUAS_S015::2025-07-09,THUAS,THUAS::THUAS_S015,0.6807297083395953,-1.0130301968700146
residual_fitted,THUAS::THUAS_S015::2025-07-10,THUAS,THUAS::THUAS_S015,0.6782862568613699,1.757946143220569
residual_fitted,THUAS::THUAS_S015::2025-07-11,THUAS,THUAS::THUAS_S015,0.6757384659371091,-1.926550542867499
residual_fitted,THUAS::THUAS_S015::2025-07-12,THUAS,THUAS::THUAS_S015,0.6730895639477266,2.317673707440184
residual_fitted,THUAS::THUAS_S015::2025-07-13,THUAS,THUAS::THUAS_S015,0.6703428099710746,-3.8203038684161723
residual_fitted,THUAS::THUAS_S016::2025-07-08,THUAS,THUAS::THUAS_S016,1.1564549922751624,0.13108760067219652
residual_fitted,THUAS::THUAS_S016::2025-07-09,THUAS,THUAS::THUAS_S016,1.1541190657636837,0.6285258336640868
residual_fitted,THUAS::THUAS_S016::2025-07-10,THUAS,THUAS::THUAS_S016,1.1516756142854583,0.8710318472309899
residual_fitted,THUAS::THUAS_S016::2025-07-11,THUAS,THUAS::THUAS_S016,1.1491278233611975,0.02948832350341114
residual_fitted,THUAS::THUAS_S016::2025-07-12,THUAS,THUAS::THUAS_S016,1.1464789213718152,0.05897114263489548
residual_fitted,THUAS::THUAS_S016::2025-07-13,THUAS,THUAS::THUAS_S016,1.143732167395163,-0.5576120668276545
residual_fitted,THUAS::THUAS_S017::2025-09-09,THUAS,THUAS::THUAS_S017,0.8743482268489504,-0.34830586286641435
residual_fitted,THUAS::THUAS_S017::2025-09-10,THUAS,THUAS::THUAS_S017,0.8698805119891478,-0.32863658655734646
residual_fitted,THUAS::THUAS_S017::2025-09-11,THUAS,THUAS::THUAS_S017,0.8654173822183977,0.9250069711308486
residual_fitted,THUAS::THUAS_S017::2025-09-12,THUAS,THUAS::THUAS_S017,0.8609591919135041,-0.7574480802761344
residual_fitted,THUAS::THUAS_S017::2025-09-13,THUAS,THUAS::THUAS_S017,0.8565062823656334,0.6834603549245266
residual_fitted,THUAS::THUAS_S017::2025-09-14,THUAS,THUAS::THUAS_S017,0.8520589832199084,0.8218635054697707
residual_fitted,THUAS::THUAS_S018::2025-09-23,THUAS,THUAS::THUAS_S018,0.838556455415218,0.5773482505099137
residual_fitted,THUAS::THUAS_S018::2025-09-24,THUAS,THUAS::THUAS_S018,0.8341817694122777,0.25905988473982244
residual_fitted,THUAS::THUAS_S018::2025-09-25,THUAS,THUAS::THUAS_S018,0.829815925330191,0.5416894255425704
residual_fitted,THUAS::THUAS_S018::2025-09-26,THUAS,THUAS::THUAS_S018,0.8254592139968054,0.5564088116480594
residual_fitted,THUAS::THUAS_S018::2025-09-27,THUAS,THUAS::THUAS_S018,0.821111931058725,-0.8019493691667845
residual_fitted,TUM::TUM_S001::2024-05-14,TUM,TUM::TUM_S001,1.148016889489965,0.14980484616355355
residual_fitted,TUM::TUM_S001::2024-05-15,TUM,TUM::TUM_S001,1.1511987795711076,0.07046301694026987
residual_fitted,TUM::TUM_S001::2024-05-16,TUM,TUM::TUM_S001,1.154331304212242,0.13364381196456254
residual_fitted,TUM::TUM_S001::2024-05-17,TUM,TUM::TUM_S001,1.1574123336742494,-0.5838709628941339
residual_fitted,TUM::TUM_S001::2024-05-18,TUM,TUM::TUM_S001,1.1604397032195362,-0.3386172994944959
residual_fitted,TUM::TUM_S001::2024-05-19,TUM,TUM::TUM_S001,1.1634112160817305,2.088447826214981
residual_fitted,TUM::TUM_S002::2024-05-28,TUM,TUM::TUM_S002,0.8532887131744664,0.4667974225810305
residual_fitted,TUM::TUM_S002::2024-05-29,TUM,TUM::TUM_S002,0.8555765782236143,0.7360390416804625
residual_fitted,TUM::TUM_S002::2024-05-30,TUM,TUM::TUM_S002,0.8577834891528182,0.19944385515480098
residual_fitted,TUM::TUM_S002::2024-05-31,TUM,TUM::TUM_S002,0.8599072163393799,-0.239820353913376
residual_fitted,TUM::TUM_S002::2024-06-01,TUM,TUM::TUM_S002,0.8619455660857605,-2.159447325780586
residual_fitted,TUM::TUM_S002::2024-06-02,TUM,TUM::TUM_S002,0.8638963877270285,0.7767185133943327
residual_fitted,TUM::TUM_S003::2024-06-04,TUM,TUM::TUM_S003,0.8441021456096766,0.3813085405037554
residual_fitted,TUM::TUM_S003::2024-06-05,TUM,TUM::TUM_S003,0.8457780187156089,-0.8078564032946939
residual_fitted,TUM::TUM_S003::2024-06-06,TUM,TUM::TUM_S003,0.8473583378246815,-0.24127629190978409
residual_fitted,TUM::TUM_S003::2024-06-07,TUM,TUM::TUM_S003,0.8488412776457203,-0.07924872338738018
residual_fitted,TUM::TUM_S003::2024-06-08,TUM,TUM::TUM_S003,0.8502251000777178,0.4413392269532367
residual_fitted,TUM::TUM_S003::2024-06-09,TUM,TUM::TUM_S003,0.8515081613000426,-0.03658687880564177
residual_fitted,TUM::TUM_S004::2024-06-11,TUM,TUM::TUM_S004,0.7675587104917889,-0.281618906176077
residual_fitted,TUM::TUM_S004::2024-06-12,TUM,TUM::TUM_S004,0.7685306701675065,1.1944063519029495
residual_fitted,TUM::TUM_S004::2024-06-13,TUM,TUM::TUM_S004,0.7693963702049764,0.6476045543589719
residual_fitted,TUM::TUM_S004::2024-06-14,TUM,TUM::TUM_S004,0.7701547357156788,-0.9125097968703969
residual_fitted,TUM::TUM_S004::2024-06-15,TUM,TUM::TUM_S004,0.7708048223873027,-0.8446165981200822
residual_fitted,TUM::TUM_S004::2024-06-16,TUM,TUM::TUM_S004,0.7713458209275172,-0.5947539625545688
residual_fitted,TUM::TUM_S005::2024-06-18,TUM,TUM::TUM_S005,0.3623759732342733,0.9126922054626605
residual_fitted,TUM::TUM_S005::2024-06-19,TUM,TUM::TUM_S005,0.3625862558668248,-0.788460380574303
residual_fitted,TUM::TUM_S005::2024-06-20,TUM,TUM::TUM_S005,0.36268563090412476,-1.5614434628007066
residual_fitted,TUM::TUM_S005::2024-06-21,TUM,TUM::TUM_S005,0.36267400894058544,-0.9787833042710208
residual_fitted,TUM::TUM_S005::2024-06-22,TUM,TUM::TUM_S005,0.36255144871933687,-0.09505560381652556
residual_fitted,TUM::TUM_S005::2024-06-23,TUM,TUM::TUM_S005,0.36231815683913826,-0.4152235513794122
residual_fitted,TUM::TUM_S006::2024-06-25,TUM,TUM::TUM_S006,1.0196235805663845,0.1903560119493149
residual_fitted,TUM::TUM_S006::2024-06-26,TUM,TUM::TUM_S006,1.019060792415047,-0.3895747496918747
residual_fitted,TUM::TUM_S006::2024-06-27,TUM,TUM::TUM_S006,1.018389546725519,0.7072339977139085
residual_fitted,TUM::TUM_S006::2024-06-28,TUM,TUM::TUM_S006,1.017610760238037,0.6154922425797013
residual_fitted,TUM::TUM_S006::2024-06-29,TUM,TUM::TUM_S006,1.0167254812302111,0.29206019193043226
residual_fitted,TUM::TUM_S006::2024-06-30,TUM,TUM::TUM_S006,1.015734884659477,-0.912911934715179
residual_fitted,TUM::TUM_S007::2024-07-02,TUM,TUM::TUM_S007,0.6207074547613434,-0.03533919282016071
residual_fitted,TUM::TUM_S007::2024-07-03,TUM,TUM::TUM_S007,0.6194091382466891,-0.5185185892126022
residual_fitted,TUM::TUM_S007::2024-07-04,TUM,TUM::TUM_S007,0.6180113562417787,0.014194214448174945
residual_fitted,TUM::TUM_S007::2024-07-05,TUM,TUM::TUM_S007,0.6165158278613772,-0.622969427740146
residual_fitted,TUM::TUM_S007::2024-07-06,TUM,TUM::TUM_S007,0.6149243608198389,-0.058091296066602446
residual_fitted,TUM::TUM_S007::2024-07-07,TUM,TUM::TUM_S007,0.6132388441728018,-0.32290069899568313
residual_fitted,TUM::TUM_S008::2024-07-09,TUM,TUM::TUM_S008,1.2068539976235362,0.7079998096407665
residual_fitted,TUM::TUM_S008::2024-07-10,TUM,TUM::TUM_S008,1.2048983689675383,-0.1729233205394636
residual_fitted,TUM::TUM_S008::2024-07-11,TUM,TUM::TUM_S008,1.2028569122702992,-1.089669958866241
residual_fitted,TUM::TUM_S008::2024-07-12,TUM,TUM::TUM_S008,1.2007318122685415,-0.10293415876176994
residual_fitted,TUM::TUM_S008::2024-07-13,TUM,TUM::TUM_S008,1.1985252909775361,0.6951068581062074
residual_fitted,TUM::TUM_S008::2024-07-14,TUM,TUM::TUM_S008,1.1962396006655467,1.53071775167294
residual_fitted,TUM::TUM_S009::2024-07-16,TUM,TUM::TUM_S009,1.2998444409938479,0.7102951794153544
residual_fitted,TUM::TUM_S009::2024-07-17,TUM,TUM::TUM_S009,1.297334959711047,-0.24881341772675916
residual_fitted,TUM::TUM_S009::2024-07-18,TUM,TUM::TUM_S009,1.2947554893564939,-0.4364683659463176
residual_fitted,TUM::TUM_S009::2024-07-19,TUM,TUM::TUM_S009,1.2921083370452005,1.0759368452137696
residual_fitted,TUM::TUM_S009::2024-07-20,TUM,TUM::TUM_S009,1.2893958035088366,0.2021255249026208
residual_fitted,TUM::TUM_S009::2024-07-21,TUM,TUM::TUM_S009,1.2866201781131874,0.8300446525442412
residual_fitted,TUM::TUM_S010::2024-07-23,TUM,TUM::TUM_S010,0.8906851798220297,-0.6823563377347672
residual_fitted,TUM::TUM_S010::2024-07-24,TUM,TUM::TUM_S010,0.8877338324477444,1.9354133626618788
residual_fitted,TUM::TUM_S010::2024-07-25,TUM,TUM::TUM_S010,0.8847283476258168,0.14800278965985678
residual_fitted,TUM::TUM_S010::2024-07-26,TUM,TUM::TUM_S010,0.8816708938652283,-0.02570754220060367
residual_fitted,TUM::TUM_S010::2024-07-27,TUM,TUM::TUM_S010,0.87856360509026,0.39832510333162763
residual_fitted,TUM::TUM_S010::2024-07-28,TUM,TUM::TUM_S010,0.8754085778561312,-1.6736449519849177
residual_fitted,UCR::UCR_S001::2025-06-17,UCR,UCR::UCR_S001,0.7349753731216727,-0.19676618092989226
residual_fitted,UCR::UCR_S001::2025-06-18,UCR,UCR::UCR_S001,0.7350209099353642,0.11664408543144678
residual_fitted,UCR::UCR_S001::2025-06-19,UCR,UCR::UCR_S001,0.7350505065813889,0.362069515426434
residual_fitted,UCR::UCR_S001::2025-06-22,UCR,UCR::UCR_S001,0.7350435211917283,-0.09782036552963096
residual_fitted,UCR::UCR_S002::2025-06-17,UCR,UCR::UCR_S002,0.5878242883756728,0.026025279093054337
residual_fitted,UCR::UCR_S002::2025-06-18,UCR,UCR::UCR_S002,0.5878698251893643,0.21893320698492932
residual_fitted,UCR::UCR_S002::2025-06-19,UCR,UCR::UCR_S002,0.587899421835389,-0.05296209306989219
residual_fitted,UCR::UCR_S002::2025-06-20,UCR,UCR::UCR_S002,0.5879130576680948,-0.6270057485027396
residual_fitted,UCR::UCR_S002::2025-06-21,UCR,UCR::UCR_S002,0.5879107264636146,0.05412643894896919
residual_fitted,UCR::UCR_S002::2025-06-22,UCR,UCR::UCR_S002,0.5878924364457284,-0.20169527318350758
residual_fitted,UCR::UCR_S003::2025-06-17,UCR,UCR::UCR_S003,0.775134100071795,-0.634144309288126
residual_fitted,UCR::UCR_S003::2025-06-18,UCR,UCR::UCR_S003,0.7751796368854864,-0.05404506973394312
residual_fitted,UCR::UCR_S003::2025-06-19,UCR,UCR::UCR_S003,0.7752092335315112,1.4591010166430542
residual_fitted,UCR::UCR_S003::2025-06-22,UCR,UCR::UCR_S003,0.7752022481418506,-0.377544490950855
residual_fitted,UCR::UCR_S004::2025-06-24,UCR,UCR::UCR_S004,0.7044057839706134,0.8274641940972614
residual_fitted,UCR::UCR_S004::2025-06-25,UCR,UCR::UCR_S004,0.7043398105903045,0.4874379754484155
residual_fitted,UCR::UCR_S004::2025-06-26,UCR,UCR::UCR_S004,0.7042580545613288,0.48609040585745117
residual_fitted,UCR::UCR_S004::2025-06-27,UCR,UCR::UCR_S004,0.7041605951345445,-0.7827665567202795
residual_fitted,UCR::UCR_S004::2025-06-28,UCR,UCR::UCR_S004,0.7040475252627987,-0.7122756936967357
residual_fitted,UCR::UCR_S004::2025-06-29,UCR,UCR::UCR_S004,0.70391895138111,-0.281016395266642
residual_fitted,UCR::UCR_S005::2025-06-24,UCR,UCR::UCR_S005,0.7491817623819712,-0.29791717611511315
residual_fitted,UCR::UCR_S005::2025-06-25,UCR,UCR::UCR_S005,0.7491157890016623,0.2780909599395344
residual_fitted,UCR::UCR_S005::2025-06-26,UCR,UCR::UCR_S005,0.7490340329726867,0.6438303306316634
residual_fitted,UCR::UCR_S005::2025-06-29,UCR,UCR::UCR_S005,0.7486949297924679,-0.36577270332022715
residual_fitted,UCR::UCR_S006::2025-06-24,UCR,UCR::UCR_S006,0.6462491093296452,-0.3974605987889193
residual_fitted,UCR::UCR_S006::2025-06-25,UCR,UCR::UCR_S006,0.6461831359493363,0.9412017122035391
residual_fitted,UCR::UCR_S006::2025-06-26,UCR,UCR::UCR_S006,0.6461013799203607,0.8767884983228479
residual_fitted,UCR::UCR_S006::2025-06-27,UCR,UCR::UCR_S006,0.6460039204935764,-0.035242150215633365
residual_fitted,UCR::UCR_S006::2025-06-28,UCR,UCR::UCR_S006,0.6458908506218305,-1.3408766552670512
residual_fitted,UCR::UCR_S006::2025-06-29,UCR,UCR::UCR_S006,0.6457622767401419,-0.32249215844923595
normal_qq,THUAS::THUAS_S010::2025-06-06,THUAS,THUAS::THUAS_S010,-3.162817965621285,-4.981912769402719
normal_qq,THUAS::THUAS_S007::2025-04-11,THUAS,THUAS::THUAS_S007,-2.8277595484479914,-4.727875268043438
normal_qq,IZTECH::IZTECH_S009::2025-03-19,IZTECH,IZTECH::IZTECH_S009,-2.6600674686174597,-4.4229455922566014
normal_qq,IZTECH::IZTECH_S009::2025-03-18,IZTECH,IZTECH::IZTECH_S009,-2.5446893306204585,-4.414017728181531
normal_qq,IZTECH::IZTECH_S001::2024-12-24,IZTECH,IZTECH::IZTECH_S001,-2.455662903635565,-3.8503557022804262
normal_qq,THUAS::THUAS_S015::2025-07-13,THUAS,THUAS::THUAS_S015,-2.3826720148424143,-3.8203038684161723
normal_qq,THUAS::THUAS_S001::2025-02-22,THUAS,THUAS::THUAS_S001,-2.320524891229758,-3.7876160235948957
normal_qq,BAUA::BAUA_S012::2025-07-21,BAUA,BAUA::BAUA_S012,-2.2662268092096522,-3.307695269204346
normal_qq,FUSPCEU::FUSPCEU_S005::2024-10-20,FUSPCEU,FUSPCEU::FUSPCEU_S005,-2.217887558835681,-3.0724664599477114
normal_qq,RISE::RISE_S010::2025-06-13,RISE,RISE::RISE_S010,-2.1742348816143,-2.8785821365769784
normal_qq,BAUA::BAUA_S014::2025-07-19,BAUA,BAUA::BAUA_S014,-2.134370064999364,-2.66621167376399
normal_qq,BAUA::BAUA_S006::2025-06-15,BAUA,BAUA::BAUA_S006,-2.0976338780909223,-2.6256827713954376
normal_qq,FUSPCEU::FUSPCEU_S010::2024-11-04,FUSPCEU,FUSPCEU::FUSPCEU_S010,-2.063527898316244,-2.611893370670041
normal_qq,BAUA::BAUA_S009::2025-06-27,BAUA,BAUA::BAUA_S009,-2.0316658041771367,-2.5036929917424056
normal_qq,BAUA::BAUA_S018::2025-09-14,BAUA,BAUA::BAUA_S018,-2.001741876975415,-2.2756807955771308
normal_qq,KNUST::KNUST_S011::2024-12-21,KNUST,KNUST::KNUST_S011,-1.9735098803433262,-2.222447792619448
normal_qq,FUSPCEU::FUSPCEU_S009::2024-11-04,FUSPCEU,FUSPCEU::FUSPCEU_S009,-1.9467684586330873,-2.2019044287890903
normal_qq,FUSPCEU::FUSPCEU_S017::2024-12-06,FUSPCEU,FUSPCEU::FUSPCEU_S017,-1.921350774293703,-2.200847879236925
normal_qq,FUSPCEU::FUSPCEU_S008::2024-10-25,FUSPCEU,FUSPCEU::FUSPCEU_S008,-1.8971169848961733,-2.1840344010289043
normal_qq,TUM::TUM_S002::2024-06-01,TUM,TUM::TUM_S002,-1.8739486721971814,-2.159447325780586
normal_qq,KNUST::KNUST_S002::2024-10-20,KNUST,KNUST::KNUST_S002,-1.8517446438480438,-2.096172310231197
normal_qq,KNUST::KNUST_S011::2024-12-22,KNUST,KNUST::KNUST_S011,-1.8304177198852067,-2.0704740792564493
normal_qq,BAUA::BAUA_S018::2025-09-13,BAUA,BAUA::BAUA_S018,-1.809892238480608,-1.9576257477319412
normal_qq,THUAS::THUAS_S002::2025-03-08,THUAS,THUAS::THUAS_S002,-1.790102095514169,-1.944711357942109
normal_qq,THUAS::THUAS_S015::2025-07-11,THUAS,THUAS::THUAS_S015,-1.7709891861138283,-1.926550542867499
normal_qq,RISE::RISE_S003::2025-03-23,RISE,RISE::RISE_S003,-1.7525021528744242,-1.9193452500164394
normal_qq,FUSPCEU::FUSPCEU_S020::2025-01-26,FUSPCEU,FUSPCEU::FUSPCEU_S020,-1.734595370869406,-1.8725156510323224
normal_qq,KNUST::KNUST_S009::2024-12-07,KNUST,KNUST::KNUST_S009,-1.7172281175057413,-1.8517843431496606
normal_qq,FUSPCEU::FUSPCEU_S024::2025-02-09,FUSPCEU,FUSPCEU::FUSPCEU_S024,-1.7003638881264744,-1.7208430333040954
normal_qq,KNUST::KNUST_S003::2024-10-24,KNUST,KNUST::KNUST_S003,-1.6839698276034443,-1.6971909223111084
normal_qq,KNUST::KNUST_S001::2024-10-13,KNUST,KNUST::KNUST_S001,-1.6680162550321085,-1.6964550261456546
normal_qq,TUM::TUM_S010::2024-07-28,TUM,TUM::TUM_S010,-1.6524762637527572,-1.6736449519849177
normal_qq,FUSPCEU::FUSPCEU_S005::2024-10-16,FUSPCEU,FUSPCEU::FUSPCEU_S005,-1.6373253827680638,-1.6632546264028079
normal_qq,KNUST::KNUST_S014::2025-01-26,KNUST,KNUST::KNUST_S014,-1.6225412885488788,-1.629264344593069
normal_qq,IZTECH::IZTECH_S015::2025-05-01,IZTECH,IZTECH::IZTECH_S015,-1.608103558460934,-1.613015495547228
normal_qq,BAUA::BAUA_S005::2025-06-15,BAUA,BAUA::BAUA_S005,-1.593993458778554,-1.6121851327628158
normal_qq,KNUST::KNUST_S001::2024-10-12,KNUST,KNUST::KNUST_S001,-1.580193761603367,-1.609909724427449
normal_qq,FUSPCEU::FUSPCEU_S012::2024-12-08,FUSPCEU,FUSPCEU::FUSPCEU_S012,-1.566688586068413,-1.5929226794642117
normal_qq,FUSPCEU::FUSPCEU_S019::2024-12-14,FUSPCEU,FUSPCEU::FUSPCEU_S019,-1.5534632600489853,-1.5772052548400413
normal_qq,TUM::TUM_S005::2024-06-20,TUM,TUM::TUM_S005,-1.5405041992716708,-1.5614434628007066
normal_qq,KNUST::KNUST_S002::2024-10-19,KNUST,KNUST::KNUST_S002,-1.5277988012505126,-1.5232805258951436
normal_qq,FUSPCEU::FUSPCEU_S013::2024-11-24,FUSPCEU,FUSPCEU::FUSPCEU_S013,-1.5153353519128503,-1.4738118594035723
normal_qq,FUSPCEU::FUSPCEU_S016::2024-12-01,FUSPCEU,FUSPCEU::FUSPCEU_S016,-1.5031029431292737,-1.4294568969838124
normal_qq,BAUA::BAUA_S004::2025-06-15,BAUA,BAUA::BAUA_S004,-1.4910913996492219,-1.3873261897331044
normal_qq,IZTECH::IZTECH_S015::2025-05-03,IZTECH,IZTECH::IZTECH_S015,-1.47929121417918,-1.3800851614051965
normal_qq,FUSPCEU::FUSPCEU_S022::2025-01-30,FUSPCEU,FUSPCEU::FUSPCEU_S022,-1.4676934895344413,-1.3781597356290372
normal_qq,IZTECH::IZTECH_S014::2025-05-02,IZTECH,IZTECH::IZTECH_S014,-1.4562898869560492,-1.3705470047961892
normal_qq,RISE::RISE_S012::2025-06-10,RISE,RISE::RISE_S012,-1.4450725798180741,-1.3671290402494127
normal_qq,FUSPCEU::FUSPCEU_S008::2024-10-26,FUSPCEU,FUSPCEU::FUSPCEU_S008,-1.4340342120619665,-1.346582503681607
normal_qq,UCR::UCR_S006::2025-06-28,UCR,UCR::UCR_S006,-1.4231678607882468,-1.3408766552670512
normal_qq,FUSPCEU::FUSPCEU_S004::2024-10-12,FUSPCEU,FUSPCEU::FUSPCEU_S004,-1.4124670025145258,-1.3090487158074393
normal_qq,BAUA::BAUA_S009::2025-06-26,BAUA,BAUA::BAUA_S009,-1.401925482675367,-1.2940760018686575
normal_qq,KNUST::KNUST_S005::2024-11-09,KNUST,KNUST::KNUST_S005,-1.3915374879959006,-1.2915455598255925
normal_qq,THUAS::THUAS_S003::2025-03-22,THUAS,THUAS::THUAS_S003,-1.3812975214190684,-1.2898704775509788
normal_qq,THUAS::THUAS_S002::2025-03-06,THUAS,THUAS::THUAS_S002,-1.371200379307341,-1.2650317402906877
normal_qq,BAUA::BAUA_S015::2025-07-24,BAUA,BAUA::BAUA_S015,-1.3612411306747834,-1.2640332000724364
normal_qq,FUSPCEU::FUSPCEU_S011::2024-11-17,FUSPCEU,FUSPCEU::FUSPCEU_S011,-1.3514150982354836,-1.2557230772704981
normal_qq,BAUA::BAUA_S003::2025-06-15,BAUA,BAUA::BAUA_S003,-1.341717841080254,-1.2449744856320142
normal_qq,IZTECH::IZTECH_S007::2025-03-02,IZTECH,IZTECH::IZTECH_S007,-1.3321451388159335,-1.2056295104255377
normal_qq,FUSPCEU::FUSPCEU_S012::2024-12-07,FUSPCEU,FUSPCEU::FUSPCEU_S012,-1.3226929770209988,-1.2048144010345831
normal_qq,KNUST::KNUST_S010::2024-12-15,KNUST,KNUST::KNUST_S010,-1.3133575338880215,-1.172827117175945
normal_qq,BAUA::BAUA_S006::2025-06-16,BAUA,BAUA::BAUA_S006,-1.3041351679381834,-1.1652271537313816
normal_qq,FUSPCEU::FUSPCEU_S019::2024-12-12,FUSPCEU,FUSPCEU::FUSPCEU_S019,-1.2950224067058145,-1.157420541342111
normal_qq,KNUST::KNUST_S007::2024-11-19,KNUST,KNUST::KNUST_S007,-1.2860159363021268,-1.1453388857554632
normal_qq,BAUA::BAUA_S002::2025-06-14,BAUA,BAUA::BAUA_S002,-1.2771125917770971,-1.1312067456629835
normal_qq,TUM::TUM_S008::2024-07-11,TUM,TUM::TUM_S008,-1.2683093482070624,-1.089669958866241
normal_qq,KNUST::KNUST_S008::2024-12-01,KNUST,KNUST::KNUST_S008,-1.2596033124431782,-1.074774416117149
normal_qq,KNUST::KNUST_S004::2024-11-01,KNUST,KNUST::KNUST_S004,-1.2509917154625454,-1.067014345644334
normal_qq,IZTECH::IZTECH_S012::2025-04-24,IZTECH,IZTECH::IZTECH_S012,-1.2424719052697515,-1.0448153881317641
normal_qq,THUAS::THUAS_S001::2025-03-02,THUAS,THUAS::THUAS_S001,-1.2340413403017683,-1.0435831423639375
normal_qq,FUSPCEU::FUSPCEU_S019::2024-12-15,FUSPCEU,FUSPCEU::FUSPCEU_S019,-1.2256975832938044,-1.0349582195502143
normal_qq,THUAS::THUAS_S015::2025-07-09,THUAS,THUAS::THUAS_S015,-1.2174382955678307,-1.0130301968700146
normal_qq,KNUST::KNUST_S005::2024-11-07,KNUST,KNUST::KNUST_S005,-1.209261231709155,-0.9945389706838438
normal_qq,FUSPCEU::FUSPCEU_S017::2024-12-03,FUSPCEU,FUSPCEU::FUSPCEU_S017,-1.201164234599712,-0.993074470621327
normal_qq,KNUST::KNUST_S005::2024-11-08,KNUST,KNUST::KNUST_S005,-1.1931452307796409,-0.9923682765845483
normal_qq,TUM::TUM_S005::2024-06-21,TUM,TUM::TUM_S005,-1.1852022261113442,-0.9787833042710208
normal_qq,RISE::RISE_S012::2025-06-15,RISE,RISE::RISE_S012,-1.1773333017225696,-0.9658669637535563
normal_qq,FUSPCEU::FUSPCEU_S018::2024-12-11,FUSPCEU,FUSPCEU::FUSPCEU_S018,-1.1695366102071427,-0.955678889742074
normal_qq,IZTECH::IZTECH_S013::2025-04-26,IZTECH,IZTECH::IZTECH_S013,-1.1618103720638915,-0.9530364529617704
normal_qq,IZTECH::IZTECH_S007::2025-02-28,IZTECH,IZTECH::IZTECH_S007,-1.1541528723559789,-0.9307088296557502
normal_qq,TUM::TUM_S006::2024-06-30,TUM,TUM::TUM_S006,-1.14656245757441,-0.912911934715179
normal_qq,TUM::TUM_S004::2024-06-14,TUM,TUM::TUM_S004,-1.1390375326908564,-0.9125097968703969
normal_qq,FUSPCEU::FUSPCEU_S018::2024-12-10,FUSPCEU,FUSPCEU::FUSPCEU_S018,-1.131576558386188,-0.9123867935399127
normal_qq,FUSPCEU::FUSPCEU_S018::2024-12-12,FUSPCEU,FUSPCEU::FUSPCEU_S018,-1.124178048442242,-0.905616840391225
normal_qq,BAUA::BAUA_S016::2025-07-27,BAUA,BAUA::BAUA_S016,-1.1168405672853658,-0.9045999312966686
normal_qq,FUSPCEU::FUSPCEU_S020::2025-01-25,FUSPCEU,FUSPCEU::FUSPCEU_S020,-1.1095627276712265,-0.9038457539007659
normal_qq,IZTECH::IZTECH_S014::2025-05-01,IZTECH,IZTECH::IZTECH_S014,-1.1023431885011925,-0.881453754104576
normal_qq,KNUST::KNUST_S008::2024-11-27,KNUST,KNUST::KNUST_S008,-1.095180652761388,-0.8761433207601625
normal_qq,RISE::RISE_S013::2025-06-27,RISE,RISE::RISE_S013,-1.0880738655761995,-0.8698069405659792
normal_qq,RISE::RISE_S001::2025-03-05,RISE,RISE::RISE_S001,-1.081021612368657,-0.8630457752082941
normal_qq,TUM::TUM_S004::2024-06-15,TUM,TUM::TUM_S004,-1.0740227171207006,-0.8446165981200822
normal_qq,FUSPCEU::FUSPCEU_S005::2024-10-17,FUSPCEU,FUSPCEU::FUSPCEU_S005,-1.0670760407268585,-0.8437472998891723
normal_qq,IZTECH::IZTECH_S012::2025-04-22,IZTECH,IZTECH::IZTECH_S012,-1.060180479435355,-0.8403196053665078
normal_qq,RISE::RISE_S003::2025-03-22,RISE,RISE::RISE_S003,-1.0533349633711186,-0.8308398754782907
normal_qq,THUAS::THUAS_S007::2025-04-10,THUAS,THUAS::THUAS_S007,-1.0465384551355454,-0.8277892504813011
normal_qq,FUSPCEU::FUSPCEU_S017::2024-12-08,FUSPCEU,FUSPCEU::FUSPCEU_S017,-1.0397899484782676,-0.8267517829612792
normal_qq,BAUA::BAUA_S003::2025-06-16,BAUA,BAUA::BAUA_S003,-1.0330884670365081,-0.8233759955043501
normal_qq,RISE::RISE_S013::2025-06-28,RISE,RISE::RISE_S013,-1.0264330631379108,-0.8213773209214619
normal_qq,RISE::RISE_S005::2025-04-06,RISE,RISE::RISE_S005,-1.0198228166630399,-0.8149822854579065
normal_qq,TUM::TUM_S003::2024-06-05,TUM,TUM::TUM_S003,-1.0132568339639916,-0.8078564032946939
normal_qq,FUSPCEU::FUSPCEU_S014::2024-11-24,FUSPCEU,FUSPCEU::FUSPCEU_S014,-1.0067342468358194,-0.8072494617730804
normal_qq,THUAS::THUAS_S018::2025-09-27,THUAS,THUAS::THUAS_S018,-1.0002542115376871,-0.8019493691667845
normal_qq,IZTECH::IZTECH_S006::2025-02-21,IZTECH,IZTECH::IZTECH_S006,-0.9938159078608827,-0.8007840843219328
normal_qq,FUSPCEU::FUSPCEU_S014::2024-11-23,FUSPCEU,FUSPCEU::FUSPCEU_S014,-0.9874185382410161,-0.7960392587419993
normal_qq,RISE::RISE_S016::2025-10-10,RISE,RISE::RISE_S016,-0.9810613269118881,-0.795882103607631
normal_qq,FUSPCEU::FUSPCEU_S017::2024-12-07,FUSPCEU,FUSPCEU::FUSPCEU_S017,-0.9747435190987092,-0.795616565292275
normal_qq,THUAS::THUAS_S002::2025-03-09,THUAS,THUAS::THUAS_S002,-0.9684643802484696,-0.7907893996270998
normal_qq,KNUST::KNUST_S010::2024-12-11,KNUST,KNUST::KNUST_S010,-0.9622231952954203,-0.7900295161489568
normal_qq,TUM::TUM_S005::2024-06-19,TUM,TUM::TUM_S005,-0.9560192679597549,-0.788460380574303
normal_qq,UCR::UCR_S004::2025-06-27,UCR,UCR::UCR_S004,-0.9498519200776906,-0.7827665567202795
normal_qq,BAUA::BAUA_S001::2025-06-15,BAUA,BAUA::BAUA_S001,-0.943720490961275,-0.770813323418023
normal_qq,THUAS::THUAS_S017::2025-09-12,THUAS,THUAS::THUAS_S017,-0.9376243367863386,-0.7574480802761344
normal_qq,BAUA::BAUA_S013::2025-07-19,BAUA,BAUA::BAUA_S013,-0.9315628300071144,-0.756087458773732
normal_qq,FUSPCEU::FUSPCEU_S024::2025-02-08,FUSPCEU,FUSPCEU::FUSPCEU_S024,-0.9255353587961344,-0.7483461760336017
normal_qq,IZTECH::IZTECH_S007::2025-03-01,IZTECH,IZTECH::IZTECH_S007,-0.9195413265080983,-0.7397848867601508
normal_qq,FUSPCEU::FUSPCEU_S011::2024-11-14,FUSPCEU,FUSPCEU::FUSPCEU_S011,-0.9135801511664866,-0.7357932031176289
normal_qq,FUSPCEU::FUSPCEU_S022::2025-02-02,FUSPCEU,FUSPCEU::FUSPCEU_S022,-0.9076512649717668,-0.7335491286297099
normal_qq,RISE::RISE_S006::2025-04-19,RISE,RISE::RISE_S006,-0.9017541138301,-0.7310043857311982
normal_qq,RISE::RISE_S010::2025-06-10,RISE,RISE::RISE_S010,-0.8958881569015325,-0.7154996435574604
normal_qq,UCR::UCR_S004::2025-06-28,UCR,UCR::UCR_S004,-0.8900528661667029,-0.7122756936967357
normal_qq,RISE::RISE_S007::2025-04-20,RISE,RISE::RISE_S007,-0.8842477260111596,-0.7069859872055705
normal_qq,FUSPCEU::FUSPCEU_S016::2024-11-30,FUSPCEU,FUSPCEU::FUSPCEU_S016,-0.8784722328264312,-0.6986285416128026
normal_qq,IZTECH::IZTECH_S016::2025-05-11,IZTECH,IZTECH::IZTECH_S016,-0.8727258946270401,-0.6874608306049245
normal_qq,KNUST::KNUST_S010::2024-12-14,KNUST,KNUST::KNUST_S010,-0.8670082306826993,-0.6840504396057817
normal_qq,TUM::TUM_S010::2024-07-23,TUM,TUM::TUM_S010,-0.861318771164969,-0.6823563377347672
normal_qq,FUSPCEU::FUSPCEU_S012::2024-12-06,FUSPCEU,FUSPCEU::FUSPCEU_S012,-0.8556570568076922,-0.6678637772871235
normal_qq,RISE::RISE_S008::2025-05-02,RISE,RISE::RISE_S008,-0.8500226385805695,-0.6624271192660548
normal_qq,FUSPCEU::FUSPCEU_S020::2025-01-24,FUSPCEU,FUSPCEU::FUSPCEU_S020,-0.8444150773752573,-0.6575824310904997
normal_qq,IZTECH::IZTECH_S013::2025-04-27,IZTECH,IZTECH::IZTECH_S013,-0.8388339437034211,-0.6505047297122638
normal_qq,IZTECH::IZTECH_S005::2025-01-25,IZTECH,IZTECH::IZTECH_S005,-0.8332788174061924,-0.648937349424855
normal_qq,FUSPCEU::FUSPCEU_S009::2024-11-10,FUSPCEU,FUSPCEU::FUSPCEU_S009,-0.8277492873745159,-0.6482802879954677
normal_qq,BAUA::BAUA_S025::2025-10-16,BAUA,BAUA::BAUA_S025,-0.822244951279898,-0.6434180311130182
normal_qq,IZTECH::IZTECH_S013::2025-04-24,IZTECH,IZTECH::IZTECH_S013,-0.816765415315091,-0.6417286963569033
normal_qq,KNUST::KNUST_S015::2025-02-01,KNUST,KNUST::KNUST_S015,-0.8113102939442741,-0.6398228828272823
normal_qq,UCR::UCR_S003::2025-06-17,UCR,UCR::UCR_S003,-0.8058792096623162,-0.634144309288126
normal_qq,KNUST::KNUST_S003::2024-10-26,KNUST,KNUST::KNUST_S003,-0.8004717927627195,-0.6275070889932701
normal_qq,UCR::UCR_S002::2025-06-20,UCR,UCR::UCR_S002,-0.795087681113875,-0.6270057485027396
normal_qq,FUSPCEU::FUSPCEU_S009::2024-11-09,FUSPCEU,FUSPCEU::FUSPCEU_S009,-0.7897265199432659,-0.6265559345492406
normal_qq,TUM::TUM_S007::2024-07-05,TUM,TUM::TUM_S007,-0.7843879616292853,-0.622969427740146
normal_qq,IZTECH::IZTECH_S005::2025-01-26,IZTECH,IZTECH::IZTECH_S005,-0.7790716655003439,-0.6206929380766742
normal_qq,BAUA::BAUA_S009::2025-06-28,BAUA,BAUA::BAUA_S009,-0.7737772976409585,-0.6069995451071397
normal_qq,TUM::TUM_S004::2024-06-16,TUM,TUM::TUM_S004,-0.7685045307045364,-0.5947539625545688
normal_qq,BAUA::BAUA_S003::2025-06-14,BAUA,BAUA::BAUA_S003,-0.7632530437325704,-0.5908018156651439
normal_qq,TUM::TUM_S001::2024-05-17,TUM,TUM::TUM_S001,-0.7580225219799877,-0.5838709628941339
normal_qq,RISE::RISE_S009::2025-06-01,RISE,RISE::RISE_S009,-0.7528126567463951,-0.578324238647893
normal_qq,BAUA::BAUA_S022::2025-09-29,BAUA,BAUA::BAUA_S022,-0.7476231452129851,-0.5756106846971234
normal_qq,KNUST::KNUST_S008::2024-11-29,KNUST,KNUST::KNUST_S008,-0.7424536902848744,-0.5730044949446376
normal_qq,THUAS::THUAS_S014::2025-07-10,THUAS,THUAS::THUAS_S014,-0.7373040004386543,-0.5724465834277082
normal_qq,RISE::RISE_S004::2025-03-25,RISE,RISE::RISE_S004,-0.7321737895749495,-0.5652990639129052
normal_qq,RISE::RISE_S006::2025-04-20,RISE,RISE::RISE_S006,-0.7270627768757854,-0.5634177682844171
normal_qq,FUSPCEU::FUSPCEU_S018::2024-12-14,FUSPCEU,FUSPCEU::FUSPCEU_S018,-0.721970686666573,-0.5587263119905581
normal_qq,THUAS::THUAS_S016::2025-07-13,THUAS,THUAS::THUAS_S016,-0.7168972482825392,-0.5576120668276545
normal_qq,BAUA::BAUA_S024::2025-10-16,BAUA,BAUA::BAUA_S024,-0.7118421959394189,-0.55583339397879
normal_qq,BAUA::BAUA_S024::2025-10-17,BAUA,BAUA::BAUA_S024,-0.7068052686082553,-0.5449017273369477
normal_qq,RISE::RISE_S005::2025-04-05,RISE,RISE::RISE_S005,-0.7017862098941446,-0.5356112100411686
normal_qq,KNUST::KNUST_S009::2024-12-06,KNUST,KNUST::KNUST_S009,-0.6967847679187796,-0.5311797259836518
normal_qq,IZTECH::IZTECH_S008::2025-03-04,IZTECH,IZTECH::IZTECH_S008,-0.6918006952066451,-0.5266062745363397
normal_qq,TUM::TUM_S007::2024-07-03,TUM,TUM::TUM_S007,-0.6868337485747306,-0.5185185892126022
normal_qq,FUSPCEU::FUSPCEU_S015::2024-12-01,FUSPCEU,FUSPCEU::FUSPCEU_S015,-0.6818836890256291,-0.517559270678427
normal_qq,IZTECH::IZTECH_S015::2025-05-02,IZTECH,IZTECH::IZTECH_S015,-0.676950281643896,-0.5131919197304412
normal_qq,RISE::RISE_S013::2025-06-25,RISE,RISE::RISE_S013,-0.6720332954955456,-0.4986462130996441
normal_qq,FUSPCEU::FUSPCEU_S006::2024-10-15,FUSPCEU,FUSPCEU::FUSPCEU_S006,-0.6671325035305776,-0.49621775019250464
normal_qq,IZTECH::IZTECH_S003::2025-01-11,IZTECH,IZTECH::IZTECH_S003,-0.6622476824884139,-0.4916136817732385
normal_qq,RISE::RISE_S004::2025-03-27,RISE,RISE::RISE_S004,-0.657378612806149,-0.4800646696461316
normal_qq,KNUST::KNUST_S002::2024-10-17,KNUST,KNUST::KNUST_S002,-0.6525250785295065,-0.477405205500739
normal_qq,FUSPCEU::FUSPCEU_S023::2025-02-02,FUSPCEU,FUSPCEU::FUSPCEU_S023,-0.64768686722641,-0.4757515727027932
normal_qq,FUSPCEU::FUSPCEU_S022::2025-02-01,FUSPCEU,FUSPCEU::FUSPCEU_S022,-0.642863769903073,-0.473854291579582
normal_qq,IZTECH::IZTECH_S008::2025-03-07,IZTECH,IZTECH::IZTECH_S008,-0.6380555809225169,-0.4722605732756833
normal_qq,RISE::RISE_S001::2025-03-08,RISE,RISE::RISE_S001,-0.633262097925439,-0.4663402566147284
normal_qq,BAUA::BAUA_S016::2025-07-26,BAUA,BAUA::BAUA_S016,-0.6284831217533394,-0.4569211669482373
normal_qq,KNUST::KNUST_S009::2024-12-03,KNUST,KNUST::KNUST_S009,-0.623718456373835,-0.45054311306820394
normal_qq,RISE::RISE_S016::2025-10-11,RISE,RISE::RISE_S016,-0.6189679088080838,-0.4504994067673083
normal_qq,BAUA::BAUA_S016::2025-07-23,BAUA,BAUA::BAUA_S016,-0.6142312890602454,-0.4466440830276527
normal_qq,TUM::TUM_S009::2024-07-18,TUM,TUM::TUM_S009,-0.6095084100489082,-0.4364683659463176
normal_qq,BAUA::BAUA_S025::2025-10-19,BAUA,BAUA::BAUA_S025,-0.6047990875404216,-0.43594108363903833
normal_qq,RISE::RISE_S008::2025-05-03,RISE,RISE::RISE_S008,-0.6001031400840604,-0.43099910777231004
normal_qq,THUAS::THUAS_S002::2025-03-07,THUAS,THUAS::THUAS_S002,-0.5954203889489692,-0.4283836579558652
normal_qq,KNUST::KNUST_S012::2025-01-11,KNUST,KNUST::KNUST_S012,-0.5907506580628188,-0.42058294070123226
normal_qq,THUAS::THUAS_S014::2025-07-13,THUAS,THUAS::THUAS_S014,-0.5860937739521264,-0.4190590295590897
normal_qq,TUM::TUM_S005::2024-06-23,TUM,TUM::TUM_S005,-0.5814495656841765,-0.4152235513794122
normal_qq,IZTECH::IZTECH_S002::2025-01-10,IZTECH,IZTECH::IZTECH_S002,-0.5768178648104959,-0.4091532295976972
normal_qq,BAUA::BAUA_S025::2025-10-18,BAUA,BAUA::BAUA_S025,-0.5721985053118294,-0.40480060766618764
normal_qq,UCR::UCR_S006::2025-06-24,UCR,UCR::UCR_S006,-0.5675913235445692,-0.3974605987889193
normal_qq,TUM::TUM_S006::2024-06-26,TUM,TUM::TUM_S006,-0.5629961581885875,-0.3895747496918747
normal_qq,IZTECH::IZTECH_S008::2025-03-06,IZTECH,IZTECH::IZTECH_S008,-0.5584128501964329,-0.3889742179102106
normal_qq,UCR::UCR_S003::2025-06-22,UCR,UCR::UCR_S003,-0.5538412427438401,-0.377544490950855
normal_qq,KNUST::KNUST_S014::2025-01-24,KNUST,KNUST::KNUST_S014,-0.5492811811815195,-0.3739354034224638
normal_qq,UCR::UCR_S005::2025-06-29,UCR,UCR::UCR_S005,-0.5447325129881758,-0.36577270332022715
normal_qq,BAUA::BAUA_S001::2025-06-14,BAUA,BAUA::BAUA_S001,-0.540195087724729,-0.3622455065077144
normal_qq,THUAS::THUAS_S014::2025-07-12,THUAS,THUAS::THUAS_S014,-0.5356687569896886,-0.3525260935904159
normal_qq,FUSPCEU::FUSPCEU_S023::2025-01-28,FUSPCEU,FUSPCEU::FUSPCEU_S023,-0.5311533743756525,-0.35065335304812223
normal_qq,THUAS::THUAS_S017::2025-09-09,THUAS,THUAS::THUAS_S017,-0.526648795426894,-0.34830586286641435
normal_qq,FUSPCEU::FUSPCEU_S003::2024-10-12,FUSPCEU,FUSPCEU::FUSPCEU_S003,-0.5221548775980014,-0.34379942441816214
normal_qq,TUM::TUM_S001::2024-05-18,TUM,TUM::TUM_S001,-0.517671480213541,-0.3386172994944959
normal_qq,IZTECH::IZTECH_S004::2025-01-25,IZTECH,IZTECH::IZTECH_S004,-0.5131984644287081,-0.3349000388840308
normal_qq,FUSPCEU::FUSPCEU_S003::2024-10-08,FUSPCEU,FUSPCEU::FUSPCEU_S003,-0.5087356931909408,-0.3325213905182972
normal_qq,RISE::RISE_S013::2025-06-29,RISE,RISE::RISE_S013,-0.504283031202464,-0.3297369765034596
normal_qq,THUAS::THUAS_S017::2025-09-10,THUAS,THUAS::THUAS_S017,-0.4998403448837351,-0.32863658655734646
normal_qq,FUSPCEU::FUSPCEU_S008::2024-10-27,FUSPCEU,FUSPCEU::FUSPCEU_S008,-0.49540750233776887,-0.3260544122890616
normal_qq,TUM::TUM_S007::2024-07-07,TUM,TUM::TUM_S007,-0.4909843733153097,-0.32290069899568313
normal_qq,RISE::RISE_S004::2025-03-28,RISE,RISE::RISE_S004,-0.48657082918082867,-0.32274940516232603
normal_qq,UCR::UCR_S006::2025-06-29,UCR,UCR::UCR_S006,-0.48216674287932226,-0.32249215844923595
normal_qq,IZTECH::IZTECH_S010::2025-04-15,IZTECH,IZTECH::IZTECH_S010,-0.477771988903886,-0.32196007266226195
normal_qq,RISE::RISE_S007::2025-04-19,RISE,RISE::RISE_S007,-0.4733864432640436,-0.3170148496836744
normal_qq,BAUA::BAUA_S013::2025-07-21,BAUA,BAUA::BAUA_S013,-0.4690099834548061,-0.3157083785511625
normal_qq,IZTECH::IZTECH_S002::2025-01-12,IZTECH,IZTECH::IZTECH_S002,-0.4646424884264427,-0.31290081772677636
normal_qq,FUSPCEU::FUSPCEU_S015::2024-11-26,FUSPCEU,FUSPCEU::FUSPCEU_S015,-0.4602838385549412,-0.30945482624657894
normal_qq,IZTECH::IZTECH_S017::2025-05-31,IZTECH,IZTECH::IZTECH_S017,-0.45593391561313873,-0.3005814802464527
normal_qq,UCR::UCR_S005::2025-06-24,UCR,UCR::UCR_S005,-0.451592602742502,-0.29791717611511315
normal_qq,KNUST::KNUST_S006::2024-11-14,KNUST,KNUST::KNUST_S006,-0.44725978442554176,-0.29672070790694316
normal_qq,FUSPCEU::FUSPCEU_S023::2025-02-01,FUSPCEU,FUSPCEU::FUSPCEU_S023,-0.4429353464588392,-0.295551683284138
normal_qq,TUM::TUM_S004::2024-06-11,TUM,TUM::TUM_S004,-0.43861917592667027,-0.281618906176077
normal_qq,UCR::UCR_S004::2025-06-29,UCR,UCR::UCR_S004,-0.43431116117520957,-0.281016395266642
normal_qq,RISE::RISE_S004::2025-03-30,RISE,RISE::RISE_S004,-0.4300111917872973,-0.27938260830861034
normal_qq,THUAS::THUAS_S006::2025-04-03,THUAS,THUAS::THUAS_S006,-0.42571915855775466,-0.2750103353661896
normal_qq,THUAS::THUAS_S011::2025-05-18,THUAS,THUAS::THUAS_S011,-0.42143495346922955,-0.26821986131373404
normal_qq,FUSPCEU::FUSPCEU_S007::2024-10-27,FUSPCEU,FUSPCEU::FUSPCEU_S007,-0.4171584696685628,-0.26737636110461666
normal_qq,BAUA::BAUA_S015::2025-07-28,BAUA,BAUA::BAUA_S015,-0.4128896014436541,-0.25712356353829624
normal_qq,RISE::RISE_S009::2025-05-28,RISE,RISE::RISE_S009,-0.4086282442008202,-0.2511034373495346
normal_qq,TUM::TUM_S009::2024-07-17,TUM,TUM::TUM_S009,-0.40437429444262624,-0.24881341772675916
normal_qq,BAUA::BAUA_S025::2025-10-14,BAUA,BAUA::BAUA_S025,-0.4001276497461803,-0.24818736203460928
normal_qq,BAUA::BAUA_S022::2025-09-27,BAUA,BAUA::BAUA_S022,-0.39588820874187963,-0.24180117114858812
normal_qq,TUM::TUM_S003::2024-06-06,TUM,TUM::TUM_S003,-0.39165587109259137,-0.24127629190978409
normal_qq,FUSPCEU::FUSPCEU_S018::2024-12-13,FUSPCEU,FUSPCEU::FUSPCEU_S018,-0.38743053747326184,-0.2401025588191749
normal_qq,TUM::TUM_S002::2024-05-31,TUM,TUM::TUM_S002,-0.3832121095509376,-0.239820353913376
normal_qq,KNUST::KNUST_S006::2024-11-13,KNUST,KNUST::KNUST_S006,-0.3790004899651904,-0.23958985871390093
normal_qq,BAUA::BAUA_S024::2025-10-15,BAUA,BAUA::BAUA_S024,-0.37479558230893595,-0.2387240445298606
normal_qq,IZTECH::IZTECH_S016::2025-05-09,IZTECH,IZTECH::IZTECH_S016,-0.37059729110962913,-0.2295590631912691
normal_qq,BAUA::BAUA_S013::2025-07-20,BAUA,BAUA::BAUA_S013,-0.36640552181083663,-0.2224165229306998
normal_qq,RISE::RISE_S012::2025-06-16,RISE,RISE::RISE_S012,-0.3622201807541659,-0.21957033401409323
normal_qq,KNUST::KNUST_S009::2024-12-08,KNUST,KNUST::KNUST_S009,-0.35804117516154804,-0.21652535137665674
normal_qq,IZTECH::IZTECH_S017::2025-05-29,IZTECH,IZTECH::IZTECH_S017,-0.35386841311786266,-0.2162310582200881
normal_qq,IZTECH::IZTECH_S017::2025-06-01,IZTECH,IZTECH::IZTECH_S017,-0.34970180355389513,-0.21129291375095272
normal_qq,FUSPCEU::FUSPCEU_S016::2024-11-29,FUSPCEU,FUSPCEU::FUSPCEU_S016,-0.3455412562296193,-0.2101257474690472
normal_qq,THUAS::THUAS_S001::2025-02-28,THUAS,THUAS::THUAS_S001,-0.34138668171779446,-0.20471901303194032
normal_qq,UCR::UCR_S002::2025-06-22,UCR,UCR::UCR_S002,-0.33723799138786986,-0.20169527318350758
normal_qq,RISE::RISE_S016::2025-10-08,RISE,RISE::RISE_S016,-0.3330950973901907,-0.20055709951332532
normal_qq,BAUA::BAUA_S003::2025-06-11,BAUA,BAUA::BAUA_S003,-0.328957912640491,-0.19849846280183986
normal_qq,UCR::UCR_S001::2025-06-17,UCR,UCR::UCR_S001,-0.3248263508046755,-0.19676618092989226
normal_qq,IZTECH::IZTECH_S003::2025-01-08,IZTECH,IZTECH::IZTECH_S003,-0.32070032628387296,-0.19311781018303048
normal_qq,IZTECH::IZTECH_S003::2025-01-12,IZTECH,IZTECH::IZTECH_S003,-0.31657975419976087,-0.17622566246072538
normal_qq,FUSPCEU::FUSPCEU_S015::2024-11-30,FUSPCEU,FUSPCEU::FUSPCEU_S015,-0.3124645503801526,-0.17372621226983384
normal_qq,TUM::TUM_S008::2024-07-10,TUM,TUM::TUM_S008,-0.30835463134483726,-0.1729233205394636
normal_qq,FUSPCEU::FUSPCEU_S007::2024-10-26,FUSPCEU,FUSPCEU::FUSPCEU_S007,-0.30424991429167025,-0.16873997248296166
normal_qq,BAUA::BAUA_S012::2025-07-16,BAUA,BAUA::BAUA_S012,-0.3001503170829046,-0.15466597421249118
normal_qq,THUAS::THUAS_S006::2025-04-02,THUAS,THUAS::THUAS_S006,-0.2960557582317573,-0.15271195180007405
normal_qq,RISE::RISE_S010::2025-06-11,RISE,RISE::RISE_S010,-0.2919661568892068,-0.14724709433609942
normal_qq,BAUA::BAUA_S003::2025-06-12,BAUA,BAUA::BAUA_S003,-0.28788143283101186,-0.14560395982432597
normal_qq,BAUA::BAUA_S022::2025-09-25,BAUA,BAUA::BAUA_S022,-0.28380150644494945,-0.1454587522417429
normal_qq,KNUST::KNUST_S002::2024-10-15,KNUST,KNUST::KNUST_S002,-0.2797262987182642,-0.1437736103545123
normal_qq,THUAS::THUAS_S010::2025-06-07,THUAS,THUAS::THUAS_S010,-0.27565573122532355,-0.13793175523226664
normal_qq,FUSPCEU::FUSPCEU_S004::2024-10-08,FUSPCEU,FUSPCEU::FUSPCEU_S004,-0.271589726115475,-0.13474807808597675
normal_qq,KNUST::KNUST_S015::2025-01-31,KNUST,KNUST::KNUST_S015,-0.2675282061010972,-0.12200294621730881
normal_qq,THUAS::THUAS_S005::2025-03-29,THUAS,THUAS::THUAS_S005,-0.2634710944458446,-0.12170150063493693
normal_qq,IZTECH::IZTECH_S010::2025-04-18,IZTECH,IZTECH::IZTECH_S010,-0.25941831495307477,-0.1194457520836201
normal_qq,TUM::TUM_S008::2024-07-12,TUM,TUM::TUM_S008,-0.2553697919544574,-0.10293415876176994
normal_qq,THUAS::THUAS_S014::2025-07-08,THUAS,THUAS::THUAS_S014,-0.25132545029876024,-0.10190038822954774
normal_qq,BAUA::BAUA_S024::2025-10-14,BAUA,BAUA::BAUA_S024,-0.24728521534080486,-0.10100111174216357
normal_qq,BAUA::BAUA_S014::2025-07-16,BAUA,BAUA::BAUA_S014,-0.2432490129305903,-0.09888031849734229
normal_qq,IZTECH::IZTECH_S010::2025-04-16,IZTECH,IZTECH::IZTECH_S010,-0.23921676940257872,-0.09875739291998421
normal_qq,UCR::UCR_S001::2025-06-22,UCR,UCR::UCR_S001,-0.2351884115651386,-0.09782036552963096
normal_qq,IZTECH::IZTECH_S004::2025-01-26,IZTECH,IZTECH::IZTECH_S004,-0.23116386669014266,-0.09533442597614594
normal_qq,TUM::TUM_S005::2024-06-22,TUM,TUM::TUM_S005,-0.2271430625027153,-0.09505560381652556
normal_qq,BAUA::BAUA_S016::2025-07-28,BAUA,BAUA::BAUA_S016,-0.22312592717112525,-0.0922085947299248
normal_qq,KNUST::KNUST_S003::2024-10-27,KNUST,KNUST::KNUST_S003,-0.21911238929682095,-0.09061129022607928
normal_qq,RISE::RISE_S002::2025-03-22,RISE,RISE::RISE_S002,-0.21510237790460263,-0.08449605664877853
normal_qq,FUSPCEU::FUSPCEU_S024::2025-02-04,FUSPCEU,FUSPCEU::FUSPCEU_S024,-0.21109582243293026,-0.08231704302057566
normal_qq,TUM::TUM_S003::2024-06-07,TUM,TUM::TUM_S003,-0.20709265272436028,-0.07924872338738018
normal_qq,BAUA::BAUA_S013::2025-07-16,BAUA,BAUA::BAUA_S013,-0.20309279901611135,-0.0772213473001287
normal_qq,THUAS::THUAS_S011::2025-05-16,THUAS,THUAS::THUAS_S011,-0.19909619193075165,-0.07696645956603812
normal_qq,IZTECH::IZTECH_S011::2025-04-18,IZTECH,IZTECH::IZTECH_S011,-0.19510276246700706,-0.07418306578276436
normal_qq,FUSPCEU::FUSPCEU_S023::2025-01-30,FUSPCEU,FUSPCEU::FUSPCEU_S023,-0.19111244199068675,-0.07313544499620528
normal_qq,IZTECH::IZTECH_S002::2025-01-08,IZTECH,IZTECH::IZTECH_S002,-0.18712516222572084,-0.06566399566681154
normal_qq,RISE::RISE_S002::2025-03-19,RISE,RISE::RISE_S002,-0.18314085524530926,-0.0655698471060555
normal_qq,IZTECH::IZTECH_S016::2025-05-10,IZTECH,IZTECH::IZTECH_S016,-0.17915945346317763,-0.0616389073310826
normal_qq,TUM::TUM_S007::2024-07-06,TUM,TUM::TUM_S007,-0.17518088962493591,-0.058091296066602446
normal_qq,IZTECH::IZTECH_S005::2025-01-22,IZTECH,IZTECH::IZTECH_S005,-0.1712050967995403,-0.05693077718340546
normal_qq,RISE::RISE_S016::2025-10-09,RISE,RISE::RISE_S016,-0.16723200837085012,-0.056896212955125765
normal_qq,UCR::UCR_S003::2025-06-18,UCR,UCR::UCR_S003,-0.16326155802928288,-0.05404506973394312
normal_qq,IZTECH::IZTECH_S014::2025-05-03,IZTECH,IZTECH::IZTECH_S014,-0.15929367976355954,-0.05387866727301474
normal_qq,KNUST::KNUST_S015::2025-01-30,KNUST,KNUST::KNUST_S015,-0.15532830785253923,-0.05369990997438245
normal_qq,UCR::UCR_S002::2025-06-19,UCR,UCR::UCR_S002,-0.15136537685714221,-0.05296209306989219
normal_qq,IZTECH::IZTECH_S006::2025-02-18,IZTECH,IZTECH::IZTECH_S006,-0.1474048216123548,-0.049947010464688996
normal_qq,RISE::RISE_S007::2025-04-18,RISE,RISE::RISE_S007,-0.1434465772193175,-0.044526756571699834
normal_qq,FUSPCEU::FUSPCEU_S013::2024-11-23,FUSPCEU,FUSPCEU::FUSPCEU_S013,-0.1394905790374906,-0.04210419816718838
normal_qq,KNUST::KNUST_S001::2024-10-09,KNUST,KNUST::KNUST_S001,-0.13553676267689602,-0.04196462003836431
normal_qq,KNUST::KNUST_S014::2025-01-22,KNUST,KNUST::KNUST_S014,-0.13158506399043432,-0.04091292638556609
normal_qq,IZTECH::IZTECH_S001::2024-12-29,IZTECH,IZTECH::IZTECH_S001,-0.1276354190662703,-0.040426124061698016
normal_qq,TUM::TUM_S003::2024-06-09,TUM,TUM::TUM_S003,-0.12368776422029028,-0.03658687880564177
normal_qq,TUM::TUM_S007::2024-07-02,TUM,TUM::TUM_S007,-0.11974203598862374,-0.03533919282016071
normal_qq,UCR::UCR_S006::2025-06-27,UCR,UCR::UCR_S006,-0.11579817112022911,-0.035242150215633365
normal_qq,KNUST::KNUST_S006::2024-11-12,KNUST,KNUST::KNUST_S006,-0.11185610656954306,-0.03173890457224282
normal_qq,IZTECH::IZTECH_S004::2025-01-22,IZTECH,IZTECH::IZTECH_S004,-0.10791577948918656,-0.026835502528094014
normal_qq,TUM::TUM_S010::2024-07-26,TUM,TUM::TUM_S010,-0.10397712722273059,-0.02570754220060367
normal_qq,FUSPCEU::FUSPCEU_S006::2024-10-16,FUSPCEU,FUSPCEU::FUSPCEU_S006,-0.10004008729751543,-0.025330216497121
normal_qq,RISE::RISE_S001::2025-03-06,RISE,RISE::RISE_S001,-0.0961045974175224,-0.025159631927716638
normal_qq,IZTECH::IZTECH_S015::2025-04-30,IZTECH,IZTECH::IZTECH_S015,-0.0921705954562981,-0.020958383507764997
normal_qq,IZTECH::IZTECH_S012::2025-04-25,IZTECH,IZTECH::IZTECH_S012,-0.08823801944992443,-0.01922308306252832
normal_qq,BAUA::BAUA_S004::2025-06-13,BAUA,BAUA::BAUA_S004,-0.08430680759003781,0.005130168952344035
normal_qq,IZTECH::IZTECH_S011::2025-04-20,IZTECH,IZTECH::IZTECH_S011,-0.0803768982168905,0.01348274684950296
normal_qq,TUM::TUM_S007::2024-07-04,TUM,TUM::TUM_S007,-0.07644822981245492,0.014194214448174945
normal_qq,BAUA::BAUA_S016::2025-07-24,BAUA,BAUA::BAUA_S016,-0.07252074099356905,0.021185085471260856
normal_qq,KNUST::KNUST_S010::2024-12-10,KNUST,KNUST::KNUST_S010,-0.0685943705051181,0.02197815722121991
normal_qq,UCR::UCR_S002::2025-06-17,UCR,UCR::UCR_S002,-0.06466905721325464,0.026025279093054337
normal_qq,BAUA::BAUA_S025::2025-10-15,BAUA,BAUA::BAUA_S025,-0.0607447400986512,0.028886453081580863
normal_qq,THUAS::THUAS_S016::2025-07-11,THUAS,THUAS::THUAS_S016,-0.05682135824978555,0.02948832350341114
normal_qq,IZTECH::IZTECH_S016::2025-05-07,IZTECH,IZTECH::IZTECH_S016,-0.052898850856257465,0.04291722399107171
normal_qq,RISE::RISE_S007::2025-04-16,RISE,RISE::RISE_S007,-0.04897715720213193,0.04398536661861195
normal_qq,THUAS::THUAS_S006::2025-04-01,THUAS,THUAS::THUAS_S006,-0.04505621665931094,0.0449038909057932
normal_qq,IZTECH::IZTECH_S002::2025-01-07,IZTECH,IZTECH::IZTECH_S002,-0.04113596868092849,0.04585968999494592
normal_qq,THUAS::THUAS_S005::2025-03-30,THUAS,THUAS::THUAS_S005,-0.03721635279476839,0.04665240970940872
normal_qq,KNUST::KNUST_S012::2025-01-07,KNUST,KNUST::KNUST_S012,-0.033297308596704364,0.048021652890119886
normal_qq,THUAS::THUAS_S005::2025-03-27,THUAS,THUAS::THUAS_S005,-0.029378775744157044,0.04857363794503437
normal_qq,THUAS::THUAS_S001::2025-02-27,THUAS,THUAS::THUAS_S001,-0.0254606939495703,0.048738155791546375
normal_qq,FUSPCEU::FUSPCEU_S013::2024-11-21,FUSPCEU,FUSPCEU::FUSPCEU_S013,-0.02154300297390149,0.05108416652399032
normal_qq,FUSPCEU::FUSPCEU_S007::2024-10-22,FUSPCEU,FUSPCEU::FUSPCEU_S007,-0.0176256426201253,0.0521956626242177
normal_qq,KNUST::KNUST_S012::2025-01-12,KNUST,KNUST::KNUST_S012,-0.013708552726750622,0.05276460708967716
normal_qq,UCR::UCR_S002::2025-06-21,UCR,UCR::UCR_S002,-0.009791673161345346,0.05412643894896919
normal_qq,FUSPCEU::FUSPCEU_S007::2024-10-25,FUSPCEU,FUSPCEU::FUSPCEU_S007,-0.005874943814071228,0.05680072910289805
normal_qq,THUAS::THUAS_S016::2025-07-12,THUAS,THUAS::THUAS_S016,-0.0019583045912237185,0.05897114263489548
normal_qq,IZTECH::IZTECH_S011::2025-04-16,IZTECH,IZTECH::IZTECH_S011,0.0019583045912235793,0.059762038481051084
normal_qq,FUSPCEU::FUSPCEU_S006::2024-10-17,FUSPCEU,FUSPCEU::FUSPCEU_S006,0.005874943814071228,0.0615313793236791
normal_qq,IZTECH::IZTECH_S006::2025-02-22,IZTECH,IZTECH::IZTECH_S006,0.009791673161345346,0.06295362192749154
normal_qq,KNUST::KNUST_S003::2024-10-22,KNUST,KNUST::KNUST_S003,0.013708552726750622,0.06403572178258547
normal_qq,RISE::RISE_S008::2025-05-04,RISE,RISE::RISE_S008,0.017625642620125434,0.0672807197116272
normal_qq,TUM::TUM_S001::2024-05-15,TUM,TUM::TUM_S001,0.021543002973901354,0.07046301694026987
normal_qq,BAUA::BAUA_S004::2025-06-14,BAUA,BAUA::BAUA_S004,0.0254606939495703,0.07301860200324027
normal_qq,FUSPCEU::FUSPCEU_S003::2024-10-11,FUSPCEU,FUSPCEU::FUSPCEU_S003,0.029378775744157044,0.0734518893206147
normal_qq,BAUA::BAUA_S013::2025-07-17,BAUA,BAUA::BAUA_S013,0.033297308596704364,0.07627710542602359
normal_qq,THUAS::THUAS_S005::2025-03-26,THUAS,THUAS::THUAS_S005,0.03721635279476853,0.08105998208901523
normal_qq,KNUST::KNUST_S007::2024-11-20,KNUST,KNUST::KNUST_S007,0.04113596868092834,0.0852160833739709
normal_qq,RISE::RISE_S009::2025-05-27,RISE,RISE::RISE_S009,0.04505621665931094,0.08955926512362021
normal_qq,BAUA::BAUA_S005::2025-06-14,BAUA,BAUA::BAUA_S005,0.04897715720213193,0.09199525331305917
normal_qq,RISE::RISE_S009::2025-05-30,RISE,RISE::RISE_S009,0.052898850856257465,0.09323090654400783
normal_qq,BAUA::BAUA_S022::2025-09-28,BAUA,BAUA::BAUA_S022,0.056821358249785694,0.0945048425672653
normal_qq,FUSPCEU::FUSPCEU_S004::2024-10-09,FUSPCEU,FUSPCEU::FUSPCEU_S004,0.06074474009865105,0.09997191693532691
normal_qq,IZTECH::IZTECH_S014::2025-04-29,IZTECH,IZTECH::IZTECH_S014,0.06466905721325464,0.1036367972932465
normal_qq,RISE::RISE_S006::2025-04-16,RISE,RISE::RISE_S006,0.0685943705051181,0.10422420467231516
normal_qq,IZTECH::IZTECH_S008::2025-03-09,IZTECH,IZTECH::IZTECH_S008,0.07252074099356905,0.10744901599735192
normal_qq,RISE::RISE_S003::2025-03-20,RISE,RISE::RISE_S003,0.07644822981245505,0.11521833386571698
normal_qq,UCR::UCR_S001::2025-06-18,UCR,UCR::UCR_S001,0.08037689821689034,0.11664408543144678
normal_qq,RISE::RISE_S012::2025-06-12,RISE,RISE::RISE_S012,0.08430680759003781,0.11726009840893578
normal_qq,BAUA::BAUA_S024::2025-10-18,BAUA,BAUA::BAUA_S024,0.08823801944992443,0.12027283725449688
normal_qq,RISE::RISE_S009::2025-05-31,RISE,RISE::RISE_S009,0.0921705954562981,0.12163459942737054
normal_qq,THUAS::THUAS_S003::2025-03-20,THUAS,THUAS::THUAS_S003,0.09610459741752257,0.12489974417002632
normal_qq,BAUA::BAUA_S001::2025-06-12,BAUA,BAUA::BAUA_S001,0.10004008729751529,0.12736726989879116
normal_qq,RISE::RISE_S006::2025-04-18,RISE,RISE::RISE_S006,0.10397712722273059,0.13080752665508663
normal_qq,THUAS::THUAS_S016::2025-07-08,THUAS,THUAS::THUAS_S016,0.10791577948918656,0.13108760067219652
normal_qq,TUM::TUM_S001::2024-05-16,TUM,TUM::TUM_S001,0.11185610656954306,0.13364381196456254
normal_qq,FUSPCEU::FUSPCEU_S025::2025-02-05,FUSPCEU,FUSPCEU::FUSPCEU_S025,0.11579817112022925,0.13871554310538303
normal_qq,BAUA::BAUA_S002::2025-06-16,BAUA,BAUA::BAUA_S002,0.1197420359886236,0.1433527253837701
normal_qq,IZTECH::IZTECH_S003::2025-01-07,IZTECH,IZTECH::IZTECH_S003,0.12368776422029028,0.14518288268071364
normal_qq,TUM::TUM_S010::2024-07-25,TUM,TUM::TUM_S010,0.1276354190662703,0.14800278965985678
normal_qq,RISE::RISE_S005::2025-04-04,RISE,RISE::RISE_S005,0.13158506399043432,0.14808189407280467
normal_qq,BAUA::BAUA_S001::2025-06-13,BAUA,BAUA::BAUA_S001,0.13553676267689616,0.14934533918520612
normal_qq,TUM::TUM_S001::2024-05-14,TUM,TUM::TUM_S001,0.13949057903749046,0.14980484616355355
normal_qq,RISE::RISE_S002::2025-03-21,RISE,RISE::RISE_S002,0.1434465772193175,0.1515544184125573
normal_qq,RISE::RISE_S005::2025-04-02,RISE,RISE::RISE_S005,0.1474048216123548,0.1563846598954987
normal_qq,THUAS::THUAS_S011::2025-05-14,THUAS,THUAS::THUAS_S011,0.15136537685714221,0.15789099925114064
normal_qq,THUAS::THUAS_S014::2025-07-11,THUAS,THUAS::THUAS_S014,0.15532830785253937,0.16213181966807041
normal_qq,RISE::RISE_S002::2025-03-23,RISE,RISE::RISE_S002,0.1592936797635594,0.16584533726884418
normal_qq,FUSPCEU::FUSPCEU_S003::2024-10-13,FUSPCEU,FUSPCEU::FUSPCEU_S003,0.16326155802928288,0.1676785630622695
normal_qq,KNUST::KNUST_S013::2025-01-16,KNUST,KNUST::KNUST_S013,0.16723200837085012,0.16908845923732913
normal_qq,KNUST::KNUST_S011::2024-12-20,KNUST,KNUST::KNUST_S011,0.1712050967995403,0.1710389870516318
normal_qq,FUSPCEU::FUSPCEU_S015::2024-11-29,FUSPCEU,FUSPCEU::FUSPCEU_S015,0.17518088962493608,0.1777733638000261
normal_qq,IZTECH::IZTECH_S017::2025-05-28,IZTECH,IZTECH::IZTECH_S017,0.17915945346317746,0.1820806064288096
normal_qq,TUM::TUM_S006::2024-06-25,TUM,TUM::TUM_S006,0.18314085524530926,0.1903560119493149
normal_qq,IZTECH::IZTECH_S015::2025-04-29,IZTECH,IZTECH::IZTECH_S015,0.18712516222572084,0.19321622968922986
normal_qq,RISE::RISE_S008::2025-04-29,RISE,RISE::RISE_S008,0.19111244199068675,0.19499899084545583
normal_qq,TUM::TUM_S002::2024-05-30,TUM,TUM::TUM_S002,0.19510276246700714,0.19944385515480098
normal_qq,TUM::TUM_S009::2024-07-20,TUM,TUM::TUM_S009,0.19909619193075148,0.2021255249026208
normal_qq,BAUA::BAUA_S018::2025-09-09,BAUA,BAUA::BAUA_S018,0.20309279901611135,0.2078864406608702
normal_qq,RISE::RISE_S002::2025-03-18,RISE,RISE::RISE_S002,0.20709265272436028,0.2117366536623365
normal_qq,BAUA::BAUA_S004::2025-06-11,BAUA,BAUA::BAUA_S004,0.21109582243293026,0.21863412776690475
normal_qq,UCR::UCR_S002::2025-06-18,UCR,UCR::UCR_S002,0.21510237790460274,0.21893320698492932
normal_qq,THUAS::THUAS_S005::2025-03-25,THUAS,THUAS::THUAS_S005,0.21911238929682084,0.2199167215734514
normal_qq,KNUST::KNUST_S013::2025-01-14,KNUST,KNUST::KNUST_S013,0.22312592717112525,0.22698048000987203
normal_qq,IZTECH::IZTECH_S016::2025-05-06,IZTECH,IZTECH::IZTECH_S016,0.2271430625027153,0.23262866023037693
normal_qq,KNUST::KNUST_S007::2024-11-21,KNUST,KNUST::KNUST_S007,0.23116386669014266,0.24163597488608823
normal_qq,KNUST::KNUST_S003::2024-10-23,KNUST,KNUST::KNUST_S003,0.23518841156513873,0.2457682576853097
normal_qq,THUAS::THUAS_S018::2025-09-24,THUAS,THUAS::THUAS_S018,0.23921676940257858,0.25905988473982244
normal_qq,IZTECH::IZTECH_S017::2025-05-30,IZTECH,IZTECH::IZTECH_S017,0.2432490129305903,0.25930698673282565
normal_qq,RISE::RISE_S016::2025-10-12,RISE,RISE::RISE_S016,0.24728521534080486,0.2606872040030925
normal_qq,THUAS::THUAS_S001::2025-02-24,THUAS,THUAS::THUAS_S001,0.25132545029876024,0.2613820610461479
normal_qq,THUAS::THUAS_S003::2025-03-21,THUAS,THUAS::THUAS_S003,0.2553697919544575,0.26533913571580675
normal_qq,RISE::RISE_S001::2025-03-04,RISE,RISE::RISE_S001,0.2594183149530747,0.2680191570458309
normal_qq,THUAS::THUAS_S005::2025-03-28,THUAS,THUAS::THUAS_S005,0.2634710944458446,0.27205993589350896
normal_qq,UCR::UCR_S005::2025-06-25,UCR,UCR::UCR_S005,0.2675282061010972,0.2780909599395344
normal_qq,KNUST::KNUST_S006::2024-11-17,KNUST,KNUST::KNUST_S006,0.271589726115475,0.28130374257835883
normal_qq,KNUST::KNUST_S002::2024-10-16,KNUST,KNUST::KNUST_S002,0.27565573122532366,0.2839215506913941
normal_qq,KNUST::KNUST_S014::2025-01-25,KNUST,KNUST::KNUST_S014,0.27972629871826404,0.2865415730969917
normal_qq,THUAS::THUAS_S011::2025-05-13,THUAS,THUAS::THUAS_S011,0.28380150644494945,0.28934050304660996
normal_qq,TUM::TUM_S006::2024-06-29,TUM,TUM::TUM_S006,0.28788143283101186,0.29206019193043226
normal_qq,BAUA::BAUA_S002::2025-06-15,BAUA,BAUA::BAUA_S002,0.2919661568892068,0.31016677233897244
normal_qq,FUSPCEU::FUSPCEU_S011::2024-11-13,FUSPCEU,FUSPCEU::FUSPCEU_S011,0.2960557582317575,0.3163823035788149
normal_qq,FUSPCEU::FUSPCEU_S025::2025-02-04,FUSPCEU,FUSPCEU::FUSPCEU_S025,0.30015031708290446,0.3174933770451187
normal_qq,IZTECH::IZTECH_S003::2025-01-09,IZTECH,IZTECH::IZTECH_S003,0.30424991429167025,0.32074995709985593
normal_qq,BAUA::BAUA_S005::2025-06-13,BAUA,BAUA::BAUA_S005,0.30835463134483726,0.33302721354657566
normal_qq,IZTECH::IZTECH_S001::2024-12-25,IZTECH,IZTECH::IZTECH_S001,0.3124645503801526,0.3465312838151166
normal_qq,IZTECH::IZTECH_S002::2025-01-11,IZTECH,IZTECH::IZTECH_S002,0.31657975419976114,0.3480240676137087
normal_qq,THUAS::THUAS_S003::2025-03-18,THUAS,THUAS::THUAS_S003,0.3207003262838728,0.3539589784793219
normal_qq,UCR::UCR_S001::2025-06-19,UCR,UCR::UCR_S001,0.3248263508046755,0.362069515426434
normal_qq,FUSPCEU::FUSPCEU_S003::2024-10-10,FUSPCEU,FUSPCEU::FUSPCEU_S003,0.328957912640491,0.3632445229895328
normal_qq,THUAS::THUAS_S011::2025-05-15,THUAS,THUAS::THUAS_S011,0.3330950973901907,0.37718847243120474
normal_qq,TUM::TUM_S003::2024-06-04,TUM,TUM::TUM_S003,0.33723799138787003,0.3813085405037554
normal_qq,BAUA::BAUA_S002::2025-06-12,BAUA,BAUA::BAUA_S002,0.34138668171779435,0.3815717940106007
normal_qq,KNUST::KNUST_S012::2025-01-09,KNUST,KNUST::KNUST_S012,0.3455412562296193,0.38817190948457037
normal_qq,TUM::TUM_S010::2024-07-27,TUM,TUM::TUM_S010,0.34970180355389513,0.39832510333162763
normal_qq,IZTECH::IZTECH_S006::2025-02-19,IZTECH,IZTECH::IZTECH_S006,0.35386841311786266,0.39921129841279646
normal_qq,IZTECH::IZTECH_S006::2025-02-20,IZTECH,IZTECH::IZTECH_S006,0.3580411751615481,0.40028132425018526
normal_qq,IZTECH::IZTECH_S005::2025-01-23,IZTECH,IZTECH::IZTECH_S005,0.3622201807541658,0.402383811596588
normal_qq,THUAS::THUAS_S001::2025-02-25,THUAS,THUAS::THUAS_S001,0.36640552181083663,0.41280599873117596
normal_qq,BAUA::BAUA_S024::2025-10-19,BAUA,BAUA::BAUA_S024,0.37059729110962913,0.41362101804955737
normal_qq,BAUA::BAUA_S005::2025-06-12,BAUA,BAUA::BAUA_S005,0.37479558230893595,0.41584016132810275
normal_qq,FUSPCEU::FUSPCEU_S003::2024-10-09,FUSPCEU,FUSPCEU::FUSPCEU_S003,0.3790004899651906,0.41649802341000064
normal_qq,FUSPCEU::FUSPCEU_S007::2024-10-23,FUSPCEU,FUSPCEU::FUSPCEU_S007,0.38321210955093743,0.42424075998496086
normal_qq,FUSPCEU::FUSPCEU_S022::2025-01-28,FUSPCEU,FUSPCEU::FUSPCEU_S022,0.38743053747326184,0.4306920245756436
normal_qq,RISE::RISE_S008::2025-05-01,RISE,RISE::RISE_S008,0.39165587109259137,0.4359838546720666
normal_qq,IZTECH::IZTECH_S011::2025-04-17,IZTECH,IZTECH::IZTECH_S011,0.39588820874187963,0.44029981046961275
normal_qq,TUM::TUM_S003::2024-06-08,TUM,TUM::TUM_S003,0.4001276497461803,0.4413392269532367
normal_qq,IZTECH::IZTECH_S009::2025-03-20,IZTECH,IZTECH::IZTECH_S009,0.404374294442626,0.4484375706811483
normal_qq,IZTECH::IZTECH_S007::2025-02-27,IZTECH,IZTECH::IZTECH_S007,0.4086282442008202,0.44974883936935495
normal_qq,RISE::RISE_S006::2025-04-15,RISE,RISE::RISE_S006,0.4128896014436541,0.4530330268062997
normal_qq,BAUA::BAUA_S004::2025-06-16,BAUA,BAUA::BAUA_S004,0.4171584696685628,0.45582258655478086
normal_qq,IZTECH::IZTECH_S001::2024-12-28,IZTECH,IZTECH::IZTECH_S001,0.4214349534692297,0.4592633596966748
normal_qq,IZTECH::IZTECH_S016::2025-05-08,IZTECH,IZTECH::IZTECH_S016,0.42571915855775444,0.45938256904164104
normal_qq,RISE::RISE_S012::2025-06-11,RISE,RISE::RISE_S012,0.4300111917872973,0.4653848645683489
normal_qq,THUAS::THUAS_S010::2025-06-05,THUAS,THUAS::THUAS_S010,0.43431116117520957,0.4665020089611091
normal_qq,TUM::TUM_S002::2024-05-28,TUM,TUM::TUM_S002,0.43861917592667027,0.4667974225810305
normal_qq,BAUA::BAUA_S004::2025-06-12,BAUA,BAUA::BAUA_S004,0.44293534645883936,0.4683992916150313
normal_qq,THUAS::THUAS_S014::2025-07-09,THUAS,THUAS::THUAS_S014,0.4472597844255416,0.4706386346752544
normal_qq,BAUA::BAUA_S002::2025-06-13,BAUA,BAUA::BAUA_S002,0.451592602742502,0.47688828419748597
normal_qq,RISE::RISE_S012::2025-06-13,RISE,RISE::RISE_S012,0.45593391561313873,0.47869905740960467
normal_qq,UCR::UCR_S004::2025-06-26,UCR,UCR::UCR_S004,0.4602838385549412,0.48609040585745117
normal_qq,IZTECH::IZTECH_S004::2025-01-23,IZTECH,IZTECH::IZTECH_S004,0.46464248842644257,0.4863577438947403
normal_qq,UCR::UCR_S004::2025-06-25,UCR,UCR::UCR_S004,0.4690099834548059,0.4874379754484155
normal_qq,KNUST::KNUST_S007::2024-11-22,KNUST,KNUST::KNUST_S007,0.4733864432640436,0.4881799205874717
normal_qq,IZTECH::IZTECH_S004::2025-01-24,IZTECH,IZTECH::IZTECH_S004,0.477771988903886,0.4915270921915852
normal_qq,KNUST::KNUST_S006::2024-11-16,KNUST,KNUST::KNUST_S006,0.48216674287932226,0.5021256841300877
normal_qq,RISE::RISE_S013::2025-06-24,RISE,RISE::RISE_S013,0.48657082918082883,0.5079875393444676
normal_qq,IZTECH::IZTECH_S007::2025-02-25,IZTECH,IZTECH::IZTECH_S007,0.49098437331530953,0.5100386450007487
normal_qq,IZTECH::IZTECH_S005::2025-01-21,IZTECH,IZTECH::IZTECH_S005,0.49540750233776887,0.5109496585918094
normal_qq,RISE::RISE_S005::2025-04-01,RISE,RISE::RISE_S005,0.4998403448837351,0.5120004369292014
normal_qq,BAUA::BAUA_S005::2025-06-11,BAUA,BAUA::BAUA_S005,0.504283031202464,0.5123735534234389
normal_qq,BAUA::BAUA_S014::2025-07-21,BAUA,BAUA::BAUA_S014,0.508735693190941,0.5161869125969546
normal_qq,FUSPCEU::FUSPCEU_S009::2024-11-08,FUSPCEU,FUSPCEU::FUSPCEU_S009,0.513198464428708,0.5181464842296015
normal_qq,BAUA::BAUA_S012::2025-07-20,BAUA,BAUA::BAUA_S012,0.517671480213541,0.5209087842472644
normal_qq,RISE::RISE_S003::2025-03-18,RISE,RISE::RISE_S003,0.5221548775980014,0.5329338679377218
normal_qq,RISE::RISE_S013::2025-06-26,RISE,RISE::RISE_S013,0.526648795426894,0.5341657695001301
normal_qq,IZTECH::IZTECH_S017::2025-05-27,IZTECH,IZTECH::IZTECH_S017,0.5311533743756527,0.5371135398589115
normal_qq,THUAS::THUAS_S006::2025-04-06,THUAS,THUAS::THUAS_S006,0.5356687569896885,0.5387429461105481
normal_qq,THUAS::THUAS_S018::2025-09-25,THUAS,THUAS::THUAS_S018,0.540195087724729,0.5416894255425704
normal_qq,FUSPCEU::FUSPCEU_S023::2025-01-31,FUSPCEU,FUSPCEU::FUSPCEU_S023,0.5447325129881758,0.5527083954680243
normal_qq,KNUST::KNUST_S013::2025-01-17,KNUST,KNUST::KNUST_S013,0.5492811811815195,0.5555737978115186
normal_qq,THUAS::THUAS_S018::2025-09-26,THUAS,THUAS::THUAS_S018,0.5538412427438403,0.5564088116480594
normal_qq,IZTECH::IZTECH_S010::2025-04-20,IZTECH,IZTECH::IZTECH_S010,0.5584128501964327,0.5623669167447045
normal_qq,RISE::RISE_S007::2025-04-17,RISE,RISE::RISE_S007,0.5629961581885875,0.5627122502894176
normal_qq,BAUA::BAUA_S018::2025-09-11,BAUA,BAUA::BAUA_S018,0.5675913235445692,0.5686180118048982
normal_qq,IZTECH::IZTECH_S010::2025-04-19,IZTECH,IZTECH::IZTECH_S010,0.5721985053118294,0.5737918390244003
normal_qq,FUSPCEU::FUSPCEU_S024::2025-02-06,FUSPCEU,FUSPCEU::FUSPCEU_S024,0.5768178648104959,0.5743130985205813
normal_qq,THUAS::THUAS_S018::2025-09-23,THUAS,THUAS::THUAS_S018,0.5814495656841764,0.5773482505099137
normal_qq,IZTECH::IZTECH_S012::2025-04-26,IZTECH,IZTECH::IZTECH_S012,0.5860937739521264,0.5827482792912775
normal_qq,RISE::RISE_S003::2025-03-21,RISE,RISE::RISE_S003,0.5907506580628188,0.5896924589351843
normal_qq,THUAS::THUAS_S010::2025-06-08,THUAS,THUAS::THUAS_S010,0.5954203889489692,0.5898928255481215
normal_qq,FUSPCEU::FUSPCEU_S020::2025-01-21,FUSPCEU,FUSPCEU::FUSPCEU_S020,0.6001031400840606,0.5934979573205318
normal_qq,RISE::RISE_S003::2025-03-19,RISE,RISE::RISE_S003,0.6047990875404214,0.5941772195355014
normal_qq,FUSPCEU::FUSPCEU_S007::2024-10-24,FUSPCEU,FUSPCEU::FUSPCEU_S007,0.6095084100489082,0.599667777584044
normal_qq,BAUA::BAUA_S014::2025-07-18,BAUA,BAUA::BAUA_S014,0.6142312890602454,0.6045040539446238
normal_qq,RISE::RISE_S016::2025-10-07,RISE,RISE::RISE_S016,0.6189679088080838,0.6070871651272075
normal_qq,IZTECH::IZTECH_S014::2025-04-30,IZTECH,IZTECH::IZTECH_S014,0.6237184563738349,0.6105290756383799
normal_qq,FUSPCEU::FUSPCEU_S004::2024-10-11,FUSPCEU,FUSPCEU::FUSPCEU_S004,0.628483121753339,0.6125049494044381
normal_qq,BAUA::BAUA_S006::2025-06-11,BAUA,BAUA::BAUA_S006,0.633262097925439,0.6134914092803158
normal_qq,IZTECH::IZTECH_S001::2024-12-27,IZTECH,IZTECH::IZTECH_S001,0.6380555809225169,0.6141976683493731
normal_qq,TUM::TUM_S006::2024-06-28,TUM,TUM::TUM_S006,0.642863769903073,0.6154922425797013
normal_qq,THUAS::THUAS_S007::2025-04-12,THUAS,THUAS::THUAS_S007,0.6476868672264102,0.6200425240074023
normal_qq,THUAS::THUAS_S016::2025-07-09,THUAS,THUAS::THUAS_S016,0.6525250785295066,0.6285258336640868
normal_qq,FUSPCEU::FUSPCEU_S025::2025-02-06,FUSPCEU,FUSPCEU::FUSPCEU_S025,0.657378612806149,0.6294815394620265
normal_qq,BAUA::BAUA_S022::2025-09-24,BAUA,BAUA::BAUA_S022,0.6622476824884139,0.6310147495561799
normal_qq,KNUST::KNUST_S012::2025-01-10,KNUST,KNUST::KNUST_S012,0.6671325035305776,0.6404219505213795
normal_qq,UCR::UCR_S005::2025-06-26,UCR,UCR::UCR_S005,0.6720332954955458,0.6438303306316634
normal_qq,BAUA::BAUA_S015::2025-07-27,BAUA,BAUA::BAUA_S015,0.6769502816438958,0.6466074607305334
normal_qq,TUM::TUM_S004::2024-06-13,TUM,TUM::TUM_S004,0.6818836890256291,0.6476045543589719
normal_qq,KNUST::KNUST_S001::2024-10-08,KNUST,KNUST::KNUST_S001,0.6868337485747306,0.6496677112384283
normal_qq,BAUA::BAUA_S022::2025-09-26,BAUA,BAUA::BAUA_S022,0.6918006952066451,0.6513949500820531
normal_qq,IZTECH::IZTECH_S009::2025-03-26,IZTECH,IZTECH::IZTECH_S009,0.6967847679187797,0.6516738143023107
normal_qq,FUSPCEU::FUSPCEU_S008::2024-10-23,FUSPCEU,FUSPCEU::FUSPCEU_S008,0.7017862098941445,0.6605207320436665
normal_qq,BAUA::BAUA_S002::2025-06-11,BAUA,BAUA::BAUA_S002,0.7068052686082553,0.6636253807894062
normal_qq,IZTECH::IZTECH_S013::2025-04-23,IZTECH,IZTECH::IZTECH_S013,0.7118421959394189,0.6696430250812364
normal_qq,BAUA::BAUA_S012::2025-07-19,BAUA,BAUA::BAUA_S012,0.7168972482825392,0.6699759339396487
normal_qq,IZTECH::IZTECH_S011::2025-04-15,IZTECH,IZTECH::IZTECH_S011,0.7219706866665734,0.6700643296711993
normal_qq,IZTECH::IZTECH_S005::2025-01-24,IZTECH,IZTECH::IZTECH_S005,0.727062776875785,0.6743147385046234
normal_qq,THUAS::THUAS_S011::2025-05-17,THUAS,THUAS::THUAS_S011,0.7321737895749495,0.6747187400380562
normal_qq,IZTECH::IZTECH_S001::2024-12-30,IZTECH,IZTECH::IZTECH_S001,0.7373040004386543,0.67473796754143
normal_qq,FUSPCEU::FUSPCEU_S006::2024-10-19,FUSPCEU,FUSPCEU::FUSPCEU_S006,0.7424536902848744,0.679104931662258
normal_qq,FUSPCEU::FUSPCEU_S004::2024-10-13,FUSPCEU,FUSPCEU::FUSPCEU_S004,0.7476231452129851,0.6814538232344577
normal_qq,THUAS::THUAS_S017::2025-09-13,THUAS,THUAS::THUAS_S017,0.7528126567463949,0.6834603549245266
normal_qq,FUSPCEU::FUSPCEU_S019::2024-12-13,FUSPCEU,FUSPCEU::FUSPCEU_S019,0.7580225219799877,0.684558538022213
normal_qq,FUSPCEU::FUSPCEU_S013::2024-11-22,FUSPCEU,FUSPCEU::FUSPCEU_S013,0.7632530437325704,0.6912694425916142
normal_qq,RISE::RISE_S001::2025-03-07,RISE,RISE::RISE_S001,0.7685045307045364,0.6929277310313615
normal_qq,TUM::TUM_S008::2024-07-13,TUM,TUM::TUM_S008,0.7737772976409586,0.6951068581062074
normal_qq,RISE::RISE_S006::2025-04-17,RISE,RISE::RISE_S006,0.7790716655003437,0.7056911944157029
normal_qq,TUM::TUM_S006::2024-06-27,TUM,TUM::TUM_S006,0.7843879616292853,0.7072339977139085
normal_qq,TUM::TUM_S008::2024-07-09,TUM,TUM::TUM_S008,0.7897265199432659,0.7079998096407665
normal_qq,TUM::TUM_S009::2024-07-16,TUM,TUM::TUM_S009,0.795087681113875,0.7102951794153544
normal_qq,IZTECH::IZTECH_S001::2024-12-26,IZTECH,IZTECH::IZTECH_S001,0.8004717927627198,0.7147784059509897
normal_qq,BAUA::BAUA_S014::2025-07-20,BAUA,BAUA::BAUA_S014,0.805879209662316,0.7177018841691823
normal_qq,FUSPCEU::FUSPCEU_S020::2025-01-22,FUSPCEU,FUSPCEU::FUSPCEU_S020,0.8113102939442741,0.725012342893393
normal_qq,KNUST::KNUST_S006::2024-11-15,KNUST,KNUST::KNUST_S006,0.816765415315091,0.7267484654096481
normal_qq,FUSPCEU::FUSPCEU_S016::2024-11-26,FUSPCEU,FUSPCEU::FUSPCEU_S016,0.822244951279898,0.7313561758138674
normal_qq,FUSPCEU::FUSPCEU_S006::2024-10-18,FUSPCEU,FUSPCEU::FUSPCEU_S006,0.827749287374516,0.7328372482879427
normal_qq,TUM::TUM_S002::2024-05-29,TUM,TUM::TUM_S002,0.8332788174061921,0.7360390416804625
normal_qq,THUAS::THUAS_S003::2025-03-23,THUAS,THUAS::THUAS_S003,0.8388339437034211,0.7450049561400682
normal_qq,FUSPCEU::FUSPCEU_S015::2024-11-27,FUSPCEU,FUSPCEU::FUSPCEU_S015,0.8444150773752573,0.7469347308044262
normal_qq,IZTECH::IZTECH_S007::2025-02-26,IZTECH,IZTECH::IZTECH_S007,0.8500226385805695,0.7507196601380166
normal_qq,RISE::RISE_S002::2025-03-20,RISE,RISE::RISE_S002,0.8556570568076924,0.7515970754760961
normal_qq,RISE::RISE_S007::2025-04-15,RISE,RISE::RISE_S007,0.8613187711649688,0.7579722352504326
normal_qq,FUSPCEU::FUSPCEU_S022::2025-01-29,FUSPCEU,FUSPCEU::FUSPCEU_S022,0.8670082306826993,0.7599513784517473
normal_qq,FUSPCEU::FUSPCEU_S014::2024-11-20,FUSPCEU,FUSPCEU::FUSPCEU_S014,0.8727258946270401,0.7752218477183991
normal_qq,TUM::TUM_S002::2024-06-02,TUM,TUM::TUM_S002,0.8784722328264312,0.7767185133943327
normal_qq,BAUA::BAUA_S016::2025-07-25,BAUA,BAUA::BAUA_S016,0.88424772601116,0.7780825840344072
normal_qq,BAUA::BAUA_S001::2025-06-16,BAUA,BAUA::BAUA_S001,0.8900528661667025,0.7810198189806717
normal_qq,THUAS::THUAS_S006::2025-04-05,THUAS,THUAS::THUAS_S006,0.8958881569015325,0.7862516482972515
normal_qq,IZTECH::IZTECH_S015::2025-05-04,IZTECH,IZTECH::IZTECH_S015,0.9017541138301,0.787316005946224
normal_qq,KNUST::KNUST_S008::2024-11-28,KNUST,KNUST::KNUST_S008,0.9076512649717668,0.7933359892606459
normal_qq,BAUA::BAUA_S025::2025-10-17,BAUA,BAUA::BAUA_S025,0.9135801511664868,0.8064181841292101
normal_qq,IZTECH::IZTECH_S002::2025-01-09,IZTECH,IZTECH::IZTECH_S002,0.9195413265080978,0.8069862195936416
normal_qq,THUAS::THUAS_S017::2025-09-14,THUAS,THUAS::THUAS_S017,0.9255353587961344,0.8218635054697707
normal_qq,UCR::UCR_S004::2025-06-24,UCR,UCR::UCR_S004,0.9315628300071144,0.8274641940972614
normal_qq,RISE::RISE_S005::2025-04-03,RISE,RISE::RISE_S005,0.9376243367863386,0.8288371719316738
normal_qq,TUM::TUM_S009::2024-07-21,TUM,TUM::TUM_S009,0.9437204909612752,0.8300446525442412
normal_qq,THUAS::THUAS_S001::2025-02-23,THUAS,THUAS::THUAS_S001,0.9498519200776905,0.8348512906671335
normal_qq,BAUA::BAUA_S001::2025-06-11,BAUA,BAUA::BAUA_S001,0.9560192679597549,0.8386916140313142
normal_qq,KNUST::KNUST_S010::2024-12-12,KNUST,KNUST::KNUST_S010,0.9622231952954203,0.8502875943990273
normal_qq,FUSPCEU::FUSPCEU_S005::2024-10-19,FUSPCEU,FUSPCEU::FUSPCEU_S005,0.9684643802484696,0.8532749811322332
normal_qq,THUAS::THUAS_S007::2025-04-08,THUAS,THUAS::THUAS_S007,0.9747435190987094,0.8578362466012411
normal_qq,FUSPCEU::FUSPCEU_S015::2024-11-28,FUSPCEU,FUSPCEU::FUSPCEU_S015,0.9810613269118877,0.8641298638486302
normal_qq,THUAS::THUAS_S016::2025-07-10,THUAS,THUAS::THUAS_S016,0.9874185382410161,0.8710318472309899
normal_qq,RISE::RISE_S001::2025-03-09,RISE,RISE::RISE_S001,0.9938159078608827,0.8719331298742943
normal_qq,UCR::UCR_S006::2025-06-26,UCR,UCR::UCR_S006,1.0002542115376871,0.8767884983228479
normal_qq,IZTECH::IZTECH_S008::2025-03-05,IZTECH,IZTECH::IZTECH_S008,1.0067342468358196,0.8876418621437587
normal_qq,BAUA::BAUA_S015::2025-07-26,BAUA,BAUA::BAUA_S015,1.0132568339639916,0.8877211380514638
normal_qq,IZTECH::IZTECH_S014::2025-05-04,IZTECH,IZTECH::IZTECH_S014,1.0198228166630399,0.8881965378870048
normal_qq,KNUST::KNUST_S011::2024-12-19,KNUST,KNUST::KNUST_S011,1.0264330631379108,0.8982316697667859
normal_qq,THUAS::THUAS_S007::2025-04-13,THUAS,THUAS::THUAS_S007,1.0330884670365081,0.8987342245750228
normal_qq,RISE::RISE_S010::2025-06-14,RISE,RISE::RISE_S010,1.0397899484782678,0.9067320063070983
normal_qq,TUM::TUM_S005::2024-06-18,TUM,TUM::TUM_S005,1.0465384551355452,0.9126922054626605
normal_qq,FUSPCEU::FUSPCEU_S009::2024-11-06,FUSPCEU,FUSPCEU::FUSPCEU_S009,1.0533349633711186,0.9206298700980575
normal_qq,FUSPCEU::FUSPCEU_S014::2024-11-21,FUSPCEU,FUSPCEU::FUSPCEU_S014,1.060180479435355,0.9213852241466791
normal_qq,KNUST::KNUST_S004::2024-11-02,KNUST,KNUST::KNUST_S004,1.0670760407268585,0.9226078524362504
normal_qq,THUAS::THUAS_S017::2025-09-11,THUAS,THUAS::THUAS_S017,1.0740227171207009,0.9250069711308486
normal_qq,THUAS::THUAS_S010::2025-06-03,THUAS,THUAS::THUAS_S010,1.081021612368657,0.9280673790843732
normal_qq,FUSPCEU::FUSPCEU_S023::2025-01-29,FUSPCEU,FUSPCEU::FUSPCEU_S023,1.0880738655761995,0.9286066160622994
normal_qq,KNUST::KNUST_S014::2025-01-21,KNUST,KNUST::KNUST_S014,1.095180652761388,0.9290805808976428
normal_qq,KNUST::KNUST_S014::2025-01-23,KNUST,KNUST::KNUST_S014,1.1023431885011925,0.9348176055272855
normal_qq,IZTECH::IZTECH_S003::2025-01-10,IZTECH,IZTECH::IZTECH_S003,1.1095627276712265,0.9393525973769248
normal_qq,UCR::UCR_S006::2025-06-25,UCR,UCR::UCR_S006,1.1168405672853658,0.9412017122035391
normal_qq,BAUA::BAUA_S015::2025-07-23,BAUA,BAUA::BAUA_S015,1.124178048442242,0.9534047030460663
normal_qq,FUSPCEU::FUSPCEU_S017::2024-12-05,FUSPCEU,FUSPCEU::FUSPCEU_S017,1.131576558386188,0.9666878883985248
normal_qq,FUSPCEU::FUSPCEU_S018::2024-12-15,FUSPCEU,FUSPCEU::FUSPCEU_S018,1.1390375326908564,0.9733136864161752
normal_qq,RISE::RISE_S012::2025-06-14,RISE,RISE::RISE_S012,1.14656245757441,0.9756245781867988
normal_qq,FUSPCEU::FUSPCEU_S019::2024-12-10,FUSPCEU,FUSPCEU::FUSPCEU_S019,1.1541528723559784,0.9899422546708938
normal_qq,FUSPCEU::FUSPCEU_S010::2024-11-07,FUSPCEU,FUSPCEU::FUSPCEU_S010,1.1618103720638915,0.9964928293219423
normal_qq,IZTECH::IZTECH_S009::2025-03-24,IZTECH,IZTECH::IZTECH_S009,1.1695366102071427,1.0010376642729018
normal_qq,IZTECH::IZTECH_S006::2025-02-23,IZTECH,IZTECH::IZTECH_S006,1.1773333017225696,1.0136465826150343
normal_qq,FUSPCEU::FUSPCEU_S016::2024-11-27,FUSPCEU,FUSPCEU::FUSPCEU_S016,1.1852022261113444,1.028962325475546
normal_qq,FUSPCEU::FUSPCEU_S009::2024-11-05,FUSPCEU,FUSPCEU::FUSPCEU_S009,1.1931452307796409,1.0297629081863857
normal_qq,FUSPCEU::FUSPCEU_S014::2024-11-22,FUSPCEU,FUSPCEU::FUSPCEU_S014,1.201164234599712,1.0404992247595928
normal_qq,IZTECH::IZTECH_S011::2025-04-19,IZTECH,IZTECH::IZTECH_S011,1.209261231709155,1.0419978307497864
normal_qq,KNUST::KNUST_S010::2024-12-13,KNUST,KNUST::KNUST_S010,1.2174382955678307,1.0449794060733066
normal_qq,BAUA::BAUA_S014::2025-07-17,BAUA,BAUA::BAUA_S014,1.2256975832938048,1.0548841529169082
normal_qq,KNUST::KNUST_S015::2025-01-29,KNUST,KNUST::KNUST_S015,1.2340413403017678,1.0563909322426068
normal_qq,RISE::RISE_S004::2025-03-26,RISE,RISE::RISE_S004,1.2424719052697515,1.057518468182753
normal_qq,TUM::TUM_S009::2024-07-19,TUM,TUM::TUM_S009,1.2509917154625454,1.0759368452137696
normal_qq,THUAS::THUAS_S003::2025-03-19,THUAS,THUAS::THUAS_S003,1.2596033124431782,1.0791324580401584
normal_qq,FUSPCEU::FUSPCEU_S009::2024-11-07,FUSPCEU,FUSPCEU::FUSPCEU_S009,1.2683093482070629,1.0994039627309886
normal_qq,FUSPCEU::FUSPCEU_S013::2024-11-20,FUSPCEU,FUSPCEU::FUSPCEU_S013,1.2771125917770967,1.0998521508503112
normal_qq,FUSPCEU::FUSPCEU_S010::2024-11-05,FUSPCEU,FUSPCEU::FUSPCEU_S010,1.2860159363021268,1.1139809274937955
normal_qq,FUSPCEU::FUSPCEU_S012::2024-12-03,FUSPCEU,FUSPCEU::FUSPCEU_S012,1.2950224067058145,1.1172985393718429
normal_qq,FUSPCEU::FUSPCEU_S013::2024-11-19,FUSPCEU,FUSPCEU::FUSPCEU_S013,1.3041351679381834,1.118257079362027
normal_qq,IZTECH::IZTECH_S012::2025-04-23,IZTECH,IZTECH::IZTECH_S012,1.3133575338880215,1.1312797085964257
normal_qq,KNUST::KNUST_S012::2025-01-08,KNUST,KNUST::KNUST_S012,1.322692977020998,1.1326707501496671
normal_qq,RISE::RISE_S009::2025-05-29,RISE,RISE::RISE_S009,1.3321451388159335,1.133369937412329
normal_qq,FUSPCEU::FUSPCEU_S008::2024-10-22,FUSPCEU,FUSPCEU::FUSPCEU_S008,1.341717841080254,1.1343375433938494
normal_qq,KNUST::KNUST_S013::2025-01-15,KNUST,KNUST::KNUST_S013,1.3514150982354836,1.1431058648790167
normal_qq,BAUA::BAUA_S006::2025-06-12,BAUA,BAUA::BAUA_S006,1.3612411306747836,1.1589816015781849
normal_qq,FUSPCEU::FUSPCEU_S011::2024-11-12,FUSPCEU,FUSPCEU::FUSPCEU_S011,1.3712003793073406,1.1666310194442815
normal_qq,BAUA::BAUA_S013::2025-07-18,BAUA,BAUA::BAUA_S013,1.3812975214190684,1.1919123532361098
normal_qq,TUM::TUM_S004::2024-06-12,TUM,TUM::TUM_S004,1.3915374879959006,1.1944063519029495
normal_qq,BAUA::BAUA_S018::2025-09-12,BAUA,BAUA::BAUA_S018,1.401925482675367,1.194500225422305
normal_qq,FUSPCEU::FUSPCEU_S022::2025-01-31,FUSPCEU,FUSPCEU::FUSPCEU_S022,1.412467002514526,1.2016850390914617
normal_qq,FUSPCEU::FUSPCEU_S019::2024-12-11,FUSPCEU,FUSPCEU::FUSPCEU_S019,1.4231678607882463,1.2049265439510908
normal_qq,THUAS::THUAS_S002::2025-03-05,THUAS,THUAS::THUAS_S002,1.4340342120619665,1.212126026018945
normal_qq,RISE::RISE_S004::2025-03-29,RISE,RISE::RISE_S004,1.4450725798180741,1.2226824253375195
normal_qq,FUSPCEU::FUSPCEU_S005::2024-10-15,FUSPCEU,FUSPCEU::FUSPCEU_S005,1.4562898869560497,1.2494158008405674
normal_qq,KNUST::KNUST_S002::2024-10-18,KNUST,KNUST::KNUST_S002,1.4676934895344418,1.2630369697553088
normal_qq,BAUA::BAUA_S003::2025-06-13,BAUA,BAUA::BAUA_S003,1.4792912141791792,1.2641174786121157
normal_qq,IZTECH::IZTECH_S013::2025-04-22,IZTECH,IZTECH::IZTECH_S013,1.4910913996492219,1.2705447101675753
normal_qq,FUSPCEU::FUSPCEU_S010::2024-11-06,FUSPCEU,FUSPCEU::FUSPCEU_S010,1.5031029431292737,1.309234487160852
normal_qq,FUSPCEU::FUSPCEU_S012::2024-12-04,FUSPCEU,FUSPCEU::FUSPCEU_S012,1.5153353519128503,1.3094920938788472
normal_qq,IZTECH::IZTECH_S009::2025-03-21,IZTECH,IZTECH::IZTECH_S009,1.527798801250513,1.3360513944089105
normal_qq,KNUST::KNUST_S001::2024-10-11,KNUST,KNUST::KNUST_S001,1.5405041992716704,1.3500848369820935
normal_qq,KNUST::KNUST_S009::2024-12-05,KNUST,KNUST::KNUST_S009,1.5534632600489853,1.35995899593615
normal_qq,THUAS::THUAS_S015::2025-07-08,THUAS,THUAS::THUAS_S015,1.566688586068413,1.3792441708831888
normal_qq,BAUA::BAUA_S006::2025-06-13,BAUA,BAUA::BAUA_S006,1.5801937616033674,1.38066656991608
normal_qq,IZTECH::IZTECH_S013::2025-04-25,IZTECH,IZTECH::IZTECH_S013,1.5939934587785543,1.4255329164702029
normal_qq,IZTECH::IZTECH_S012::2025-04-27,IZTECH,IZTECH::IZTECH_S012,1.6081035584609336,1.4340977118942588
normal_qq,IZTECH::IZTECH_S009::2025-03-25,IZTECH,IZTECH::IZTECH_S009,1.6225412885488784,1.449562939099498
normal_qq,KNUST::KNUST_S004::2024-10-30,KNUST,KNUST::KNUST_S004,1.6373253827680638,1.458167875851811
normal_qq,FUSPCEU::FUSPCEU_S017::2024-12-04,FUSPCEU,FUSPCEU::FUSPCEU_S017,1.6524762637527577,1.4590496196270017
normal_qq,UCR::UCR_S003::2025-06-19,UCR,UCR::UCR_S003,1.668016255032109,1.4591010166430542
normal_qq,FUSPCEU::FUSPCEU_S020::2025-01-23,FUSPCEU,FUSPCEU::FUSPCEU_S020,1.6839698276034438,1.471422171663372
normal_qq,KNUST::KNUST_S003::2024-10-25,KNUST,KNUST::KNUST_S003,1.7003638881264744,1.4932839183346422
normal_qq,BAUA::BAUA_S018::2025-09-10,BAUA,BAUA::BAUA_S018,1.7172281175057413,1.4964852034805503
normal_qq,FUSPCEU::FUSPCEU_S024::2025-02-05,FUSPCEU,FUSPCEU::FUSPCEU_S024,1.7345953708694064,1.5135896647372495
normal_qq,BAUA::BAUA_S009::2025-06-30,BAUA,BAUA::BAUA_S009,1.7525021528744251,1.5198628464230313
normal_qq,TUM::TUM_S008::2024-07-14,TUM,TUM::TUM_S008,1.7709891861138272,1.53071775167294
normal_qq,KNUST::KNUST_S008::2024-11-30,KNUST,KNUST::KNUST_S008,1.7901020955141689,1.6016622039809572
normal_qq,KNUST::KNUST_S015::2025-01-28,KNUST,KNUST::KNUST_S015,1.809892238480608,1.6056382735553185
normal_qq,RISE::RISE_S008::2025-04-30,RISE,RISE::RISE_S008,1.8304177198852074,1.6105016033578898
normal_qq,BAUA::BAUA_S012::2025-07-18,BAUA,BAUA::BAUA_S012,1.8517446438480447,1.6156477130993325
normal_qq,THUAS::THUAS_S001::2025-02-26,THUAS,THUAS::THUAS_S001,1.8739486721971805,1.6229464449960722
normal_qq,RISE::RISE_S010::2025-06-12,RISE,RISE::RISE_S010,1.8971169848961726,1.6262326684103985
normal_qq,FUSPCEU::FUSPCEU_S011::2024-11-16,FUSPCEU,FUSPCEU::FUSPCEU_S011,1.921350774293703,1.6688655144992408
normal_qq,FUSPCEU::FUSPCEU_S012::2024-12-05,FUSPCEU,FUSPCEU::FUSPCEU_S012,1.9467684586330876,1.7098548364401434
normal_qq,KNUST::KNUST_S011::2024-12-17,KNUST,KNUST::KNUST_S011,1.9735098803433273,1.738977816393906
normal_qq,THUAS::THUAS_S007::2025-04-09,THUAS,THUAS::THUAS_S007,2.001741876975414,1.7537424721349335
normal_qq,THUAS::THUAS_S015::2025-07-10,THUAS,THUAS::THUAS_S015,2.0316658041771363,1.757946143220569
normal_qq,FUSPCEU::FUSPCEU_S008::2024-10-24,FUSPCEU,FUSPCEU::FUSPCEU_S008,2.063527898316244,1.774476180737623
normal_qq,BAUA::BAUA_S009::2025-06-25,BAUA,BAUA::BAUA_S009,2.097633878090923,1.7925455310449785
normal_qq,KNUST::KNUST_S011::2024-12-18,KNUST,KNUST::KNUST_S011,2.1343700649993655,1.9212139809949815
normal_qq,TUM::TUM_S010::2024-07-24,TUM,TUM::TUM_S010,2.1742348816142987,1.9354133626618788
normal_qq,IZTECH::IZTECH_S009::2025-03-22,IZTECH,IZTECH::IZTECH_S009,2.21788755883568,1.9570281690203921
normal_qq,TUM::TUM_S001::2024-05-19,TUM,TUM::TUM_S001,2.2662268092096522,2.088447826214981
normal_qq,FUSPCEU::FUSPCEU_S005::2024-10-18,FUSPCEU,FUSPCEU::FUSPCEU_S005,2.3205248912297582,2.1105639857616683
normal_qq,THUAS::THUAS_S002::2025-03-04,THUAS,THUAS::THUAS_S002,2.3826720148424165,2.12319237404072
normal_qq,KNUST::KNUST_S009::2024-12-04,KNUST,KNUST::KNUST_S009,2.4556629036355617,2.23041309394337
normal_qq,THUAS::THUAS_S015::2025-07-12,THUAS,THUAS::THUAS_S015,2.5446893306204577,2.317673707440184
normal_qq,BAUA::BAUA_S009::2025-06-29,BAUA,BAUA::BAUA_S009,2.6600674686174597,2.389734267999821
normal_qq,THUAS::THUAS_S010::2025-06-09,THUAS,THUAS::THUAS_S010,2.8277595484479936,2.416521013254304
normal_qq,BAUA::BAUA_S012::2025-07-17,BAUA,BAUA::BAUA_S012,3.162817965621301,2.817839634468605
