panel,model_row_id,site,participant_key,x,y
residual_fitted,BAUA::BAUA_S001::2025-06-11,BAUA,BAUA::BAUA_S001,1.935673085759691,0.8257624558157598
residual_fitted,BAUA::BAUA_S001::2025-06-12,BAUA,BAUA::BAUA_S001,1.941237935983378,-0.5118667051141934
residual_fitted,BAUA::BAUA_S001::2025-06-13,BAUA,BAUA::BAUA_S001,1.9462282197825256,0.16228221185756173
residual_fitted,BAUA::BAUA_S001::2025-06-14,BAUA,BAUA::BAUA_S001,1.9506318702690362,0.026161786733721926
residual_fitted,BAUA::BAUA_S001::2025-06-15,BAUA,BAUA::BAUA_S001,1.9544381371730561,-1.3859815902797532
residual_fitted,BAUA::BAUA_S001::2025-06-16,BAUA,BAUA::BAUA_S001,1.9576376628536678,1.2121990998826069
residual_fitted,BAUA::BAUA_S002::2025-06-11,BAUA,BAUA::BAUA_S002,2.298218859499545,0.20899096363324823
residual_fitted,BAUA::BAUA_S002::2025-06-12,BAUA,BAUA::BAUA_S002,2.3048259895094914,-0.35941775343882815
residual_fitted,BAUA::BAUA_S002::2025-06-13,BAUA,BAUA::BAUA_S002,2.3107509385237797,0.8479052877115696
residual_fitted,BAUA::BAUA_S002::2025-06-14,BAUA,BAUA::BAUA_S002,2.3159793795622985,0.13304657618563534
residual_fitted,BAUA::BAUA_S002::2025-06-15,BAUA,BAUA::BAUA_S002,2.320498548861837,0.5004419018184375
residual_fitted,BAUA::BAUA_S002::2025-06-16,BAUA,BAUA::BAUA_S002,2.3242973361233483,-0.4116077227017282
residual_fitted,BAUA::BAUA_S003::2025-06-11,BAUA,BAUA::BAUA_S003,0.9195805289946496,0.2143152998399566
residual_fitted,BAUA::BAUA_S003::2025-06-12,BAUA,BAUA::BAUA_S003,0.9222242232992928,-1.1476835895381556
residual_fitted,BAUA::BAUA_S003::2025-06-13,BAUA,BAUA::BAUA_S003,0.9245949582387893,0.8637932826728552
residual_fitted,BAUA::BAUA_S003::2025-06-14,BAUA,BAUA::BAUA_S003,0.9266870011946396,-0.5147233821845194
residual_fitted,BAUA::BAUA_S003::2025-06-15,BAUA,BAUA::BAUA_S003,0.9284952450343891,-1.1496428600497908
residual_fitted,BAUA::BAUA_S003::2025-06-16,BAUA,BAUA::BAUA_S003,0.9300152442220381,-1.1501162540934429
residual_fitted,BAUA::BAUA_S004::2025-06-11,BAUA,BAUA::BAUA_S004,1.5958057082083716,0.22664947741148034
residual_fitted,BAUA::BAUA_S004::2025-06-12,BAUA,BAUA::BAUA_S004,1.6003934765756729,-0.23981095529926955
residual_fitted,BAUA::BAUA_S004::2025-06-13,BAUA,BAUA::BAUA_S004,1.6045075614543878,-0.5223091241854732
residual_fitted,BAUA::BAUA_S004::2025-06-14,BAUA,BAUA::BAUA_S004,1.6081380146724578,0.6477512275853958
residual_fitted,BAUA::BAUA_S004::2025-06-15,BAUA,BAUA::BAUA_S004,1.6112759735029472,-0.9163760906070625
residual_fitted,BAUA::BAUA_S004::2025-06-16,BAUA,BAUA::BAUA_S004,1.6139137233287009,0.40466818919314146
residual_fitted,BAUA::BAUA_S005::2025-06-11,BAUA,BAUA::BAUA_S005,1.4281222694434466,-0.5027462709222816
residual_fitted,BAUA::BAUA_S005::2025-06-12,BAUA,BAUA::BAUA_S005,1.432227966107326,1.7636278617042584
residual_fitted,BAUA::BAUA_S005::2025-06-13,BAUA,BAUA::BAUA_S005,1.435909752808208,-0.8724482593844015
residual_fitted,BAUA::BAUA_S005::2025-06-14,BAUA,BAUA::BAUA_S005,1.439158726704109,-0.37317507114727155
residual_fitted,BAUA::BAUA_S005::2025-06-15,BAUA,BAUA::BAUA_S005,1.4419669563421955,-0.8902557548029215
residual_fitted,BAUA::BAUA_S006::2025-06-11,BAUA,BAUA::BAUA_S006,1.8733046351607794,-0.6375174653736331
residual_fitted,BAUA::BAUA_S006::2025-06-12,BAUA,BAUA::BAUA_S006,1.8786901828520193,1.2463079130592418
residual_fitted,BAUA::BAUA_S006::2025-06-13,BAUA,BAUA::BAUA_S006,1.8835196769646794,1.2403598650601788
residual_fitted,BAUA::BAUA_S006::2025-06-15,BAUA,BAUA::BAUA_S006,1.891465066305014,-1.2635212153653892
residual_fitted,BAUA::BAUA_S006::2025-06-16,BAUA,BAUA::BAUA_S006,1.894561501509853,-0.40097856289605494
residual_fitted,BAUA::BAUA_S009::2025-06-25,BAUA,BAUA::BAUA_S009,4.157553084000745,1.4417183671547897
residual_fitted,BAUA::BAUA_S009::2025-06-26,BAUA,BAUA::BAUA_S009,4.151095294611444,-0.8339323102991697
residual_fitted,BAUA::BAUA_S009::2025-06-27,BAUA,BAUA::BAUA_S009,4.143350311026636,-1.5223873530925165
residual_fitted,BAUA::BAUA_S009::2025-06-28,BAUA,BAUA::BAUA_S009,4.134338129656673,-0.3709233823273559
residual_fitted,BAUA::BAUA_S009::2025-06-29,BAUA,BAUA::BAUA_S009,4.124081686300248,2.8841455186414704
residual_fitted,BAUA::BAUA_S009::2025-06-30,BAUA,BAUA::BAUA_S009,4.112606693426272,0.9769508838960816
residual_fitted,BAUA::BAUA_S012::2025-07-16,BAUA,BAUA::BAUA_S012,3.6533967550638953,-1.2677085187478931
residual_fitted,BAUA::BAUA_S012::2025-07-17,BAUA,BAUA::BAUA_S012,3.6278195432960585,4.351251859603989
residual_fitted,BAUA::BAUA_S012::2025-07-18,BAUA,BAUA::BAUA_S012,3.601748118622102,0.6564048906170521
residual_fitted,BAUA::BAUA_S012::2025-07-19,BAUA,BAUA::BAUA_S012,3.5752213776114496,-1.329554843715529
residual_fitted,BAUA::BAUA_S012::2025-07-20,BAUA,BAUA::BAUA_S012,3.5482773697732664,1.3105656634210452
residual_fitted,BAUA::BAUA_S012::2025-07-21,BAUA,BAUA::BAUA_S012,3.5209532123621514,-1.1887373981739304
residual_fitted,BAUA::BAUA_S013::2025-07-16,BAUA,BAUA::BAUA_S013,1.9846109044611724,-0.6530350641395452
residual_fitted,BAUA::BAUA_S013::2025-07-17,BAUA,BAUA::BAUA_S013,1.9707167624384634,-0.4311875266033841
residual_fitted,BAUA::BAUA_S013::2025-07-18,BAUA,BAUA::BAUA_S013,1.956554152360307,1.406056914896757
residual_fitted,BAUA::BAUA_S013::2025-07-19,BAUA,BAUA::BAUA_S013,1.9421442037565624,0.4801552805424548
residual_fitted,BAUA::BAUA_S013::2025-07-20,BAUA,BAUA::BAUA_S013,1.9275075860140665,0.5177852825348155
residual_fitted,BAUA::BAUA_S013::2025-07-21,BAUA,BAUA::BAUA_S013,1.9126644620970847,-0.6071255783039697
residual_fitted,BAUA::BAUA_S014::2025-07-16,BAUA,BAUA::BAUA_S014,3.2459894787523287,-0.8506352186353427
residual_fitted,BAUA::BAUA_S014::2025-07-17,BAUA,BAUA::BAUA_S014,3.2232645009137895,0.039870489285725605
residual_fitted,BAUA::BAUA_S014::2025-07-18,BAUA,BAUA::BAUA_S014,3.2001004221505274,1.3721101846370987
residual_fitted,BAUA::BAUA_S014::2025-07-19,BAUA,BAUA::BAUA_S014,3.1765318014944715,-0.8553090834669215
residual_fitted,BAUA::BAUA_S014::2025-07-20,BAUA,BAUA::BAUA_S014,3.152592445376926,2.01611494435346
residual_fitted,BAUA::BAUA_S014::2025-07-21,BAUA,BAUA::BAUA_S014,3.128315331934671,0.5192117034862217
residual_fitted,BAUA::BAUA_S015::2025-07-23,BAUA,BAUA::BAUA_S015,1.4957025747983657,2.8454144324119337
residual_fitted,BAUA::BAUA_S015::2025-07-24,BAUA,BAUA::BAUA_S015,1.4835082771590875,-1.2636984443823986
residual_fitted,BAUA::BAUA_S015::2025-07-26,BAUA,BAUA::BAUA_S015,1.4588195289448431,-0.4018402164116654
residual_fitted,BAUA::BAUA_S015::2025-07-27,BAUA,BAUA::BAUA_S015,1.4463517941527217,-0.846788518756804
residual_fitted,BAUA::BAUA_S015::2025-07-28,BAUA,BAUA::BAUA_S015,1.4338187439227645,-0.5215754541546253
residual_fitted,BAUA::BAUA_S016::2025-07-23,BAUA,BAUA::BAUA_S016,0.6195723516225643,-0.49397767551134847
residual_fitted,BAUA::BAUA_S016::2025-07-24,BAUA,BAUA::BAUA_S016,0.6145210467762304,-1.0360829781781402
residual_fitted,BAUA::BAUA_S016::2025-07-25,BAUA,BAUA::BAUA_S016,0.6094264164845767,-0.10579855723862948
residual_fitted,BAUA::BAUA_S016::2025-07-26,BAUA,BAUA::BAUA_S016,0.6042941032331408,-1.0317048696580722
residual_fitted,BAUA::BAUA_S016::2025-07-27,BAUA,BAUA::BAUA_S016,0.5991295311486121,-0.8532016415297689
residual_fitted,BAUA::BAUA_S016::2025-07-28,BAUA,BAUA::BAUA_S016,0.5939379031238861,-0.9680702674942935
residual_fitted,BAUA::BAUA_S018::2025-09-09,BAUA,BAUA::BAUA_S018,0.653509698464268,-0.08923781492478967
residual_fitted,BAUA::BAUA_S018::2025-09-10,BAUA,BAUA::BAUA_S018,0.6468556591125932,-0.5504546680527723
residual_fitted,BAUA::BAUA_S018::2025-09-11,BAUA,BAUA::BAUA_S018,0.6402755587758788,-0.04090704550289666
residual_fitted,BAUA::BAUA_S018::2025-09-12,BAUA,BAUA::BAUA_S018,0.6337690593035753,-0.593624932845925
residual_fitted,BAUA::BAUA_S018::2025-09-13,BAUA,BAUA::BAUA_S018,0.6273357924804611,0.3773536075979492
residual_fitted,BAUA::BAUA_S018::2025-09-14,BAUA,BAUA::BAUA_S018,0.6209753633865714,-1.0388178401555013
residual_fitted,BAUA::BAUA_S022::2025-09-24,BAUA,BAUA::BAUA_S022,1.691348352846957,-0.30224526713721217
residual_fitted,BAUA::BAUA_S022::2025-09-25,BAUA,BAUA::BAUA_S022,1.6745034149640317,-1.3332729918547936
residual_fitted,BAUA::BAUA_S022::2025-09-26,BAUA,BAUA::BAUA_S022,1.6578604483761878,0.3747650229245856
residual_fitted,BAUA::BAUA_S022::2025-09-27,BAUA,BAUA::BAUA_S022,1.6414179263926774,0.9817879093713802
residual_fitted,BAUA::BAUA_S022::2025-09-28,BAUA,BAUA::BAUA_S022,1.6251743368270921,2.234578014166837
residual_fitted,BAUA::BAUA_S022::2025-09-29,BAUA,BAUA::BAUA_S022,1.6091281860886357,0.7442694885877038
residual_fitted,BAUA::BAUA_S024::2025-10-14,BAUA,BAUA::BAUA_S024,0.42615680124551214,-0.9445763994613319
residual_fitted,BAUA::BAUA_S024::2025-10-15,BAUA,BAUA::BAUA_S024,0.42215550027119764,-0.942325249387593
residual_fitted,BAUA::BAUA_S024::2025-10-16,BAUA,BAUA::BAUA_S024,0.41820868525885146,-0.9015631908904903
residual_fitted,BAUA::BAUA_S024::2025-10-17,BAUA,BAUA::BAUA_S024,0.414316147000549,-0.9378677364919891
residual_fitted,BAUA::BAUA_S024::2025-10-18,BAUA,BAUA::BAUA_S024,0.41047769509450494,0.197414311076917
residual_fitted,BAUA::BAUA_S024::2025-10-19,BAUA,BAUA::BAUA_S024,0.4066931582268142,0.9551087252086357
residual_fitted,BAUA::BAUA_S025::2025-10-14,BAUA,BAUA::BAUA_S025,0.5891219387396825,-0.5787953263667803
residual_fitted,BAUA::BAUA_S025::2025-10-15,BAUA,BAUA::BAUA_S025,0.583590514201626,-0.4533059188708838
residual_fitted,BAUA::BAUA_S025::2025-10-16,BAUA,BAUA::BAUA_S025,0.5781344114124071,-1.0202460900587913
residual_fitted,BAUA::BAUA_S025::2025-10-17,BAUA,BAUA::BAUA_S025,0.5727533411616276,0.22827029193541076
residual_fitted,BAUA::BAUA_S025::2025-10-18,BAUA,BAUA::BAUA_S025,0.5674470402366193,-0.005420943260803044
residual_fitted,BAUA::BAUA_S025::2025-10-19,BAUA,BAUA::BAUA_S025,0.562215271811923,1.05196096061539
residual_fitted,FUSPCEU::FUSPCEU_S003::2024-10-08,FUSPCEU,FUSPCEU::FUSPCEU_S003,0.5621532875651252,-0.8281076777321789
residual_fitted,FUSPCEU::FUSPCEU_S003::2024-10-09,FUSPCEU,FUSPCEU::FUSPCEU_S003,0.5585055344094797,-0.5157765073547186
residual_fitted,FUSPCEU::FUSPCEU_S003::2024-10-10,FUSPCEU,FUSPCEU::FUSPCEU_S003,0.5548946856805275,0.0797327831768088
residual_fitted,FUSPCEU::FUSPCEU_S003::2024-10-11,FUSPCEU,FUSPCEU::FUSPCEU_S003,0.5513208865366509,-0.007139489759126894
residual_fitted,FUSPCEU::FUSPCEU_S003::2024-10-12,FUSPCEU,FUSPCEU::FUSPCEU_S003,0.5477842889485607,-0.2206564680834555
residual_fitted,FUSPCEU::FUSPCEU_S003::2024-10-13,FUSPCEU,FUSPCEU::FUSPCEU_S003,0.54428505229503,0.5112096307308104
residual_fitted,FUSPCEU::FUSPCEU_S004::2024-10-08,FUSPCEU,FUSPCEU::FUSPCEU_S004,1.291807768380247,-1.1668839035959804
residual_fitted,FUSPCEU::FUSPCEU_S004::2024-10-09,FUSPCEU,FUSPCEU::FUSPCEU_S004,1.283425364562942,-0.7839902183727334
residual_fitted,FUSPCEU::FUSPCEU_S004::2024-10-11,FUSPCEU,FUSPCEU::FUSPCEU_S004,1.2669153055799256,1.7301227576489913
residual_fitted,FUSPCEU::FUSPCEU_S004::2024-10-12,FUSPCEU,FUSPCEU::FUSPCEU_S004,1.2587883332060417,-1.1739456165908135
residual_fitted,FUSPCEU::FUSPCEU_S004::2024-10-13,FUSPCEU,FUSPCEU::FUSPCEU_S004,1.2507472148982381,3.972508749857541
residual_fitted,FUSPCEU::FUSPCEU_S005::2024-10-15,FUSPCEU,FUSPCEU::FUSPCEU_S005,0.5203144314737351,-0.1765826147602307
residual_fitted,FUSPCEU::FUSPCEU_S005::2024-10-16,FUSPCEU,FUSPCEU::FUSPCEU_S005,0.5170359678799826,-0.7948871301910211
residual_fitted,FUSPCEU::FUSPCEU_S005::2024-10-17,FUSPCEU,FUSPCEU::FUSPCEU_S005,0.5137943778820784,-0.9243251004295922
residual_fitted,FUSPCEU::FUSPCEU_S005::2024-10-18,FUSPCEU,FUSPCEU::FUSPCEU_S005,0.5105898599045766,0.7678537533337948
residual_fitted,FUSPCEU::FUSPCEU_S005::2024-10-19,FUSPCEU,FUSPCEU::FUSPCEU_S005,0.5074226225781283,0.94416287210256
residual_fitted,FUSPCEU::FUSPCEU_S005::2024-10-20,FUSPCEU,FUSPCEU::FUSPCEU_S005,0.5042928851453826,-0.9856408574094193
residual_fitted,FUSPCEU::FUSPCEU_S006::2024-10-15,FUSPCEU,FUSPCEU::FUSPCEU_S006,0.7530940248633092,-1.0905933866172295
residual_fitted,FUSPCEU::FUSPCEU_S006::2024-10-16,FUSPCEU,FUSPCEU::FUSPCEU_S006,0.7483488338906242,0.20298181317042568
residual_fitted,FUSPCEU::FUSPCEU_S006::2024-10-17,FUSPCEU,FUSPCEU::FUSPCEU_S006,0.7436570131168588,-0.4880654162728755
residual_fitted,FUSPCEU::FUSPCEU_S006::2024-10-18,FUSPCEU,FUSPCEU::FUSPCEU_S006,0.739018849738249,0.7704394600590052
residual_fitted,FUSPCEU::FUSPCEU_S006::2024-10-19,FUSPCEU,FUSPCEU::FUSPCEU_S006,0.7344346457231571,1.2344163049768073
residual_fitted,FUSPCEU::FUSPCEU_S007::2024-10-22,FUSPCEU,FUSPCEU::FUSPCEU_S007,0.5952205822824842,0.12365715516654217
residual_fitted,FUSPCEU::FUSPCEU_S007::2024-10-23,FUSPCEU,FUSPCEU::FUSPCEU_S007,0.5916170808728941,-0.4033532325189408
residual_fitted,FUSPCEU::FUSPCEU_S007::2024-10-24,FUSPCEU,FUSPCEU::FUSPCEU_S007,0.5880595694163885,-0.1605970614712549
residual_fitted,FUSPCEU::FUSPCEU_S007::2024-10-25,FUSPCEU,FUSPCEU::FUSPCEU_S007,0.584548378762868,-0.24492723842609798
residual_fitted,FUSPCEU::FUSPCEU_S007::2024-10-26,FUSPCEU,FUSPCEU::FUSPCEU_S007,0.5810838543597119,0.6018896751694536
residual_fitted,FUSPCEU::FUSPCEU_S007::2024-10-27,FUSPCEU,FUSPCEU::FUSPCEU_S007,0.5776663564233898,-0.17449792240578543
residual_fitted,FUSPCEU::FUSPCEU_S008::2024-10-22,FUSPCEU,FUSPCEU::FUSPCEU_S008,0.42319367788994616,1.729904016411635
residual_fitted,FUSPCEU::FUSPCEU_S008::2024-10-23,FUSPCEU,FUSPCEU::FUSPCEU_S008,0.4206316377653285,-0.2510143107070679
residual_fitted,FUSPCEU::FUSPCEU_S008::2024-10-24,FUSPCEU,FUSPCEU::FUSPCEU_S008,0.41810229586716857,-0.9400284352950495
residual_fitted,FUSPCEU::FUSPCEU_S008::2024-10-25,FUSPCEU,FUSPCEU::FUSPCEU_S008,0.4156058874252123,-0.7837753260819106
residual_fitted,FUSPCEU::FUSPCEU_S008::2024-10-26,FUSPCEU,FUSPCEU::FUSPCEU_S008,0.4131426580478127,-0.9371950222126104
residual_fitted,FUSPCEU::FUSPCEU_S008::2024-10-27,FUSPCEU,FUSPCEU::FUSPCEU_S008,0.4107128638439438,-0.9357975252883914
residual_fitted,FUSPCEU::FUSPCEU_S009::2024-11-04,FUSPCEU,FUSPCEU::FUSPCEU_S009,0.5841435733374728,-0.4839019719601846
residual_fitted,FUSPCEU::FUSPCEU_S009::2024-11-05,FUSPCEU,FUSPCEU::FUSPCEU_S009,0.5809950934147837,-0.6607104052367492
residual_fitted,FUSPCEU::FUSPCEU_S009::2024-11-06,FUSPCEU,FUSPCEU::FUSPCEU_S009,0.5779010456313464,-0.9295763363227428
residual_fitted,FUSPCEU::FUSPCEU_S009::2024-11-07,FUSPCEU,FUSPCEU::FUSPCEU_S009,0.5748619799959751,-1.0187853118683263
residual_fitted,FUSPCEU::FUSPCEU_S009::2024-11-08,FUSPCEU,FUSPCEU::FUSPCEU_S009,0.5718784601871265,2.633912364840823
residual_fitted,FUSPCEU::FUSPCEU_S009::2024-11-09,FUSPCEU,FUSPCEU::FUSPCEU_S009,0.5689510630114285,-0.7106710151113341
residual_fitted,FUSPCEU::FUSPCEU_S009::2024-11-10,FUSPCEU,FUSPCEU::FUSPCEU_S009,0.5660803777906613,1.2235431448907244
residual_fitted,FUSPCEU::FUSPCEU_S010::2024-11-04,FUSPCEU,FUSPCEU::FUSPCEU_S010,0.5036970482170419,-0.9853465148198154
residual_fitted,FUSPCEU::FUSPCEU_S010::2024-11-05,FUSPCEU,FUSPCEU::FUSPCEU_S010,0.5009821676366252,-0.34519677708220364
residual_fitted,FUSPCEU::FUSPCEU_S010::2024-11-06,FUSPCEU,FUSPCEU::FUSPCEU_S010,0.4983142229622437,0.30008928682244557
residual_fitted,FUSPCEU::FUSPCEU_S010::2024-11-07,FUSPCEU,FUSPCEU::FUSPCEU_S010,0.4956936884571247,0.23872461137372603
residual_fitted,FUSPCEU::FUSPCEU_S011::2024-11-12,FUSPCEU,FUSPCEU::FUSPCEU_S011,1.1534759440794915,2.1024903114285696
residual_fitted,FUSPCEU::FUSPCEU_S011::2024-11-13,FUSPCEU,FUSPCEU::FUSPCEU_S011,1.147926000624092,-0.3669875519914438
residual_fitted,FUSPCEU::FUSPCEU_S011::2024-11-14,FUSPCEU,FUSPCEU::FUSPCEU_S011,1.1424978443829443,-0.9042379419642691
residual_fitted,FUSPCEU::FUSPCEU_S011::2024-11-16,FUSPCEU,FUSPCEU::FUSPCEU_S011,1.1320121842109265,2.028232694764071
residual_fitted,FUSPCEU::FUSPCEU_S011::2024-11-17,FUSPCEU,FUSPCEU::FUSPCEU_S011,1.1269573628253278,0.14306794245556745
residual_fitted,FUSPCEU::FUSPCEU_S012::2024-12-03,FUSPCEU,FUSPCEU::FUSPCEU_S012,0.686664148474236,0.9225888238347616
residual_fitted,FUSPCEU::FUSPCEU_S012::2024-12-04,FUSPCEU,FUSPCEU::FUSPCEU_S012,0.6849161205709657,0.6615094423134427
residual_fitted,FUSPCEU::FUSPCEU_S012::2024-12-05,FUSPCEU,FUSPCEU::FUSPCEU_S012,0.6832644608728261,2.1553089550794176
residual_fitted,FUSPCEU::FUSPCEU_S012::2024-12-06,FUSPCEU,FUSPCEU::FUSPCEU_S012,0.681709867400098,-0.610456286128434
residual_fitted,FUSPCEU::FUSPCEU_S012::2024-12-07,FUSPCEU,FUSPCEU::FUSPCEU_S012,0.6802530092706983,-0.7159352894405508
residual_fitted,FUSPCEU::FUSPCEU_S012::2024-12-08,FUSPCEU,FUSPCEU::FUSPCEU_S012,0.678894524840525,-1.062447791595356
residual_fitted,FUSPCEU::FUSPCEU_S013::2024-11-19,FUSPCEU,FUSPCEU::FUSPCEU_S013,0.5476389758374589,0.7855863728320511
residual_fitted,FUSPCEU::FUSPCEU_S013::2024-11-20,FUSPCEU,FUSPCEU::FUSPCEU_S013,0.5453502164834713,-0.7214823515129855
residual_fitted,FUSPCEU::FUSPCEU_S013::2024-11-21,FUSPCEU,FUSPCEU::FUSPCEU_S013,0.5431258026996341,-0.4664905047575644
residual_fitted,FUSPCEU::FUSPCEU_S013::2024-11-22,FUSPCEU,FUSPCEU::FUSPCEU_S013,0.5409664111284764,1.0591776833495454
residual_fitted,FUSPCEU::FUSPCEU_S013::2024-11-23,FUSPCEU,FUSPCEU::FUSPCEU_S013,0.5388727176758765,-0.6522389815229954
residual_fitted,FUSPCEU::FUSPCEU_S013::2024-11-24,FUSPCEU,FUSPCEU::FUSPCEU_S013,0.5368453961880595,0.05180771403509821
residual_fitted,FUSPCEU::FUSPCEU_S014::2024-11-20,FUSPCEU,FUSPCEU::FUSPCEU_S014,0.6482377845737343,-0.16424330298138198
residual_fitted,FUSPCEU::FUSPCEU_S014::2024-11-21,FUSPCEU,FUSPCEU::FUSPCEU_S014,0.6455937055587704,-0.07711786784447942
residual_fitted,FUSPCEU::FUSPCEU_S014::2024-11-22,FUSPCEU,FUSPCEU::FUSPCEU_S014,0.6430269160612974,0.48392397079991273
residual_fitted,FUSPCEU::FUSPCEU_S014::2024-11-23,FUSPCEU,FUSPCEU::FUSPCEU_S014,0.6405382195058226,1.3833470811690767
residual_fitted,FUSPCEU::FUSPCEU_S014::2024-11-24,FUSPCEU,FUSPCEU::FUSPCEU_S014,0.6381284168686193,-0.7658405059194204
residual_fitted,FUSPCEU::FUSPCEU_S015::2024-11-26,FUSPCEU,FUSPCEU::FUSPCEU_S015,0.5079653991928718,-0.9874493080957855
residual_fitted,FUSPCEU::FUSPCEU_S015::2024-11-27,FUSPCEU,FUSPCEU::FUSPCEU_S015,0.5062268509510263,1.081623340365657
residual_fitted,FUSPCEU::FUSPCEU_S015::2024-11-28,FUSPCEU,FUSPCEU::FUSPCEU_S015,0.504554078959358,0.6528738005062092
residual_fitted,FUSPCEU::FUSPCEU_S015::2024-11-29,FUSPCEU,FUSPCEU::FUSPCEU_S015,0.5029476942448476,-0.8508871192782257
residual_fitted,FUSPCEU::FUSPCEU_S015::2024-11-30,FUSPCEU,FUSPCEU::FUSPCEU_S015,0.5014082972134087,0.22537873821894933
residual_fitted,FUSPCEU::FUSPCEU_S015::2024-12-01,FUSPCEU,FUSPCEU::FUSPCEU_S015,0.499936476143012,-0.30999590500483837
residual_fitted,FUSPCEU::FUSPCEU_S016::2024-11-26,FUSPCEU,FUSPCEU::FUSPCEU_S016,0.3846689398193634,-0.6742183104557723
residual_fitted,FUSPCEU::FUSPCEU_S016::2024-11-27,FUSPCEU,FUSPCEU::FUSPCEU_S016,0.3833523826088169,1.21958919242479
residual_fitted,FUSPCEU::FUSPCEU_S016::2024-11-29,FUSPCEU,FUSPCEU::FUSPCEU_S016,0.38086916281535943,-0.9181023343857824
residual_fitted,FUSPCEU::FUSPCEU_S016::2024-11-30,FUSPCEU,FUSPCEU::FUSPCEU_S016,0.37970341761896304,-0.4615913542333379
residual_fitted,FUSPCEU::FUSPCEU_S016::2024-12-01,FUSPCEU,FUSPCEU::FUSPCEU_S016,0.37858884593425196,-0.916707801683615
residual_fitted,FUSPCEU::FUSPCEU_S017::2024-12-03,FUSPCEU,FUSPCEU::FUSPCEU_S017,0.6178312144641048,0.22555157875306395
residual_fitted,FUSPCEU::FUSPCEU_S017::2024-12-04,FUSPCEU,FUSPCEU::FUSPCEU_S017,0.6162584132558367,0.05608432469614884
residual_fitted,FUSPCEU::FUSPCEU_S017::2024-12-05,FUSPCEU,FUSPCEU::FUSPCEU_S017,0.6147723200624605,0.34683793929140655
residual_fitted,FUSPCEU::FUSPCEU_S017::2024-12-06,FUSPCEU,FUSPCEU::FUSPCEU_S017,0.613373562932956,0.06118461450852696
residual_fitted,FUSPCEU::FUSPCEU_S017::2024-12-07,FUSPCEU,FUSPCEU::FUSPCEU_S017,0.6120627439111839,0.23696932196905568
residual_fitted,FUSPCEU::FUSPCEU_S017::2024-12-08,FUSPCEU,FUSPCEU::FUSPCEU_S017,0.6108404373626485,-0.05011813646988931
residual_fitted,FUSPCEU::FUSPCEU_S018::2024-12-10,FUSPCEU,FUSPCEU::FUSPCEU_S018,0.3223228481165677,-0.22371540135225315
residual_fitted,FUSPCEU::FUSPCEU_S018::2024-12-11,FUSPCEU,FUSPCEU::FUSPCEU_S018,0.321817848585287,-0.2695293709763689
residual_fitted,FUSPCEU::FUSPCEU_S018::2024-12-12,FUSPCEU,FUSPCEU::FUSPCEU_S018,0.3213607747755031,-0.36253912300815816
residual_fitted,FUSPCEU::FUSPCEU_S018::2024-12-13,FUSPCEU,FUSPCEU::FUSPCEU_S018,0.32095184524512843,0.01452580003495455
residual_fitted,FUSPCEU::FUSPCEU_S018::2024-12-14,FUSPCEU,FUSPCEU::FUSPCEU_S018,0.3205912592705564,-0.878899859808203
residual_fitted,FUSPCEU::FUSPCEU_S018::2024-12-15,FUSPCEU,FUSPCEU::FUSPCEU_S018,0.32027919623777634,-0.8786829543077255
residual_fitted,FUSPCEU::FUSPCEU_S019::2024-12-10,FUSPCEU,FUSPCEU::FUSPCEU_S019,0.47217092258933135,0.7533027103637989
residual_fitted,FUSPCEU::FUSPCEU_S019::2024-12-11,FUSPCEU,FUSPCEU::FUSPCEU_S019,0.47143114849020906,-0.581816829357034
residual_fitted,FUSPCEU::FUSPCEU_S019::2024-12-12,FUSPCEU,FUSPCEU::FUSPCEU_S019,0.47076158080762576,-0.9686518632673925
residual_fitted,FUSPCEU::FUSPCEU_S019::2024-12-13,FUSPCEU,FUSPCEU::FUSPCEU_S019,0.4701625397071908,0.05449122406906678
residual_fitted,FUSPCEU::FUSPCEU_S019::2024-12-14,FUSPCEU,FUSPCEU::FUSPCEU_S019,0.46963431710900605,0.37333323128699386
residual_fitted,FUSPCEU::FUSPCEU_S019::2024-12-15,FUSPCEU,FUSPCEU::FUSPCEU_S019,0.46917717579570867,-0.014027890868340378
residual_fitted,FUSPCEU::FUSPCEU_S020::2025-01-21,FUSPCEU,FUSPCEU::FUSPCEU_S020,0.3912165251664558,-0.924352326826366
residual_fitted,FUSPCEU::FUSPCEU_S020::2025-01-22,FUSPCEU,FUSPCEU::FUSPCEU_S020,0.39288723275256854,-0.40036468237357387
residual_fitted,FUSPCEU::FUSPCEU_S020::2025-01-23,FUSPCEU,FUSPCEU::FUSPCEU_S020,0.39460450581993933,0.20065308758883027
residual_fitted,FUSPCEU::FUSPCEU_S020::2025-01-24,FUSPCEU,FUSPCEU::FUSPCEU_S020,0.3963678770425052,0.19582463865337024
residual_fitted,FUSPCEU::FUSPCEU_S020::2025-01-25,FUSPCEU,FUSPCEU::FUSPCEU_S020,0.3981768805720926,0.11094884674441348
residual_fitted,FUSPCEU::FUSPCEU_S020::2025-01-26,FUSPCEU,FUSPCEU::FUSPCEU_S020,0.40003105289829044,-0.9295788843968668
residual_fitted,FUSPCEU::FUSPCEU_S022::2025-01-28,FUSPCEU,FUSPCEU::FUSPCEU_S022,0.5941414994062538,0.8352469963203877
residual_fitted,FUSPCEU::FUSPCEU_S022::2025-01-29,FUSPCEU,FUSPCEU::FUSPCEU_S022,0.5970644966043341,-1.0285760822964993
residual_fitted,FUSPCEU::FUSPCEU_S022::2025-01-30,FUSPCEU,FUSPCEU::FUSPCEU_S022,0.6000512734420188,-1.0005276542063266
residual_fitted,FUSPCEU::FUSPCEU_S022::2025-01-31,FUSPCEU,FUSPCEU::FUSPCEU_S022,0.6031011829877515,0.6058300455576179
residual_fitted,FUSPCEU::FUSPCEU_S022::2025-02-01,FUSPCEU,FUSPCEU::FUSPCEU_S022,0.6062135883715389,0.8019834444006284
residual_fitted,FUSPCEU::FUSPCEU_S022::2025-02-02,FUSPCEU,FUSPCEU::FUSPCEU_S022,0.6093878636545054,0.09729604458340013
residual_fitted,FUSPCEU::FUSPCEU_S023::2025-01-28,FUSPCEU,FUSPCEU::FUSPCEU_S023,0.4992717091071252,0.8033793785457302
residual_fitted,FUSPCEU::FUSPCEU_S023::2025-01-29,FUSPCEU,FUSPCEU::FUSPCEU_S023,0.5017279755154797,-0.8836210070359594
residual_fitted,FUSPCEU::FUSPCEU_S023::2025-01-30,FUSPCEU,FUSPCEU::FUSPCEU_S023,0.5042378375230361,1.7244453796223504
residual_fitted,FUSPCEU::FUSPCEU_S023::2025-01-31,FUSPCEU,FUSPCEU::FUSPCEU_S023,0.5068007514973029,-0.2202899871405488
residual_fitted,FUSPCEU::FUSPCEU_S023::2025-02-01,FUSPCEU,FUSPCEU::FUSPCEU_S023,0.5094161822607669,-0.9881609990310064
residual_fitted,FUSPCEU::FUSPCEU_S023::2025-02-02,FUSPCEU,FUSPCEU::FUSPCEU_S023,0.512083603821602,-0.9894655415384175
residual_fitted,FUSPCEU::FUSPCEU_S024::2025-02-04,FUSPCEU,FUSPCEU::FUSPCEU_S024,0.728486429659861,2.1128642115461638
residual_fitted,FUSPCEU::FUSPCEU_S024::2025-02-05,FUSPCEU,FUSPCEU::FUSPCEU_S024,0.732456076084147,0.3309293006122754
residual_fitted,FUSPCEU::FUSPCEU_S024::2025-02-06,FUSPCEU,FUSPCEU::FUSPCEU_S024,0.7364960858794785,0.7258778172724286
residual_fitted,FUSPCEU::FUSPCEU_S024::2025-02-08,FUSPCEU,FUSPCEU::FUSPCEU_S024,0.7447845613722639,-1.0626156617660951
residual_fitted,FUSPCEU::FUSPCEU_S024::2025-02-09,FUSPCEU,FUSPCEU::FUSPCEU_S024,0.7490317541406849,-1.039455947896598
residual_fitted,FUSPCEU::FUSPCEU_S025::2025-02-04,FUSPCEU,FUSPCEU::FUSPCEU_S025,1.0385812434991222,2.7370150208910347
residual_fitted,FUSPCEU::FUSPCEU_S025::2025-02-05,FUSPCEU,FUSPCEU::FUSPCEU_S025,1.044240649291364,0.11059393224334144
residual_fitted,FUSPCEU::FUSPCEU_S025::2025-02-06,FUSPCEU,FUSPCEU::FUSPCEU_S025,1.0500003700303533,-0.4159998532025107
residual_fitted,IZTECH::IZTECH_S001::2024-12-24,IZTECH,IZTECH::IZTECH_S001,0.21789146952300634,-0.796839344945261
residual_fitted,IZTECH::IZTECH_S001::2024-12-25,IZTECH,IZTECH::IZTECH_S001,0.21800077893920553,-0.7969409463817769
residual_fitted,IZTECH::IZTECH_S001::2024-12-26,IZTECH,IZTECH::IZTECH_S001,0.21814087666967794,0.3986481596261964
residual_fitted,IZTECH::IZTECH_S001::2024-12-27,IZTECH,IZTECH::IZTECH_S001,0.21831170958012852,-0.6714388262857047
residual_fitted,IZTECH::IZTECH_S001::2024-12-28,IZTECH,IZTECH::IZTECH_S001,0.21851321040543414,-0.7974167321462149
residual_fitted,IZTECH::IZTECH_S001::2024-12-29,IZTECH,IZTECH::IZTECH_S001,0.21874529797305226,-0.79763194558322
residual_fitted,IZTECH::IZTECH_S001::2024-12-30,IZTECH,IZTECH::IZTECH_S001,0.21900787747948833,-0.6096412715128108
residual_fitted,IZTECH::IZTECH_S002::2025-01-07,IZTECH,IZTECH::IZTECH_S002,0.39589257630707375,-0.04378974370869667
residual_fitted,IZTECH::IZTECH_S002::2025-01-08,IZTECH,IZTECH::IZTECH_S002,0.39683811197516494,0.39494232881575164
residual_fitted,IZTECH::IZTECH_S002::2025-01-09,IZTECH,IZTECH::IZTECH_S002,0.39783510388930204,0.5518698481912705
residual_fitted,IZTECH::IZTECH_S002::2025-01-10,IZTECH,IZTECH::IZTECH_S002,0.3988831654341952,0.4684684780268398
residual_fitted,IZTECH::IZTECH_S002::2025-01-11,IZTECH,IZTECH::IZTECH_S002,0.39998189597277384,-0.8897077950676198
residual_fitted,IZTECH::IZTECH_S002::2025-01-12,IZTECH,IZTECH::IZTECH_S002,0.4011308819210179,-0.8904688100759861
residual_fitted,IZTECH::IZTECH_S003::2025-01-07,IZTECH,IZTECH::IZTECH_S003,0.39134057384767507,-0.07384774354108978
residual_fitted,IZTECH::IZTECH_S003::2025-01-08,IZTECH,IZTECH::IZTECH_S003,0.3922752376759183,0.004927365169138122
residual_fitted,IZTECH::IZTECH_S003::2025-01-09,IZTECH,IZTECH::IZTECH_S003,0.393260766102441,0.28506391830276107
residual_fitted,IZTECH::IZTECH_S003::2025-01-10,IZTECH,IZTECH::IZTECH_S003,0.39429677695728466,0.08067540945251497
residual_fitted,IZTECH::IZTECH_S003::2025-01-11,IZTECH,IZTECH::IZTECH_S003,0.3953828742099339,-0.9268337023063187
residual_fitted,IZTECH::IZTECH_S003::2025-01-12,IZTECH,IZTECH::IZTECH_S003,0.39651864903178863,0.15530904099876988
residual_fitted,IZTECH::IZTECH_S004::2025-01-22,IZTECH,IZTECH::IZTECH_S004,0.6456385253792871,0.7836277724387346
residual_fitted,IZTECH::IZTECH_S004::2025-01-23,IZTECH,IZTECH::IZTECH_S004,0.6482378132136526,0.6662834421456683
residual_fitted,IZTECH::IZTECH_S004::2025-01-24,IZTECH,IZTECH::IZTECH_S004,0.650906572788948,-0.16807224030626342
residual_fitted,IZTECH::IZTECH_S004::2025-01-25,IZTECH,IZTECH::IZTECH_S004,0.6536440539478707,-0.8047380857350886
residual_fitted,IZTECH::IZTECH_S004::2025-01-26,IZTECH,IZTECH::IZTECH_S004,0.6564495092155345,1.2500290039583308
residual_fitted,IZTECH::IZTECH_S005::2025-01-21,IZTECH,IZTECH::IZTECH_S005,0.5496572387024262,0.6542837087463246
residual_fitted,IZTECH::IZTECH_S005::2025-01-22,IZTECH,IZTECH::IZTECH_S005,0.5518187971410984,-1.0083174991897583
residual_fitted,IZTECH::IZTECH_S005::2025-01-23,IZTECH,IZTECH::IZTECH_S005,0.5540403744321073,0.8916506154997602
residual_fitted,IZTECH::IZTECH_S005::2025-01-24,IZTECH,IZTECH::IZTECH_S005,0.5563213283108015,2.1584868206335828
residual_fitted,IZTECH::IZTECH_S005::2025-01-25,IZTECH,IZTECH::IZTECH_S005,0.558661017627553,-0.9804903283989885
residual_fitted,IZTECH::IZTECH_S005::2025-01-26,IZTECH,IZTECH::IZTECH_S005,0.5610588035253601,-0.6729904022052426
residual_fitted,IZTECH::IZTECH_S006::2025-02-18,IZTECH,IZTECH::IZTECH_S006,0.6579132085981504,0.643284755211062
residual_fitted,IZTECH::IZTECH_S006::2025-02-19,IZTECH,IZTECH::IZTECH_S006,0.6616900202485317,0.6889694093970089
residual_fitted,IZTECH::IZTECH_S006::2025-02-20,IZTECH,IZTECH::IZTECH_S006,0.6655139330920247,2.0097604762758405
residual_fitted,IZTECH::IZTECH_S006::2025-02-21,IZTECH,IZTECH::IZTECH_S006,0.6693845802177169,-1.0586750285166464
residual_fitted,IZTECH::IZTECH_S006::2025-02-22,IZTECH,IZTECH::IZTECH_S006,0.6733016077909246,-0.49525888538881485
residual_fitted,IZTECH::IZTECH_S006::2025-02-23,IZTECH,IZTECH::IZTECH_S006,0.6772646747288584,-0.5796779689973279
residual_fitted,IZTECH::IZTECH_S007::2025-02-25,IZTECH,IZTECH::IZTECH_S007,0.4112269894496891,-0.3898430964976968
residual_fitted,IZTECH::IZTECH_S007::2025-02-26,IZTECH,IZTECH::IZTECH_S007,0.4136867266253362,0.22777835577501096
residual_fitted,IZTECH::IZTECH_S007::2025-02-27,IZTECH,IZTECH::IZTECH_S007,0.4161733413974522,0.4531086891408597
residual_fitted,IZTECH::IZTECH_S007::2025-02-28,IZTECH,IZTECH::IZTECH_S007,0.4186866627547934,0.21441675515658715
residual_fitted,IZTECH::IZTECH_S007::2025-03-01,IZTECH,IZTECH::IZTECH_S007,0.42122652532506305,-0.9418003042377635
residual_fitted,IZTECH::IZTECH_S007::2025-03-02,IZTECH,IZTECH::IZTECH_S007,0.42379276896497076,-0.9432483206707626
residual_fitted,IZTECH::IZTECH_S008::2025-03-04,IZTECH,IZTECH::IZTECH_S008,0.9375806269142126,0.7129470230102934
residual_fitted,IZTECH::IZTECH_S008::2025-03-05,IZTECH,IZTECH::IZTECH_S008,0.9433600745404883,0.2852841295361969
residual_fitted,IZTECH::IZTECH_S008::2025-03-06,IZTECH,IZTECH::IZTECH_S008,0.9491958708497968,2.0211561452446434
residual_fitted,IZTECH::IZTECH_S008::2025-03-07,IZTECH,IZTECH::IZTECH_S008,0.955087706790215,0.16499486796300858
residual_fitted,IZTECH::IZTECH_S008::2025-03-09,IZTECH,IZTECH::IZTECH_S008,0.9670382831277423,-0.9157534740002536
residual_fitted,IZTECH::IZTECH_S009::2025-03-18,IZTECH,IZTECH::IZTECH_S009,0.68600173860502,-1.0652414130644905
residual_fitted,IZTECH::IZTECH_S009::2025-03-19,IZTECH,IZTECH::IZTECH_S009,0.6903854099775839,-1.066953631757958
residual_fitted,IZTECH::IZTECH_S009::2025-03-20,IZTECH,IZTECH::IZTECH_S009,0.6948038588310145,3.056247855346213
residual_fitted,IZTECH::IZTECH_S009::2025-03-21,IZTECH,IZTECH::IZTECH_S009,0.6992568236111646,-1.0703937908655683
residual_fitted,IZTECH::IZTECH_S009::2025-03-22,IZTECH,IZTECH::IZTECH_S009,0.7037440293113416,-0.8379295359677951
residual_fitted,IZTECH::IZTECH_S009::2025-03-24,IZTECH,IZTECH::IZTECH_S009,0.7128199865428884,0.49644698174985297
residual_fitted,IZTECH::IZTECH_S009::2025-03-25,IZTECH,IZTECH::IZTECH_S009,0.7174081064671737,-1.0773312145955656
residual_fitted,IZTECH::IZTECH_S009::2025-03-26,IZTECH,IZTECH::IZTECH_S009,0.7220292007016025,2.1878509422852415
residual_fitted,IZTECH::IZTECH_S010::2025-04-15,IZTECH,IZTECH::IZTECH_S010,0.7067323937678247,0.1717713619112383
residual_fitted,IZTECH::IZTECH_S010::2025-04-16,IZTECH,IZTECH::IZTECH_S010,0.7111917047790778,-0.5586587930873139
residual_fitted,IZTECH::IZTECH_S010::2025-04-18,IZTECH,IZTECH::IZTECH_S010,0.7201511032545558,-0.18331162864314904
residual_fitted,IZTECH::IZTECH_S010::2025-04-19,IZTECH,IZTECH::IZTECH_S010,0.7246487360209746,0.5744009244743362
residual_fitted,IZTECH::IZTECH_S010::2025-04-20,IZTECH,IZTECH::IZTECH_S010,0.7291565790883844,-0.14437359508963857
residual_fitted,IZTECH::IZTECH_S011::2025-04-15,IZTECH,IZTECH::IZTECH_S011,0.6498971632070984,-8.412715704941163e-4
residual_fitted,IZTECH::IZTECH_S011::2025-04-16,IZTECH,IZTECH::IZTECH_S011,0.6539978576165069,-0.03497771345660687
residual_fitted,IZTECH::IZTECH_S011::2025-04-17,IZTECH,IZTECH::IZTECH_S011,0.6581114174946637,-0.45199966913830064
residual_fitted,IZTECH::IZTECH_S011::2025-04-18,IZTECH,IZTECH::IZTECH_S011,0.662236743656826,-0.26580005412990837
residual_fitted,IZTECH::IZTECH_S011::2025-04-19,IZTECH,IZTECH::IZTECH_S011,0.6663726779960735,0.21689703196141502
residual_fitted,IZTECH::IZTECH_S011::2025-04-20,IZTECH,IZTECH::IZTECH_S011,0.6705180015266302,0.02038282312096672
residual_fitted,IZTECH::IZTECH_S012::2025-04-22,IZTECH,IZTECH::IZTECH_S012,1.2497026898088606,-0.34436577402064045
residual_fitted,IZTECH::IZTECH_S012::2025-04-23,IZTECH,IZTECH::IZTECH_S012,1.2573712874871787,2.1190603418631255
residual_fitted,IZTECH::IZTECH_S012::2025-04-24,IZTECH,IZTECH::IZTECH_S012,1.2650470041697035,-0.07208813676651113
residual_fitted,IZTECH::IZTECH_S012::2025-04-25,IZTECH,IZTECH::IZTECH_S012,1.2727269845219307,2.6339751553018487
residual_fitted,IZTECH::IZTECH_S012::2025-04-26,IZTECH,IZTECH::IZTECH_S012,1.2804082417628624,-1.0309887784729186
residual_fitted,IZTECH::IZTECH_S012::2025-04-27,IZTECH,IZTECH::IZTECH_S012,1.2880876548541436,-1.2482800806360266
residual_fitted,IZTECH::IZTECH_S013::2025-04-22,IZTECH,IZTECH::IZTECH_S013,0.6359151470687963,2.0726749459168357
residual_fitted,IZTECH::IZTECH_S013::2025-04-23,IZTECH,IZTECH::IZTECH_S013,0.6398173371338308,-0.8230129110940947
residual_fitted,IZTECH::IZTECH_S013::2025-04-24,IZTECH,IZTECH::IZTECH_S013,0.6437231497265625,-0.9369670016825784
residual_fitted,IZTECH::IZTECH_S013::2025-04-25,IZTECH,IZTECH::IZTECH_S013,0.6476311319010419,0.8062625375762471
residual_fitted,IZTECH::IZTECH_S013::2025-04-26,IZTECH,IZTECH::IZTECH_S013,0.6515397638243576,-0.8860149707631119
residual_fitted,IZTECH::IZTECH_S013::2025-04-27,IZTECH,IZTECH::IZTECH_S013,0.6554474573463193,-1.0530722265631671
residual_fitted,IZTECH::IZTECH_S014::2025-04-29,IZTECH,IZTECH::IZTECH_S014,1.391098504083625,-0.525454564930079
residual_fitted,IZTECH::IZTECH_S014::2025-04-30,IZTECH,IZTECH::IZTECH_S014,1.399267087361862,2.073003995438732
residual_fitted,IZTECH::IZTECH_S014::2025-05-01,IZTECH,IZTECH::IZTECH_S014,1.4074188984168468,0.6678116482228211
residual_fitted,IZTECH::IZTECH_S014::2025-05-02,IZTECH,IZTECH::IZTECH_S014,1.4155498568186633,0.043011762051279996
residual_fitted,IZTECH::IZTECH_S014::2025-05-03,IZTECH,IZTECH::IZTECH_S014,1.4236557279719249,-0.6069785509830808
residual_fitted,IZTECH::IZTECH_S014::2025-05-04,IZTECH,IZTECH::IZTECH_S014,1.4317321225045945,0.6068998869253153
residual_fitted,IZTECH::IZTECH_S015::2025-04-29,IZTECH,IZTECH::IZTECH_S015,0.5991499152055456,-0.4713042219349608
residual_fitted,IZTECH::IZTECH_S015::2025-04-30,IZTECH,IZTECH::IZTECH_S015,0.6026681462755511,-0.7970168923486209
residual_fitted,IZTECH::IZTECH_S015::2025-05-01,IZTECH,IZTECH::IZTECH_S015,0.6061791535033125,-0.8577929002192242
residual_fitted,IZTECH::IZTECH_S015::2025-05-02,IZTECH,IZTECH::IZTECH_S015,0.6096811794365496,-1.034017956037493
residual_fitted,IZTECH::IZTECH_S015::2025-05-03,IZTECH,IZTECH::IZTECH_S015,0.6131724002234938,0.17702060536349865
residual_fitted,IZTECH::IZTECH_S015::2025-05-04,IZTECH,IZTECH::IZTECH_S015,0.6166509253496517,1.6364709642605735
residual_fitted,IZTECH::IZTECH_S016::2025-05-06,IZTECH,IZTECH::IZTECH_S016,0.4641999218449919,-0.39544352801164895
residual_fitted,IZTECH::IZTECH_S016::2025-05-07,IZTECH,IZTECH::IZTECH_S016,0.46675215709808254,-0.7892390199985091
residual_fitted,IZTECH::IZTECH_S016::2025-05-08,IZTECH,IZTECH::IZTECH_S016,0.4692888181660351,-0.7912872702689867
residual_fitted,IZTECH::IZTECH_S016::2025-05-09,IZTECH,IZTECH::IZTECH_S016,0.4718082529877279,0.2620078652381705
residual_fitted,IZTECH::IZTECH_S016::2025-05-10,IZTECH,IZTECH::IZTECH_S016,0.474308762528406,-0.3047822786890818
residual_fitted,IZTECH::IZTECH_S016::2025-05-11,IZTECH,IZTECH::IZTECH_S016,0.47678860193560324,-0.936871499310462
residual_fitted,IZTECH::IZTECH_S017::2025-05-27,IZTECH,IZTECH::IZTECH_S017,1.1570730298209373,-1.1971942913784497
residual_fitted,IZTECH::IZTECH_S017::2025-05-28,IZTECH,IZTECH::IZTECH_S017,1.1612028542207762,0.51408340422529
residual_fitted,IZTECH::IZTECH_S017::2025-05-29,IZTECH,IZTECH::IZTECH_S017,1.165203683902348,0.8110046659136875
residual_fitted,IZTECH::IZTECH_S017::2025-05-30,IZTECH,IZTECH::IZTECH_S017,1.1690708706982953,1.993982383936107
residual_fitted,IZTECH::IZTECH_S017::2025-05-31,IZTECH,IZTECH::IZTECH_S017,1.172799835646482,0.0023995804706776064
residual_fitted,IZTECH::IZTECH_S017::2025-06-01,IZTECH,IZTECH::IZTECH_S017,1.1763860827990167,-1.0965000246449703
residual_fitted,KNUST::KNUST_S001::2024-10-08,KNUST,KNUST::KNUST_S001,0.6094885353425598,0.1841157253673349
residual_fitted,KNUST::KNUST_S001::2024-10-09,KNUST,KNUST::KNUST_S001,0.6089922619692973,-0.27922803181972705
residual_fitted,KNUST::KNUST_S001::2024-10-11,KNUST,KNUST::KNUST_S001,0.6080151471084057,0.041700928315236016
residual_fitted,KNUST::KNUST_S001::2024-10-12,KNUST,KNUST::KNUST_S001,0.6075344100619877,-0.6260966553722012
residual_fitted,KNUST::KNUST_S001::2024-10-13,KNUST,KNUST::KNUST_S001,0.6070589549283271,-1.032893966643362
residual_fitted,KNUST::KNUST_S002::2024-10-15,KNUST,KNUST::KNUST_S002,0.7938676732793148,-1.1051784677330876
residual_fitted,KNUST::KNUST_S002::2024-10-16,KNUST,KNUST::KNUST_S002,0.7932660949938134,-0.5819208976247701
residual_fitted,KNUST::KNUST_S002::2024-10-17,KNUST,KNUST::KNUST_S002,0.792671693910353,0.0846553892942234
residual_fitted,KNUST::KNUST_S002::2024-10-18,KNUST,KNUST::KNUST_S002,0.7920845331811149,2.941715765746274
residual_fitted,KNUST::KNUST_S002::2024-10-19,KNUST,KNUST::KNUST_S002,0.7915046754276125,-0.5804248680753623
residual_fitted,KNUST::KNUST_S002::2024-10-20,KNUST,KNUST::KNUST_S002,0.7909321828206781,-1.104147534460256
residual_fitted,KNUST::KNUST_S003::2024-10-22,KNUST,KNUST::KNUST_S003,0.7271313127846378,0.416882231728342
residual_fitted,KNUST::KNUST_S003::2024-10-23,KNUST,KNUST::KNUST_S003,0.7266249343905254,0.49406220618229274
residual_fitted,KNUST::KNUST_S003::2024-10-24,KNUST,KNUST::KNUST_S003,0.7261255624492006,-1.0552018397305194
residual_fitted,KNUST::KNUST_S003::2024-10-25,KNUST,KNUST::KNUST_S003,0.7256332528608008,1.3351552541819631
residual_fitted,KNUST::KNUST_S003::2024-10-26,KNUST,KNUST::KNUST_S003,0.725148061394245,-1.0802492170959799
residual_fitted,KNUST::KNUST_S003::2024-10-27,KNUST,KNUST::KNUST_S003,0.7246700437522481,-0.8509953255101892
residual_fitted,KNUST::KNUST_S004::2024-10-30,KNUST,KNUST::KNUST_S004,0.998243224471625,2.0679026130560088
residual_fitted,KNUST::KNUST_S004::2024-11-01,KNUST,KNUST::KNUST_S004,0.9970147683724904,-0.4500485406337791
residual_fitted,KNUST::KNUST_S004::2024-11-02,KNUST,KNUST::KNUST_S004,0.9964160443418726,-0.9900734130203044
residual_fitted,KNUST::KNUST_S005::2024-11-07,KNUST,KNUST::KNUST_S005,0.6081416480473617,0.3900737184398647
residual_fitted,KNUST::KNUST_S005::2024-11-08,KNUST,KNUST::KNUST_S005,0.6078142303621811,-1.0332180823892865
residual_fitted,KNUST::KNUST_S005::2024-11-09,KNUST,KNUST::KNUST_S005,0.6074934858349753,-1.0330804765411152
residual_fitted,KNUST::KNUST_S006::2024-11-12,KNUST,KNUST::KNUST_S006,0.7281905092854664,1.32779775732104
residual_fitted,KNUST::KNUST_S006::2024-11-13,KNUST,KNUST::KNUST_S006,0.7278380698455623,-1.0051504813028356
residual_fitted,KNUST::KNUST_S006::2024-11-14,KNUST,KNUST::KNUST_S006,0.727493926704755,-0.5481872856350987
residual_fitted,KNUST::KNUST_S006::2024-11-15,KNUST,KNUST::KNUST_S006,0.7271581367131893,-0.49710190915956076
residual_fitted,KNUST::KNUST_S006::2024-11-16,KNUST,KNUST::KNUST_S006,0.7268307566172179,-0.3698027576601225
residual_fitted,KNUST::KNUST_S006::2024-11-17,KNUST,KNUST::KNUST_S006,0.7265118429428689,0.4180773331103434
residual_fitted,KNUST::KNUST_S007::2024-11-19,KNUST,KNUST::KNUST_S007,1.2114594231482205,-0.8663766289616855
residual_fitted,KNUST::KNUST_S007::2024-11-20,KNUST,KNUST::KNUST_S007,1.2109701366934968,-0.520500032921833
residual_fitted,KNUST::KNUST_S007::2024-11-21,KNUST,KNUST::KNUST_S007,1.210495352623546,1.4332813944492324
residual_fitted,KNUST::KNUST_S007::2024-11-22,KNUST,KNUST::KNUST_S007,1.2100351623855332,1.4168700748116434
residual_fitted,KNUST::KNUST_S008::2024-11-27,KNUST,KNUST::KNUST_S008,0.6930503378405137,-1.0153435695602286
residual_fitted,KNUST::KNUST_S008::2024-11-28,KNUST,KNUST::KNUST_S008,0.6928376156590824,-0.7782825886699861
residual_fitted,KNUST::KNUST_S008::2024-11-29,KNUST,KNUST::KNUST_S008,0.692633615399771,-0.4621139740418616
residual_fitted,KNUST::KNUST_S008::2024-11-30,KNUST,KNUST::KNUST_S008,0.6924383833481308,2.198533316585858
residual_fitted,KNUST::KNUST_S008::2024-12-01,KNUST,KNUST::KNUST_S008,0.6922519646805112,-0.8569092860060481
residual_fitted,KNUST::KNUST_S009::2024-12-03,KNUST,KNUST::KNUST_S009,0.901956021914423,-0.08381805688720509
residual_fitted,KNUST::KNUST_S009::2024-12-04,KNUST,KNUST::KNUST_S009,0.9017478136142785,-0.213075516574559
residual_fitted,KNUST::KNUST_S009::2024-12-05,KNUST,KNUST::KNUST_S009,0.901551312866963,1.449430540570084
residual_fitted,KNUST::KNUST_S009::2024-12-06,KNUST,KNUST::KNUST_S009,0.9013665695562844,0.06803183290349023
residual_fitted,KNUST::KNUST_S009::2024-12-07,KNUST,KNUST::KNUST_S009,0.901193631436893,-0.8387135723114697
residual_fitted,KNUST::KNUST_S009::2024-12-08,KNUST,KNUST::KNUST_S009,0.9010325440438122,-0.03951156852444343
residual_fitted,KNUST::KNUST_S010::2024-12-10,KNUST,KNUST::KNUST_S010,0.6263055712195754,-1.0410602748800977
residual_fitted,KNUST::KNUST_S010::2024-12-11,KNUST,KNUST::KNUST_S010,0.6262184577205803,-0.5011372015903236
residual_fitted,KNUST::KNUST_S010::2024-12-12,KNUST,KNUST::KNUST_S010,0.6261396940716875,1.2324313846903703
residual_fitted,KNUST::KNUST_S010::2024-12-13,KNUST,KNUST::KNUST_S010,0.6260693032080534,-1.0409611815989033
residual_fitted,KNUST::KNUST_S010::2024-12-14,KNUST,KNUST::KNUST_S010,0.6260073061382496,0.06753481591918878
residual_fitted,KNUST::KNUST_S010::2024-12-15,KNUST,KNUST::KNUST_S010,0.6259537219044153,-0.10291600990271028
residual_fitted,KNUST::KNUST_S011::2024-12-17,KNUST,KNUST::KNUST_S011,1.2979048225287257,2.9154071198346996
residual_fitted,KNUST::KNUST_S011::2024-12-18,KNUST,KNUST::KNUST_S011,1.2978462350758448,1.5377605807955432
residual_fitted,KNUST::KNUST_S011::2024-12-19,KNUST,KNUST::KNUST_S011,1.2978052090668493,-0.0368320119442975
residual_fitted,KNUST::KNUST_S011::2024-12-20,KNUST,KNUST::KNUST_S011,1.297781762317985,-0.11882492746985546
residual_fitted,KNUST::KNUST_S011::2024-12-21,KNUST,KNUST::KNUST_S011,1.29777590818378,-1.250632263075288
residual_fitted,KNUST::KNUST_S011::2024-12-22,KNUST,KNUST::KNUST_S011,1.2977876554417895,-1.250635107108204
residual_fitted,KNUST::KNUST_S012::2025-01-07,KNUST,KNUST::KNUST_S012,1.354172371736255,-0.7239672423607946
residual_fitted,KNUST::KNUST_S012::2025-01-08,KNUST,KNUST::KNUST_S012,1.354493155500158,1.0070508277573798
residual_fitted,KNUST::KNUST_S012::2025-01-09,KNUST,KNUST::KNUST_S012,1.3548316671176397,-1.232463411283539
residual_fitted,KNUST::KNUST_S012::2025-01-10,KNUST,KNUST::KNUST_S012,1.355187836189668,1.1012681303265441
residual_fitted,KNUST::KNUST_S012::2025-01-11,KNUST,KNUST::KNUST_S012,1.3555615893870525,-0.3437574036138176
residual_fitted,KNUST::KNUST_S012::2025-01-12,KNUST,KNUST::KNUST_S012,1.3559528504763165,2.1316052838858357
residual_fitted,KNUST::KNUST_S013::2025-01-14,KNUST,KNUST::KNUST_S013,1.162234212769945,0.6909112616909886
residual_fitted,KNUST::KNUST_S013::2025-01-15,KNUST,KNUST::KNUST_S013,1.16261394787092,-0.28983118288940946
residual_fitted,KNUST::KNUST_S013::2025-01-16,KNUST,KNUST::KNUST_S013,1.1630083974312315,-0.2545383903520539
residual_fitted,KNUST::KNUST_S013::2025-01-17,KNUST,KNUST::KNUST_S013,1.1634174859857094,1.1700623110803376
residual_fitted,KNUST::KNUST_S014::2025-01-21,KNUST,KNUST::KNUST_S014,0.7585637103230457,0.5549728701939441
residual_fitted,KNUST::KNUST_S014::2025-01-22,KNUST,KNUST::KNUST_S014,0.7588769132953822,0.6772602196720148
residual_fitted,KNUST::KNUST_S014::2025-01-23,KNUST,KNUST::KNUST_S014,0.7591993320527607,0.16050406250044527
residual_fitted,KNUST::KNUST_S014::2025-01-24,KNUST,KNUST::KNUST_S014,0.7595309116097863,-1.0929348676524568
residual_fitted,KNUST::KNUST_S014::2025-01-25,KNUST,KNUST::KNUST_S014,0.7598715964634651,-0.30718698533381317
residual_fitted,KNUST::KNUST_S014::2025-01-26,KNUST,KNUST::KNUST_S014,0.7602213306071706,-0.4548861180674079
residual_fitted,KNUST::KNUST_S015::2025-01-28,KNUST,KNUST::KNUST_S015,1.130751227875401,-0.38913081238365055
residual_fitted,KNUST::KNUST_S015::2025-01-29,KNUST,KNUST::KNUST_S015,1.1313107608530064,1.2112992274258383
residual_fitted,KNUST::KNUST_S015::2025-01-30,KNUST,KNUST::KNUST_S015,1.131883402433317,-0.3718675833977247
residual_fitted,KNUST::KNUST_S015::2025-01-31,KNUST,KNUST::KNUST_S015,1.1324690669439492,0.48200807609442525
residual_fitted,KNUST::KNUST_S015::2025-02-01,KNUST,KNUST::KNUST_S015,1.1330676683875056,0.28129733352892633
residual_fitted,RISE::RISE_S001::2025-03-04,RISE,RISE::RISE_S001,1.07947298692923,0.049831223873848626
residual_fitted,RISE::RISE_S001::2025-03-05,RISE,RISE::RISE_S001,1.0929061317676603,-1.1977747675893806
residual_fitted,RISE::RISE_S001::2025-03-06,RISE,RISE::RISE_S001,1.1065513732862893,-0.4246031972800143
residual_fitted,RISE::RISE_S001::2025-03-07,RISE,RISE::RISE_S001,1.1204114974724448,1.4518641623450204
residual_fitted,RISE::RISE_S001::2025-03-08,RISE,RISE::RISE_S001,1.134489389143258,-0.5010897338609498
residual_fitted,RISE::RISE_S001::2025-03-09,RISE,RISE::RISE_S001,1.1487880321410946,1.5744482668851716
residual_fitted,RISE::RISE_S002::2025-03-18,RISE,RISE::RISE_S002,0.7745835153898465,-0.2511443691619218
residual_fitted,RISE::RISE_S002::2025-03-19,RISE,RISE::RISE_S002,0.7846222519367435,-0.04715091967407055
residual_fitted,RISE::RISE_S002::2025-03-20,RISE,RISE::RISE_S002,0.7948174104027911,0.3900988669390819
residual_fitted,RISE::RISE_S002::2025-03-21,RISE,RISE::RISE_S002,0.8051714905020377,0.795131194446677
residual_fitted,RISE::RISE_S002::2025-03-22,RISE,RISE::RISE_S002,0.8156870473177513,-1.1127526189466277
residual_fitted,RISE::RISE_S002::2025-03-23,RISE,RISE::RISE_S002,0.8263666902163238,-1.024191496946914
residual_fitted,RISE::RISE_S003::2025-03-18,RISE,RISE::RISE_S003,0.9479899842637488,-0.7607384230523291
residual_fitted,RISE::RISE_S003::2025-03-19,RISE,RISE::RISE_S003,0.9602760986878741,-0.29484887296614476
residual_fitted,RISE::RISE_S003::2025-03-20,RISE,RISE::RISE_S003,0.9727536532985355,0.3453444329971526
residual_fitted,RISE::RISE_S003::2025-03-21,RISE,RISE::RISE_S003,0.9854257074222412,1.094031823930503
residual_fitted,RISE::RISE_S003::2025-03-22,RISE,RISE::RISE_S003,0.9982953881502589,0.24856627270029105
residual_fitted,RISE::RISE_S003::2025-03-23,RISE,RISE::RISE_S003,1.011365889009375,-0.9568858324884012
residual_fitted,RISE::RISE_S004::2025-03-25,RISE,RISE::RISE_S004,1.4403133781611284,-1.1018347064230105
residual_fitted,RISE::RISE_S004::2025-03-26,RISE,RISE::RISE_S004,1.4593110109448517,3.051155280942973
residual_fitted,RISE::RISE_S004::2025-03-27,RISE,RISE::RISE_S004,1.4786058634519896,-1.1436179222300613
residual_fitted,RISE::RISE_S004::2025-03-28,RISE,RISE::RISE_S004,1.498202788914202,-0.7372151533191917
residual_fitted,RISE::RISE_S004::2025-03-29,RISE,RISE::RISE_S004,1.5181067147487124,1.8179488968453013
residual_fitted,RISE::RISE_S004::2025-03-30,RISE,RISE::RISE_S004,1.5383226381776234,-0.8867430768119594
residual_fitted,RISE::RISE_S005::2025-04-01,RISE,RISE::RISE_S005,1.5951505300344109,0.479982076917528
residual_fitted,RISE::RISE_S005::2025-04-02,RISE,RISE::RISE_S005,1.6165400829351375,0.09622285642696671
residual_fitted,RISE::RISE_S005::2025-04-03,RISE,RISE::RISE_S005,1.638265463042802,1.4949116008817895
residual_fitted,RISE::RISE_S005::2025-04-04,RISE,RISE::RISE_S005,1.6603319817689335,-0.1997822929363598
residual_fitted,RISE::RISE_S005::2025-04-05,RISE,RISE::RISE_S005,1.682744981602087,0.04058046070249489
residual_fitted,RISE::RISE_S005::2025-04-06,RISE,RISE::RISE_S005,1.7055098269374651,-0.8855476785774724
residual_fitted,RISE::RISE_S006::2025-04-15,RISE,RISE::RISE_S006,1.720356276831145,0.5011282292790933
residual_fitted,RISE::RISE_S006::2025-04-16,RISE,RISE::RISE_S006,1.7440797463256532,0.20192120430137084
residual_fitted,RISE::RISE_S006::2025-04-17,RISE,RISE::RISE_S006,1.7681679805123045,0.5970552606764272
residual_fitted,RISE::RISE_S006::2025-04-18,RISE,RISE::RISE_S006,1.7926249925360433,1.8194576272411251
residual_fitted,RISE::RISE_S006::2025-04-19,RISE,RISE::RISE_S006,1.8174546053686407,-1.348230770330109
residual_fitted,RISE::RISE_S006::2025-04-20,RISE,RISE::RISE_S006,1.842660424171827,-1.176768742462311
residual_fitted,RISE::RISE_S007::2025-04-15,RISE,RISE::RISE_S007,1.9894850157370785,1.032520105716345
residual_fitted,RISE::RISE_S007::2025-04-16,RISE,RISE::RISE_S007,2.0169197324386428,0.27347683206694934
residual_fitted,RISE::RISE_S007::2025-04-17,RISE,RISE::RISE_S007,2.0447762768157074,0.4610441572014295
residual_fitted,RISE::RISE_S007::2025-04-18,RISE,RISE::RISE_S007,2.0730592898207543,1.3012107673730833
residual_fitted,RISE::RISE_S007::2025-04-19,RISE,RISE::RISE_S007,2.1017731924828214,-0.9325072324277789
residual_fitted,RISE::RISE_S007::2025-04-20,RISE,RISE::RISE_S007,2.1309221539471825,-1.0326236088823595
residual_fitted,RISE::RISE_S008::2025-04-29,RISE,RISE::RISE_S008,4.1019992795077584,-0.435684752211142
residual_fitted,RISE::RISE_S008::2025-04-30,RISE,RISE::RISE_S008,4.159185245661882,0.3023268210543747
residual_fitted,RISE::RISE_S008::2025-05-01,RISE,RISE::RISE_S008,4.217139534736705,1.6453357704145422
residual_fitted,RISE::RISE_S008::2025-05-02,RISE,RISE::RISE_S008,4.275857819984689,0.20985144074753
residual_fitted,RISE::RISE_S008::2025-05-03,RISE,RISE::RISE_S008,4.335334082239122,0.13813347845458623
residual_fitted,RISE::RISE_S008::2025-05-04,RISE,RISE::RISE_S008,4.395560453750122,0.6560038965072301
residual_fitted,RISE::RISE_S009::2025-05-27,RISE,RISE::RISE_S009,1.9752882714665607,-0.8041191615232332
residual_fitted,RISE::RISE_S009::2025-05-28,RISE,RISE::RISE_S009,1.9976573159121611,-1.002583538625261
residual_fitted,RISE::RISE_S009::2025-05-29,RISE,RISE::RISE_S009,2.019774909756682,2.2336330293058797
residual_fitted,RISE::RISE_S009::2025-05-30,RISE,RISE::RISE_S009,2.0415920497309634,-1.2730041307605926
residual_fitted,RISE::RISE_S009::2025-05-31,RISE,RISE::RISE_S009,2.0630568600245085,0.0753828233042655
residual_fitted,RISE::RISE_S009::2025-06-01,RISE,RISE::RISE_S009,2.084114652396448,-0.19197247671899642
residual_fitted,RISE::RISE_S010::2025-06-10,RISE,RISE::RISE_S010,2.33704835224173,-1.1863216640830734
residual_fitted,RISE::RISE_S010::2025-06-11,RISE,RISE::RISE_S010,2.3511182080491873,-0.9486655914012139
residual_fitted,RISE::RISE_S010::2025-06-12,RISE,RISE::RISE_S010,2.36402411015112,1.60414109174677
residual_fitted,RISE::RISE_S010::2025-06-13,RISE,RISE::RISE_S010,2.3757022764965177,-1.3618855076667755
residual_fitted,RISE::RISE_S010::2025-06-14,RISE,RISE::RISE_S010,2.3860928768263956,1.0819643906641163
residual_fitted,RISE::RISE_S012::2025-06-10,RISE,RISE::RISE_S012,3.822284138873666,-1.2834318736537382
residual_fitted,RISE::RISE_S012::2025-06-11,RISE,RISE::RISE_S012,3.845295638245298,0.32515825104200974
residual_fitted,RISE::RISE_S012::2025-06-12,RISE,RISE::RISE_S012,3.866403470633428,0.12755902864483837
residual_fitted,RISE::RISE_S012::2025-06-13,RISE,RISE::RISE_S012,3.885503319359419,0.7719013888833524
residual_fitted,RISE::RISE_S012::2025-06-14,RISE,RISE::RISE_S012,3.902497330970763,1.4129552865577282
residual_fitted,RISE::RISE_S012::2025-06-15,RISE,RISE::RISE_S012,3.9172956098521126,-0.5156216258745823
residual_fitted,RISE::RISE_S012::2025-06-16,RISE,RISE::RISE_S012,3.9298176778085847,0.021005722844830044
residual_fitted,RISE::RISE_S013::2025-06-24,RISE,RISE::RISE_S013,2.2611588717411277,-0.8547762566827253
residual_fitted,RISE::RISE_S013::2025-06-25,RISE,RISE::RISE_S013,2.2557152011413817,0.37970269426212494
residual_fitted,RISE::RISE_S013::2025-06-26,RISE,RISE::RISE_S013,2.248920567556886,0.753364556581592
residual_fitted,RISE::RISE_S013::2025-06-27,RISE,RISE::RISE_S013,2.240813926333289,-1.3691081609454847
residual_fitted,RISE::RISE_S013::2025-06-28,RISE,RISE::RISE_S013,2.231440535383477,-0.93137948617684
residual_fitted,RISE::RISE_S013::2025-06-29,RISE,RISE::RISE_S013,2.2208511739212673,1.008434936412903
residual_fitted,RISE::RISE_S016::2025-10-07,RISE,RISE::RISE_S016,0.463754854704245,-0.7868028678516331
residual_fitted,RISE::RISE_S016::2025-10-08,RISE,RISE::RISE_S016,0.45813084987680797,-0.8900829914939986
residual_fitted,RISE::RISE_S016::2025-10-09,RISE,RISE::RISE_S016,0.45259271262930767,-0.5597886876892479
residual_fitted,RISE::RISE_S016::2025-10-10,RISE,RISE::RISE_S016,0.44713937497870204,-0.9561271519274388
residual_fitted,RISE::RISE_S016::2025-10-11,RISE,RISE::RISE_S016,0.4417698089925818,-0.2138891559008978
residual_fitted,RISE::RISE_S016::2025-10-12,RISE,RISE::RISE_S016,0.43648302655108007,0.0941759042925274
residual_fitted,THUAS::THUAS_S001::2025-02-22,THUAS,THUAS::THUAS_S001,0.5423932111267339,-1.003940622285761
residual_fitted,THUAS::THUAS_S001::2025-02-23,THUAS,THUAS::THUAS_S001,0.547620801274298,1.1629059178890226
residual_fitted,THUAS::THUAS_S001::2025-02-24,THUAS,THUAS::THUAS_S001,0.5529249300038815,-1.0088274397298993
residual_fitted,THUAS::THUAS_S001::2025-02-25,THUAS,THUAS::THUAS_S001,0.558305893414293,-1.011297213603744
residual_fitted,THUAS::THUAS_S001::2025-02-26,THUAS,THUAS::THUAS_S001,0.5637640144223258,1.938950015418764
residual_fitted,THUAS::THUAS_S001::2025-02-27,THUAS,THUAS::THUAS_S001,0.5692996423826434,-1.0162878930860302
residual_fitted,THUAS::THUAS_S001::2025-02-28,THUAS,THUAS::THUAS_S001,0.5749131527152876,0.10254412576907304
residual_fitted,THUAS::THUAS_S001::2025-03-02,THUAS,THUAS::THUAS_S001,0.586375449401718,-1.0238973769224653
residual_fitted,THUAS::THUAS_S002::2025-03-04,THUAS,THUAS::THUAS_S002,1.0015124697577962,0.9621161585161117
residual_fitted,THUAS::THUAS_S002::2025-03-05,THUAS,THUAS::THUAS_S002,1.01157428226072,-1.1747029458732228
residual_fitted,THUAS::THUAS_S002::2025-03-06,THUAS,THUAS::THUAS_S002,1.0217711322434004,-0.8633693268079031
residual_fitted,THUAS::THUAS_S002::2025-03-07,THUAS,THUAS::THUAS_S002,1.0321039260377824,2.0165838273403693
residual_fitted,THUAS::THUAS_S002::2025-03-08,THUAS,THUAS::THUAS_S002,1.0425736045949499,0.8091425071872991
residual_fitted,THUAS::THUAS_S002::2025-03-09,THUAS,THUAS::THUAS_S002,1.053181141773482,-1.18667372325304
residual_fitted,THUAS::THUAS_S003::2025-03-18,THUAS,THUAS::THUAS_S003,1.9827226153707804,-1.0454106940385188
residual_fitted,THUAS::THUAS_S003::2025-03-19,THUAS,THUAS::THUAS_S003,2.0033999797621487,1.2301981761135778
residual_fitted,THUAS::THUAS_S003::2025-03-20,THUAS,THUAS::THUAS_S003,2.0243350859985627,0.23238189234929205
residual_fitted,THUAS::THUAS_S003::2025-03-21,THUAS,THUAS::THUAS_S003,2.0455299779653795,0.1577737856550609
residual_fitted,THUAS::THUAS_S003::2025-03-22,THUAS,THUAS::THUAS_S003,2.066986695399274,-1.3247348645714172
residual_fitted,THUAS::THUAS_S003::2025-03-23,THUAS,THUAS::THUAS_S003,2.0887072670131337,3.1737302882341285
residual_fitted,THUAS::THUAS_S005::2025-03-25,THUAS,THUAS::THUAS_S005,0.9147462624507299,-0.29121508221047454
residual_fitted,THUAS::THUAS_S005::2025-03-26,THUAS,THUAS::THUAS_S005,0.9244060456807321,-0.3645393922255682
residual_fitted,THUAS::THUAS_S005::2025-03-27,THUAS,THUAS::THUAS_S005,0.9341823501463136,0.2567370125557644
residual_fitted,THUAS::THUAS_S005::2025-03-28,THUAS,THUAS::THUAS_S005,0.9440759683839084,0.5135999350257626
residual_fitted,THUAS::THUAS_S005::2025-03-29,THUAS,THUAS::THUAS_S005,0.9540876650939818,-0.39216740210172535
residual_fitted,THUAS::THUAS_S005::2025-03-30,THUAS,THUAS::THUAS_S005,0.9642181723612291,-0.4834054414216343
residual_fitted,THUAS::THUAS_S006::2025-04-01,THUAS,THUAS::THUAS_S006,1.603354337477673,-0.3398245893053684
residual_fitted,THUAS::THUAS_S006::2025-04-02,THUAS,THUAS::THUAS_S006,1.620433968236909,-0.32337788293939407
residual_fitted,THUAS::THUAS_S006::2025-04-03,THUAS,THUAS::THUAS_S006,1.6377110927014087,0.10558741198245657
residual_fitted,THUAS::THUAS_S006::2025-04-05,THUAS,THUAS::THUAS_S006,1.6728608866596992,1.9991984107789824
residual_fitted,THUAS::THUAS_S006::2025-04-06,THUAS,THUAS::THUAS_S006,1.6907348012709156,-0.2749662130895432
residual_fitted,THUAS::THUAS_S007::2025-04-08,THUAS,THUAS::THUAS_S007,0.8679370529056449,-0.6193281519466158
residual_fitted,THUAS::THUAS_S007::2025-04-09,THUAS,THUAS::THUAS_S007,0.8772213120785595,2.525010450473319
residual_fitted,THUAS::THUAS_S007::2025-04-10,THUAS,THUAS::THUAS_S007,0.8866062352327464,-0.7428444364258976
residual_fitted,THUAS::THUAS_S007::2025-04-11,THUAS,THUAS::THUAS_S007,0.8960917000071007,-1.1394091174739505
residual_fitted,THUAS::THUAS_S007::2025-04-12,THUAS,THUAS::THUAS_S007,0.9056774807354875,-0.7552133112948226
residual_fitted,THUAS::THUAS_S007::2025-04-13,THUAS,THUAS::THUAS_S007,0.9153632401008017,-0.9107651183308552
residual_fitted,THUAS::THUAS_S010::2025-06-03,THUAS,THUAS::THUAS_S010,1.7715958329887813,0.1654757051392706
residual_fitted,THUAS::THUAS_S010::2025-06-05,THUAS,THUAS::THUAS_S010,1.7899657631590675,0.43338777158624864
residual_fitted,THUAS::THUAS_S010::2025-06-06,THUAS,THUAS::THUAS_S010,1.7984883939858902,-1.177821193463517
residual_fitted,THUAS::THUAS_S010::2025-06-07,THUAS,THUAS::THUAS_S010,1.8065441384407668,-0.1317889235377782
residual_fitted,THUAS::THUAS_S010::2025-06-08,THUAS,THUAS::THUAS_S010,1.8141147446684838,-0.6722498039746219
residual_fitted,THUAS::THUAS_S010::2025-06-09,THUAS,THUAS::THUAS_S010,1.821182688310363,0.7346497077565888
residual_fitted,THUAS::THUAS_S011::2025-05-13,THUAS,THUAS::THUAS_S011,1.8178109858521976,0.29292108337060974
residual_fitted,THUAS::THUAS_S011::2025-05-14,THUAS,THUAS::THUAS_S011,1.8346057270751563,0.48050462174168773
residual_fitted,THUAS::THUAS_S011::2025-05-15,THUAS,THUAS::THUAS_S011,1.8513412788846637,-0.2630064255692959
residual_fitted,THUAS::THUAS_S011::2025-05-16,THUAS,THUAS::THUAS_S011,1.8680016242956279,-0.23612380812368594
residual_fitted,THUAS::THUAS_S011::2025-05-17,THUAS,THUAS::THUAS_S011,1.8845699942189444,0.26094548544420143
residual_fitted,THUAS::THUAS_S011::2025-05-18,THUAS,THUAS::THUAS_S011,1.901028870156037,-0.4907571509073035
residual_fitted,THUAS::THUAS_S014::2025-07-08,THUAS,THUAS::THUAS_S014,1.657326300842926,-0.1839908816222601
residual_fitted,THUAS::THUAS_S014::2025-07-09,THUAS,THUAS::THUAS_S014,1.648307827006232,-0.4924820987946162
residual_fitted,THUAS::THUAS_S014::2025-07-10,THUAS,THUAS::THUAS_S014,1.6389267348430931,-1.119764564547501
residual_fitted,THUAS::THUAS_S014::2025-07-11,THUAS,THUAS::THUAS_S014,1.6292019093747578,0.8591303011898781
residual_fitted,THUAS::THUAS_S014::2025-07-12,THUAS,THUAS::THUAS_S014,1.6191523260574705,0.718684457045524
residual_fitted,THUAS::THUAS_S014::2025-07-13,THUAS,THUAS::THUAS_S014,1.6087969674308276,-0.7061459806778373
residual_fitted,THUAS::THUAS_S015::2025-07-08,THUAS,THUAS::THUAS_S015,2.8842834010829104,0.8614984375110591
residual_fitted,THUAS::THUAS_S015::2025-07-09,THUAS,THUAS::THUAS_S015,2.868588341892063,-1.264242965578962
residual_fitted,THUAS::THUAS_S015::2025-07-10,THUAS,THUAS::THUAS_S015,2.8522622096172006,1.8189995226088402
residual_fitted,THUAS::THUAS_S015::2025-07-11,THUAS,THUAS::THUAS_S015,2.8353378702988166,-0.6842266179091654
residual_fitted,THUAS::THUAS_S015::2025-07-12,THUAS,THUAS::THUAS_S015,2.817848347363527,1.826930832857733
residual_fitted,THUAS::THUAS_S015::2025-07-13,THUAS,THUAS::THUAS_S015,2.799826676565268,-1.5165773110151772
residual_fitted,THUAS::THUAS_S016::2025-07-08,THUAS,THUAS::THUAS_S016,1.4779646159022661,0.016538194523212014
residual_fitted,THUAS::THUAS_S016::2025-07-09,THUAS,THUAS::THUAS_S016,1.4699221530430846,-0.21522048953359646
residual_fitted,THUAS::THUAS_S016::2025-07-10,THUAS,THUAS::THUAS_S016,1.4615563156889164,0.5411183189341644
residual_fitted,THUAS::THUAS_S016::2025-07-11,THUAS,THUAS::THUAS_S016,1.4528839450575477,-0.12663285397456656
residual_fitted,THUAS::THUAS_S016::2025-07-12,THUAS,THUAS::THUAS_S016,1.443921963014568,-1.1181195423456978
residual_fitted,THUAS::THUAS_S016::2025-07-13,THUAS,THUAS::THUAS_S016,1.4346872977423326,-0.5069093844428445
residual_fitted,THUAS::THUAS_S017::2025-09-09,THUAS,THUAS::THUAS_S017,1.510150985730493,-0.7870385635869893
residual_fitted,THUAS::THUAS_S017::2025-09-10,THUAS,THUAS::THUAS_S017,1.4944729447309848,-0.08646898022150974
residual_fitted,THUAS::THUAS_S017::2025-09-11,THUAS,THUAS::THUAS_S017,1.478973509585801,-0.355949347610522
residual_fitted,THUAS::THUAS_S017::2025-09-12,THUAS,THUAS::THUAS_S017,1.4636517092410621,0.4937367247673052
residual_fitted,THUAS::THUAS_S017::2025-09-13,THUAS,THUAS::THUAS_S017,1.4485065064779337,2.9873453526005527
residual_fitted,THUAS::THUAS_S017::2025-09-14,THUAS,THUAS::THUAS_S017,1.4335368060757785,-1.2822780594198206
residual_fitted,THUAS::THUAS_S018::2025-09-23,THUAS,THUAS::THUAS_S018,1.760679621984907,0.05736617464883643
residual_fitted,THUAS::THUAS_S018::2025-09-24,THUAS,THUAS::THUAS_S018,1.7427793220565002,0.8465858975125644
residual_fitted,THUAS::THUAS_S018::2025-09-25,THUAS,THUAS::THUAS_S018,1.7250966382633435,-0.20506789473178383
residual_fitted,THUAS::THUAS_S018::2025-09-26,THUAS,THUAS::THUAS_S018,1.7076297959488071,1.3942062833571987
residual_fitted,THUAS::THUAS_S018::2025-09-27,THUAS,THUAS::THUAS_S018,1.6903770355776366,-0.0731359112670777
residual_fitted,TUM::TUM_S001::2024-05-14,TUM,TUM::TUM_S001,1.3055322856816851,-1.0238922301813367
residual_fitted,TUM::TUM_S001::2024-05-15,TUM,TUM::TUM_S001,1.3152718134647607,0.3040290741903667
residual_fitted,TUM::TUM_S001::2024-05-16,TUM,TUM::TUM_S001,1.3249312112324836,2.231016925193011
residual_fitted,TUM::TUM_S001::2024-05-17,TUM,TUM::TUM_S001,1.3345010158675468,-0.456352656337614
residual_fitted,TUM::TUM_S001::2024-05-18,TUM,TUM::TUM_S001,1.3439714739456463,-0.9101942521266209
residual_fitted,TUM::TUM_S001::2024-05-19,TUM,TUM::TUM_S001,1.3533325535755822,1.7239649007840325
residual_fitted,TUM::TUM_S002::2024-05-28,TUM,TUM::TUM_S002,0.7379767444558444,0.29578926788343385
residual_fitted,TUM::TUM_S002::2024-05-29,TUM,TUM::TUM_S002,0.7419311775596469,-0.4613736904649524
residual_fitted,TUM::TUM_S002::2024-05-30,TUM,TUM::TUM_S002,0.7457657635532853,0.705460912269005
residual_fitted,TUM::TUM_S002::2024-05-31,TUM,TUM::TUM_S002,0.7494745258097064,-1.0396402717426443
residual_fitted,TUM::TUM_S002::2024-06-01,TUM,TUM::TUM_S002,0.7530515350708321,-1.0658518827526418
residual_fitted,TUM::TUM_S002::2024-06-02,TUM,TUM::TUM_S002,0.7564909321370861,0.6576933574927791
residual_fitted,TUM::TUM_S003::2024-06-04,TUM,TUM::TUM_S003,0.5678529751168435,-0.8932733316251471
residual_fitted,TUM::TUM_S003::2024-06-05,TUM,TUM::TUM_S003,0.5700802690297866,0.1423735641905559
residual_fitted,TUM::TUM_S003::2024-06-06,TUM,TUM::TUM_S003,0.5721885709103345,-0.3788603424447763
residual_fitted,TUM::TUM_S003::2024-06-07,TUM,TUM::TUM_S003,0.5741740498173986,-0.22973543453056192
residual_fitted,TUM::TUM_S003::2024-06-08,TUM,TUM::TUM_S003,0.5760330361416361,-0.35353635879478224
residual_fitted,TUM::TUM_S003::2024-06-09,TUM,TUM::TUM_S003,0.5777620397657894,-0.7181394572458947
residual_fitted,TUM::TUM_S004::2024-06-11,TUM,TUM::TUM_S004,0.7629980458381522,-0.9228119109715651
residual_fitted,TUM::TUM_S004::2024-06-12,TUM,TUM::TUM_S004,0.7647323087500046,3.2311863268542864
residual_fitted,TUM::TUM_S004::2024-06-13,TUM,TUM::TUM_S004,0.7662802918725279,-0.14363929382469426
residual_fitted,TUM::TUM_S004::2024-06-14,TUM,TUM::TUM_S004,0.7676389216078127,-0.974008634735925
residual_fitted,TUM::TUM_S004::2024-06-15,TUM,TUM::TUM_S004,0.7688054846061174,-1.0962824150533028
residual_fitted,TUM::TUM_S004::2024-06-16,TUM,TUM::TUM_S004,0.7697776433104482,-1.0966315379705858
residual_fitted,TUM::TUM_S005::2024-06-18,TUM,TUM::TUM_S005,0.5922441256541712,0.9887517218644328
residual_fitted,TUM::TUM_S005::2024-06-19,TUM,TUM::TUM_S005,0.592535104218391,-0.01936152799792169
residual_fitted,TUM::TUM_S005::2024-06-20,TUM,TUM::TUM_S005,0.5926726641527839,-0.9970419235067115
residual_fitted,TUM::TUM_S005::2024-06-21,TUM,TUM::TUM_S005,0.5926565747963104,-0.7896934384425288
residual_fitted,TUM::TUM_S005::2024-06-22,TUM,TUM::TUM_S005,0.5924869299612097,-0.5229294716812062
residual_fitted,TUM::TUM_S005::2024-06-23,TUM,TUM::TUM_S005,0.5921641472730198,-1.026439056741896
residual_fitted,TUM::TUM_S006::2024-06-25,TUM,TUM::TUM_S006,1.5061842126978866,0.5782893903112731
residual_fitted,TUM::TUM_S006::2024-06-26,TUM,TUM::TUM_S006,1.5042054770916609,-0.10916185212806402
residual_fitted,TUM::TUM_S006::2024-06-27,TUM,TUM::TUM_S006,1.5018488090741298,0.877165519386808
residual_fitted,TUM::TUM_S006::2024-06-28,TUM,TUM::TUM_S006,1.4991192039667736,1.1602869368427502
residual_fitted,TUM::TUM_S006::2024-06-29,TUM,TUM::TUM_S006,1.4960223727574131,0.2953807044929624
residual_fitted,TUM::TUM_S006::2024-06-30,TUM,TUM::TUM_S006,1.4925647093860488,-1.0296271194308693
residual_fitted,TUM::TUM_S007::2024-07-02,TUM,TUM::TUM_S007,0.5437974726701046,-0.9097801904719895
residual_fitted,TUM::TUM_S007::2024-07-03,TUM,TUM::TUM_S007,0.542150791376784,-1.0038272979869924
residual_fitted,TUM::TUM_S007::2024-07-04,TUM,TUM::TUM_S007,0.5403835295310307,0.4260116586440834
residual_fitted,TUM::TUM_S007::2024-07-05,TUM,TUM::TUM_S007,0.5384990623823882,-0.301645027899896
residual_fitted,TUM::TUM_S007::2024-07-06,TUM,TUM::TUM_S007,0.5365009230205535,-0.043306998634305045
residual_fitted,TUM::TUM_S007::2024-07-07,TUM,TUM::TUM_S007,0.534392785101144,-0.9361325698020091
residual_fitted,TUM::TUM_S008::2024-07-09,TUM,TUM::TUM_S008,1.8328421885218553,0.01434786249041754
residual_fitted,TUM::TUM_S008::2024-07-10,TUM,TUM::TUM_S008,1.8244886581871993,-0.0047103742069062714
residual_fitted,TUM::TUM_S008::2024-07-11,TUM,TUM::TUM_S008,1.8158091237973215,-0.17645713439583274
residual_fitted,TUM::TUM_S008::2024-07-12,TUM,TUM::TUM_S008,1.8068178284901606,-0.5154096115560445
residual_fitted,TUM::TUM_S008::2024-07-13,TUM,TUM::TUM_S008,1.7975291502049406,1.2859328908853882
residual_fitted,TUM::TUM_S008::2024-07-14,TUM,TUM::TUM_S008,1.7879575480360743,1.981182932843072
residual_fitted,TUM::TUM_S009::2024-07-16,TUM,TUM::TUM_S009,2.1293122217082936,1.802241468537063
residual_fitted,TUM::TUM_S009::2024-07-17,TUM,TUM::TUM_S009,2.116867040912362,0.8091059149485755
residual_fitted,TUM::TUM_S009::2024-07-18,TUM,TUM::TUM_S009,2.104150571258207,-1.2067715676436586
residual_fitted,TUM::TUM_S009::2024-07-19,TUM,TUM::TUM_S009,2.0911798571650104,-0.7342891562501371
residual_fitted,TUM::TUM_S009::2024-07-20,TUM,TUM::TUM_S009,2.0779717216414255,0.11083388109001482
residual_fitted,TUM::TUM_S009::2024-07-21,TUM,TUM::TUM_S009,2.0645427260645777,2.3744565003238542
residual_fitted,TUM::TUM_S010::2024-07-23,TUM,TUM::TUM_S010,0.7126478007551525,-0.2249234482339052
residual_fitted,TUM::TUM_S010::2024-07-24,TUM,TUM::TUM_S010,0.7077517118922486,0.6364114312694202
residual_fitted,TUM::TUM_S010::2024-07-25,TUM,TUM::TUM_S010,0.7028003798393684,0.7255290853365907
residual_fitted,TUM::TUM_S010::2024-07-26,TUM,TUM::TUM_S010,0.6977989734894593,0.10864250284662995
residual_fitted,TUM::TUM_S010::2024-07-27,TUM,TUM::TUM_S010,0.692752512145961,-1.0152107733633782
residual_fitted,TUM::TUM_S010::2024-07-28,TUM,TUM::TUM_S010,0.6876658599267367,-1.0658923711970891
residual_fitted,UCR::UCR_S001::2025-06-17,UCR,UCR::UCR_S001,0.8564897470790064,-0.16163166122873526
residual_fitted,UCR::UCR_S001::2025-06-18,UCR,UCR::UCR_S001,0.8565808554053382,0.825504983207316
residual_fitted,UCR::UCR_S001::2025-06-19,UCR,UCR::UCR_S001,0.8566400764464445,1.5657781730782534
residual_fitted,UCR::UCR_S001::2025-06-22,UCR,UCR::UCR_S001,0.8566260987486773,0.39911924403205473
residual_fitted,UCR::UCR_S002::2025-06-17,UCR,UCR::UCR_S002,0.4468647092552053,2.415623308610324
residual_fitted,UCR::UCR_S002::2025-06-18,UCR,UCR::UCR_S002,0.4469122440866447,-0.6262001575804539
residual_fitted,UCR::UCR_S002::2025-06-19,UCR,UCR::UCR_S002,0.44694314205524965,-0.2231610851614954
residual_fitted,UCR::UCR_S002::2025-06-20,UCR,UCR::UCR_S002,0.44695737815499575,-0.6628917973866179
residual_fitted,UCR::UCR_S002::2025-06-21,UCR,UCR::UCR_S002,0.4469549442957368,-0.2598243277755522
residual_fitted,UCR::UCR_S002::2025-06-22,UCR,UCR::UCR_S002,0.4469358493353192,-0.9193736470247913
residual_fitted,UCR::UCR_S003::2025-06-17,UCR,UCR::UCR_S003,0.36522939069518456,-0.3963861570921093
residual_fitted,UCR::UCR_S003::2025-06-18,UCR,UCR::UCR_S003,0.3652682416430529,-0.5244468891142293
residual_fitted,UCR::UCR_S003::2025-06-19,UCR,UCR::UCR_S003,0.365293495027385,0.37143690409176827
residual_fitted,UCR::UCR_S003::2025-06-22,UCR,UCR::UCR_S003,0.36528753457537005,-0.9084446441845024
residual_fitted,UCR::UCR_S004::2025-06-24,UCR,UCR::UCR_S004,0.4575093238264173,-0.06160851949574414
residual_fitted,UCR::UCR_S004::2025-06-25,UCR,UCR::UCR_S004,0.45743882443201256,-0.27751000770164175
residual_fitted,UCR::UCR_S004::2025-06-26,UCR,UCR::UCR_S004,0.45735147471426035,1.7393317309225131
residual_fitted,UCR::UCR_S004::2025-06-27,UCR,UCR::UCR_S004,0.45724736897637097,-0.24117363752245474
residual_fitted,UCR::UCR_S004::2025-06-28,UCR,UCR::UCR_S004,0.45712661792321424,-0.9614819353755137
residual_fitted,UCR::UCR_S004::2025-06-29,UCR,UCR::UCR_S004,0.45698934837168304,-0.3488316570282808
residual_fitted,UCR::UCR_S005::2025-06-24,UCR,UCR::UCR_S005,0.3095149192352158,-0.8711015417668376
residual_fitted,UCR::UCR_S005::2025-06-25,UCR,UCR::UCR_S005,0.30946722487527834,-0.8227216983846919
residual_fitted,UCR::UCR_S005::2025-06-26,UCR,UCR::UCR_S005,0.3094081309083857,-0.04902817564789791
residual_fitted,UCR::UCR_S005::2025-06-29,UCR,UCR::UCR_S005,0.3091631446319567,-0.7257054641867846
residual_fitted,UCR::UCR_S006::2025-06-24,UCR,UCR::UCR_S006,0.6664918045153296,-0.43397618110706093
residual_fitted,UCR::UCR_S006::2025-06-25,UCR,UCR::UCR_S006,0.6663891021961702,1.6810079310995056
residual_fitted,UCR::UCR_S006::2025-06-26,UCR,UCR::UCR_S006,0.6662618526124422,0.1086306972387667
residual_fitted,UCR::UCR_S006::2025-06-27,UCR,UCR::UCR_S006,0.6661101931434591,-0.7047769665877331
residual_fitted,UCR::UCR_S006::2025-06-28,UCR,UCR::UCR_S006,0.6659342850621933,0.10919428163079645
residual_fitted,UCR::UCR_S006::2025-06-29,UCR,UCR::UCR_S006,0.665734313113338,0.8964196271312246
normal_qq,BAUA::BAUA_S009::2025-06-27,BAUA,BAUA::BAUA_S009,-3.162817965621285,-1.5223873530925165
normal_qq,THUAS::THUAS_S015::2025-07-13,THUAS,THUAS::THUAS_S015,-2.8277595484479914,-1.5165773110151772
normal_qq,BAUA::BAUA_S001::2025-06-15,BAUA,BAUA::BAUA_S001,-2.6600674686174597,-1.3859815902797532
normal_qq,RISE::RISE_S013::2025-06-27,RISE,RISE::RISE_S013,-2.5446893306204585,-1.3691081609454847
normal_qq,RISE::RISE_S010::2025-06-13,RISE,RISE::RISE_S010,-2.455662903635565,-1.3618855076667755
normal_qq,RISE::RISE_S006::2025-04-19,RISE,RISE::RISE_S006,-2.3826720148424143,-1.348230770330109
normal_qq,BAUA::BAUA_S022::2025-09-25,BAUA,BAUA::BAUA_S022,-2.320524891229758,-1.3332729918547936
normal_qq,BAUA::BAUA_S012::2025-07-19,BAUA,BAUA::BAUA_S012,-2.2662268092096522,-1.329554843715529
normal_qq,THUAS::THUAS_S003::2025-03-22,THUAS,THUAS::THUAS_S003,-2.217887558835681,-1.3247348645714172
normal_qq,RISE::RISE_S012::2025-06-10,RISE,RISE::RISE_S012,-2.1742348816143,-1.2834318736537382
normal_qq,THUAS::THUAS_S017::2025-09-14,THUAS,THUAS::THUAS_S017,-2.134370064999364,-1.2822780594198206
normal_qq,RISE::RISE_S009::2025-05-30,RISE,RISE::RISE_S009,-2.0976338780909223,-1.2730041307605926
normal_qq,BAUA::BAUA_S012::2025-07-16,BAUA,BAUA::BAUA_S012,-2.063527898316244,-1.2677085187478931
normal_qq,THUAS::THUAS_S015::2025-07-09,THUAS,THUAS::THUAS_S015,-2.0316658041771367,-1.264242965578962
normal_qq,BAUA::BAUA_S015::2025-07-24,BAUA,BAUA::BAUA_S015,-2.001741876975415,-1.2636984443823986
normal_qq,BAUA::BAUA_S006::2025-06-15,BAUA,BAUA::BAUA_S006,-1.9735098803433262,-1.2635212153653892
normal_qq,KNUST::KNUST_S011::2024-12-22,KNUST,KNUST::KNUST_S011,-1.9467684586330873,-1.250635107108204
normal_qq,KNUST::KNUST_S011::2024-12-21,KNUST,KNUST::KNUST_S011,-1.921350774293703,-1.250632263075288
normal_qq,IZTECH::IZTECH_S012::2025-04-27,IZTECH,IZTECH::IZTECH_S012,-1.8971169848961733,-1.2482800806360266
normal_qq,KNUST::KNUST_S012::2025-01-09,KNUST,KNUST::KNUST_S012,-1.8739486721971814,-1.232463411283539
normal_qq,TUM::TUM_S009::2024-07-18,TUM,TUM::TUM_S009,-1.8517446438480438,-1.2067715676436586
normal_qq,RISE::RISE_S001::2025-03-05,RISE,RISE::RISE_S001,-1.8304177198852067,-1.1977747675893806
normal_qq,IZTECH::IZTECH_S017::2025-05-27,IZTECH,IZTECH::IZTECH_S017,-1.809892238480608,-1.1971942913784497
normal_qq,BAUA::BAUA_S012::2025-07-21,BAUA,BAUA::BAUA_S012,-1.790102095514169,-1.1887373981739304
normal_qq,THUAS::THUAS_S002::2025-03-09,THUAS,THUAS::THUAS_S002,-1.7709891861138283,-1.18667372325304
normal_qq,RISE::RISE_S010::2025-06-10,RISE,RISE::RISE_S010,-1.7525021528744242,-1.1863216640830734
normal_qq,THUAS::THUAS_S010::2025-06-06,THUAS,THUAS::THUAS_S010,-1.734595370869406,-1.177821193463517
normal_qq,RISE::RISE_S006::2025-04-20,RISE,RISE::RISE_S006,-1.7172281175057413,-1.176768742462311
normal_qq,THUAS::THUAS_S002::2025-03-05,THUAS,THUAS::THUAS_S002,-1.7003638881264744,-1.1747029458732228
normal_qq,FUSPCEU::FUSPCEU_S004::2024-10-12,FUSPCEU,FUSPCEU::FUSPCEU_S004,-1.6839698276034443,-1.1739456165908135
normal_qq,FUSPCEU::FUSPCEU_S004::2024-10-08,FUSPCEU,FUSPCEU::FUSPCEU_S004,-1.6680162550321085,-1.1668839035959804
normal_qq,BAUA::BAUA_S003::2025-06-16,BAUA,BAUA::BAUA_S003,-1.6524762637527572,-1.1501162540934429
normal_qq,BAUA::BAUA_S003::2025-06-15,BAUA,BAUA::BAUA_S003,-1.6373253827680638,-1.1496428600497908
normal_qq,BAUA::BAUA_S003::2025-06-12,BAUA,BAUA::BAUA_S003,-1.6225412885488788,-1.1476835895381556
normal_qq,RISE::RISE_S004::2025-03-27,RISE,RISE::RISE_S004,-1.608103558460934,-1.1436179222300613
normal_qq,THUAS::THUAS_S007::2025-04-11,THUAS,THUAS::THUAS_S007,-1.593993458778554,-1.1394091174739505
normal_qq,THUAS::THUAS_S014::2025-07-10,THUAS,THUAS::THUAS_S014,-1.580193761603367,-1.119764564547501
normal_qq,THUAS::THUAS_S016::2025-07-12,THUAS,THUAS::THUAS_S016,-1.566688586068413,-1.1181195423456978
normal_qq,RISE::RISE_S002::2025-03-22,RISE,RISE::RISE_S002,-1.5534632600489853,-1.1127526189466277
normal_qq,KNUST::KNUST_S002::2024-10-15,KNUST,KNUST::KNUST_S002,-1.5405041992716708,-1.1051784677330876
normal_qq,KNUST::KNUST_S002::2024-10-20,KNUST,KNUST::KNUST_S002,-1.5277988012505126,-1.104147534460256
normal_qq,RISE::RISE_S004::2025-03-25,RISE,RISE::RISE_S004,-1.5153353519128503,-1.1018347064230105
normal_qq,TUM::TUM_S004::2024-06-16,TUM,TUM::TUM_S004,-1.5031029431292737,-1.0966315379705858
normal_qq,IZTECH::IZTECH_S017::2025-06-01,IZTECH,IZTECH::IZTECH_S017,-1.4910913996492219,-1.0965000246449703
normal_qq,TUM::TUM_S004::2024-06-15,TUM,TUM::TUM_S004,-1.47929121417918,-1.0962824150533028
normal_qq,KNUST::KNUST_S014::2025-01-24,KNUST,KNUST::KNUST_S014,-1.4676934895344413,-1.0929348676524568
normal_qq,FUSPCEU::FUSPCEU_S006::2024-10-15,FUSPCEU,FUSPCEU::FUSPCEU_S006,-1.4562898869560492,-1.0905933866172295
normal_qq,KNUST::KNUST_S003::2024-10-26,KNUST,KNUST::KNUST_S003,-1.4450725798180741,-1.0802492170959799
normal_qq,IZTECH::IZTECH_S009::2025-03-25,IZTECH,IZTECH::IZTECH_S009,-1.4340342120619665,-1.0773312145955656
normal_qq,IZTECH::IZTECH_S009::2025-03-21,IZTECH,IZTECH::IZTECH_S009,-1.4231678607882468,-1.0703937908655683
normal_qq,IZTECH::IZTECH_S009::2025-03-19,IZTECH,IZTECH::IZTECH_S009,-1.4124670025145258,-1.066953631757958
normal_qq,TUM::TUM_S010::2024-07-28,TUM,TUM::TUM_S010,-1.401925482675367,-1.0658923711970891
normal_qq,TUM::TUM_S002::2024-06-01,TUM,TUM::TUM_S002,-1.3915374879959006,-1.0658518827526418
normal_qq,IZTECH::IZTECH_S009::2025-03-18,IZTECH,IZTECH::IZTECH_S009,-1.3812975214190684,-1.0652414130644905
normal_qq,FUSPCEU::FUSPCEU_S024::2025-02-08,FUSPCEU,FUSPCEU::FUSPCEU_S024,-1.371200379307341,-1.0626156617660951
normal_qq,FUSPCEU::FUSPCEU_S012::2024-12-08,FUSPCEU,FUSPCEU::FUSPCEU_S012,-1.3612411306747834,-1.062447791595356
normal_qq,IZTECH::IZTECH_S006::2025-02-21,IZTECH,IZTECH::IZTECH_S006,-1.3514150982354836,-1.0586750285166464
normal_qq,KNUST::KNUST_S003::2024-10-24,KNUST,KNUST::KNUST_S003,-1.341717841080254,-1.0552018397305194
normal_qq,IZTECH::IZTECH_S013::2025-04-27,IZTECH,IZTECH::IZTECH_S013,-1.3321451388159335,-1.0530722265631671
normal_qq,THUAS::THUAS_S003::2025-03-18,THUAS,THUAS::THUAS_S003,-1.3226929770209988,-1.0454106940385188
normal_qq,KNUST::KNUST_S010::2024-12-10,KNUST,KNUST::KNUST_S010,-1.3133575338880215,-1.0410602748800977
normal_qq,KNUST::KNUST_S010::2024-12-13,KNUST,KNUST::KNUST_S010,-1.3041351679381834,-1.0409611815989033
normal_qq,TUM::TUM_S002::2024-05-31,TUM,TUM::TUM_S002,-1.2950224067058145,-1.0396402717426443
normal_qq,FUSPCEU::FUSPCEU_S024::2025-02-09,FUSPCEU,FUSPCEU::FUSPCEU_S024,-1.2860159363021268,-1.039455947896598
normal_qq,BAUA::BAUA_S018::2025-09-14,BAUA,BAUA::BAUA_S018,-1.2771125917770971,-1.0388178401555013
normal_qq,BAUA::BAUA_S016::2025-07-24,BAUA,BAUA::BAUA_S016,-1.2683093482070624,-1.0360829781781402
normal_qq,IZTECH::IZTECH_S015::2025-05-02,IZTECH,IZTECH::IZTECH_S015,-1.2596033124431782,-1.034017956037493
normal_qq,KNUST::KNUST_S005::2024-11-08,KNUST,KNUST::KNUST_S005,-1.2509917154625454,-1.0332180823892865
normal_qq,KNUST::KNUST_S005::2024-11-09,KNUST,KNUST::KNUST_S005,-1.2424719052697515,-1.0330804765411152
normal_qq,KNUST::KNUST_S001::2024-10-13,KNUST,KNUST::KNUST_S001,-1.2340413403017683,-1.032893966643362
normal_qq,RISE::RISE_S007::2025-04-20,RISE,RISE::RISE_S007,-1.2256975832938044,-1.0326236088823595
normal_qq,BAUA::BAUA_S016::2025-07-26,BAUA,BAUA::BAUA_S016,-1.2174382955678307,-1.0317048696580722
normal_qq,IZTECH::IZTECH_S012::2025-04-26,IZTECH,IZTECH::IZTECH_S012,-1.209261231709155,-1.0309887784729186
normal_qq,TUM::TUM_S006::2024-06-30,TUM,TUM::TUM_S006,-1.201164234599712,-1.0296271194308693
normal_qq,FUSPCEU::FUSPCEU_S022::2025-01-29,FUSPCEU,FUSPCEU::FUSPCEU_S022,-1.1931452307796409,-1.0285760822964993
normal_qq,TUM::TUM_S005::2024-06-23,TUM,TUM::TUM_S005,-1.1852022261113442,-1.026439056741896
normal_qq,RISE::RISE_S002::2025-03-23,RISE,RISE::RISE_S002,-1.1773333017225696,-1.024191496946914
normal_qq,THUAS::THUAS_S001::2025-03-02,THUAS,THUAS::THUAS_S001,-1.1695366102071427,-1.0238973769224653
normal_qq,TUM::TUM_S001::2024-05-14,TUM,TUM::TUM_S001,-1.1618103720638915,-1.0238922301813367
normal_qq,BAUA::BAUA_S025::2025-10-16,BAUA,BAUA::BAUA_S025,-1.1541528723559789,-1.0202460900587913
normal_qq,FUSPCEU::FUSPCEU_S009::2024-11-07,FUSPCEU,FUSPCEU::FUSPCEU_S009,-1.14656245757441,-1.0187853118683263
normal_qq,THUAS::THUAS_S001::2025-02-27,THUAS,THUAS::THUAS_S001,-1.1390375326908564,-1.0162878930860302
normal_qq,KNUST::KNUST_S008::2024-11-27,KNUST,KNUST::KNUST_S008,-1.131576558386188,-1.0153435695602286
normal_qq,TUM::TUM_S010::2024-07-27,TUM,TUM::TUM_S010,-1.124178048442242,-1.0152107733633782
normal_qq,THUAS::THUAS_S001::2025-02-25,THUAS,THUAS::THUAS_S001,-1.1168405672853658,-1.011297213603744
normal_qq,THUAS::THUAS_S001::2025-02-24,THUAS,THUAS::THUAS_S001,-1.1095627276712265,-1.0088274397298993
normal_qq,IZTECH::IZTECH_S005::2025-01-22,IZTECH,IZTECH::IZTECH_S005,-1.1023431885011925,-1.0083174991897583
normal_qq,KNUST::KNUST_S006::2024-11-13,KNUST,KNUST::KNUST_S006,-1.095180652761388,-1.0051504813028356
normal_qq,THUAS::THUAS_S001::2025-02-22,THUAS,THUAS::THUAS_S001,-1.0880738655761995,-1.003940622285761
normal_qq,TUM::TUM_S007::2024-07-03,TUM,TUM::TUM_S007,-1.081021612368657,-1.0038272979869924
normal_qq,RISE::RISE_S009::2025-05-28,RISE,RISE::RISE_S009,-1.0740227171207006,-1.002583538625261
normal_qq,FUSPCEU::FUSPCEU_S022::2025-01-30,FUSPCEU,FUSPCEU::FUSPCEU_S022,-1.0670760407268585,-1.0005276542063266
normal_qq,TUM::TUM_S005::2024-06-20,TUM,TUM::TUM_S005,-1.060180479435355,-0.9970419235067115
normal_qq,KNUST::KNUST_S004::2024-11-02,KNUST,KNUST::KNUST_S004,-1.0533349633711186,-0.9900734130203044
normal_qq,FUSPCEU::FUSPCEU_S023::2025-02-02,FUSPCEU,FUSPCEU::FUSPCEU_S023,-1.0465384551355454,-0.9894655415384175
normal_qq,FUSPCEU::FUSPCEU_S023::2025-02-01,FUSPCEU,FUSPCEU::FUSPCEU_S023,-1.0397899484782676,-0.9881609990310064
normal_qq,FUSPCEU::FUSPCEU_S015::2024-11-26,FUSPCEU,FUSPCEU::FUSPCEU_S015,-1.0330884670365081,-0.9874493080957855
normal_qq,FUSPCEU::FUSPCEU_S005::2024-10-20,FUSPCEU,FUSPCEU::FUSPCEU_S005,-1.0264330631379108,-0.9856408574094193
normal_qq,FUSPCEU::FUSPCEU_S010::2024-11-04,FUSPCEU,FUSPCEU::FUSPCEU_S010,-1.0198228166630399,-0.9853465148198154
normal_qq,IZTECH::IZTECH_S005::2025-01-25,IZTECH,IZTECH::IZTECH_S005,-1.0132568339639916,-0.9804903283989885
normal_qq,TUM::TUM_S004::2024-06-14,TUM,TUM::TUM_S004,-1.0067342468358194,-0.974008634735925
normal_qq,FUSPCEU::FUSPCEU_S019::2024-12-12,FUSPCEU,FUSPCEU::FUSPCEU_S019,-1.0002542115376871,-0.9686518632673925
normal_qq,BAUA::BAUA_S016::2025-07-28,BAUA,BAUA::BAUA_S016,-0.9938159078608827,-0.9680702674942935
normal_qq,UCR::UCR_S004::2025-06-28,UCR,UCR::UCR_S004,-0.9874185382410161,-0.9614819353755137
normal_qq,RISE::RISE_S003::2025-03-23,RISE,RISE::RISE_S003,-0.9810613269118881,-0.9568858324884012
normal_qq,RISE::RISE_S016::2025-10-10,RISE,RISE::RISE_S016,-0.9747435190987092,-0.9561271519274388
normal_qq,RISE::RISE_S010::2025-06-11,RISE,RISE::RISE_S010,-0.9684643802484696,-0.9486655914012139
normal_qq,BAUA::BAUA_S024::2025-10-14,BAUA,BAUA::BAUA_S024,-0.9622231952954203,-0.9445763994613319
normal_qq,IZTECH::IZTECH_S007::2025-03-02,IZTECH,IZTECH::IZTECH_S007,-0.9560192679597549,-0.9432483206707626
normal_qq,BAUA::BAUA_S024::2025-10-15,BAUA,BAUA::BAUA_S024,-0.9498519200776906,-0.942325249387593
normal_qq,IZTECH::IZTECH_S007::2025-03-01,IZTECH,IZTECH::IZTECH_S007,-0.943720490961275,-0.9418003042377635
normal_qq,FUSPCEU::FUSPCEU_S008::2024-10-24,FUSPCEU,FUSPCEU::FUSPCEU_S008,-0.9376243367863386,-0.9400284352950495
normal_qq,BAUA::BAUA_S024::2025-10-17,BAUA,BAUA::BAUA_S024,-0.9315628300071144,-0.9378677364919891
normal_qq,FUSPCEU::FUSPCEU_S008::2024-10-26,FUSPCEU,FUSPCEU::FUSPCEU_S008,-0.9255353587961344,-0.9371950222126104
normal_qq,IZTECH::IZTECH_S013::2025-04-24,IZTECH,IZTECH::IZTECH_S013,-0.9195413265080983,-0.9369670016825784
normal_qq,IZTECH::IZTECH_S016::2025-05-11,IZTECH,IZTECH::IZTECH_S016,-0.9135801511664866,-0.936871499310462
normal_qq,TUM::TUM_S007::2024-07-07,TUM,TUM::TUM_S007,-0.9076512649717668,-0.9361325698020091
normal_qq,FUSPCEU::FUSPCEU_S008::2024-10-27,FUSPCEU,FUSPCEU::FUSPCEU_S008,-0.9017541138301,-0.9357975252883914
normal_qq,RISE::RISE_S007::2025-04-19,RISE,RISE::RISE_S007,-0.8958881569015325,-0.9325072324277789
normal_qq,RISE::RISE_S013::2025-06-28,RISE,RISE::RISE_S013,-0.8900528661667029,-0.93137948617684
normal_qq,FUSPCEU::FUSPCEU_S020::2025-01-26,FUSPCEU,FUSPCEU::FUSPCEU_S020,-0.8842477260111596,-0.9295788843968668
normal_qq,FUSPCEU::FUSPCEU_S009::2024-11-06,FUSPCEU,FUSPCEU::FUSPCEU_S009,-0.8784722328264312,-0.9295763363227428
normal_qq,IZTECH::IZTECH_S003::2025-01-11,IZTECH,IZTECH::IZTECH_S003,-0.8727258946270401,-0.9268337023063187
normal_qq,FUSPCEU::FUSPCEU_S020::2025-01-21,FUSPCEU,FUSPCEU::FUSPCEU_S020,-0.8670082306826993,-0.924352326826366
normal_qq,FUSPCEU::FUSPCEU_S005::2024-10-17,FUSPCEU,FUSPCEU::FUSPCEU_S005,-0.861318771164969,-0.9243251004295922
normal_qq,TUM::TUM_S004::2024-06-11,TUM,TUM::TUM_S004,-0.8556570568076922,-0.9228119109715651
normal_qq,UCR::UCR_S002::2025-06-22,UCR,UCR::UCR_S002,-0.8500226385805695,-0.9193736470247913
normal_qq,FUSPCEU::FUSPCEU_S016::2024-11-29,FUSPCEU,FUSPCEU::FUSPCEU_S016,-0.8444150773752573,-0.9181023343857824
normal_qq,FUSPCEU::FUSPCEU_S016::2024-12-01,FUSPCEU,FUSPCEU::FUSPCEU_S016,-0.8388339437034211,-0.916707801683615
normal_qq,BAUA::BAUA_S004::2025-06-15,BAUA,BAUA::BAUA_S004,-0.8332788174061924,-0.9163760906070625
normal_qq,IZTECH::IZTECH_S008::2025-03-09,IZTECH,IZTECH::IZTECH_S008,-0.8277492873745159,-0.9157534740002536
normal_qq,THUAS::THUAS_S007::2025-04-13,THUAS,THUAS::THUAS_S007,-0.822244951279898,-0.9107651183308552
normal_qq,TUM::TUM_S001::2024-05-18,TUM,TUM::TUM_S001,-0.816765415315091,-0.9101942521266209
normal_qq,TUM::TUM_S007::2024-07-02,TUM,TUM::TUM_S007,-0.8113102939442741,-0.9097801904719895
normal_qq,UCR::UCR_S003::2025-06-22,UCR,UCR::UCR_S003,-0.8058792096623162,-0.9084446441845024
normal_qq,FUSPCEU::FUSPCEU_S011::2024-11-14,FUSPCEU,FUSPCEU::FUSPCEU_S011,-0.8004717927627195,-0.9042379419642691
normal_qq,BAUA::BAUA_S024::2025-10-16,BAUA,BAUA::BAUA_S024,-0.795087681113875,-0.9015631908904903
normal_qq,TUM::TUM_S003::2024-06-04,TUM,TUM::TUM_S003,-0.7897265199432659,-0.8932733316251471
normal_qq,IZTECH::IZTECH_S002::2025-01-12,IZTECH,IZTECH::IZTECH_S002,-0.7843879616292853,-0.8904688100759861
normal_qq,BAUA::BAUA_S005::2025-06-15,BAUA,BAUA::BAUA_S005,-0.7790716655003439,-0.8902557548029215
normal_qq,RISE::RISE_S016::2025-10-08,RISE,RISE::RISE_S016,-0.7737772976409585,-0.8900829914939986
normal_qq,IZTECH::IZTECH_S002::2025-01-11,IZTECH,IZTECH::IZTECH_S002,-0.7685045307045364,-0.8897077950676198
normal_qq,RISE::RISE_S004::2025-03-30,RISE,RISE::RISE_S004,-0.7632530437325704,-0.8867430768119594
normal_qq,IZTECH::IZTECH_S013::2025-04-26,IZTECH,IZTECH::IZTECH_S013,-0.7580225219799877,-0.8860149707631119
normal_qq,RISE::RISE_S005::2025-04-06,RISE,RISE::RISE_S005,-0.7528126567463951,-0.8855476785774724
normal_qq,FUSPCEU::FUSPCEU_S023::2025-01-29,FUSPCEU,FUSPCEU::FUSPCEU_S023,-0.7476231452129851,-0.8836210070359594
normal_qq,FUSPCEU::FUSPCEU_S018::2024-12-14,FUSPCEU,FUSPCEU::FUSPCEU_S018,-0.7424536902848744,-0.878899859808203
normal_qq,FUSPCEU::FUSPCEU_S018::2024-12-15,FUSPCEU,FUSPCEU::FUSPCEU_S018,-0.7373040004386543,-0.8786829543077255
normal_qq,BAUA::BAUA_S005::2025-06-13,BAUA,BAUA::BAUA_S005,-0.7321737895749495,-0.8724482593844015
normal_qq,UCR::UCR_S005::2025-06-24,UCR,UCR::UCR_S005,-0.7270627768757854,-0.8711015417668376
normal_qq,KNUST::KNUST_S007::2024-11-19,KNUST,KNUST::KNUST_S007,-0.721970686666573,-0.8663766289616855
normal_qq,THUAS::THUAS_S002::2025-03-06,THUAS,THUAS::THUAS_S002,-0.7168972482825392,-0.8633693268079031
normal_qq,IZTECH::IZTECH_S015::2025-05-01,IZTECH,IZTECH::IZTECH_S015,-0.7118421959394189,-0.8577929002192242
normal_qq,KNUST::KNUST_S008::2024-12-01,KNUST,KNUST::KNUST_S008,-0.7068052686082553,-0.8569092860060481
normal_qq,BAUA::BAUA_S014::2025-07-19,BAUA,BAUA::BAUA_S014,-0.7017862098941446,-0.8553090834669215
normal_qq,RISE::RISE_S013::2025-06-24,RISE,RISE::RISE_S013,-0.6967847679187796,-0.8547762566827253
normal_qq,BAUA::BAUA_S016::2025-07-27,BAUA,BAUA::BAUA_S016,-0.6918006952066451,-0.8532016415297689
normal_qq,KNUST::KNUST_S003::2024-10-27,KNUST,KNUST::KNUST_S003,-0.6868337485747306,-0.8509953255101892
normal_qq,FUSPCEU::FUSPCEU_S015::2024-11-29,FUSPCEU,FUSPCEU::FUSPCEU_S015,-0.6818836890256291,-0.8508871192782257
normal_qq,BAUA::BAUA_S014::2025-07-16,BAUA,BAUA::BAUA_S014,-0.676950281643896,-0.8506352186353427
normal_qq,BAUA::BAUA_S015::2025-07-27,BAUA,BAUA::BAUA_S015,-0.6720332954955456,-0.846788518756804
normal_qq,KNUST::KNUST_S009::2024-12-07,KNUST,KNUST::KNUST_S009,-0.6671325035305776,-0.8387135723114697
normal_qq,IZTECH::IZTECH_S009::2025-03-22,IZTECH,IZTECH::IZTECH_S009,-0.6622476824884139,-0.8379295359677951
normal_qq,BAUA::BAUA_S009::2025-06-26,BAUA,BAUA::BAUA_S009,-0.657378612806149,-0.8339323102991697
normal_qq,FUSPCEU::FUSPCEU_S003::2024-10-08,FUSPCEU,FUSPCEU::FUSPCEU_S003,-0.6525250785295065,-0.8281076777321789
normal_qq,IZTECH::IZTECH_S013::2025-04-23,IZTECH,IZTECH::IZTECH_S013,-0.64768686722641,-0.8230129110940947
normal_qq,UCR::UCR_S005::2025-06-25,UCR,UCR::UCR_S005,-0.642863769903073,-0.8227216983846919
normal_qq,IZTECH::IZTECH_S004::2025-01-25,IZTECH,IZTECH::IZTECH_S004,-0.6380555809225169,-0.8047380857350886
normal_qq,RISE::RISE_S009::2025-05-27,RISE,RISE::RISE_S009,-0.633262097925439,-0.8041191615232332
normal_qq,IZTECH::IZTECH_S001::2024-12-29,IZTECH,IZTECH::IZTECH_S001,-0.6284831217533394,-0.79763194558322
normal_qq,IZTECH::IZTECH_S001::2024-12-28,IZTECH,IZTECH::IZTECH_S001,-0.623718456373835,-0.7974167321462149
normal_qq,IZTECH::IZTECH_S015::2025-04-30,IZTECH,IZTECH::IZTECH_S015,-0.6189679088080838,-0.7970168923486209
normal_qq,IZTECH::IZTECH_S001::2024-12-25,IZTECH,IZTECH::IZTECH_S001,-0.6142312890602454,-0.7969409463817769
normal_qq,IZTECH::IZTECH_S001::2024-12-24,IZTECH,IZTECH::IZTECH_S001,-0.6095084100489082,-0.796839344945261
normal_qq,FUSPCEU::FUSPCEU_S005::2024-10-16,FUSPCEU,FUSPCEU::FUSPCEU_S005,-0.6047990875404216,-0.7948871301910211
normal_qq,IZTECH::IZTECH_S016::2025-05-08,IZTECH,IZTECH::IZTECH_S016,-0.6001031400840604,-0.7912872702689867
normal_qq,TUM::TUM_S005::2024-06-21,TUM,TUM::TUM_S005,-0.5954203889489692,-0.7896934384425288
normal_qq,IZTECH::IZTECH_S016::2025-05-07,IZTECH,IZTECH::IZTECH_S016,-0.5907506580628188,-0.7892390199985091
normal_qq,THUAS::THUAS_S017::2025-09-09,THUAS,THUAS::THUAS_S017,-0.5860937739521264,-0.7870385635869893
normal_qq,RISE::RISE_S016::2025-10-07,RISE,RISE::RISE_S016,-0.5814495656841765,-0.7868028678516331
normal_qq,FUSPCEU::FUSPCEU_S004::2024-10-09,FUSPCEU,FUSPCEU::FUSPCEU_S004,-0.5768178648104959,-0.7839902183727334
normal_qq,FUSPCEU::FUSPCEU_S008::2024-10-25,FUSPCEU,FUSPCEU::FUSPCEU_S008,-0.5721985053118294,-0.7837753260819106
normal_qq,KNUST::KNUST_S008::2024-11-28,KNUST,KNUST::KNUST_S008,-0.5675913235445692,-0.7782825886699861
normal_qq,FUSPCEU::FUSPCEU_S014::2024-11-24,FUSPCEU,FUSPCEU::FUSPCEU_S014,-0.5629961581885875,-0.7658405059194204
normal_qq,RISE::RISE_S003::2025-03-18,RISE,RISE::RISE_S003,-0.5584128501964329,-0.7607384230523291
normal_qq,THUAS::THUAS_S007::2025-04-12,THUAS,THUAS::THUAS_S007,-0.5538412427438401,-0.7552133112948226
normal_qq,THUAS::THUAS_S007::2025-04-10,THUAS,THUAS::THUAS_S007,-0.5492811811815195,-0.7428444364258976
normal_qq,RISE::RISE_S004::2025-03-28,RISE,RISE::RISE_S004,-0.5447325129881758,-0.7372151533191917
normal_qq,TUM::TUM_S009::2024-07-19,TUM,TUM::TUM_S009,-0.540195087724729,-0.7342891562501371
normal_qq,UCR::UCR_S005::2025-06-29,UCR,UCR::UCR_S005,-0.5356687569896886,-0.7257054641867846
normal_qq,KNUST::KNUST_S012::2025-01-07,KNUST,KNUST::KNUST_S012,-0.5311533743756525,-0.7239672423607946
normal_qq,FUSPCEU::FUSPCEU_S013::2024-11-20,FUSPCEU,FUSPCEU::FUSPCEU_S013,-0.526648795426894,-0.7214823515129855
normal_qq,TUM::TUM_S003::2024-06-09,TUM,TUM::TUM_S003,-0.5221548775980014,-0.7181394572458947
normal_qq,FUSPCEU::FUSPCEU_S012::2024-12-07,FUSPCEU,FUSPCEU::FUSPCEU_S012,-0.517671480213541,-0.7159352894405508
normal_qq,FUSPCEU::FUSPCEU_S009::2024-11-09,FUSPCEU,FUSPCEU::FUSPCEU_S009,-0.5131984644287081,-0.7106710151113341
normal_qq,THUAS::THUAS_S014::2025-07-13,THUAS,THUAS::THUAS_S014,-0.5087356931909408,-0.7061459806778373
normal_qq,UCR::UCR_S006::2025-06-27,UCR,UCR::UCR_S006,-0.504283031202464,-0.7047769665877331
normal_qq,THUAS::THUAS_S015::2025-07-11,THUAS,THUAS::THUAS_S015,-0.4998403448837351,-0.6842266179091654
normal_qq,FUSPCEU::FUSPCEU_S016::2024-11-26,FUSPCEU,FUSPCEU::FUSPCEU_S016,-0.49540750233776887,-0.6742183104557723
normal_qq,IZTECH::IZTECH_S005::2025-01-26,IZTECH,IZTECH::IZTECH_S005,-0.4909843733153097,-0.6729904022052426
normal_qq,THUAS::THUAS_S010::2025-06-08,THUAS,THUAS::THUAS_S010,-0.48657082918082867,-0.6722498039746219
normal_qq,IZTECH::IZTECH_S001::2024-12-27,IZTECH,IZTECH::IZTECH_S001,-0.48216674287932226,-0.6714388262857047
normal_qq,UCR::UCR_S002::2025-06-20,UCR,UCR::UCR_S002,-0.477771988903886,-0.6628917973866179
normal_qq,FUSPCEU::FUSPCEU_S009::2024-11-05,FUSPCEU,FUSPCEU::FUSPCEU_S009,-0.4733864432640436,-0.6607104052367492
normal_qq,BAUA::BAUA_S013::2025-07-16,BAUA,BAUA::BAUA_S013,-0.4690099834548061,-0.6530350641395452
normal_qq,FUSPCEU::FUSPCEU_S013::2024-11-23,FUSPCEU,FUSPCEU::FUSPCEU_S013,-0.4646424884264427,-0.6522389815229954
normal_qq,BAUA::BAUA_S006::2025-06-11,BAUA,BAUA::BAUA_S006,-0.4602838385549412,-0.6375174653736331
normal_qq,UCR::UCR_S002::2025-06-18,UCR,UCR::UCR_S002,-0.45593391561313873,-0.6262001575804539
normal_qq,KNUST::KNUST_S001::2024-10-12,KNUST,KNUST::KNUST_S001,-0.451592602742502,-0.6260966553722012
normal_qq,THUAS::THUAS_S007::2025-04-08,THUAS,THUAS::THUAS_S007,-0.44725978442554176,-0.6193281519466158
normal_qq,FUSPCEU::FUSPCEU_S012::2024-12-06,FUSPCEU,FUSPCEU::FUSPCEU_S012,-0.4429353464588392,-0.610456286128434
normal_qq,IZTECH::IZTECH_S001::2024-12-30,IZTECH,IZTECH::IZTECH_S001,-0.43861917592667027,-0.6096412715128108
normal_qq,BAUA::BAUA_S013::2025-07-21,BAUA,BAUA::BAUA_S013,-0.43431116117520957,-0.6071255783039697
normal_qq,IZTECH::IZTECH_S014::2025-05-03,IZTECH,IZTECH::IZTECH_S014,-0.4300111917872973,-0.6069785509830808
normal_qq,BAUA::BAUA_S018::2025-09-12,BAUA,BAUA::BAUA_S018,-0.42571915855775466,-0.593624932845925
normal_qq,KNUST::KNUST_S002::2024-10-16,KNUST,KNUST::KNUST_S002,-0.42143495346922955,-0.5819208976247701
normal_qq,FUSPCEU::FUSPCEU_S019::2024-12-11,FUSPCEU,FUSPCEU::FUSPCEU_S019,-0.4171584696685628,-0.581816829357034
normal_qq,KNUST::KNUST_S002::2024-10-19,KNUST,KNUST::KNUST_S002,-0.4128896014436541,-0.5804248680753623
normal_qq,IZTECH::IZTECH_S006::2025-02-23,IZTECH,IZTECH::IZTECH_S006,-0.4086282442008202,-0.5796779689973279
normal_qq,BAUA::BAUA_S025::2025-10-14,BAUA,BAUA::BAUA_S025,-0.40437429444262624,-0.5787953263667803
normal_qq,RISE::RISE_S016::2025-10-09,RISE,RISE::RISE_S016,-0.4001276497461803,-0.5597886876892479
normal_qq,IZTECH::IZTECH_S010::2025-04-16,IZTECH,IZTECH::IZTECH_S010,-0.39588820874187963,-0.5586587930873139
normal_qq,BAUA::BAUA_S018::2025-09-10,BAUA,BAUA::BAUA_S018,-0.39165587109259137,-0.5504546680527723
normal_qq,KNUST::KNUST_S006::2024-11-14,KNUST,KNUST::KNUST_S006,-0.38743053747326184,-0.5481872856350987
normal_qq,IZTECH::IZTECH_S014::2025-04-29,IZTECH,IZTECH::IZTECH_S014,-0.3832121095509376,-0.525454564930079
normal_qq,UCR::UCR_S003::2025-06-18,UCR,UCR::UCR_S003,-0.3790004899651904,-0.5244468891142293
normal_qq,TUM::TUM_S005::2024-06-22,TUM,TUM::TUM_S005,-0.37479558230893595,-0.5229294716812062
normal_qq,BAUA::BAUA_S004::2025-06-13,BAUA,BAUA::BAUA_S004,-0.37059729110962913,-0.5223091241854732
normal_qq,BAUA::BAUA_S015::2025-07-28,BAUA,BAUA::BAUA_S015,-0.36640552181083663,-0.5215754541546253
normal_qq,KNUST::KNUST_S007::2024-11-20,KNUST,KNUST::KNUST_S007,-0.3622201807541659,-0.520500032921833
normal_qq,FUSPCEU::FUSPCEU_S003::2024-10-09,FUSPCEU,FUSPCEU::FUSPCEU_S003,-0.35804117516154804,-0.5157765073547186
normal_qq,RISE::RISE_S012::2025-06-15,RISE,RISE::RISE_S012,-0.35386841311786266,-0.5156216258745823
normal_qq,TUM::TUM_S008::2024-07-12,TUM,TUM::TUM_S008,-0.34970180355389513,-0.5154096115560445
normal_qq,BAUA::BAUA_S003::2025-06-14,BAUA,BAUA::BAUA_S003,-0.3455412562296193,-0.5147233821845194
normal_qq,BAUA::BAUA_S001::2025-06-12,BAUA,BAUA::BAUA_S001,-0.34138668171779446,-0.5118667051141934
normal_qq,THUAS::THUAS_S016::2025-07-13,THUAS,THUAS::THUAS_S016,-0.33723799138786986,-0.5069093844428445
normal_qq,BAUA::BAUA_S005::2025-06-11,BAUA,BAUA::BAUA_S005,-0.3330950973901907,-0.5027462709222816
normal_qq,KNUST::KNUST_S010::2024-12-11,KNUST,KNUST::KNUST_S010,-0.328957912640491,-0.5011372015903236
normal_qq,RISE::RISE_S001::2025-03-08,RISE,RISE::RISE_S001,-0.3248263508046755,-0.5010897338609498
normal_qq,KNUST::KNUST_S006::2024-11-15,KNUST,KNUST::KNUST_S006,-0.32070032628387296,-0.49710190915956076
normal_qq,IZTECH::IZTECH_S006::2025-02-22,IZTECH,IZTECH::IZTECH_S006,-0.31657975419976087,-0.49525888538881485
normal_qq,BAUA::BAUA_S016::2025-07-23,BAUA,BAUA::BAUA_S016,-0.3124645503801526,-0.49397767551134847
normal_qq,THUAS::THUAS_S014::2025-07-09,THUAS,THUAS::THUAS_S014,-0.30835463134483726,-0.4924820987946162
normal_qq,THUAS::THUAS_S011::2025-05-18,THUAS,THUAS::THUAS_S011,-0.30424991429167025,-0.4907571509073035
normal_qq,FUSPCEU::FUSPCEU_S006::2024-10-17,FUSPCEU,FUSPCEU::FUSPCEU_S006,-0.3001503170829046,-0.4880654162728755
normal_qq,FUSPCEU::FUSPCEU_S009::2024-11-04,FUSPCEU,FUSPCEU::FUSPCEU_S009,-0.2960557582317573,-0.4839019719601846
normal_qq,THUAS::THUAS_S005::2025-03-30,THUAS,THUAS::THUAS_S005,-0.2919661568892068,-0.4834054414216343
normal_qq,IZTECH::IZTECH_S015::2025-04-29,IZTECH,IZTECH::IZTECH_S015,-0.28788143283101186,-0.4713042219349608
normal_qq,FUSPCEU::FUSPCEU_S013::2024-11-21,FUSPCEU,FUSPCEU::FUSPCEU_S013,-0.28380150644494945,-0.4664905047575644
normal_qq,KNUST::KNUST_S008::2024-11-29,KNUST,KNUST::KNUST_S008,-0.2797262987182642,-0.4621139740418616
normal_qq,FUSPCEU::FUSPCEU_S016::2024-11-30,FUSPCEU,FUSPCEU::FUSPCEU_S016,-0.27565573122532355,-0.4615913542333379
normal_qq,TUM::TUM_S002::2024-05-29,TUM,TUM::TUM_S002,-0.271589726115475,-0.4613736904649524
normal_qq,TUM::TUM_S001::2024-05-17,TUM,TUM::TUM_S001,-0.2675282061010972,-0.456352656337614
normal_qq,KNUST::KNUST_S014::2025-01-26,KNUST,KNUST::KNUST_S014,-0.2634710944458446,-0.4548861180674079
normal_qq,BAUA::BAUA_S025::2025-10-15,BAUA,BAUA::BAUA_S025,-0.25941831495307477,-0.4533059188708838
normal_qq,IZTECH::IZTECH_S011::2025-04-17,IZTECH,IZTECH::IZTECH_S011,-0.2553697919544574,-0.45199966913830064
normal_qq,KNUST::KNUST_S004::2024-11-01,KNUST,KNUST::KNUST_S004,-0.25132545029876024,-0.4500485406337791
normal_qq,RISE::RISE_S008::2025-04-29,RISE,RISE::RISE_S008,-0.24728521534080486,-0.435684752211142
normal_qq,UCR::UCR_S006::2025-06-24,UCR,UCR::UCR_S006,-0.2432490129305903,-0.43397618110706093
normal_qq,BAUA::BAUA_S013::2025-07-17,BAUA,BAUA::BAUA_S013,-0.23921676940257872,-0.4311875266033841
normal_qq,RISE::RISE_S001::2025-03-06,RISE,RISE::RISE_S001,-0.2351884115651386,-0.4246031972800143
normal_qq,FUSPCEU::FUSPCEU_S025::2025-02-06,FUSPCEU,FUSPCEU::FUSPCEU_S025,-0.23116386669014266,-0.4159998532025107
normal_qq,BAUA::BAUA_S002::2025-06-16,BAUA,BAUA::BAUA_S002,-0.2271430625027153,-0.4116077227017282
normal_qq,FUSPCEU::FUSPCEU_S007::2024-10-23,FUSPCEU,FUSPCEU::FUSPCEU_S007,-0.22312592717112525,-0.4033532325189408
normal_qq,BAUA::BAUA_S015::2025-07-26,BAUA,BAUA::BAUA_S015,-0.21911238929682095,-0.4018402164116654
normal_qq,BAUA::BAUA_S006::2025-06-16,BAUA,BAUA::BAUA_S006,-0.21510237790460263,-0.40097856289605494
normal_qq,FUSPCEU::FUSPCEU_S020::2025-01-22,FUSPCEU,FUSPCEU::FUSPCEU_S020,-0.21109582243293026,-0.40036468237357387
normal_qq,UCR::UCR_S003::2025-06-17,UCR,UCR::UCR_S003,-0.20709265272436028,-0.3963861570921093
normal_qq,IZTECH::IZTECH_S016::2025-05-06,IZTECH,IZTECH::IZTECH_S016,-0.20309279901611135,-0.39544352801164895
normal_qq,THUAS::THUAS_S005::2025-03-29,THUAS,THUAS::THUAS_S005,-0.19909619193075165,-0.39216740210172535
normal_qq,IZTECH::IZTECH_S007::2025-02-25,IZTECH,IZTECH::IZTECH_S007,-0.19510276246700706,-0.3898430964976968
normal_qq,KNUST::KNUST_S015::2025-01-28,KNUST,KNUST::KNUST_S015,-0.19111244199068675,-0.38913081238365055
normal_qq,TUM::TUM_S003::2024-06-06,TUM,TUM::TUM_S003,-0.18712516222572084,-0.3788603424447763
normal_qq,BAUA::BAUA_S005::2025-06-14,BAUA,BAUA::BAUA_S005,-0.18314085524530926,-0.37317507114727155
normal_qq,KNUST::KNUST_S015::2025-01-30,KNUST,KNUST::KNUST_S015,-0.17915945346317763,-0.3718675833977247
normal_qq,BAUA::BAUA_S009::2025-06-28,BAUA,BAUA::BAUA_S009,-0.17518088962493591,-0.3709233823273559
normal_qq,KNUST::KNUST_S006::2024-11-16,KNUST,KNUST::KNUST_S006,-0.1712050967995403,-0.3698027576601225
normal_qq,FUSPCEU::FUSPCEU_S011::2024-11-13,FUSPCEU,FUSPCEU::FUSPCEU_S011,-0.16723200837085012,-0.3669875519914438
normal_qq,THUAS::THUAS_S005::2025-03-26,THUAS,THUAS::THUAS_S005,-0.16326155802928288,-0.3645393922255682
normal_qq,FUSPCEU::FUSPCEU_S018::2024-12-12,FUSPCEU,FUSPCEU::FUSPCEU_S018,-0.15929367976355954,-0.36253912300815816
normal_qq,BAUA::BAUA_S002::2025-06-12,BAUA,BAUA::BAUA_S002,-0.15532830785253923,-0.35941775343882815
normal_qq,THUAS::THUAS_S017::2025-09-11,THUAS,THUAS::THUAS_S017,-0.15136537685714221,-0.355949347610522
normal_qq,TUM::TUM_S003::2024-06-08,TUM,TUM::TUM_S003,-0.1474048216123548,-0.35353635879478224
normal_qq,UCR::UCR_S004::2025-06-29,UCR,UCR::UCR_S004,-0.1434465772193175,-0.3488316570282808
normal_qq,FUSPCEU::FUSPCEU_S010::2024-11-05,FUSPCEU,FUSPCEU::FUSPCEU_S010,-0.1394905790374906,-0.34519677708220364
normal_qq,IZTECH::IZTECH_S012::2025-04-22,IZTECH,IZTECH::IZTECH_S012,-0.13553676267689602,-0.34436577402064045
normal_qq,KNUST::KNUST_S012::2025-01-11,KNUST,KNUST::KNUST_S012,-0.13158506399043432,-0.3437574036138176
normal_qq,THUAS::THUAS_S006::2025-04-01,THUAS,THUAS::THUAS_S006,-0.1276354190662703,-0.3398245893053684
normal_qq,THUAS::THUAS_S006::2025-04-02,THUAS,THUAS::THUAS_S006,-0.12368776422029028,-0.32337788293939407
normal_qq,FUSPCEU::FUSPCEU_S015::2024-12-01,FUSPCEU,FUSPCEU::FUSPCEU_S015,-0.11974203598862374,-0.30999590500483837
normal_qq,KNUST::KNUST_S014::2025-01-25,KNUST,KNUST::KNUST_S014,-0.11579817112022911,-0.30718698533381317
normal_qq,IZTECH::IZTECH_S016::2025-05-10,IZTECH,IZTECH::IZTECH_S016,-0.11185610656954306,-0.3047822786890818
normal_qq,BAUA::BAUA_S022::2025-09-24,BAUA,BAUA::BAUA_S022,-0.10791577948918656,-0.30224526713721217
normal_qq,TUM::TUM_S007::2024-07-05,TUM,TUM::TUM_S007,-0.10397712722273059,-0.301645027899896
normal_qq,RISE::RISE_S003::2025-03-19,RISE,RISE::RISE_S003,-0.10004008729751543,-0.29484887296614476
normal_qq,THUAS::THUAS_S005::2025-03-25,THUAS,THUAS::THUAS_S005,-0.0961045974175224,-0.29121508221047454
normal_qq,KNUST::KNUST_S013::2025-01-15,KNUST,KNUST::KNUST_S013,-0.0921705954562981,-0.28983118288940946
normal_qq,KNUST::KNUST_S001::2024-10-09,KNUST,KNUST::KNUST_S001,-0.08823801944992443,-0.27922803181972705
normal_qq,UCR::UCR_S004::2025-06-25,UCR,UCR::UCR_S004,-0.08430680759003781,-0.27751000770164175
normal_qq,THUAS::THUAS_S006::2025-04-06,THUAS,THUAS::THUAS_S006,-0.0803768982168905,-0.2749662130895432
normal_qq,FUSPCEU::FUSPCEU_S018::2024-12-11,FUSPCEU,FUSPCEU::FUSPCEU_S018,-0.07644822981245492,-0.2695293709763689
normal_qq,IZTECH::IZTECH_S011::2025-04-18,IZTECH,IZTECH::IZTECH_S011,-0.07252074099356905,-0.26580005412990837
normal_qq,THUAS::THUAS_S011::2025-05-15,THUAS,THUAS::THUAS_S011,-0.0685943705051181,-0.2630064255692959
normal_qq,UCR::UCR_S002::2025-06-21,UCR,UCR::UCR_S002,-0.06466905721325464,-0.2598243277755522
normal_qq,KNUST::KNUST_S013::2025-01-16,KNUST,KNUST::KNUST_S013,-0.0607447400986512,-0.2545383903520539
normal_qq,RISE::RISE_S002::2025-03-18,RISE,RISE::RISE_S002,-0.05682135824978555,-0.2511443691619218
normal_qq,FUSPCEU::FUSPCEU_S008::2024-10-23,FUSPCEU,FUSPCEU::FUSPCEU_S008,-0.052898850856257465,-0.2510143107070679
normal_qq,FUSPCEU::FUSPCEU_S007::2024-10-25,FUSPCEU,FUSPCEU::FUSPCEU_S007,-0.04897715720213193,-0.24492723842609798
normal_qq,UCR::UCR_S004::2025-06-27,UCR,UCR::UCR_S004,-0.04505621665931094,-0.24117363752245474
normal_qq,BAUA::BAUA_S004::2025-06-12,BAUA,BAUA::BAUA_S004,-0.04113596868092849,-0.23981095529926955
normal_qq,THUAS::THUAS_S011::2025-05-16,THUAS,THUAS::THUAS_S011,-0.03721635279476839,-0.23612380812368594
normal_qq,TUM::TUM_S003::2024-06-07,TUM,TUM::TUM_S003,-0.033297308596704364,-0.22973543453056192
normal_qq,TUM::TUM_S010::2024-07-23,TUM,TUM::TUM_S010,-0.029378775744157044,-0.2249234482339052
normal_qq,FUSPCEU::FUSPCEU_S018::2024-12-10,FUSPCEU,FUSPCEU::FUSPCEU_S018,-0.0254606939495703,-0.22371540135225315
normal_qq,UCR::UCR_S002::2025-06-19,UCR,UCR::UCR_S002,-0.02154300297390149,-0.2231610851614954
normal_qq,FUSPCEU::FUSPCEU_S003::2024-10-12,FUSPCEU,FUSPCEU::FUSPCEU_S003,-0.0176256426201253,-0.2206564680834555
normal_qq,FUSPCEU::FUSPCEU_S023::2025-01-31,FUSPCEU,FUSPCEU::FUSPCEU_S023,-0.013708552726750622,-0.2202899871405488
normal_qq,THUAS::THUAS_S016::2025-07-09,THUAS,THUAS::THUAS_S016,-0.009791673161345346,-0.21522048953359646
normal_qq,RISE::RISE_S016::2025-10-11,RISE,RISE::RISE_S016,-0.005874943814071228,-0.2138891559008978
normal_qq,KNUST::KNUST_S009::2024-12-04,KNUST,KNUST::KNUST_S009,-0.0019583045912237185,-0.213075516574559
normal_qq,THUAS::THUAS_S018::2025-09-25,THUAS,THUAS::THUAS_S018,0.0019583045912235793,-0.20506789473178383
normal_qq,RISE::RISE_S005::2025-04-04,RISE,RISE::RISE_S005,0.005874943814071228,-0.1997822929363598
normal_qq,RISE::RISE_S009::2025-06-01,RISE,RISE::RISE_S009,0.009791673161345346,-0.19197247671899642
normal_qq,THUAS::THUAS_S014::2025-07-08,THUAS,THUAS::THUAS_S014,0.013708552726750622,-0.1839908816222601
normal_qq,IZTECH::IZTECH_S010::2025-04-18,IZTECH,IZTECH::IZTECH_S010,0.017625642620125434,-0.18331162864314904
normal_qq,FUSPCEU::FUSPCEU_S005::2024-10-15,FUSPCEU,FUSPCEU::FUSPCEU_S005,0.021543002973901354,-0.1765826147602307
normal_qq,TUM::TUM_S008::2024-07-11,TUM,TUM::TUM_S008,0.0254606939495703,-0.17645713439583274
normal_qq,FUSPCEU::FUSPCEU_S007::2024-10-27,FUSPCEU,FUSPCEU::FUSPCEU_S007,0.029378775744157044,-0.17449792240578543
normal_qq,IZTECH::IZTECH_S004::2025-01-24,IZTECH,IZTECH::IZTECH_S004,0.033297308596704364,-0.16807224030626342
normal_qq,FUSPCEU::FUSPCEU_S014::2024-11-20,FUSPCEU,FUSPCEU::FUSPCEU_S014,0.03721635279476853,-0.16424330298138198
normal_qq,UCR::UCR_S001::2025-06-17,UCR,UCR::UCR_S001,0.04113596868092834,-0.16163166122873526
normal_qq,FUSPCEU::FUSPCEU_S007::2024-10-24,FUSPCEU,FUSPCEU::FUSPCEU_S007,0.04505621665931094,-0.1605970614712549
normal_qq,IZTECH::IZTECH_S010::2025-04-20,IZTECH,IZTECH::IZTECH_S010,0.04897715720213193,-0.14437359508963857
normal_qq,TUM::TUM_S004::2024-06-13,TUM,TUM::TUM_S004,0.052898850856257465,-0.14363929382469426
normal_qq,THUAS::THUAS_S010::2025-06-07,THUAS,THUAS::THUAS_S010,0.056821358249785694,-0.1317889235377782
normal_qq,THUAS::THUAS_S016::2025-07-11,THUAS,THUAS::THUAS_S016,0.06074474009865105,-0.12663285397456656
normal_qq,KNUST::KNUST_S011::2024-12-20,KNUST,KNUST::KNUST_S011,0.06466905721325464,-0.11882492746985546
normal_qq,TUM::TUM_S006::2024-06-26,TUM,TUM::TUM_S006,0.0685943705051181,-0.10916185212806402
normal_qq,BAUA::BAUA_S016::2025-07-25,BAUA,BAUA::BAUA_S016,0.07252074099356905,-0.10579855723862948
normal_qq,KNUST::KNUST_S010::2024-12-15,KNUST,KNUST::KNUST_S010,0.07644822981245505,-0.10291600990271028
normal_qq,BAUA::BAUA_S018::2025-09-09,BAUA,BAUA::BAUA_S018,0.08037689821689034,-0.08923781492478967
normal_qq,THUAS::THUAS_S017::2025-09-10,THUAS,THUAS::THUAS_S017,0.08430680759003781,-0.08646898022150974
normal_qq,KNUST::KNUST_S009::2024-12-03,KNUST,KNUST::KNUST_S009,0.08823801944992443,-0.08381805688720509
normal_qq,FUSPCEU::FUSPCEU_S014::2024-11-21,FUSPCEU,FUSPCEU::FUSPCEU_S014,0.0921705954562981,-0.07711786784447942
normal_qq,IZTECH::IZTECH_S003::2025-01-07,IZTECH,IZTECH::IZTECH_S003,0.09610459741752257,-0.07384774354108978
normal_qq,THUAS::THUAS_S018::2025-09-27,THUAS,THUAS::THUAS_S018,0.10004008729751529,-0.0731359112670777
normal_qq,IZTECH::IZTECH_S012::2025-04-24,IZTECH,IZTECH::IZTECH_S012,0.10397712722273059,-0.07208813676651113
normal_qq,UCR::UCR_S004::2025-06-24,UCR,UCR::UCR_S004,0.10791577948918656,-0.06160851949574414
normal_qq,FUSPCEU::FUSPCEU_S017::2024-12-08,FUSPCEU,FUSPCEU::FUSPCEU_S017,0.11185610656954306,-0.05011813646988931
normal_qq,UCR::UCR_S005::2025-06-26,UCR,UCR::UCR_S005,0.11579817112022925,-0.04902817564789791
normal_qq,RISE::RISE_S002::2025-03-19,RISE,RISE::RISE_S002,0.1197420359886236,-0.04715091967407055
normal_qq,IZTECH::IZTECH_S002::2025-01-07,IZTECH,IZTECH::IZTECH_S002,0.12368776422029028,-0.04378974370869667
normal_qq,TUM::TUM_S007::2024-07-06,TUM,TUM::TUM_S007,0.1276354190662703,-0.043306998634305045
normal_qq,BAUA::BAUA_S018::2025-09-11,BAUA,BAUA::BAUA_S018,0.13158506399043432,-0.04090704550289666
normal_qq,KNUST::KNUST_S009::2024-12-08,KNUST,KNUST::KNUST_S009,0.13553676267689616,-0.03951156852444343
normal_qq,KNUST::KNUST_S011::2024-12-19,KNUST,KNUST::KNUST_S011,0.13949057903749046,-0.0368320119442975
normal_qq,IZTECH::IZTECH_S011::2025-04-16,IZTECH,IZTECH::IZTECH_S011,0.1434465772193175,-0.03497771345660687
normal_qq,TUM::TUM_S005::2024-06-19,TUM,TUM::TUM_S005,0.1474048216123548,-0.01936152799792169
normal_qq,FUSPCEU::FUSPCEU_S019::2024-12-15,FUSPCEU,FUSPCEU::FUSPCEU_S019,0.15136537685714221,-0.014027890868340378
normal_qq,FUSPCEU::FUSPCEU_S003::2024-10-11,FUSPCEU,FUSPCEU::FUSPCEU_S003,0.15532830785253937,-0.007139489759126894
normal_qq,BAUA::BAUA_S025::2025-10-18,BAUA,BAUA::BAUA_S025,0.1592936797635594,-0.005420943260803044
normal_qq,TUM::TUM_S008::2024-07-10,TUM,TUM::TUM_S008,0.16326155802928288,-0.0047103742069062714
normal_qq,IZTECH::IZTECH_S011::2025-04-15,IZTECH,IZTECH::IZTECH_S011,0.16723200837085012,-8.412715704941163e-4
normal_qq,IZTECH::IZTECH_S017::2025-05-31,IZTECH,IZTECH::IZTECH_S017,0.1712050967995403,0.0023995804706776064
normal_qq,IZTECH::IZTECH_S003::2025-01-08,IZTECH,IZTECH::IZTECH_S003,0.17518088962493608,0.004927365169138122
normal_qq,TUM::TUM_S008::2024-07-09,TUM,TUM::TUM_S008,0.17915945346317746,0.01434786249041754
normal_qq,FUSPCEU::FUSPCEU_S018::2024-12-13,FUSPCEU,FUSPCEU::FUSPCEU_S018,0.18314085524530926,0.01452580003495455
normal_qq,THUAS::THUAS_S016::2025-07-08,THUAS,THUAS::THUAS_S016,0.18712516222572084,0.016538194523212014
normal_qq,IZTECH::IZTECH_S011::2025-04-20,IZTECH,IZTECH::IZTECH_S011,0.19111244199068675,0.02038282312096672
normal_qq,RISE::RISE_S012::2025-06-16,RISE,RISE::RISE_S012,0.19510276246700714,0.021005722844830044
normal_qq,BAUA::BAUA_S001::2025-06-14,BAUA,BAUA::BAUA_S001,0.19909619193075148,0.026161786733721926
normal_qq,BAUA::BAUA_S014::2025-07-17,BAUA,BAUA::BAUA_S014,0.20309279901611135,0.039870489285725605
normal_qq,RISE::RISE_S005::2025-04-05,RISE,RISE::RISE_S005,0.20709265272436028,0.04058046070249489
normal_qq,KNUST::KNUST_S001::2024-10-11,KNUST,KNUST::KNUST_S001,0.21109582243293026,0.041700928315236016
normal_qq,IZTECH::IZTECH_S014::2025-05-02,IZTECH,IZTECH::IZTECH_S014,0.21510237790460274,0.043011762051279996
normal_qq,RISE::RISE_S001::2025-03-04,RISE,RISE::RISE_S001,0.21911238929682084,0.049831223873848626
normal_qq,FUSPCEU::FUSPCEU_S013::2024-11-24,FUSPCEU,FUSPCEU::FUSPCEU_S013,0.22312592717112525,0.05180771403509821
normal_qq,FUSPCEU::FUSPCEU_S019::2024-12-13,FUSPCEU,FUSPCEU::FUSPCEU_S019,0.2271430625027153,0.05449122406906678
normal_qq,FUSPCEU::FUSPCEU_S017::2024-12-04,FUSPCEU,FUSPCEU::FUSPCEU_S017,0.23116386669014266,0.05608432469614884
normal_qq,THUAS::THUAS_S018::2025-09-23,THUAS,THUAS::THUAS_S018,0.23518841156513873,0.05736617464883643
normal_qq,FUSPCEU::FUSPCEU_S017::2024-12-06,FUSPCEU,FUSPCEU::FUSPCEU_S017,0.23921676940257858,0.06118461450852696
normal_qq,KNUST::KNUST_S010::2024-12-14,KNUST,KNUST::KNUST_S010,0.2432490129305903,0.06753481591918878
normal_qq,KNUST::KNUST_S009::2024-12-06,KNUST,KNUST::KNUST_S009,0.24728521534080486,0.06803183290349023
normal_qq,RISE::RISE_S009::2025-05-31,RISE,RISE::RISE_S009,0.25132545029876024,0.0753828233042655
normal_qq,FUSPCEU::FUSPCEU_S003::2024-10-10,FUSPCEU,FUSPCEU::FUSPCEU_S003,0.2553697919544575,0.0797327831768088
normal_qq,IZTECH::IZTECH_S003::2025-01-10,IZTECH,IZTECH::IZTECH_S003,0.2594183149530747,0.08067540945251497
normal_qq,KNUST::KNUST_S002::2024-10-17,KNUST,KNUST::KNUST_S002,0.2634710944458446,0.0846553892942234
normal_qq,RISE::RISE_S016::2025-10-12,RISE,RISE::RISE_S016,0.2675282061010972,0.0941759042925274
normal_qq,RISE::RISE_S005::2025-04-02,RISE,RISE::RISE_S005,0.271589726115475,0.09622285642696671
normal_qq,FUSPCEU::FUSPCEU_S022::2025-02-02,FUSPCEU,FUSPCEU::FUSPCEU_S022,0.27565573122532366,0.09729604458340013
normal_qq,THUAS::THUAS_S001::2025-02-28,THUAS,THUAS::THUAS_S001,0.27972629871826404,0.10254412576907304
normal_qq,THUAS::THUAS_S006::2025-04-03,THUAS,THUAS::THUAS_S006,0.28380150644494945,0.10558741198245657
normal_qq,UCR::UCR_S006::2025-06-26,UCR,UCR::UCR_S006,0.28788143283101186,0.1086306972387667
normal_qq,TUM::TUM_S010::2024-07-26,TUM,TUM::TUM_S010,0.2919661568892068,0.10864250284662995
normal_qq,UCR::UCR_S006::2025-06-28,UCR,UCR::UCR_S006,0.2960557582317575,0.10919428163079645
normal_qq,FUSPCEU::FUSPCEU_S025::2025-02-05,FUSPCEU,FUSPCEU::FUSPCEU_S025,0.30015031708290446,0.11059393224334144
normal_qq,TUM::TUM_S009::2024-07-20,TUM,TUM::TUM_S009,0.30424991429167025,0.11083388109001482
normal_qq,FUSPCEU::FUSPCEU_S020::2025-01-25,FUSPCEU,FUSPCEU::FUSPCEU_S020,0.30835463134483726,0.11094884674441348
normal_qq,FUSPCEU::FUSPCEU_S007::2024-10-22,FUSPCEU,FUSPCEU::FUSPCEU_S007,0.3124645503801526,0.12365715516654217
normal_qq,RISE::RISE_S012::2025-06-12,RISE,RISE::RISE_S012,0.31657975419976114,0.12755902864483837
normal_qq,BAUA::BAUA_S002::2025-06-14,BAUA,BAUA::BAUA_S002,0.3207003262838728,0.13304657618563534
normal_qq,RISE::RISE_S008::2025-05-03,RISE,RISE::RISE_S008,0.3248263508046755,0.13813347845458623
normal_qq,TUM::TUM_S003::2024-06-05,TUM,TUM::TUM_S003,0.328957912640491,0.1423735641905559
normal_qq,FUSPCEU::FUSPCEU_S011::2024-11-17,FUSPCEU,FUSPCEU::FUSPCEU_S011,0.3330950973901907,0.14306794245556745
normal_qq,IZTECH::IZTECH_S003::2025-01-12,IZTECH,IZTECH::IZTECH_S003,0.33723799138787003,0.15530904099876988
normal_qq,THUAS::THUAS_S003::2025-03-21,THUAS,THUAS::THUAS_S003,0.34138668171779435,0.1577737856550609
normal_qq,KNUST::KNUST_S014::2025-01-23,KNUST,KNUST::KNUST_S014,0.3455412562296193,0.16050406250044527
normal_qq,BAUA::BAUA_S001::2025-06-13,BAUA,BAUA::BAUA_S001,0.34970180355389513,0.16228221185756173
normal_qq,IZTECH::IZTECH_S008::2025-03-07,IZTECH,IZTECH::IZTECH_S008,0.35386841311786266,0.16499486796300858
normal_qq,THUAS::THUAS_S010::2025-06-03,THUAS,THUAS::THUAS_S010,0.3580411751615481,0.1654757051392706
normal_qq,IZTECH::IZTECH_S010::2025-04-15,IZTECH,IZTECH::IZTECH_S010,0.3622201807541658,0.1717713619112383
normal_qq,IZTECH::IZTECH_S015::2025-05-03,IZTECH,IZTECH::IZTECH_S015,0.36640552181083663,0.17702060536349865
normal_qq,KNUST::KNUST_S001::2024-10-08,KNUST,KNUST::KNUST_S001,0.37059729110962913,0.1841157253673349
normal_qq,FUSPCEU::FUSPCEU_S020::2025-01-24,FUSPCEU,FUSPCEU::FUSPCEU_S020,0.37479558230893595,0.19582463865337024
normal_qq,BAUA::BAUA_S024::2025-10-18,BAUA,BAUA::BAUA_S024,0.3790004899651906,0.197414311076917
normal_qq,FUSPCEU::FUSPCEU_S020::2025-01-23,FUSPCEU,FUSPCEU::FUSPCEU_S020,0.38321210955093743,0.20065308758883027
normal_qq,RISE::RISE_S006::2025-04-16,RISE,RISE::RISE_S006,0.38743053747326184,0.20192120430137084
normal_qq,FUSPCEU::FUSPCEU_S006::2024-10-16,FUSPCEU,FUSPCEU::FUSPCEU_S006,0.39165587109259137,0.20298181317042568
normal_qq,BAUA::BAUA_S002::2025-06-11,BAUA,BAUA::BAUA_S002,0.39588820874187963,0.20899096363324823
normal_qq,RISE::RISE_S008::2025-05-02,RISE,RISE::RISE_S008,0.4001276497461803,0.20985144074753
normal_qq,BAUA::BAUA_S003::2025-06-11,BAUA,BAUA::BAUA_S003,0.404374294442626,0.2143152998399566
normal_qq,IZTECH::IZTECH_S007::2025-02-28,IZTECH,IZTECH::IZTECH_S007,0.4086282442008202,0.21441675515658715
normal_qq,IZTECH::IZTECH_S011::2025-04-19,IZTECH,IZTECH::IZTECH_S011,0.4128896014436541,0.21689703196141502
normal_qq,FUSPCEU::FUSPCEU_S015::2024-11-30,FUSPCEU,FUSPCEU::FUSPCEU_S015,0.4171584696685628,0.22537873821894933
normal_qq,FUSPCEU::FUSPCEU_S017::2024-12-03,FUSPCEU,FUSPCEU::FUSPCEU_S017,0.4214349534692297,0.22555157875306395
normal_qq,BAUA::BAUA_S004::2025-06-11,BAUA,BAUA::BAUA_S004,0.42571915855775444,0.22664947741148034
normal_qq,IZTECH::IZTECH_S007::2025-02-26,IZTECH,IZTECH::IZTECH_S007,0.4300111917872973,0.22777835577501096
normal_qq,BAUA::BAUA_S025::2025-10-17,BAUA,BAUA::BAUA_S025,0.43431116117520957,0.22827029193541076
normal_qq,THUAS::THUAS_S003::2025-03-20,THUAS,THUAS::THUAS_S003,0.43861917592667027,0.23238189234929205
normal_qq,FUSPCEU::FUSPCEU_S017::2024-12-07,FUSPCEU,FUSPCEU::FUSPCEU_S017,0.44293534645883936,0.23696932196905568
normal_qq,FUSPCEU::FUSPCEU_S010::2024-11-07,FUSPCEU,FUSPCEU::FUSPCEU_S010,0.4472597844255416,0.23872461137372603
normal_qq,RISE::RISE_S003::2025-03-22,RISE,RISE::RISE_S003,0.451592602742502,0.24856627270029105
normal_qq,THUAS::THUAS_S005::2025-03-27,THUAS,THUAS::THUAS_S005,0.45593391561313873,0.2567370125557644
normal_qq,THUAS::THUAS_S011::2025-05-17,THUAS,THUAS::THUAS_S011,0.4602838385549412,0.26094548544420143
normal_qq,IZTECH::IZTECH_S016::2025-05-09,IZTECH,IZTECH::IZTECH_S016,0.46464248842644257,0.2620078652381705
normal_qq,RISE::RISE_S007::2025-04-16,RISE,RISE::RISE_S007,0.4690099834548059,0.27347683206694934
normal_qq,KNUST::KNUST_S015::2025-02-01,KNUST,KNUST::KNUST_S015,0.4733864432640436,0.28129733352892633
normal_qq,IZTECH::IZTECH_S003::2025-01-09,IZTECH,IZTECH::IZTECH_S003,0.477771988903886,0.28506391830276107
normal_qq,IZTECH::IZTECH_S008::2025-03-05,IZTECH,IZTECH::IZTECH_S008,0.48216674287932226,0.2852841295361969
normal_qq,THUAS::THUAS_S011::2025-05-13,THUAS,THUAS::THUAS_S011,0.48657082918082883,0.29292108337060974
normal_qq,TUM::TUM_S006::2024-06-29,TUM,TUM::TUM_S006,0.49098437331530953,0.2953807044929624
normal_qq,TUM::TUM_S002::2024-05-28,TUM,TUM::TUM_S002,0.49540750233776887,0.29578926788343385
normal_qq,FUSPCEU::FUSPCEU_S010::2024-11-06,FUSPCEU,FUSPCEU::FUSPCEU_S010,0.4998403448837351,0.30008928682244557
normal_qq,RISE::RISE_S008::2025-04-30,RISE,RISE::RISE_S008,0.504283031202464,0.3023268210543747
normal_qq,TUM::TUM_S001::2024-05-15,TUM,TUM::TUM_S001,0.508735693190941,0.3040290741903667
normal_qq,RISE::RISE_S012::2025-06-11,RISE,RISE::RISE_S012,0.513198464428708,0.32515825104200974
normal_qq,FUSPCEU::FUSPCEU_S024::2025-02-05,FUSPCEU,FUSPCEU::FUSPCEU_S024,0.517671480213541,0.3309293006122754
normal_qq,RISE::RISE_S003::2025-03-20,RISE,RISE::RISE_S003,0.5221548775980014,0.3453444329971526
normal_qq,FUSPCEU::FUSPCEU_S017::2024-12-05,FUSPCEU,FUSPCEU::FUSPCEU_S017,0.526648795426894,0.34683793929140655
normal_qq,UCR::UCR_S003::2025-06-19,UCR,UCR::UCR_S003,0.5311533743756527,0.37143690409176827
normal_qq,FUSPCEU::FUSPCEU_S019::2024-12-14,FUSPCEU,FUSPCEU::FUSPCEU_S019,0.5356687569896885,0.37333323128699386
normal_qq,BAUA::BAUA_S022::2025-09-26,BAUA,BAUA::BAUA_S022,0.540195087724729,0.3747650229245856
normal_qq,BAUA::BAUA_S018::2025-09-13,BAUA,BAUA::BAUA_S018,0.5447325129881758,0.3773536075979492
normal_qq,RISE::RISE_S013::2025-06-25,RISE,RISE::RISE_S013,0.5492811811815195,0.37970269426212494
normal_qq,KNUST::KNUST_S005::2024-11-07,KNUST,KNUST::KNUST_S005,0.5538412427438403,0.3900737184398647
normal_qq,RISE::RISE_S002::2025-03-20,RISE,RISE::RISE_S002,0.5584128501964327,0.3900988669390819
normal_qq,IZTECH::IZTECH_S002::2025-01-08,IZTECH,IZTECH::IZTECH_S002,0.5629961581885875,0.39494232881575164
normal_qq,IZTECH::IZTECH_S001::2024-12-26,IZTECH,IZTECH::IZTECH_S001,0.5675913235445692,0.3986481596261964
normal_qq,UCR::UCR_S001::2025-06-22,UCR,UCR::UCR_S001,0.5721985053118294,0.39911924403205473
normal_qq,BAUA::BAUA_S004::2025-06-16,BAUA,BAUA::BAUA_S004,0.5768178648104959,0.40466818919314146
normal_qq,KNUST::KNUST_S003::2024-10-22,KNUST,KNUST::KNUST_S003,0.5814495656841764,0.416882231728342
normal_qq,KNUST::KNUST_S006::2024-11-17,KNUST,KNUST::KNUST_S006,0.5860937739521264,0.4180773331103434
normal_qq,TUM::TUM_S007::2024-07-04,TUM,TUM::TUM_S007,0.5907506580628188,0.4260116586440834
normal_qq,THUAS::THUAS_S010::2025-06-05,THUAS,THUAS::THUAS_S010,0.5954203889489692,0.43338777158624864
normal_qq,IZTECH::IZTECH_S007::2025-02-27,IZTECH,IZTECH::IZTECH_S007,0.6001031400840606,0.4531086891408597
normal_qq,RISE::RISE_S007::2025-04-17,RISE,RISE::RISE_S007,0.6047990875404214,0.4610441572014295
normal_qq,IZTECH::IZTECH_S002::2025-01-10,IZTECH,IZTECH::IZTECH_S002,0.6095084100489082,0.4684684780268398
normal_qq,RISE::RISE_S005::2025-04-01,RISE,RISE::RISE_S005,0.6142312890602454,0.479982076917528
normal_qq,BAUA::BAUA_S013::2025-07-19,BAUA,BAUA::BAUA_S013,0.6189679088080838,0.4801552805424548
normal_qq,THUAS::THUAS_S011::2025-05-14,THUAS,THUAS::THUAS_S011,0.6237184563738349,0.48050462174168773
normal_qq,KNUST::KNUST_S015::2025-01-31,KNUST,KNUST::KNUST_S015,0.628483121753339,0.48200807609442525
normal_qq,FUSPCEU::FUSPCEU_S014::2024-11-22,FUSPCEU,FUSPCEU::FUSPCEU_S014,0.633262097925439,0.48392397079991273
normal_qq,THUAS::THUAS_S017::2025-09-12,THUAS,THUAS::THUAS_S017,0.6380555809225169,0.4937367247673052
normal_qq,KNUST::KNUST_S003::2024-10-23,KNUST,KNUST::KNUST_S003,0.642863769903073,0.49406220618229274
normal_qq,IZTECH::IZTECH_S009::2025-03-24,IZTECH,IZTECH::IZTECH_S009,0.6476868672264102,0.49644698174985297
normal_qq,BAUA::BAUA_S002::2025-06-15,BAUA,BAUA::BAUA_S002,0.6525250785295066,0.5004419018184375
normal_qq,RISE::RISE_S006::2025-04-15,RISE,RISE::RISE_S006,0.657378612806149,0.5011282292790933
normal_qq,FUSPCEU::FUSPCEU_S003::2024-10-13,FUSPCEU,FUSPCEU::FUSPCEU_S003,0.6622476824884139,0.5112096307308104
normal_qq,THUAS::THUAS_S005::2025-03-28,THUAS,THUAS::THUAS_S005,0.6671325035305776,0.5135999350257626
normal_qq,IZTECH::IZTECH_S017::2025-05-28,IZTECH,IZTECH::IZTECH_S017,0.6720332954955458,0.51408340422529
normal_qq,BAUA::BAUA_S013::2025-07-20,BAUA,BAUA::BAUA_S013,0.6769502816438958,0.5177852825348155
normal_qq,BAUA::BAUA_S014::2025-07-21,BAUA,BAUA::BAUA_S014,0.6818836890256291,0.5192117034862217
normal_qq,THUAS::THUAS_S016::2025-07-10,THUAS,THUAS::THUAS_S016,0.6868337485747306,0.5411183189341644
normal_qq,IZTECH::IZTECH_S002::2025-01-09,IZTECH,IZTECH::IZTECH_S002,0.6918006952066451,0.5518698481912705
normal_qq,KNUST::KNUST_S014::2025-01-21,KNUST,KNUST::KNUST_S014,0.6967847679187797,0.5549728701939441
normal_qq,IZTECH::IZTECH_S010::2025-04-19,IZTECH,IZTECH::IZTECH_S010,0.7017862098941445,0.5744009244743362
normal_qq,TUM::TUM_S006::2024-06-25,TUM,TUM::TUM_S006,0.7068052686082553,0.5782893903112731
normal_qq,RISE::RISE_S006::2025-04-17,RISE,RISE::RISE_S006,0.7118421959394189,0.5970552606764272
normal_qq,FUSPCEU::FUSPCEU_S007::2024-10-26,FUSPCEU,FUSPCEU::FUSPCEU_S007,0.7168972482825392,0.6018896751694536
normal_qq,FUSPCEU::FUSPCEU_S022::2025-01-31,FUSPCEU,FUSPCEU::FUSPCEU_S022,0.7219706866665734,0.6058300455576179
normal_qq,IZTECH::IZTECH_S014::2025-05-04,IZTECH,IZTECH::IZTECH_S014,0.727062776875785,0.6068998869253153
normal_qq,TUM::TUM_S010::2024-07-24,TUM,TUM::TUM_S010,0.7321737895749495,0.6364114312694202
normal_qq,IZTECH::IZTECH_S006::2025-02-18,IZTECH,IZTECH::IZTECH_S006,0.7373040004386543,0.643284755211062
normal_qq,BAUA::BAUA_S004::2025-06-14,BAUA,BAUA::BAUA_S004,0.7424536902848744,0.6477512275853958
normal_qq,FUSPCEU::FUSPCEU_S015::2024-11-28,FUSPCEU,FUSPCEU::FUSPCEU_S015,0.7476231452129851,0.6528738005062092
normal_qq,IZTECH::IZTECH_S005::2025-01-21,IZTECH,IZTECH::IZTECH_S005,0.7528126567463949,0.6542837087463246
normal_qq,RISE::RISE_S008::2025-05-04,RISE,RISE::RISE_S008,0.7580225219799877,0.6560038965072301
normal_qq,BAUA::BAUA_S012::2025-07-18,BAUA,BAUA::BAUA_S012,0.7632530437325704,0.6564048906170521
normal_qq,TUM::TUM_S002::2024-06-02,TUM,TUM::TUM_S002,0.7685045307045364,0.6576933574927791
normal_qq,FUSPCEU::FUSPCEU_S012::2024-12-04,FUSPCEU,FUSPCEU::FUSPCEU_S012,0.7737772976409586,0.6615094423134427
normal_qq,IZTECH::IZTECH_S004::2025-01-23,IZTECH,IZTECH::IZTECH_S004,0.7790716655003437,0.6662834421456683
normal_qq,IZTECH::IZTECH_S014::2025-05-01,IZTECH,IZTECH::IZTECH_S014,0.7843879616292853,0.6678116482228211
normal_qq,KNUST::KNUST_S014::2025-01-22,KNUST,KNUST::KNUST_S014,0.7897265199432659,0.6772602196720148
normal_qq,IZTECH::IZTECH_S006::2025-02-19,IZTECH,IZTECH::IZTECH_S006,0.795087681113875,0.6889694093970089
normal_qq,KNUST::KNUST_S013::2025-01-14,KNUST,KNUST::KNUST_S013,0.8004717927627198,0.6909112616909886
normal_qq,TUM::TUM_S002::2024-05-30,TUM,TUM::TUM_S002,0.805879209662316,0.705460912269005
normal_qq,IZTECH::IZTECH_S008::2025-03-04,IZTECH,IZTECH::IZTECH_S008,0.8113102939442741,0.7129470230102934
normal_qq,THUAS::THUAS_S014::2025-07-12,THUAS,THUAS::THUAS_S014,0.816765415315091,0.718684457045524
normal_qq,TUM::TUM_S010::2024-07-25,TUM,TUM::TUM_S010,0.822244951279898,0.7255290853365907
normal_qq,FUSPCEU::FUSPCEU_S024::2025-02-06,FUSPCEU,FUSPCEU::FUSPCEU_S024,0.827749287374516,0.7258778172724286
normal_qq,THUAS::THUAS_S010::2025-06-09,THUAS,THUAS::THUAS_S010,0.8332788174061921,0.7346497077565888
normal_qq,BAUA::BAUA_S022::2025-09-29,BAUA,BAUA::BAUA_S022,0.8388339437034211,0.7442694885877038
normal_qq,FUSPCEU::FUSPCEU_S019::2024-12-10,FUSPCEU,FUSPCEU::FUSPCEU_S019,0.8444150773752573,0.7533027103637989
normal_qq,RISE::RISE_S013::2025-06-26,RISE,RISE::RISE_S013,0.8500226385805695,0.753364556581592
normal_qq,FUSPCEU::FUSPCEU_S005::2024-10-18,FUSPCEU,FUSPCEU::FUSPCEU_S005,0.8556570568076924,0.7678537533337948
normal_qq,FUSPCEU::FUSPCEU_S006::2024-10-18,FUSPCEU,FUSPCEU::FUSPCEU_S006,0.8613187711649688,0.7704394600590052
normal_qq,RISE::RISE_S012::2025-06-13,RISE,RISE::RISE_S012,0.8670082306826993,0.7719013888833524
normal_qq,IZTECH::IZTECH_S004::2025-01-22,IZTECH,IZTECH::IZTECH_S004,0.8727258946270401,0.7836277724387346
normal_qq,FUSPCEU::FUSPCEU_S013::2024-11-19,FUSPCEU,FUSPCEU::FUSPCEU_S013,0.8784722328264312,0.7855863728320511
normal_qq,RISE::RISE_S002::2025-03-21,RISE,RISE::RISE_S002,0.88424772601116,0.795131194446677
normal_qq,FUSPCEU::FUSPCEU_S022::2025-02-01,FUSPCEU,FUSPCEU::FUSPCEU_S022,0.8900528661667025,0.8019834444006284
normal_qq,FUSPCEU::FUSPCEU_S023::2025-01-28,FUSPCEU,FUSPCEU::FUSPCEU_S023,0.8958881569015325,0.8033793785457302
normal_qq,IZTECH::IZTECH_S013::2025-04-25,IZTECH,IZTECH::IZTECH_S013,0.9017541138301,0.8062625375762471
normal_qq,TUM::TUM_S009::2024-07-17,TUM,TUM::TUM_S009,0.9076512649717668,0.8091059149485755
normal_qq,THUAS::THUAS_S002::2025-03-08,THUAS,THUAS::THUAS_S002,0.9135801511664868,0.8091425071872991
normal_qq,IZTECH::IZTECH_S017::2025-05-29,IZTECH,IZTECH::IZTECH_S017,0.9195413265080978,0.8110046659136875
normal_qq,UCR::UCR_S001::2025-06-18,UCR,UCR::UCR_S001,0.9255353587961344,0.825504983207316
normal_qq,BAUA::BAUA_S001::2025-06-11,BAUA,BAUA::BAUA_S001,0.9315628300071144,0.8257624558157598
normal_qq,FUSPCEU::FUSPCEU_S022::2025-01-28,FUSPCEU,FUSPCEU::FUSPCEU_S022,0.9376243367863386,0.8352469963203877
normal_qq,THUAS::THUAS_S018::2025-09-24,THUAS,THUAS::THUAS_S018,0.9437204909612752,0.8465858975125644
normal_qq,BAUA::BAUA_S002::2025-06-13,BAUA,BAUA::BAUA_S002,0.9498519200776905,0.8479052877115696
normal_qq,THUAS::THUAS_S014::2025-07-11,THUAS,THUAS::THUAS_S014,0.9560192679597549,0.8591303011898781
normal_qq,THUAS::THUAS_S015::2025-07-08,THUAS,THUAS::THUAS_S015,0.9622231952954203,0.8614984375110591
normal_qq,BAUA::BAUA_S003::2025-06-13,BAUA,BAUA::BAUA_S003,0.9684643802484696,0.8637932826728552
normal_qq,TUM::TUM_S006::2024-06-27,TUM,TUM::TUM_S006,0.9747435190987094,0.877165519386808
normal_qq,IZTECH::IZTECH_S005::2025-01-23,IZTECH,IZTECH::IZTECH_S005,0.9810613269118877,0.8916506154997602
normal_qq,UCR::UCR_S006::2025-06-29,UCR,UCR::UCR_S006,0.9874185382410161,0.8964196271312246
normal_qq,FUSPCEU::FUSPCEU_S012::2024-12-03,FUSPCEU,FUSPCEU::FUSPCEU_S012,0.9938159078608827,0.9225888238347616
normal_qq,FUSPCEU::FUSPCEU_S005::2024-10-19,FUSPCEU,FUSPCEU::FUSPCEU_S005,1.0002542115376871,0.94416287210256
normal_qq,BAUA::BAUA_S024::2025-10-19,BAUA,BAUA::BAUA_S024,1.0067342468358196,0.9551087252086357
normal_qq,THUAS::THUAS_S002::2025-03-04,THUAS,THUAS::THUAS_S002,1.0132568339639916,0.9621161585161117
normal_qq,BAUA::BAUA_S009::2025-06-30,BAUA,BAUA::BAUA_S009,1.0198228166630399,0.9769508838960816
normal_qq,BAUA::BAUA_S022::2025-09-27,BAUA,BAUA::BAUA_S022,1.0264330631379108,0.9817879093713802
normal_qq,TUM::TUM_S005::2024-06-18,TUM,TUM::TUM_S005,1.0330884670365081,0.9887517218644328
normal_qq,KNUST::KNUST_S012::2025-01-08,KNUST,KNUST::KNUST_S012,1.0397899484782678,1.0070508277573798
normal_qq,RISE::RISE_S013::2025-06-29,RISE,RISE::RISE_S013,1.0465384551355452,1.008434936412903
normal_qq,RISE::RISE_S007::2025-04-15,RISE,RISE::RISE_S007,1.0533349633711186,1.032520105716345
normal_qq,BAUA::BAUA_S025::2025-10-19,BAUA,BAUA::BAUA_S025,1.060180479435355,1.05196096061539
normal_qq,FUSPCEU::FUSPCEU_S013::2024-11-22,FUSPCEU,FUSPCEU::FUSPCEU_S013,1.0670760407268585,1.0591776833495454
normal_qq,FUSPCEU::FUSPCEU_S015::2024-11-27,FUSPCEU,FUSPCEU::FUSPCEU_S015,1.0740227171207009,1.081623340365657
normal_qq,RISE::RISE_S010::2025-06-14,RISE,RISE::RISE_S010,1.081021612368657,1.0819643906641163
normal_qq,RISE::RISE_S003::2025-03-21,RISE,RISE::RISE_S003,1.0880738655761995,1.094031823930503
normal_qq,KNUST::KNUST_S012::2025-01-10,KNUST,KNUST::KNUST_S012,1.095180652761388,1.1012681303265441
normal_qq,TUM::TUM_S006::2024-06-28,TUM,TUM::TUM_S006,1.1023431885011925,1.1602869368427502
normal_qq,THUAS::THUAS_S001::2025-02-23,THUAS,THUAS::THUAS_S001,1.1095627276712265,1.1629059178890226
normal_qq,KNUST::KNUST_S013::2025-01-17,KNUST,KNUST::KNUST_S013,1.1168405672853658,1.1700623110803376
normal_qq,KNUST::KNUST_S015::2025-01-29,KNUST,KNUST::KNUST_S015,1.124178048442242,1.2112992274258383
normal_qq,BAUA::BAUA_S001::2025-06-16,BAUA,BAUA::BAUA_S001,1.131576558386188,1.2121990998826069
normal_qq,FUSPCEU::FUSPCEU_S016::2024-11-27,FUSPCEU,FUSPCEU::FUSPCEU_S016,1.1390375326908564,1.21958919242479
normal_qq,FUSPCEU::FUSPCEU_S009::2024-11-10,FUSPCEU,FUSPCEU::FUSPCEU_S009,1.14656245757441,1.2235431448907244
normal_qq,THUAS::THUAS_S003::2025-03-19,THUAS,THUAS::THUAS_S003,1.1541528723559784,1.2301981761135778
normal_qq,KNUST::KNUST_S010::2024-12-12,KNUST,KNUST::KNUST_S010,1.1618103720638915,1.2324313846903703
normal_qq,FUSPCEU::FUSPCEU_S006::2024-10-19,FUSPCEU,FUSPCEU::FUSPCEU_S006,1.1695366102071427,1.2344163049768073
normal_qq,BAUA::BAUA_S006::2025-06-13,BAUA,BAUA::BAUA_S006,1.1773333017225696,1.2403598650601788
normal_qq,BAUA::BAUA_S006::2025-06-12,BAUA,BAUA::BAUA_S006,1.1852022261113444,1.2463079130592418
normal_qq,IZTECH::IZTECH_S004::2025-01-26,IZTECH,IZTECH::IZTECH_S004,1.1931452307796409,1.2500290039583308
normal_qq,TUM::TUM_S008::2024-07-13,TUM,TUM::TUM_S008,1.201164234599712,1.2859328908853882
normal_qq,RISE::RISE_S007::2025-04-18,RISE,RISE::RISE_S007,1.209261231709155,1.3012107673730833
normal_qq,BAUA::BAUA_S012::2025-07-20,BAUA,BAUA::BAUA_S012,1.2174382955678307,1.3105656634210452
normal_qq,KNUST::KNUST_S006::2024-11-12,KNUST,KNUST::KNUST_S006,1.2256975832938048,1.32779775732104
normal_qq,KNUST::KNUST_S003::2024-10-25,KNUST,KNUST::KNUST_S003,1.2340413403017678,1.3351552541819631
normal_qq,BAUA::BAUA_S014::2025-07-18,BAUA,BAUA::BAUA_S014,1.2424719052697515,1.3721101846370987
normal_qq,FUSPCEU::FUSPCEU_S014::2024-11-23,FUSPCEU,FUSPCEU::FUSPCEU_S014,1.2509917154625454,1.3833470811690767
normal_qq,THUAS::THUAS_S018::2025-09-26,THUAS,THUAS::THUAS_S018,1.2596033124431782,1.3942062833571987
normal_qq,BAUA::BAUA_S013::2025-07-18,BAUA,BAUA::BAUA_S013,1.2683093482070629,1.406056914896757
normal_qq,RISE::RISE_S012::2025-06-14,RISE,RISE::RISE_S012,1.2771125917770967,1.4129552865577282
normal_qq,KNUST::KNUST_S007::2024-11-22,KNUST,KNUST::KNUST_S007,1.2860159363021268,1.4168700748116434
normal_qq,KNUST::KNUST_S007::2024-11-21,KNUST,KNUST::KNUST_S007,1.2950224067058145,1.4332813944492324
normal_qq,BAUA::BAUA_S009::2025-06-25,BAUA,BAUA::BAUA_S009,1.3041351679381834,1.4417183671547897
normal_qq,KNUST::KNUST_S009::2024-12-05,KNUST,KNUST::KNUST_S009,1.3133575338880215,1.449430540570084
normal_qq,RISE::RISE_S001::2025-03-07,RISE,RISE::RISE_S001,1.322692977020998,1.4518641623450204
normal_qq,RISE::RISE_S005::2025-04-03,RISE,RISE::RISE_S005,1.3321451388159335,1.4949116008817895
normal_qq,KNUST::KNUST_S011::2024-12-18,KNUST,KNUST::KNUST_S011,1.341717841080254,1.5377605807955432
normal_qq,UCR::UCR_S001::2025-06-19,UCR,UCR::UCR_S001,1.3514150982354836,1.5657781730782534
normal_qq,RISE::RISE_S001::2025-03-09,RISE,RISE::RISE_S001,1.3612411306747836,1.5744482668851716
normal_qq,RISE::RISE_S010::2025-06-12,RISE,RISE::RISE_S010,1.3712003793073406,1.60414109174677
normal_qq,IZTECH::IZTECH_S015::2025-05-04,IZTECH,IZTECH::IZTECH_S015,1.3812975214190684,1.6364709642605735
normal_qq,RISE::RISE_S008::2025-05-01,RISE,RISE::RISE_S008,1.3915374879959006,1.6453357704145422
normal_qq,UCR::UCR_S006::2025-06-25,UCR,UCR::UCR_S006,1.401925482675367,1.6810079310995056
normal_qq,TUM::TUM_S001::2024-05-19,TUM,TUM::TUM_S001,1.412467002514526,1.7239649007840325
normal_qq,FUSPCEU::FUSPCEU_S023::2025-01-30,FUSPCEU,FUSPCEU::FUSPCEU_S023,1.4231678607882463,1.7244453796223504
normal_qq,FUSPCEU::FUSPCEU_S008::2024-10-22,FUSPCEU,FUSPCEU::FUSPCEU_S008,1.4340342120619665,1.729904016411635
normal_qq,FUSPCEU::FUSPCEU_S004::2024-10-11,FUSPCEU,FUSPCEU::FUSPCEU_S004,1.4450725798180741,1.7301227576489913
normal_qq,UCR::UCR_S004::2025-06-26,UCR,UCR::UCR_S004,1.4562898869560497,1.7393317309225131
normal_qq,BAUA::BAUA_S005::2025-06-12,BAUA,BAUA::BAUA_S005,1.4676934895344418,1.7636278617042584
normal_qq,TUM::TUM_S009::2024-07-16,TUM,TUM::TUM_S009,1.4792912141791792,1.802241468537063
normal_qq,RISE::RISE_S004::2025-03-29,RISE,RISE::RISE_S004,1.4910913996492219,1.8179488968453013
normal_qq,THUAS::THUAS_S015::2025-07-10,THUAS,THUAS::THUAS_S015,1.5031029431292737,1.8189995226088402
normal_qq,RISE::RISE_S006::2025-04-18,RISE,RISE::RISE_S006,1.5153353519128503,1.8194576272411251
normal_qq,THUAS::THUAS_S015::2025-07-12,THUAS,THUAS::THUAS_S015,1.527798801250513,1.826930832857733
normal_qq,THUAS::THUAS_S001::2025-02-26,THUAS,THUAS::THUAS_S001,1.5405041992716704,1.938950015418764
normal_qq,TUM::TUM_S008::2024-07-14,TUM,TUM::TUM_S008,1.5534632600489853,1.981182932843072
normal_qq,IZTECH::IZTECH_S017::2025-05-30,IZTECH,IZTECH::IZTECH_S017,1.566688586068413,1.993982383936107
normal_qq,THUAS::THUAS_S006::2025-04-05,THUAS,THUAS::THUAS_S006,1.5801937616033674,1.9991984107789824
normal_qq,IZTECH::IZTECH_S006::2025-02-20,IZTECH,IZTECH::IZTECH_S006,1.5939934587785543,2.0097604762758405
normal_qq,BAUA::BAUA_S014::2025-07-20,BAUA,BAUA::BAUA_S014,1.6081035584609336,2.01611494435346
normal_qq,THUAS::THUAS_S002::2025-03-07,THUAS,THUAS::THUAS_S002,1.6225412885488784,2.0165838273403693
normal_qq,IZTECH::IZTECH_S008::2025-03-06,IZTECH,IZTECH::IZTECH_S008,1.6373253827680638,2.0211561452446434
normal_qq,FUSPCEU::FUSPCEU_S011::2024-11-16,FUSPCEU,FUSPCEU::FUSPCEU_S011,1.6524762637527577,2.028232694764071
normal_qq,KNUST::KNUST_S004::2024-10-30,KNUST,KNUST::KNUST_S004,1.668016255032109,2.0679026130560088
normal_qq,IZTECH::IZTECH_S013::2025-04-22,IZTECH,IZTECH::IZTECH_S013,1.6839698276034438,2.0726749459168357
normal_qq,IZTECH::IZTECH_S014::2025-04-30,IZTECH,IZTECH::IZTECH_S014,1.7003638881264744,2.073003995438732
normal_qq,FUSPCEU::FUSPCEU_S011::2024-11-12,FUSPCEU,FUSPCEU::FUSPCEU_S011,1.7172281175057413,2.1024903114285696
normal_qq,FUSPCEU::FUSPCEU_S024::2025-02-04,FUSPCEU,FUSPCEU::FUSPCEU_S024,1.7345953708694064,2.1128642115461638
normal_qq,IZTECH::IZTECH_S012::2025-04-23,IZTECH,IZTECH::IZTECH_S012,1.7525021528744251,2.1190603418631255
normal_qq,KNUST::KNUST_S012::2025-01-12,KNUST,KNUST::KNUST_S012,1.7709891861138272,2.1316052838858357
normal_qq,FUSPCEU::FUSPCEU_S012::2024-12-05,FUSPCEU,FUSPCEU::FUSPCEU_S012,1.7901020955141689,2.1553089550794176
normal_qq,IZTECH::IZTECH_S005::2025-01-24,IZTECH,IZTECH::IZTECH_S005,1.809892238480608,2.1584868206335828
normal_qq,IZTECH::IZTECH_S009::2025-03-26,IZTECH,IZTECH::IZTECH_S009,1.8304177198852074,2.1878509422852415
normal_qq,KNUST::KNUST_S008::2024-11-30,KNUST,KNUST::KNUST_S008,1.8517446438480447,2.198533316585858
normal_qq,TUM::TUM_S001::2024-05-16,TUM,TUM::TUM_S001,1.8739486721971805,2.231016925193011
normal_qq,RISE::RISE_S009::2025-05-29,RISE,RISE::RISE_S009,1.8971169848961726,2.2336330293058797
normal_qq,BAUA::BAUA_S022::2025-09-28,BAUA,BAUA::BAUA_S022,1.921350774293703,2.234578014166837
normal_qq,TUM::TUM_S009::2024-07-21,TUM,TUM::TUM_S009,1.9467684586330876,2.3744565003238542
normal_qq,UCR::UCR_S002::2025-06-17,UCR,UCR::UCR_S002,1.9735098803433273,2.415623308610324
normal_qq,THUAS::THUAS_S007::2025-04-09,THUAS,THUAS::THUAS_S007,2.001741876975414,2.525010450473319
normal_qq,FUSPCEU::FUSPCEU_S009::2024-11-08,FUSPCEU,FUSPCEU::FUSPCEU_S009,2.0316658041771363,2.633912364840823
normal_qq,IZTECH::IZTECH_S012::2025-04-25,IZTECH,IZTECH::IZTECH_S012,2.063527898316244,2.6339751553018487
normal_qq,FUSPCEU::FUSPCEU_S025::2025-02-04,FUSPCEU,FUSPCEU::FUSPCEU_S025,2.097633878090923,2.7370150208910347
normal_qq,BAUA::BAUA_S015::2025-07-23,BAUA,BAUA::BAUA_S015,2.1343700649993655,2.8454144324119337
normal_qq,BAUA::BAUA_S009::2025-06-29,BAUA,BAUA::BAUA_S009,2.1742348816142987,2.8841455186414704
normal_qq,KNUST::KNUST_S011::2024-12-17,KNUST,KNUST::KNUST_S011,2.21788755883568,2.9154071198346996
normal_qq,KNUST::KNUST_S002::2024-10-18,KNUST,KNUST::KNUST_S002,2.2662268092096522,2.941715765746274
normal_qq,THUAS::THUAS_S017::2025-09-13,THUAS,THUAS::THUAS_S017,2.3205248912297582,2.9873453526005527
normal_qq,RISE::RISE_S004::2025-03-26,RISE,RISE::RISE_S004,2.3826720148424165,3.051155280942973
normal_qq,IZTECH::IZTECH_S009::2025-03-20,IZTECH,IZTECH::IZTECH_S009,2.4556629036355617,3.056247855346213
normal_qq,THUAS::THUAS_S003::2025-03-23,THUAS,THUAS::THUAS_S003,2.5446893306204577,3.1737302882341285
normal_qq,TUM::TUM_S004::2024-06-12,TUM,TUM::TUM_S004,2.6600674686174597,3.2311863268542864
normal_qq,FUSPCEU::FUSPCEU_S004::2024-10-13,FUSPCEU,FUSPCEU::FUSPCEU_S004,2.8277595484479936,3.972508749857541
normal_qq,BAUA::BAUA_S012::2025-07-17,BAUA,BAUA::BAUA_S012,3.162817965621301,4.351251859603989
